condition,suite,arity,n,distribution,workers,policy_k,key_count,selector_only,baseline,mode,seed,metric,status,ratio,baseline_ms,baseline_status,mode_ms,mode_status
arity-l1-n512-uniform-w1-k2,arity,1,512,uniform,1,2,10000,False,graph,lazy,11,selector_ms,ok,0.9628469781792821,0.354812,ok,0.368503,ok
arity-l1-n512-uniform-w1-k2,arity,1,512,uniform,1,2,10000,False,graph,lazy,11,batch_ms,ok,0.9823169839561945,0.758666,ok,0.772323,ok
arity-l1-n512-uniform-w1-k2,arity,1,512,uniform,1,2,10000,False,graph,profile,11,selector_ms,ok,0.9468066370288142,0.354812,ok,0.374746,ok
arity-l1-n512-uniform-w1-k2,arity,1,512,uniform,1,2,10000,False,graph,profile,11,batch_ms,ok,0.9630368691965447,0.758666,ok,0.787785,ok
arity-l1-n512-uniform-w1-k2,arity,1,512,uniform,1,2,10000,False,graph,adaptive,11,selector_ms,ok,0.9356757840107173,0.354812,ok,0.379204,ok
arity-l1-n512-uniform-w1-k2,arity,1,512,uniform,1,2,10000,False,graph,adaptive,11,batch_ms,ok,0.9704490334728461,0.758666,ok,0.781768,ok
arity-l1-n512-uniform-w1-k2,arity,1,512,uniform,1,2,10000,False,native,graph,11,batch_ms,ok,0.5973550943366384,0.453193,ok,0.758666,ok
arity-l1-n512-uniform-w1-k2,arity,1,512,uniform,1,2,10000,False,native,lazy,11,batch_ms,ok,0.5867920546196346,0.453193,ok,0.772323,ok
arity-l1-n512-uniform-w1-k2,arity,1,512,uniform,1,2,10000,False,native,profile,11,batch_ms,ok,0.5752749798485628,0.453193,ok,0.787785,ok
arity-l1-n512-uniform-w1-k2,arity,1,512,uniform,1,2,10000,False,native,adaptive,11,batch_ms,ok,0.5797026739390715,0.453193,ok,0.781768,ok
arity-l1-n512-uniform-w1-k2,arity,1,512,uniform,1,2,10000,False,graph,lazy,29,selector_ms,ok,1.0284950848720942,0.365666,ok,0.355535,ok
arity-l1-n512-uniform-w1-k2,arity,1,512,uniform,1,2,10000,False,graph,lazy,29,batch_ms,ok,1.0182589844184935,0.777344,ok,0.763405,ok
arity-l1-n512-uniform-w1-k2,arity,1,512,uniform,1,2,10000,False,graph,profile,29,selector_ms,ok,0.9451908909969757,0.365666,ok,0.38687,ok
arity-l1-n512-uniform-w1-k2,arity,1,512,uniform,1,2,10000,False,graph,profile,29,batch_ms,ok,0.9773265038761444,0.777344,ok,0.795378,ok
arity-l1-n512-uniform-w1-k2,arity,1,512,uniform,1,2,10000,False,graph,adaptive,29,selector_ms,ok,0.9871446003001934,0.365666,ok,0.370428,ok
arity-l1-n512-uniform-w1-k2,arity,1,512,uniform,1,2,10000,False,graph,adaptive,29,batch_ms,ok,0.9927042348130468,0.777344,ok,0.783057,ok
arity-l1-n512-uniform-w1-k2,arity,1,512,uniform,1,2,10000,False,native,graph,29,batch_ms,ok,0.5717430121027498,0.444441,ok,0.777344,ok
arity-l1-n512-uniform-w1-k2,arity,1,512,uniform,1,2,10000,False,native,lazy,29,batch_ms,ok,0.5821824588521165,0.444441,ok,0.763405,ok
arity-l1-n512-uniform-w1-k2,arity,1,512,uniform,1,2,10000,False,native,profile,29,batch_ms,ok,0.5587795991339967,0.444441,ok,0.795378,ok
arity-l1-n512-uniform-w1-k2,arity,1,512,uniform,1,2,10000,False,native,adaptive,29,batch_ms,ok,0.5675717093391669,0.444441,ok,0.783057,ok
arity-l1-n512-uniform-w1-k2,arity,1,512,uniform,1,2,10000,False,graph,lazy,47,selector_ms,ok,1.0458712471688796,0.368496,ok,0.352334,ok
arity-l1-n512-uniform-w1-k2,arity,1,512,uniform,1,2,10000,False,graph,lazy,47,batch_ms,ok,1.0139997040563917,0.77435,ok,0.763659,ok
arity-l1-n512-uniform-w1-k2,arity,1,512,uniform,1,2,10000,False,graph,profile,47,selector_ms,ok,0.94147945457472,0.368496,ok,0.391401,ok
arity-l1-n512-uniform-w1-k2,arity,1,512,uniform,1,2,10000,False,graph,profile,47,batch_ms,ok,0.9617809000137868,0.77435,ok,0.805121,ok
arity-l1-n512-uniform-w1-k2,arity,1,512,uniform,1,2,10000,False,graph,adaptive,47,selector_ms,ok,0.9719208106725185,0.368496,ok,0.379142,ok
arity-l1-n512-uniform-w1-k2,arity,1,512,uniform,1,2,10000,False,graph,adaptive,47,batch_ms,ok,0.9919247195300351,0.77435,ok,0.780654,ok
arity-l1-n512-uniform-w1-k2,arity,1,512,uniform,1,2,10000,False,native,graph,47,batch_ms,ok,0.5795312197326791,0.44876,ok,0.77435,ok
arity-l1-n512-uniform-w1-k2,arity,1,512,uniform,1,2,10000,False,native,lazy,47,batch_ms,ok,0.5876444853003763,0.44876,ok,0.763659,ok
arity-l1-n512-uniform-w1-k2,arity,1,512,uniform,1,2,10000,False,native,profile,47,batch_ms,ok,0.5573820581005836,0.44876,ok,0.805121,ok
arity-l1-n512-uniform-w1-k2,arity,1,512,uniform,1,2,10000,False,native,adaptive,47,batch_ms,ok,0.5748513425922368,0.44876,ok,0.780654,ok
arity-l1-n512-uniform-w1-k2,arity,1,512,uniform,1,2,10000,False,graph,lazy,71,selector_ms,ok,1.0213186593185368,0.367305,ok,0.359638,ok
arity-l1-n512-uniform-w1-k2,arity,1,512,uniform,1,2,10000,False,graph,lazy,71,batch_ms,ok,1.0011677836865416,0.772448,ok,0.771547,ok
arity-l1-n512-uniform-w1-k2,arity,1,512,uniform,1,2,10000,False,graph,profile,71,selector_ms,ok,0.9529572926314807,0.367305,ok,0.385437,ok
arity-l1-n512-uniform-w1-k2,arity,1,512,uniform,1,2,10000,False,graph,profile,71,batch_ms,ok,0.9685479704889585,0.772448,ok,0.797532,ok
arity-l1-n512-uniform-w1-k2,arity,1,512,uniform,1,2,10000,False,graph,adaptive,71,selector_ms,ok,0.9541579209875516,0.367305,ok,0.384952,ok
arity-l1-n512-uniform-w1-k2,arity,1,512,uniform,1,2,10000,False,graph,adaptive,71,batch_ms,ok,0.9749992111125837,0.772448,ok,0.792255,ok
arity-l1-n512-uniform-w1-k2,arity,1,512,uniform,1,2,10000,False,native,graph,71,batch_ms,ok,0.5823395231782592,0.449827,ok,0.772448,ok
arity-l1-n512-uniform-w1-k2,arity,1,512,uniform,1,2,10000,False,native,lazy,71,batch_ms,ok,0.5830195697734551,0.449827,ok,0.771547,ok
arity-l1-n512-uniform-w1-k2,arity,1,512,uniform,1,2,10000,False,native,profile,71,batch_ms,ok,0.5640237633098107,0.449827,ok,0.797532,ok
arity-l1-n512-uniform-w1-k2,arity,1,512,uniform,1,2,10000,False,native,adaptive,71,batch_ms,ok,0.5677805756984808,0.449827,ok,0.792255,ok
arity-l1-n512-uniform-w1-k2,arity,1,512,uniform,1,2,10000,False,graph,lazy,101,selector_ms,ok,0.9963025495688592,0.363497,ok,0.364846,ok
arity-l1-n512-uniform-w1-k2,arity,1,512,uniform,1,2,10000,False,graph,lazy,101,batch_ms,ok,0.9979464839703733,0.768804,ok,0.770386,ok
arity-l1-n512-uniform-w1-k2,arity,1,512,uniform,1,2,10000,False,graph,profile,101,selector_ms,ok,0.9456537291843898,0.363497,ok,0.384387,ok
arity-l1-n512-uniform-w1-k2,arity,1,512,uniform,1,2,10000,False,graph,profile,101,batch_ms,ok,0.9715843389709702,0.768804,ok,0.791289,ok
arity-l1-n512-uniform-w1-k2,arity,1,512,uniform,1,2,10000,False,graph,adaptive,101,selector_ms,ok,0.9590747424856467,0.363497,ok,0.379008,ok
arity-l1-n512-uniform-w1-k2,arity,1,512,uniform,1,2,10000,False,graph,adaptive,101,batch_ms,ok,0.9765740314971433,0.768804,ok,0.787246,ok
arity-l1-n512-uniform-w1-k2,arity,1,512,uniform,1,2,10000,False,native,graph,101,batch_ms,ok,0.5797121242865542,0.445685,ok,0.768804,ok
arity-l1-n512-uniform-w1-k2,arity,1,512,uniform,1,2,10000,False,native,lazy,101,batch_ms,ok,0.5785216761467628,0.445685,ok,0.770386,ok
arity-l1-n512-uniform-w1-k2,arity,1,512,uniform,1,2,10000,False,native,profile,101,batch_ms,ok,0.5632392210684086,0.445685,ok,0.791289,ok
arity-l1-n512-uniform-w1-k2,arity,1,512,uniform,1,2,10000,False,native,adaptive,101,batch_ms,ok,0.5661318063222932,0.445685,ok,0.787246,ok
arity-l1-n512-zipf-w1-k2,arity,1,512,zipf,1,2,10000,False,graph,lazy,11,selector_ms,ok,1.4455391333035095,0.836905,ok,0.578957,ok
arity-l1-n512-zipf-w1-k2,arity,1,512,zipf,1,2,10000,False,graph,lazy,11,batch_ms,ok,1.2846333782696497,1.205455,ok,0.938365,ok
arity-l1-n512-zipf-w1-k2,arity,1,512,zipf,1,2,10000,False,graph,profile,11,selector_ms,ok,1.3045372497794347,0.836905,ok,0.641534,ok
arity-l1-n512-zipf-w1-k2,arity,1,512,zipf,1,2,10000,False,graph,profile,11,batch_ms,ok,1.211364033756665,1.205455,ok,0.995122,ok
arity-l1-n512-zipf-w1-k2,arity,1,512,zipf,1,2,10000,False,graph,adaptive,11,selector_ms,ok,1.3063046891828192,0.836905,ok,0.640666,ok
arity-l1-n512-zipf-w1-k2,arity,1,512,zipf,1,2,10000,False,graph,adaptive,11,batch_ms,ok,1.2183894221050673,1.205455,ok,0.989384,ok
arity-l1-n512-zipf-w1-k2,arity,1,512,zipf,1,2,10000,False,native,graph,11,batch_ms,ok,0.3067231875101103,0.369741,ok,1.205455,ok
arity-l1-n512-zipf-w1-k2,arity,1,512,zipf,1,2,10000,False,native,lazy,11,batch_ms,ok,0.39402684456474824,0.369741,ok,0.938365,ok
arity-l1-n512-zipf-w1-k2,arity,1,512,zipf,1,2,10000,False,native,profile,11,batch_ms,ok,0.37155343766894916,0.369741,ok,0.995122,ok
arity-l1-n512-zipf-w1-k2,arity,1,512,zipf,1,2,10000,False,native,adaptive,11,batch_ms,ok,0.3737082871766675,0.369741,ok,0.989384,ok
arity-l1-n512-zipf-w1-k2,arity,1,512,zipf,1,2,10000,False,graph,lazy,29,selector_ms,ok,1.4678807086383112,0.875378,ok,0.596355,ok
arity-l1-n512-zipf-w1-k2,arity,1,512,zipf,1,2,10000,False,graph,lazy,29,batch_ms,ok,1.2942233450724359,1.222293,ok,0.944422,ok
arity-l1-n512-zipf-w1-k2,arity,1,512,zipf,1,2,10000,False,graph,profile,29,selector_ms,ok,1.3545647689800895,0.875378,ok,0.646243,ok
arity-l1-n512-zipf-w1-k2,arity,1,512,zipf,1,2,10000,False,graph,profile,29,batch_ms,ok,1.2302675945478594,1.222293,ok,0.993518,ok
arity-l1-n512-zipf-w1-k2,arity,1,512,zipf,1,2,10000,False,graph,adaptive,29,selector_ms,ok,1.2770515910297782,0.875378,ok,0.685468,ok
arity-l1-n512-zipf-w1-k2,arity,1,512,zipf,1,2,10000,False,graph,adaptive,29,batch_ms,ok,1.181800953915977,1.222293,ok,1.034263,ok
arity-l1-n512-zipf-w1-k2,arity,1,512,zipf,1,2,10000,False,native,graph,29,batch_ms,ok,0.3032922548030627,0.370712,ok,1.222293,ok
arity-l1-n512-zipf-w1-k2,arity,1,512,zipf,1,2,10000,False,native,lazy,29,batch_ms,ok,0.39252791654578145,0.370712,ok,0.944422,ok
arity-l1-n512-zipf-w1-k2,arity,1,512,zipf,1,2,10000,False,native,profile,29,batch_ms,ok,0.37313063276156044,0.370712,ok,0.993518,ok
arity-l1-n512-zipf-w1-k2,arity,1,512,zipf,1,2,10000,False,native,adaptive,29,batch_ms,ok,0.35843107604158714,0.370712,ok,1.034263,ok
arity-l1-n512-zipf-w1-k2,arity,1,512,zipf,1,2,10000,False,graph,lazy,47,selector_ms,ok,1.4605453696330717,0.869413,ok,0.595266,ok
arity-l1-n512-zipf-w1-k2,arity,1,512,zipf,1,2,10000,False,graph,lazy,47,batch_ms,ok,1.2803011907021526,1.207397,ok,0.943057,ok
arity-l1-n512-zipf-w1-k2,arity,1,512,zipf,1,2,10000,False,graph,profile,47,selector_ms,ok,1.3661080173974256,0.869413,ok,0.636416,ok
arity-l1-n512-zipf-w1-k2,arity,1,512,zipf,1,2,10000,False,graph,profile,47,batch_ms,ok,1.2308282779268942,1.207397,ok,0.980963,ok
arity-l1-n512-zipf-w1-k2,arity,1,512,zipf,1,2,10000,False,graph,adaptive,47,selector_ms,ok,1.3958356746759313,0.869413,ok,0.622862,ok
arity-l1-n512-zipf-w1-k2,arity,1,512,zipf,1,2,10000,False,graph,adaptive,47,batch_ms,ok,1.2474501287333712,1.207397,ok,0.967892,ok
arity-l1-n512-zipf-w1-k2,arity,1,512,zipf,1,2,10000,False,native,graph,47,batch_ms,ok,0.306611661284565,0.370202,ok,1.207397,ok
arity-l1-n512-zipf-w1-k2,arity,1,512,zipf,1,2,10000,False,native,lazy,47,batch_ms,ok,0.39255527502579374,0.370202,ok,0.943057,ok
arity-l1-n512-zipf-w1-k2,arity,1,512,zipf,1,2,10000,False,native,profile,47,batch_ms,ok,0.37738630305118537,0.370202,ok,0.980963,ok
arity-l1-n512-zipf-w1-k2,arity,1,512,zipf,1,2,10000,False,native,adaptive,47,batch_ms,ok,0.38248275634058343,0.370202,ok,0.967892,ok
arity-l1-n512-zipf-w1-k2,arity,1,512,zipf,1,2,10000,False,graph,lazy,71,selector_ms,ok,1.4844179698723474,0.867957,ok,0.584712,ok
arity-l1-n512-zipf-w1-k2,arity,1,512,zipf,1,2,10000,False,graph,lazy,71,batch_ms,ok,1.299691432192703,1.222326,ok,0.940474,ok
arity-l1-n512-zipf-w1-k2,arity,1,512,zipf,1,2,10000,False,graph,profile,71,selector_ms,ok,1.3725808645157618,0.867957,ok,0.632354,ok
arity-l1-n512-zipf-w1-k2,arity,1,512,zipf,1,2,10000,False,graph,profile,71,batch_ms,ok,1.2444675669511958,1.222326,ok,0.982208,ok
arity-l1-n512-zipf-w1-k2,arity,1,512,zipf,1,2,10000,False,graph,adaptive,71,selector_ms,ok,1.3813602616438683,0.867957,ok,0.628335,ok
arity-l1-n512-zipf-w1-k2,arity,1,512,zipf,1,2,10000,False,graph,adaptive,71,batch_ms,ok,1.252844027670014,1.222326,ok,0.975641,ok
arity-l1-n512-zipf-w1-k2,arity,1,512,zipf,1,2,10000,False,native,graph,71,batch_ms,ok,0.3079513975813326,0.376417,ok,1.222326,ok
arity-l1-n512-zipf-w1-k2,arity,1,512,zipf,1,2,10000,False,native,lazy,71,batch_ms,ok,0.40024179296822665,0.376417,ok,0.940474,ok
arity-l1-n512-zipf-w1-k2,arity,1,512,zipf,1,2,10000,False,native,profile,71,batch_ms,ok,0.3832355264872614,0.376417,ok,0.982208,ok
arity-l1-n512-zipf-w1-k2,arity,1,512,zipf,1,2,10000,False,native,adaptive,71,batch_ms,ok,0.38581506927240655,0.376417,ok,0.975641,ok
arity-l1-n512-zipf-w1-k2,arity,1,512,zipf,1,2,10000,False,graph,lazy,101,selector_ms,ok,1.4254427100584703,0.817671,ok,0.573626,ok
arity-l1-n512-zipf-w1-k2,arity,1,512,zipf,1,2,10000,False,graph,lazy,101,batch_ms,ok,1.2883618075570018,1.183274,ok,0.918433,ok
arity-l1-n512-zipf-w1-k2,arity,1,512,zipf,1,2,10000,False,graph,profile,101,selector_ms,ok,1.3447032239815284,0.817671,ok,0.608068,ok
arity-l1-n512-zipf-w1-k2,arity,1,512,zipf,1,2,10000,False,graph,profile,101,batch_ms,ok,1.2181747053070469,1.183274,ok,0.97135,ok
arity-l1-n512-zipf-w1-k2,arity,1,512,zipf,1,2,10000,False,graph,adaptive,101,selector_ms,ok,1.3466033168096705,0.817671,ok,0.60721,ok
arity-l1-n512-zipf-w1-k2,arity,1,512,zipf,1,2,10000,False,graph,adaptive,101,batch_ms,ok,1.2213735257626397,1.183274,ok,0.968806,ok
arity-l1-n512-zipf-w1-k2,arity,1,512,zipf,1,2,10000,False,native,graph,101,batch_ms,ok,0.33784989782586283,0.399769,ok,1.183274,ok
arity-l1-n512-zipf-w1-k2,arity,1,512,zipf,1,2,10000,False,native,lazy,101,batch_ms,ok,0.435272905045877,0.399769,ok,0.918433,ok
arity-l1-n512-zipf-w1-k2,arity,1,512,zipf,1,2,10000,False,native,profile,101,batch_ms,ok,0.4115601997220363,0.399769,ok,0.97135,ok
arity-l1-n512-zipf-w1-k2,arity,1,512,zipf,1,2,10000,False,native,adaptive,101,batch_ms,ok,0.4126409208861217,0.399769,ok,0.968806,ok
arity-l1-n8192-uniform-w1-k2,arity,1,8192,uniform,1,2,10000,False,graph,lazy,11,selector_ms,ok,1.6383815217900102,14.07045,ok,8.588018,ok
arity-l1-n8192-uniform-w1-k2,arity,1,8192,uniform,1,2,10000,False,graph,lazy,11,batch_ms,ok,1.3889085269629782,20.537839,ok,14.787035,ok
arity-l1-n8192-uniform-w1-k2,arity,1,8192,uniform,1,2,10000,False,graph,profile,11,selector_ms,ok,1.1987941896380634,14.07045,ok,11.737169,ok
arity-l1-n8192-uniform-w1-k2,arity,1,8192,uniform,1,2,10000,False,graph,profile,11,batch_ms,ok,1.1484666803930519,20.537839,ok,17.882834,ok
arity-l1-n8192-uniform-w1-k2,arity,1,8192,uniform,1,2,10000,False,graph,adaptive,11,selector_ms,ok,1.2028145473159457,14.07045,ok,11.697938,ok
arity-l1-n8192-uniform-w1-k2,arity,1,8192,uniform,1,2,10000,False,graph,adaptive,11,batch_ms,ok,1.155853078654961,20.537839,ok,17.768555,ok
arity-l1-n8192-uniform-w1-k2,arity,1,8192,uniform,1,2,10000,False,native,graph,11,batch_ms,ok,0.3461375366707276,7.108917,ok,20.537839,ok
arity-l1-n8192-uniform-w1-k2,arity,1,8192,uniform,1,2,10000,False,native,lazy,11,batch_ms,ok,0.4807533761839341,7.108917,ok,14.787035,ok
arity-l1-n8192-uniform-w1-k2,arity,1,8192,uniform,1,2,10000,False,native,profile,11,batch_ms,ok,0.3975274276996588,7.108917,ok,17.882834,ok
arity-l1-n8192-uniform-w1-k2,arity,1,8192,uniform,1,2,10000,False,native,adaptive,11,batch_ms,ok,0.40008413739890497,7.108917,ok,17.768555,ok
arity-l1-n8192-uniform-w1-k2,arity,1,8192,uniform,1,2,10000,False,graph,lazy,29,selector_ms,ok,1.6000156682692488,13.663417,ok,8.539552,ok
arity-l1-n8192-uniform-w1-k2,arity,1,8192,uniform,1,2,10000,False,graph,lazy,29,batch_ms,ok,1.337313688025506,19.913783,ok,14.890884,ok
arity-l1-n8192-uniform-w1-k2,arity,1,8192,uniform,1,2,10000,False,graph,profile,29,selector_ms,ok,1.1866150812150402,13.663417,ok,11.514616,ok
arity-l1-n8192-uniform-w1-k2,arity,1,8192,uniform,1,2,10000,False,graph,profile,29,batch_ms,ok,1.1217634737575237,19.913783,ok,17.752212,ok
arity-l1-n8192-uniform-w1-k2,arity,1,8192,uniform,1,2,10000,False,graph,adaptive,29,selector_ms,ok,1.178476922636382,13.663417,ok,11.594132,ok
arity-l1-n8192-uniform-w1-k2,arity,1,8192,uniform,1,2,10000,False,graph,adaptive,29,batch_ms,ok,1.1009061041358839,19.913783,ok,18.088539,ok
arity-l1-n8192-uniform-w1-k2,arity,1,8192,uniform,1,2,10000,False,native,graph,29,batch_ms,ok,0.37215872041992226,7.411088,ok,19.913783,ok
arity-l1-n8192-uniform-w1-k2,arity,1,8192,uniform,1,2,10000,False,native,lazy,29,batch_ms,ok,0.49769295093561944,7.411088,ok,14.890884,ok
arity-l1-n8192-uniform-w1-k2,arity,1,8192,uniform,1,2,10000,False,native,profile,29,batch_ms,ok,0.4174740590074071,7.411088,ok,17.752212,ok
arity-l1-n8192-uniform-w1-k2,arity,1,8192,uniform,1,2,10000,False,native,adaptive,29,batch_ms,ok,0.4097118070176923,7.411088,ok,18.088539,ok
arity-l1-n8192-uniform-w1-k2,arity,1,8192,uniform,1,2,10000,False,graph,lazy,47,selector_ms,ok,1.5300355501296972,12.958988,ok,8.46973,ok
arity-l1-n8192-uniform-w1-k2,arity,1,8192,uniform,1,2,10000,False,graph,lazy,47,batch_ms,ok,1.300383145390318,19.226828,ok,14.78551,ok
arity-l1-n8192-uniform-w1-k2,arity,1,8192,uniform,1,2,10000,False,graph,profile,47,selector_ms,ok,1.128178287679897,12.958988,ok,11.486649,ok
arity-l1-n8192-uniform-w1-k2,arity,1,8192,uniform,1,2,10000,False,graph,profile,47,batch_ms,ok,1.0831637430129202,19.226828,ok,17.75062,ok
arity-l1-n8192-uniform-w1-k2,arity,1,8192,uniform,1,2,10000,False,graph,adaptive,47,selector_ms,ok,1.127350537616823,12.958988,ok,11.495083,ok
arity-l1-n8192-uniform-w1-k2,arity,1,8192,uniform,1,2,10000,False,graph,adaptive,47,batch_ms,ok,1.0903897337416515,19.226828,ok,17.632987,ok
arity-l1-n8192-uniform-w1-k2,arity,1,8192,uniform,1,2,10000,False,native,graph,47,batch_ms,ok,0.3689101499217655,7.092972,ok,19.226828,ok
arity-l1-n8192-uniform-w1-k2,arity,1,8192,uniform,1,2,10000,False,native,lazy,47,batch_ms,ok,0.4797245411216792,7.092972,ok,14.78551,ok
arity-l1-n8192-uniform-w1-k2,arity,1,8192,uniform,1,2,10000,False,native,profile,47,batch_ms,ok,0.3995900988247171,7.092972,ok,17.75062,ok
arity-l1-n8192-uniform-w1-k2,arity,1,8192,uniform,1,2,10000,False,native,adaptive,47,batch_ms,ok,0.40225584014778665,7.092972,ok,17.632987,ok
arity-l1-n8192-uniform-w1-k2,arity,1,8192,uniform,1,2,10000,False,graph,lazy,71,selector_ms,ok,1.5577127694587691,13.252123,ok,8.507424,ok
arity-l1-n8192-uniform-w1-k2,arity,1,8192,uniform,1,2,10000,False,graph,lazy,71,batch_ms,ok,1.334435756576459,19.49239,ok,14.607215,ok
arity-l1-n8192-uniform-w1-k2,arity,1,8192,uniform,1,2,10000,False,graph,profile,71,selector_ms,ok,1.1369149654351718,13.252123,ok,11.656213,ok
arity-l1-n8192-uniform-w1-k2,arity,1,8192,uniform,1,2,10000,False,graph,profile,71,batch_ms,ok,1.0900446555942744,19.49239,ok,17.882194,ok
arity-l1-n8192-uniform-w1-k2,arity,1,8192,uniform,1,2,10000,False,graph,adaptive,71,selector_ms,ok,1.1312717153367076,13.252123,ok,11.714359,ok
arity-l1-n8192-uniform-w1-k2,arity,1,8192,uniform,1,2,10000,False,graph,adaptive,71,batch_ms,ok,1.0832695992460613,19.49239,ok,17.994034,ok
arity-l1-n8192-uniform-w1-k2,arity,1,8192,uniform,1,2,10000,False,native,graph,71,batch_ms,ok,0.3581911197138986,6.982001,ok,19.49239,ok
arity-l1-n8192-uniform-w1-k2,arity,1,8192,uniform,1,2,10000,False,native,lazy,71,batch_ms,ok,0.4779830378343853,6.982001,ok,14.607215,ok
arity-l1-n8192-uniform-w1-k2,arity,1,8192,uniform,1,2,10000,False,native,profile,71,batch_ms,ok,0.3904443157254642,6.982001,ok,17.882194,ok
arity-l1-n8192-uniform-w1-k2,arity,1,8192,uniform,1,2,10000,False,native,adaptive,71,batch_ms,ok,0.38801755070597294,6.982001,ok,17.994034,ok
arity-l1-n8192-uniform-w1-k2,arity,1,8192,uniform,1,2,10000,False,graph,lazy,101,selector_ms,ok,1.5668058237362534,13.369247,ok,8.532804,ok
arity-l1-n8192-uniform-w1-k2,arity,1,8192,uniform,1,2,10000,False,graph,lazy,101,batch_ms,ok,1.3301638554314714,19.654275,ok,14.77583,ok
arity-l1-n8192-uniform-w1-k2,arity,1,8192,uniform,1,2,10000,False,graph,profile,101,selector_ms,ok,1.1381091035638868,13.369247,ok,11.746894,ok
arity-l1-n8192-uniform-w1-k2,arity,1,8192,uniform,1,2,10000,False,graph,profile,101,batch_ms,ok,1.0868263329016281,19.654275,ok,18.084099,ok
arity-l1-n8192-uniform-w1-k2,arity,1,8192,uniform,1,2,10000,False,graph,adaptive,101,selector_ms,ok,1.1408491279863322,13.369247,ok,11.718681,ok
arity-l1-n8192-uniform-w1-k2,arity,1,8192,uniform,1,2,10000,False,graph,adaptive,101,batch_ms,ok,1.091546503262431,19.654275,ok,18.005898,ok
arity-l1-n8192-uniform-w1-k2,arity,1,8192,uniform,1,2,10000,False,native,graph,101,batch_ms,ok,0.3532469653548656,6.942813,ok,19.654275,ok
arity-l1-n8192-uniform-w1-k2,arity,1,8192,uniform,1,2,10000,False,native,lazy,101,batch_ms,ok,0.46987634535589545,6.942813,ok,14.77583,ok
arity-l1-n8192-uniform-w1-k2,arity,1,8192,uniform,1,2,10000,False,native,profile,101,batch_ms,ok,0.38391810396525705,6.942813,ok,18.084099,ok
arity-l1-n8192-uniform-w1-k2,arity,1,8192,uniform,1,2,10000,False,native,adaptive,101,batch_ms,ok,0.38558548982116864,6.942813,ok,18.005898,ok
arity-l1-n8192-zipf-w1-k2,arity,1,8192,zipf,1,2,10000,False,graph,lazy,11,selector_ms,ok,2.811687645704169,127.724783,ok,45.426377,ok
arity-l1-n8192-zipf-w1-k2,arity,1,8192,zipf,1,2,10000,False,graph,lazy,11,batch_ms,ok,2.651850003715003,133.199148,ok,50.228764,ok
arity-l1-n8192-zipf-w1-k2,arity,1,8192,zipf,1,2,10000,False,graph,profile,11,selector_ms,ok,10.365967187569746,127.724783,ok,12.32155,ok
arity-l1-n8192-zipf-w1-k2,arity,1,8192,zipf,1,2,10000,False,graph,profile,11,batch_ms,ok,7.731685351595706,133.199148,ok,17.227699,ok
arity-l1-n8192-zipf-w1-k2,arity,1,8192,zipf,1,2,10000,False,graph,adaptive,11,selector_ms,ok,10.318678079156129,127.724783,ok,12.378018,ok
arity-l1-n8192-zipf-w1-k2,arity,1,8192,zipf,1,2,10000,False,graph,adaptive,11,batch_ms,ok,7.705183672333696,133.199148,ok,17.286953,ok
arity-l1-n8192-zipf-w1-k2,arity,1,8192,zipf,1,2,10000,False,native,graph,11,batch_ms,ok,0.04286187326063076,5.709165,ok,133.199148,ok
arity-l1-n8192-zipf-w1-k2,arity,1,8192,zipf,1,2,10000,False,native,lazy,11,batch_ms,ok,0.11366325876543568,5.709165,ok,50.228764,ok
arity-l1-n8192-zipf-w1-k2,arity,1,8192,zipf,1,2,10000,False,native,profile,11,batch_ms,ok,0.33139451763117056,5.709165,ok,17.227699,ok
arity-l1-n8192-zipf-w1-k2,arity,1,8192,zipf,1,2,10000,False,native,adaptive,11,batch_ms,ok,0.33025860601344836,5.709165,ok,17.286953,ok
arity-l1-n8192-zipf-w1-k2,arity,1,8192,zipf,1,2,10000,False,graph,lazy,29,selector_ms,ok,2.7191868030219504,131.696471,ok,48.4323,ok
arity-l1-n8192-zipf-w1-k2,arity,1,8192,zipf,1,2,10000,False,graph,lazy,29,batch_ms,ok,2.554952201725767,136.846684,ok,53.561348,ok
arity-l1-n8192-zipf-w1-k2,arity,1,8192,zipf,1,2,10000,False,graph,profile,29,selector_ms,ok,10.595153098433219,131.696471,ok,12.429879,ok
arity-l1-n8192-zipf-w1-k2,arity,1,8192,zipf,1,2,10000,False,graph,profile,29,batch_ms,ok,7.925917259643125,136.846684,ok,17.265722,ok
arity-l1-n8192-zipf-w1-k2,arity,1,8192,zipf,1,2,10000,False,graph,adaptive,29,selector_ms,ok,10.582869868355857,131.696471,ok,12.444306,ok
arity-l1-n8192-zipf-w1-k2,arity,1,8192,zipf,1,2,10000,False,graph,adaptive,29,batch_ms,ok,7.874870710306956,136.846684,ok,17.377642,ok
arity-l1-n8192-zipf-w1-k2,arity,1,8192,zipf,1,2,10000,False,native,graph,29,batch_ms,ok,0.040890409883808355,5.595717,ok,136.846684,ok
arity-l1-n8192-zipf-w1-k2,arity,1,8192,zipf,1,2,10000,False,native,lazy,29,batch_ms,ok,0.10447304276210523,5.595717,ok,53.561348,ok
arity-l1-n8192-zipf-w1-k2,arity,1,8192,zipf,1,2,10000,False,native,profile,29,batch_ms,ok,0.3240940054519585,5.595717,ok,17.265722,ok
arity-l1-n8192-zipf-w1-k2,arity,1,8192,zipf,1,2,10000,False,native,adaptive,29,batch_ms,ok,0.32200669112644853,5.595717,ok,17.377642,ok
arity-l1-n8192-zipf-w1-k2,arity,1,8192,zipf,1,2,10000,False,graph,lazy,47,selector_ms,ok,2.813079643587792,133.083155,ok,47.308705,ok
arity-l1-n8192-zipf-w1-k2,arity,1,8192,zipf,1,2,10000,False,graph,lazy,47,batch_ms,ok,2.64247500586393,138.310252,ok,52.341177,ok
arity-l1-n8192-zipf-w1-k2,arity,1,8192,zipf,1,2,10000,False,graph,profile,47,selector_ms,ok,10.821511578409499,133.083155,ok,12.298019,ok
arity-l1-n8192-zipf-w1-k2,arity,1,8192,zipf,1,2,10000,False,graph,profile,47,batch_ms,ok,8.073057918291882,138.310252,ok,17.132325,ok
arity-l1-n8192-zipf-w1-k2,arity,1,8192,zipf,1,2,10000,False,graph,adaptive,47,selector_ms,ok,10.858177515897495,133.083155,ok,12.256491,ok
arity-l1-n8192-zipf-w1-k2,arity,1,8192,zipf,1,2,10000,False,graph,adaptive,47,batch_ms,ok,8.102105676665474,138.310252,ok,17.070902,ok
arity-l1-n8192-zipf-w1-k2,arity,1,8192,zipf,1,2,10000,False,native,graph,47,batch_ms,ok,0.040577519879003626,5.612287,ok,138.310252,ok
arity-l1-n8192-zipf-w1-k2,arity,1,8192,zipf,1,2,10000,False,native,lazy,47,batch_ms,ok,0.10722508208021382,5.612287,ok,52.341177,ok
arity-l1-n8192-zipf-w1-k2,arity,1,8192,zipf,1,2,10000,False,native,profile,47,batch_ms,ok,0.32758466816383647,5.612287,ok,17.132325,ok
arity-l1-n8192-zipf-w1-k2,arity,1,8192,zipf,1,2,10000,False,native,adaptive,47,batch_ms,ok,0.32876335415668134,5.612287,ok,17.070902,ok
arity-l1-n8192-zipf-w1-k2,arity,1,8192,zipf,1,2,10000,False,graph,lazy,71,selector_ms,ok,2.7558638338328674,117.675642,ok,42.700093,ok
arity-l1-n8192-zipf-w1-k2,arity,1,8192,zipf,1,2,10000,False,graph,lazy,71,batch_ms,ok,2.5707398738631433,122.757009,ok,47.751626,ok
arity-l1-n8192-zipf-w1-k2,arity,1,8192,zipf,1,2,10000,False,graph,profile,71,selector_ms,ok,9.399866585328077,117.675642,ok,12.518863,ok
arity-l1-n8192-zipf-w1-k2,arity,1,8192,zipf,1,2,10000,False,graph,profile,71,batch_ms,ok,7.031004587561623,122.757009,ok,17.459384,ok
arity-l1-n8192-zipf-w1-k2,arity,1,8192,zipf,1,2,10000,False,graph,adaptive,71,selector_ms,ok,9.425902358517316,117.675642,ok,12.484284,ok
arity-l1-n8192-zipf-w1-k2,arity,1,8192,zipf,1,2,10000,False,graph,adaptive,71,batch_ms,ok,7.00348305687462,122.757009,ok,17.527994,ok
arity-l1-n8192-zipf-w1-k2,arity,1,8192,zipf,1,2,10000,False,native,graph,71,batch_ms,ok,0.04703380317778841,5.773729,ok,122.757009,ok
arity-l1-n8192-zipf-w1-k2,arity,1,8192,zipf,1,2,10000,False,native,lazy,71,batch_ms,ok,0.12091167324857169,5.773729,ok,47.751626,ok
arity-l1-n8192-zipf-w1-k2,arity,1,8192,zipf,1,2,10000,False,native,profile,71,batch_ms,ok,0.33069488591350077,5.773729,ok,17.459384,ok
arity-l1-n8192-zipf-w1-k2,arity,1,8192,zipf,1,2,10000,False,native,adaptive,71,batch_ms,ok,0.3294004436560168,5.773729,ok,17.527994,ok
arity-l1-n8192-zipf-w1-k2,arity,1,8192,zipf,1,2,10000,False,graph,lazy,101,selector_ms,ok,2.7446053600434834,133.023798,ok,48.467368,ok
arity-l1-n8192-zipf-w1-k2,arity,1,8192,zipf,1,2,10000,False,graph,lazy,101,batch_ms,ok,2.582451418499777,138.400211,ok,53.592571,ok
arity-l1-n8192-zipf-w1-k2,arity,1,8192,zipf,1,2,10000,False,graph,profile,101,selector_ms,ok,10.652989767271412,133.023798,ok,12.486992,ok
arity-l1-n8192-zipf-w1-k2,arity,1,8192,zipf,1,2,10000,False,graph,profile,101,batch_ms,ok,7.938310416945927,138.400211,ok,17.434467,ok
arity-l1-n8192-zipf-w1-k2,arity,1,8192,zipf,1,2,10000,False,graph,adaptive,101,selector_ms,ok,10.622473212000608,133.023798,ok,12.522865,ok
arity-l1-n8192-zipf-w1-k2,arity,1,8192,zipf,1,2,10000,False,graph,adaptive,101,batch_ms,ok,7.830265173449445,138.400211,ok,17.675035,ok
arity-l1-n8192-zipf-w1-k2,arity,1,8192,zipf,1,2,10000,False,native,graph,101,batch_ms,ok,0.04172793493790265,5.775155,ok,138.400211,ok
arity-l1-n8192-zipf-w1-k2,arity,1,8192,zipf,1,2,10000,False,native,lazy,101,batch_ms,ok,0.10776036477145312,5.775155,ok,53.592571,ok
arity-l1-n8192-zipf-w1-k2,arity,1,8192,zipf,1,2,10000,False,native,profile,101,batch_ms,ok,0.33124930059519453,5.775155,ok,17.434467,ok
arity-l1-n8192-zipf-w1-k2,arity,1,8192,zipf,1,2,10000,False,native,adaptive,101,batch_ms,ok,0.3267407957042235,5.775155,ok,17.675035,ok
arity-l3-n512-uniform-w1-k2,arity,3,512,uniform,1,2,10000,False,graph,lazy,11,selector_ms,ok,0.7240138568954126,0.81091,ok,1.12002,ok
arity-l3-n512-uniform-w1-k2,arity,3,512,uniform,1,2,10000,False,graph,lazy,11,batch_ms,ok,0.8291359803052971,1.475838,ok,1.779971,ok
arity-l3-n512-uniform-w1-k2,arity,3,512,uniform,1,2,10000,False,graph,profile,11,selector_ms,ok,0.673099589953019,0.81091,ok,1.20474,ok
arity-l3-n512-uniform-w1-k2,arity,3,512,uniform,1,2,10000,False,graph,profile,11,batch_ms,ok,0.7945582933857067,1.475838,ok,1.857432,ok
arity-l3-n512-uniform-w1-k2,arity,3,512,uniform,1,2,10000,False,graph,adaptive,11,selector_ms,ok,0.715785664161286,0.81091,ok,1.132895,ok
arity-l3-n512-uniform-w1-k2,arity,3,512,uniform,1,2,10000,False,graph,adaptive,11,batch_ms,ok,0.8222754122692947,1.475838,ok,1.794822,ok
arity-l3-n512-uniform-w1-k2,arity,3,512,uniform,1,2,10000,False,native,graph,11,batch_ms,ok,0.4698713544440515,0.693454,ok,1.475838,ok
arity-l3-n512-uniform-w1-k2,arity,3,512,uniform,1,2,10000,False,native,lazy,11,batch_ms,ok,0.3895872460843463,0.693454,ok,1.779971,ok
arity-l3-n512-uniform-w1-k2,arity,3,512,uniform,1,2,10000,False,native,profile,11,batch_ms,ok,0.37334018149789605,0.693454,ok,1.857432,ok
arity-l3-n512-uniform-w1-k2,arity,3,512,uniform,1,2,10000,False,native,adaptive,11,batch_ms,ok,0.3863636616890143,0.693454,ok,1.794822,ok
arity-l3-n512-uniform-w1-k2,arity,3,512,uniform,1,2,10000,False,graph,lazy,29,selector_ms,ok,0.6942437536161439,0.795536,ok,1.145903,ok
arity-l3-n512-uniform-w1-k2,arity,3,512,uniform,1,2,10000,False,graph,lazy,29,batch_ms,ok,0.8044108006590953,1.452856,ok,1.806112,ok
arity-l3-n512-uniform-w1-k2,arity,3,512,uniform,1,2,10000,False,graph,profile,29,selector_ms,ok,0.6366304845375015,0.795536,ok,1.249604,ok
arity-l3-n512-uniform-w1-k2,arity,3,512,uniform,1,2,10000,False,graph,profile,29,batch_ms,ok,0.758220567505802,1.452856,ok,1.916139,ok
arity-l3-n512-uniform-w1-k2,arity,3,512,uniform,1,2,10000,False,graph,adaptive,29,selector_ms,ok,0.7024042239468828,0.795536,ok,1.13259,ok
arity-l3-n512-uniform-w1-k2,arity,3,512,uniform,1,2,10000,False,graph,adaptive,29,batch_ms,ok,0.8118446065935244,1.452856,ok,1.789574,ok
arity-l3-n512-uniform-w1-k2,arity,3,512,uniform,1,2,10000,False,native,graph,29,batch_ms,ok,0.47822839978635184,0.694797,ok,1.452856,ok
arity-l3-n512-uniform-w1-k2,arity,3,512,uniform,1,2,10000,False,native,lazy,29,batch_ms,ok,0.3846920899700572,0.694797,ok,1.806112,ok
arity-l3-n512-uniform-w1-k2,arity,3,512,uniform,1,2,10000,False,native,profile,29,batch_ms,ok,0.3626026086833993,0.694797,ok,1.916139,ok
arity-l3-n512-uniform-w1-k2,arity,3,512,uniform,1,2,10000,False,native,adaptive,29,batch_ms,ok,0.38824714708640157,0.694797,ok,1.789574,ok
arity-l3-n512-uniform-w1-k2,arity,3,512,uniform,1,2,10000,False,graph,lazy,47,selector_ms,ok,0.7118612250268647,0.811504,ok,1.139975,ok
arity-l3-n512-uniform-w1-k2,arity,3,512,uniform,1,2,10000,False,graph,lazy,47,batch_ms,ok,0.8216102751196639,1.473268,ok,1.793147,ok
arity-l3-n512-uniform-w1-k2,arity,3,512,uniform,1,2,10000,False,graph,profile,47,selector_ms,ok,0.650464580915311,0.811504,ok,1.247576,ok
arity-l3-n512-uniform-w1-k2,arity,3,512,uniform,1,2,10000,False,graph,profile,47,batch_ms,ok,0.7730752197065263,1.473268,ok,1.905724,ok
arity-l3-n512-uniform-w1-k2,arity,3,512,uniform,1,2,10000,False,graph,adaptive,47,selector_ms,ok,0.7171500077768195,0.811504,ok,1.131568,ok
arity-l3-n512-uniform-w1-k2,arity,3,512,uniform,1,2,10000,False,graph,adaptive,47,batch_ms,ok,0.8236520113467755,1.473268,ok,1.788702,ok
arity-l3-n512-uniform-w1-k2,arity,3,512,uniform,1,2,10000,False,native,graph,47,batch_ms,ok,0.47401355354219327,0.698349,ok,1.473268,ok
arity-l3-n512-uniform-w1-k2,arity,3,512,uniform,1,2,10000,False,native,lazy,47,batch_ms,ok,0.38945440613625093,0.698349,ok,1.793147,ok
arity-l3-n512-uniform-w1-k2,arity,3,512,uniform,1,2,10000,False,native,profile,47,batch_ms,ok,0.3664481320485023,0.698349,ok,1.905724,ok
arity-l3-n512-uniform-w1-k2,arity,3,512,uniform,1,2,10000,False,native,adaptive,47,batch_ms,ok,0.3904222167806599,0.698349,ok,1.788702,ok
arity-l3-n512-uniform-w1-k2,arity,3,512,uniform,1,2,10000,False,graph,lazy,71,selector_ms,ok,0.707638943200599,0.823374,ok,1.163551,ok
arity-l3-n512-uniform-w1-k2,arity,3,512,uniform,1,2,10000,False,graph,lazy,71,batch_ms,ok,0.8104373421568261,1.477437,ok,1.823012,ok
arity-l3-n512-uniform-w1-k2,arity,3,512,uniform,1,2,10000,False,graph,profile,71,selector_ms,ok,0.6538118258394847,0.823374,ok,1.259344,ok
arity-l3-n512-uniform-w1-k2,arity,3,512,uniform,1,2,10000,False,graph,profile,71,batch_ms,ok,0.7751989762214955,1.477437,ok,1.905881,ok
arity-l3-n512-uniform-w1-k2,arity,3,512,uniform,1,2,10000,False,graph,adaptive,71,selector_ms,ok,0.7080685731976317,0.823374,ok,1.162845,ok
arity-l3-n512-uniform-w1-k2,arity,3,512,uniform,1,2,10000,False,graph,adaptive,71,batch_ms,ok,0.8114918740247263,1.477437,ok,1.820643,ok
arity-l3-n512-uniform-w1-k2,arity,3,512,uniform,1,2,10000,False,native,graph,71,batch_ms,ok,0.46788729400982926,0.691274,ok,1.477437,ok
arity-l3-n512-uniform-w1-k2,arity,3,512,uniform,1,2,10000,False,native,lazy,71,batch_ms,ok,0.3791933349862755,0.691274,ok,1.823012,ok
arity-l3-n512-uniform-w1-k2,arity,3,512,uniform,1,2,10000,False,native,profile,71,batch_ms,ok,0.3627057513034655,0.691274,ok,1.905881,ok
arity-l3-n512-uniform-w1-k2,arity,3,512,uniform,1,2,10000,False,native,adaptive,71,batch_ms,ok,0.37968673704839445,0.691274,ok,1.820643,ok
arity-l3-n512-uniform-w1-k2,arity,3,512,uniform,1,2,10000,False,graph,lazy,101,selector_ms,ok,0.7206552598087737,0.795024,ok,1.103196,ok
arity-l3-n512-uniform-w1-k2,arity,3,512,uniform,1,2,10000,False,graph,lazy,101,batch_ms,ok,0.8227788941844947,1.450639,ok,1.763097,ok
arity-l3-n512-uniform-w1-k2,arity,3,512,uniform,1,2,10000,False,graph,profile,101,selector_ms,ok,0.6699870051726492,0.795024,ok,1.186626,ok
arity-l3-n512-uniform-w1-k2,arity,3,512,uniform,1,2,10000,False,graph,profile,101,batch_ms,ok,0.7921733888010905,1.450639,ok,1.831214,ok
arity-l3-n512-uniform-w1-k2,arity,3,512,uniform,1,2,10000,False,graph,adaptive,101,selector_ms,ok,0.7141860007599787,0.795024,ok,1.113189,ok
arity-l3-n512-uniform-w1-k2,arity,3,512,uniform,1,2,10000,False,graph,adaptive,101,batch_ms,ok,0.8160137119919177,1.450639,ok,1.777714,ok
arity-l3-n512-uniform-w1-k2,arity,3,512,uniform,1,2,10000,False,native,graph,101,batch_ms,ok,0.47859529490107466,0.694269,ok,1.450639,ok
arity-l3-n512-uniform-w1-k2,arity,3,512,uniform,1,2,10000,False,native,lazy,101,batch_ms,ok,0.3937781075006083,0.694269,ok,1.763097,ok
arity-l3-n512-uniform-w1-k2,arity,3,512,uniform,1,2,10000,False,native,profile,101,batch_ms,ok,0.37913045662604156,0.694269,ok,1.831214,ok
arity-l3-n512-uniform-w1-k2,arity,3,512,uniform,1,2,10000,False,native,adaptive,101,batch_ms,ok,0.3905403231340924,0.694269,ok,1.777714,ok
arity-l3-n512-zipf-w1-k2,arity,3,512,zipf,1,2,10000,False,graph,lazy,11,selector_ms,ok,2.111483805700014,4.675258,ok,2.214205,ok
arity-l3-n512-zipf-w1-k2,arity,3,512,zipf,1,2,10000,False,graph,lazy,11,batch_ms,ok,1.895059392571335,5.198345,ok,2.743104,ok
arity-l3-n512-zipf-w1-k2,arity,3,512,zipf,1,2,10000,False,graph,profile,11,selector_ms,ok,1.269814601002813,4.675258,ok,3.681843,ok
arity-l3-n512-zipf-w1-k2,arity,3,512,zipf,1,2,10000,False,graph,profile,11,batch_ms,ok,1.2353114510619336,5.198345,ok,4.208125,ok
arity-l3-n512-zipf-w1-k2,arity,3,512,zipf,1,2,10000,False,graph,adaptive,11,selector_ms,ok,2.1267345576886427,4.675258,ok,2.198327,ok
arity-l3-n512-zipf-w1-k2,arity,3,512,zipf,1,2,10000,False,graph,adaptive,11,batch_ms,ok,1.9086995011200654,5.198345,ok,2.723501,ok
arity-l3-n512-zipf-w1-k2,arity,3,512,zipf,1,2,10000,False,native,graph,11,batch_ms,ok,0.10575519708676512,0.549752,ok,5.198345,ok
arity-l3-n512-zipf-w1-k2,arity,3,512,zipf,1,2,10000,False,native,lazy,11,batch_ms,ok,0.20041237955250693,0.549752,ok,2.743104,ok
arity-l3-n512-zipf-w1-k2,arity,3,512,zipf,1,2,10000,False,native,profile,11,batch_ms,ok,0.1306406059705926,0.549752,ok,4.208125,ok
arity-l3-n512-zipf-w1-k2,arity,3,512,zipf,1,2,10000,False,native,adaptive,11,batch_ms,ok,0.2018548919203628,0.549752,ok,2.723501,ok
arity-l3-n512-zipf-w1-k2,arity,3,512,zipf,1,2,10000,False,graph,lazy,29,selector_ms,ok,2.1744232103083774,4.809037,ok,2.211638,ok
arity-l3-n512-zipf-w1-k2,arity,3,512,zipf,1,2,10000,False,graph,lazy,29,batch_ms,ok,1.950153645427209,5.327067,ok,2.731614,ok
arity-l3-n512-zipf-w1-k2,arity,3,512,zipf,1,2,10000,False,graph,profile,29,selector_ms,ok,1.3352390445437203,4.809037,ok,3.60163,ok
arity-l3-n512-zipf-w1-k2,arity,3,512,zipf,1,2,10000,False,graph,profile,29,batch_ms,ok,1.2926959834230267,5.327067,ok,4.120897,ok
arity-l3-n512-zipf-w1-k2,arity,3,512,zipf,1,2,10000,False,graph,adaptive,29,selector_ms,ok,2.185980558604874,4.809037,ok,2.199945,ok
arity-l3-n512-zipf-w1-k2,arity,3,512,zipf,1,2,10000,False,graph,adaptive,29,batch_ms,ok,1.9547485260676951,5.327067,ok,2.725193,ok
arity-l3-n512-zipf-w1-k2,arity,3,512,zipf,1,2,10000,False,native,graph,29,batch_ms,ok,0.10074774730635075,0.53669,ok,5.327067,ok
arity-l3-n512-zipf-w1-k2,arity,3,512,zipf,1,2,10000,False,native,lazy,29,batch_ms,ok,0.1964735866780592,0.53669,ok,2.731614,ok
arity-l3-n512-zipf-w1-k2,arity,3,512,zipf,1,2,10000,False,native,profile,29,batch_ms,ok,0.13023620828183766,0.53669,ok,4.120897,ok
arity-l3-n512-zipf-w1-k2,arity,3,512,zipf,1,2,10000,False,native,adaptive,29,batch_ms,ok,0.19693651055172973,0.53669,ok,2.725193,ok
arity-l3-n512-zipf-w1-k2,arity,3,512,zipf,1,2,10000,False,graph,lazy,47,selector_ms,ok,2.0141959932473115,4.436029,ok,2.202382,ok
arity-l3-n512-zipf-w1-k2,arity,3,512,zipf,1,2,10000,False,graph,lazy,47,batch_ms,ok,1.8212656194288308,4.970039,ok,2.728893,ok
arity-l3-n512-zipf-w1-k2,arity,3,512,zipf,1,2,10000,False,graph,profile,47,selector_ms,ok,1.1637335665682205,4.436029,ok,3.811894,ok
arity-l3-n512-zipf-w1-k2,arity,3,512,zipf,1,2,10000,False,graph,profile,47,batch_ms,ok,1.1478454970513075,4.970039,ok,4.329885,ok
arity-l3-n512-zipf-w1-k2,arity,3,512,zipf,1,2,10000,False,graph,adaptive,47,selector_ms,ok,2.0365937136878314,4.436029,ok,2.178161,ok
arity-l3-n512-zipf-w1-k2,arity,3,512,zipf,1,2,10000,False,graph,adaptive,47,batch_ms,ok,1.8402351483636292,4.970039,ok,2.700763,ok
arity-l3-n512-zipf-w1-k2,arity,3,512,zipf,1,2,10000,False,native,graph,47,batch_ms,ok,0.10906091481374694,0.542037,ok,4.970039,ok
arity-l3-n512-zipf-w1-k2,arity,3,512,zipf,1,2,10000,False,native,lazy,47,batch_ms,ok,0.19862889457373376,0.542037,ok,2.728893,ok
arity-l3-n512-zipf-w1-k2,arity,3,512,zipf,1,2,10000,False,native,profile,47,batch_ms,ok,0.12518507997325565,0.542037,ok,4.329885,ok
arity-l3-n512-zipf-w1-k2,arity,3,512,zipf,1,2,10000,False,native,adaptive,47,batch_ms,ok,0.20069772875294872,0.542037,ok,2.700763,ok
arity-l3-n512-zipf-w1-k2,arity,3,512,zipf,1,2,10000,False,graph,lazy,71,selector_ms,ok,2.2928701961596283,5.093978,ok,2.22166,ok
arity-l3-n512-zipf-w1-k2,arity,3,512,zipf,1,2,10000,False,graph,lazy,71,batch_ms,ok,2.040326858232516,5.623757,ok,2.756302,ok
arity-l3-n512-zipf-w1-k2,arity,3,512,zipf,1,2,10000,False,graph,profile,71,selector_ms,ok,1.311426866397103,5.093978,ok,3.884302,ok
arity-l3-n512-zipf-w1-k2,arity,3,512,zipf,1,2,10000,False,graph,profile,71,batch_ms,ok,1.275007169958046,5.623757,ok,4.410765,ok
arity-l3-n512-zipf-w1-k2,arity,3,512,zipf,1,2,10000,False,graph,adaptive,71,selector_ms,ok,2.304088530935937,5.093978,ok,2.210843,ok
arity-l3-n512-zipf-w1-k2,arity,3,512,zipf,1,2,10000,False,graph,adaptive,71,batch_ms,ok,2.056717608955154,5.623757,ok,2.734336,ok
arity-l3-n512-zipf-w1-k2,arity,3,512,zipf,1,2,10000,False,native,graph,71,batch_ms,ok,0.09606193866484627,0.540229,ok,5.623757,ok
arity-l3-n512-zipf-w1-k2,arity,3,512,zipf,1,2,10000,False,native,lazy,71,batch_ms,ok,0.19599775351177048,0.540229,ok,2.756302,ok
arity-l3-n512-zipf-w1-k2,arity,3,512,zipf,1,2,10000,False,native,profile,71,batch_ms,ok,0.12247966055774906,0.540229,ok,4.410765,ok
arity-l3-n512-zipf-w1-k2,arity,3,512,zipf,1,2,10000,False,native,adaptive,71,batch_ms,ok,0.19757228080235933,0.540229,ok,2.734336,ok
arity-l3-n512-zipf-w1-k2,arity,3,512,zipf,1,2,10000,False,graph,lazy,101,selector_ms,ok,2.2325731078723865,5.00183,ok,2.240388,ok
arity-l3-n512-zipf-w1-k2,arity,3,512,zipf,1,2,10000,False,graph,lazy,101,batch_ms,ok,1.9872673549618347,5.523081,ok,2.779234,ok
arity-l3-n512-zipf-w1-k2,arity,3,512,zipf,1,2,10000,False,graph,profile,101,selector_ms,ok,1.3338828697963934,5.00183,ok,3.749827,ok
arity-l3-n512-zipf-w1-k2,arity,3,512,zipf,1,2,10000,False,graph,profile,101,batch_ms,ok,1.2918007058840042,5.523081,ok,4.27549,ok
arity-l3-n512-zipf-w1-k2,arity,3,512,zipf,1,2,10000,False,graph,adaptive,101,selector_ms,ok,2.265556527375348,5.00183,ok,2.207771,ok
arity-l3-n512-zipf-w1-k2,arity,3,512,zipf,1,2,10000,False,graph,adaptive,101,batch_ms,ok,2.017122463431746,5.523081,ok,2.738099,ok
arity-l3-n512-zipf-w1-k2,arity,3,512,zipf,1,2,10000,False,native,graph,101,batch_ms,ok,0.09758013688374295,0.538943,ok,5.523081,ok
arity-l3-n512-zipf-w1-k2,arity,3,512,zipf,1,2,10000,False,native,lazy,101,batch_ms,ok,0.19391782052176965,0.538943,ok,2.779234,ok
arity-l3-n512-zipf-w1-k2,arity,3,512,zipf,1,2,10000,False,native,profile,101,batch_ms,ok,0.1260540897066769,0.538943,ok,4.27549,ok
arity-l3-n512-zipf-w1-k2,arity,3,512,zipf,1,2,10000,False,native,adaptive,101,batch_ms,ok,0.19683108609294256,0.538943,ok,2.738099,ok
arity-l3-n8192-uniform-w1-k2,arity,3,8192,uniform,1,2,10000,False,graph,lazy,11,selector_ms,ok,1.0093505351444487,48.386143,ok,47.937898,ok
arity-l3-n8192-uniform-w1-k2,arity,3,8192,uniform,1,2,10000,False,graph,lazy,11,batch_ms,ok,1.002515440052153,57.566203,ok,57.421762,ok
arity-l3-n8192-uniform-w1-k2,arity,3,8192,uniform,1,2,10000,False,graph,profile,11,selector_ms,ok,0.7885995145725216,48.386143,ok,61.357054,ok
arity-l3-n8192-uniform-w1-k2,arity,3,8192,uniform,1,2,10000,False,graph,profile,11,batch_ms,ok,0.8117278338597551,57.566203,ok,70.918109,ok
arity-l3-n8192-uniform-w1-k2,arity,3,8192,uniform,1,2,10000,False,graph,adaptive,11,selector_ms,ok,1.038841312981957,48.386143,ok,46.57703,ok
arity-l3-n8192-uniform-w1-k2,arity,3,8192,uniform,1,2,10000,False,graph,adaptive,11,batch_ms,ok,1.0333580168470906,57.566203,ok,55.707898,ok
arity-l3-n8192-uniform-w1-k2,arity,3,8192,uniform,1,2,10000,False,native,graph,11,batch_ms,ok,0.17218863644697913,9.912246,ok,57.566203,ok
arity-l3-n8192-uniform-w1-k2,arity,3,8192,uniform,1,2,10000,False,native,lazy,11,batch_ms,ok,0.17262176663962348,9.912246,ok,57.421762,ok
arity-l3-n8192-uniform-w1-k2,arity,3,8192,uniform,1,2,10000,False,native,profile,11,batch_ms,ok,0.13977030887837125,9.912246,ok,70.918109,ok
arity-l3-n8192-uniform-w1-k2,arity,3,8192,uniform,1,2,10000,False,native,adaptive,11,batch_ms,ok,0.17793250788245502,9.912246,ok,55.707898,ok
arity-l3-n8192-uniform-w1-k2,arity,3,8192,uniform,1,2,10000,False,graph,lazy,29,selector_ms,ok,1.0226446017579258,48.59605,ok,47.519979,ok
arity-l3-n8192-uniform-w1-k2,arity,3,8192,uniform,1,2,10000,False,graph,lazy,29,batch_ms,ok,1.010340851860377,57.838519,ok,57.246541,ok
arity-l3-n8192-uniform-w1-k2,arity,3,8192,uniform,1,2,10000,False,graph,profile,29,selector_ms,ok,0.7979097334756661,48.59605,ok,60.904195,ok
arity-l3-n8192-uniform-w1-k2,arity,3,8192,uniform,1,2,10000,False,graph,profile,29,batch_ms,ok,0.823822347562399,57.838519,ok,70.207514,ok
arity-l3-n8192-uniform-w1-k2,arity,3,8192,uniform,1,2,10000,False,graph,adaptive,29,selector_ms,ok,1.038803556733513,48.59605,ok,46.780789,ok
arity-l3-n8192-uniform-w1-k2,arity,3,8192,uniform,1,2,10000,False,graph,adaptive,29,batch_ms,ok,1.034595901786287,57.838519,ok,55.904454,ok
arity-l3-n8192-uniform-w1-k2,arity,3,8192,uniform,1,2,10000,False,native,graph,29,batch_ms,ok,0.16911743538938126,9.781502,ok,57.838519,ok
arity-l3-n8192-uniform-w1-k2,arity,3,8192,uniform,1,2,10000,False,native,lazy,29,batch_ms,ok,0.17086625373574973,9.781502,ok,57.246541,ok
arity-l3-n8192-uniform-w1-k2,arity,3,8192,uniform,1,2,10000,False,native,profile,29,batch_ms,ok,0.1393227226362124,9.781502,ok,70.207514,ok
arity-l3-n8192-uniform-w1-k2,arity,3,8192,uniform,1,2,10000,False,native,adaptive,29,batch_ms,ok,0.17496820557446102,9.781502,ok,55.904454,ok
arity-l3-n8192-uniform-w1-k2,arity,3,8192,uniform,1,2,10000,False,graph,lazy,47,selector_ms,ok,1.031808974423445,48.751513,ok,47.248584,ok
arity-l3-n8192-uniform-w1-k2,arity,3,8192,uniform,1,2,10000,False,graph,lazy,47,batch_ms,ok,1.0295387081508776,57.880939,ok,56.220265,ok
arity-l3-n8192-uniform-w1-k2,arity,3,8192,uniform,1,2,10000,False,graph,profile,47,selector_ms,ok,0.7978982522920819,48.751513,ok,61.099912,ok
arity-l3-n8192-uniform-w1-k2,arity,3,8192,uniform,1,2,10000,False,graph,profile,47,batch_ms,ok,0.8244002535602104,57.880939,ok,70.209754,ok
arity-l3-n8192-uniform-w1-k2,arity,3,8192,uniform,1,2,10000,False,graph,adaptive,47,selector_ms,ok,1.0546248884917517,48.751513,ok,46.226401,ok
arity-l3-n8192-uniform-w1-k2,arity,3,8192,uniform,1,2,10000,False,graph,adaptive,47,batch_ms,ok,1.0473224084492576,57.880939,ok,55.265636,ok
arity-l3-n8192-uniform-w1-k2,arity,3,8192,uniform,1,2,10000,False,native,graph,47,batch_ms,ok,0.1649673478863223,9.548465,ok,57.880939,ok
arity-l3-n8192-uniform-w1-k2,arity,3,8192,uniform,1,2,10000,False,native,lazy,47,batch_ms,ok,0.16984027022996068,9.548465,ok,56.220265,ok
arity-l3-n8192-uniform-w1-k2,arity,3,8192,uniform,1,2,10000,False,native,profile,47,batch_ms,ok,0.13599912342663956,9.548465,ok,70.209754,ok
arity-l3-n8192-uniform-w1-k2,arity,3,8192,uniform,1,2,10000,False,native,adaptive,47,batch_ms,ok,0.17277400010378963,9.548465,ok,55.265636,ok
arity-l3-n8192-uniform-w1-k2,arity,3,8192,uniform,1,2,10000,False,graph,lazy,71,selector_ms,ok,1.0230140783357484,48.344074,ok,47.256509,ok
arity-l3-n8192-uniform-w1-k2,arity,3,8192,uniform,1,2,10000,False,graph,lazy,71,batch_ms,ok,1.0161008180623292,57.545429,ok,56.633582,ok
arity-l3-n8192-uniform-w1-k2,arity,3,8192,uniform,1,2,10000,False,graph,profile,71,selector_ms,ok,0.792936479380214,48.344074,ok,60.968407,ok
arity-l3-n8192-uniform-w1-k2,arity,3,8192,uniform,1,2,10000,False,graph,profile,71,batch_ms,ok,0.8213435693288661,57.545429,ok,70.062555,ok
arity-l3-n8192-uniform-w1-k2,arity,3,8192,uniform,1,2,10000,False,graph,adaptive,71,selector_ms,ok,1.0248728657374295,48.344074,ok,47.170801,ok
arity-l3-n8192-uniform-w1-k2,arity,3,8192,uniform,1,2,10000,False,graph,adaptive,71,batch_ms,ok,1.0183760784118783,57.545429,ok,56.507051,ok
arity-l3-n8192-uniform-w1-k2,arity,3,8192,uniform,1,2,10000,False,native,graph,71,batch_ms,ok,0.16639113073603118,9.575049,ok,57.545429,ok
arity-l3-n8192-uniform-w1-k2,arity,3,8192,uniform,1,2,10000,False,native,lazy,71,batch_ms,ok,0.16907016405919725,9.575049,ok,56.633582,ok
arity-l3-n8192-uniform-w1-k2,arity,3,8192,uniform,1,2,10000,False,native,profile,71,batch_ms,ok,0.13666428522339785,9.575049,ok,70.062555,ok
arity-l3-n8192-uniform-w1-k2,arity,3,8192,uniform,1,2,10000,False,native,adaptive,71,batch_ms,ok,0.16944874720147757,9.575049,ok,56.507051,ok
arity-l3-n8192-uniform-w1-k2,arity,3,8192,uniform,1,2,10000,False,graph,lazy,101,selector_ms,ok,1.0318112267757802,48.452551,ok,46.958736,ok
arity-l3-n8192-uniform-w1-k2,arity,3,8192,uniform,1,2,10000,False,graph,lazy,101,batch_ms,ok,1.0258399143497703,57.451672,ok,56.00452,ok
arity-l3-n8192-uniform-w1-k2,arity,3,8192,uniform,1,2,10000,False,graph,profile,101,selector_ms,ok,0.7991733996710746,48.452551,ok,60.628333,ok
arity-l3-n8192-uniform-w1-k2,arity,3,8192,uniform,1,2,10000,False,graph,profile,101,batch_ms,ok,0.8240307038243737,57.451672,ok,69.720305,ok
arity-l3-n8192-uniform-w1-k2,arity,3,8192,uniform,1,2,10000,False,graph,adaptive,101,selector_ms,ok,1.0377067575397205,48.452551,ok,46.691949,ok
arity-l3-n8192-uniform-w1-k2,arity,3,8192,uniform,1,2,10000,False,graph,adaptive,101,batch_ms,ok,1.0296529446509277,57.451672,ok,55.797123,ok
arity-l3-n8192-uniform-w1-k2,arity,3,8192,uniform,1,2,10000,False,native,graph,101,batch_ms,ok,0.1690236969952763,9.710694,ok,57.451672,ok
arity-l3-n8192-uniform-w1-k2,arity,3,8192,uniform,1,2,10000,False,native,lazy,101,batch_ms,ok,0.1733912548487158,9.710694,ok,56.00452,ok
arity-l3-n8192-uniform-w1-k2,arity,3,8192,uniform,1,2,10000,False,native,profile,101,batch_ms,ok,0.13928071599801523,9.710694,ok,69.720305,ok
arity-l3-n8192-uniform-w1-k2,arity,3,8192,uniform,1,2,10000,False,native,adaptive,101,batch_ms,ok,0.1740357473269724,9.710694,ok,55.797123,ok
arity-l3-n8192-zipf-w1-k2,arity,3,8192,zipf,1,2,10000,False,graph,lazy,11,selector_ms,ok,23.378581213433733,1522.743735,ok,65.134138,ok
arity-l3-n8192-zipf-w1-k2,arity,3,8192,zipf,1,2,10000,False,graph,lazy,11,batch_ms,ok,21.11665356851426,1531.253946,ok,72.514044,ok
arity-l3-n8192-zipf-w1-k2,arity,3,8192,zipf,1,2,10000,False,graph,profile,11,selector_ms,ok,5.42653822562977,1522.743735,ok,280.610524,ok
arity-l3-n8192-zipf-w1-k2,arity,3,8192,zipf,1,2,10000,False,graph,profile,11,batch_ms,ok,5.313186754943284,1531.253946,ok,288.198781,ok
arity-l3-n8192-zipf-w1-k2,arity,3,8192,zipf,1,2,10000,False,graph,adaptive,11,selector_ms,ok,23.181891463482824,1522.743735,ok,65.686777,ok
arity-l3-n8192-zipf-w1-k2,arity,3,8192,zipf,1,2,10000,False,graph,adaptive,11,batch_ms,ok,20.94776237297173,1531.253946,ok,73.098688,ok
arity-l3-n8192-zipf-w1-k2,arity,3,8192,zipf,1,2,10000,False,native,graph,11,batch_ms,ok,0.0053378370200131385,8.173584,ok,1531.253946,ok
arity-l3-n8192-zipf-w1-k2,arity,3,8192,zipf,1,2,10000,False,native,lazy,11,batch_ms,ok,0.11271725515680797,8.173584,ok,72.514044,ok
arity-l3-n8192-zipf-w1-k2,arity,3,8192,zipf,1,2,10000,False,native,profile,11,batch_ms,ok,0.028360924954779737,8.173584,ok,288.198781,ok
arity-l3-n8192-zipf-w1-k2,arity,3,8192,zipf,1,2,10000,False,native,adaptive,11,batch_ms,ok,0.11181574148088677,8.173584,ok,73.098688,ok
arity-l3-n8192-zipf-w1-k2,arity,3,8192,zipf,1,2,10000,False,graph,lazy,29,selector_ms,ok,23.779496476546804,1569.352886,ok,65.996052,ok
arity-l3-n8192-zipf-w1-k2,arity,3,8192,zipf,1,2,10000,False,graph,lazy,29,batch_ms,ok,21.44257443766465,1577.791908,ok,73.582205,ok
arity-l3-n8192-zipf-w1-k2,arity,3,8192,zipf,1,2,10000,False,graph,profile,29,selector_ms,ok,5.694245854954219,1569.352886,ok,275.603289,ok
arity-l3-n8192-zipf-w1-k2,arity,3,8192,zipf,1,2,10000,False,graph,profile,29,batch_ms,ok,5.563695883607364,1577.791908,ok,283.587015,ok
arity-l3-n8192-zipf-w1-k2,arity,3,8192,zipf,1,2,10000,False,graph,adaptive,29,selector_ms,ok,24.011310808301378,1569.352886,ok,65.358901,ok
arity-l3-n8192-zipf-w1-k2,arity,3,8192,zipf,1,2,10000,False,graph,adaptive,29,batch_ms,ok,21.674823015741374,1577.791908,ok,72.793762,ok
arity-l3-n8192-zipf-w1-k2,arity,3,8192,zipf,1,2,10000,False,native,graph,29,batch_ms,ok,0.0052589305078372854,8.297498,ok,1577.791908,ok
arity-l3-n8192-zipf-w1-k2,arity,3,8192,zipf,1,2,10000,False,native,lazy,29,batch_ms,ok,0.11276500887680654,8.297498,ok,73.582205,ok
arity-l3-n8192-zipf-w1-k2,arity,3,8192,zipf,1,2,10000,False,native,profile,29,batch_ms,ok,0.02925909001863149,8.297498,ok,283.587015,ok
arity-l3-n8192-zipf-w1-k2,arity,3,8192,zipf,1,2,10000,False,native,adaptive,29,batch_ms,ok,0.11398638800945607,8.297498,ok,72.793762,ok
arity-l3-n8192-zipf-w1-k2,arity,3,8192,zipf,1,2,10000,False,graph,lazy,47,selector_ms,ok,22.502662615510644,1447.321146,ok,64.317773,ok
arity-l3-n8192-zipf-w1-k2,arity,3,8192,zipf,1,2,10000,False,graph,lazy,47,batch_ms,ok,20.200237538693084,1456.204137,ok,72.088466,ok
arity-l3-n8192-zipf-w1-k2,arity,3,8192,zipf,1,2,10000,False,graph,profile,47,selector_ms,ok,5.221655801285957,1447.321146,ok,277.176666,ok
arity-l3-n8192-zipf-w1-k2,arity,3,8192,zipf,1,2,10000,False,graph,profile,47,batch_ms,ok,5.107112335502139,1456.204137,ok,285.132584,ok
arity-l3-n8192-zipf-w1-k2,arity,3,8192,zipf,1,2,10000,False,graph,adaptive,47,selector_ms,ok,22.631589024103956,1447.321146,ok,63.951371,ok
arity-l3-n8192-zipf-w1-k2,arity,3,8192,zipf,1,2,10000,False,graph,adaptive,47,batch_ms,ok,20.360123691105166,1456.204137,ok,71.522362,ok
arity-l3-n8192-zipf-w1-k2,arity,3,8192,zipf,1,2,10000,False,native,graph,47,batch_ms,ok,0.0057026880977745775,8.304278,ok,1456.204137,ok
arity-l3-n8192-zipf-w1-k2,arity,3,8192,zipf,1,2,10000,False,native,lazy,47,batch_ms,ok,0.11519565418412428,8.304278,ok,72.088466,ok
arity-l3-n8192-zipf-w1-k2,arity,3,8192,zipf,1,2,10000,False,native,profile,47,batch_ms,ok,0.029124268729665774,8.304278,ok,285.132584,ok
arity-l3-n8192-zipf-w1-k2,arity,3,8192,zipf,1,2,10000,False,native,adaptive,47,batch_ms,ok,0.11610743504248364,8.304278,ok,71.522362,ok
arity-l3-n8192-zipf-w1-k2,arity,3,8192,zipf,1,2,10000,False,graph,lazy,71,selector_ms,ok,23.367598865551756,1546.529804,ok,66.182658,ok
arity-l3-n8192-zipf-w1-k2,arity,3,8192,zipf,1,2,10000,False,graph,lazy,71,batch_ms,ok,21.131448346980115,1555.414404,ok,73.606616,ok
arity-l3-n8192-zipf-w1-k2,arity,3,8192,zipf,1,2,10000,False,graph,profile,71,selector_ms,ok,5.6767768401306595,1546.529804,ok,272.430967,ok
arity-l3-n8192-zipf-w1-k2,arity,3,8192,zipf,1,2,10000,False,graph,profile,71,batch_ms,ok,5.551020846620412,1555.414404,ok,280.203308,ok
arity-l3-n8192-zipf-w1-k2,arity,3,8192,zipf,1,2,10000,False,graph,adaptive,71,selector_ms,ok,23.49112285069102,1546.529804,ok,65.834648,ok
arity-l3-n8192-zipf-w1-k2,arity,3,8192,zipf,1,2,10000,False,graph,adaptive,71,batch_ms,ok,21.23801841537886,1555.414404,ok,73.237266,ok
arity-l3-n8192-zipf-w1-k2,arity,3,8192,zipf,1,2,10000,False,native,graph,71,batch_ms,ok,0.005384507806062466,8.375141,ok,1555.414404,ok
arity-l3-n8192-zipf-w1-k2,arity,3,8192,zipf,1,2,10000,False,native,lazy,71,batch_ms,ok,0.11378244857772023,8.375141,ok,73.606616,ok
arity-l3-n8192-zipf-w1-k2,arity,3,8192,zipf,1,2,10000,False,native,profile,71,batch_ms,ok,0.029889515080243092,8.375141,ok,280.203308,ok
arity-l3-n8192-zipf-w1-k2,arity,3,8192,zipf,1,2,10000,False,native,adaptive,71,batch_ms,ok,0.11435627594290589,8.375141,ok,73.237266,ok
arity-l3-n8192-zipf-w1-k2,arity,3,8192,zipf,1,2,10000,False,graph,lazy,101,selector_ms,ok,22.521644122781936,1452.905225,ok,64.511508,ok
arity-l3-n8192-zipf-w1-k2,arity,3,8192,zipf,1,2,10000,False,graph,lazy,101,batch_ms,ok,20.36628893193497,1461.617295,ok,71.766501,ok
arity-l3-n8192-zipf-w1-k2,arity,3,8192,zipf,1,2,10000,False,graph,profile,101,selector_ms,ok,4.715878755891065,1452.905225,ok,308.087909,ok
arity-l3-n8192-zipf-w1-k2,arity,3,8192,zipf,1,2,10000,False,graph,profile,101,batch_ms,ok,4.630756683460259,1461.617295,ok,315.632497,ok
arity-l3-n8192-zipf-w1-k2,arity,3,8192,zipf,1,2,10000,False,graph,adaptive,101,selector_ms,ok,22.450560232099235,1452.905225,ok,64.715767,ok
arity-l3-n8192-zipf-w1-k2,arity,3,8192,zipf,1,2,10000,False,graph,adaptive,101,batch_ms,ok,20.259878309931967,1461.617295,ok,72.143439,ok
arity-l3-n8192-zipf-w1-k2,arity,3,8192,zipf,1,2,10000,False,native,graph,101,batch_ms,ok,0.00561572788450071,8.208045,ok,1461.617295,ok
arity-l3-n8192-zipf-w1-k2,arity,3,8192,zipf,1,2,10000,False,native,lazy,101,batch_ms,ok,0.11437153665886539,8.208045,ok,71.766501,ok
arity-l3-n8192-zipf-w1-k2,arity,3,8192,zipf,1,2,10000,False,native,profile,101,batch_ms,ok,0.026005069433645802,8.208045,ok,315.632497,ok
arity-l3-n8192-zipf-w1-k2,arity,3,8192,zipf,1,2,10000,False,native,adaptive,101,batch_ms,ok,0.11377396356167607,8.208045,ok,72.143439,ok
arity-l4-n512-uniform-w1-k2,arity,4,512,uniform,1,2,10000,False,graph,lazy,11,selector_ms,ok,0.4198393123563488,0.99954,ok,2.380768,ok
arity-l4-n512-uniform-w1-k2,arity,4,512,uniform,1,2,10000,False,graph,lazy,11,batch_ms,ok,0.5614393943019589,1.759683,ok,3.134235,ok
arity-l4-n512-uniform-w1-k2,arity,4,512,uniform,1,2,10000,False,graph,profile,11,selector_ms,ok,0.39411224987491034,0.99954,ok,2.536181,ok
arity-l4-n512-uniform-w1-k2,arity,4,512,uniform,1,2,10000,False,graph,profile,11,batch_ms,ok,0.5357342815102756,1.759683,ok,3.284619,ok
arity-l4-n512-uniform-w1-k2,arity,4,512,uniform,1,2,10000,False,graph,adaptive,11,selector_ms,ok,0.42432213060193175,0.99954,ok,2.355616,ok
arity-l4-n512-uniform-w1-k2,arity,4,512,uniform,1,2,10000,False,graph,adaptive,11,batch_ms,ok,0.5664382800994665,1.759683,ok,3.106575,ok
arity-l4-n512-uniform-w1-k2,arity,4,512,uniform,1,2,10000,False,native,graph,11,batch_ms,ok,0.4461354687179452,0.785057,ok,1.759683,ok
arity-l4-n512-uniform-w1-k2,arity,4,512,uniform,1,2,10000,False,native,lazy,11,batch_ms,ok,0.2504780273336237,0.785057,ok,3.134235,ok
arity-l4-n512-uniform-w1-k2,arity,4,512,uniform,1,2,10000,False,native,profile,11,batch_ms,ok,0.23901006478985842,0.785057,ok,3.284619,ok
arity-l4-n512-uniform-w1-k2,arity,4,512,uniform,1,2,10000,False,native,adaptive,11,batch_ms,ok,0.2527082075919622,0.785057,ok,3.106575,ok
arity-l4-n512-uniform-w1-k2,arity,4,512,uniform,1,2,10000,False,graph,lazy,29,selector_ms,ok,0.4878055094013036,0.998773,ok,2.047482,ok
arity-l4-n512-uniform-w1-k2,arity,4,512,uniform,1,2,10000,False,graph,lazy,29,batch_ms,ok,0.6266813191193155,1.760972,ok,2.809996,ok
arity-l4-n512-uniform-w1-k2,arity,4,512,uniform,1,2,10000,False,graph,profile,29,selector_ms,ok,0.4509416166522414,0.998773,ok,2.214861,ok
arity-l4-n512-uniform-w1-k2,arity,4,512,uniform,1,2,10000,False,graph,profile,29,batch_ms,ok,0.5912089424711987,1.760972,ok,2.978595,ok
arity-l4-n512-uniform-w1-k2,arity,4,512,uniform,1,2,10000,False,graph,adaptive,29,selector_ms,ok,0.4906745729571459,0.998773,ok,2.03551,ok
arity-l4-n512-uniform-w1-k2,arity,4,512,uniform,1,2,10000,False,graph,adaptive,29,batch_ms,ok,0.6294371827073234,1.760972,ok,2.797693,ok
arity-l4-n512-uniform-w1-k2,arity,4,512,uniform,1,2,10000,False,native,graph,29,batch_ms,ok,0.44905995098161694,0.790782,ok,1.760972,ok
arity-l4-n512-uniform-w1-k2,arity,4,512,uniform,1,2,10000,False,native,lazy,29,batch_ms,ok,0.28141748244481485,0.790782,ok,2.809996,ok
arity-l4-n512-uniform-w1-k2,arity,4,512,uniform,1,2,10000,False,native,profile,29,batch_ms,ok,0.26548825872601006,0.790782,ok,2.978595,ok
arity-l4-n512-uniform-w1-k2,arity,4,512,uniform,1,2,10000,False,native,adaptive,29,batch_ms,ok,0.28265503041255774,0.790782,ok,2.797693,ok
arity-l4-n512-uniform-w1-k2,arity,4,512,uniform,1,2,10000,False,graph,lazy,47,selector_ms,ok,0.4379617962347849,1.063913,ok,2.429237,ok
arity-l4-n512-uniform-w1-k2,arity,4,512,uniform,1,2,10000,False,graph,lazy,47,batch_ms,ok,0.5694035636629626,1.818429,ok,3.193568,ok
arity-l4-n512-uniform-w1-k2,arity,4,512,uniform,1,2,10000,False,graph,profile,47,selector_ms,ok,0.40014133967293297,1.063913,ok,2.658843,ok
arity-l4-n512-uniform-w1-k2,arity,4,512,uniform,1,2,10000,False,graph,profile,47,batch_ms,ok,0.5317477653878782,1.818429,ok,3.419721,ok
arity-l4-n512-uniform-w1-k2,arity,4,512,uniform,1,2,10000,False,graph,adaptive,47,selector_ms,ok,0.44258894102768903,1.063913,ok,2.40384,ok
arity-l4-n512-uniform-w1-k2,arity,4,512,uniform,1,2,10000,False,graph,adaptive,47,batch_ms,ok,0.5756558807831378,1.818429,ok,3.158882,ok
arity-l4-n512-uniform-w1-k2,arity,4,512,uniform,1,2,10000,False,native,graph,47,batch_ms,ok,0.4351123964696999,0.791221,ok,1.818429,ok
arity-l4-n512-uniform-w1-k2,arity,4,512,uniform,1,2,10000,False,native,lazy,47,batch_ms,ok,0.24775454914377898,0.791221,ok,3.193568,ok
arity-l4-n512-uniform-w1-k2,arity,4,512,uniform,1,2,10000,False,native,profile,47,batch_ms,ok,0.23137004451532742,0.791221,ok,3.419721,ok
arity-l4-n512-uniform-w1-k2,arity,4,512,uniform,1,2,10000,False,native,adaptive,47,batch_ms,ok,0.25047500982942694,0.791221,ok,3.158882,ok
arity-l4-n512-uniform-w1-k2,arity,4,512,uniform,1,2,10000,False,graph,lazy,71,selector_ms,ok,0.4293422740109883,1.013696,ok,2.361044,ok
arity-l4-n512-uniform-w1-k2,arity,4,512,uniform,1,2,10000,False,graph,lazy,71,batch_ms,ok,0.5672865103123599,1.762174,ok,3.106321,ok
arity-l4-n512-uniform-w1-k2,arity,4,512,uniform,1,2,10000,False,graph,profile,71,selector_ms,ok,0.3964277948719553,1.013696,ok,2.557076,ok
arity-l4-n512-uniform-w1-k2,arity,4,512,uniform,1,2,10000,False,graph,profile,71,batch_ms,ok,0.5317268038981804,1.762174,ok,3.314059,ok
arity-l4-n512-uniform-w1-k2,arity,4,512,uniform,1,2,10000,False,graph,adaptive,71,selector_ms,ok,0.4277288550391359,1.013696,ok,2.36995,ok
arity-l4-n512-uniform-w1-k2,arity,4,512,uniform,1,2,10000,False,graph,adaptive,71,batch_ms,ok,0.5657682370803591,1.762174,ok,3.114657,ok
arity-l4-n512-uniform-w1-k2,arity,4,512,uniform,1,2,10000,False,native,graph,71,batch_ms,ok,0.4406613648822421,0.776522,ok,1.762174,ok
arity-l4-n512-uniform-w1-k2,arity,4,512,uniform,1,2,10000,False,native,lazy,71,batch_ms,ok,0.2499812479135286,0.776522,ok,3.106321,ok
arity-l4-n512-uniform-w1-k2,arity,4,512,uniform,1,2,10000,False,native,profile,71,batch_ms,ok,0.23431145915024448,0.776522,ok,3.314059,ok
arity-l4-n512-uniform-w1-k2,arity,4,512,uniform,1,2,10000,False,native,adaptive,71,batch_ms,ok,0.24931220355885098,0.776522,ok,3.114657,ok
arity-l4-n512-uniform-w1-k2,arity,4,512,uniform,1,2,10000,False,graph,lazy,101,selector_ms,ok,0.4147499404743418,1.00159,ok,2.414925,ok
arity-l4-n512-uniform-w1-k2,arity,4,512,uniform,1,2,10000,False,graph,lazy,101,batch_ms,ok,0.55458309660504,1.756048,ok,3.166429,ok
arity-l4-n512-uniform-w1-k2,arity,4,512,uniform,1,2,10000,False,graph,profile,101,selector_ms,ok,0.3948447333273412,1.00159,ok,2.536668,ok
arity-l4-n512-uniform-w1-k2,arity,4,512,uniform,1,2,10000,False,graph,profile,101,batch_ms,ok,0.5345727614007615,1.756048,ok,3.284956,ok
arity-l4-n512-uniform-w1-k2,arity,4,512,uniform,1,2,10000,False,graph,adaptive,101,selector_ms,ok,0.4267949450542895,1.00159,ok,2.346771,ok
arity-l4-n512-uniform-w1-k2,arity,4,512,uniform,1,2,10000,False,graph,adaptive,101,batch_ms,ok,0.5679020570363762,1.756048,ok,3.092167,ok
arity-l4-n512-uniform-w1-k2,arity,4,512,uniform,1,2,10000,False,native,graph,101,batch_ms,ok,0.45649663334943,0.80163,ok,1.756048,ok
arity-l4-n512-uniform-w1-k2,arity,4,512,uniform,1,2,10000,False,native,lazy,101,batch_ms,ok,0.25316531651270247,0.80163,ok,3.166429,ok
arity-l4-n512-uniform-w1-k2,arity,4,512,uniform,1,2,10000,False,native,profile,101,batch_ms,ok,0.24403066585975577,0.80163,ok,3.284956,ok
arity-l4-n512-uniform-w1-k2,arity,4,512,uniform,1,2,10000,False,native,adaptive,101,batch_ms,ok,0.2592453771093217,0.80163,ok,3.092167,ok
arity-l4-n512-zipf-w1-k2,arity,4,512,zipf,1,2,10000,False,graph,lazy,11,selector_ms,ok,1.872831486686608,7.390665,ok,3.946252,ok
arity-l4-n512-zipf-w1-k2,arity,4,512,zipf,1,2,10000,False,graph,lazy,11,batch_ms,ok,1.7627408844587755,7.955165,ok,4.512952,ok
arity-l4-n512-zipf-w1-k2,arity,4,512,zipf,1,2,10000,False,graph,profile,11,selector_ms,ok,0.8990476183524969,7.390665,ok,8.220549,ok
arity-l4-n512-zipf-w1-k2,arity,4,512,zipf,1,2,10000,False,graph,profile,11,batch_ms,ok,0.9052794621101462,7.955165,ok,8.787524,ok
arity-l4-n512-zipf-w1-k2,arity,4,512,zipf,1,2,10000,False,graph,adaptive,11,selector_ms,ok,1.8712027054295697,7.390665,ok,3.949687,ok
arity-l4-n512-zipf-w1-k2,arity,4,512,zipf,1,2,10000,False,graph,adaptive,11,batch_ms,ok,1.7644701852865978,7.955165,ok,4.508529,ok
arity-l4-n512-zipf-w1-k2,arity,4,512,zipf,1,2,10000,False,native,graph,11,batch_ms,ok,0.07369262611146343,0.586237,ok,7.955165,ok
arity-l4-n512-zipf-w1-k2,arity,4,512,zipf,1,2,10000,False,native,lazy,11,batch_ms,ok,0.1299010049298109,0.586237,ok,4.512952,ok
arity-l4-n512-zipf-w1-k2,arity,4,512,zipf,1,2,10000,False,native,profile,11,batch_ms,ok,0.06671242092766973,0.586237,ok,8.787524,ok
arity-l4-n512-zipf-w1-k2,arity,4,512,zipf,1,2,10000,False,native,adaptive,11,batch_ms,ok,0.13002844164914987,0.586237,ok,4.508529,ok
arity-l4-n512-zipf-w1-k2,arity,4,512,zipf,1,2,10000,False,graph,lazy,29,selector_ms,ok,1.7403597206397423,6.893403,ok,3.960907,ok
arity-l4-n512-zipf-w1-k2,arity,4,512,zipf,1,2,10000,False,graph,lazy,29,batch_ms,ok,1.6552914680698874,7.479216,ok,4.518368,ok
arity-l4-n512-zipf-w1-k2,arity,4,512,zipf,1,2,10000,False,graph,profile,29,selector_ms,ok,0.852035656590252,6.893403,ok,8.09051,ok
arity-l4-n512-zipf-w1-k2,arity,4,512,zipf,1,2,10000,False,graph,profile,29,batch_ms,ok,0.863864080993668,7.479216,ok,8.657862,ok
arity-l4-n512-zipf-w1-k2,arity,4,512,zipf,1,2,10000,False,graph,adaptive,29,selector_ms,ok,1.7403364335918565,6.893403,ok,3.96096,ok
arity-l4-n512-zipf-w1-k2,arity,4,512,zipf,1,2,10000,False,graph,adaptive,29,batch_ms,ok,1.6546685459890103,7.479216,ok,4.520069,ok
arity-l4-n512-zipf-w1-k2,arity,4,512,zipf,1,2,10000,False,native,graph,29,batch_ms,ok,0.07807355744238434,0.583929,ok,7.479216,ok
arity-l4-n512-zipf-w1-k2,arity,4,512,zipf,1,2,10000,False,native,lazy,29,batch_ms,ok,0.12923449351624305,0.583929,ok,4.518368,ok
arity-l4-n512-zipf-w1-k2,arity,4,512,zipf,1,2,10000,False,native,profile,29,batch_ms,ok,0.06744494194987169,0.583929,ok,8.657862,ok
arity-l4-n512-zipf-w1-k2,arity,4,512,zipf,1,2,10000,False,native,adaptive,29,batch_ms,ok,0.12918585977337957,0.583929,ok,4.520069,ok
arity-l4-n512-zipf-w1-k2,arity,4,512,zipf,1,2,10000,False,graph,lazy,47,selector_ms,ok,1.831683690805935,7.115505,ok,3.88468,ok
arity-l4-n512-zipf-w1-k2,arity,4,512,zipf,1,2,10000,False,graph,lazy,47,batch_ms,ok,1.7234325082894983,7.684708,ok,4.458955,ok
arity-l4-n512-zipf-w1-k2,arity,4,512,zipf,1,2,10000,False,graph,profile,47,selector_ms,ok,0.8659175318027171,7.115505,ok,8.217301,ok
arity-l4-n512-zipf-w1-k2,arity,4,512,zipf,1,2,10000,False,graph,profile,47,batch_ms,ok,0.8747036451771265,7.684708,ok,8.785499,ok
arity-l4-n512-zipf-w1-k2,arity,4,512,zipf,1,2,10000,False,graph,adaptive,47,selector_ms,ok,1.8226093046118346,7.115505,ok,3.904021,ok
arity-l4-n512-zipf-w1-k2,arity,4,512,zipf,1,2,10000,False,graph,adaptive,47,batch_ms,ok,1.7225744960521618,7.684708,ok,4.461176,ok
arity-l4-n512-zipf-w1-k2,arity,4,512,zipf,1,2,10000,False,native,graph,47,batch_ms,ok,0.07731796705873535,0.594166,ok,7.684708,ok
arity-l4-n512-zipf-w1-k2,arity,4,512,zipf,1,2,10000,False,native,lazy,47,batch_ms,ok,0.13325229790388107,0.594166,ok,4.458955,ok
arity-l4-n512-zipf-w1-k2,arity,4,512,zipf,1,2,10000,False,native,profile,47,batch_ms,ok,0.0676303076239608,0.594166,ok,8.785499,ok
arity-l4-n512-zipf-w1-k2,arity,4,512,zipf,1,2,10000,False,native,adaptive,47,batch_ms,ok,0.1331859581419787,0.594166,ok,4.461176,ok
arity-l4-n512-zipf-w1-k2,arity,4,512,zipf,1,2,10000,False,graph,lazy,71,selector_ms,ok,2.082158066715131,8.277432,ok,3.97541,ok
arity-l4-n512-zipf-w1-k2,arity,4,512,zipf,1,2,10000,False,graph,lazy,71,batch_ms,ok,1.9517864800523772,8.847979,ok,4.533272,ok
arity-l4-n512-zipf-w1-k2,arity,4,512,zipf,1,2,10000,False,graph,profile,71,selector_ms,ok,1.1870711934498084,8.277432,ok,6.972987,ok
arity-l4-n512-zipf-w1-k2,arity,4,512,zipf,1,2,10000,False,graph,profile,71,batch_ms,ok,1.1723876350971927,8.847979,ok,7.546974,ok
arity-l4-n512-zipf-w1-k2,arity,4,512,zipf,1,2,10000,False,graph,adaptive,71,selector_ms,ok,2.0889207427559087,8.277432,ok,3.96254,ok
arity-l4-n512-zipf-w1-k2,arity,4,512,zipf,1,2,10000,False,graph,adaptive,71,batch_ms,ok,1.9553518824063438,8.847979,ok,4.525006,ok
arity-l4-n512-zipf-w1-k2,arity,4,512,zipf,1,2,10000,False,native,graph,71,batch_ms,ok,0.06635899565313162,0.587143,ok,8.847979,ok
arity-l4-n512-zipf-w1-k2,arity,4,512,zipf,1,2,10000,False,native,lazy,71,batch_ms,ok,0.12951859054563677,0.587143,ok,4.533272,ok
arity-l4-n512-zipf-w1-k2,arity,4,512,zipf,1,2,10000,False,native,profile,71,batch_ms,ok,0.07779846598119988,0.587143,ok,7.546974,ok
arity-l4-n512-zipf-w1-k2,arity,4,512,zipf,1,2,10000,False,native,adaptive,71,batch_ms,ok,0.12975518706494532,0.587143,ok,4.525006,ok
arity-l4-n512-zipf-w1-k2,arity,4,512,zipf,1,2,10000,False,graph,lazy,101,selector_ms,ok,1.998678709031125,8.012619,ok,4.008958,ok
arity-l4-n512-zipf-w1-k2,arity,4,512,zipf,1,2,10000,False,graph,lazy,101,batch_ms,ok,1.879936090149844,8.586954,ok,4.567684,ok
arity-l4-n512-zipf-w1-k2,arity,4,512,zipf,1,2,10000,False,graph,profile,101,selector_ms,ok,1.1910755613059971,8.012619,ok,6.727213,ok
arity-l4-n512-zipf-w1-k2,arity,4,512,zipf,1,2,10000,False,graph,profile,101,batch_ms,ok,1.1776282081523521,8.586954,ok,7.291736,ok
arity-l4-n512-zipf-w1-k2,arity,4,512,zipf,1,2,10000,False,graph,adaptive,101,selector_ms,ok,1.980883185128801,8.012619,ok,4.044973,ok
arity-l4-n512-zipf-w1-k2,arity,4,512,zipf,1,2,10000,False,graph,adaptive,101,batch_ms,ok,1.865658810086996,8.586954,ok,4.602639,ok
arity-l4-n512-zipf-w1-k2,arity,4,512,zipf,1,2,10000,False,native,graph,101,batch_ms,ok,0.06897218734373096,0.592261,ok,8.586954,ok
arity-l4-n512-zipf-w1-k2,arity,4,512,zipf,1,2,10000,False,native,lazy,101,batch_ms,ok,0.12966330420405617,0.592261,ok,4.567684,ok
arity-l4-n512-zipf-w1-k2,arity,4,512,zipf,1,2,10000,False,native,profile,101,batch_ms,ok,0.08122359339394625,0.592261,ok,7.291736,ok
arity-l4-n512-zipf-w1-k2,arity,4,512,zipf,1,2,10000,False,native,adaptive,101,batch_ms,ok,0.12867856896880248,0.592261,ok,4.602639,ok
arity-l4-n8192-uniform-w1-k2,arity,4,8192,uniform,1,2,10000,False,graph,lazy,11,selector_ms,ok,0.687813536024801,64.689273,ok,94.050596,ok
arity-l4-n8192-uniform-w1-k2,arity,4,8192,uniform,1,2,10000,False,graph,lazy,11,batch_ms,ok,0.7185796471418122,74.966615,ok,104.326104,ok
arity-l4-n8192-uniform-w1-k2,arity,4,8192,uniform,1,2,10000,False,graph,profile,11,selector_ms,ok,0.5504357928023733,64.689273,ok,117.52374,ok
arity-l4-n8192-uniform-w1-k2,arity,4,8192,uniform,1,2,10000,False,graph,profile,11,batch_ms,ok,0.5871835210489067,74.966615,ok,127.671524,ok
arity-l4-n8192-uniform-w1-k2,arity,4,8192,uniform,1,2,10000,False,graph,adaptive,11,selector_ms,ok,0.688693740360415,64.689273,ok,93.930392,ok
arity-l4-n8192-uniform-w1-k2,arity,4,8192,uniform,1,2,10000,False,graph,adaptive,11,batch_ms,ok,0.7199625471959544,74.966615,ok,104.125715,ok
arity-l4-n8192-uniform-w1-k2,arity,4,8192,uniform,1,2,10000,False,native,graph,11,batch_ms,ok,0.14178652724282667,10.629256,ok,74.966615,ok
arity-l4-n8192-uniform-w1-k2,arity,4,8192,uniform,1,2,10000,False,native,lazy,11,batch_ms,ok,0.10188491271561334,10.629256,ok,104.326104,ok
arity-l4-n8192-uniform-w1-k2,arity,4,8192,uniform,1,2,10000,False,native,profile,11,batch_ms,ok,0.08325471230373971,10.629256,ok,127.671524,ok
arity-l4-n8192-uniform-w1-k2,arity,4,8192,uniform,1,2,10000,False,native,adaptive,11,batch_ms,ok,0.10208098931181409,10.629256,ok,104.125715,ok
arity-l4-n8192-uniform-w1-k2,arity,4,8192,uniform,1,2,10000,False,graph,lazy,29,selector_ms,ok,0.666309614966933,63.981965,ok,96.024376,ok
arity-l4-n8192-uniform-w1-k2,arity,4,8192,uniform,1,2,10000,False,graph,lazy,29,batch_ms,ok,0.6948069750340184,73.937302,ok,106.414162,ok
arity-l4-n8192-uniform-w1-k2,arity,4,8192,uniform,1,2,10000,False,graph,profile,29,selector_ms,ok,0.505036180097538,63.981965,ok,126.687884,ok
arity-l4-n8192-uniform-w1-k2,arity,4,8192,uniform,1,2,10000,False,graph,profile,29,batch_ms,ok,0.5367721934888261,73.937302,ok,137.744285,ok
arity-l4-n8192-uniform-w1-k2,arity,4,8192,uniform,1,2,10000,False,graph,adaptive,29,selector_ms,ok,0.6259000583151115,63.981965,ok,102.223932,ok
arity-l4-n8192-uniform-w1-k2,arity,4,8192,uniform,1,2,10000,False,graph,adaptive,29,batch_ms,ok,0.6487611075547671,73.937302,ok,113.966915,ok
arity-l4-n8192-uniform-w1-k2,arity,4,8192,uniform,1,2,10000,False,native,graph,29,batch_ms,ok,0.14554050132908555,10.760872,ok,73.937302,ok
arity-l4-n8192-uniform-w1-k2,arity,4,8192,uniform,1,2,10000,False,native,lazy,29,batch_ms,ok,0.10112255547339649,10.760872,ok,106.414162,ok
arity-l4-n8192-uniform-w1-k2,arity,4,8192,uniform,1,2,10000,False,native,profile,29,batch_ms,ok,0.07812209413987667,10.760872,ok,137.744285,ok
arity-l4-n8192-uniform-w1-k2,arity,4,8192,uniform,1,2,10000,False,native,adaptive,29,batch_ms,ok,0.09442101683633361,10.760872,ok,113.966915,ok
arity-l4-n8192-uniform-w1-k2,arity,4,8192,uniform,1,2,10000,False,graph,lazy,47,selector_ms,ok,0.622021411930882,65.018006,ok,104.526958,ok
arity-l4-n8192-uniform-w1-k2,arity,4,8192,uniform,1,2,10000,False,graph,lazy,47,batch_ms,ok,0.6463234833661122,75.229876,ok,116.396631,ok
arity-l4-n8192-uniform-w1-k2,arity,4,8192,uniform,1,2,10000,False,graph,profile,47,selector_ms,ok,0.5039518805600824,65.018006,ok,129.016298,ok
arity-l4-n8192-uniform-w1-k2,arity,4,8192,uniform,1,2,10000,False,graph,profile,47,batch_ms,ok,0.5344220966020786,75.229876,ok,140.768648,ok
arity-l4-n8192-uniform-w1-k2,arity,4,8192,uniform,1,2,10000,False,graph,adaptive,47,selector_ms,ok,0.6736240496009717,65.018006,ok,96.519722,ok
arity-l4-n8192-uniform-w1-k2,arity,4,8192,uniform,1,2,10000,False,graph,adaptive,47,batch_ms,ok,0.7054505508074709,75.229876,ok,106.640892,ok
arity-l4-n8192-uniform-w1-k2,arity,4,8192,uniform,1,2,10000,False,native,graph,47,batch_ms,ok,0.13980783379198974,10.517726,ok,75.229876,ok
arity-l4-n8192-uniform-w1-k2,arity,4,8192,uniform,1,2,10000,False,native,lazy,47,batch_ms,ok,0.09036108613830927,10.517726,ok,116.396631,ok
arity-l4-n8192-uniform-w1-k2,arity,4,8192,uniform,1,2,10000,False,native,profile,47,batch_ms,ok,0.0747163956565101,10.517726,ok,140.768648,ok
arity-l4-n8192-uniform-w1-k2,arity,4,8192,uniform,1,2,10000,False,native,adaptive,47,batch_ms,ok,0.0986275133557585,10.517726,ok,106.640892,ok
arity-l4-n8192-uniform-w1-k2,arity,4,8192,uniform,1,2,10000,False,graph,lazy,71,selector_ms,ok,0.6696728878997376,64.484575,ok,96.292647,ok
arity-l4-n8192-uniform-w1-k2,arity,4,8192,uniform,1,2,10000,False,graph,lazy,71,batch_ms,ok,0.6981615837585677,74.615474,ok,106.874219,ok
arity-l4-n8192-uniform-w1-k2,arity,4,8192,uniform,1,2,10000,False,graph,profile,71,selector_ms,ok,0.5497399521499304,64.484575,ok,117.300143,ok
arity-l4-n8192-uniform-w1-k2,arity,4,8192,uniform,1,2,10000,False,graph,profile,71,batch_ms,ok,0.5839179538467889,74.615474,ok,127.784175,ok
arity-l4-n8192-uniform-w1-k2,arity,4,8192,uniform,1,2,10000,False,graph,adaptive,71,selector_ms,ok,0.6770125170922248,64.484575,ok,95.248719,ok
arity-l4-n8192-uniform-w1-k2,arity,4,8192,uniform,1,2,10000,False,graph,adaptive,71,batch_ms,ok,0.7062754744794093,74.615474,ok,105.646418,ok
arity-l4-n8192-uniform-w1-k2,arity,4,8192,uniform,1,2,10000,False,native,graph,71,batch_ms,ok,0.14298571634082227,10.668947,ok,74.615474,ok
arity-l4-n8192-uniform-w1-k2,arity,4,8192,uniform,1,2,10000,False,native,lazy,71,batch_ms,ok,0.09982713417536178,10.668947,ok,106.874219,ok
arity-l4-n8192-uniform-w1-k2,arity,4,8192,uniform,1,2,10000,False,native,profile,71,batch_ms,ok,0.08349192691505031,10.668947,ok,127.784175,ok
arity-l4-n8192-uniform-w1-k2,arity,4,8192,uniform,1,2,10000,False,native,adaptive,71,batch_ms,ok,0.10098730465239247,10.668947,ok,105.646418,ok
arity-l4-n8192-uniform-w1-k2,arity,4,8192,uniform,1,2,10000,False,graph,lazy,101,selector_ms,ok,0.6775612867120558,64.548748,ok,95.266287,ok
arity-l4-n8192-uniform-w1-k2,arity,4,8192,uniform,1,2,10000,False,graph,lazy,101,batch_ms,ok,0.7069287401240886,74.606042,ok,105.535449,ok
arity-l4-n8192-uniform-w1-k2,arity,4,8192,uniform,1,2,10000,False,graph,profile,101,selector_ms,ok,0.5424062890300616,64.548748,ok,119.004424,ok
arity-l4-n8192-uniform-w1-k2,arity,4,8192,uniform,1,2,10000,False,graph,profile,101,batch_ms,ok,0.575786605512894,74.606042,ok,129.572382,ok
arity-l4-n8192-uniform-w1-k2,arity,4,8192,uniform,1,2,10000,False,graph,adaptive,101,selector_ms,ok,0.6682565441805446,64.548748,ok,96.592766,ok
arity-l4-n8192-uniform-w1-k2,arity,4,8192,uniform,1,2,10000,False,graph,adaptive,101,batch_ms,ok,0.6993714650209708,74.606042,ok,106.675845,ok
arity-l4-n8192-uniform-w1-k2,arity,4,8192,uniform,1,2,10000,False,native,graph,101,batch_ms,ok,0.1434962733983395,10.705689,ok,74.606042,ok
arity-l4-n8192-uniform-w1-k2,arity,4,8192,uniform,1,2,10000,False,native,lazy,101,batch_ms,ok,0.10144163976598991,10.705689,ok,105.535449,ok
arity-l4-n8192-uniform-w1-k2,arity,4,8192,uniform,1,2,10000,False,native,profile,101,batch_ms,ok,0.08262323216378008,10.705689,ok,129.572382,ok
arity-l4-n8192-uniform-w1-k2,arity,4,8192,uniform,1,2,10000,False,native,adaptive,101,batch_ms,ok,0.10035719895164646,10.705689,ok,106.675845,ok
arity-l4-n8192-zipf-w1-k2,arity,4,8192,zipf,1,2,10000,False,graph,lazy,11,selector_ms,ok,22.92337992293389,2510.550666,ok,109.519219,ok
arity-l4-n8192-zipf-w1-k2,arity,4,8192,zipf,1,2,10000,False,graph,lazy,11,batch_ms,ok,21.357106000769722,2519.611671,ok,117.975332,ok
arity-l4-n8192-zipf-w1-k2,arity,4,8192,zipf,1,2,10000,False,graph,profile,11,selector_ms,ok,2.9101193877857394,2510.550666,ok,862.696794,ok
arity-l4-n8192-zipf-w1-k2,arity,4,8192,zipf,1,2,10000,False,graph,profile,11,batch_ms,ok,2.893040760911481,2519.611671,ok,870.921594,ok
arity-l4-n8192-zipf-w1-k2,arity,4,8192,zipf,1,2,10000,False,graph,adaptive,11,selector_ms,ok,23.1102359111182,2510.550666,ok,108.63371,ok
arity-l4-n8192-zipf-w1-k2,arity,4,8192,zipf,1,2,10000,False,graph,adaptive,11,batch_ms,ok,21.526349801222217,2519.611671,ok,117.04779,ok
arity-l4-n8192-zipf-w1-k2,arity,4,8192,zipf,1,2,10000,False,native,graph,11,batch_ms,ok,0.0035571898253840086,8.962737,ok,2519.611671,ok
arity-l4-n8192-zipf-w1-k2,arity,4,8192,zipf,1,2,10000,False,native,lazy,11,batch_ms,ok,0.07597128016558581,8.962737,ok,117.975332,ok
arity-l4-n8192-zipf-w1-k2,arity,4,8192,zipf,1,2,10000,False,native,profile,11,batch_ms,ok,0.010291095159135531,8.962737,ok,870.921594,ok
arity-l4-n8192-zipf-w1-k2,arity,4,8192,zipf,1,2,10000,False,native,adaptive,11,batch_ms,ok,0.07657331249056475,8.962737,ok,117.04779,ok
arity-l4-n8192-zipf-w1-k2,arity,4,8192,zipf,1,2,10000,False,graph,lazy,29,selector_ms,ok,22.711217159411365,2489.933619,ok,109.63453,ok
arity-l4-n8192-zipf-w1-k2,arity,4,8192,zipf,1,2,10000,False,graph,lazy,29,batch_ms,ok,21.151231385814825,2499.096417,ok,118.153708,ok
arity-l4-n8192-zipf-w1-k2,arity,4,8192,zipf,1,2,10000,False,graph,profile,29,selector_ms,ok,2.9393279099265053,2489.933619,ok,847.109848,ok
arity-l4-n8192-zipf-w1-k2,arity,4,8192,zipf,1,2,10000,False,graph,profile,29,batch_ms,ok,2.922490015862966,2499.096417,ok,855.125733,ok
arity-l4-n8192-zipf-w1-k2,arity,4,8192,zipf,1,2,10000,False,graph,adaptive,29,selector_ms,ok,22.581257229142388,2489.933619,ok,110.2655,ok
arity-l4-n8192-zipf-w1-k2,arity,4,8192,zipf,1,2,10000,False,graph,adaptive,29,batch_ms,ok,21.062909880191057,2499.096417,ok,118.649153,ok
arity-l4-n8192-zipf-w1-k2,arity,4,8192,zipf,1,2,10000,False,native,graph,29,batch_ms,ok,0.003541706090165628,8.851065,ok,2499.096417,ok
arity-l4-n8192-zipf-w1-k2,arity,4,8192,zipf,1,2,10000,False,native,lazy,29,batch_ms,ok,0.07491144501364275,8.851065,ok,118.153708,ok
arity-l4-n8192-zipf-w1-k2,arity,4,8192,zipf,1,2,10000,False,native,profile,29,batch_ms,ok,0.010350600687630109,8.851065,ok,855.125733,ok
arity-l4-n8192-zipf-w1-k2,arity,4,8192,zipf,1,2,10000,False,native,adaptive,29,batch_ms,ok,0.07459863619928243,8.851065,ok,118.649153,ok
arity-l4-n8192-zipf-w1-k2,arity,4,8192,zipf,1,2,10000,False,graph,lazy,47,selector_ms,ok,22.694074346862934,2468.423392,ok,108.769512,ok
arity-l4-n8192-zipf-w1-k2,arity,4,8192,zipf,1,2,10000,False,graph,lazy,47,batch_ms,ok,21.147678491343783,2477.647399,ok,117.159309,ok
arity-l4-n8192-zipf-w1-k2,arity,4,8192,zipf,1,2,10000,False,graph,profile,47,selector_ms,ok,2.9162726469244444,2468.423392,ok,846.430938,ok
arity-l4-n8192-zipf-w1-k2,arity,4,8192,zipf,1,2,10000,False,graph,profile,47,batch_ms,ok,2.8981365907871486,2477.647399,ok,854.910499,ok
arity-l4-n8192-zipf-w1-k2,arity,4,8192,zipf,1,2,10000,False,graph,adaptive,47,selector_ms,ok,22.64572715764653,2468.423392,ok,109.001728,ok
arity-l4-n8192-zipf-w1-k2,arity,4,8192,zipf,1,2,10000,False,graph,adaptive,47,batch_ms,ok,21.120947247496495,2477.647399,ok,117.307589,ok
arity-l4-n8192-zipf-w1-k2,arity,4,8192,zipf,1,2,10000,False,native,graph,47,batch_ms,ok,0.003648418255014179,9.039494,ok,2477.647399,ok
arity-l4-n8192-zipf-w1-k2,arity,4,8192,zipf,1,2,10000,False,native,lazy,47,batch_ms,ok,0.07715557625898938,9.039494,ok,117.159309,ok
arity-l4-n8192-zipf-w1-k2,arity,4,8192,zipf,1,2,10000,False,native,profile,47,batch_ms,ok,0.010573614443352392,9.039494,ok,854.910499,ok
arity-l4-n8192-zipf-w1-k2,arity,4,8192,zipf,1,2,10000,False,native,adaptive,47,batch_ms,ok,0.0770580495009577,9.039494,ok,117.307589,ok
arity-l4-n8192-zipf-w1-k2,arity,4,8192,zipf,1,2,10000,False,graph,lazy,71,selector_ms,ok,22.915921584938474,2503.09759,ok,109.229628,ok
arity-l4-n8192-zipf-w1-k2,arity,4,8192,zipf,1,2,10000,False,graph,lazy,71,batch_ms,ok,21.421971044597704,2512.21519,ok,117.272831,ok
arity-l4-n8192-zipf-w1-k2,arity,4,8192,zipf,1,2,10000,False,graph,profile,71,selector_ms,ok,2.9499118880469894,2503.09759,ok,848.533002,ok
arity-l4-n8192-zipf-w1-k2,arity,4,8192,zipf,1,2,10000,False,graph,profile,71,batch_ms,ok,2.931652469509881,2512.21519,ok,856.928035,ok
arity-l4-n8192-zipf-w1-k2,arity,4,8192,zipf,1,2,10000,False,graph,adaptive,71,selector_ms,ok,22.757368460878983,2503.09759,ok,109.990643,ok
arity-l4-n8192-zipf-w1-k2,arity,4,8192,zipf,1,2,10000,False,graph,adaptive,71,batch_ms,ok,21.23598689679399,2512.21519,ok,118.299903,ok
arity-l4-n8192-zipf-w1-k2,arity,4,8192,zipf,1,2,10000,False,native,graph,71,batch_ms,ok,0.0037190110294651945,9.342956,ok,2512.21519,ok
arity-l4-n8192-zipf-w1-k2,arity,4,8192,zipf,1,2,10000,False,native,lazy,71,batch_ms,ok,0.0796685465877429,9.342956,ok,117.272831,ok
arity-l4-n8192-zipf-w1-k2,arity,4,8192,zipf,1,2,10000,False,native,profile,71,batch_ms,ok,0.010902847868666124,9.342956,ok,856.928035,ok
arity-l4-n8192-zipf-w1-k2,arity,4,8192,zipf,1,2,10000,False,native,adaptive,71,batch_ms,ok,0.07897686949075519,9.342956,ok,118.299903,ok
arity-l4-n8192-zipf-w1-k2,arity,4,8192,zipf,1,2,10000,False,graph,lazy,101,selector_ms,ok,22.777799856095694,2499.879752,ok,109.750712,ok
arity-l4-n8192-zipf-w1-k2,arity,4,8192,zipf,1,2,10000,False,graph,lazy,101,batch_ms,ok,21.23614680090213,2509.08451,ok,118.15159,ok
arity-l4-n8192-zipf-w1-k2,arity,4,8192,zipf,1,2,10000,False,graph,profile,101,selector_ms,ok,2.8947599387079435,2499.879752,ok,863.587933,ok
arity-l4-n8192-zipf-w1-k2,arity,4,8192,zipf,1,2,10000,False,graph,profile,101,batch_ms,ok,2.878062675879022,2509.08451,ok,871.796341,ok
arity-l4-n8192-zipf-w1-k2,arity,4,8192,zipf,1,2,10000,False,graph,adaptive,101,selector_ms,ok,22.728298460915603,2499.879752,ok,109.989745,ok
arity-l4-n8192-zipf-w1-k2,arity,4,8192,zipf,1,2,10000,False,graph,adaptive,101,batch_ms,ok,21.204641596328337,2509.08451,ok,118.327136,ok
arity-l4-n8192-zipf-w1-k2,arity,4,8192,zipf,1,2,10000,False,native,graph,101,batch_ms,ok,0.003604914447461158,9.045035,ok,2509.08451,ok
arity-l4-n8192-zipf-w1-k2,arity,4,8192,zipf,1,2,10000,False,native,lazy,101,batch_ms,ok,0.07655449241097814,9.045035,ok,118.15159,ok
arity-l4-n8192-zipf-w1-k2,arity,4,8192,zipf,1,2,10000,False,native,profile,101,batch_ms,ok,0.010375169720975005,9.045035,ok,871.796341,ok
arity-l4-n8192-zipf-w1-k2,arity,4,8192,zipf,1,2,10000,False,native,adaptive,101,batch_ms,ok,0.07644091884383986,9.045035,ok,118.327136,ok
constant-l1-n2048-uniform-w1-k2,constant,1,2048,uniform,1,2,10000,True,graph,lazy,11,selector_ms,ok,1.041695661391006,1.321817,ok,1.268909,ok
constant-l1-n2048-uniform-w1-k2,constant,1,2048,uniform,1,2,10000,True,graph,profile,11,selector_ms,ok,0.8845070064393263,1.321817,ok,1.494411,ok
constant-l1-n2048-uniform-w1-k2,constant,1,2048,uniform,1,2,10000,True,graph,adaptive,11,selector_ms,ok,0.8928547545694216,1.321817,ok,1.480439,ok
constant-l1-n2048-uniform-w1-k2,constant,1,2048,uniform,1,2,10000,True,graph,lazy,29,selector_ms,ok,1.0378182653720145,1.309846,ok,1.262115,ok
constant-l1-n2048-uniform-w1-k2,constant,1,2048,uniform,1,2,10000,True,graph,profile,29,selector_ms,ok,0.8735433952021491,1.309846,ok,1.499463,ok
constant-l1-n2048-uniform-w1-k2,constant,1,2048,uniform,1,2,10000,True,graph,adaptive,29,selector_ms,ok,0.8749619246615972,1.309846,ok,1.497032,ok
constant-l1-n2048-uniform-w1-k2,constant,1,2048,uniform,1,2,10000,True,graph,lazy,47,selector_ms,ok,1.0303831583428478,1.316705,ok,1.277879,ok
constant-l1-n2048-uniform-w1-k2,constant,1,2048,uniform,1,2,10000,True,graph,profile,47,selector_ms,ok,0.875916026268733,1.316705,ok,1.503232,ok
constant-l1-n2048-uniform-w1-k2,constant,1,2048,uniform,1,2,10000,True,graph,adaptive,47,selector_ms,ok,0.8668110139286989,1.316705,ok,1.519022,ok
constant-l1-n2048-uniform-w1-k2,constant,1,2048,uniform,1,2,10000,True,graph,lazy,71,selector_ms,ok,1.0289763978918858,1.365321,ok,1.326873,ok
constant-l1-n2048-uniform-w1-k2,constant,1,2048,uniform,1,2,10000,True,graph,profile,71,selector_ms,ok,0.881942452735123,1.365321,ok,1.548084,ok
constant-l1-n2048-uniform-w1-k2,constant,1,2048,uniform,1,2,10000,True,graph,adaptive,71,selector_ms,ok,0.8680383322069501,1.365321,ok,1.572881,ok
constant-l1-n2048-uniform-w1-k2,constant,1,2048,uniform,1,2,10000,True,graph,lazy,101,selector_ms,ok,1.0119919913215953,1.299506,ok,1.284107,ok
constant-l1-n2048-uniform-w1-k2,constant,1,2048,uniform,1,2,10000,True,graph,profile,101,selector_ms,ok,0.8631133173884483,1.299506,ok,1.505603,ok
constant-l1-n2048-uniform-w1-k2,constant,1,2048,uniform,1,2,10000,True,graph,adaptive,101,selector_ms,ok,0.8627866785555179,1.299506,ok,1.506173,ok
constant-l2-n2048-uniform-w1-k2,constant,2,2048,uniform,1,2,10000,True,graph,lazy,11,selector_ms,ok,0.8661669107779404,2.598499,ok,2.999998,ok
constant-l2-n2048-uniform-w1-k2,constant,2,2048,uniform,1,2,10000,True,graph,profile,11,selector_ms,ok,0.7425333011383038,2.598499,ok,3.499505,ok
constant-l2-n2048-uniform-w1-k2,constant,2,2048,uniform,1,2,10000,True,graph,adaptive,11,selector_ms,ok,0.8658520290467894,2.598499,ok,3.001089,ok
constant-l2-n2048-uniform-w1-k2,constant,2,2048,uniform,1,2,10000,True,graph,lazy,29,selector_ms,ok,0.8554146138715562,2.584974,ok,3.021896,ok
constant-l2-n2048-uniform-w1-k2,constant,2,2048,uniform,1,2,10000,True,graph,profile,29,selector_ms,ok,0.7250234618269203,2.584974,ok,3.565366,ok
constant-l2-n2048-uniform-w1-k2,constant,2,2048,uniform,1,2,10000,True,graph,adaptive,29,selector_ms,ok,0.8584927372776572,2.584974,ok,3.011061,ok
constant-l2-n2048-uniform-w1-k2,constant,2,2048,uniform,1,2,10000,True,graph,lazy,47,selector_ms,ok,0.8688037998461576,2.583104,ok,2.973173,ok
constant-l2-n2048-uniform-w1-k2,constant,2,2048,uniform,1,2,10000,True,graph,profile,47,selector_ms,ok,0.7479693724230772,2.583104,ok,3.453489,ok
constant-l2-n2048-uniform-w1-k2,constant,2,2048,uniform,1,2,10000,True,graph,adaptive,47,selector_ms,ok,0.8713203125158117,2.583104,ok,2.964586,ok
constant-l2-n2048-uniform-w1-k2,constant,2,2048,uniform,1,2,10000,True,graph,lazy,71,selector_ms,ok,0.8715847030691521,2.63456,ok,3.022724,ok
constant-l2-n2048-uniform-w1-k2,constant,2,2048,uniform,1,2,10000,True,graph,profile,71,selector_ms,ok,0.718352122219329,2.63456,ok,3.667505,ok
constant-l2-n2048-uniform-w1-k2,constant,2,2048,uniform,1,2,10000,True,graph,adaptive,71,selector_ms,ok,0.8703888529332379,2.63456,ok,3.026877,ok
constant-l2-n2048-uniform-w1-k2,constant,2,2048,uniform,1,2,10000,True,graph,lazy,101,selector_ms,ok,0.8780801373518647,2.579673,ok,2.937856,ok
constant-l2-n2048-uniform-w1-k2,constant,2,2048,uniform,1,2,10000,True,graph,profile,101,selector_ms,ok,0.7502752812289322,2.579673,ok,3.438302,ok
constant-l2-n2048-uniform-w1-k2,constant,2,2048,uniform,1,2,10000,True,graph,adaptive,101,selector_ms,ok,0.8782669800230217,2.579673,ok,2.937231,ok
constant-l3-n2048-uniform-w1-k2,constant,3,2048,uniform,1,2,10000,True,graph,lazy,11,selector_ms,ok,0.5716346958625833,4.111542,ok,7.192604,ok
constant-l3-n2048-uniform-w1-k2,constant,3,2048,uniform,1,2,10000,True,graph,profile,11,selector_ms,ok,0.49487246828046116,4.111542,ok,8.308286,ok
constant-l3-n2048-uniform-w1-k2,constant,3,2048,uniform,1,2,10000,True,graph,adaptive,11,selector_ms,ok,0.5738572485532287,4.111542,ok,7.164747,ok
constant-l3-n2048-uniform-w1-k2,constant,3,2048,uniform,1,2,10000,True,graph,lazy,29,selector_ms,ok,0.5722195838719739,4.093109,ok,7.153039,ok
constant-l3-n2048-uniform-w1-k2,constant,3,2048,uniform,1,2,10000,True,graph,profile,29,selector_ms,ok,0.48448247393150073,4.093109,ok,8.448415,ok
constant-l3-n2048-uniform-w1-k2,constant,3,2048,uniform,1,2,10000,True,graph,adaptive,29,selector_ms,ok,0.5686137987071848,4.093109,ok,7.198399,ok
constant-l3-n2048-uniform-w1-k2,constant,3,2048,uniform,1,2,10000,True,graph,lazy,47,selector_ms,ok,0.568979608596104,4.073993,ok,7.160174,ok
constant-l3-n2048-uniform-w1-k2,constant,3,2048,uniform,1,2,10000,True,graph,profile,47,selector_ms,ok,0.49297366119727937,4.073993,ok,8.264119,ok
constant-l3-n2048-uniform-w1-k2,constant,3,2048,uniform,1,2,10000,True,graph,adaptive,47,selector_ms,ok,0.5658726009405113,4.073993,ok,7.199488,ok
constant-l3-n2048-uniform-w1-k2,constant,3,2048,uniform,1,2,10000,True,graph,lazy,71,selector_ms,ok,0.5612092691310155,4.10478,ok,7.31417,ok
constant-l3-n2048-uniform-w1-k2,constant,3,2048,uniform,1,2,10000,True,graph,profile,71,selector_ms,ok,0.49166661276609813,4.10478,ok,8.348706,ok
constant-l3-n2048-uniform-w1-k2,constant,3,2048,uniform,1,2,10000,True,graph,adaptive,71,selector_ms,ok,0.5724197962717785,4.10478,ok,7.170926,ok
constant-l3-n2048-uniform-w1-k2,constant,3,2048,uniform,1,2,10000,True,graph,lazy,101,selector_ms,ok,0.5640905854264692,4.040186,ok,7.1623,ok
constant-l3-n2048-uniform-w1-k2,constant,3,2048,uniform,1,2,10000,True,graph,profile,101,selector_ms,ok,0.47924331438906886,4.040186,ok,8.430344,ok
constant-l3-n2048-uniform-w1-k2,constant,3,2048,uniform,1,2,10000,True,graph,adaptive,101,selector_ms,ok,0.5650988366912972,4.040186,ok,7.149521,ok
constant-l4-n2048-uniform-w1-k2,constant,4,2048,uniform,1,2,10000,True,graph,lazy,11,selector_ms,ok,0.3388859366299842,5.736246,ok,16.926775,ok
constant-l4-n2048-uniform-w1-k2,constant,4,2048,uniform,1,2,10000,True,graph,profile,11,selector_ms,ok,0.3040468458003184,5.736246,ok,18.866323,ok
constant-l4-n2048-uniform-w1-k2,constant,4,2048,uniform,1,2,10000,True,graph,adaptive,11,selector_ms,ok,0.343004210112402,5.736246,ok,16.723544,ok
constant-l4-n2048-uniform-w1-k2,constant,4,2048,uniform,1,2,10000,True,graph,lazy,29,selector_ms,ok,0.33846627904162374,5.719501,ok,16.898289,ok
constant-l4-n2048-uniform-w1-k2,constant,4,2048,uniform,1,2,10000,True,graph,profile,29,selector_ms,ok,0.30725931773992343,5.719501,ok,18.614573,ok
constant-l4-n2048-uniform-w1-k2,constant,4,2048,uniform,1,2,10000,True,graph,adaptive,29,selector_ms,ok,0.33471050633243254,5.719501,ok,17.087904,ok
constant-l4-n2048-uniform-w1-k2,constant,4,2048,uniform,1,2,10000,True,graph,lazy,47,selector_ms,ok,0.3479782733769773,5.763339,ok,16.562353,ok
constant-l4-n2048-uniform-w1-k2,constant,4,2048,uniform,1,2,10000,True,graph,profile,47,selector_ms,ok,0.3078052808973222,5.763339,ok,18.723977,ok
constant-l4-n2048-uniform-w1-k2,constant,4,2048,uniform,1,2,10000,True,graph,adaptive,47,selector_ms,ok,0.3459808105103785,5.763339,ok,16.657973,ok
constant-l4-n2048-uniform-w1-k2,constant,4,2048,uniform,1,2,10000,True,graph,lazy,71,selector_ms,ok,0.34369328986304354,5.713372,ok,16.623461,ok
constant-l4-n2048-uniform-w1-k2,constant,4,2048,uniform,1,2,10000,True,graph,profile,71,selector_ms,ok,0.30655405084559784,5.713372,ok,18.637405,ok
constant-l4-n2048-uniform-w1-k2,constant,4,2048,uniform,1,2,10000,True,graph,adaptive,71,selector_ms,ok,0.34453039488282955,5.713372,ok,16.583071,ok
constant-l4-n2048-uniform-w1-k2,constant,4,2048,uniform,1,2,10000,True,graph,lazy,101,selector_ms,ok,0.34572537615967175,5.712456,ok,16.523103,ok
constant-l4-n2048-uniform-w1-k2,constant,4,2048,uniform,1,2,10000,True,graph,profile,101,selector_ms,ok,0.31192270307498365,5.712456,ok,18.313691,ok
constant-l4-n2048-uniform-w1-k2,constant,4,2048,uniform,1,2,10000,True,graph,adaptive,101,selector_ms,ok,0.34501653374242397,5.712456,ok,16.55705,ok
constant-l6-n2048-uniform-w1-k2,constant,6,2048,uniform,1,2,10000,True,graph,lazy,11,selector_ms,ok,0.11628940842247619,8.86501,ok,76.232308,ok
constant-l6-n2048-uniform-w1-k2,constant,6,2048,uniform,1,2,10000,True,graph,profile,11,selector_ms,ok,0.1109230211367864,8.86501,ok,79.92038,ok
constant-l6-n2048-uniform-w1-k2,constant,6,2048,uniform,1,2,10000,True,graph,adaptive,11,selector_ms,ok,0.11681675043575629,8.86501,ok,75.888175,ok
constant-l6-n2048-uniform-w1-k2,constant,6,2048,uniform,1,2,10000,True,graph,lazy,29,selector_ms,ok,0.11697835338247704,8.941369,ok,76.436099,ok
constant-l6-n2048-uniform-w1-k2,constant,6,2048,uniform,1,2,10000,True,graph,profile,29,selector_ms,ok,0.11193171508276138,8.941369,ok,79.882355,ok
constant-l6-n2048-uniform-w1-k2,constant,6,2048,uniform,1,2,10000,True,graph,adaptive,29,selector_ms,ok,0.11692067783106487,8.941369,ok,76.473804,ok
constant-l6-n2048-uniform-w1-k2,constant,6,2048,uniform,1,2,10000,True,graph,lazy,47,selector_ms,ok,0.11460621262567731,8.865392,ok,77.355248,ok
constant-l6-n2048-uniform-w1-k2,constant,6,2048,uniform,1,2,10000,True,graph,profile,47,selector_ms,ok,0.11231443631376527,8.865392,ok,78.933682,ok
constant-l6-n2048-uniform-w1-k2,constant,6,2048,uniform,1,2,10000,True,graph,adaptive,47,selector_ms,ok,0.11731078976800856,8.865392,ok,75.571838,ok
constant-l6-n2048-uniform-w1-k2,constant,6,2048,uniform,1,2,10000,True,graph,lazy,71,selector_ms,ok,0.11714447682022364,8.895248,ok,75.933994,ok
constant-l6-n2048-uniform-w1-k2,constant,6,2048,uniform,1,2,10000,True,graph,profile,71,selector_ms,ok,0.11037492516397852,8.895248,ok,80.591203,ok
constant-l6-n2048-uniform-w1-k2,constant,6,2048,uniform,1,2,10000,True,graph,adaptive,71,selector_ms,ok,0.1177587394174482,8.895248,ok,75.537901,ok
constant-l6-n2048-uniform-w1-k2,constant,6,2048,uniform,1,2,10000,True,graph,lazy,101,selector_ms,ok,0.1167079844720322,8.887593,ok,76.152399,ok
constant-l6-n2048-uniform-w1-k2,constant,6,2048,uniform,1,2,10000,True,graph,profile,101,selector_ms,ok,0.11031385729618583,8.887593,ok,80.566424,ok
constant-l6-n2048-uniform-w1-k2,constant,6,2048,uniform,1,2,10000,True,graph,adaptive,101,selector_ms,ok,0.11734876249746293,8.887593,ok,75.736572,ok
constant-l8-n2048-uniform-w1-k2,constant,8,2048,uniform,1,2,10000,True,graph,lazy,11,selector_ms,ok,0.03068141472916842,12.332165,ok,401.942515,ok
constant-l8-n2048-uniform-w1-k2,constant,8,2048,uniform,1,2,10000,True,graph,profile,11,selector_ms,ok,0.030139383496552333,12.332165,ok,409.17111,ok
constant-l8-n2048-uniform-w1-k2,constant,8,2048,uniform,1,2,10000,True,graph,adaptive,11,selector_ms,ok,0.030741519246992224,12.332165,ok,401.156654,ok
constant-l8-n2048-uniform-w1-k2,constant,8,2048,uniform,1,2,10000,True,graph,lazy,29,selector_ms,ok,0.0309093709604245,12.358472,ok,399.829295,ok
constant-l8-n2048-uniform-w1-k2,constant,8,2048,uniform,1,2,10000,True,graph,profile,29,selector_ms,ok,0.03034245269178983,12.358472,ok,407.299704,ok
constant-l8-n2048-uniform-w1-k2,constant,8,2048,uniform,1,2,10000,True,graph,adaptive,29,selector_ms,ok,0.030758000987777454,12.358472,ok,401.796983,ok
constant-l8-n2048-uniform-w1-k2,constant,8,2048,uniform,1,2,10000,True,graph,lazy,47,selector_ms,ok,0.030562496725427924,12.390512,ok,405.415569,ok
constant-l8-n2048-uniform-w1-k2,constant,8,2048,uniform,1,2,10000,True,graph,profile,47,selector_ms,ok,0.030225008768854315,12.390512,ok,409.942379,ok
constant-l8-n2048-uniform-w1-k2,constant,8,2048,uniform,1,2,10000,True,graph,adaptive,47,selector_ms,ok,0.030487518358589916,12.390512,ok,406.412613,ok
constant-l8-n2048-uniform-w1-k2,constant,8,2048,uniform,1,2,10000,True,graph,lazy,71,selector_ms,ok,0.030365707863251348,12.279414,ok,404.38425,ok
constant-l8-n2048-uniform-w1-k2,constant,8,2048,uniform,1,2,10000,True,graph,profile,71,selector_ms,ok,0.030024480973533236,12.279414,ok,408.980059,ok
constant-l8-n2048-uniform-w1-k2,constant,8,2048,uniform,1,2,10000,True,graph,adaptive,71,selector_ms,ok,0.030010787902284265,12.279414,ok,409.166665,ok
constant-l8-n2048-uniform-w1-k2,constant,8,2048,uniform,1,2,10000,True,graph,lazy,101,selector_ms,ok,0.030563737680152785,12.343971,ok,403.876356,ok
constant-l8-n2048-uniform-w1-k2,constant,8,2048,uniform,1,2,10000,True,graph,profile,101,selector_ms,ok,0.03028045816923336,12.343971,ok,407.654697,ok
constant-l8-n2048-uniform-w1-k2,constant,8,2048,uniform,1,2,10000,True,graph,adaptive,101,selector_ms,ok,0.0307394629261334,12.343971,ok,401.567556,ok
main-l2-n128-uniform-w1-k2,main,2,128,uniform,1,2,10000,False,graph,lazy,11,selector_ms,ok,1.0020485886736419,0.145764,ok,0.145466,ok
main-l2-n128-uniform-w1-k2,main,2,128,uniform,1,2,10000,False,graph,lazy,11,batch_ms,ok,1.0250147857411689,0.305028,ok,0.297584,ok
main-l2-n128-uniform-w1-k2,main,2,128,uniform,1,2,10000,False,graph,profile,11,selector_ms,ok,0.8844419904252802,0.145764,ok,0.164809,ok
main-l2-n128-uniform-w1-k2,main,2,128,uniform,1,2,10000,False,graph,profile,11,batch_ms,ok,0.9440580867401418,0.305028,ok,0.323103,ok
main-l2-n128-uniform-w1-k2,main,2,128,uniform,1,2,10000,False,graph,adaptive,11,selector_ms,ok,0.9294217415977505,0.145764,ok,0.156833,ok
main-l2-n128-uniform-w1-k2,main,2,128,uniform,1,2,10000,False,graph,adaptive,11,batch_ms,ok,0.9658194621670999,0.305028,ok,0.315823,ok
main-l2-n128-uniform-w1-k2,main,2,128,uniform,1,2,10000,False,native,graph,11,batch_ms,ok,0.5185819006779705,0.158182,ok,0.305028,ok
main-l2-n128-uniform-w1-k2,main,2,128,uniform,1,2,10000,False,native,lazy,11,batch_ms,ok,0.5315541158126781,0.158182,ok,0.297584,ok
main-l2-n128-uniform-w1-k2,main,2,128,uniform,1,2,10000,False,native,profile,11,batch_ms,ok,0.4895714369721111,0.158182,ok,0.323103,ok
main-l2-n128-uniform-w1-k2,main,2,128,uniform,1,2,10000,False,native,adaptive,11,batch_ms,ok,0.5008564924023898,0.158182,ok,0.315823,ok
main-l2-n128-uniform-w1-k2,main,2,128,uniform,1,2,10000,False,graph,lazy,29,selector_ms,ok,1.0188127431509646,0.149794,ok,0.147028,ok
main-l2-n128-uniform-w1-k2,main,2,128,uniform,1,2,10000,False,graph,lazy,29,batch_ms,ok,1.0065952184666116,0.304029,ok,0.302037,ok
main-l2-n128-uniform-w1-k2,main,2,128,uniform,1,2,10000,False,graph,profile,29,selector_ms,ok,0.8730017192645046,0.149794,ok,0.171585,ok
main-l2-n128-uniform-w1-k2,main,2,128,uniform,1,2,10000,False,graph,profile,29,batch_ms,ok,0.927186227718394,0.304029,ok,0.327905,ok
main-l2-n128-uniform-w1-k2,main,2,128,uniform,1,2,10000,False,graph,adaptive,29,selector_ms,ok,0.991809628486867,0.149794,ok,0.151031,ok
main-l2-n128-uniform-w1-k2,main,2,128,uniform,1,2,10000,False,graph,adaptive,29,batch_ms,ok,0.9831744450768355,0.304029,ok,0.309232,ok
main-l2-n128-uniform-w1-k2,main,2,128,uniform,1,2,10000,False,native,graph,29,batch_ms,ok,0.5319657006403994,0.161733,ok,0.304029,ok
main-l2-n128-uniform-w1-k2,main,2,128,uniform,1,2,10000,False,native,lazy,29,batch_ms,ok,0.535474130652867,0.161733,ok,0.302037,ok
main-l2-n128-uniform-w1-k2,main,2,128,uniform,1,2,10000,False,native,profile,29,batch_ms,ok,0.4932312712523444,0.161733,ok,0.327905,ok
main-l2-n128-uniform-w1-k2,main,2,128,uniform,1,2,10000,False,native,adaptive,29,batch_ms,ok,0.5230150825270347,0.161733,ok,0.309232,ok
main-l2-n128-uniform-w1-k2,main,2,128,uniform,1,2,10000,False,graph,lazy,47,selector_ms,ok,0.9630235686751352,0.148895,ok,0.154612,ok
main-l2-n128-uniform-w1-k2,main,2,128,uniform,1,2,10000,False,graph,lazy,47,batch_ms,ok,0.9832851142049023,0.303841,ok,0.309006,ok
main-l2-n128-uniform-w1-k2,main,2,128,uniform,1,2,10000,False,graph,profile,47,selector_ms,ok,0.8696325109802822,0.148895,ok,0.171216,ok
main-l2-n128-uniform-w1-k2,main,2,128,uniform,1,2,10000,False,graph,profile,47,batch_ms,ok,0.9349903220942435,0.303841,ok,0.324967,ok
main-l2-n128-uniform-w1-k2,main,2,128,uniform,1,2,10000,False,graph,adaptive,47,selector_ms,ok,0.9382404093360891,0.148895,ok,0.158696,ok
main-l2-n128-uniform-w1-k2,main,2,128,uniform,1,2,10000,False,graph,adaptive,47,batch_ms,ok,0.9675294072691841,0.303841,ok,0.314038,ok
main-l2-n128-uniform-w1-k2,main,2,128,uniform,1,2,10000,False,native,graph,47,batch_ms,ok,0.5271145105499258,0.160159,ok,0.303841,ok
main-l2-n128-uniform-w1-k2,main,2,128,uniform,1,2,10000,False,native,lazy,47,batch_ms,ok,0.5183038517051448,0.160159,ok,0.309006,ok
main-l2-n128-uniform-w1-k2,main,2,128,uniform,1,2,10000,False,native,profile,47,batch_ms,ok,0.4928469659996246,0.160159,ok,0.324967,ok
main-l2-n128-uniform-w1-k2,main,2,128,uniform,1,2,10000,False,native,adaptive,47,batch_ms,ok,0.5099987899553557,0.160159,ok,0.314038,ok
main-l2-n128-uniform-w1-k2,main,2,128,uniform,1,2,10000,False,graph,lazy,71,selector_ms,ok,0.9864699796415579,0.147788,ok,0.149815,ok
main-l2-n128-uniform-w1-k2,main,2,128,uniform,1,2,10000,False,graph,lazy,71,batch_ms,ok,0.9928177483166086,0.303143,ok,0.305336,ok
main-l2-n128-uniform-w1-k2,main,2,128,uniform,1,2,10000,False,graph,profile,71,selector_ms,ok,0.9027371404487176,0.147788,ok,0.163711,ok
main-l2-n128-uniform-w1-k2,main,2,128,uniform,1,2,10000,False,graph,profile,71,batch_ms,ok,0.9620319447044972,0.303143,ok,0.315107,ok
main-l2-n128-uniform-w1-k2,main,2,128,uniform,1,2,10000,False,graph,adaptive,71,selector_ms,ok,0.9928119415819103,0.147788,ok,0.148858,ok
main-l2-n128-uniform-w1-k2,main,2,128,uniform,1,2,10000,False,graph,adaptive,71,batch_ms,ok,0.9981100827414994,0.303143,ok,0.303717,ok
main-l2-n128-uniform-w1-k2,main,2,128,uniform,1,2,10000,False,native,graph,71,batch_ms,ok,0.5280907030675293,0.160087,ok,0.303143,ok
main-l2-n128-uniform-w1-k2,main,2,128,uniform,1,2,10000,False,native,lazy,71,batch_ms,ok,0.5242978227264391,0.160087,ok,0.305336,ok
main-l2-n128-uniform-w1-k2,main,2,128,uniform,1,2,10000,False,native,profile,71,batch_ms,ok,0.5080401260524202,0.160087,ok,0.315107,ok
main-l2-n128-uniform-w1-k2,main,2,128,uniform,1,2,10000,False,native,adaptive,71,batch_ms,ok,0.5270926553337482,0.160087,ok,0.303717,ok
main-l2-n128-uniform-w1-k2,main,2,128,uniform,1,2,10000,False,graph,lazy,101,selector_ms,ok,0.9834939440713083,0.141452,ok,0.143826,ok
main-l2-n128-uniform-w1-k2,main,2,128,uniform,1,2,10000,False,graph,lazy,101,batch_ms,ok,1.0017704157424554,0.295368,ok,0.294846,ok
main-l2-n128-uniform-w1-k2,main,2,128,uniform,1,2,10000,False,graph,profile,101,selector_ms,ok,0.9041528440941661,0.141452,ok,0.156447,ok
main-l2-n128-uniform-w1-k2,main,2,128,uniform,1,2,10000,False,graph,profile,101,batch_ms,ok,0.959310936160262,0.295368,ok,0.307896,ok
main-l2-n128-uniform-w1-k2,main,2,128,uniform,1,2,10000,False,graph,adaptive,101,selector_ms,ok,0.9846372312211555,0.141452,ok,0.143659,ok
main-l2-n128-uniform-w1-k2,main,2,128,uniform,1,2,10000,False,graph,adaptive,101,batch_ms,ok,0.9956750525027727,0.295368,ok,0.296651,ok
main-l2-n128-uniform-w1-k2,main,2,128,uniform,1,2,10000,False,native,graph,101,batch_ms,ok,0.543623547574551,0.160569,ok,0.295368,ok
main-l2-n128-uniform-w1-k2,main,2,128,uniform,1,2,10000,False,native,lazy,101,batch_ms,ok,0.5445859872611465,0.160569,ok,0.294846,ok
main-l2-n128-uniform-w1-k2,main,2,128,uniform,1,2,10000,False,native,profile,101,batch_ms,ok,0.5215040143425053,0.160569,ok,0.307896,ok
main-l2-n128-uniform-w1-k2,main,2,128,uniform,1,2,10000,False,native,adaptive,101,batch_ms,ok,0.5412724042730346,0.160569,ok,0.296651,ok
main-l2-n128-zipf-w1-k2,main,2,128,zipf,1,2,10000,False,graph,lazy,11,selector_ms,ok,1.1959865715303488,0.332385,ok,0.277917,ok
main-l2-n128-zipf-w1-k2,main,2,128,zipf,1,2,10000,False,graph,lazy,11,batch_ms,ok,1.141385608059968,0.45497,ok,0.398612,ok
main-l2-n128-zipf-w1-k2,main,2,128,zipf,1,2,10000,False,graph,profile,11,selector_ms,ok,0.9662017604037069,0.332385,ok,0.344012,ok
main-l2-n128-zipf-w1-k2,main,2,128,zipf,1,2,10000,False,graph,profile,11,batch_ms,ok,0.9610668334033937,0.45497,ok,0.473401,ok
main-l2-n128-zipf-w1-k2,main,2,128,zipf,1,2,10000,False,graph,adaptive,11,selector_ms,ok,1.2189249945908678,0.332385,ok,0.272687,ok
main-l2-n128-zipf-w1-k2,main,2,128,zipf,1,2,10000,False,graph,adaptive,11,batch_ms,ok,1.1502997297249464,0.45497,ok,0.395523,ok
main-l2-n128-zipf-w1-k2,main,2,128,zipf,1,2,10000,False,native,graph,11,batch_ms,ok,0.28163395388706947,0.128135,ok,0.45497,ok
main-l2-n128-zipf-w1-k2,main,2,128,zipf,1,2,10000,False,native,lazy,11,batch_ms,ok,0.3214529417077258,0.128135,ok,0.398612,ok
main-l2-n128-zipf-w1-k2,main,2,128,zipf,1,2,10000,False,native,profile,11,batch_ms,ok,0.27066905224112325,0.128135,ok,0.473401,ok
main-l2-n128-zipf-w1-k2,main,2,128,zipf,1,2,10000,False,native,adaptive,11,batch_ms,ok,0.32396346103766405,0.128135,ok,0.395523,ok
main-l2-n128-zipf-w1-k2,main,2,128,zipf,1,2,10000,False,graph,lazy,29,selector_ms,ok,1.0988083325752753,0.30198,ok,0.274825,ok
main-l2-n128-zipf-w1-k2,main,2,128,zipf,1,2,10000,False,graph,lazy,29,batch_ms,ok,1.0679990697260144,0.431666,ok,0.404182,ok
main-l2-n128-zipf-w1-k2,main,2,128,zipf,1,2,10000,False,graph,profile,29,selector_ms,ok,0.8538299069489959,0.30198,ok,0.353677,ok
main-l2-n128-zipf-w1-k2,main,2,128,zipf,1,2,10000,False,graph,profile,29,batch_ms,ok,0.90178030508772,0.431666,ok,0.478682,ok
main-l2-n128-zipf-w1-k2,main,2,128,zipf,1,2,10000,False,graph,adaptive,29,selector_ms,ok,1.0902119916820703,0.30198,ok,0.276992,ok
main-l2-n128-zipf-w1-k2,main,2,128,zipf,1,2,10000,False,graph,adaptive,29,batch_ms,ok,1.0713574823473933,0.431666,ok,0.402915,ok
main-l2-n128-zipf-w1-k2,main,2,128,zipf,1,2,10000,False,native,graph,29,batch_ms,ok,0.30850009034762993,0.133169,ok,0.431666,ok
main-l2-n128-zipf-w1-k2,main,2,128,zipf,1,2,10000,False,native,lazy,29,batch_ms,ok,0.32947780950166017,0.133169,ok,0.404182,ok
main-l2-n128-zipf-w1-k2,main,2,128,zipf,1,2,10000,False,native,profile,29,batch_ms,ok,0.2781993055932749,0.133169,ok,0.478682,ok
main-l2-n128-zipf-w1-k2,main,2,128,zipf,1,2,10000,False,native,adaptive,29,batch_ms,ok,0.33051388009878013,0.133169,ok,0.402915,ok
main-l2-n128-zipf-w1-k2,main,2,128,zipf,1,2,10000,False,graph,lazy,47,selector_ms,ok,1.109879252710175,0.284209,ok,0.256072,ok
main-l2-n128-zipf-w1-k2,main,2,128,zipf,1,2,10000,False,graph,lazy,47,batch_ms,ok,1.0829499033575822,0.419655,ok,0.387511,ok
main-l2-n128-zipf-w1-k2,main,2,128,zipf,1,2,10000,False,graph,profile,47,selector_ms,ok,0.887299099616619,0.284209,ok,0.320308,ok
main-l2-n128-zipf-w1-k2,main,2,128,zipf,1,2,10000,False,graph,profile,47,batch_ms,ok,0.937179673280704,0.419655,ok,0.447785,ok
main-l2-n128-zipf-w1-k2,main,2,128,zipf,1,2,10000,False,graph,adaptive,47,selector_ms,ok,1.096794236030981,0.284209,ok,0.259127,ok
main-l2-n128-zipf-w1-k2,main,2,128,zipf,1,2,10000,False,graph,adaptive,47,batch_ms,ok,1.0733303664600087,0.419655,ok,0.390984,ok
main-l2-n128-zipf-w1-k2,main,2,128,zipf,1,2,10000,False,native,graph,47,batch_ms,ok,0.3158046490569635,0.132529,ok,0.419655,ok
main-l2-n128-zipf-w1-k2,main,2,128,zipf,1,2,10000,False,native,lazy,47,batch_ms,ok,0.3420006141761137,0.132529,ok,0.387511,ok
main-l2-n128-zipf-w1-k2,main,2,128,zipf,1,2,10000,False,native,profile,47,batch_ms,ok,0.2959656978237324,0.132529,ok,0.447785,ok
main-l2-n128-zipf-w1-k2,main,2,128,zipf,1,2,10000,False,native,adaptive,47,batch_ms,ok,0.338962719702085,0.132529,ok,0.390984,ok
main-l2-n128-zipf-w1-k2,main,2,128,zipf,1,2,10000,False,graph,lazy,71,selector_ms,ok,1.0115042718344467,0.269224,ok,0.266162,ok
main-l2-n128-zipf-w1-k2,main,2,128,zipf,1,2,10000,False,graph,lazy,71,batch_ms,ok,1.0093347572083673,0.40169,ok,0.397975,ok
main-l2-n128-zipf-w1-k2,main,2,128,zipf,1,2,10000,False,graph,profile,71,selector_ms,ok,0.8131616543283708,0.269224,ok,0.331083,ok
main-l2-n128-zipf-w1-k2,main,2,128,zipf,1,2,10000,False,graph,profile,71,batch_ms,ok,0.8717439001365049,0.40169,ok,0.460789,ok
main-l2-n128-zipf-w1-k2,main,2,128,zipf,1,2,10000,False,graph,adaptive,71,selector_ms,ok,1.0370085048687292,0.269224,ok,0.259616,ok
main-l2-n128-zipf-w1-k2,main,2,128,zipf,1,2,10000,False,graph,adaptive,71,batch_ms,ok,1.0356304947533967,0.40169,ok,0.38787,ok
main-l2-n128-zipf-w1-k2,main,2,128,zipf,1,2,10000,False,native,graph,71,batch_ms,ok,0.33660036346436306,0.135209,ok,0.40169,ok
main-l2-n128-zipf-w1-k2,main,2,128,zipf,1,2,10000,False,native,lazy,71,batch_ms,ok,0.3397424461335511,0.135209,ok,0.397975,ok
main-l2-n128-zipf-w1-k2,main,2,128,zipf,1,2,10000,False,native,profile,71,batch_ms,ok,0.293429313633789,0.135209,ok,0.460789,ok
main-l2-n128-zipf-w1-k2,main,2,128,zipf,1,2,10000,False,native,adaptive,71,batch_ms,ok,0.3485936009487715,0.135209,ok,0.38787,ok
main-l2-n128-zipf-w1-k2,main,2,128,zipf,1,2,10000,False,graph,lazy,101,selector_ms,ok,1.1610965148062058,0.306699,ok,0.264146,ok
main-l2-n128-zipf-w1-k2,main,2,128,zipf,1,2,10000,False,graph,lazy,101,batch_ms,ok,1.099287818450307,0.436979,ok,0.397511,ok
main-l2-n128-zipf-w1-k2,main,2,128,zipf,1,2,10000,False,graph,profile,101,selector_ms,ok,0.8843532118821473,0.306699,ok,0.346806,ok
main-l2-n128-zipf-w1-k2,main,2,128,zipf,1,2,10000,False,graph,profile,101,batch_ms,ok,0.9121725571074599,0.436979,ok,0.479053,ok
main-l2-n128-zipf-w1-k2,main,2,128,zipf,1,2,10000,False,graph,adaptive,101,selector_ms,ok,1.1488144735363524,0.306699,ok,0.26697,ok
main-l2-n128-zipf-w1-k2,main,2,128,zipf,1,2,10000,False,graph,adaptive,101,batch_ms,ok,1.1013796892800614,0.436979,ok,0.396756,ok
main-l2-n128-zipf-w1-k2,main,2,128,zipf,1,2,10000,False,native,graph,101,batch_ms,ok,0.312085935479737,0.136375,ok,0.436979,ok
main-l2-n128-zipf-w1-k2,main,2,128,zipf,1,2,10000,False,native,lazy,101,batch_ms,ok,0.34307226718254336,0.136375,ok,0.397511,ok
main-l2-n128-zipf-w1-k2,main,2,128,zipf,1,2,10000,False,native,profile,101,batch_ms,ok,0.28467622580382546,0.136375,ok,0.479053,ok
main-l2-n128-zipf-w1-k2,main,2,128,zipf,1,2,10000,False,native,adaptive,101,batch_ms,ok,0.34372511064735,0.136375,ok,0.396756,ok
main-l2-n2048-uniform-w1-k2,main,2,2048,uniform,1,2,10000,False,graph,lazy,11,selector_ms,ok,0.8440289213503261,3.055172,ok,3.619748,ok
main-l2-n2048-uniform-w1-k2,main,2,2048,uniform,1,2,10000,False,graph,lazy,11,batch_ms,ok,0.9030850742011598,5.224302,ok,5.78495,ok
main-l2-n2048-uniform-w1-k2,main,2,2048,uniform,1,2,10000,False,graph,profile,11,selector_ms,ok,0.7579785465692672,3.055172,ok,4.030684,ok
main-l2-n2048-uniform-w1-k2,main,2,2048,uniform,1,2,10000,False,graph,profile,11,batch_ms,ok,0.836211030560914,5.224302,ok,6.247588,ok
main-l2-n2048-uniform-w1-k2,main,2,2048,uniform,1,2,10000,False,graph,adaptive,11,selector_ms,ok,0.870639141390106,3.055172,ok,3.509114,ok
main-l2-n2048-uniform-w1-k2,main,2,2048,uniform,1,2,10000,False,graph,adaptive,11,batch_ms,ok,0.9234095172848239,5.224302,ok,5.657622,ok
main-l2-n2048-uniform-w1-k2,main,2,2048,uniform,1,2,10000,False,native,graph,11,batch_ms,ok,0.4564942838296867,2.384864,ok,5.224302,ok
main-l2-n2048-uniform-w1-k2,main,2,2048,uniform,1,2,10000,False,native,lazy,11,batch_ms,ok,0.41225317418473795,2.384864,ok,5.78495,ok
main-l2-n2048-uniform-w1-k2,main,2,2048,uniform,1,2,10000,False,native,profile,11,batch_ms,ok,0.3817255555263887,2.384864,ok,6.247588,ok
main-l2-n2048-uniform-w1-k2,main,2,2048,uniform,1,2,10000,False,native,adaptive,11,batch_ms,ok,0.4215311662744524,2.384864,ok,5.657622,ok
main-l2-n2048-uniform-w1-k2,main,2,2048,uniform,1,2,10000,False,graph,lazy,29,selector_ms,ok,0.8447013638137024,3.089589,ok,3.657611,ok
main-l2-n2048-uniform-w1-k2,main,2,2048,uniform,1,2,10000,False,graph,lazy,29,batch_ms,ok,0.9064155905292849,5.306543,ok,5.854426,ok
main-l2-n2048-uniform-w1-k2,main,2,2048,uniform,1,2,10000,False,graph,profile,29,selector_ms,ok,0.7583171954730541,3.089589,ok,4.07427,ok
main-l2-n2048-uniform-w1-k2,main,2,2048,uniform,1,2,10000,False,graph,profile,29,batch_ms,ok,0.8494754233615774,5.306543,ok,6.246847,ok
main-l2-n2048-uniform-w1-k2,main,2,2048,uniform,1,2,10000,False,graph,adaptive,29,selector_ms,ok,0.8465446110267651,3.089589,ok,3.649647,ok
main-l2-n2048-uniform-w1-k2,main,2,2048,uniform,1,2,10000,False,graph,adaptive,29,batch_ms,ok,0.9135532396747285,5.306543,ok,5.808685,ok
main-l2-n2048-uniform-w1-k2,main,2,2048,uniform,1,2,10000,False,native,graph,29,batch_ms,ok,0.44554863684323304,2.364323,ok,5.306543,ok
main-l2-n2048-uniform-w1-k2,main,2,2048,uniform,1,2,10000,False,native,lazy,29,batch_ms,ok,0.40385223077377697,2.364323,ok,5.854426,ok
main-l2-n2048-uniform-w1-k2,main,2,2048,uniform,1,2,10000,False,native,profile,29,batch_ms,ok,0.3784826169105791,2.364323,ok,6.246847,ok
main-l2-n2048-uniform-w1-k2,main,2,2048,uniform,1,2,10000,False,native,adaptive,29,batch_ms,ok,0.4070324006207946,2.364323,ok,5.808685,ok
main-l2-n2048-uniform-w1-k2,main,2,2048,uniform,1,2,10000,False,graph,lazy,47,selector_ms,ok,0.8760914836125022,3.002956,ok,3.427674,ok
main-l2-n2048-uniform-w1-k2,main,2,2048,uniform,1,2,10000,False,graph,lazy,47,batch_ms,ok,0.9399711451596229,5.228425,ok,5.562325,ok
main-l2-n2048-uniform-w1-k2,main,2,2048,uniform,1,2,10000,False,graph,profile,47,selector_ms,ok,0.7584836873102028,3.002956,ok,3.959157,ok
main-l2-n2048-uniform-w1-k2,main,2,2048,uniform,1,2,10000,False,graph,profile,47,batch_ms,ok,0.8462062597664706,5.228425,ok,6.178665,ok
main-l2-n2048-uniform-w1-k2,main,2,2048,uniform,1,2,10000,False,graph,adaptive,47,selector_ms,ok,0.8735772888685772,3.002956,ok,3.437539,ok
main-l2-n2048-uniform-w1-k2,main,2,2048,uniform,1,2,10000,False,graph,adaptive,47,batch_ms,ok,0.9320913945791917,5.228425,ok,5.609348,ok
main-l2-n2048-uniform-w1-k2,main,2,2048,uniform,1,2,10000,False,native,graph,47,batch_ms,ok,0.4462655579835228,2.333266,ok,5.228425,ok
main-l2-n2048-uniform-w1-k2,main,2,2048,uniform,1,2,10000,False,native,lazy,47,batch_ms,ok,0.41947674758307,2.333266,ok,5.562325,ok
main-l2-n2048-uniform-w1-k2,main,2,2048,uniform,1,2,10000,False,native,profile,47,batch_ms,ok,0.37763270868383386,2.333266,ok,6.178665,ok
main-l2-n2048-uniform-w1-k2,main,2,2048,uniform,1,2,10000,False,native,adaptive,47,batch_ms,ok,0.4159602862935229,2.333266,ok,5.609348,ok
main-l2-n2048-uniform-w1-k2,main,2,2048,uniform,1,2,10000,False,graph,lazy,71,selector_ms,ok,0.8825468952459431,3.118821,ok,3.533887,ok
main-l2-n2048-uniform-w1-k2,main,2,2048,uniform,1,2,10000,False,graph,lazy,71,batch_ms,ok,0.9298906582215328,5.28585,ok,5.684378,ok
main-l2-n2048-uniform-w1-k2,main,2,2048,uniform,1,2,10000,False,graph,profile,71,selector_ms,ok,0.7556786366668371,3.118821,ok,4.127179,ok
main-l2-n2048-uniform-w1-k2,main,2,2048,uniform,1,2,10000,False,graph,profile,71,batch_ms,ok,0.8395535278211252,5.28585,ok,6.296025,ok
main-l2-n2048-uniform-w1-k2,main,2,2048,uniform,1,2,10000,False,graph,adaptive,71,selector_ms,ok,0.8897248427201981,3.118821,ok,3.505377,ok
main-l2-n2048-uniform-w1-k2,main,2,2048,uniform,1,2,10000,False,graph,adaptive,71,batch_ms,ok,0.9361880973216928,5.28585,ok,5.646141,ok
main-l2-n2048-uniform-w1-k2,main,2,2048,uniform,1,2,10000,False,native,graph,71,batch_ms,ok,0.44058949837774436,2.32889,ok,5.28585,ok
main-l2-n2048-uniform-w1-k2,main,2,2048,uniform,1,2,10000,False,native,lazy,71,batch_ms,ok,0.4097000586519757,2.32889,ok,5.684378,ok
main-l2-n2048-uniform-w1-k2,main,2,2048,uniform,1,2,10000,False,native,profile,71,batch_ms,ok,0.36989846768397516,2.32889,ok,6.296025,ok
main-l2-n2048-uniform-w1-k2,main,2,2048,uniform,1,2,10000,False,native,adaptive,71,batch_ms,ok,0.4124746441861795,2.32889,ok,5.646141,ok
main-l2-n2048-uniform-w1-k2,main,2,2048,uniform,1,2,10000,False,graph,lazy,101,selector_ms,ok,0.8961818343266537,3.058035,ok,3.412293,ok
main-l2-n2048-uniform-w1-k2,main,2,2048,uniform,1,2,10000,False,graph,lazy,101,batch_ms,ok,0.9412536114729557,5.268284,ok,5.597093,ok
main-l2-n2048-uniform-w1-k2,main,2,2048,uniform,1,2,10000,False,graph,profile,101,selector_ms,ok,0.768245110092937,3.058035,ok,3.980546,ok
main-l2-n2048-uniform-w1-k2,main,2,2048,uniform,1,2,10000,False,graph,profile,101,batch_ms,ok,0.8524587935737005,5.268284,ok,6.180104,ok
main-l2-n2048-uniform-w1-k2,main,2,2048,uniform,1,2,10000,False,graph,adaptive,101,selector_ms,ok,0.9003419964987754,3.058035,ok,3.396526,ok
main-l2-n2048-uniform-w1-k2,main,2,2048,uniform,1,2,10000,False,graph,adaptive,101,batch_ms,ok,0.9471910144681562,5.268284,ok,5.562008,ok
main-l2-n2048-uniform-w1-k2,main,2,2048,uniform,1,2,10000,False,native,graph,101,batch_ms,ok,0.4441907459810443,2.340123,ok,5.268284,ok
main-l2-n2048-uniform-w1-k2,main,2,2048,uniform,1,2,10000,False,native,lazy,101,batch_ms,ok,0.41809614383752425,2.340123,ok,5.597093,ok
main-l2-n2048-uniform-w1-k2,main,2,2048,uniform,1,2,10000,False,native,profile,101,batch_ms,ok,0.3786543074356031,2.340123,ok,6.180104,ok
main-l2-n2048-uniform-w1-k2,main,2,2048,uniform,1,2,10000,False,native,adaptive,101,batch_ms,ok,0.42073348330315247,2.340123,ok,5.562008,ok
main-l2-n2048-zipf-w1-k2,main,2,2048,zipf,1,2,10000,False,graph,lazy,11,selector_ms,ok,4.342877034365825,34.327429,ok,7.904306,ok
main-l2-n2048-zipf-w1-k2,main,2,2048,zipf,1,2,10000,False,graph,lazy,11,batch_ms,ok,3.7750119053501017,35.909914,ok,9.51253,ok
main-l2-n2048-zipf-w1-k2,main,2,2048,zipf,1,2,10000,False,graph,profile,11,selector_ms,ok,3.6978618445148617,34.327429,ok,9.283048,ok
main-l2-n2048-zipf-w1-k2,main,2,2048,zipf,1,2,10000,False,graph,profile,11,batch_ms,ok,3.291835028710352,35.909914,ok,10.908783,ok
main-l2-n2048-zipf-w1-k2,main,2,2048,zipf,1,2,10000,False,graph,adaptive,11,selector_ms,ok,4.350647240516039,34.327429,ok,7.890189,ok
main-l2-n2048-zipf-w1-k2,main,2,2048,zipf,1,2,10000,False,graph,adaptive,11,batch_ms,ok,3.7802738710234003,35.909914,ok,9.499289,ok
main-l2-n2048-zipf-w1-k2,main,2,2048,zipf,1,2,10000,False,native,graph,11,batch_ms,ok,0.047763133044540294,1.71517,ok,35.909914,ok
main-l2-n2048-zipf-w1-k2,main,2,2048,zipf,1,2,10000,False,native,lazy,11,batch_ms,ok,0.18030639587996045,1.71517,ok,9.51253,ok
main-l2-n2048-zipf-w1-k2,main,2,2048,zipf,1,2,10000,False,native,profile,11,batch_ms,ok,0.15722835443697067,1.71517,ok,10.908783,ok
main-l2-n2048-zipf-w1-k2,main,2,2048,zipf,1,2,10000,False,native,adaptive,11,batch_ms,ok,0.18055772384649002,1.71517,ok,9.499289,ok
main-l2-n2048-zipf-w1-k2,main,2,2048,zipf,1,2,10000,False,graph,lazy,29,selector_ms,ok,4.62969261693042,35.030509,ok,7.566487,ok
main-l2-n2048-zipf-w1-k2,main,2,2048,zipf,1,2,10000,False,graph,lazy,29,batch_ms,ok,3.9953753793966342,36.639518,ok,9.170482,ok
main-l2-n2048-zipf-w1-k2,main,2,2048,zipf,1,2,10000,False,graph,profile,29,selector_ms,ok,3.8650610180883995,35.030509,ok,9.063378,ok
main-l2-n2048-zipf-w1-k2,main,2,2048,zipf,1,2,10000,False,graph,profile,29,batch_ms,ok,3.428335339771777,36.639518,ok,10.687262,ok
main-l2-n2048-zipf-w1-k2,main,2,2048,zipf,1,2,10000,False,graph,adaptive,29,selector_ms,ok,4.628170177841758,35.030509,ok,7.568976,ok
main-l2-n2048-zipf-w1-k2,main,2,2048,zipf,1,2,10000,False,graph,adaptive,29,batch_ms,ok,3.9925063244573,36.639518,ok,9.177072,ok
main-l2-n2048-zipf-w1-k2,main,2,2048,zipf,1,2,10000,False,native,graph,29,batch_ms,ok,0.04622599019998024,1.693698,ok,36.639518,ok
main-l2-n2048-zipf-w1-k2,main,2,2048,zipf,1,2,10000,False,native,lazy,29,batch_ms,ok,0.18469018313323116,1.693698,ok,9.170482,ok
main-l2-n2048-zipf-w1-k2,main,2,2048,zipf,1,2,10000,False,native,profile,29,batch_ms,ok,0.15847819581853612,1.693698,ok,10.687262,ok
main-l2-n2048-zipf-w1-k2,main,2,2048,zipf,1,2,10000,False,native,adaptive,29,batch_ms,ok,0.1845575582277223,1.693698,ok,9.177072,ok
main-l2-n2048-zipf-w1-k2,main,2,2048,zipf,1,2,10000,False,graph,lazy,47,selector_ms,ok,4.520987190926641,37.073718,ok,8.200359,ok
main-l2-n2048-zipf-w1-k2,main,2,2048,zipf,1,2,10000,False,graph,lazy,47,batch_ms,ok,3.9533649131185014,38.726882,ok,9.795929,ok
main-l2-n2048-zipf-w1-k2,main,2,2048,zipf,1,2,10000,False,graph,profile,47,selector_ms,ok,4.2308270717019605,37.073718,ok,8.762759,ok
main-l2-n2048-zipf-w1-k2,main,2,2048,zipf,1,2,10000,False,graph,profile,47,batch_ms,ok,3.6970484524176954,38.726882,ok,10.475081,ok
main-l2-n2048-zipf-w1-k2,main,2,2048,zipf,1,2,10000,False,graph,adaptive,47,selector_ms,ok,4.441375233891566,37.073718,ok,8.347351,ok
main-l2-n2048-zipf-w1-k2,main,2,2048,zipf,1,2,10000,False,graph,adaptive,47,batch_ms,ok,3.889764655815496,38.726882,ok,9.956099,ok
main-l2-n2048-zipf-w1-k2,main,2,2048,zipf,1,2,10000,False,native,graph,47,batch_ms,ok,0.04477682969674656,1.734067,ok,38.726882,ok
main-l2-n2048-zipf-w1-k2,main,2,2048,zipf,1,2,10000,False,native,lazy,47,batch_ms,ok,0.1770191474438004,1.734067,ok,9.795929,ok
main-l2-n2048-zipf-w1-k2,main,2,2048,zipf,1,2,10000,False,native,profile,47,batch_ms,ok,0.1655421089345276,1.734067,ok,10.475081,ok
main-l2-n2048-zipf-w1-k2,main,2,2048,zipf,1,2,10000,False,native,adaptive,47,batch_ms,ok,0.17417132955387446,1.734067,ok,9.956099,ok
main-l2-n2048-zipf-w1-k2,main,2,2048,zipf,1,2,10000,False,graph,lazy,71,selector_ms,ok,4.48291141661561,35.274833,ok,7.868733,ok
main-l2-n2048-zipf-w1-k2,main,2,2048,zipf,1,2,10000,False,graph,lazy,71,batch_ms,ok,3.9050572148244096,36.876166,ok,9.443182,ok
main-l2-n2048-zipf-w1-k2,main,2,2048,zipf,1,2,10000,False,graph,profile,71,selector_ms,ok,3.8871547303177905,35.274833,ok,9.074718,ok
main-l2-n2048-zipf-w1-k2,main,2,2048,zipf,1,2,10000,False,graph,profile,71,batch_ms,ok,3.4516730045959387,36.876166,ok,10.683563,ok
main-l2-n2048-zipf-w1-k2,main,2,2048,zipf,1,2,10000,False,graph,adaptive,71,selector_ms,ok,4.472191206571838,35.274833,ok,7.887595,ok
main-l2-n2048-zipf-w1-k2,main,2,2048,zipf,1,2,10000,False,graph,adaptive,71,batch_ms,ok,3.8896628003674043,36.876166,ok,9.480556,ok
main-l2-n2048-zipf-w1-k2,main,2,2048,zipf,1,2,10000,False,native,graph,71,batch_ms,ok,0.04515146721055546,1.665013,ok,36.876166,ok
main-l2-n2048-zipf-w1-k2,main,2,2048,zipf,1,2,10000,False,native,lazy,71,batch_ms,ok,0.17631906279048737,1.665013,ok,9.443182,ok
main-l2-n2048-zipf-w1-k2,main,2,2048,zipf,1,2,10000,False,native,profile,71,batch_ms,ok,0.15584810048857298,1.665013,ok,10.683563,ok
main-l2-n2048-zipf-w1-k2,main,2,2048,zipf,1,2,10000,False,native,adaptive,71,batch_ms,ok,0.1756239823909062,1.665013,ok,9.480556,ok
main-l2-n2048-zipf-w1-k2,main,2,2048,zipf,1,2,10000,False,graph,lazy,101,selector_ms,ok,4.772443146196227,37.299793,ok,7.81566,ok
main-l2-n2048-zipf-w1-k2,main,2,2048,zipf,1,2,10000,False,graph,lazy,101,batch_ms,ok,4.124769427288778,38.891197,ok,9.428696,ok
main-l2-n2048-zipf-w1-k2,main,2,2048,zipf,1,2,10000,False,graph,profile,101,selector_ms,ok,4.131576373499235,37.299793,ok,9.027981,ok
main-l2-n2048-zipf-w1-k2,main,2,2048,zipf,1,2,10000,False,graph,profile,101,batch_ms,ok,3.662166110704373,38.891197,ok,10.619725,ok
main-l2-n2048-zipf-w1-k2,main,2,2048,zipf,1,2,10000,False,graph,adaptive,101,selector_ms,ok,4.768002537153875,37.299793,ok,7.822939,ok
main-l2-n2048-zipf-w1-k2,main,2,2048,zipf,1,2,10000,False,graph,adaptive,101,batch_ms,ok,4.121439909846144,38.891197,ok,9.436313,ok
main-l2-n2048-zipf-w1-k2,main,2,2048,zipf,1,2,10000,False,native,graph,101,batch_ms,ok,0.04448093999266724,1.729917,ok,38.891197,ok
main-l2-n2048-zipf-w1-k2,main,2,2048,zipf,1,2,10000,False,native,lazy,101,batch_ms,ok,0.18347362137882056,1.729917,ok,9.428696,ok
main-l2-n2048-zipf-w1-k2,main,2,2048,zipf,1,2,10000,False,native,profile,101,batch_ms,ok,0.16289659101342077,1.729917,ok,10.619725,ok
main-l2-n2048-zipf-w1-k2,main,2,2048,zipf,1,2,10000,False,native,adaptive,101,batch_ms,ok,0.1833255213132502,1.729917,ok,9.436313,ok
main-l2-n32768-uniform-w1-k2,main,2,32768,uniform,1,2,10000,False,graph,lazy,11,selector_ms,ok,3.9856943603073876,475.681729,ok,119.347267,ok
main-l2-n32768-uniform-w1-k2,main,2,32768,uniform,1,2,10000,False,graph,lazy,11,batch_ms,ok,3.418727302061053,507.016373,ok,148.305591,ok
main-l2-n32768-uniform-w1-k2,main,2,32768,uniform,1,2,10000,False,graph,profile,11,selector_ms,ok,2.0785826398901612,475.681729,ok,228.849082,ok
main-l2-n32768-uniform-w1-k2,main,2,32768,uniform,1,2,10000,False,graph,profile,11,batch_ms,ok,1.9586872916912066,507.016373,ok,258.855191,ok
main-l2-n32768-uniform-w1-k2,main,2,32768,uniform,1,2,10000,False,graph,adaptive,11,selector_ms,ok,3.981015767444915,475.681729,ok,119.487527,ok
main-l2-n32768-uniform-w1-k2,main,2,32768,uniform,1,2,10000,False,graph,adaptive,11,batch_ms,ok,3.412621700794653,507.016373,ok,148.570928,ok
main-l2-n32768-uniform-w1-k2,main,2,32768,uniform,1,2,10000,False,native,graph,11,batch_ms,ok,0.060837871600647506,30.845797,ok,507.016373,ok
main-l2-n32768-uniform-w1-k2,main,2,32768,uniform,1,2,10000,False,native,lazy,11,batch_ms,ok,0.2079880926404184,30.845797,ok,148.305591,ok
main-l2-n32768-uniform-w1-k2,main,2,32768,uniform,1,2,10000,False,native,profile,11,batch_ms,ok,0.11916236595772964,30.845797,ok,258.855191,ok
main-l2-n32768-uniform-w1-k2,main,2,32768,uniform,1,2,10000,False,native,adaptive,11,batch_ms,ok,0.2076166408545284,30.845797,ok,148.570928,ok
main-l2-n32768-uniform-w1-k2,main,2,32768,uniform,1,2,10000,False,graph,lazy,29,selector_ms,ok,4.036175909392498,473.838822,ok,117.397961,ok
main-l2-n32768-uniform-w1-k2,main,2,32768,uniform,1,2,10000,False,graph,lazy,29,batch_ms,ok,3.4648455927767756,503.776987,ok,145.396663,ok
main-l2-n32768-uniform-w1-k2,main,2,32768,uniform,1,2,10000,False,graph,profile,29,selector_ms,ok,2.069796142089412,473.838822,ok,228.930189,ok
main-l2-n32768-uniform-w1-k2,main,2,32768,uniform,1,2,10000,False,graph,profile,29,batch_ms,ok,1.9512842953783816,503.776987,ok,258.177134,ok
main-l2-n32768-uniform-w1-k2,main,2,32768,uniform,1,2,10000,False,graph,adaptive,29,selector_ms,ok,3.9548063101585424,473.838822,ok,119.813408,ok
main-l2-n32768-uniform-w1-k2,main,2,32768,uniform,1,2,10000,False,graph,adaptive,29,batch_ms,ok,3.389028306063202,503.776987,ok,148.649389,ok
main-l2-n32768-uniform-w1-k2,main,2,32768,uniform,1,2,10000,False,native,graph,29,batch_ms,ok,0.060890066024393445,30.675014,ok,503.776987,ok
main-l2-n32768-uniform-w1-k2,main,2,32768,uniform,1,2,10000,False,native,lazy,29,batch_ms,ok,0.21097467690850652,30.675014,ok,145.396663,ok
main-l2-n32768-uniform-w1-k2,main,2,32768,uniform,1,2,10000,False,native,profile,29,batch_ms,ok,0.1188138295779517,30.675014,ok,258.177134,ok
main-l2-n32768-uniform-w1-k2,main,2,32768,uniform,1,2,10000,False,native,adaptive,29,batch_ms,ok,0.20635815731472665,30.675014,ok,148.649389,ok
main-l2-n32768-uniform-w1-k2,main,2,32768,uniform,1,2,10000,False,graph,lazy,47,selector_ms,ok,3.912365218657653,468.312245,ok,119.700544,ok
main-l2-n32768-uniform-w1-k2,main,2,32768,uniform,1,2,10000,False,graph,lazy,47,batch_ms,ok,3.3722795379467403,498.648936,ok,147.867023,ok
main-l2-n32768-uniform-w1-k2,main,2,32768,uniform,1,2,10000,False,graph,profile,47,selector_ms,ok,2.014773791153459,468.312245,ok,232.439119,ok
main-l2-n32768-uniform-w1-k2,main,2,32768,uniform,1,2,10000,False,graph,profile,47,batch_ms,ok,1.9116442762417094,498.648936,ok,260.848183,ok
main-l2-n32768-uniform-w1-k2,main,2,32768,uniform,1,2,10000,False,graph,adaptive,47,selector_ms,ok,3.959596439824869,468.312245,ok,118.272721,ok
main-l2-n32768-uniform-w1-k2,main,2,32768,uniform,1,2,10000,False,graph,adaptive,47,batch_ms,ok,3.3993043099091786,498.648936,ok,146.691467,ok
main-l2-n32768-uniform-w1-k2,main,2,32768,uniform,1,2,10000,False,native,graph,47,batch_ms,ok,0.06321851251277913,31.523844,ok,498.648936,ok
main-l2-n32768-uniform-w1-k2,main,2,32768,uniform,1,2,10000,False,native,lazy,47,batch_ms,ok,0.21319049616627503,31.523844,ok,147.867023,ok
main-l2-n32768-uniform-w1-k2,main,2,32768,uniform,1,2,10000,False,native,profile,47,batch_ms,ok,0.12085130759756912,31.523844,ok,260.848183,ok
main-l2-n32768-uniform-w1-k2,main,2,32768,uniform,1,2,10000,False,native,adaptive,47,batch_ms,ok,0.21489896205073744,31.523844,ok,146.691467,ok
main-l2-n32768-uniform-w1-k2,main,2,32768,uniform,1,2,10000,False,graph,lazy,71,selector_ms,ok,3.9952395356257444,475.416501,ok,118.995744,ok
main-l2-n32768-uniform-w1-k2,main,2,32768,uniform,1,2,10000,False,graph,lazy,71,batch_ms,ok,3.4227110637837757,505.42653,ok,147.668477,ok
main-l2-n32768-uniform-w1-k2,main,2,32768,uniform,1,2,10000,False,graph,profile,71,selector_ms,ok,2.0640955175371194,475.416501,ok,230.326793,ok
main-l2-n32768-uniform-w1-k2,main,2,32768,uniform,1,2,10000,False,graph,profile,71,batch_ms,ok,1.9455485182071015,505.42653,ok,259.786135,ok
main-l2-n32768-uniform-w1-k2,main,2,32768,uniform,1,2,10000,False,graph,adaptive,71,selector_ms,ok,3.9377761602036494,475.416501,ok,120.732231,ok
main-l2-n32768-uniform-w1-k2,main,2,32768,uniform,1,2,10000,False,graph,adaptive,71,batch_ms,ok,3.3671042917467373,505.42653,ok,150.10718,ok
main-l2-n32768-uniform-w1-k2,main,2,32768,uniform,1,2,10000,False,native,graph,71,batch_ms,ok,0.06156610932156648,31.117145,ok,505.42653,ok
main-l2-n32768-uniform-w1-k2,main,2,32768,uniform,1,2,10000,False,native,lazy,71,batch_ms,ok,0.21072300352904705,31.117145,ok,147.668477,ok
main-l2-n32768-uniform-w1-k2,main,2,32768,uniform,1,2,10000,False,native,profile,71,batch_ms,ok,0.11977985276235008,31.117145,ok,259.786135,ok
main-l2-n32768-uniform-w1-k2,main,2,32768,uniform,1,2,10000,False,native,adaptive,71,batch_ms,ok,0.2072995109227953,31.117145,ok,150.10718,ok
main-l2-n32768-uniform-w1-k2,main,2,32768,uniform,1,2,10000,False,graph,lazy,101,selector_ms,ok,3.9552472501314075,474.172305,ok,119.884365,ok
main-l2-n32768-uniform-w1-k2,main,2,32768,uniform,1,2,10000,False,graph,lazy,101,batch_ms,ok,3.34539840283596,504.423373,ok,150.781256,ok
main-l2-n32768-uniform-w1-k2,main,2,32768,uniform,1,2,10000,False,graph,profile,101,selector_ms,ok,2.0202371545024933,474.172305,ok,234.711209,ok
main-l2-n32768-uniform-w1-k2,main,2,32768,uniform,1,2,10000,False,graph,profile,101,batch_ms,ok,1.9048554191475244,504.423373,ok,264.80927,ok
main-l2-n32768-uniform-w1-k2,main,2,32768,uniform,1,2,10000,False,graph,adaptive,101,selector_ms,ok,3.986927570683013,474.172305,ok,118.931758,ok
main-l2-n32768-uniform-w1-k2,main,2,32768,uniform,1,2,10000,False,graph,adaptive,101,batch_ms,ok,3.3926903072013386,504.423373,ok,148.679463,ok
main-l2-n32768-uniform-w1-k2,main,2,32768,uniform,1,2,10000,False,native,graph,101,batch_ms,ok,0.06101989052755491,30.779859,ok,504.423373,ok
main-l2-n32768-uniform-w1-k2,main,2,32768,uniform,1,2,10000,False,native,lazy,101,batch_ms,ok,0.2041358443121073,30.779859,ok,150.781256,ok
main-l2-n32768-uniform-w1-k2,main,2,32768,uniform,1,2,10000,False,native,profile,101,batch_ms,ok,0.11623406914720166,30.779859,ok,264.80927,ok
main-l2-n32768-uniform-w1-k2,main,2,32768,uniform,1,2,10000,False,native,adaptive,101,batch_ms,ok,0.2070215911393223,30.779859,ok,148.679463,ok
main-l2-n32768-zipf-w1-k2,main,2,32768,zipf,1,2,10000,False,graph,lazy,11,selector_ms,ok,29.883860200628693,12512.900523,ok,418.717677,ok
main-l2-n32768-zipf-w1-k2,main,2,32768,zipf,1,2,10000,False,graph,lazy,11,batch_ms,ok,28.302853313490132,12541.429686,ok,443.115383,ok
main-l2-n32768-zipf-w1-k2,main,2,32768,zipf,1,2,10000,False,graph,profile,11,selector_ms,ok,24.384138488930148,12512.900523,ok,513.157376,ok
main-l2-n32768-zipf-w1-k2,main,2,32768,zipf,1,2,10000,False,graph,profile,11,batch_ms,ok,23.323212676624625,12541.429686,ok,537.723077,ok
main-l2-n32768-zipf-w1-k2,main,2,32768,zipf,1,2,10000,False,graph,adaptive,11,selector_ms,ok,29.893297788128745,12512.900523,ok,418.585484,ok
main-l2-n32768-zipf-w1-k2,main,2,32768,zipf,1,2,10000,False,graph,adaptive,11,batch_ms,ok,28.340762548337015,12541.429686,ok,442.522662,ok
main-l2-n32768-zipf-w1-k2,main,2,32768,zipf,1,2,10000,False,native,graph,11,batch_ms,ok,0.0021044753796660566,26.39313,ok,12541.429686,ok
main-l2-n32768-zipf-w1-k2,main,2,32768,zipf,1,2,10000,False,native,lazy,11,batch_ms,ok,0.05956265797253985,26.39313,ok,443.115383,ok
main-l2-n32768-zipf-w1-k2,main,2,32768,zipf,1,2,10000,False,native,profile,11,batch_ms,ok,0.04908312685267179,26.39313,ok,537.723077,ok
main-l2-n32768-zipf-w1-k2,main,2,32768,zipf,1,2,10000,False,native,adaptive,11,batch_ms,ok,0.05964243702393709,26.39313,ok,442.522662,ok
main-l2-n32768-zipf-w1-k2,main,2,32768,zipf,1,2,10000,False,graph,lazy,29,selector_ms,ok,28.547345049573693,12492.650913,ok,437.611655,ok
main-l2-n32768-zipf-w1-k2,main,2,32768,zipf,1,2,10000,False,graph,lazy,29,batch_ms,ok,27.089594096395064,12520.958138,ok,462.205454,ok
main-l2-n32768-zipf-w1-k2,main,2,32768,zipf,1,2,10000,False,graph,profile,29,selector_ms,ok,24.972114202322437,12492.650913,ok,500.264047,ok
main-l2-n32768-zipf-w1-k2,main,2,32768,zipf,1,2,10000,False,graph,profile,29,batch_ms,ok,23.84912971813781,12520.958138,ok,525.00692,ok
main-l2-n32768-zipf-w1-k2,main,2,32768,zipf,1,2,10000,False,graph,adaptive,29,selector_ms,ok,28.450673652572217,12492.650913,ok,439.098598,ok
main-l2-n32768-zipf-w1-k2,main,2,32768,zipf,1,2,10000,False,graph,adaptive,29,batch_ms,ok,26.998949085950766,12520.958138,ok,463.757241,ok
main-l2-n32768-zipf-w1-k2,main,2,32768,zipf,1,2,10000,False,native,graph,29,batch_ms,ok,0.0021126744222327823,26.452708,ok,12520.958138,ok
main-l2-n32768-zipf-w1-k2,main,2,32768,zipf,1,2,10000,False,native,lazy,29,batch_ms,ok,0.057231492556122025,26.452708,ok,462.205454,ok
main-l2-n32768-zipf-w1-k2,main,2,32768,zipf,1,2,10000,False,native,profile,29,batch_ms,ok,0.050385446348021466,26.452708,ok,525.00692,ok
main-l2-n32768-zipf-w1-k2,main,2,32768,zipf,1,2,10000,False,native,adaptive,29,batch_ms,ok,0.05703998916105334,26.452708,ok,463.757241,ok
main-l2-n32768-zipf-w1-k2,main,2,32768,zipf,1,2,10000,False,graph,lazy,47,selector_ms,ok,29.595112311555262,13132.453573,ok,443.737244,ok
main-l2-n32768-zipf-w1-k2,main,2,32768,zipf,1,2,10000,False,graph,lazy,47,batch_ms,ok,28.092886514618655,13160.883079,ok,468.477423,ok
main-l2-n32768-zipf-w1-k2,main,2,32768,zipf,1,2,10000,False,graph,profile,47,selector_ms,ok,26.15740372179552,13132.453573,ok,502.054933,ok
main-l2-n32768-zipf-w1-k2,main,2,32768,zipf,1,2,10000,False,graph,profile,47,batch_ms,ok,24.935090941363804,13160.883079,ok,527.805698,ok
main-l2-n32768-zipf-w1-k2,main,2,32768,zipf,1,2,10000,False,graph,adaptive,47,selector_ms,ok,29.64346652087786,13132.453573,ok,443.013423,ok
main-l2-n32768-zipf-w1-k2,main,2,32768,zipf,1,2,10000,False,graph,adaptive,47,batch_ms,ok,28.17347242245625,13160.883079,ok,467.137415,ok
main-l2-n32768-zipf-w1-k2,main,2,32768,zipf,1,2,10000,False,native,graph,47,batch_ms,ok,0.002037966361299668,26.821437,ok,13160.883079,ok
main-l2-n32768-zipf-w1-k2,main,2,32768,zipf,1,2,10000,False,native,lazy,47,batch_ms,ok,0.057252357708601896,26.821437,ok,468.477423,ok
main-l2-n32768-zipf-w1-k2,main,2,32768,zipf,1,2,10000,False,native,profile,47,batch_ms,ok,0.050816876554447506,26.821437,ok,527.805698,ok
main-l2-n32768-zipf-w1-k2,main,2,32768,zipf,1,2,10000,False,native,adaptive,47,batch_ms,ok,0.057416589077969704,26.821437,ok,467.137415,ok
main-l2-n32768-zipf-w1-k2,main,2,32768,zipf,1,2,10000,False,graph,lazy,71,selector_ms,ok,28.495845080348698,12483.653898,ok,438.086811,ok
main-l2-n32768-zipf-w1-k2,main,2,32768,zipf,1,2,10000,False,graph,lazy,71,batch_ms,ok,27.04996690113181,12512.140774,ok,462.556602,ok
main-l2-n32768-zipf-w1-k2,main,2,32768,zipf,1,2,10000,False,graph,profile,71,selector_ms,ok,24.475246475937336,12483.653898,ok,510.052224,ok
main-l2-n32768-zipf-w1-k2,main,2,32768,zipf,1,2,10000,False,graph,profile,71,batch_ms,ok,23.411060574075556,12512.140774,ok,534.454248,ok
main-l2-n32768-zipf-w1-k2,main,2,32768,zipf,1,2,10000,False,graph,adaptive,71,selector_ms,ok,28.45412102893857,12483.653898,ok,438.729205,ok
main-l2-n32768-zipf-w1-k2,main,2,32768,zipf,1,2,10000,False,graph,adaptive,71,batch_ms,ok,27.018493361116718,12512.140774,ok,463.095429,ok
main-l2-n32768-zipf-w1-k2,main,2,32768,zipf,1,2,10000,False,native,graph,71,batch_ms,ok,0.002129421214262946,26.643618,ok,12512.140774,ok
main-l2-n32768-zipf-w1-k2,main,2,32768,zipf,1,2,10000,False,native,lazy,71,batch_ms,ok,0.0576007733643806,26.643618,ok,462.556602,ok
main-l2-n32768-zipf-w1-k2,main,2,32768,zipf,1,2,10000,False,native,profile,71,batch_ms,ok,0.049852009034831356,26.643618,ok,534.454248,ok
main-l2-n32768-zipf-w1-k2,main,2,32768,zipf,1,2,10000,False,native,adaptive,71,batch_ms,ok,0.05753375294058452,26.643618,ok,463.095429,ok
main-l2-n32768-zipf-w1-k2,main,2,32768,zipf,1,2,10000,False,graph,lazy,101,selector_ms,ok,28.03150511393145,12129.711125,ok,432.717083,ok
main-l2-n32768-zipf-w1-k2,main,2,32768,zipf,1,2,10000,False,graph,lazy,101,batch_ms,ok,26.600220472544997,12158.357485,ok,457.07732,ok
main-l2-n32768-zipf-w1-k2,main,2,32768,zipf,1,2,10000,False,graph,profile,101,selector_ms,ok,23.327526073770876,12129.711125,ok,519.974175,ok
main-l2-n32768-zipf-w1-k2,main,2,32768,zipf,1,2,10000,False,graph,profile,101,batch_ms,ok,22.31872552061348,12158.357485,ok,544.760384,ok
main-l2-n32768-zipf-w1-k2,main,2,32768,zipf,1,2,10000,False,graph,adaptive,101,selector_ms,ok,27.99262633354088,12129.711125,ok,433.318081,ok
main-l2-n32768-zipf-w1-k2,main,2,32768,zipf,1,2,10000,False,graph,adaptive,101,batch_ms,ok,26.585006533470125,12158.357485,ok,457.338894,ok
main-l2-n32768-zipf-w1-k2,main,2,32768,zipf,1,2,10000,False,native,graph,101,batch_ms,ok,0.002194990403343943,26.687478,ok,12158.357485,ok
main-l2-n32768-zipf-w1-k2,main,2,32768,zipf,1,2,10000,False,native,lazy,101,batch_ms,ok,0.058387228664069354,26.687478,ok,457.07732,ok
main-l2-n32768-zipf-w1-k2,main,2,32768,zipf,1,2,10000,False,native,profile,101,batch_ms,ok,0.04898938833261414,26.687478,ok,544.760384,ok
main-l2-n32768-zipf-w1-k2,main,2,32768,zipf,1,2,10000,False,native,adaptive,101,batch_ms,ok,0.05835383421380295,26.687478,ok,457.338894,ok
main-l2-n512-uniform-w1-k2,main,2,512,uniform,1,2,10000,False,graph,lazy,11,selector_ms,ok,0.94823889075232,0.568235,ok,0.599253,ok
main-l2-n512-uniform-w1-k2,main,2,512,uniform,1,2,10000,False,graph,lazy,11,batch_ms,ok,0.9738599829073742,1.148625,ok,1.179456,ok
main-l2-n512-uniform-w1-k2,main,2,512,uniform,1,2,10000,False,graph,profile,11,selector_ms,ok,0.8632287506437357,0.568235,ok,0.658267,ok
main-l2-n512-uniform-w1-k2,main,2,512,uniform,1,2,10000,False,graph,profile,11,batch_ms,ok,0.9107260515421984,1.148625,ok,1.261219,ok
main-l2-n512-uniform-w1-k2,main,2,512,uniform,1,2,10000,False,graph,adaptive,11,selector_ms,ok,0.9529491473123023,0.568235,ok,0.596291,ok
main-l2-n512-uniform-w1-k2,main,2,512,uniform,1,2,10000,False,graph,adaptive,11,batch_ms,ok,0.9738756711888807,1.148625,ok,1.179437,ok
main-l2-n512-uniform-w1-k2,main,2,512,uniform,1,2,10000,False,native,graph,11,batch_ms,ok,0.5371822831646534,0.617021,ok,1.148625,ok
main-l2-n512-uniform-w1-k2,main,2,512,uniform,1,2,10000,False,native,lazy,11,batch_ms,ok,0.5231403291008736,0.617021,ok,1.179456,ok
main-l2-n512-uniform-w1-k2,main,2,512,uniform,1,2,10000,False,native,profile,11,batch_ms,ok,0.489225899704968,0.617021,ok,1.261219,ok
main-l2-n512-uniform-w1-k2,main,2,512,uniform,1,2,10000,False,native,adaptive,11,batch_ms,ok,0.5231487565677523,0.617021,ok,1.179437,ok
main-l2-n512-uniform-w1-k2,main,2,512,uniform,1,2,10000,False,graph,lazy,29,selector_ms,ok,0.9553508226589766,0.620829,ok,0.649844,ok
main-l2-n512-uniform-w1-k2,main,2,512,uniform,1,2,10000,False,graph,lazy,29,batch_ms,ok,0.9928417610302946,1.227765,ok,1.236617,ok
main-l2-n512-uniform-w1-k2,main,2,512,uniform,1,2,10000,False,graph,profile,29,selector_ms,ok,0.8723956174285485,0.620829,ok,0.711637,ok
main-l2-n512-uniform-w1-k2,main,2,512,uniform,1,2,10000,False,graph,profile,29,batch_ms,ok,0.9338753585421453,1.227765,ok,1.314699,ok
main-l2-n512-uniform-w1-k2,main,2,512,uniform,1,2,10000,False,graph,adaptive,29,selector_ms,ok,0.9093903941337683,0.620829,ok,0.682687,ok
main-l2-n512-uniform-w1-k2,main,2,512,uniform,1,2,10000,False,graph,adaptive,29,batch_ms,ok,0.95866788371038,1.227765,ok,1.280699,ok
main-l2-n512-uniform-w1-k2,main,2,512,uniform,1,2,10000,False,native,graph,29,batch_ms,ok,0.5068885332290789,0.62234,ok,1.227765,ok
main-l2-n512-uniform-w1-k2,main,2,512,uniform,1,2,10000,False,native,lazy,29,batch_ms,ok,0.5032601039772217,0.62234,ok,1.236617,ok
main-l2-n512-uniform-w1-k2,main,2,512,uniform,1,2,10000,False,native,profile,29,batch_ms,ok,0.4733707107102082,0.62234,ok,1.314699,ok
main-l2-n512-uniform-w1-k2,main,2,512,uniform,1,2,10000,False,native,adaptive,29,batch_ms,ok,0.48593775742777967,0.62234,ok,1.280699,ok
main-l2-n512-uniform-w1-k2,main,2,512,uniform,1,2,10000,False,graph,lazy,47,selector_ms,ok,0.9754136664604367,0.592794,ok,0.607736,ok
main-l2-n512-uniform-w1-k2,main,2,512,uniform,1,2,10000,False,graph,lazy,47,batch_ms,ok,0.9856546488303201,1.187154,ok,1.204432,ok
main-l2-n512-uniform-w1-k2,main,2,512,uniform,1,2,10000,False,graph,profile,47,selector_ms,ok,0.8819711838886872,0.592794,ok,0.672124,ok
main-l2-n512-uniform-w1-k2,main,2,512,uniform,1,2,10000,False,graph,profile,47,batch_ms,ok,0.9389166449829048,1.187154,ok,1.264387,ok
main-l2-n512-uniform-w1-k2,main,2,512,uniform,1,2,10000,False,graph,adaptive,47,selector_ms,ok,0.974467637418095,0.592794,ok,0.608326,ok
main-l2-n512-uniform-w1-k2,main,2,512,uniform,1,2,10000,False,graph,adaptive,47,batch_ms,ok,0.9836040310105779,1.187154,ok,1.206943,ok
main-l2-n512-uniform-w1-k2,main,2,512,uniform,1,2,10000,False,native,graph,47,batch_ms,ok,0.5268086533002458,0.625403,ok,1.187154,ok
main-l2-n512-uniform-w1-k2,main,2,512,uniform,1,2,10000,False,native,lazy,47,batch_ms,ok,0.5192513981694277,0.625403,ok,1.204432,ok
main-l2-n512-uniform-w1-k2,main,2,512,uniform,1,2,10000,False,native,profile,47,batch_ms,ok,0.4946294133046291,0.625403,ok,1.264387,ok
main-l2-n512-uniform-w1-k2,main,2,512,uniform,1,2,10000,False,native,adaptive,47,batch_ms,ok,0.5181711149573758,0.625403,ok,1.206943,ok
main-l2-n512-uniform-w1-k2,main,2,512,uniform,1,2,10000,False,graph,lazy,71,selector_ms,ok,0.9303019148201476,0.571157,ok,0.613948,ok
main-l2-n512-uniform-w1-k2,main,2,512,uniform,1,2,10000,False,graph,lazy,71,batch_ms,ok,0.9790288831201306,1.158946,ok,1.183771,ok
main-l2-n512-uniform-w1-k2,main,2,512,uniform,1,2,10000,False,graph,profile,71,selector_ms,ok,0.8170988517981248,0.571157,ok,0.699006,ok
main-l2-n512-uniform-w1-k2,main,2,512,uniform,1,2,10000,False,graph,profile,71,batch_ms,ok,0.9126543572023125,1.158946,ok,1.269863,ok
main-l2-n512-uniform-w1-k2,main,2,512,uniform,1,2,10000,False,graph,adaptive,71,selector_ms,ok,0.932516449248151,0.571157,ok,0.61249,ok
main-l2-n512-uniform-w1-k2,main,2,512,uniform,1,2,10000,False,graph,adaptive,71,batch_ms,ok,0.9761139925175145,1.158946,ok,1.187306,ok
main-l2-n512-uniform-w1-k2,main,2,512,uniform,1,2,10000,False,native,graph,71,batch_ms,ok,0.5375246128810143,0.622962,ok,1.158946,ok
main-l2-n512-uniform-w1-k2,main,2,512,uniform,1,2,10000,False,native,lazy,71,batch_ms,ok,0.52625212139848,0.622962,ok,1.183771,ok
main-l2-n512-uniform-w1-k2,main,2,512,uniform,1,2,10000,False,native,profile,71,batch_ms,ok,0.49057418004934394,0.622962,ok,1.269863,ok
main-l2-n512-uniform-w1-k2,main,2,512,uniform,1,2,10000,False,native,adaptive,71,batch_ms,ok,0.5246852959557182,0.622962,ok,1.187306,ok
main-l2-n512-uniform-w1-k2,main,2,512,uniform,1,2,10000,False,graph,lazy,101,selector_ms,ok,0.9193656634940207,0.572603,ok,0.622824,ok
main-l2-n512-uniform-w1-k2,main,2,512,uniform,1,2,10000,False,graph,lazy,101,batch_ms,ok,0.9598146084839018,1.169847,ok,1.218826,ok
main-l2-n512-uniform-w1-k2,main,2,512,uniform,1,2,10000,False,graph,profile,101,selector_ms,ok,0.8323927896496583,0.572603,ok,0.6879,ok
main-l2-n512-uniform-w1-k2,main,2,512,uniform,1,2,10000,False,graph,profile,101,batch_ms,ok,0.9120696631683831,1.169847,ok,1.282629,ok
main-l2-n512-uniform-w1-k2,main,2,512,uniform,1,2,10000,False,graph,adaptive,101,selector_ms,ok,0.9026382246211178,0.572603,ok,0.634366,ok
main-l2-n512-uniform-w1-k2,main,2,512,uniform,1,2,10000,False,graph,adaptive,101,batch_ms,ok,0.9692492389984109,1.169847,ok,1.206962,ok
main-l2-n512-uniform-w1-k2,main,2,512,uniform,1,2,10000,False,native,graph,101,batch_ms,ok,0.5144809534922087,0.601864,ok,1.169847,ok
main-l2-n512-uniform-w1-k2,main,2,512,uniform,1,2,10000,False,native,lazy,101,batch_ms,ok,0.4938063349485488,0.601864,ok,1.218826,ok
main-l2-n512-uniform-w1-k2,main,2,512,uniform,1,2,10000,False,native,profile,101,batch_ms,ok,0.4692424699581874,0.601864,ok,1.282629,ok
main-l2-n512-uniform-w1-k2,main,2,512,uniform,1,2,10000,False,native,adaptive,101,batch_ms,ok,0.49866027265150015,0.601864,ok,1.206962,ok
main-l2-n512-zipf-w1-k2,main,2,512,zipf,1,2,10000,False,graph,lazy,11,selector_ms,ok,1.8259022845651032,2.28525,ok,1.251573,ok
main-l2-n512-zipf-w1-k2,main,2,512,zipf,1,2,10000,False,graph,lazy,11,batch_ms,ok,1.610069230209802,2.745226,ok,1.705036,ok
main-l2-n512-zipf-w1-k2,main,2,512,zipf,1,2,10000,False,graph,profile,11,selector_ms,ok,1.4151109889150413,2.28525,ok,1.614891,ok
main-l2-n512-zipf-w1-k2,main,2,512,zipf,1,2,10000,False,graph,profile,11,batch_ms,ok,1.3200086743155155,2.745226,ok,2.079703,ok
main-l2-n512-zipf-w1-k2,main,2,512,zipf,1,2,10000,False,graph,adaptive,11,selector_ms,ok,1.8063917931595435,2.28525,ok,1.265091,ok
main-l2-n512-zipf-w1-k2,main,2,512,zipf,1,2,10000,False,graph,adaptive,11,batch_ms,ok,1.59096591208739,2.745226,ok,1.725509,ok
main-l2-n512-zipf-w1-k2,main,2,512,zipf,1,2,10000,False,native,graph,11,batch_ms,ok,0.17100814286328336,0.469456,ok,2.745226,ok
main-l2-n512-zipf-w1-k2,main,2,512,zipf,1,2,10000,False,native,lazy,11,batch_ms,ok,0.2753349489394945,0.469456,ok,1.705036,ok
main-l2-n512-zipf-w1-k2,main,2,512,zipf,1,2,10000,False,native,profile,11,batch_ms,ok,0.22573223195812095,0.469456,ok,2.079703,ok
main-l2-n512-zipf-w1-k2,main,2,512,zipf,1,2,10000,False,native,adaptive,11,batch_ms,ok,0.2720681259848543,0.469456,ok,1.725509,ok
main-l2-n512-zipf-w1-k2,main,2,512,zipf,1,2,10000,False,graph,lazy,29,selector_ms,ok,1.972344348653365,2.512674,ok,1.273953,ok
main-l2-n512-zipf-w1-k2,main,2,512,zipf,1,2,10000,False,graph,lazy,29,batch_ms,ok,1.7158149773397597,2.981443,ok,1.737625,ok
main-l2-n512-zipf-w1-k2,main,2,512,zipf,1,2,10000,False,graph,profile,29,selector_ms,ok,1.609818540365687,2.512674,ok,1.560843,ok
main-l2-n512-zipf-w1-k2,main,2,512,zipf,1,2,10000,False,graph,profile,29,batch_ms,ok,1.4729831010061338,2.981443,ok,2.024085,ok
main-l2-n512-zipf-w1-k2,main,2,512,zipf,1,2,10000,False,graph,adaptive,29,selector_ms,ok,1.9417012220472345,2.512674,ok,1.294058,ok
main-l2-n512-zipf-w1-k2,main,2,512,zipf,1,2,10000,False,graph,adaptive,29,batch_ms,ok,1.7027554153397695,2.981443,ok,1.750952,ok
main-l2-n512-zipf-w1-k2,main,2,512,zipf,1,2,10000,False,native,graph,29,batch_ms,ok,0.15792621224018033,0.470848,ok,2.981443,ok
main-l2-n512-zipf-w1-k2,main,2,512,zipf,1,2,10000,False,native,lazy,29,batch_ms,ok,0.2709721602762391,0.470848,ok,1.737625,ok
main-l2-n512-zipf-w1-k2,main,2,512,zipf,1,2,10000,False,native,profile,29,batch_ms,ok,0.23262264183569367,0.470848,ok,2.024085,ok
main-l2-n512-zipf-w1-k2,main,2,512,zipf,1,2,10000,False,native,adaptive,29,batch_ms,ok,0.2689097131160648,0.470848,ok,1.750952,ok
main-l2-n512-zipf-w1-k2,main,2,512,zipf,1,2,10000,False,graph,lazy,47,selector_ms,ok,2.06474986462605,2.661508,ok,1.289022,ok
main-l2-n512-zipf-w1-k2,main,2,512,zipf,1,2,10000,False,graph,lazy,47,batch_ms,ok,1.768491181704499,3.142386,ok,1.776874,ok
main-l2-n512-zipf-w1-k2,main,2,512,zipf,1,2,10000,False,graph,profile,47,selector_ms,ok,1.588365429776436,2.661508,ok,1.675627,ok
main-l2-n512-zipf-w1-k2,main,2,512,zipf,1,2,10000,False,graph,profile,47,batch_ms,ok,1.4659030476961747,3.142386,ok,2.143652,ok
main-l2-n512-zipf-w1-k2,main,2,512,zipf,1,2,10000,False,graph,adaptive,47,selector_ms,ok,2.099232715593667,2.661508,ok,1.267848,ok
main-l2-n512-zipf-w1-k2,main,2,512,zipf,1,2,10000,False,graph,adaptive,47,batch_ms,ok,1.8005218694707508,3.142386,ok,1.745264,ok
main-l2-n512-zipf-w1-k2,main,2,512,zipf,1,2,10000,False,native,graph,47,batch_ms,ok,0.14956182976884444,0.469981,ok,3.142386,ok
main-l2-n512-zipf-w1-k2,main,2,512,zipf,1,2,10000,False,native,lazy,47,batch_ms,ok,0.2644987770657908,0.469981,ok,1.776874,ok
main-l2-n512-zipf-w1-k2,main,2,512,zipf,1,2,10000,False,native,profile,47,batch_ms,ok,0.21924314207716553,0.469981,ok,2.143652,ok
main-l2-n512-zipf-w1-k2,main,2,512,zipf,1,2,10000,False,native,adaptive,47,batch_ms,ok,0.26928934533686594,0.469981,ok,1.745264,ok
main-l2-n512-zipf-w1-k2,main,2,512,zipf,1,2,10000,False,graph,lazy,71,selector_ms,ok,1.927443845434321,2.439743,ok,1.265792,ok
main-l2-n512-zipf-w1-k2,main,2,512,zipf,1,2,10000,False,graph,lazy,71,batch_ms,ok,1.6651917978881545,2.905783,ok,1.745014,ok
main-l2-n512-zipf-w1-k2,main,2,512,zipf,1,2,10000,False,graph,profile,71,selector_ms,ok,1.5489064774600845,2.439743,ok,1.575139,ok
main-l2-n512-zipf-w1-k2,main,2,512,zipf,1,2,10000,False,graph,profile,71,batch_ms,ok,1.4266370974948033,2.905783,ok,2.036806,ok
main-l2-n512-zipf-w1-k2,main,2,512,zipf,1,2,10000,False,graph,adaptive,71,selector_ms,ok,1.9343389255359635,2.439743,ok,1.26128,ok
main-l2-n512-zipf-w1-k2,main,2,512,zipf,1,2,10000,False,graph,adaptive,71,batch_ms,ok,1.6904859142802624,2.905783,ok,1.718904,ok
main-l2-n512-zipf-w1-k2,main,2,512,zipf,1,2,10000,False,native,graph,71,batch_ms,ok,0.1630985520942204,0.473929,ok,2.905783,ok
main-l2-n512-zipf-w1-k2,main,2,512,zipf,1,2,10000,False,native,lazy,71,batch_ms,ok,0.2715903711947297,0.473929,ok,1.745014,ok
main-l2-n512-zipf-w1-k2,main,2,512,zipf,1,2,10000,False,native,profile,71,batch_ms,ok,0.23268244496530352,0.473929,ok,2.036806,ok
main-l2-n512-zipf-w1-k2,main,2,512,zipf,1,2,10000,False,native,adaptive,71,batch_ms,ok,0.27571580495478515,0.473929,ok,1.718904,ok
main-l2-n512-zipf-w1-k2,main,2,512,zipf,1,2,10000,False,graph,lazy,101,selector_ms,ok,1.9102582635438246,2.405061,ok,1.259024,ok
main-l2-n512-zipf-w1-k2,main,2,512,zipf,1,2,10000,False,graph,lazy,101,batch_ms,ok,1.65861238299077,2.864956,ok,1.727321,ok
main-l2-n512-zipf-w1-k2,main,2,512,zipf,1,2,10000,False,graph,profile,101,selector_ms,ok,1.6049597001837814,2.405061,ok,1.498518,ok
main-l2-n512-zipf-w1-k2,main,2,512,zipf,1,2,10000,False,graph,profile,101,batch_ms,ok,1.465128386083879,2.864956,ok,1.95543,ok
main-l2-n512-zipf-w1-k2,main,2,512,zipf,1,2,10000,False,graph,adaptive,101,selector_ms,ok,1.8571483727391431,2.405061,ok,1.295029,ok
main-l2-n512-zipf-w1-k2,main,2,512,zipf,1,2,10000,False,graph,adaptive,101,batch_ms,ok,1.631973733079049,2.864956,ok,1.755516,ok
main-l2-n512-zipf-w1-k2,main,2,512,zipf,1,2,10000,False,native,graph,101,batch_ms,ok,0.163141423463397,0.467393,ok,2.864956,ok
main-l2-n512-zipf-w1-k2,main,2,512,zipf,1,2,10000,False,native,lazy,101,batch_ms,ok,0.2705883851351312,0.467393,ok,1.727321,ok
main-l2-n512-zipf-w1-k2,main,2,512,zipf,1,2,10000,False,native,profile,101,batch_ms,ok,0.23902313046235354,0.467393,ok,1.95543,ok
main-l2-n512-zipf-w1-k2,main,2,512,zipf,1,2,10000,False,native,adaptive,101,batch_ms,ok,0.26624251786938996,0.467393,ok,1.755516,ok
main-l2-n8192-uniform-w1-k2,main,2,8192,uniform,1,2,10000,False,graph,lazy,11,selector_ms,ok,1.5340419303029615,32.85987,ok,21.420451,ok
main-l2-n8192-uniform-w1-k2,main,2,8192,uniform,1,2,10000,False,graph,lazy,11,batch_ms,ok,1.3873528143393095,40.689593,ok,29.328944,ok
main-l2-n8192-uniform-w1-k2,main,2,8192,uniform,1,2,10000,False,graph,profile,11,selector_ms,ok,1.1591543572170873,32.85987,ok,28.34814,ok
main-l2-n8192-uniform-w1-k2,main,2,8192,uniform,1,2,10000,False,graph,profile,11,batch_ms,ok,1.1213218745161857,40.689593,ok,36.287166,ok
main-l2-n8192-uniform-w1-k2,main,2,8192,uniform,1,2,10000,False,graph,adaptive,11,selector_ms,ok,1.4710057179642024,32.85987,ok,22.33837,ok
main-l2-n8192-uniform-w1-k2,main,2,8192,uniform,1,2,10000,False,graph,adaptive,11,batch_ms,ok,1.3146956691410698,40.689593,ok,30.949819,ok
main-l2-n8192-uniform-w1-k2,main,2,8192,uniform,1,2,10000,False,native,graph,11,batch_ms,ok,0.20961177960172764,8.529018,ok,40.689593,ok
main-l2-n8192-uniform-w1-k2,main,2,8192,uniform,1,2,10000,False,native,lazy,11,batch_ms,ok,0.2908054923491279,8.529018,ok,29.328944,ok
main-l2-n8192-uniform-w1-k2,main,2,8192,uniform,1,2,10000,False,native,profile,11,batch_ms,ok,0.23504227362368285,8.529018,ok,36.287166,ok
main-l2-n8192-uniform-w1-k2,main,2,8192,uniform,1,2,10000,False,native,adaptive,11,batch_ms,ok,0.2755756988433438,8.529018,ok,30.949819,ok
main-l2-n8192-uniform-w1-k2,main,2,8192,uniform,1,2,10000,False,graph,lazy,29,selector_ms,ok,1.5325821002385744,32.844203,ok,21.430632,ok
main-l2-n8192-uniform-w1-k2,main,2,8192,uniform,1,2,10000,False,graph,lazy,29,batch_ms,ok,1.3713412442469899,40.44949,ok,29.496298,ok
main-l2-n8192-uniform-w1-k2,main,2,8192,uniform,1,2,10000,False,graph,profile,29,selector_ms,ok,1.1654024165309274,32.844203,ok,28.182714,ok
main-l2-n8192-uniform-w1-k2,main,2,8192,uniform,1,2,10000,False,graph,profile,29,batch_ms,ok,1.129854675952057,40.44949,ok,35.800613,ok
main-l2-n8192-uniform-w1-k2,main,2,8192,uniform,1,2,10000,False,graph,adaptive,29,selector_ms,ok,1.5485713687595526,32.844203,ok,21.209357,ok
main-l2-n8192-uniform-w1-k2,main,2,8192,uniform,1,2,10000,False,graph,adaptive,29,batch_ms,ok,1.405166073965123,40.44949,ok,28.78627,ok
main-l2-n8192-uniform-w1-k2,main,2,8192,uniform,1,2,10000,False,native,graph,29,batch_ms,ok,0.2056919382667124,8.320134,ok,40.44949,ok
main-l2-n8192-uniform-w1-k2,main,2,8192,uniform,1,2,10000,False,native,lazy,29,batch_ms,ok,0.2820738385542484,8.320134,ok,29.496298,ok
main-l2-n8192-uniform-w1-k2,main,2,8192,uniform,1,2,10000,False,native,profile,29,batch_ms,ok,0.23240199825628682,8.320134,ok,35.800613,ok
main-l2-n8192-uniform-w1-k2,main,2,8192,uniform,1,2,10000,False,native,adaptive,29,batch_ms,ok,0.2890313333405127,8.320134,ok,28.78627,ok
main-l2-n8192-uniform-w1-k2,main,2,8192,uniform,1,2,10000,False,graph,lazy,47,selector_ms,ok,1.4921171952158252,32.875281,ok,22.03264,ok
main-l2-n8192-uniform-w1-k2,main,2,8192,uniform,1,2,10000,False,graph,lazy,47,batch_ms,ok,1.37774582026909,40.815381,ok,29.624754,ok
main-l2-n8192-uniform-w1-k2,main,2,8192,uniform,1,2,10000,False,graph,profile,47,selector_ms,ok,1.1569205462969077,32.875281,ok,28.416196,ok
main-l2-n8192-uniform-w1-k2,main,2,8192,uniform,1,2,10000,False,graph,profile,47,batch_ms,ok,1.1340816544506158,40.815381,ok,35.989808,ok
main-l2-n8192-uniform-w1-k2,main,2,8192,uniform,1,2,10000,False,graph,adaptive,47,selector_ms,ok,1.5472648544628056,32.875281,ok,21.247352,ok
main-l2-n8192-uniform-w1-k2,main,2,8192,uniform,1,2,10000,False,graph,adaptive,47,batch_ms,ok,1.399518445336911,40.815381,ok,29.163875,ok
main-l2-n8192-uniform-w1-k2,main,2,8192,uniform,1,2,10000,False,native,graph,47,batch_ms,ok,0.20773945488834222,8.478965,ok,40.815381,ok
main-l2-n8192-uniform-w1-k2,main,2,8192,uniform,1,2,10000,False,native,lazy,47,batch_ms,ok,0.28621216567739266,8.478965,ok,29.624754,ok
main-l2-n8192-uniform-w1-k2,main,2,8192,uniform,1,2,10000,False,native,profile,47,batch_ms,ok,0.2355935046944402,8.478965,ok,35.989808,ok
main-l2-n8192-uniform-w1-k2,main,2,8192,uniform,1,2,10000,False,native,adaptive,47,batch_ms,ok,0.29073519894047,8.478965,ok,29.163875,ok
main-l2-n8192-uniform-w1-k2,main,2,8192,uniform,1,2,10000,False,graph,lazy,71,selector_ms,ok,1.5636172148706449,33.17324,ok,21.215704,ok
main-l2-n8192-uniform-w1-k2,main,2,8192,uniform,1,2,10000,False,graph,lazy,71,batch_ms,ok,1.425456344629432,41.074851,ok,28.815229,ok
main-l2-n8192-uniform-w1-k2,main,2,8192,uniform,1,2,10000,False,graph,profile,71,selector_ms,ok,1.14904219524113,33.17324,ok,28.870341,ok
main-l2-n8192-uniform-w1-k2,main,2,8192,uniform,1,2,10000,False,graph,profile,71,batch_ms,ok,1.1209371543451871,41.074851,ok,36.643313,ok
main-l2-n8192-uniform-w1-k2,main,2,8192,uniform,1,2,10000,False,graph,adaptive,71,selector_ms,ok,1.565449648834616,33.17324,ok,21.19087,ok
main-l2-n8192-uniform-w1-k2,main,2,8192,uniform,1,2,10000,False,graph,adaptive,71,batch_ms,ok,1.4202232713183636,41.074851,ok,28.921404,ok
main-l2-n8192-uniform-w1-k2,main,2,8192,uniform,1,2,10000,False,native,graph,71,batch_ms,ok,0.2043654157138634,8.394279,ok,41.074851,ok
main-l2-n8192-uniform-w1-k2,main,2,8192,uniform,1,2,10000,False,native,lazy,71,batch_ms,ok,0.29131397845215806,8.394279,ok,28.815229,ok
main-l2-n8192-uniform-w1-k2,main,2,8192,uniform,1,2,10000,False,native,profile,71,batch_ms,ok,0.22908078753686925,8.394279,ok,36.643313,ok
main-l2-n8192-uniform-w1-k2,main,2,8192,uniform,1,2,10000,False,native,adaptive,71,batch_ms,ok,0.2902445192494804,8.394279,ok,28.921404,ok
main-l2-n8192-uniform-w1-k2,main,2,8192,uniform,1,2,10000,False,graph,lazy,101,selector_ms,ok,1.5570862474095712,33.22837,ok,21.340096,ok
main-l2-n8192-uniform-w1-k2,main,2,8192,uniform,1,2,10000,False,graph,lazy,101,batch_ms,ok,1.4093187569580887,40.84805,ok,28.984252,ok
main-l2-n8192-uniform-w1-k2,main,2,8192,uniform,1,2,10000,False,graph,profile,101,selector_ms,ok,1.175729058541229,33.22837,ok,28.261928,ok
main-l2-n8192-uniform-w1-k2,main,2,8192,uniform,1,2,10000,False,graph,profile,101,batch_ms,ok,1.1323420362893444,40.84805,ok,36.07395,ok
main-l2-n8192-uniform-w1-k2,main,2,8192,uniform,1,2,10000,False,graph,adaptive,101,selector_ms,ok,1.5227971347278708,33.22837,ok,21.820615,ok
main-l2-n8192-uniform-w1-k2,main,2,8192,uniform,1,2,10000,False,graph,adaptive,101,batch_ms,ok,1.3828525612109046,40.84805,ok,29.538977,ok
main-l2-n8192-uniform-w1-k2,main,2,8192,uniform,1,2,10000,False,native,graph,101,batch_ms,ok,0.20375547914771944,8.323014,ok,40.84805,ok
main-l2-n8192-uniform-w1-k2,main,2,8192,uniform,1,2,10000,False,native,lazy,101,batch_ms,ok,0.2871564185958637,8.323014,ok,28.984252,ok
main-l2-n8192-uniform-w1-k2,main,2,8192,uniform,1,2,10000,False,native,profile,101,batch_ms,ok,0.23072089416323968,8.323014,ok,36.07395,ok
main-l2-n8192-uniform-w1-k2,main,2,8192,uniform,1,2,10000,False,native,adaptive,101,batch_ms,ok,0.2817637862001789,8.323014,ok,29.538977,ok
main-l2-n8192-zipf-w1-k2,main,2,8192,zipf,1,2,10000,False,graph,lazy,11,selector_ms,ok,11.32783213670131,636.760927,ok,56.212073,ok
main-l2-n8192-zipf-w1-k2,main,2,8192,zipf,1,2,10000,False,graph,lazy,11,batch_ms,ok,10.336397334690984,642.960288,ok,62.203519,ok
main-l2-n8192-zipf-w1-k2,main,2,8192,zipf,1,2,10000,False,graph,profile,11,selector_ms,ok,10.209402384788891,636.760927,ok,62.370049,ok
main-l2-n8192-zipf-w1-k2,main,2,8192,zipf,1,2,10000,False,graph,profile,11,batch_ms,ok,9.409547059502495,642.960288,ok,68.330631,ok
main-l2-n8192-zipf-w1-k2,main,2,8192,zipf,1,2,10000,False,graph,adaptive,11,selector_ms,ok,11.299962403314442,636.760927,ok,56.350712,ok
main-l2-n8192-zipf-w1-k2,main,2,8192,zipf,1,2,10000,False,graph,adaptive,11,batch_ms,ok,10.292362908784119,642.960288,ok,62.469648,ok
main-l2-n8192-zipf-w1-k2,main,2,8192,zipf,1,2,10000,False,native,graph,11,batch_ms,ok,0.010491952809377864,6.745909,ok,642.960288,ok
main-l2-n8192-zipf-w1-k2,main,2,8192,zipf,1,2,10000,False,native,lazy,11,batch_ms,ok,0.10844899305455694,6.745909,ok,62.203519,ok
main-l2-n8192-zipf-w1-k2,main,2,8192,zipf,1,2,10000,False,native,profile,11,batch_ms,ok,0.09872452370592041,6.745909,ok,68.330631,ok
main-l2-n8192-zipf-w1-k2,main,2,8192,zipf,1,2,10000,False,native,adaptive,11,batch_ms,ok,0.10798698593595406,6.745909,ok,62.469648,ok
main-l2-n8192-zipf-w1-k2,main,2,8192,zipf,1,2,10000,False,graph,lazy,29,selector_ms,ok,11.380190555657297,639.002468,ok,56.150419,ok
main-l2-n8192-zipf-w1-k2,main,2,8192,zipf,1,2,10000,False,graph,lazy,29,batch_ms,ok,10.341161521310699,645.012039,ok,62.373268,ok
main-l2-n8192-zipf-w1-k2,main,2,8192,zipf,1,2,10000,False,graph,profile,29,selector_ms,ok,10.366925579227422,639.002468,ok,61.63857,ok
main-l2-n8192-zipf-w1-k2,main,2,8192,zipf,1,2,10000,False,graph,profile,29,batch_ms,ok,9.525997135076604,645.012039,ok,67.710711,ok
main-l2-n8192-zipf-w1-k2,main,2,8192,zipf,1,2,10000,False,graph,adaptive,29,selector_ms,ok,11.357851658747395,639.002468,ok,56.260857,ok
main-l2-n8192-zipf-w1-k2,main,2,8192,zipf,1,2,10000,False,graph,adaptive,29,batch_ms,ok,10.372111264143797,645.012039,ok,62.18715,ok
main-l2-n8192-zipf-w1-k2,main,2,8192,zipf,1,2,10000,False,native,graph,29,batch_ms,ok,0.010315058631021924,6.653337,ok,645.012039,ok
main-l2-n8192-zipf-w1-k2,main,2,8192,zipf,1,2,10000,False,native,lazy,29,batch_ms,ok,0.10666968740518773,6.653337,ok,62.373268,ok
main-l2-n8192-zipf-w1-k2,main,2,8192,zipf,1,2,10000,False,native,profile,29,batch_ms,ok,0.09826121896726205,6.653337,ok,67.710711,ok
main-l2-n8192-zipf-w1-k2,main,2,8192,zipf,1,2,10000,False,native,adaptive,29,batch_ms,ok,0.1069889358171262,6.653337,ok,62.18715,ok
main-l2-n8192-zipf-w1-k2,main,2,8192,zipf,1,2,10000,False,graph,lazy,47,selector_ms,ok,11.635450657388809,657.568139,ok,56.514196,ok
main-l2-n8192-zipf-w1-k2,main,2,8192,zipf,1,2,10000,False,graph,lazy,47,batch_ms,ok,10.609495005370116,663.730973,ok,62.560091,ok
main-l2-n8192-zipf-w1-k2,main,2,8192,zipf,1,2,10000,False,graph,profile,47,selector_ms,ok,10.688354072524419,657.568139,ok,61.521927,ok
main-l2-n8192-zipf-w1-k2,main,2,8192,zipf,1,2,10000,False,graph,profile,47,batch_ms,ok,9.807034623954415,663.730973,ok,67.679069,ok
main-l2-n8192-zipf-w1-k2,main,2,8192,zipf,1,2,10000,False,graph,adaptive,47,selector_ms,ok,11.593312883731949,657.568139,ok,56.719606,ok
main-l2-n8192-zipf-w1-k2,main,2,8192,zipf,1,2,10000,False,graph,adaptive,47,batch_ms,ok,10.570615776126811,663.730973,ok,62.79019,ok
main-l2-n8192-zipf-w1-k2,main,2,8192,zipf,1,2,10000,False,native,graph,47,batch_ms,ok,0.009850420224400165,6.538029,ok,663.730973,ok
main-l2-n8192-zipf-w1-k2,main,2,8192,zipf,1,2,10000,False,native,lazy,47,batch_ms,ok,0.10450798417157034,6.538029,ok,62.560091,ok
main-l2-n8192-zipf-w1-k2,main,2,8192,zipf,1,2,10000,False,native,profile,47,batch_ms,ok,0.09660341220119326,6.538029,ok,67.679069,ok
main-l2-n8192-zipf-w1-k2,main,2,8192,zipf,1,2,10000,False,native,adaptive,47,batch_ms,ok,0.104125007425523,6.538029,ok,62.79019,ok
main-l2-n8192-zipf-w1-k2,main,2,8192,zipf,1,2,10000,False,graph,lazy,71,selector_ms,ok,11.072294788996848,645.266645,ok,58.277589,ok
main-l2-n8192-zipf-w1-k2,main,2,8192,zipf,1,2,10000,False,graph,lazy,71,batch_ms,ok,10.130132230423861,651.262068,ok,64.289592,ok
main-l2-n8192-zipf-w1-k2,main,2,8192,zipf,1,2,10000,False,graph,profile,71,selector_ms,ok,10.663941874628827,645.266645,ok,60.509205,ok
main-l2-n8192-zipf-w1-k2,main,2,8192,zipf,1,2,10000,False,graph,profile,71,batch_ms,ok,9.795919807641633,651.262068,ok,66.482993,ok
main-l2-n8192-zipf-w1-k2,main,2,8192,zipf,1,2,10000,False,graph,adaptive,71,selector_ms,ok,11.003542836237214,645.266645,ok,58.641717,ok
main-l2-n8192-zipf-w1-k2,main,2,8192,zipf,1,2,10000,False,graph,adaptive,71,batch_ms,ok,10.066521712470564,651.262068,ok,64.695839,ok
main-l2-n8192-zipf-w1-k2,main,2,8192,zipf,1,2,10000,False,native,graph,71,batch_ms,ok,0.010470698870796203,6.819169,ok,651.262068,ok
main-l2-n8192-zipf-w1-k2,main,2,8192,zipf,1,2,10000,False,native,lazy,71,batch_ms,ok,0.10606956410611533,6.819169,ok,64.289592,ok
main-l2-n8192-zipf-w1-k2,main,2,8192,zipf,1,2,10000,False,native,profile,71,batch_ms,ok,0.10257012646828341,6.819169,ok,66.482993,ok
main-l2-n8192-zipf-w1-k2,main,2,8192,zipf,1,2,10000,False,native,adaptive,71,batch_ms,ok,0.105403517527611,6.819169,ok,64.695839,ok
main-l2-n8192-zipf-w1-k2,main,2,8192,zipf,1,2,10000,False,graph,lazy,101,selector_ms,ok,11.800184509517472,660.315775,ok,55.958089,ok
main-l2-n8192-zipf-w1-k2,main,2,8192,zipf,1,2,10000,False,graph,lazy,101,batch_ms,ok,10.753499931249488,667.337677,ok,62.057719,ok
main-l2-n8192-zipf-w1-k2,main,2,8192,zipf,1,2,10000,False,graph,profile,101,selector_ms,ok,10.806900457617031,660.315775,ok,61.10131,ok
main-l2-n8192-zipf-w1-k2,main,2,8192,zipf,1,2,10000,False,graph,profile,101,batch_ms,ok,9.964402185898878,667.337677,ok,66.972174,ok
main-l2-n8192-zipf-w1-k2,main,2,8192,zipf,1,2,10000,False,graph,adaptive,101,selector_ms,ok,11.7735101601111,660.315775,ok,56.084869,ok
main-l2-n8192-zipf-w1-k2,main,2,8192,zipf,1,2,10000,False,graph,adaptive,101,batch_ms,ok,10.729285191804928,667.337677,ok,62.197776,ok
main-l2-n8192-zipf-w1-k2,main,2,8192,zipf,1,2,10000,False,native,graph,101,batch_ms,ok,0.009758413505551254,6.512157,ok,667.337677,ok
main-l2-n8192-zipf-w1-k2,main,2,8192,zipf,1,2,10000,False,native,lazy,101,batch_ms,ok,0.10493709896104948,6.512157,ok,62.057719,ok
main-l2-n8192-zipf-w1-k2,main,2,8192,zipf,1,2,10000,False,native,profile,101,batch_ms,ok,0.09723675686562006,6.512157,ok,66.972174,ok
main-l2-n8192-zipf-w1-k2,main,2,8192,zipf,1,2,10000,False,native,adaptive,101,batch_ms,ok,0.10470080152062029,6.512157,ok,62.197776,ok
scale-l2-n8192-zipf-w2-k2,scale,2,8192,zipf,2,2,10000,False,graph,lazy,11,selector_ms,ok,11.3516695840042,642.655067,ok,56.613264,ok
scale-l2-n8192-zipf-w2-k2,scale,2,8192,zipf,2,2,10000,False,graph,lazy,11,batch_ms,ok,10.666692297474333,646.584551,ok,60.617156,ok
scale-l2-n8192-zipf-w2-k2,scale,2,8192,zipf,2,2,10000,False,graph,profile,11,selector_ms,ok,10.343379248143574,642.655067,ok,62.132022,ok
scale-l2-n8192-zipf-w2-k2,scale,2,8192,zipf,2,2,10000,False,graph,profile,11,batch_ms,ok,9.790092894848227,646.584551,ok,66.044782,ok
scale-l2-n8192-zipf-w2-k2,scale,2,8192,zipf,2,2,10000,False,graph,adaptive,11,selector_ms,ok,11.34550536779494,642.655067,ok,56.644023,ok
scale-l2-n8192-zipf-w2-k2,scale,2,8192,zipf,2,2,10000,False,graph,adaptive,11,batch_ms,ok,10.661114911493485,646.584551,ok,60.648868,ok
scale-l2-n8192-zipf-w2-k2,scale,2,8192,zipf,2,2,10000,False,native,graph,11,batch_ms,ok,0.0067775142372679415,4.382236,ok,646.584551,ok
scale-l2-n8192-zipf-w2-k2,scale,2,8192,zipf,2,2,10000,False,native,lazy,11,batch_ms,ok,0.07229365891068858,4.382236,ok,60.617156,ok
scale-l2-n8192-zipf-w2-k2,scale,2,8192,zipf,2,2,10000,False,native,profile,11,batch_ms,ok,0.06635249397900958,4.382236,ok,66.044782,ok
scale-l2-n8192-zipf-w2-k2,scale,2,8192,zipf,2,2,10000,False,native,adaptive,11,batch_ms,ok,0.07225585809779664,4.382236,ok,60.648868,ok
scale-l2-n8192-zipf-w2-k2,scale,2,8192,zipf,2,2,10000,False,graph,lazy,29,selector_ms,ok,11.456300430873263,645.386824,ok,56.334663,ok
scale-l2-n8192-zipf-w2-k2,scale,2,8192,zipf,2,2,10000,False,graph,lazy,29,batch_ms,ok,10.764615183297924,649.465134,ok,60.333335,ok
scale-l2-n8192-zipf-w2-k2,scale,2,8192,zipf,2,2,10000,False,graph,profile,29,selector_ms,ok,10.44696901649653,645.386824,ok,61.777423,ok
scale-l2-n8192-zipf-w2-k2,scale,2,8192,zipf,2,2,10000,False,graph,profile,29,batch_ms,ok,9.884673892124642,649.465134,ok,65.704255,ok
scale-l2-n8192-zipf-w2-k2,scale,2,8192,zipf,2,2,10000,False,graph,adaptive,29,selector_ms,ok,11.42754831606397,645.386824,ok,56.476403,ok
scale-l2-n8192-zipf-w2-k2,scale,2,8192,zipf,2,2,10000,False,graph,adaptive,29,batch_ms,ok,10.745361514461576,649.465134,ok,60.441441,ok
scale-l2-n8192-zipf-w2-k2,scale,2,8192,zipf,2,2,10000,False,native,graph,29,batch_ms,ok,0.006848674035210025,4.447975,ok,649.465134,ok
scale-l2-n8192-zipf-w2-k2,scale,2,8192,zipf,2,2,10000,False,native,lazy,29,batch_ms,ok,0.0737233405048801,4.447975,ok,60.333335,ok
scale-l2-n8192-zipf-w2-k2,scale,2,8192,zipf,2,2,10000,False,native,profile,29,batch_ms,ok,0.06769690943151245,4.447975,ok,65.704255,ok
scale-l2-n8192-zipf-w2-k2,scale,2,8192,zipf,2,2,10000,False,native,adaptive,29,batch_ms,ok,0.07359147840303808,4.447975,ok,60.441441,ok
scale-l2-n8192-zipf-w2-k2,scale,2,8192,zipf,2,2,10000,False,graph,lazy,47,selector_ms,ok,11.586383281742915,654.965583,ok,56.528907,ok
scale-l2-n8192-zipf-w2-k2,scale,2,8192,zipf,2,2,10000,False,graph,lazy,47,batch_ms,ok,10.886657021501955,658.876998,ok,60.521517,ok
scale-l2-n8192-zipf-w2-k2,scale,2,8192,zipf,2,2,10000,False,graph,profile,47,selector_ms,ok,10.62668761072414,654.965583,ok,61.63403,ok
scale-l2-n8192-zipf-w2-k2,scale,2,8192,zipf,2,2,10000,False,graph,profile,47,batch_ms,ok,10.043561341008738,658.876998,ok,65.601929,ok
scale-l2-n8192-zipf-w2-k2,scale,2,8192,zipf,2,2,10000,False,graph,adaptive,47,selector_ms,ok,11.61719729628959,654.965583,ok,56.378967,ok
scale-l2-n8192-zipf-w2-k2,scale,2,8192,zipf,2,2,10000,False,graph,adaptive,47,batch_ms,ok,10.905166871015343,658.876998,ok,60.418791,ok
scale-l2-n8192-zipf-w2-k2,scale,2,8192,zipf,2,2,10000,False,native,graph,47,batch_ms,ok,0.006662864257404233,4.390008,ok,658.876998,ok
scale-l2-n8192-zipf-w2-k2,scale,2,8192,zipf,2,2,10000,False,native,lazy,47,batch_ms,ok,0.0725363179511842,4.390008,ok,60.521517,ok
scale-l2-n8192-zipf-w2-k2,scale,2,8192,zipf,2,2,10000,False,native,profile,47,batch_ms,ok,0.06691888587605405,4.390008,ok,65.601929,ok
scale-l2-n8192-zipf-w2-k2,scale,2,8192,zipf,2,2,10000,False,native,adaptive,47,batch_ms,ok,0.07265964656591689,4.390008,ok,60.418791,ok
scale-l2-n8192-zipf-w2-k2,scale,2,8192,zipf,2,2,10000,False,graph,lazy,71,selector_ms,ok,11.172677075083357,647.960703,ok,57.995116,ok
scale-l2-n8192-zipf-w2-k2,scale,2,8192,zipf,2,2,10000,False,graph,lazy,71,batch_ms,ok,10.508157003078809,651.894536,ok,62.037,ok
scale-l2-n8192-zipf-w2-k2,scale,2,8192,zipf,2,2,10000,False,graph,profile,71,selector_ms,ok,10.71881087233236,647.960703,ok,60.450801,ok
scale-l2-n8192-zipf-w2-k2,scale,2,8192,zipf,2,2,10000,False,graph,profile,71,batch_ms,ok,10.124011970692331,651.894536,ok,64.390929,ok
scale-l2-n8192-zipf-w2-k2,scale,2,8192,zipf,2,2,10000,False,graph,adaptive,71,selector_ms,ok,11.179863826866548,647.960703,ok,57.957835,ok
scale-l2-n8192-zipf-w2-k2,scale,2,8192,zipf,2,2,10000,False,graph,adaptive,71,batch_ms,ok,10.528787398000205,651.894536,ok,61.915443,ok
scale-l2-n8192-zipf-w2-k2,scale,2,8192,zipf,2,2,10000,False,native,graph,71,batch_ms,ok,0.0065098290684246505,4.243722,ok,651.894536,ok
scale-l2-n8192-zipf-w2-k2,scale,2,8192,zipf,2,2,10000,False,native,lazy,71,batch_ms,ok,0.06840630591421248,4.243722,ok,62.037,ok
scale-l2-n8192-zipf-w2-k2,scale,2,8192,zipf,2,2,10000,False,native,profile,71,batch_ms,ok,0.06590558741589207,4.243722,ok,64.390929,ok
scale-l2-n8192-zipf-w2-k2,scale,2,8192,zipf,2,2,10000,False,native,adaptive,71,batch_ms,ok,0.06854060625876487,4.243722,ok,61.915443,ok
scale-l2-n8192-zipf-w2-k2,scale,2,8192,zipf,2,2,10000,False,graph,lazy,101,selector_ms,ok,11.758099532232238,656.942999,ok,55.871529,ok
scale-l2-n8192-zipf-w2-k2,scale,2,8192,zipf,2,2,10000,False,graph,lazy,101,batch_ms,ok,11.053140775615594,660.896412,ok,59.792635,ok
scale-l2-n8192-zipf-w2-k2,scale,2,8192,zipf,2,2,10000,False,graph,profile,101,selector_ms,ok,10.831367000351728,656.942999,ok,60.651901,ok
scale-l2-n8192-zipf-w2-k2,scale,2,8192,zipf,2,2,10000,False,graph,profile,101,batch_ms,ok,10.215463866422123,660.896412,ok,64.695683,ok
scale-l2-n8192-zipf-w2-k2,scale,2,8192,zipf,2,2,10000,False,graph,adaptive,101,selector_ms,ok,11.673757635602016,656.942999,ok,56.275196,ok
scale-l2-n8192-zipf-w2-k2,scale,2,8192,zipf,2,2,10000,False,graph,adaptive,101,batch_ms,ok,10.964846021717747,660.896412,ok,60.274117,ok
scale-l2-n8192-zipf-w2-k2,scale,2,8192,zipf,2,2,10000,False,native,graph,101,batch_ms,ok,0.006637722524055706,4.386847,ok,660.896412,ok
scale-l2-n8192-zipf-w2-k2,scale,2,8192,zipf,2,2,10000,False,native,lazy,101,batch_ms,ok,0.07336768148786219,4.386847,ok,59.792635,ok
scale-l2-n8192-zipf-w2-k2,scale,2,8192,zipf,2,2,10000,False,native,profile,101,batch_ms,ok,0.06780741459982732,4.386847,ok,64.695683,ok
scale-l2-n8192-zipf-w2-k2,scale,2,8192,zipf,2,2,10000,False,native,adaptive,101,batch_ms,ok,0.0727816054111585,4.386847,ok,60.274117,ok
scale-l2-n8192-zipf-w4-k2,scale,2,8192,zipf,4,2,10000,False,graph,lazy,11,selector_ms,ok,11.284814116105897,639.123076,ok,56.635676,ok
scale-l2-n8192-zipf-w4-k2,scale,2,8192,zipf,4,2,10000,False,graph,lazy,11,batch_ms,ok,10.818835791584657,641.882036,ok,59.330047,ok
scale-l2-n8192-zipf-w4-k2,scale,2,8192,zipf,4,2,10000,False,graph,profile,11,selector_ms,ok,10.25433747145864,639.123076,ok,62.327096,ok
scale-l2-n8192-zipf-w4-k2,scale,2,8192,zipf,4,2,10000,False,graph,profile,11,batch_ms,ok,9.874136934899049,641.882036,ok,65.006394,ok
scale-l2-n8192-zipf-w4-k2,scale,2,8192,zipf,4,2,10000,False,graph,adaptive,11,selector_ms,ok,11.296819498932116,639.123076,ok,56.575488,ok
scale-l2-n8192-zipf-w4-k2,scale,2,8192,zipf,4,2,10000,False,graph,adaptive,11,batch_ms,ok,10.841611929829515,641.882036,ok,59.205406,ok
scale-l2-n8192-zipf-w4-k2,scale,2,8192,zipf,4,2,10000,False,native,graph,11,batch_ms,ok,0.004453555076590428,2.858657,ok,641.882036,ok
scale-l2-n8192-zipf-w4-k2,scale,2,8192,zipf,4,2,10000,False,native,lazy,11,batch_ms,ok,0.04818228106241008,2.858657,ok,59.330047,ok
scale-l2-n8192-zipf-w4-k2,scale,2,8192,zipf,4,2,10000,False,native,profile,11,batch_ms,ok,0.043975012673368716,2.858657,ok,65.006394,ok
scale-l2-n8192-zipf-w4-k2,scale,2,8192,zipf,4,2,10000,False,native,adaptive,11,batch_ms,ok,0.04828371584851559,2.858657,ok,59.205406,ok
scale-l2-n8192-zipf-w4-k2,scale,2,8192,zipf,4,2,10000,False,graph,lazy,29,selector_ms,ok,11.428936607478926,640.529552,ok,56.044545,ok
scale-l2-n8192-zipf-w4-k2,scale,2,8192,zipf,4,2,10000,False,graph,lazy,29,batch_ms,ok,10.964815228963564,643.306795,ok,58.670099,ok
scale-l2-n8192-zipf-w4-k2,scale,2,8192,zipf,4,2,10000,False,graph,profile,29,selector_ms,ok,10.328006579821785,640.529552,ok,62.018701,ok
scale-l2-n8192-zipf-w4-k2,scale,2,8192,zipf,4,2,10000,False,graph,profile,29,batch_ms,ok,9.940161493392358,643.306795,ok,64.717942,ok
scale-l2-n8192-zipf-w4-k2,scale,2,8192,zipf,4,2,10000,False,graph,adaptive,29,selector_ms,ok,11.37759238161011,640.529552,ok,56.29746,ok
scale-l2-n8192-zipf-w4-k2,scale,2,8192,zipf,4,2,10000,False,graph,adaptive,29,batch_ms,ok,10.924649566654482,643.306795,ok,58.885806,ok
scale-l2-n8192-zipf-w4-k2,scale,2,8192,zipf,4,2,10000,False,native,graph,29,batch_ms,ok,0.00434790681792814,2.797038,ok,643.306795,ok
scale-l2-n8192-zipf-w4-k2,scale,2,8192,zipf,4,2,10000,False,native,lazy,29,batch_ms,ok,0.04767399489133298,2.797038,ok,58.670099,ok
scale-l2-n8192-zipf-w4-k2,scale,2,8192,zipf,4,2,10000,False,native,profile,29,batch_ms,ok,0.0432188959284274,2.797038,ok,64.717942,ok
scale-l2-n8192-zipf-w4-k2,scale,2,8192,zipf,4,2,10000,False,native,adaptive,29,batch_ms,ok,0.04749935833433273,2.797038,ok,58.885806,ok
scale-l2-n8192-zipf-w4-k2,scale,2,8192,zipf,4,2,10000,False,graph,lazy,47,selector_ms,ok,11.534423924494462,651.659691,ok,56.496943,ok
scale-l2-n8192-zipf-w4-k2,scale,2,8192,zipf,4,2,10000,False,graph,lazy,47,batch_ms,ok,11.064433591114204,654.423827,ok,59.146618,ok
scale-l2-n8192-zipf-w4-k2,scale,2,8192,zipf,4,2,10000,False,graph,profile,47,selector_ms,ok,10.561173347790465,651.659691,ok,61.703342,ok
scale-l2-n8192-zipf-w4-k2,scale,2,8192,zipf,4,2,10000,False,graph,profile,47,batch_ms,ok,10.17296246587114,654.423827,ok,64.32972,ok
scale-l2-n8192-zipf-w4-k2,scale,2,8192,zipf,4,2,10000,False,graph,adaptive,47,selector_ms,ok,11.554665316689045,651.659691,ok,56.397972,ok
scale-l2-n8192-zipf-w4-k2,scale,2,8192,zipf,4,2,10000,False,graph,adaptive,47,batch_ms,ok,11.060686394039235,654.423827,ok,59.166656,ok
scale-l2-n8192-zipf-w4-k2,scale,2,8192,zipf,4,2,10000,False,native,graph,47,batch_ms,ok,0.004464759502101686,2.921845,ok,654.423827,ok
scale-l2-n8192-zipf-w4-k2,scale,2,8192,zipf,4,2,10000,False,native,lazy,47,batch_ms,ok,0.04940003501130022,2.921845,ok,59.146618,ok
scale-l2-n8192-zipf-w4-k2,scale,2,8192,zipf,4,2,10000,False,native,profile,47,batch_ms,ok,0.04541983083402197,2.921845,ok,64.32972,ok
scale-l2-n8192-zipf-w4-k2,scale,2,8192,zipf,4,2,10000,False,native,adaptive,47,batch_ms,ok,0.049383304677553516,2.921845,ok,59.166656,ok
scale-l2-n8192-zipf-w4-k2,scale,2,8192,zipf,4,2,10000,False,graph,lazy,71,selector_ms,ok,10.917476473307445,644.445568,ok,59.028803,ok
scale-l2-n8192-zipf-w4-k2,scale,2,8192,zipf,4,2,10000,False,graph,lazy,71,batch_ms,ok,10.478592654375351,647.095147,ok,61.754013,ok
scale-l2-n8192-zipf-w4-k2,scale,2,8192,zipf,4,2,10000,False,graph,profile,71,selector_ms,ok,10.629849740444813,644.445568,ok,60.626028,ok
scale-l2-n8192-zipf-w4-k2,scale,2,8192,zipf,4,2,10000,False,graph,profile,71,batch_ms,ok,10.221986322655415,647.095147,ok,63.304247,ok
scale-l2-n8192-zipf-w4-k2,scale,2,8192,zipf,4,2,10000,False,graph,adaptive,71,selector_ms,ok,11.037032414177727,644.445568,ok,58.389388,ok
scale-l2-n8192-zipf-w4-k2,scale,2,8192,zipf,4,2,10000,False,graph,adaptive,71,batch_ms,ok,10.578889080799467,647.095147,ok,61.168535,ok
scale-l2-n8192-zipf-w4-k2,scale,2,8192,zipf,4,2,10000,False,native,graph,71,batch_ms,ok,0.004345835404634861,2.812169,ok,647.095147,ok
scale-l2-n8192-zipf-w4-k2,scale,2,8192,zipf,4,2,10000,False,native,lazy,71,batch_ms,ok,0.04553823894813119,2.812169,ok,61.754013,ok
scale-l2-n8192-zipf-w4-k2,scale,2,8192,zipf,4,2,10000,False,native,profile,71,batch_ms,ok,0.044423070066689205,2.812169,ok,63.304247,ok
scale-l2-n8192-zipf-w4-k2,scale,2,8192,zipf,4,2,10000,False,native,adaptive,71,batch_ms,ok,0.04597411070904346,2.812169,ok,61.168535,ok
scale-l2-n8192-zipf-w4-k2,scale,2,8192,zipf,4,2,10000,False,graph,lazy,101,selector_ms,ok,11.906268037318787,664.484521,ok,55.809639,ok
scale-l2-n8192-zipf-w4-k2,scale,2,8192,zipf,4,2,10000,False,graph,lazy,101,batch_ms,ok,11.418866563234184,667.355993,ok,58.443278,ok
scale-l2-n8192-zipf-w4-k2,scale,2,8192,zipf,4,2,10000,False,graph,profile,101,selector_ms,ok,10.847379850267084,664.484521,ok,61.257606,ok
scale-l2-n8192-zipf-w4-k2,scale,2,8192,zipf,4,2,10000,False,graph,profile,101,batch_ms,ok,10.443140120362544,667.355993,ok,63.903767,ok
scale-l2-n8192-zipf-w4-k2,scale,2,8192,zipf,4,2,10000,False,graph,adaptive,101,selector_ms,ok,11.828198034315959,664.484521,ok,56.178001,ok
scale-l2-n8192-zipf-w4-k2,scale,2,8192,zipf,4,2,10000,False,graph,adaptive,101,batch_ms,ok,11.355845157588481,667.355993,ok,58.76762,ok
scale-l2-n8192-zipf-w4-k2,scale,2,8192,zipf,4,2,10000,False,native,graph,101,batch_ms,ok,0.004426160896108114,2.953825,ok,667.355993,ok
scale-l2-n8192-zipf-w4-k2,scale,2,8192,zipf,4,2,10000,False,native,lazy,101,batch_ms,ok,0.050541740660063596,2.953825,ok,58.443278,ok
scale-l2-n8192-zipf-w4-k2,scale,2,8192,zipf,4,2,10000,False,native,profile,101,batch_ms,ok,0.046223018433326477,2.953825,ok,63.903767,ok
scale-l2-n8192-zipf-w4-k2,scale,2,8192,zipf,4,2,10000,False,native,adaptive,101,batch_ms,ok,0.05026279777877682,2.953825,ok,58.76762,ok
worst-l2-n1024-identical-w1-k1,worst,2,1024,identical,1,1,10000,False,graph,lazy,11,selector_ms,ok,1.5088861750519225,73.967417,ok,49.021204,ok
worst-l2-n1024-identical-w1-k1,worst,2,1024,identical,1,1,10000,False,graph,lazy,11,batch_ms,ok,1.5028592972105559,74.530709,ok,49.592606,ok
worst-l2-n1024-identical-w1-k1,worst,2,1024,identical,1,1,10000,False,graph,profile,11,selector_ms,ok,45.99091403682759,73.967417,ok,1.608305,ok
worst-l2-n1024-identical-w1-k1,worst,2,1024,identical,1,1,10000,False,graph,profile,11,batch_ms,ok,34.27826112952074,74.530709,ok,2.174285,ok
worst-l2-n1024-identical-w1-k1,worst,2,1024,identical,1,1,10000,False,graph,adaptive,11,selector_ms,ok,16.09470137922721,73.967417,ok,4.595762,ok
worst-l2-n1024-identical-w1-k1,worst,2,1024,identical,1,1,10000,False,graph,adaptive,11,batch_ms,ok,14.425607503334911,74.530709,ok,5.166556,ok
worst-l2-n1024-identical-w1-k1,worst,2,1024,identical,1,1,10000,False,native,graph,11,batch_ms,ok,0.008697877810339897,0.648259,ok,74.530709,ok
worst-l2-n1024-identical-w1-k1,worst,2,1024,identical,1,1,10000,False,native,lazy,11,batch_ms,ok,0.013071686533270706,0.648259,ok,49.592606,ok
worst-l2-n1024-identical-w1-k1,worst,2,1024,identical,1,1,10000,False,native,profile,11,batch_ms,ok,0.2981481268554951,0.648259,ok,2.174285,ok
worst-l2-n1024-identical-w1-k1,worst,2,1024,identical,1,1,10000,False,native,adaptive,11,batch_ms,ok,0.12547217140392944,0.648259,ok,5.166556,ok
worst-l2-n1024-identical-w1-k1,worst,2,1024,identical,1,1,10000,False,graph,lazy,29,selector_ms,ok,1.5156364895516814,74.016305,ok,48.83513,ok
worst-l2-n1024-identical-w1-k1,worst,2,1024,identical,1,1,10000,False,graph,lazy,29,batch_ms,ok,1.509670686247512,74.584382,ok,49.404405,ok
worst-l2-n1024-identical-w1-k1,worst,2,1024,identical,1,1,10000,False,graph,profile,29,selector_ms,ok,45.834247236153516,74.016305,ok,1.614869,ok
worst-l2-n1024-identical-w1-k1,worst,2,1024,identical,1,1,10000,False,graph,profile,29,batch_ms,ok,34.15425201865964,74.584382,ok,2.183751,ok
worst-l2-n1024-identical-w1-k1,worst,2,1024,identical,1,1,10000,False,graph,adaptive,29,selector_ms,ok,16.06650262184463,74.016305,ok,4.606871,ok
worst-l2-n1024-identical-w1-k1,worst,2,1024,identical,1,1,10000,False,graph,adaptive,29,batch_ms,ok,14.41048893666771,74.584382,ok,5.175701,ok
worst-l2-n1024-identical-w1-k1,worst,2,1024,identical,1,1,10000,False,native,graph,29,batch_ms,ok,0.008866346844571292,0.661291,ok,74.584382,ok
worst-l2-n1024-identical-w1-k1,worst,2,1024,identical,1,1,10000,False,native,lazy,29,batch_ms,ok,0.013385263925352405,0.661291,ok,49.404405,ok
worst-l2-n1024-identical-w1-k1,worst,2,1024,identical,1,1,10000,False,native,profile,29,batch_ms,ok,0.3028234446143356,0.661291,ok,2.183751,ok
worst-l2-n1024-identical-w1-k1,worst,2,1024,identical,1,1,10000,False,native,adaptive,29,batch_ms,ok,0.12776839311235327,0.661291,ok,5.175701,ok
worst-l2-n1024-identical-w1-k1,worst,2,1024,identical,1,1,10000,False,graph,lazy,47,selector_ms,ok,1.510271727419193,73.752016,ok,48.833607,ok
worst-l2-n1024-identical-w1-k1,worst,2,1024,identical,1,1,10000,False,graph,lazy,47,batch_ms,ok,1.5044297111162521,74.323165,ok,49.402883,ok
worst-l2-n1024-identical-w1-k1,worst,2,1024,identical,1,1,10000,False,graph,profile,47,selector_ms,ok,46.56041040222676,73.752016,ok,1.584007,ok
worst-l2-n1024-identical-w1-k1,worst,2,1024,identical,1,1,10000,False,graph,profile,47,batch_ms,ok,34.41728579949173,74.323165,ok,2.159472,ok
worst-l2-n1024-identical-w1-k1,worst,2,1024,identical,1,1,10000,False,graph,adaptive,47,selector_ms,ok,15.932344150829268,73.752016,ok,4.629075,ok
worst-l2-n1024-identical-w1-k1,worst,2,1024,identical,1,1,10000,False,graph,adaptive,47,batch_ms,ok,14.29929878316841,74.323165,ok,5.197679,ok
worst-l2-n1024-identical-w1-k1,worst,2,1024,identical,1,1,10000,False,native,graph,47,batch_ms,ok,0.008734759882736424,0.649195,ok,74.323165,ok
worst-l2-n1024-identical-w1-k1,worst,2,1024,identical,1,1,10000,False,native,lazy,47,batch_ms,ok,0.013140832287054987,0.649195,ok,49.402883,ok
worst-l2-n1024-identical-w1-k1,worst,2,1024,identical,1,1,10000,False,native,profile,47,batch_ms,ok,0.30062672727407436,0.649195,ok,2.159472,ok
worst-l2-n1024-identical-w1-k1,worst,2,1024,identical,1,1,10000,False,native,adaptive,47,batch_ms,ok,0.12490094136248121,0.649195,ok,5.197679,ok
worst-l2-n1024-identical-w1-k1,worst,2,1024,identical,1,1,10000,False,graph,lazy,71,selector_ms,ok,1.5116684857932137,74.126711,ok,49.036354,ok
worst-l2-n1024-identical-w1-k1,worst,2,1024,identical,1,1,10000,False,graph,lazy,71,batch_ms,ok,1.5057403275937147,74.693967,ok,49.606141,ok
worst-l2-n1024-identical-w1-k1,worst,2,1024,identical,1,1,10000,False,graph,profile,71,selector_ms,ok,46.263413583810525,74.126711,ok,1.602275,ok
worst-l2-n1024-identical-w1-k1,worst,2,1024,identical,1,1,10000,False,graph,profile,71,batch_ms,ok,34.355306253768696,74.693967,ok,2.174161,ok
worst-l2-n1024-identical-w1-k1,worst,2,1024,identical,1,1,10000,False,graph,adaptive,71,selector_ms,ok,16.03849734702872,74.126711,ok,4.621799,ok
worst-l2-n1024-identical-w1-k1,worst,2,1024,identical,1,1,10000,False,graph,adaptive,71,batch_ms,ok,14.403457224640347,74.693967,ok,5.185836,ok
worst-l2-n1024-identical-w1-k1,worst,2,1024,identical,1,1,10000,False,native,graph,71,batch_ms,ok,0.008717531363677604,0.651147,ok,74.693967,ok
worst-l2-n1024-identical-w1-k1,worst,2,1024,identical,1,1,10000,False,native,lazy,71,batch_ms,ok,0.013126338531352399,0.651147,ok,49.606141,ok
worst-l2-n1024-identical-w1-k1,worst,2,1024,identical,1,1,10000,False,native,profile,71,batch_ms,ok,0.299493459775978,0.651147,ok,2.174161,ok
worst-l2-n1024-identical-w1-k1,worst,2,1024,identical,1,1,10000,False,native,adaptive,71,batch_ms,ok,0.12556259010119103,0.651147,ok,5.185836,ok
worst-l2-n1024-identical-w1-k1,worst,2,1024,identical,1,1,10000,False,graph,lazy,101,selector_ms,ok,1.5114111491204902,73.920695,ok,48.908396,ok
worst-l2-n1024-identical-w1-k1,worst,2,1024,identical,1,1,10000,False,graph,lazy,101,batch_ms,ok,1.5055246384382897,74.489514,ok,49.477446,ok
worst-l2-n1024-identical-w1-k1,worst,2,1024,identical,1,1,10000,False,graph,profile,101,selector_ms,ok,45.7457785187468,73.920695,ok,1.615902,ok
worst-l2-n1024-identical-w1-k1,worst,2,1024,identical,1,1,10000,False,graph,profile,101,batch_ms,ok,34.107966682128065,74.489514,ok,2.183933,ok
worst-l2-n1024-identical-w1-k1,worst,2,1024,identical,1,1,10000,False,graph,adaptive,101,selector_ms,ok,16.064502325658214,73.920695,ok,4.601493,ok
worst-l2-n1024-identical-w1-k1,worst,2,1024,identical,1,1,10000,False,graph,adaptive,101,batch_ms,ok,14.399804908337657,74.489514,ok,5.172953,ok
worst-l2-n1024-identical-w1-k1,worst,2,1024,identical,1,1,10000,False,native,graph,101,batch_ms,ok,0.008722945890075212,0.649768,ok,74.489514,ok
worst-l2-n1024-identical-w1-k1,worst,2,1024,identical,1,1,10000,False,native,lazy,101,batch_ms,ok,0.01313260995727225,0.649768,ok,49.477446,ok
worst-l2-n1024-identical-w1-k1,worst,2,1024,identical,1,1,10000,False,native,profile,101,batch_ms,ok,0.2975219477886913,0.649768,ok,2.183933,ok
worst-l2-n1024-identical-w1-k1,worst,2,1024,identical,1,1,10000,False,native,adaptive,101,batch_ms,ok,0.12560871904306883,0.649768,ok,5.172953,ok
worst-l2-n16384-identical-w1-k1,worst,2,16384,identical,1,1,10000,False,graph,lazy,11,selector_ms,ok,2.0036117519674983,29507.311636,ok,14727.060573,ok
worst-l2-n16384-identical-w1-k1,worst,2,16384,identical,1,1,10000,False,graph,lazy,11,batch_ms,ok,2.002977829254436,29516.710044,ok,14736.41376,ok
worst-l2-n16384-identical-w1-k1,worst,2,16384,identical,1,1,10000,False,graph,profile,11,selector_ms,ok,1151.8756021840707,29507.311636,ok,25.616752,ok
worst-l2-n16384-identical-w1-k1,worst,2,16384,identical,1,1,10000,False,graph,profile,11,batch_ms,ok,843.2296026463221,29516.710044,ok,35.004357,ok
worst-l2-n16384-identical-w1-k1,worst,2,16384,identical,1,1,10000,False,graph,adaptive,11,selector_ms,ok,129.3736067081701,29507.311636,ok,228.078295,ok
worst-l2-n16384-identical-w1-k1,worst,2,16384,identical,1,1,10000,False,graph,adaptive,11,batch_ms,ok,124.23604747548079,29516.710044,ok,237.585714,ok
worst-l2-n16384-identical-w1-k1,worst,2,16384,identical,1,1,10000,False,native,graph,11,batch_ms,ok,0.00036417361501252547,10.749207,ok,29516.710044,ok
worst-l2-n16384-identical-w1-k1,worst,2,16384,identical,1,1,10000,False,native,lazy,11,batch_ms,ok,0.000729431676869529,10.749207,ok,14736.41376,ok
worst-l2-n16384-identical-w1-k1,worst,2,16384,identical,1,1,10000,False,native,profile,11,batch_ms,ok,0.3070819726812865,10.749207,ok,35.004357,ok
worst-l2-n16384-identical-w1-k1,worst,2,16384,identical,1,1,10000,False,native,adaptive,11,batch_ms,ok,0.04524349052401358,10.749207,ok,237.585714,ok
worst-l2-n16384-identical-w1-k1,worst,2,16384,identical,1,1,10000,False,graph,lazy,29,selector_ms,ok,1.9738804881625853,29055.106184,ok,14719.789956,ok
worst-l2-n16384-identical-w1-k1,worst,2,16384,identical,1,1,10000,False,graph,lazy,29,batch_ms,ok,1.9732805202700274,29064.554543,ok,14729.053596,ok
worst-l2-n16384-identical-w1-k1,worst,2,16384,identical,1,1,10000,False,graph,profile,29,selector_ms,ok,1129.9017571998356,29055.106184,ok,25.714719,ok
worst-l2-n16384-identical-w1-k1,worst,2,16384,identical,1,1,10000,False,graph,profile,29,batch_ms,ok,825.8357824316564,29064.554543,ok,35.194109,ok
worst-l2-n16384-identical-w1-k1,worst,2,16384,identical,1,1,10000,False,graph,adaptive,29,selector_ms,ok,127.37595313788518,29055.106184,ok,228.105113,ok
worst-l2-n16384-identical-w1-k1,worst,2,16384,identical,1,1,10000,False,graph,adaptive,29,batch_ms,ok,122.32249275133952,29064.554543,ok,237.60597,ok
worst-l2-n16384-identical-w1-k1,worst,2,16384,identical,1,1,10000,False,native,graph,29,batch_ms,ok,0.0003813968655050238,11.08513,ok,29064.554543,ok
worst-l2-n16384-identical-w1-k1,worst,2,16384,identical,1,1,10000,False,native,lazy,29,batch_ms,ok,0.0007526030051931111,11.08513,ok,14729.053596,ok
worst-l2-n16384-identical-w1-k1,worst,2,16384,identical,1,1,10000,False,native,profile,29,batch_ms,ok,0.3149711788413226,11.08513,ok,35.194109,ok
worst-l2-n16384-identical-w1-k1,worst,2,16384,identical,1,1,10000,False,native,adaptive,29,batch_ms,ok,0.04665341531612189,11.08513,ok,237.60597,ok
worst-l2-n16384-identical-w1-k1,worst,2,16384,identical,1,1,10000,False,graph,lazy,47,selector_ms,ok,2.01202920137639,29603.850577,ok,14713.429883,ok
worst-l2-n16384-identical-w1-k1,worst,2,16384,identical,1,1,10000,False,graph,lazy,47,batch_ms,ok,2.011382497323028,29613.273486,ok,14722.845369,ok
worst-l2-n16384-identical-w1-k1,worst,2,16384,identical,1,1,10000,False,graph,profile,47,selector_ms,ok,1148.4483949766884,29603.850577,ok,25.777258,ok
worst-l2-n16384-identical-w1-k1,worst,2,16384,identical,1,1,10000,False,graph,profile,47,batch_ms,ok,841.1129618789586,29613.273486,ok,35.207249,ok
worst-l2-n16384-identical-w1-k1,worst,2,16384,identical,1,1,10000,False,graph,adaptive,47,selector_ms,ok,129.57749485887183,29603.850577,ok,228.464446,ok
worst-l2-n16384-identical-w1-k1,worst,2,16384,identical,1,1,10000,False,graph,adaptive,47,batch_ms,ok,124.39319647875361,29613.273486,ok,238.061842,ok
worst-l2-n16384-identical-w1-k1,worst,2,16384,identical,1,1,10000,False,native,graph,47,batch_ms,ok,0.0003648902916831692,10.805596,ok,29613.273486,ok
worst-l2-n16384-identical-w1-k1,worst,2,16384,identical,1,1,10000,False,native,lazy,47,batch_ms,ok,0.0007339339461346209,10.805596,ok,14722.845369,ok
worst-l2-n16384-identical-w1-k1,worst,2,16384,identical,1,1,10000,False,native,profile,47,batch_ms,ok,0.3069139539985075,10.805596,ok,35.207249,ok
worst-l2-n16384-identical-w1-k1,worst,2,16384,identical,1,1,10000,False,native,adaptive,47,batch_ms,ok,0.045389869746534174,10.805596,ok,238.061842,ok
worst-l2-n16384-identical-w1-k1,worst,2,16384,identical,1,1,10000,False,graph,lazy,71,selector_ms,ok,1.9723057338627474,29048.343277,ok,14728.11379,ok
worst-l2-n16384-identical-w1-k1,worst,2,16384,identical,1,1,10000,False,graph,lazy,71,batch_ms,ok,1.9716612801642663,29057.675059,ok,14737.660749,ok
worst-l2-n16384-identical-w1-k1,worst,2,16384,identical,1,1,10000,False,graph,profile,71,selector_ms,ok,1127.1111803195552,29048.343277,ok,25.772385,ok
worst-l2-n16384-identical-w1-k1,worst,2,16384,identical,1,1,10000,False,graph,profile,71,batch_ms,ok,826.3574357800504,29057.675059,ok,35.163567,ok
worst-l2-n16384-identical-w1-k1,worst,2,16384,identical,1,1,10000,False,graph,adaptive,71,selector_ms,ok,127.2829115408109,29048.343277,ok,228.218721,ok
worst-l2-n16384-identical-w1-k1,worst,2,16384,identical,1,1,10000,False,graph,adaptive,71,batch_ms,ok,122.24840846005132,29057.675059,ok,237.693688,ok
worst-l2-n16384-identical-w1-k1,worst,2,16384,identical,1,1,10000,False,native,graph,71,batch_ms,ok,0.00036936650913080196,10.732932,ok,29057.675059,ok
worst-l2-n16384-identical-w1-k1,worst,2,16384,identical,1,1,10000,False,native,lazy,71,batch_ms,ok,0.0007282656442426431,10.732932,ok,14737.660749,ok
worst-l2-n16384-identical-w1-k1,worst,2,16384,identical,1,1,10000,False,native,profile,71,batch_ms,ok,0.3052287613483581,10.732932,ok,35.163567,ok
worst-l2-n16384-identical-w1-k1,worst,2,16384,identical,1,1,10000,False,native,adaptive,71,batch_ms,ok,0.04515446787968555,10.732932,ok,237.693688,ok
worst-l2-n16384-identical-w1-k1,worst,2,16384,identical,1,1,10000,False,graph,lazy,101,selector_ms,ok,1.9693781518584335,29005.938817,ok,14728.475986,ok
worst-l2-n16384-identical-w1-k1,worst,2,16384,identical,1,1,10000,False,graph,lazy,101,batch_ms,ok,1.9687602991604531,29015.381069,ok,14737.894238,ok
worst-l2-n16384-identical-w1-k1,worst,2,16384,identical,1,1,10000,False,graph,profile,101,selector_ms,ok,1070.8521527954115,29005.938817,ok,27.086782,ok
worst-l2-n16384-identical-w1-k1,worst,2,16384,identical,1,1,10000,False,graph,profile,101,batch_ms,ok,794.9825674380348,29015.381069,ok,36.498135,ok
worst-l2-n16384-identical-w1-k1,worst,2,16384,identical,1,1,10000,False,graph,adaptive,101,selector_ms,ok,127.11202554649466,29005.938817,ok,228.191933,ok
worst-l2-n16384-identical-w1-k1,worst,2,16384,identical,1,1,10000,False,graph,adaptive,101,batch_ms,ok,122.04089036213327,29015.381069,ok,237.751306,ok
worst-l2-n16384-identical-w1-k1,worst,2,16384,identical,1,1,10000,False,native,graph,101,batch_ms,ok,0.0003755769732641177,10.897509,ok,29015.381069,ok
worst-l2-n16384-identical-w1-k1,worst,2,16384,identical,1,1,10000,False,native,lazy,101,batch_ms,ok,0.0007394210342412419,10.897509,ok,14737.894238,ok
worst-l2-n16384-identical-w1-k1,worst,2,16384,identical,1,1,10000,False,native,profile,101,batch_ms,ok,0.29857714647611444,10.897509,ok,36.498135,ok
worst-l2-n16384-identical-w1-k1,worst,2,16384,identical,1,1,10000,False,native,adaptive,101,batch_ms,ok,0.04583574821666805,10.897509,ok,237.751306,ok
worst-l2-n256-identical-w1-k1,worst,2,256,identical,1,1,10000,False,graph,lazy,11,selector_ms,ok,1.378077633704793,4.158177,ok,3.017375,ok
worst-l2-n256-identical-w1-k1,worst,2,256,identical,1,1,10000,False,graph,lazy,11,batch_ms,ok,1.370903333787969,4.332108,ok,3.160039,ok
worst-l2-n256-identical-w1-k1,worst,2,256,identical,1,1,10000,False,graph,profile,11,selector_ms,ok,10.294555852644088,4.158177,ok,0.40392,ok
worst-l2-n256-identical-w1-k1,worst,2,256,identical,1,1,10000,False,graph,profile,11,batch_ms,ok,7.881202744889716,4.332108,ok,0.549676,ok
worst-l2-n256-identical-w1-k1,worst,2,256,identical,1,1,10000,False,graph,adaptive,11,selector_ms,ok,5.136798816041745,4.158177,ok,0.809488,ok
worst-l2-n256-identical-w1-k1,worst,2,256,identical,1,1,10000,False,graph,adaptive,11,batch_ms,ok,4.550141689476327,4.332108,ok,0.952082,ok
worst-l2-n256-identical-w1-k1,worst,2,256,identical,1,1,10000,False,native,graph,11,batch_ms,ok,0.037891714610993076,0.164151,ok,4.332108,ok
worst-l2-n256-identical-w1-k1,worst,2,256,identical,1,1,10000,False,native,lazy,11,batch_ms,ok,0.051945877883152705,0.164151,ok,3.160039,ok
worst-l2-n256-identical-w1-k1,worst,2,256,identical,1,1,10000,False,native,profile,11,batch_ms,ok,0.29863228520073637,0.164151,ok,0.549676,ok
worst-l2-n256-identical-w1-k1,worst,2,256,identical,1,1,10000,False,native,adaptive,11,batch_ms,ok,0.17241267033721885,0.164151,ok,0.952082,ok
worst-l2-n256-identical-w1-k1,worst,2,256,identical,1,1,10000,False,graph,lazy,29,selector_ms,ok,1.3738819266962647,4.153785,ok,3.023393,ok
worst-l2-n256-identical-w1-k1,worst,2,256,identical,1,1,10000,False,graph,lazy,29,batch_ms,ok,1.3566199998357469,4.29485,ok,3.165846,ok
worst-l2-n256-identical-w1-k1,worst,2,256,identical,1,1,10000,False,graph,profile,29,selector_ms,ok,10.123553224521032,4.153785,ok,0.410309,ok
worst-l2-n256-identical-w1-k1,worst,2,256,identical,1,1,10000,False,graph,profile,29,batch_ms,ok,7.787311044587766,4.29485,ok,0.551519,ok
worst-l2-n256-identical-w1-k1,worst,2,256,identical,1,1,10000,False,graph,adaptive,29,selector_ms,ok,5.234948429182126,4.153785,ok,0.793472,ok
worst-l2-n256-identical-w1-k1,worst,2,256,identical,1,1,10000,False,graph,adaptive,29,batch_ms,ok,4.595103235622014,4.29485,ok,0.934658,ok
worst-l2-n256-identical-w1-k1,worst,2,256,identical,1,1,10000,False,native,graph,29,batch_ms,ok,0.037383610603397094,0.160557,ok,4.29485,ok
worst-l2-n256-identical-w1-k1,worst,2,256,identical,1,1,10000,False,native,lazy,29,batch_ms,ok,0.05071535381064019,0.160557,ok,3.165846,ok
worst-l2-n256-identical-w1-k1,worst,2,256,identical,1,1,10000,False,native,profile,29,batch_ms,ok,0.2911178037384025,0.160557,ok,0.551519,ok
worst-l2-n256-identical-w1-k1,worst,2,256,identical,1,1,10000,False,native,adaptive,29,batch_ms,ok,0.1717815500429034,0.160557,ok,0.934658,ok
worst-l2-n256-identical-w1-k1,worst,2,256,identical,1,1,10000,False,graph,lazy,47,selector_ms,ok,1.3806807950009037,4.147873,ok,3.004223,ok
worst-l2-n256-identical-w1-k1,worst,2,256,identical,1,1,10000,False,graph,lazy,47,batch_ms,ok,1.3640971144407696,4.289904,ok,3.144867,ok
worst-l2-n256-identical-w1-k1,worst,2,256,identical,1,1,10000,False,graph,profile,47,selector_ms,ok,10.173337094084173,4.147873,ok,0.40772,ok
worst-l2-n256-identical-w1-k1,worst,2,256,identical,1,1,10000,False,graph,profile,47,batch_ms,ok,7.791495637391298,4.289904,ok,0.550588,ok
worst-l2-n256-identical-w1-k1,worst,2,256,identical,1,1,10000,False,graph,adaptive,47,selector_ms,ok,5.184711632209194,4.147873,ok,0.80002,ok
worst-l2-n256-identical-w1-k1,worst,2,256,identical,1,1,10000,False,graph,adaptive,47,batch_ms,ok,4.558848721474677,4.289904,ok,0.941006,ok
worst-l2-n256-identical-w1-k1,worst,2,256,identical,1,1,10000,False,native,graph,47,batch_ms,ok,0.037535338786136005,0.161023,ok,4.289904,ok
worst-l2-n256-identical-w1-k1,worst,2,256,identical,1,1,10000,False,native,lazy,47,batch_ms,ok,0.05120184732772483,0.161023,ok,3.144867,ok
worst-l2-n256-identical-w1-k1,worst,2,256,identical,1,1,10000,False,native,profile,47,batch_ms,ok,0.2924564284001831,0.161023,ok,0.550588,ok
worst-l2-n256-identical-w1-k1,worst,2,256,identical,1,1,10000,False,native,adaptive,47,batch_ms,ok,0.17111793123529498,0.161023,ok,0.941006,ok
worst-l2-n256-identical-w1-k1,worst,2,256,identical,1,1,10000,False,graph,lazy,71,selector_ms,ok,1.3826347813182385,4.17392,ok,3.018816,ok
worst-l2-n256-identical-w1-k1,worst,2,256,identical,1,1,10000,False,graph,lazy,71,batch_ms,ok,1.3665816239364912,4.319442,ok,3.160764,ok
worst-l2-n256-identical-w1-k1,worst,2,256,identical,1,1,10000,False,graph,profile,71,selector_ms,ok,10.031532397615843,4.17392,ok,0.41608,ok
worst-l2-n256-identical-w1-k1,worst,2,256,identical,1,1,10000,False,graph,profile,71,batch_ms,ok,7.6798544906282995,4.319442,ok,0.562438,ok
worst-l2-n256-identical-w1-k1,worst,2,256,identical,1,1,10000,False,graph,adaptive,71,selector_ms,ok,5.236716939610989,4.17392,ok,0.797049,ok
worst-l2-n256-identical-w1-k1,worst,2,256,identical,1,1,10000,False,graph,adaptive,71,batch_ms,ok,4.600539568153763,4.319442,ok,0.938899,ok
worst-l2-n256-identical-w1-k1,worst,2,256,identical,1,1,10000,False,native,graph,71,batch_ms,ok,0.0371203039651881,0.160339,ok,4.319442,ok
worst-l2-n256-identical-w1-k1,worst,2,256,identical,1,1,10000,False,native,lazy,71,batch_ms,ok,0.05072792527376293,0.160339,ok,3.160764,ok
worst-l2-n256-identical-w1-k1,worst,2,256,identical,1,1,10000,False,native,profile,71,batch_ms,ok,0.2850785331005373,0.160339,ok,0.562438,ok
worst-l2-n256-identical-w1-k1,worst,2,256,identical,1,1,10000,False,native,adaptive,71,batch_ms,ok,0.17077342717374286,0.160339,ok,0.938899,ok
worst-l2-n256-identical-w1-k1,worst,2,256,identical,1,1,10000,False,graph,lazy,101,selector_ms,ok,1.3808907993596902,4.166548,ok,3.01729,ok
worst-l2-n256-identical-w1-k1,worst,2,256,identical,1,1,10000,False,graph,lazy,101,batch_ms,ok,1.3622300857428622,4.309295,ok,3.163412,ok
worst-l2-n256-identical-w1-k1,worst,2,256,identical,1,1,10000,False,graph,profile,101,selector_ms,ok,9.784901388869317,4.166548,ok,0.425814,ok
worst-l2-n256-identical-w1-k1,worst,2,256,identical,1,1,10000,False,graph,profile,101,batch_ms,ok,7.600529478476047,4.309295,ok,0.566973,ok
worst-l2-n256-identical-w1-k1,worst,2,256,identical,1,1,10000,False,graph,adaptive,101,selector_ms,ok,5.311588346128252,4.166548,ok,0.784426,ok
worst-l2-n256-identical-w1-k1,worst,2,256,identical,1,1,10000,False,graph,adaptive,101,batch_ms,ok,4.648932027104148,4.309295,ok,0.926943,ok
worst-l2-n256-identical-w1-k1,worst,2,256,identical,1,1,10000,False,native,graph,101,batch_ms,ok,0.037889028251720996,0.163275,ok,4.309295,ok
worst-l2-n256-identical-w1-k1,worst,2,256,identical,1,1,10000,False,native,lazy,101,batch_ms,ok,0.05161357420405562,0.163275,ok,3.163412,ok
worst-l2-n256-identical-w1-k1,worst,2,256,identical,1,1,10000,False,native,profile,101,batch_ms,ok,0.2879766761380172,0.163275,ok,0.566973,ok
worst-l2-n256-identical-w1-k1,worst,2,256,identical,1,1,10000,False,native,adaptive,101,batch_ms,ok,0.1761435169152796,0.163275,ok,0.926943,ok
worst-l2-n4096-identical-w1-k1,worst,2,4096,identical,1,1,10000,False,graph,lazy,11,selector_ms,ok,1.65419350771429,1385.376901,ok,837.493857,ok
worst-l2-n4096-identical-w1-k1,worst,2,4096,identical,1,1,10000,False,graph,lazy,11,batch_ms,ok,1.6524526919712499,1387.72191,ok,839.795243,ok
worst-l2-n4096-identical-w1-k1,worst,2,4096,identical,1,1,10000,False,graph,profile,11,selector_ms,ok,223.0563154938975,1385.376901,ok,6.210884,ok
worst-l2-n4096-identical-w1-k1,worst,2,4096,identical,1,1,10000,False,graph,profile,11,batch_ms,ok,163.3981943000752,1387.72191,ok,8.492884,ok
worst-l2-n4096-identical-w1-k1,worst,2,4096,identical,1,1,10000,False,graph,adaptive,11,selector_ms,ok,45.43352802343378,1385.376901,ok,30.492391,ok
worst-l2-n4096-identical-w1-k1,worst,2,4096,identical,1,1,10000,False,graph,adaptive,11,batch_ms,ok,42.31517818153233,1387.72191,ok,32.794897,ok
worst-l2-n4096-identical-w1-k1,worst,2,4096,identical,1,1,10000,False,native,graph,11,batch_ms,ok,0.0019220666480649572,2.667294,ok,1387.72191,ok
worst-l2-n4096-identical-w1-k1,worst,2,4096,identical,1,1,10000,False,native,lazy,11,batch_ms,ok,0.0031761242067430955,2.667294,ok,839.795243,ok
worst-l2-n4096-identical-w1-k1,worst,2,4096,identical,1,1,10000,False,native,profile,11,batch_ms,ok,0.3140622196182121,2.667294,ok,8.492884,ok
worst-l2-n4096-identical-w1-k1,worst,2,4096,identical,1,1,10000,False,native,adaptive,11,batch_ms,ok,0.08133259268964925,2.667294,ok,32.794897,ok
worst-l2-n4096-identical-w1-k1,worst,2,4096,identical,1,1,10000,False,graph,lazy,29,selector_ms,ok,1.6538557890899424,1384.711856,ok,837.262756,ok
worst-l2-n4096-identical-w1-k1,worst,2,4096,identical,1,1,10000,False,graph,lazy,29,batch_ms,ok,1.652132931542217,1387.024635,ok,839.535735,ok
worst-l2-n4096-identical-w1-k1,worst,2,4096,identical,1,1,10000,False,graph,profile,29,selector_ms,ok,222.84801998163735,1384.711856,ok,6.213705,ok
worst-l2-n4096-identical-w1-k1,worst,2,4096,identical,1,1,10000,False,graph,profile,29,batch_ms,ok,161.82142057550234,1387.024635,ok,8.571329,ok
worst-l2-n4096-identical-w1-k1,worst,2,4096,identical,1,1,10000,False,graph,adaptive,29,selector_ms,ok,45.58870294814188,1384.711856,ok,30.374013,ok
worst-l2-n4096-identical-w1-k1,worst,2,4096,identical,1,1,10000,False,graph,adaptive,29,batch_ms,ok,42.44795405566472,1387.024635,ok,32.675889,ok
worst-l2-n4096-identical-w1-k1,worst,2,4096,identical,1,1,10000,False,native,graph,29,batch_ms,ok,0.001913038119903328,2.653431,ok,1387.024635,ok
worst-l2-n4096-identical-w1-k1,worst,2,4096,identical,1,1,10000,False,native,lazy,29,batch_ms,ok,0.003160593277187897,2.653431,ok,839.535735,ok
worst-l2-n4096-identical-w1-k1,worst,2,4096,identical,1,1,10000,False,native,profile,29,batch_ms,ok,0.30957054617784474,2.653431,ok,8.571329,ok
worst-l2-n4096-identical-w1-k1,worst,2,4096,identical,1,1,10000,False,native,adaptive,29,batch_ms,ok,0.08120455422039168,2.653431,ok,32.675889,ok
worst-l2-n4096-identical-w1-k1,worst,2,4096,identical,1,1,10000,False,graph,lazy,47,selector_ms,ok,1.6545722646321734,1383.52337,ok,836.181894,ok
worst-l2-n4096-identical-w1-k1,worst,2,4096,identical,1,1,10000,False,graph,lazy,47,batch_ms,ok,1.6527431504504198,1385.962349,ok,838.583024,ok
worst-l2-n4096-identical-w1-k1,worst,2,4096,identical,1,1,10000,False,graph,profile,47,selector_ms,ok,221.50450974603382,1383.52337,ok,6.246028,ok
worst-l2-n4096-identical-w1-k1,worst,2,4096,identical,1,1,10000,False,graph,profile,47,batch_ms,ok,161.4912536594318,1385.962349,ok,8.582275,ok
worst-l2-n4096-identical-w1-k1,worst,2,4096,identical,1,1,10000,False,graph,adaptive,47,selector_ms,ok,44.92409547178287,1383.52337,ok,30.796911,ok
worst-l2-n4096-identical-w1-k1,worst,2,4096,identical,1,1,10000,False,graph,adaptive,47,batch_ms,ok,41.64053468860431,1385.962349,ok,33.283971,ok
worst-l2-n4096-identical-w1-k1,worst,2,4096,identical,1,1,10000,False,native,graph,47,batch_ms,ok,0.001939514447805537,2.688094,ok,1385.962349,ok
worst-l2-n4096-identical-w1-k1,worst,2,4096,identical,1,1,10000,False,native,lazy,47,batch_ms,ok,0.0032055192188102295,2.688094,ok,838.583024,ok
worst-l2-n4096-identical-w1-k1,worst,2,4096,identical,1,1,10000,False,native,profile,47,batch_ms,ok,0.3132146196666968,2.688094,ok,8.582275,ok
worst-l2-n4096-identical-w1-k1,worst,2,4096,identical,1,1,10000,False,native,adaptive,47,batch_ms,ok,0.0807624186428957,2.688094,ok,33.283971,ok
worst-l2-n4096-identical-w1-k1,worst,2,4096,identical,1,1,10000,False,graph,lazy,71,selector_ms,ok,1.654621114971609,1384.340245,ok,836.6509,ok
worst-l2-n4096-identical-w1-k1,worst,2,4096,identical,1,1,10000,False,graph,lazy,71,batch_ms,ok,1.6528825933545668,1386.742134,ok,838.984051,ok
worst-l2-n4096-identical-w1-k1,worst,2,4096,identical,1,1,10000,False,graph,profile,71,selector_ms,ok,221.69055553304676,1384.340245,ok,6.244471,ok
worst-l2-n4096-identical-w1-k1,worst,2,4096,identical,1,1,10000,False,graph,profile,71,batch_ms,ok,160.58906429458648,1386.742134,ok,8.635346,ok
worst-l2-n4096-identical-w1-k1,worst,2,4096,identical,1,1,10000,False,graph,adaptive,71,selector_ms,ok,45.37927470797386,1384.340245,ok,30.506002,ok
worst-l2-n4096-identical-w1-k1,worst,2,4096,identical,1,1,10000,False,graph,adaptive,71,batch_ms,ok,42.2101192847844,1386.742134,ok,32.85331,ok
worst-l2-n4096-identical-w1-k1,worst,2,4096,identical,1,1,10000,False,native,graph,71,batch_ms,ok,0.0019073293694269477,2.644974,ok,1386.742134,ok
worst-l2-n4096-identical-w1-k1,worst,2,4096,identical,1,1,10000,False,native,lazy,71,batch_ms,ok,0.003152591514519744,2.644974,ok,838.984051,ok
worst-l2-n4096-identical-w1-k1,worst,2,4096,identical,1,1,10000,False,native,profile,71,batch_ms,ok,0.30629623873785716,2.644974,ok,8.635346,ok
worst-l2-n4096-identical-w1-k1,worst,2,4096,identical,1,1,10000,False,native,adaptive,71,batch_ms,ok,0.08050860019888406,2.644974,ok,32.85331,ok
worst-l2-n4096-identical-w1-k1,worst,2,4096,identical,1,1,10000,False,graph,lazy,101,selector_ms,ok,1.6556772405538973,1385.886674,ok,837.051232,ok
worst-l2-n4096-identical-w1-k1,worst,2,4096,identical,1,1,10000,False,graph,lazy,101,batch_ms,ok,1.6538095046972647,1388.374862,ok,839.501078,ok
worst-l2-n4096-identical-w1-k1,worst,2,4096,identical,1,1,10000,False,graph,profile,101,selector_ms,ok,221.71895096922785,1385.886674,ok,6.250646,ok
worst-l2-n4096-identical-w1-k1,worst,2,4096,identical,1,1,10000,False,graph,profile,101,batch_ms,ok,161.9228042029315,1388.374862,ok,8.574301,ok
worst-l2-n4096-identical-w1-k1,worst,2,4096,identical,1,1,10000,False,graph,adaptive,101,selector_ms,ok,45.42763682203828,1385.886674,ok,30.507567,ok
worst-l2-n4096-identical-w1-k1,worst,2,4096,identical,1,1,10000,False,graph,adaptive,101,batch_ms,ok,42.180047413005944,1388.374862,ok,32.915441,ok
worst-l2-n4096-identical-w1-k1,worst,2,4096,identical,1,1,10000,False,native,graph,101,batch_ms,ok,0.002019292538876291,2.803535,ok,1388.374862,ok
worst-l2-n4096-identical-w1-k1,worst,2,4096,identical,1,1,10000,False,native,lazy,101,batch_ms,ok,0.0033395251935578814,2.803535,ok,839.501078,ok
worst-l2-n4096-identical-w1-k1,worst,2,4096,identical,1,1,10000,False,native,profile,101,batch_ms,ok,0.32696951040090616,2.803535,ok,8.574301,ok
worst-l2-n4096-identical-w1-k1,worst,2,4096,identical,1,1,10000,False,native,adaptive,101,batch_ms,ok,0.08517385503053111,2.803535,ok,32.915441,ok
worst-l4-n1024-identical-w1-k1,worst,4,1024,identical,1,1,10000,False,graph,lazy,11,selector_ms,ok,1.3760194525135125,74.106722,ok,53.855868,ok
worst-l4-n1024-identical-w1-k1,worst,4,1024,identical,1,1,10000,False,graph,lazy,11,batch_ms,ok,1.3707094855370867,74.90712,ok,54.648429,ok
worst-l4-n1024-identical-w1-k1,worst,4,1024,identical,1,1,10000,False,graph,profile,11,selector_ms,ok,23.315966558938428,74.106722,ok,3.178368,ok
worst-l4-n1024-identical-w1-k1,worst,4,1024,identical,1,1,10000,False,graph,profile,11,batch_ms,ok,18.8665338494901,74.90712,ok,3.97037,ok
worst-l4-n1024-identical-w1-k1,worst,4,1024,identical,1,1,10000,False,graph,adaptive,11,selector_ms,ok,10.39748490677487,74.106722,ok,7.12737,ok
worst-l4-n1024-identical-w1-k1,worst,4,1024,identical,1,1,10000,False,graph,adaptive,11,batch_ms,ok,9.453803816247639,74.90712,ok,7.92349,ok
worst-l4-n1024-identical-w1-k1,worst,4,1024,identical,1,1,10000,False,native,graph,11,batch_ms,ok,0.011754743741315911,0.880514,ok,74.90712,ok
worst-l4-n1024-identical-w1-k1,worst,4,1024,identical,1,1,10000,False,native,lazy,11,batch_ms,ok,0.01611233874627942,0.880514,ok,54.648429,ok
worst-l4-n1024-identical-w1-k1,worst,4,1024,identical,1,1,10000,False,native,profile,11,batch_ms,ok,0.22177127068761854,0.880514,ok,3.97037,ok
worst-l4-n1024-identical-w1-k1,worst,4,1024,identical,1,1,10000,False,native,adaptive,11,batch_ms,ok,0.11112704124066541,0.880514,ok,7.92349,ok
worst-l4-n1024-identical-w1-k1,worst,4,1024,identical,1,1,10000,False,graph,lazy,29,selector_ms,ok,1.3802780853855707,74.164884,ok,53.731842,ok
worst-l4-n1024-identical-w1-k1,worst,4,1024,identical,1,1,10000,False,graph,lazy,29,batch_ms,ok,1.3748673557331124,74.969269,ok,54.528365,ok
worst-l4-n1024-identical-w1-k1,worst,4,1024,identical,1,1,10000,False,graph,profile,29,selector_ms,ok,23.40542398235241,74.164884,ok,3.168705,ok
worst-l4-n1024-identical-w1-k1,worst,4,1024,identical,1,1,10000,False,graph,profile,29,batch_ms,ok,18.899428196598322,74.969269,ok,3.966748,ok
worst-l4-n1024-identical-w1-k1,worst,4,1024,identical,1,1,10000,False,graph,adaptive,29,selector_ms,ok,10.390769188522599,74.164884,ok,7.137574,ok
worst-l4-n1024-identical-w1-k1,worst,4,1024,identical,1,1,10000,False,graph,adaptive,29,batch_ms,ok,9.440188825764801,74.969269,ok,7.941501,ok
worst-l4-n1024-identical-w1-k1,worst,4,1024,identical,1,1,10000,False,native,graph,29,batch_ms,ok,0.011755843584389225,0.881327,ok,74.969269,ok
worst-l4-n1024-identical-w1-k1,worst,4,1024,identical,1,1,10000,False,native,lazy,29,batch_ms,ok,0.016162725583281287,0.881327,ok,54.528365,ok
worst-l4-n1024-identical-w1-k1,worst,4,1024,identical,1,1,10000,False,native,profile,29,batch_ms,ok,0.2221787217136052,0.881327,ok,3.966748,ok
worst-l4-n1024-identical-w1-k1,worst,4,1024,identical,1,1,10000,False,native,adaptive,29,batch_ms,ok,0.11097738324279,0.881327,ok,7.941501,ok
worst-l4-n1024-identical-w1-k1,worst,4,1024,identical,1,1,10000,False,graph,lazy,47,selector_ms,ok,1.3858078177859847,74.326641,ok,53.634162,ok
worst-l4-n1024-identical-w1-k1,worst,4,1024,identical,1,1,10000,False,graph,lazy,47,batch_ms,ok,1.378750010069752,75.134826,ok,54.494887,ok
worst-l4-n1024-identical-w1-k1,worst,4,1024,identical,1,1,10000,False,graph,profile,47,selector_ms,ok,23.38521784819844,74.326641,ok,3.17836,ok
worst-l4-n1024-identical-w1-k1,worst,4,1024,identical,1,1,10000,False,graph,profile,47,batch_ms,ok,18.729648053306146,75.134826,ok,4.011545,ok
worst-l4-n1024-identical-w1-k1,worst,4,1024,identical,1,1,10000,False,graph,adaptive,47,selector_ms,ok,10.436291375664494,74.326641,ok,7.12194,ok
worst-l4-n1024-identical-w1-k1,worst,4,1024,identical,1,1,10000,False,graph,adaptive,47,batch_ms,ok,9.460994195581309,75.134826,ok,7.941536,ok
worst-l4-n1024-identical-w1-k1,worst,4,1024,identical,1,1,10000,False,native,graph,47,batch_ms,ok,0.011827431396460544,0.888652,ok,75.134826,ok
worst-l4-n1024-identical-w1-k1,worst,4,1024,identical,1,1,10000,False,native,lazy,47,batch_ms,ok,0.016307071156969277,0.888652,ok,54.494887,ok
worst-l4-n1024-identical-w1-k1,worst,4,1024,identical,1,1,10000,False,native,profile,47,batch_ms,ok,0.22152362743032922,0.888652,ok,4.011545,ok
worst-l4-n1024-identical-w1-k1,worst,4,1024,identical,1,1,10000,False,native,adaptive,47,batch_ms,ok,0.11189925979054934,0.888652,ok,7.941536,ok
worst-l4-n1024-identical-w1-k1,worst,4,1024,identical,1,1,10000,False,graph,lazy,71,selector_ms,ok,1.3767452350762617,74.214618,ok,53.905847,ok
worst-l4-n1024-identical-w1-k1,worst,4,1024,identical,1,1,10000,False,graph,lazy,71,batch_ms,ok,1.3713672386519484,75.017876,ok,54.702981,ok
worst-l4-n1024-identical-w1-k1,worst,4,1024,identical,1,1,10000,False,graph,profile,71,selector_ms,ok,23.426168757666456,74.214618,ok,3.168022,ok
worst-l4-n1024-identical-w1-k1,worst,4,1024,identical,1,1,10000,False,graph,profile,71,batch_ms,ok,18.880610357800467,75.017876,ok,3.973276,ok
worst-l4-n1024-identical-w1-k1,worst,4,1024,identical,1,1,10000,False,graph,adaptive,71,selector_ms,ok,10.378592705090663,74.214618,ok,7.15074,ok
worst-l4-n1024-identical-w1-k1,worst,4,1024,identical,1,1,10000,False,graph,adaptive,71,batch_ms,ok,9.44091108504083,75.017876,ok,7.946042,ok
worst-l4-n1024-identical-w1-k1,worst,4,1024,identical,1,1,10000,False,native,graph,71,batch_ms,ok,0.011712248424628818,0.878628,ok,75.017876,ok
worst-l4-n1024-identical-w1-k1,worst,4,1024,identical,1,1,10000,False,native,lazy,71,batch_ms,ok,0.016061793780488855,0.878628,ok,54.702981,ok
worst-l4-n1024-identical-w1-k1,worst,4,1024,identical,1,1,10000,False,native,profile,71,batch_ms,ok,0.22113439891917905,0.878628,ok,3.973276,ok
worst-l4-n1024-identical-w1-k1,worst,4,1024,identical,1,1,10000,False,native,adaptive,71,batch_ms,ok,0.11057429598283018,0.878628,ok,7.946042,ok
worst-l4-n1024-identical-w1-k1,worst,4,1024,identical,1,1,10000,False,graph,lazy,101,selector_ms,ok,1.3865371019795365,74.389726,ok,53.65145,ok
worst-l4-n1024-identical-w1-k1,worst,4,1024,identical,1,1,10000,False,graph,lazy,101,batch_ms,ok,1.3809132835135722,75.187421,ok,54.447605,ok
worst-l4-n1024-identical-w1-k1,worst,4,1024,identical,1,1,10000,False,graph,profile,101,selector_ms,ok,23.49716636838411,74.389726,ok,3.165902,ok
worst-l4-n1024-identical-w1-k1,worst,4,1024,identical,1,1,10000,False,graph,profile,101,batch_ms,ok,18.970061395572273,75.187421,ok,3.963478,ok
worst-l4-n1024-identical-w1-k1,worst,4,1024,identical,1,1,10000,False,graph,adaptive,101,selector_ms,ok,10.435419957410872,74.389726,ok,7.12858,ok
worst-l4-n1024-identical-w1-k1,worst,4,1024,identical,1,1,10000,False,graph,adaptive,101,batch_ms,ok,9.485219757082243,75.187421,ok,7.926798,ok
worst-l4-n1024-identical-w1-k1,worst,4,1024,identical,1,1,10000,False,native,graph,101,batch_ms,ok,0.011803836176266772,0.8875,ok,75.187421,ok
worst-l4-n1024-identical-w1-k1,worst,4,1024,identical,1,1,10000,False,native,lazy,101,batch_ms,ok,0.016300074172224836,0.8875,ok,54.447605,ok
worst-l4-n1024-identical-w1-k1,worst,4,1024,identical,1,1,10000,False,native,profile,101,batch_ms,ok,0.2239194969670577,0.8875,ok,3.963478,ok
worst-l4-n1024-identical-w1-k1,worst,4,1024,identical,1,1,10000,False,native,adaptive,101,batch_ms,ok,0.1119619801084877,0.8875,ok,7.926798,ok
worst-l4-n16384-identical-w1-k1,worst,4,16384,identical,1,1,10000,False,graph,lazy,11,selector_ms,ok,1.7928373059429887,29369.727592,ok,16381.70262,ok
worst-l4-n16384-identical-w1-k1,worst,4,16384,identical,1,1,10000,False,graph,lazy,11,batch_ms,ok,1.792184094484773,29383.029121,ok,16395.095354,ok
worst-l4-n16384-identical-w1-k1,worst,4,16384,identical,1,1,10000,False,graph,profile,11,selector_ms,ok,569.1128597698139,29369.727592,ok,51.606157,ok
worst-l4-n16384-identical-w1-k1,worst,4,16384,identical,1,1,10000,False,graph,profile,11,batch_ms,ok,454.4659829849886,29383.029121,ok,64.653968,ok
worst-l4-n16384-identical-w1-k1,worst,4,16384,identical,1,1,10000,False,graph,adaptive,11,selector_ms,ok,100.48288509984118,29369.727592,ok,292.285871,ok
worst-l4-n16384-identical-w1-k1,worst,4,16384,identical,1,1,10000,False,graph,adaptive,11,batch_ms,ok,96.12187096517044,29383.029121,ok,305.685156,ok
worst-l4-n16384-identical-w1-k1,worst,4,16384,identical,1,1,10000,False,native,graph,11,batch_ms,ok,0.0004953080208329689,14.55365,ok,29383.029121,ok
worst-l4-n16384-identical-w1-k1,worst,4,16384,identical,1,1,10000,False,native,lazy,11,batch_ms,ok,0.0008876831568075794,14.55365,ok,16395.095354,ok
worst-l4-n16384-identical-w1-k1,worst,4,16384,identical,1,1,10000,False,native,profile,11,batch_ms,ok,0.22510064656820442,14.55365,ok,64.653968,ok
worst-l4-n16384-identical-w1-k1,worst,4,16384,identical,1,1,10000,False,native,adaptive,11,batch_ms,ok,0.04760993366652059,14.55365,ok,305.685156,ok
worst-l4-n16384-identical-w1-k1,worst,4,16384,identical,1,1,10000,False,graph,lazy,29,selector_ms,ok,1.7600143474327243,28822.422058,ok,16376.242671,ok
worst-l4-n16384-identical-w1-k1,worst,4,16384,identical,1,1,10000,False,graph,lazy,29,batch_ms,ok,1.7593697683809684,28835.53296,ok,16389.694468,ok
worst-l4-n16384-identical-w1-k1,worst,4,16384,identical,1,1,10000,False,graph,profile,29,selector_ms,ok,559.9058112037761,28822.422058,ok,51.477269,ok
worst-l4-n16384-identical-w1-k1,worst,4,16384,identical,1,1,10000,False,graph,profile,29,batch_ms,ok,446.1169384322353,28835.53296,ok,64.636714,ok
worst-l4-n16384-identical-w1-k1,worst,4,16384,identical,1,1,10000,False,graph,adaptive,29,selector_ms,ok,98.89488135179548,28822.422058,ok,291.445034,ok
worst-l4-n16384-identical-w1-k1,worst,4,16384,identical,1,1,10000,False,graph,adaptive,29,batch_ms,ok,94.64015918157583,28835.53296,ok,304.686015,ok
worst-l4-n16384-identical-w1-k1,worst,4,16384,identical,1,1,10000,False,native,graph,29,batch_ms,ok,0.0005057664798577041,14.584046,ok,28835.53296,ok
worst-l4-n16384-identical-w1-k1,worst,4,16384,identical,1,1,10000,False,native,lazy,29,batch_ms,ok,0.0008898302545221064,14.584046,ok,16389.694468,ok
worst-l4-n16384-identical-w1-k1,worst,4,16384,identical,1,1,10000,False,native,profile,29,batch_ms,ok,0.2256309935557677,14.584046,ok,64.636714,ok
worst-l4-n16384-identical-w1-k1,worst,4,16384,identical,1,1,10000,False,native,adaptive,29,batch_ms,ok,0.04786582016243837,14.584046,ok,304.686015,ok
worst-l4-n16384-identical-w1-k1,worst,4,16384,identical,1,1,10000,False,graph,lazy,47,selector_ms,ok,1.7790614356982117,29098.917475,ok,16356.330867,ok
worst-l4-n16384-identical-w1-k1,worst,4,16384,identical,1,1,10000,False,graph,lazy,47,batch_ms,ok,1.7784248330499315,29112.155415,ok,16369.62939,ok
worst-l4-n16384-identical-w1-k1,worst,4,16384,identical,1,1,10000,False,graph,profile,47,selector_ms,ok,564.1096461937457,29098.917475,ok,51.583797,ok
worst-l4-n16384-identical-w1-k1,worst,4,16384,identical,1,1,10000,False,graph,profile,47,batch_ms,ok,450.52038935883706,29112.155415,ok,64.618952,ok
worst-l4-n16384-identical-w1-k1,worst,4,16384,identical,1,1,10000,False,graph,adaptive,47,selector_ms,ok,99.73826463256333,29098.917475,ok,291.752795,ok
worst-l4-n16384-identical-w1-k1,worst,4,16384,identical,1,1,10000,False,graph,adaptive,47,batch_ms,ok,95.46085692758794,29112.155415,ok,304.964321,ok
worst-l4-n16384-identical-w1-k1,worst,4,16384,identical,1,1,10000,False,native,graph,47,batch_ms,ok,0.0005117770150513605,14.898932,ok,29112.155415,ok
worst-l4-n16384-identical-w1-k1,worst,4,16384,identical,1,1,10000,False,native,lazy,47,batch_ms,ok,0.000910156952551508,14.898932,ok,16369.62939,ok
worst-l4-n16384-identical-w1-k1,worst,4,16384,identical,1,1,10000,False,native,profile,47,batch_ms,ok,0.23056598008584234,14.898932,ok,64.618952,ok
worst-l4-n16384-identical-w1-k1,worst,4,16384,identical,1,1,10000,False,native,adaptive,47,batch_ms,ok,0.04885467241264594,14.898932,ok,304.964321,ok
worst-l4-n16384-identical-w1-k1,worst,4,16384,identical,1,1,10000,False,graph,lazy,71,selector_ms,ok,1.776964658509413,29101.337022,ok,16376.992577,ok
worst-l4-n16384-identical-w1-k1,worst,4,16384,identical,1,1,10000,False,graph,lazy,71,batch_ms,ok,1.7763117134686157,29114.529099,ok,16390.439177,ok
worst-l4-n16384-identical-w1-k1,worst,4,16384,identical,1,1,10000,False,graph,profile,71,selector_ms,ok,564.3107791263237,29101.337022,ok,51.569699,ok
worst-l4-n16384-identical-w1-k1,worst,4,16384,identical,1,1,10000,False,graph,profile,71,batch_ms,ok,449.6059703048328,29114.529099,ok,64.755655,ok
worst-l4-n16384-identical-w1-k1,worst,4,16384,identical,1,1,10000,False,graph,adaptive,71,selector_ms,ok,99.751356049668,29101.337022,ok,291.738761,ok
worst-l4-n16384-identical-w1-k1,worst,4,16384,identical,1,1,10000,False,graph,adaptive,71,batch_ms,ok,95.46676309331848,29114.529099,ok,304.970318,ok
worst-l4-n16384-identical-w1-k1,worst,4,16384,identical,1,1,10000,False,native,graph,71,batch_ms,ok,0.0005057937550673211,14.725947,ok,29114.529099,ok
worst-l4-n16384-identical-w1-k1,worst,4,16384,identical,1,1,10000,False,native,lazy,71,batch_ms,ok,0.0008984473717253586,14.725947,ok,16390.439177,ok
worst-l4-n16384-identical-w1-k1,worst,4,16384,identical,1,1,10000,False,native,profile,71,batch_ms,ok,0.22740789202116787,14.725947,ok,64.755655,ok
worst-l4-n16384-identical-w1-k1,worst,4,16384,identical,1,1,10000,False,native,adaptive,71,batch_ms,ok,0.048286492589091894,14.725947,ok,304.970318,ok
worst-l4-n16384-identical-w1-k1,worst,4,16384,identical,1,1,10000,False,graph,lazy,101,selector_ms,ok,1.7773944862194506,29108.137724,ok,16376.858345,ok
worst-l4-n16384-identical-w1-k1,worst,4,16384,identical,1,1,10000,False,graph,lazy,101,batch_ms,ok,1.7767715668390345,29121.254672,ok,16389.982379,ok
worst-l4-n16384-identical-w1-k1,worst,4,16384,identical,1,1,10000,False,graph,profile,101,selector_ms,ok,564.0959022060623,29108.137724,ok,51.601399,ok
worst-l4-n16384-identical-w1-k1,worst,4,16384,identical,1,1,10000,False,graph,profile,101,batch_ms,ok,448.81078391598027,29121.254672,ok,64.885372,ok
worst-l4-n16384-identical-w1-k1,worst,4,16384,identical,1,1,10000,False,graph,adaptive,101,selector_ms,ok,99.95118534667066,29108.137724,ok,291.223537,ok
worst-l4-n16384-identical-w1-k1,worst,4,16384,identical,1,1,10000,False,graph,adaptive,101,batch_ms,ok,95.65578922161662,29121.254672,ok,304.437974,ok
worst-l4-n16384-identical-w1-k1,worst,4,16384,identical,1,1,10000,False,native,graph,101,batch_ms,ok,0.0005076889428880031,14.784539,ok,29121.254672,ok
worst-l4-n16384-identical-w1-k1,worst,4,16384,identical,1,1,10000,False,native,lazy,101,batch_ms,ok,0.0009020472785219704,14.784539,ok,16389.982379,ok
worst-l4-n16384-identical-w1-k1,worst,4,16384,identical,1,1,10000,False,native,profile,101,batch_ms,ok,0.22785627244304002,14.784539,ok,64.885372,ok
worst-l4-n16384-identical-w1-k1,worst,4,16384,identical,1,1,10000,False,native,adaptive,101,batch_ms,ok,0.048563386511040176,14.784539,ok,304.437974,ok
worst-l4-n256-identical-w1-k1,worst,4,256,identical,1,1,10000,False,graph,lazy,11,selector_ms,ok,1.2423609315942112,4.214825,ok,3.392593,ok
worst-l4-n256-identical-w1-k1,worst,4,256,identical,1,1,10000,False,graph,lazy,11,batch_ms,ok,1.2223859084785758,4.412675,ok,3.609887,ok
worst-l4-n256-identical-w1-k1,worst,4,256,identical,1,1,10000,False,graph,profile,11,selector_ms,ok,5.06522575140306,4.214825,ok,0.83211,ok
worst-l4-n256-identical-w1-k1,worst,4,256,identical,1,1,10000,False,graph,profile,11,batch_ms,ok,4.278053221234202,4.412675,ok,1.031468,ok
worst-l4-n256-identical-w1-k1,worst,4,256,identical,1,1,10000,False,graph,adaptive,11,selector_ms,ok,2.9876801808986095,4.214825,ok,1.410735,ok
worst-l4-n256-identical-w1-k1,worst,4,256,identical,1,1,10000,False,graph,adaptive,11,batch_ms,ok,2.7442247631509233,4.412675,ok,1.607986,ok
worst-l4-n256-identical-w1-k1,worst,4,256,identical,1,1,10000,False,native,graph,11,batch_ms,ok,0.04992368574617437,0.220297,ok,4.412675,ok
worst-l4-n256-identical-w1-k1,worst,4,256,identical,1,1,10000,False,native,lazy,11,batch_ms,ok,0.06102600995543628,0.220297,ok,3.609887,ok
worst-l4-n256-identical-w1-k1,worst,4,256,identical,1,1,10000,False,native,profile,11,batch_ms,ok,0.2135761846223053,0.220297,ok,1.031468,ok
worst-l4-n256-identical-w1-k1,worst,4,256,identical,1,1,10000,False,native,adaptive,11,batch_ms,ok,0.13700181469241648,0.220297,ok,1.607986,ok
worst-l4-n256-identical-w1-k1,worst,4,256,identical,1,1,10000,False,graph,lazy,29,selector_ms,ok,1.2182779951537501,4.216744,ok,3.461233,ok
worst-l4-n256-identical-w1-k1,worst,4,256,identical,1,1,10000,False,graph,lazy,29,batch_ms,ok,1.2067211425789388,4.416854,ok,3.660211,ok
worst-l4-n256-identical-w1-k1,worst,4,256,identical,1,1,10000,False,graph,profile,29,selector_ms,ok,5.092692140932537,4.216744,ok,0.827999,ok
worst-l4-n256-identical-w1-k1,worst,4,256,identical,1,1,10000,False,graph,profile,29,batch_ms,ok,4.296379230011254,4.416854,ok,1.028041,ok
worst-l4-n256-identical-w1-k1,worst,4,256,identical,1,1,10000,False,graph,adaptive,29,selector_ms,ok,3.029629230476314,4.216744,ok,1.391835,ok
worst-l4-n256-identical-w1-k1,worst,4,256,identical,1,1,10000,False,graph,adaptive,29,batch_ms,ok,2.776179255215172,4.416854,ok,1.590983,ok
worst-l4-n256-identical-w1-k1,worst,4,256,identical,1,1,10000,False,native,graph,29,batch_ms,ok,0.04974355049997124,0.21971,ok,4.416854,ok
worst-l4-n256-identical-w1-k1,worst,4,256,identical,1,1,10000,False,native,lazy,29,batch_ms,ok,0.06002659409525844,0.21971,ok,3.660211,ok
worst-l4-n256-identical-w1-k1,worst,4,256,identical,1,1,10000,False,native,profile,29,batch_ms,ok,0.2137171571950924,0.21971,ok,1.028041,ok
worst-l4-n256-identical-w1-k1,worst,4,256,identical,1,1,10000,False,native,adaptive,29,batch_ms,ok,0.13809701297876847,0.21971,ok,1.590983,ok
worst-l4-n256-identical-w1-k1,worst,4,256,identical,1,1,10000,False,graph,lazy,47,selector_ms,ok,1.229748789348011,4.220033,ok,3.431622,ok
worst-l4-n256-identical-w1-k1,worst,4,256,identical,1,1,10000,False,graph,lazy,47,batch_ms,ok,1.2170552669300327,4.419365,ok,3.631195,ok
worst-l4-n256-identical-w1-k1,worst,4,256,identical,1,1,10000,False,graph,profile,47,selector_ms,ok,5.047349026240029,4.220033,ok,0.836089,ok
worst-l4-n256-identical-w1-k1,worst,4,256,identical,1,1,10000,False,graph,profile,47,batch_ms,ok,4.2704460068491565,4.419365,ok,1.034872,ok
worst-l4-n256-identical-w1-k1,worst,4,256,identical,1,1,10000,False,graph,adaptive,47,selector_ms,ok,3.0151621458641156,4.220033,ok,1.399604,ok
worst-l4-n256-identical-w1-k1,worst,4,256,identical,1,1,10000,False,graph,adaptive,47,batch_ms,ok,2.7666213635142896,4.419365,ok,1.597387,ok
worst-l4-n256-identical-w1-k1,worst,4,256,identical,1,1,10000,False,native,graph,47,batch_ms,ok,0.04971166672135024,0.219694,ok,4.419365,ok
worst-l4-n256-identical-w1-k1,worst,4,256,identical,1,1,10000,False,native,lazy,47,batch_ms,ok,0.060501845811089736,0.219694,ok,3.631195,ok
worst-l4-n256-identical-w1-k1,worst,4,256,identical,1,1,10000,False,native,profile,47,batch_ms,ok,0.21229098864400622,0.219694,ok,1.034872,ok
worst-l4-n256-identical-w1-k1,worst,4,256,identical,1,1,10000,False,native,adaptive,47,batch_ms,ok,0.13753335916718992,0.219694,ok,1.597387,ok
worst-l4-n256-identical-w1-k1,worst,4,256,identical,1,1,10000,False,graph,lazy,71,selector_ms,ok,1.2512640087332858,4.227194,ok,3.378339,ok
worst-l4-n256-identical-w1-k1,worst,4,256,identical,1,1,10000,False,graph,lazy,71,batch_ms,ok,1.2366771449032223,4.424304,ok,3.577574,ok
worst-l4-n256-identical-w1-k1,worst,4,256,identical,1,1,10000,False,graph,profile,71,selector_ms,ok,5.13704102031268,4.227194,ok,0.822885,ok
worst-l4-n256-identical-w1-k1,worst,4,256,identical,1,1,10000,False,graph,profile,71,batch_ms,ok,4.331713621343777,4.424304,ok,1.021375,ok
worst-l4-n256-identical-w1-k1,worst,4,256,identical,1,1,10000,False,graph,adaptive,71,selector_ms,ok,3.010959189022861,4.227194,ok,1.403936,ok
worst-l4-n256-identical-w1-k1,worst,4,256,identical,1,1,10000,False,graph,adaptive,71,batch_ms,ok,2.761998165869567,4.424304,ok,1.601849,ok
worst-l4-n256-identical-w1-k1,worst,4,256,identical,1,1,10000,False,native,graph,71,batch_ms,ok,0.04993192149544877,0.220914,ok,4.424304,ok
worst-l4-n256-identical-w1-k1,worst,4,256,identical,1,1,10000,False,native,lazy,71,batch_ms,ok,0.06174966611452342,0.220914,ok,3.577574,ok
worst-l4-n256-identical-w1-k1,worst,4,256,identical,1,1,10000,False,native,profile,71,batch_ms,ok,0.2162907844817036,0.220914,ok,1.021375,ok
worst-l4-n256-identical-w1-k1,worst,4,256,identical,1,1,10000,False,native,adaptive,71,batch_ms,ok,0.13791187558877271,0.220914,ok,1.601849,ok
worst-l4-n256-identical-w1-k1,worst,4,256,identical,1,1,10000,False,graph,lazy,101,selector_ms,ok,1.2439307984213632,4.227974,ok,3.398882,ok
worst-l4-n256-identical-w1-k1,worst,4,256,identical,1,1,10000,False,graph,lazy,101,batch_ms,ok,1.2312150715303924,4.429114,ok,3.597352,ok
worst-l4-n256-identical-w1-k1,worst,4,256,identical,1,1,10000,False,graph,profile,101,selector_ms,ok,5.123636980574171,4.227974,ok,0.82519,ok
worst-l4-n256-identical-w1-k1,worst,4,256,identical,1,1,10000,False,graph,profile,101,batch_ms,ok,4.323887864919324,4.429114,ok,1.024336,ok
worst-l4-n256-identical-w1-k1,worst,4,256,identical,1,1,10000,False,graph,adaptive,101,selector_ms,ok,3.0310034561394326,4.227974,ok,1.394909,ok
worst-l4-n256-identical-w1-k1,worst,4,256,identical,1,1,10000,False,graph,adaptive,101,batch_ms,ok,2.7749497840368997,4.429114,ok,1.596106,ok
worst-l4-n256-identical-w1-k1,worst,4,256,identical,1,1,10000,False,native,graph,101,batch_ms,ok,0.04995716976352381,0.221266,ok,4.429114,ok
worst-l4-n256-identical-w1-k1,worst,4,256,identical,1,1,10000,False,native,lazy,101,batch_ms,ok,0.06150802034385292,0.221266,ok,3.597352,ok
worst-l4-n256-identical-w1-k1,worst,4,256,identical,1,1,10000,False,native,profile,101,batch_ms,ok,0.21600920010621516,0.221266,ok,1.024336,ok
worst-l4-n256-identical-w1-k1,worst,4,256,identical,1,1,10000,False,native,adaptive,101,batch_ms,ok,0.13862863744638512,0.221266,ok,1.596106,ok
worst-l4-n4096-identical-w1-k1,worst,4,4096,identical,1,1,10000,False,graph,lazy,11,selector_ms,ok,1.505779396054128,1393.313394,ok,925.310439,ok
worst-l4-n4096-identical-w1-k1,worst,4,4096,identical,1,1,10000,False,graph,lazy,11,batch_ms,ok,1.5040053753558529,1396.56023,ok,928.560664,ok
worst-l4-n4096-identical-w1-k1,worst,4,4096,identical,1,1,10000,False,graph,profile,11,selector_ms,ok,111.93939005870796,1393.313394,ok,12.447034,ok
worst-l4-n4096-identical-w1-k1,worst,4,4096,identical,1,1,10000,False,graph,profile,11,batch_ms,ok,89.02051380182345,1396.56023,ok,15.688072,ok
worst-l4-n4096-identical-w1-k1,worst,4,4096,identical,1,1,10000,False,graph,adaptive,11,selector_ms,ok,32.76333625801242,1393.313394,ok,42.526603,ok
worst-l4-n4096-identical-w1-k1,worst,4,4096,identical,1,1,10000,False,graph,adaptive,11,batch_ms,ok,30.464284909512326,1396.56023,ok,45.842541,ok
worst-l4-n4096-identical-w1-k1,worst,4,4096,identical,1,1,10000,False,native,graph,11,batch_ms,ok,0.002571197376857853,3.590832,ok,1396.56023,ok
worst-l4-n4096-identical-w1-k1,worst,4,4096,identical,1,1,10000,False,native,lazy,11,batch_ms,ok,0.0038670946758950797,3.590832,ok,928.560664,ok
worst-l4-n4096-identical-w1-k1,worst,4,4096,identical,1,1,10000,False,native,profile,11,batch_ms,ok,0.22888931157378675,3.590832,ok,15.688072,ok
worst-l4-n4096-identical-w1-k1,worst,4,4096,identical,1,1,10000,False,native,adaptive,11,batch_ms,ok,0.07832968944718836,3.590832,ok,45.842541,ok
worst-l4-n4096-identical-w1-k1,worst,4,4096,identical,1,1,10000,False,graph,lazy,29,selector_ms,ok,1.507059776104225,1394.57947,ok,925.364403,ok
worst-l4-n4096-identical-w1-k1,worst,4,4096,identical,1,1,10000,False,graph,lazy,29,batch_ms,ok,1.505304108806616,1397.812784,ok,928.591622,ok
worst-l4-n4096-identical-w1-k1,worst,4,4096,identical,1,1,10000,False,graph,profile,29,selector_ms,ok,112.04852481197086,1394.57947,ok,12.44621,ok
worst-l4-n4096-identical-w1-k1,worst,4,4096,identical,1,1,10000,False,graph,profile,29,batch_ms,ok,88.79744432391446,1397.812784,ok,15.741588,ok
worst-l4-n4096-identical-w1-k1,worst,4,4096,identical,1,1,10000,False,graph,adaptive,29,selector_ms,ok,33.01332871812229,1394.57947,ok,42.242922,ok
worst-l4-n4096-identical-w1-k1,worst,4,4096,identical,1,1,10000,False,graph,adaptive,29,batch_ms,ok,30.746903016932528,1397.812784,ok,45.461905,ok
worst-l4-n4096-identical-w1-k1,worst,4,4096,identical,1,1,10000,False,native,graph,29,batch_ms,ok,0.002591676111040633,3.622678,ok,1397.812784,ok
worst-l4-n4096-identical-w1-k1,worst,4,4096,identical,1,1,10000,False,native,lazy,29,batch_ms,ok,0.003901260698645416,3.622678,ok,928.591622,ok
worst-l4-n4096-identical-w1-k1,worst,4,4096,identical,1,1,10000,False,native,profile,29,batch_ms,ok,0.23013421517574975,3.622678,ok,15.741588,ok
worst-l4-n4096-identical-w1-k1,worst,4,4096,identical,1,1,10000,False,native,adaptive,29,batch_ms,ok,0.0796860140374672,3.622678,ok,45.461905,ok
worst-l4-n4096-identical-w1-k1,worst,4,4096,identical,1,1,10000,False,graph,lazy,47,selector_ms,ok,1.5092944442924716,1395.685553,ok,924.727152,ok
worst-l4-n4096-identical-w1-k1,worst,4,4096,identical,1,1,10000,False,graph,lazy,47,batch_ms,ok,1.5075494967863885,1398.950416,ok,927.963174,ok
worst-l4-n4096-identical-w1-k1,worst,4,4096,identical,1,1,10000,False,graph,profile,47,selector_ms,ok,112.44056994754787,1395.685553,ok,12.412651,ok
worst-l4-n4096-identical-w1-k1,worst,4,4096,identical,1,1,10000,False,graph,profile,47,batch_ms,ok,89.40322199159478,1398.950416,ok,15.647651,ok
worst-l4-n4096-identical-w1-k1,worst,4,4096,identical,1,1,10000,False,graph,adaptive,47,selector_ms,ok,32.968568725768044,1395.685553,ok,42.333823,ok
worst-l4-n4096-identical-w1-k1,worst,4,4096,identical,1,1,10000,False,graph,adaptive,47,batch_ms,ok,30.71132689467338,1398.950416,ok,45.551611,ok
worst-l4-n4096-identical-w1-k1,worst,4,4096,identical,1,1,10000,False,native,graph,47,batch_ms,ok,0.0026037906407113147,3.642574,ok,1398.950416,ok
worst-l4-n4096-identical-w1-k1,worst,4,4096,identical,1,1,10000,False,native,lazy,47,batch_ms,ok,0.003925343270141451,3.642574,ok,927.963174,ok
worst-l4-n4096-identical-w1-k1,worst,4,4096,identical,1,1,10000,False,native,profile,47,batch_ms,ok,0.23278727267115046,3.642574,ok,15.647651,ok
worst-l4-n4096-identical-w1-k1,worst,4,4096,identical,1,1,10000,False,native,adaptive,47,batch_ms,ok,0.07996586553217624,3.642574,ok,45.551611,ok
worst-l4-n4096-identical-w1-k1,worst,4,4096,identical,1,1,10000,False,graph,lazy,71,selector_ms,ok,1.5094593139532624,1396.025679,ok,924.851479,ok
worst-l4-n4096-identical-w1-k1,worst,4,4096,identical,1,1,10000,False,graph,lazy,71,batch_ms,ok,1.507590019861824,1399.27257,ok,928.151919,ok
worst-l4-n4096-identical-w1-k1,worst,4,4096,identical,1,1,10000,False,graph,profile,71,selector_ms,ok,112.07940720076073,1396.025679,ok,12.455684,ok
worst-l4-n4096-identical-w1-k1,worst,4,4096,identical,1,1,10000,False,graph,profile,71,batch_ms,ok,88.80736034700604,1399.27257,ok,15.756268,ok
worst-l4-n4096-identical-w1-k1,worst,4,4096,identical,1,1,10000,False,graph,adaptive,71,selector_ms,ok,33.069229988615966,1396.025679,ok,42.215246,ok
worst-l4-n4096-identical-w1-k1,worst,4,4096,identical,1,1,10000,False,graph,adaptive,71,batch_ms,ok,30.745315735292166,1399.27257,ok,45.511732,ok
worst-l4-n4096-identical-w1-k1,worst,4,4096,identical,1,1,10000,False,native,graph,71,batch_ms,ok,0.002582395365614864,3.613475,ok,1399.27257,ok
worst-l4-n4096-identical-w1-k1,worst,4,4096,identical,1,1,10000,False,native,lazy,71,batch_ms,ok,0.0038931934805383948,3.613475,ok,928.151919,ok
worst-l4-n4096-identical-w1-k1,worst,4,4096,identical,1,1,10000,False,native,profile,71,batch_ms,ok,0.2293357157925976,3.613475,ok,15.756268,ok
worst-l4-n4096-identical-w1-k1,worst,4,4096,identical,1,1,10000,False,native,adaptive,71,batch_ms,ok,0.07939656086918424,3.613475,ok,45.511732,ok
worst-l4-n4096-identical-w1-k1,worst,4,4096,identical,1,1,10000,False,graph,lazy,101,selector_ms,ok,1.5062526162646601,1393.340632,ok,925.037817,ok
worst-l4-n4096-identical-w1-k1,worst,4,4096,identical,1,1,10000,False,graph,lazy,101,batch_ms,ok,1.5045063590404049,1396.547084,ok,928.242726,ok
worst-l4-n4096-identical-w1-k1,worst,4,4096,identical,1,1,10000,False,graph,profile,101,selector_ms,ok,112.11765855137556,1393.340632,ok,12.427486,ok
worst-l4-n4096-identical-w1-k1,worst,4,4096,identical,1,1,10000,False,graph,profile,101,batch_ms,ok,89.59197565233302,1396.547084,ok,15.587859,ok
worst-l4-n4096-identical-w1-k1,worst,4,4096,identical,1,1,10000,False,graph,adaptive,101,selector_ms,ok,32.79352258203484,1393.340632,ok,42.488288,ok
worst-l4-n4096-identical-w1-k1,worst,4,4096,identical,1,1,10000,False,graph,adaptive,101,batch_ms,ok,30.541484872775662,1396.547084,ok,45.726234,ok
worst-l4-n4096-identical-w1-k1,worst,4,4096,identical,1,1,10000,False,native,graph,101,batch_ms,ok,0.0025788947907752747,3.601548,ok,1396.547084,ok
worst-l4-n4096-identical-w1-k1,worst,4,4096,identical,1,1,10000,False,native,lazy,101,batch_ms,ok,0.0038799636120175752,3.601548,ok,928.242726,ok
worst-l4-n4096-identical-w1-k1,worst,4,4096,identical,1,1,10000,False,native,profile,101,batch_ms,ok,0.23104827930506686,3.601548,ok,15.587859,ok
worst-l4-n4096-identical-w1-k1,worst,4,4096,identical,1,1,10000,False,native,adaptive,101,batch_ms,ok,0.07876327624094301,3.601548,ok,45.726234,ok
zero_commit-l1-n2-identical-w1-k2,zero_commit,1,2,identical,1,2,10000,False,graph,lazy,11,selector_ms,ok,1.0216432198451677,0.012273,ok,0.012013,ok
zero_commit-l1-n2-identical-w1-k2,zero_commit,1,2,identical,1,2,10000,False,graph,lazy,11,batch_ms,ok,1.1341509948214774,0.020806,ok,0.018345,ok
zero_commit-l1-n2-identical-w1-k2,zero_commit,1,2,identical,1,2,10000,False,graph,profile,11,selector_ms,ok,0.6570128479657388,0.012273,ok,0.01868,ok
zero_commit-l1-n2-identical-w1-k2,zero_commit,1,2,identical,1,2,10000,False,graph,profile,11,batch_ms,ok,0.7728826151560179,0.020806,ok,0.02692,ok
zero_commit-l1-n2-identical-w1-k2,zero_commit,1,2,identical,1,2,10000,False,graph,adaptive,11,selector_ms,ok,0.62543953523926,0.012273,ok,0.019623,ok
zero_commit-l1-n2-identical-w1-k2,zero_commit,1,2,identical,1,2,10000,False,graph,adaptive,11,batch_ms,ok,0.7230330831248263,0.020806,ok,0.028776,ok
zero_commit-l1-n2-identical-w1-k2,zero_commit,1,2,identical,1,2,10000,False,native,graph,11,batch_ms,ok,0.4882726136691338,0.010159,ok,0.020806,ok
zero_commit-l1-n2-identical-w1-k2,zero_commit,1,2,identical,1,2,10000,False,native,lazy,11,batch_ms,ok,0.553774870536931,0.010159,ok,0.018345,ok
zero_commit-l1-n2-identical-w1-k2,zero_commit,1,2,identical,1,2,10000,False,native,profile,11,batch_ms,ok,0.3773774145616642,0.010159,ok,0.02692,ok
zero_commit-l1-n2-identical-w1-k2,zero_commit,1,2,identical,1,2,10000,False,native,adaptive,11,batch_ms,ok,0.35303725326661106,0.010159,ok,0.028776,ok
zero_commit-l1-n2-identical-w1-k2,zero_commit,1,2,identical,1,2,10000,False,graph,lazy,29,selector_ms,ok,1.023023380331965,0.011464,ok,0.011206,ok
zero_commit-l1-n2-identical-w1-k2,zero_commit,1,2,identical,1,2,10000,False,graph,lazy,29,batch_ms,ok,1.127751572327044,0.020083,ok,0.017808,ok
zero_commit-l1-n2-identical-w1-k2,zero_commit,1,2,identical,1,2,10000,False,graph,profile,29,selector_ms,ok,0.5880783830922335,0.011464,ok,0.019494,ok
zero_commit-l1-n2-identical-w1-k2,zero_commit,1,2,identical,1,2,10000,False,graph,profile,29,batch_ms,ok,0.7040490797546013,0.020083,ok,0.028525,ok
zero_commit-l1-n2-identical-w1-k2,zero_commit,1,2,identical,1,2,10000,False,graph,adaptive,29,selector_ms,ok,0.567890226383316,0.011464,ok,0.020187,ok
zero_commit-l1-n2-identical-w1-k2,zero_commit,1,2,identical,1,2,10000,False,graph,adaptive,29,batch_ms,ok,0.6811953056102028,0.020083,ok,0.029482,ok
zero_commit-l1-n2-identical-w1-k2,zero_commit,1,2,identical,1,2,10000,False,native,graph,29,batch_ms,ok,0.39595677936563267,0.007952,ok,0.020083,ok
zero_commit-l1-n2-identical-w1-k2,zero_commit,1,2,identical,1,2,10000,False,native,lazy,29,batch_ms,ok,0.44654088050314467,0.007952,ok,0.017808,ok
zero_commit-l1-n2-identical-w1-k2,zero_commit,1,2,identical,1,2,10000,False,native,profile,29,batch_ms,ok,0.27877300613496936,0.007952,ok,0.028525,ok
zero_commit-l1-n2-identical-w1-k2,zero_commit,1,2,identical,1,2,10000,False,native,adaptive,29,batch_ms,ok,0.2697238993284038,0.007952,ok,0.029482,ok
zero_commit-l1-n2-identical-w1-k2,zero_commit,1,2,identical,1,2,10000,False,graph,lazy,47,selector_ms,ok,1.1589259796806965,0.012776,ok,0.011024,ok
zero_commit-l1-n2-identical-w1-k2,zero_commit,1,2,identical,1,2,10000,False,graph,lazy,47,batch_ms,ok,1.0020562381123734,0.019493,ok,0.019453,ok
zero_commit-l1-n2-identical-w1-k2,zero_commit,1,2,identical,1,2,10000,False,graph,profile,47,selector_ms,ok,0.6103573476017581,0.012776,ok,0.020932,ok
zero_commit-l1-n2-identical-w1-k2,zero_commit,1,2,identical,1,2,10000,False,graph,profile,47,batch_ms,ok,0.7208683110831701,0.019493,ok,0.027041,ok
zero_commit-l1-n2-identical-w1-k2,zero_commit,1,2,identical,1,2,10000,False,graph,adaptive,47,selector_ms,ok,0.6385445821671331,0.012776,ok,0.020008,ok
zero_commit-l1-n2-identical-w1-k2,zero_commit,1,2,identical,1,2,10000,False,graph,adaptive,47,batch_ms,ok,0.685793695468618,0.019493,ok,0.028424,ok
zero_commit-l1-n2-identical-w1-k2,zero_commit,1,2,identical,1,2,10000,False,native,graph,47,batch_ms,ok,0.4836095008464577,0.009427,ok,0.019493,ok
zero_commit-l1-n2-identical-w1-k2,zero_commit,1,2,identical,1,2,10000,False,native,lazy,47,batch_ms,ok,0.484603917133604,0.009427,ok,0.019453,ok
zero_commit-l1-n2-identical-w1-k2,zero_commit,1,2,identical,1,2,10000,False,native,profile,47,batch_ms,ok,0.3486187640989608,0.009427,ok,0.027041,ok
zero_commit-l1-n2-identical-w1-k2,zero_commit,1,2,identical,1,2,10000,False,native,adaptive,47,batch_ms,ok,0.33165634674922595,0.009427,ok,0.028424,ok
zero_commit-l1-n2-identical-w1-k2,zero_commit,1,2,identical,1,2,10000,False,graph,lazy,71,selector_ms,ok,1.1180096075410135,0.012335,ok,0.011033,ok
zero_commit-l1-n2-identical-w1-k2,zero_commit,1,2,identical,1,2,10000,False,graph,lazy,71,batch_ms,ok,1.01740372407956,0.019233,ok,0.018904,ok
zero_commit-l1-n2-identical-w1-k2,zero_commit,1,2,identical,1,2,10000,False,graph,profile,71,selector_ms,ok,0.6295615781146329,0.012335,ok,0.019593,ok
zero_commit-l1-n2-identical-w1-k2,zero_commit,1,2,identical,1,2,10000,False,graph,profile,71,batch_ms,ok,0.7327694593667848,0.019233,ok,0.026247,ok
zero_commit-l1-n2-identical-w1-k2,zero_commit,1,2,identical,1,2,10000,False,graph,adaptive,71,selector_ms,ok,0.6422137762274172,0.012335,ok,0.019207,ok
zero_commit-l1-n2-identical-w1-k2,zero_commit,1,2,identical,1,2,10000,False,graph,adaptive,71,batch_ms,ok,0.6857173416999429,0.019233,ok,0.028048,ok
zero_commit-l1-n2-identical-w1-k2,zero_commit,1,2,identical,1,2,10000,False,native,graph,71,batch_ms,ok,0.5312743721728279,0.010218,ok,0.019233,ok
zero_commit-l1-n2-identical-w1-k2,zero_commit,1,2,identical,1,2,10000,False,native,lazy,71,batch_ms,ok,0.5405205247566652,0.010218,ok,0.018904,ok
zero_commit-l1-n2-identical-w1-k2,zero_commit,1,2,identical,1,2,10000,False,native,profile,71,batch_ms,ok,0.38930163447251115,0.010218,ok,0.026247,ok
zero_commit-l1-n2-identical-w1-k2,zero_commit,1,2,identical,1,2,10000,False,native,adaptive,71,batch_ms,ok,0.3643040501996577,0.010218,ok,0.028048,ok
zero_commit-l1-n2-identical-w1-k2,zero_commit,1,2,identical,1,2,10000,False,graph,lazy,101,selector_ms,ok,1.1448345402878357,0.012489,ok,0.010909,ok
zero_commit-l1-n2-identical-w1-k2,zero_commit,1,2,identical,1,2,10000,False,graph,lazy,101,batch_ms,ok,0.995154050193838,0.019509,ok,0.019604,ok
zero_commit-l1-n2-identical-w1-k2,zero_commit,1,2,identical,1,2,10000,False,graph,profile,101,selector_ms,ok,0.6798214577322955,0.012489,ok,0.018371,ok
zero_commit-l1-n2-identical-w1-k2,zero_commit,1,2,identical,1,2,10000,False,graph,profile,101,batch_ms,ok,0.7250529601962314,0.019509,ok,0.026907,ok
zero_commit-l1-n2-identical-w1-k2,zero_commit,1,2,identical,1,2,10000,False,graph,adaptive,101,selector_ms,ok,0.631363429553612,0.012489,ok,0.019781,ok
zero_commit-l1-n2-identical-w1-k2,zero_commit,1,2,identical,1,2,10000,False,graph,adaptive,101,batch_ms,ok,0.6917594496844195,0.019509,ok,0.028202,ok
zero_commit-l1-n2-identical-w1-k2,zero_commit,1,2,identical,1,2,10000,False,native,graph,101,batch_ms,ok,0.4788046542621355,0.009341,ok,0.019509,ok
zero_commit-l1-n2-identical-w1-k2,zero_commit,1,2,identical,1,2,10000,False,native,lazy,101,batch_ms,ok,0.4764843909406244,0.009341,ok,0.019604,ok
zero_commit-l1-n2-identical-w1-k2,zero_commit,1,2,identical,1,2,10000,False,native,profile,101,batch_ms,ok,0.34715873192849445,0.009341,ok,0.026907,ok
zero_commit-l1-n2-identical-w1-k2,zero_commit,1,2,identical,1,2,10000,False,native,adaptive,101,batch_ms,ok,0.3312176441387136,0.009341,ok,0.028202,ok
