condition,suite,arity,n,distribution,workers,variant,policy,policy_k,implementation,baseline,metric,count,median,minimum,maximum,q1,q3,iqr
l2-n128-uniform-w1,main,2,128,uniform,1,native,native,,native,accept_id,commit_delta,5,0,0,0,0.0,0.0,0.0
l2-n128-uniform-w1,main,2,128,uniform,1,native,native,,native,accept_id,batch_delta_ms,5,-0.12606,-0.12890000000000001,-0.12478499999999998,-0.12836,-0.125405,0.002955000000000013
l2-n128-uniform-w1,main,2,128,uniform,1,native,native,,native,accept_id,selector_delta_ms,5,-0.133842,-0.136254,-0.133313,-0.133966,-0.133592,0.0003740000000000132
l2-n128-uniform-w1,main,2,128,uniform,1,native,native,,native,accept_id,batch_speedup,5,1.7703577659286924,1.7440566695883941,1.7903708427352105,1.7700436761247367,1.7859609591221925,0.015917282997455873
l2-n128-uniform-w1,main,2,128,uniform,1,native,native,,native,accept_id,selector_speedup,0,,,,,,
l2-n128-uniform-w1,main,2,128,uniform,1,native,native,,native,accept_id,rate_ratio,5,1.770357765926929,1.7440566695911615,1.7903708427344567,1.7700436761254035,1.7859609591224388,0.01591728299703532
l2-n128-uniform-w1,main,2,128,uniform,1,native,native,,native,accept_static_degree,commit_delta,5,0,0,0,0.0,0.0,0.0
l2-n128-uniform-w1,main,2,128,uniform,1,native,native,,native,accept_static_degree,batch_delta_ms,5,-0.148921,-0.158435,-0.146347,-0.153071,-0.146795,0.006276000000000004
l2-n128-uniform-w1,main,2,128,uniform,1,native,native,,native,accept_static_degree,selector_delta_ms,5,-0.155915,-0.165676,-0.15513,-0.156349,-0.155849,0.0005000000000000004
l2-n128-uniform-w1,main,2,128,uniform,1,native,native,,native,accept_static_degree,batch_speedup,5,1.900312176094303,1.8939678079472222,1.9749006239462445,1.8994986711766126,1.9114352913156092,0.011936620138996545
l2-n128-uniform-w1,main,2,128,uniform,1,native,native,,native,accept_static_degree,selector_speedup,0,,,,,,
l2-n128-uniform-w1,main,2,128,uniform,1,native,native,,native,accept_static_degree,rate_ratio,5,1.9003121760934902,1.8939678079454234,1.9749006239469862,1.8994986711795905,1.911435291312943,0.011936620133352616
l2-n128-uniform-w1,main,2,128,uniform,1,eas_k1_adaptive,eas,1,adaptive,native,commit_delta,5,0,0,0,0.0,0.0,0.0
l2-n128-uniform-w1,main,2,128,uniform,1,eas_k1_adaptive,eas,1,adaptive,native,batch_delta_ms,5,0.14082899999999998,0.140653,0.156203,0.140734,0.14566600000000002,0.00493200000000002
l2-n128-uniform-w1,main,2,128,uniform,1,eas_k1_adaptive,eas,1,adaptive,native,selector_delta_ms,5,0.15015,0.147933,0.163996,0.149889,0.152712,0.002822999999999992
l2-n128-uniform-w1,main,2,128,uniform,1,eas_k1_adaptive,eas,1,adaptive,native,batch_speedup,5,0.5407710067044061,0.508285115566259,0.5464933424420928,0.5277545436272507,0.5434026087012979,0.015648065074047146
l2-n128-uniform-w1,main,2,128,uniform,1,eas_k1_adaptive,eas,1,adaptive,native,selector_speedup,5,0.0,0.0,0.0,0.0,0.0,0.0
l2-n128-uniform-w1,main,2,128,uniform,1,eas_k1_adaptive,eas,1,adaptive,native,rate_ratio,5,0.5407710067038967,0.5082851155660163,0.5464933424424369,0.5277545436271339,0.5434026087017535,0.015648065074619577
l2-n128-uniform-w1,main,2,128,uniform,1,eas_k1_adaptive,eas,1,adaptive,accept_id,commit_delta,5,0,0,0,0.0,0.0,0.0
l2-n128-uniform-w1,main,2,128,uniform,1,eas_k1_adaptive,eas,1,adaptive,accept_id,batch_delta_ms,5,0.019637000000000016,0.016019000000000005,0.02754000000000001,0.01711299999999999,0.02026100000000003,0.0031480000000000397
l2-n128-uniform-w1,main,2,128,uniform,1,eas_k1_adaptive,eas,1,adaptive,accept_id,selector_delta_ms,5,0.016485,0.013218000000000008,0.028168,0.013727000000000017,0.017042,0.0033149999999999846
l2-n128-uniform-w1,main,2,128,uniform,1,eas_k1_adaptive,eas,1,adaptive,accept_id,batch_speedup,5,0.9356123824107075,0.9137261290160894,0.9479708332656673,0.9343143548146562,0.9441962538804686,0.009881899065812383
l2-n128-uniform-w1,main,2,128,uniform,1,eas_k1_adaptive,eas,1,adaptive,accept_id,selector_speedup,5,0.8902097902097902,0.828616974026053,0.9115687219010918,0.8868648512288062,0.9066444504896626,0.019779599260856373
l2-n128-uniform-w1,main,2,128,uniform,1,eas_k1_adaptive,eas,1,adaptive,accept_id,rate_ratio,5,0.9356123824102038,0.9137261290173999,0.9479708332649374,0.9343143548135188,0.9441962538804547,0.009881899066935929
l2-n128-uniform-w1,main,2,128,uniform,1,eas_k1_adaptive,eas,1,adaptive,accept_static_degree,commit_delta,5,0,0,0,0.0,0.0,0.0
l2-n128-uniform-w1,main,2,128,uniform,1,eas_k1_adaptive,eas,1,adaptive,accept_static_degree,batch_delta_ms,5,-0.006730999999999987,-0.010394000000000014,-0.00121899999999997,-0.00867100000000004,-0.0019589999999999885,0.006712000000000051
l2-n128-uniform-w1,main,2,128,uniform,1,eas_k1_adaptive,eas,1,adaptive,accept_static_degree,selector_delta_ms,5,-0.005714999999999998,-0.007196999999999981,-0.001679999999999987,-0.005895000000000011,-0.0048719999999999875,0.0010230000000000239
l2-n128-uniform-w1,main,2,128,uniform,1,eas_k1_adaptive,eas,1,adaptive,accept_static_degree,batch_speedup,5,1.0220702273256366,1.0038125918743939,1.0341810074090638,1.0063627653182194,1.0277609694408427,0.021398204122623277
l2-n128-uniform-w1,main,2,128,uniform,1,eas_k1_adaptive,eas,1,adaptive,accept_static_degree,selector_speedup,5,1.03793964178074,1.0102441522963974,1.0486504025470988,1.032269815932228,1.0392947606985736,0.00702494476634552
l2-n128-uniform-w1,main,2,128,uniform,1,eas_k1_adaptive,eas,1,adaptive,accept_static_degree,rate_ratio,5,1.0220702273248239,1.0038125918742915,1.0341810074111095,1.0063627653184515,1.027760969440173,0.021398204121721554
l2-n128-uniform-w1,main,2,128,uniform,1,accept_id,accept_id,,greedy,native,commit_delta,5,0,0,0,0.0,0.0,0.0
l2-n128-uniform-w1,main,2,128,uniform,1,accept_id,accept_id,,greedy,native,batch_delta_ms,5,0.12606,0.12478499999999998,0.12890000000000001,0.125405,0.12836,0.002955000000000013
l2-n128-uniform-w1,main,2,128,uniform,1,accept_id,accept_id,,greedy,native,selector_delta_ms,5,0.133842,0.133313,0.136254,0.133592,0.133966,0.0003740000000000132
l2-n128-uniform-w1,main,2,128,uniform,1,accept_id,accept_id,,greedy,native,batch_speedup,5,0.5648575780813552,0.5585435017877447,0.5733758641202897,0.5599226539036465,0.5649578106396562,0.005035156736009738
l2-n128-uniform-w1,main,2,128,uniform,1,accept_id,accept_id,,greedy,native,selector_speedup,5,0.0,0.0,0.0,0.0,0.0,0.0
l2-n128-uniform-w1,main,2,128,uniform,1,accept_id,accept_id,,greedy,native,rate_ratio,5,0.5648575780819179,0.5585435017879798,0.5733758641193798,0.5599226539035693,0.5649578106394434,0.005035156735874069
l2-n128-uniform-w1,main,2,128,uniform,1,accept_id,accept_id,,greedy,accept_static_degree,commit_delta,5,0,0,0,0.0,0.0,0.0
l2-n128-uniform-w1,main,2,128,uniform,1,accept_id,accept_id,,greedy,accept_static_degree,batch_delta_ms,5,-0.025197000000000025,-0.035611000000000004,-0.021187999999999985,-0.029824000000000017,-0.022982000000000002,0.006842000000000015
l2-n128-uniform-w1,main,2,128,uniform,1,accept_id,accept_id,,greedy,accept_static_degree,selector_delta_ms,5,-0.021579999999999988,-0.031834,-0.01962799999999998,-0.022757,-0.020440999999999987,0.0023160000000000125
l2-n128-uniform-w1,main,2,128,uniform,1,accept_id,accept_id,,greedy,accept_static_degree,batch_speedup,5,1.0870209393163899,1.074420369010948,1.121954226497673,1.0800774920992207,1.1034862054248369,0.023408713325616226
l2-n128-uniform-w1,main,2,128,uniform,1,accept_id,accept_id,,greedy,accept_static_degree,selector_speedup,5,1.160722132435633,1.1448539504951956,1.2378476113626515,1.1508850406720108,1.17034702676807,0.019461986096059203
l2-n128-uniform-w1,main,2,128,uniform,1,accept_id,accept_id,,greedy,accept_static_degree,rate_ratio,5,1.0870209393155483,1.074420369012285,1.1219542264975795,1.080077492100516,1.1034862054265941,0.02340871332607808
l2-n128-uniform-w1,main,2,128,uniform,1,eas_k2_adaptive,eas,2,adaptive,native,commit_delta,5,0,-2,0,-2.0,0.0,2.0
l2-n128-uniform-w1,main,2,128,uniform,1,eas_k2_adaptive,eas,2,adaptive,native,batch_delta_ms,5,0.144067,0.13767300000000002,0.157237,0.143666,0.14440800000000004,0.0007420000000000482
l2-n128-uniform-w1,main,2,128,uniform,1,eas_k2_adaptive,eas,2,adaptive,native,selector_delta_ms,5,0.149314,0.147335,0.163297,0.148884,0.151586,0.00270200000000001
l2-n128-uniform-w1,main,2,128,uniform,1,eas_k2_adaptive,eas,2,adaptive,native,batch_speedup,5,0.5328335569118234,0.5050926945957005,0.548710770784027,0.5319034869968678,0.5354012922587363,0.003497805261868492
l2-n128-uniform-w1,main,2,128,uniform,1,eas_k2_adaptive,eas,2,adaptive,native,selector_speedup,5,0.0,0.0,0.0,0.0,0.0,0.0
l2-n128-uniform-w1,main,2,128,uniform,1,eas_k2_adaptive,eas,2,adaptive,native,rate_ratio,5,0.5269028590475906,0.5050926945955353,0.5487107707841579,0.5243758814052784,0.5319034869973638,0.007527605592085429
l2-n128-uniform-w1,main,2,128,uniform,1,eas_k2_adaptive,eas,2,adaptive,accept_id,commit_delta,5,0,-2,0,-2.0,0.0,2.0
l2-n128-uniform-w1,main,2,128,uniform,1,eas_k2_adaptive,eas,2,adaptive,accept_id,batch_delta_ms,5,0.01737500000000003,0.011947999999999959,0.02570699999999998,0.01728799999999997,0.019003000000000048,0.0017150000000000776
l2-n128-uniform-w1,main,2,128,uniform,1,eas_k2_adaptive,eas,2,adaptive,accept_id,selector_delta_ms,5,0.014614999999999989,0.014022000000000007,0.027371000000000006,0.014307999999999987,0.016646000000000022,0.0023380000000000345
l2-n128-uniform-w1,main,2,128,uniform,1,eas_k2_adaptive,eas,2,adaptive,accept_id,batch_speedup,5,0.9426035366131627,0.9190865883982249,0.9606733066942276,0.9381404705790438,0.9436577488520039,0.005517278272960113
l2-n128-uniform-w1,main,2,128,uniform,1,eas_k2_adaptive,eas,2,adaptive,accept_id,selector_speedup,5,0.9018363289540852,0.8302184067041739,0.9048291308921844,0.8888532777800033,0.9044745029442791,0.015621225164275776
l2-n128-uniform-w1,main,2,128,uniform,1,eas_k2_adaptive,eas,2,adaptive,accept_id,rate_ratio,5,0.9286790544255101,0.9190865883973858,0.9606733066942432,0.9232493519980738,0.9426035366132608,0.01935418461518701
l2-n128-uniform-w1,main,2,128,uniform,1,eas_k2_adaptive,eas,2,adaptive,accept_static_degree,commit_delta,5,0,-2,0,-2.0,0.0,2.0
l2-n128-uniform-w1,main,2,128,uniform,1,eas_k2_adaptive,eas,2,adaptive,accept_static_degree,batch_delta_ms,5,-0.007790000000000019,-0.008992999999999973,0.0016810000000000436,-0.007909000000000055,-0.006030000000000035,0.0018790000000000195
l2-n128-uniform-w1,main,2,128,uniform,1,eas_k2_adaptive,eas,2,adaptive,accept_static_degree,selector_delta_ms,5,-0.0061329999999999996,-0.006964999999999999,0.0008240000000000192,-0.006569000000000019,-0.0044159999999999755,0.0021530000000000438
l2-n128-uniform-w1,main,2,128,uniform,1,eas_k2_adaptive,eas,2,adaptive,accept_static_degree,batch_speedup,5,1.024870221501408,0.9946989167625864,1.029707418430954,1.01984766995596,1.0257757325502952,0.005928062594335204
l2-n128-uniform-w1,main,2,128,uniform,1,eas_k2_adaptive,eas,2,adaptive,accept_static_degree,selector_speedup,5,1.0409461751078233,0.995051051051051,1.0467813868515086,1.0290654433204107,1.0453306466638606,0.01626520334344983
l2-n128-uniform-w1,main,2,128,uniform,1,eas_k2_adaptive,eas,2,adaptive,accept_static_degree,rate_ratio,5,1.009493578064293,0.9946989167630188,1.0297074184307968,1.0086024402063536,1.0198476699569972,0.01124522975064357
l2-n128-uniform-w1,main,2,128,uniform,1,accept_static_degree,accept_static_degree,,greedy,native,commit_delta,5,0,0,0,0.0,0.0,0.0
l2-n128-uniform-w1,main,2,128,uniform,1,accept_static_degree,accept_static_degree,,greedy,native,batch_delta_ms,5,0.148921,0.146347,0.158435,0.146795,0.153071,0.006276000000000004
l2-n128-uniform-w1,main,2,128,uniform,1,accept_static_degree,accept_static_degree,,greedy,native,selector_delta_ms,5,0.155915,0.15513,0.165676,0.155849,0.156349,0.0005000000000000004
l2-n128-uniform-w1,main,2,128,uniform,1,accept_static_degree,accept_static_degree,,greedy,native,batch_speedup,5,0.5262293283071481,0.5063545921626177,0.527992078748081,0.5231670695541655,0.5264546983760545,0.0032876288218890437
l2-n128-uniform-w1,main,2,128,uniform,1,accept_static_degree,accept_static_degree,,greedy,native,selector_speedup,5,0.0,0.0,0.0,0.0,0.0,0.0
l2-n128-uniform-w1,main,2,128,uniform,1,accept_static_degree,accept_static_degree,,greedy,native,rate_ratio,5,0.5262293283073731,0.5063545921624276,0.5279920787485824,0.5231670695548952,0.5264546983752292,0.0032876288203339543
l2-n128-uniform-w1,main,2,128,uniform,1,accept_static_degree,accept_static_degree,,greedy,accept_id,commit_delta,5,0,0,0,0.0,0.0,0.0
l2-n128-uniform-w1,main,2,128,uniform,1,accept_static_degree,accept_static_degree,,greedy,accept_id,batch_delta_ms,5,0.025197000000000025,0.021187999999999985,0.035611000000000004,0.022982000000000002,0.029824000000000017,0.006842000000000015
l2-n128-uniform-w1,main,2,128,uniform,1,accept_static_degree,accept_static_degree,,greedy,accept_id,selector_delta_ms,5,0.021579999999999988,0.01962799999999998,0.031834,0.020440999999999987,0.022757,0.0023160000000000125
l2-n128-uniform-w1,main,2,128,uniform,1,accept_static_degree,accept_static_degree,,greedy,accept_id,batch_speedup,5,0.9199454801936787,0.8913019590127406,0.9307344023275961,0.9062188499356952,0.9258594937076382,0.019640643771942967
l2-n128-uniform-w1,main,2,128,uniform,1,accept_static_degree,accept_static_degree,,greedy,accept_id,selector_speedup,5,0.8615326373605221,0.8078538834834255,0.8734738606330176,0.854447422113349,0.8688965141262869,0.01444909201293787
l2-n128-uniform-w1,main,2,128,uniform,1,accept_static_degree,accept_static_degree,,greedy,accept_id,rate_ratio,5,0.919945480194391,0.8913019590128148,0.9307344023264378,0.9062188499342521,0.9258594937065276,0.01964064377227559
l2-n128-zipf-w1,main,2,128,zipf,1,eas_k1_adaptive,eas,1,adaptive,native,commit_delta,5,5,5,7,5.0,6.0,1.0
l2-n128-zipf-w1,main,2,128,zipf,1,eas_k1_adaptive,eas,1,adaptive,native,batch_delta_ms,5,0.28151899999999996,0.273308,0.29403999999999997,0.274578,0.290305,0.01572699999999999
l2-n128-zipf-w1,main,2,128,zipf,1,eas_k1_adaptive,eas,1,adaptive,native,selector_delta_ms,5,0.282202,0.275111,0.293665,0.278198,0.29233,0.014131999999999978
l2-n128-zipf-w1,main,2,128,zipf,1,eas_k1_adaptive,eas,1,adaptive,native,batch_speedup,5,0.3302683979388409,0.31257353864470316,0.3375539903144648,0.31282088912770234,0.3365533771800534,0.023732488052351064
l2-n128-zipf-w1,main,2,128,zipf,1,eas_k1_adaptive,eas,1,adaptive,native,selector_speedup,5,0.0,0.0,0.0,0.0,0.0,0.0
l2-n128-zipf-w1,main,2,128,zipf,1,eas_k1_adaptive,eas,1,adaptive,native,rate_ratio,5,0.3556736593197296,0.3428998207755535,0.3756649247038664,0.34606356064300053,0.3624420985013462,0.016378537858345643
l2-n128-zipf-w1,main,2,128,zipf,1,eas_k1_adaptive,eas,1,adaptive,accept_id,commit_delta,5,2,1,2,2.0,2.0,0.0
l2-n128-zipf-w1,main,2,128,zipf,1,eas_k1_adaptive,eas,1,adaptive,accept_id,batch_delta_ms,5,0.15102900000000002,0.13793899999999998,0.170441,0.147144,0.15794800000000003,0.010804000000000036
l2-n128-zipf-w1,main,2,128,zipf,1,eas_k1_adaptive,eas,1,adaptive,accept_id,selector_delta_ms,5,0.14985800000000002,0.13985199999999998,0.164183,0.14685399999999998,0.157066,0.010212000000000027
l2-n128-zipf-w1,main,2,128,zipf,1,eas_k1_adaptive,eas,1,adaptive,accept_id,batch_speedup,5,0.6407031350363748,0.6000232102032054,0.6644930144769614,0.6260160676612863,0.6431704921610709,0.01715442449978466
l2-n128-zipf-w1,main,2,128,zipf,1,eas_k1_adaptive,eas,1,adaptive,accept_id,selector_speedup,5,0.4689690363640229,0.4409173718352545,0.48857211816246976,0.45508036789170025,0.4723024736607592,0.01722210576905897
l2-n128-zipf-w1,main,2,128,zipf,1,eas_k1_adaptive,eas,1,adaptive,accept_id,rate_ratio,5,0.6499886877189959,0.6218422360257742,0.6840369266668643,0.6468832699173752,0.6623696113278674,0.01548634141049221
l2-n128-zipf-w1,main,2,128,zipf,1,eas_k1_adaptive,eas,1,adaptive,accept_static_degree,commit_delta,5,0,0,0,0.0,0.0,0.0
l2-n128-zipf-w1,main,2,128,zipf,1,eas_k1_adaptive,eas,1,adaptive,accept_static_degree,batch_delta_ms,5,0.122913,0.114672,0.140681,0.11853400000000003,0.13032100000000002,0.011786999999999992
l2-n128-zipf-w1,main,2,128,zipf,1,eas_k1_adaptive,eas,1,adaptive,accept_static_degree,selector_delta_ms,5,0.12232199999999999,0.11370999999999998,0.13652200000000003,0.11459399999999997,0.13017099999999998,0.015577000000000008
l2-n128-zipf-w1,main,2,128,zipf,1,eas_k1_adaptive,eas,1,adaptive,accept_static_degree,batch_speedup,5,0.7082171132335953,0.6703454838747114,0.7257339663481661,0.6939279044496399,0.7116915084059775,0.01776360395633758
l2-n128-zipf-w1,main,2,128,zipf,1,eas_k1_adaptive,eas,1,adaptive,accept_static_degree,selector_speedup,5,0.5734327431745821,0.539233928650686,0.591400399580297,0.5541446795518965,0.5809386587872184,0.026793979235321896
l2-n128-zipf-w1,main,2,128,zipf,1,eas_k1_adaptive,eas,1,adaptive,accept_static_degree,rate_ratio,5,0.7082171132332349,0.6703454838732686,0.7257339663460481,0.6939279044487937,0.7116915084052249,0.017763603956431173
l2-n128-zipf-w1,main,2,128,zipf,1,native,native,,native,accept_id,commit_delta,5,-4,-5,-3,-4.0,-3.0,1.0
l2-n128-zipf-w1,main,2,128,zipf,1,native,native,,native,accept_id,batch_delta_ms,5,-0.13028099999999998,-0.13424200000000003,-0.12526999999999996,-0.13048999999999997,-0.12881,0.0016799999999999593
l2-n128-zipf-w1,main,2,128,zipf,1,native,native,,native,accept_id,selector_delta_ms,5,-0.132042,-0.133602,-0.130674,-0.132344,-0.131438,0.0009059999999999901
l2-n128-zipf-w1,main,2,128,zipf,1,native,native,,native,accept_id,batch_speedup,5,1.9692012408775412,1.9061252242347084,1.993084413331586,1.9399468403120428,1.9770632670930974,0.037116426781054646
l2-n128-zipf-w1,main,2,128,zipf,1,native,native,,native,accept_id,selector_speedup,0,,,,,,
l2-n128-zipf-w1,main,2,128,zipf,1,native,native,,native,accept_id,rate_ratio,5,1.8379211581515993,1.7638770731702587,1.889839887662813,1.8274861539147447,1.8843707180574012,0.056884564142656524
l2-n128-zipf-w1,main,2,128,zipf,1,native,native,,native,accept_static_degree,commit_delta,5,-5,-7,-5,-6.0,-5.0,1.0
l2-n128-zipf-w1,main,2,128,zipf,1,native,native,,native,accept_static_degree,batch_delta_ms,5,-0.158606,-0.16391099999999997,-0.15408200000000002,-0.160393,-0.154764,0.005628999999999995
l2-n128-zipf-w1,main,2,128,zipf,1,native,native,,native,accept_static_degree,selector_delta_ms,5,-0.161286,-0.164582,-0.15794,-0.162159,-0.160401,0.0017580000000000096
l2-n128-zipf-w1,main,2,128,zipf,1,native,native,,native,accept_static_degree,batch_speedup,5,2.1517024973791163,2.106211590373902,2.2247342305145774,2.1424722856504856,2.171088275799446,0.028615990148960435
l2-n128-zipf-w1,main,2,128,zipf,1,native,native,,native,accept_static_degree,selector_speedup,0,,,,,,
l2-n128-zipf-w1,main,2,128,zipf,1,native,native,,native,accept_static_degree,rate_ratio,5,1.980641935820486,1.9334138382245842,2.0094373694938925,1.9557679053496597,1.9894385509583792,0.03367064560871946
l2-n128-zipf-w1,main,2,128,zipf,1,accept_id,accept_id,,greedy,native,commit_delta,5,4,3,5,3.0,4.0,1.0
l2-n128-zipf-w1,main,2,128,zipf,1,accept_id,accept_id,,greedy,native,batch_delta_ms,5,0.13028099999999998,0.12526999999999996,0.13424200000000003,0.12881,0.13048999999999997,0.0016799999999999593
l2-n128-zipf-w1,main,2,128,zipf,1,accept_id,accept_id,,greedy,native,selector_delta_ms,5,0.132042,0.130674,0.133602,0.131438,0.132344,0.0009059999999999901
l2-n128-zipf-w1,main,2,128,zipf,1,accept_id,accept_id,,greedy,native,batch_speedup,5,0.5078201146950155,0.5017348955774669,0.5246245038289605,0.5058007078702713,0.5154780426040689,0.009677334733797616
l2-n128-zipf-w1,main,2,128,zipf,1,accept_id,accept_id,,greedy,native,selector_speedup,5,0.0,0.0,0.0,0.0,0.0,0.0
l2-n128-zipf-w1,main,2,128,zipf,1,accept_id,accept_id,,greedy,native,rate_ratio,5,0.5440929800306026,0.5291453559257402,0.5669329315577961,0.5306811395535272,0.5471997683034986,0.016518628749971342
l2-n128-zipf-w1,main,2,128,zipf,1,accept_id,accept_id,,greedy,accept_static_degree,commit_delta,5,-2,-2,-1,-2.0,-2.0,0.0
l2-n128-zipf-w1,main,2,128,zipf,1,accept_id,accept_id,,greedy,accept_static_degree,batch_delta_ms,5,-0.02826400000000001,-0.03351399999999999,-0.01940499999999995,-0.02976000000000001,-0.027627000000000013,0.002132999999999996
l2-n128-zipf-w1,main,2,128,zipf,1,accept_id,accept_id,,greedy,accept_static_degree,selector_delta_ms,5,-0.028553999999999996,-0.030940999999999996,-0.025258000000000003,-0.030532000000000004,-0.027569999999999983,0.00296200000000002
l2-n128-zipf-w1,main,2,128,zipf,1,accept_id,accept_id,,greedy,accept_static_degree,batch_speedup,5,1.1044929668559067,1.071029330483131,1.1259238385090833,1.104397420140578,1.1165427225413833,0.012145302400805358
l2-n128-zipf-w1,main,2,128,zipf,1,accept_id,accept_id,,greedy,accept_static_degree,selector_speedup,5,1.2176853115398982,1.1890540560770049,1.2310236690808631,1.212925348697116,1.228012396848512,0.015087048151395832
l2-n128-zipf-w1,main,2,128,zipf,1,accept_id,accept_id,,greedy,accept_static_degree,rate_ratio,5,1.077365784912547,1.0404284924691336,1.0932883649280214,1.068864161474825,1.088620314138473,0.01975615266364783
l2-n128-zipf-w1,main,2,128,zipf,1,eas_k2_adaptive,eas,2,adaptive,native,commit_delta,5,3,1,6,2.0,6.0,4.0
l2-n128-zipf-w1,main,2,128,zipf,1,eas_k2_adaptive,eas,2,adaptive,native,batch_delta_ms,5,0.26751800000000003,0.264852,0.27929800000000005,0.266677,0.275125,0.008448000000000011
l2-n128-zipf-w1,main,2,128,zipf,1,eas_k2_adaptive,eas,2,adaptive,native,selector_delta_ms,5,0.271359,0.264373,0.281211,0.264414,0.280334,0.015920000000000045
l2-n128-zipf-w1,main,2,128,zipf,1,eas_k2_adaptive,eas,2,adaptive,native,batch_speedup,5,0.33716519613182766,0.32091144941015226,0.34390443892300565,0.32229265177624106,0.342671313348635,0.02037866157239393
l2-n128-zipf-w1,main,2,128,zipf,1,eas_k2_adaptive,eas,2,adaptive,native,selector_speedup,5,0.0,0.0,0.0,0.0,0.0,0.0
l2-n128-zipf-w1,main,2,128,zipf,1,eas_k2_adaptive,eas,2,adaptive,native,rate_ratio,5,0.35272666672195674,0.3346885229979779,0.37583305334986217,0.3491952764445657,0.3552948189890046,0.006099542544438896
l2-n128-zipf-w1,main,2,128,zipf,1,eas_k2_adaptive,eas,2,adaptive,accept_id,commit_delta,5,0,-3,2,-1.0,1.0,2.0
l2-n128-zipf-w1,main,2,128,zipf,1,eas_k2_adaptive,eas,2,adaptive,accept_id,batch_delta_ms,5,0.13992400000000005,0.12868400000000002,0.14984000000000003,0.13124399999999997,0.143934,0.012690000000000035
l2-n128-zipf-w1,main,2,128,zipf,1,eas_k2_adaptive,eas,2,adaptive,accept_id,selector_delta_ms,5,0.13866499999999998,0.13046800000000003,0.15144799999999997,0.131489,0.14916300000000002,0.017674000000000023
l2-n128-zipf-w1,main,2,128,zipf,1,eas_k2_adaptive,eas,2,adaptive,accept_id,batch_speedup,5,0.6531744339954689,0.6382694680021533,0.6877655932169254,0.6423564607865305,0.6690913400081188,0.026734879221588237
l2-n128-zipf-w1,main,2,128,zipf,1,eas_k2_adaptive,eas,2,adaptive,accept_id,selector_speedup,5,0.4866217702135852,0.46318259476396745,0.5121264043974746,0.4679097077058081,0.5002324570521421,0.032322749346334056
l2-n128-zipf-w1,main,2,128,zipf,1,eas_k2_adaptive,eas,2,adaptive,accept_id,rate_ratio,5,0.6595451169350045,0.6306772524072707,0.6877655932186341,0.6400004121814973,0.6629233061433966,0.022922893961899282
l2-n128-zipf-w1,main,2,128,zipf,1,eas_k2_adaptive,eas,2,adaptive,accept_static_degree,commit_delta,5,-2,-4,0,-3.0,-1.0,2.0
l2-n128-zipf-w1,main,2,128,zipf,1,eas_k2_adaptive,eas,2,adaptive,accept_static_degree,batch_delta_ms,5,0.10628399999999999,0.10152800000000001,0.12604100000000001,0.10462200000000005,0.12132100000000001,0.016698999999999964
l2-n128-zipf-w1,main,2,128,zipf,1,eas_k2_adaptive,eas,2,adaptive,accept_static_degree,selector_delta_ms,5,0.10648800000000003,0.09993600000000002,0.12415899999999999,0.10201700000000002,0.12060900000000002,0.018591999999999997
l2-n128-zipf-w1,main,2,128,zipf,1,eas_k2_adaptive,eas,2,adaptive,accept_static_degree,batch_speedup,5,0.7366171228324572,0.6947856809029468,0.7481750829056797,0.7113960967904618,0.7381799907868839,0.026783893996422115
l2-n128-zipf-w1,main,2,128,zipf,1,eas_k2_adaptive,eas,2,adaptive,accept_static_degree,selector_speedup,5,0.607575204802494,0.5598287265792813,0.6191567527726274,0.5743253667704564,0.6089459783729496,0.03462061160249319
l2-n128-zipf-w1,main,2,128,zipf,1,eas_k2_adaptive,eas,2,adaptive,accept_static_degree,rate_ratio,5,0.7113960967897978,0.6582180134891217,0.727481730052494,0.7054222210235939,0.7155709193246028,0.010148698301008952
l2-n128-zipf-w1,main,2,128,zipf,1,accept_static_degree,accept_static_degree,,greedy,native,commit_delta,5,5,5,7,5.0,6.0,1.0
l2-n128-zipf-w1,main,2,128,zipf,1,accept_static_degree,accept_static_degree,,greedy,native,batch_delta_ms,5,0.158606,0.15408200000000002,0.16391099999999997,0.154764,0.160393,0.005628999999999995
l2-n128-zipf-w1,main,2,128,zipf,1,accept_static_degree,accept_static_degree,,greedy,native,selector_delta_ms,5,0.161286,0.15794,0.164582,0.160401,0.162159,0.0017580000000000096
l2-n128-zipf-w1,main,2,128,zipf,1,accept_static_degree,accept_static_degree,,greedy,native,batch_speedup,5,0.46474826385992074,0.4494918926872005,0.4747861062821692,0.46059849852571116,0.46675049506947786,0.006151996543766691
l2-n128-zipf-w1,main,2,128,zipf,1,accept_static_degree,accept_static_degree,,greedy,native,selector_speedup,5,0.0,0.0,0.0,0.0,0.0,0.0
l2-n128-zipf-w1,main,2,128,zipf,1,accept_static_degree,accept_static_degree,,greedy,native,rate_ratio,5,0.5048868156907661,0.4976517383330366,0.5172198420376882,0.5026543793062955,0.5113081144570762,0.008653735150780717
l2-n128-zipf-w1,main,2,128,zipf,1,accept_static_degree,accept_static_degree,,greedy,accept_id,commit_delta,5,2,1,2,2.0,2.0,0.0
l2-n128-zipf-w1,main,2,128,zipf,1,accept_static_degree,accept_static_degree,,greedy,accept_id,batch_delta_ms,5,0.02826400000000001,0.01940499999999995,0.03351399999999999,0.027627000000000013,0.02976000000000001,0.002132999999999996
l2-n128-zipf-w1,main,2,128,zipf,1,accept_static_degree,accept_static_degree,,greedy,accept_id,selector_delta_ms,5,0.028553999999999996,0.025258000000000003,0.030940999999999996,0.027569999999999983,0.030532000000000004,0.00296200000000002
l2-n128-zipf-w1,main,2,128,zipf,1,accept_static_degree,accept_static_degree,,greedy,accept_id,batch_speedup,5,0.9053928182509297,0.8881595413453293,0.9336812461979073,0.8956217973673966,0.9054711481241152,0.009849350756718667
l2-n128-zipf-w1,main,2,128,zipf,1,accept_static_degree,accept_static_degree,,greedy,accept_id,selector_speedup,5,0.8212302394740961,0.8123320656755888,0.8410046581896009,0.8143240268309444,0.824453047398314,0.01012902056736964
l2-n128-zipf-w1,main,2,128,zipf,1,accept_static_degree,accept_static_degree,,greedy,accept_id,rate_ratio,5,0.928189862722597,0.9146717664610259,0.9611424593215541,0.9185939183868651,0.9355725788580975,0.01697866047123242
l2-n512-uniform-w1,main,2,512,uniform,1,accept_id,accept_id,,greedy,native,commit_delta,5,2,1,4,1.0,2.0,1.0
l2-n512-uniform-w1,main,2,512,uniform,1,accept_id,accept_id,,greedy,native,batch_delta_ms,5,0.46212200000000003,0.4379890000000001,0.469221,0.4570399999999999,0.46640899999999996,0.009369000000000072
l2-n512-uniform-w1,main,2,512,uniform,1,accept_id,accept_id,,greedy,native,selector_delta_ms,5,0.493017,0.485532,0.506568,0.491928,0.495407,0.00347900000000001
l2-n512-uniform-w1,main,2,512,uniform,1,accept_id,accept_id,,greedy,native,batch_speedup,5,0.5757137282805793,0.5712628473885135,0.5885465576267552,0.5750387175655481,0.5774427817918741,0.002404064226325997
l2-n512-uniform-w1,main,2,512,uniform,1,accept_id,accept_id,,greedy,native,selector_speedup,5,0.0,0.0,0.0,0.0,0.0,0.0
l2-n512-uniform-w1,main,2,512,uniform,1,accept_id,accept_id,,greedy,native,rate_ratio,5,0.5786610155088918,0.5737574449756431,0.5898204679240161,0.5775120023726164,0.5807090751647104,0.0031970727920940245
l2-n512-uniform-w1,main,2,512,uniform,1,accept_id,accept_id,,greedy,accept_static_degree,commit_delta,5,-2,-3,0,-3.0,0.0,3.0
l2-n512-uniform-w1,main,2,512,uniform,1,accept_id,accept_id,,greedy,accept_static_degree,batch_delta_ms,5,-0.088333,-0.12235499999999999,-0.0641020000000001,-0.09253599999999995,-0.088252,0.0042839999999999545
l2-n512-uniform-w1,main,2,512,uniform,1,accept_id,accept_id,,greedy,accept_static_degree,selector_delta_ms,5,-0.084897,-0.09590700000000002,-0.06813099999999994,-0.09129699999999996,-0.07399399999999995,0.017303000000000013
l2-n512-uniform-w1,main,2,512,uniform,1,accept_id,accept_id,,greedy,accept_static_degree,batch_speedup,5,1.0812844961967913,1.058055517819137,1.1156116062317165,1.081123887386969,1.0841627337790556,0.003038846392086514
l2-n512-uniform-w1,main,2,512,uniform,1,accept_id,accept_id,,greedy,accept_static_degree,selector_speedup,5,1.171080870306445,1.1344952701315518,1.1970880769388845,1.1505482230817277,1.1857699225967133,0.03522169951498566
l2-n512-uniform-w1,main,2,512,uniform,1,accept_id,accept_id,,greedy,accept_static_degree,rate_ratio,5,1.0764436973987552,1.0580555178199147,1.1084295572656793,1.0744981918271046,1.0841627337780575,0.009664541950952898
l2-n512-uniform-w1,main,2,512,uniform,1,native,native,,native,accept_id,commit_delta,5,-2,-4,-1,-2.0,-1.0,1.0
l2-n512-uniform-w1,main,2,512,uniform,1,native,native,,native,accept_id,batch_delta_ms,5,-0.46212200000000003,-0.469221,-0.4379890000000001,-0.46640899999999996,-0.4570399999999999,0.009369000000000072
l2-n512-uniform-w1,main,2,512,uniform,1,native,native,,native,accept_id,selector_delta_ms,5,-0.493017,-0.506568,-0.485532,-0.495407,-0.491928,0.00347900000000001
l2-n512-uniform-w1,main,2,512,uniform,1,native,native,,native,accept_id,batch_speedup,5,1.7369743865351095,1.6991009242028063,1.7505076771077048,1.7317733142267016,1.7390133384992652,0.00724002427256365
l2-n512-uniform-w1,main,2,512,uniform,1,native,native,,native,accept_id,selector_speedup,0,,,,,,
l2-n512-uniform-w1,main,2,512,uniform,1,native,native,,native,accept_id,rate_ratio,5,1.7281274756699656,1.6954311597894998,1.7428967741629071,1.722032671379147,1.7315657439008347,0.00953307252168778
l2-n512-uniform-w1,main,2,512,uniform,1,native,native,,native,accept_static_degree,commit_delta,5,-4,-4,-2,-4.0,-4.0,0.0
l2-n512-uniform-w1,main,2,512,uniform,1,native,native,,native,accept_static_degree,batch_delta_ms,5,-0.554661,-0.554869,-0.5333230000000001,-0.554835,-0.5424690000000001,0.012365999999999877
l2-n512-uniform-w1,main,2,512,uniform,1,native,native,,native,accept_static_degree,selector_delta_ms,5,-0.578878,-0.584018,-0.565491,-0.582527,-0.574699,0.007828000000000057
l2-n512-uniform-w1,main,2,512,uniform,1,native,native,,native,accept_static_degree,batch_speedup,5,1.8776396336544392,1.8399726583602263,1.8925156647754153,1.8660827936243622,1.8866356457349946,0.020552852110632402
l2-n512-uniform-w1,main,2,512,uniform,1,native,native,,native,accept_static_degree,selector_speedup,0,,,,,,
l2-n512-uniform-w1,main,2,512,uniform,1,native,native,,native,accept_static_degree,rate_ratio,5,1.8614878948698215,1.8320926898022232,1.876130247764283,1.8504670380272683,1.8704413483484947,0.01997431032122643
l2-n512-uniform-w1,main,2,512,uniform,1,eas_k1_adaptive,eas,1,adaptive,native,commit_delta,5,4,2,4,4.0,4.0,0.0
l2-n512-uniform-w1,main,2,512,uniform,1,eas_k1_adaptive,eas,1,adaptive,native,batch_delta_ms,5,0.599469,0.577713,0.6224999999999999,0.596757,0.6210950000000001,0.024338000000000082
l2-n512-uniform-w1,main,2,512,uniform,1,eas_k1_adaptive,eas,1,adaptive,native,selector_delta_ms,5,0.639176,0.605545,0.650634,0.631823,0.644963,0.01313999999999993
l2-n512-uniform-w1,main,2,512,uniform,1,eas_k1_adaptive,eas,1,adaptive,native,batch_speedup,5,0.5132833032519553,0.5013273903841502,0.5162525277476564,0.5015150736587467,0.5136173323802763,0.01210225872152959
l2-n512-uniform-w1,main,2,512,uniform,1,eas_k1_adaptive,eas,1,adaptive,native,selector_speedup,5,0.0,0.0,0.0,0.0,0.0,0.0
l2-n512-uniform-w1,main,2,512,uniform,1,eas_k1_adaptive,eas,1,adaptive,native,rate_ratio,5,0.515826439186355,0.5056678872709905,0.5206090891630545,0.5058951179709015,0.5177369544740917,0.011841836503190262
l2-n512-uniform-w1,main,2,512,uniform,1,eas_k1_adaptive,eas,1,adaptive,accept_id,commit_delta,5,2,0,3,0.0,3.0,3.0
l2-n512-uniform-w1,main,2,512,uniform,1,eas_k1_adaptive,eas,1,adaptive,accept_id,batch_delta_ms,5,0.13051199999999996,0.11604100000000006,0.189986,0.12841400000000003,0.14768899999999996,0.01927499999999993
l2-n512-uniform-w1,main,2,512,uniform,1,eas_k1_adaptive,eas,1,adaptive,accept_id,selector_delta_ms,5,0.141725,0.11013800000000001,0.16510200000000003,0.12903699999999996,0.15303499999999998,0.02399800000000002
l2-n512-uniform-w1,main,2,512,uniform,1,eas_k1_adaptive,eas,1,adaptive,accept_id,batch_speedup,5,0.8940356056343518,0.84780592062574,0.9031090990159029,0.8795099434135899,0.8959766637261406,0.016466720312550698
l2-n512-uniform-w1,main,2,512,uniform,1,eas_k1_adaptive,eas,1,adaptive,accept_id,selector_speedup,5,0.7798487639842053,0.7462444323536734,0.8181175635171622,0.7627228228596059,0.7946643964227746,0.031941573563168735
l2-n512-uniform-w1,main,2,512,uniform,1,eas_k1_adaptive,eas,1,adaptive,accept_id,rate_ratio,5,0.8940356056360561,0.8532992635245852,0.9088129459561515,0.8833338996885277,0.89597666372649,0.012642764037962273
l2-n512-uniform-w1,main,2,512,uniform,1,eas_k1_adaptive,eas,1,adaptive,accept_static_degree,commit_delta,5,0,0,0,0.0,0.0,0.0
l2-n512-uniform-w1,main,2,512,uniform,1,eas_k1_adaptive,eas,1,adaptive,accept_static_degree,batch_delta_ms,5,0.05451600000000001,0.03215600000000007,0.067631,0.04463400000000006,0.0664340000000001,0.02180000000000004
l2-n512-uniform-w1,main,2,512,uniform,1,eas_k1_adaptive,eas,1,adaptive,accept_static_degree,selector_delta_ms,5,0.056427000000000005,0.041151999999999966,0.07034799999999997,0.05454199999999998,0.057124000000000064,0.0025820000000000842
l2-n512-uniform-w1,main,2,512,uniform,1,eas_k1_adaptive,eas,1,adaptive,accept_static_degree,batch_speedup,5,0.95541590882326,0.9458221248820409,0.9731506638856556,0.9465342725823365,0.9637610734789418,0.017226800896605332
l2-n512-uniform-w1,main,2,512,uniform,1,eas_k1_adaptive,eas,1,adaptive,accept_static_degree,selector_speedup,5,0.9117191509067925,0.8909270764369429,0.9320413842076147,0.909588603137271,0.9133805747100882,0.0037919715728171877
l2-n512-uniform-w1,main,2,512,uniform,1,eas_k1_adaptive,eas,1,adaptive,accept_static_degree,rate_ratio,5,0.9554159088234652,0.9458221248836861,0.9731506638839464,0.9465342725813483,0.9637610734802896,0.017226800898941352
l2-n512-uniform-w1,main,2,512,uniform,1,eas_k2_adaptive,eas,2,adaptive,native,commit_delta,5,2,-1,3,2.0,2.0,0.0
l2-n512-uniform-w1,main,2,512,uniform,1,eas_k2_adaptive,eas,2,adaptive,native,batch_delta_ms,5,0.612218,0.586028,0.619885,0.5930529999999999,0.6140660000000001,0.02101300000000017
l2-n512-uniform-w1,main,2,512,uniform,1,eas_k2_adaptive,eas,2,adaptive,native,selector_delta_ms,5,0.633773,0.608777,0.647091,0.627451,0.635981,0.008530000000000038
l2-n512-uniform-w1,main,2,512,uniform,1,eas_k2_adaptive,eas,2,adaptive,native,batch_speedup,5,0.5049138430205858,0.5041701289508509,0.5170507385287406,0.5047375552472819,0.5159165797258038,0.011179024478521926
l2-n512-uniform-w1,main,2,512,uniform,1,eas_k2_adaptive,eas,2,adaptive,native,selector_speedup,5,0.0,0.0,0.0,0.0,0.0,0.0
l2-n512-uniform-w1,main,2,512,uniform,1,eas_k2_adaptive,eas,2,adaptive,native,rate_ratio,5,0.5081996164033353,0.5063717452350246,0.5180934429311262,0.5069225663092993,0.5159388014570739,0.00901623514777461
l2-n512-uniform-w1,main,2,512,uniform,1,eas_k2_adaptive,eas,2,adaptive,accept_id,commit_delta,5,0,-3,1,-1.0,1.0,2.0
l2-n512-uniform-w1,main,2,512,uniform,1,eas_k2_adaptive,eas,2,adaptive,accept_id,batch_delta_ms,5,0.15092799999999995,0.12383199999999994,0.18155200000000016,0.1289880000000001,0.15668700000000002,0.027698999999999918
l2-n512-uniform-w1,main,2,512,uniform,1,eas_k2_adaptive,eas,2,adaptive,accept_id,selector_delta_ms,5,0.14580900000000002,0.11728,0.150449,0.12088299999999996,0.14792300000000003,0.027040000000000064
l2-n512-uniform-w1,main,2,512,uniform,1,eas_k2_adaptive,eas,2,adaptive,accept_id,batch_speedup,5,0.8794577002176388,0.8535729264122334,0.899158130982376,0.8731006030448664,0.8934505651362595,0.02034996209139317
l2-n512-uniform-w1,main,2,512,uniform,1,eas_k2_adaptive,eas,2,adaptive,accept_id,selector_speedup,5,0.7724121484399039,0.7634379014467414,0.8073514603869726,0.7699560497351714,0.8073427247705399,0.03738667503536852
l2-n512-uniform-w1,main,2,512,uniform,1,eas_k2_adaptive,eas,2,adaptive,accept_id,rate_ratio,5,0.8775663933371083,0.8554164964482075,0.8953315136937285,0.8731006030457382,0.8933819545523233,0.020281351506585055
l2-n512-uniform-w1,main,2,512,uniform,1,eas_k2_adaptive,eas,2,adaptive,accept_static_degree,commit_delta,5,-2,-3,-1,-2.0,-2.0,0.0
l2-n512-uniform-w1,main,2,512,uniform,1,eas_k2_adaptive,eas,2,adaptive,accept_static_degree,batch_delta_ms,5,0.05793399999999993,0.045103000000000115,0.06456899999999988,0.055908999999999986,0.059197000000000166,0.0032880000000001797
l2-n512-uniform-w1,main,2,512,uniform,1,eas_k2_adaptive,eas,2,adaptive,accept_static_degree,selector_delta_ms,5,0.05489500000000003,0.04347599999999996,0.06434200000000001,0.05284599999999995,0.055701,0.002855000000000052
l2-n512-uniform-w1,main,2,512,uniform,1,eas_k2_adaptive,eas,2,adaptive,accept_static_degree,batch_speedup,5,0.952785257434199,0.9486668028789014,0.962743052371854,0.9522558634706583,0.9550956974306666,0.002839833960008309
l2-n512-uniform-w1,main,2,512,uniform,1,eas_k2_adaptive,eas,2,adaptive,accept_static_degree,selector_speedup,5,0.9133838140785423,0.900567308152949,0.9284780108872143,0.9106670023944663,0.9168268088193865,0.0061598064249202
l2-n512-uniform-w1,main,2,512,uniform,1,eas_k2_adaptive,eas,2,adaptive,accept_static_degree,rate_ratio,5,0.9486606459309365,0.946626659218798,0.9587148387621107,0.9481689284358451,0.9489601790327473,0.0007912505969022154
l2-n512-uniform-w1,main,2,512,uniform,1,accept_static_degree,accept_static_degree,,greedy,native,commit_delta,5,4,2,4,4.0,4.0,0.0
l2-n512-uniform-w1,main,2,512,uniform,1,accept_static_degree,accept_static_degree,,greedy,native,batch_delta_ms,5,0.554661,0.5333230000000001,0.554869,0.5424690000000001,0.554835,0.012365999999999877
l2-n512-uniform-w1,main,2,512,uniform,1,accept_static_degree,accept_static_degree,,greedy,native,selector_delta_ms,5,0.578878,0.565491,0.584018,0.574699,0.582527,0.007828000000000057
l2-n512-uniform-w1,main,2,512,uniform,1,accept_static_degree,accept_static_degree,,greedy,native,batch_speedup,5,0.5325835597396854,0.5283972115066587,0.5434863368519806,0.5300440507740012,0.535881903748638,0.005837852974636792
l2-n512-uniform-w1,main,2,512,uniform,1,accept_static_degree,accept_static_degree,,greedy,native,selector_speedup,5,0.0,0.0,0.0,0.0,0.0,0.0
l2-n512-uniform-w1,main,2,512,uniform,1,accept_static_degree,accept_static_degree,,greedy,native,rate_ratio,5,0.5372046752256385,0.5330120343146026,0.5458239124942698,0.5346331767542187,0.5404041139074125,0.005770937153193767
l2-n512-uniform-w1,main,2,512,uniform,1,accept_static_degree,accept_static_degree,,greedy,accept_id,commit_delta,5,2,0,3,0.0,3.0,3.0
l2-n512-uniform-w1,main,2,512,uniform,1,accept_static_degree,accept_static_degree,,greedy,accept_id,batch_delta_ms,5,0.088333,0.0641020000000001,0.12235499999999999,0.088252,0.09253599999999995,0.0042839999999999545
l2-n512-uniform-w1,main,2,512,uniform,1,accept_static_degree,accept_static_degree,,greedy,accept_id,selector_delta_ms,5,0.084897,0.06813099999999994,0.09590700000000002,0.07399399999999995,0.09129699999999996,0.017303000000000013
l2-n512-uniform-w1,main,2,512,uniform,1,accept_static_degree,accept_static_degree,,greedy,accept_id,batch_speedup,5,0.9248259856839769,0.8963693048853926,0.9451299890776989,0.9223707556469034,0.9249633753047098,0.0025926196578064387
l2-n512-uniform-w1,main,2,512,uniform,1,accept_static_degree,accept_static_degree,,greedy,accept_id,selector_speedup,5,0.853911993061865,0.835360421062028,0.8814492456050907,0.8433339224949336,0.869150879501177,0.025816957006243424
l2-n512-uniform-w1,main,2,512,uniform,1,accept_static_degree,accept_static_degree,,greedy,accept_id,rate_ratio,5,0.9289849551969298,0.9021773133394622,0.9451299890770043,0.9223707556477525,0.9306669919095667,0.008296236261814194
l2-n512-zipf-w1,main,2,512,zipf,1,accept_static_degree,accept_static_degree,,greedy,native,commit_delta,5,35,28,36,29.0,36.0,7.0
l2-n512-zipf-w1,main,2,512,zipf,1,accept_static_degree,accept_static_degree,,greedy,native,batch_delta_ms,5,0.5578240000000001,0.552106,0.5626140000000001,0.552543,0.561021,0.008477999999999986
l2-n512-zipf-w1,main,2,512,zipf,1,accept_static_degree,accept_static_degree,,greedy,native,selector_delta_ms,5,0.570553,0.566806,0.572821,0.567662,0.571923,0.004260999999999959
l2-n512-zipf-w1,main,2,512,zipf,1,accept_static_degree,accept_static_degree,,greedy,native,batch_speedup,5,0.4666918259147333,0.45882674325882844,0.47140327387379605,0.46210215266139204,0.46832890134294075,0.0062267486815487105
l2-n512-zipf-w1,main,2,512,zipf,1,accept_static_degree,accept_static_degree,,greedy,native,selector_speedup,5,0.0,0.0,0.0,0.0,0.0,0.0
l2-n512-zipf-w1,main,2,512,zipf,1,accept_static_degree,accept_static_degree,,greedy,native,rate_ratio,5,0.5778089273236273,0.5499412738350803,0.5844233107206344,0.564401198651008,0.582246742211604,0.017845543560595978
l2-n512-zipf-w1,main,2,512,zipf,1,accept_static_degree,accept_static_degree,,greedy,accept_id,commit_delta,5,9,6,10,6.0,9.0,3.0
l2-n512-zipf-w1,main,2,512,zipf,1,accept_static_degree,accept_static_degree,,greedy,accept_id,batch_delta_ms,5,0.11550000000000005,0.0960089999999999,0.143196,0.11480800000000013,0.1330969999999999,0.018288999999999778
l2-n512-zipf-w1,main,2,512,zipf,1,accept_static_degree,accept_static_degree,,greedy,accept_id,selector_delta_ms,5,0.11850500000000003,0.10038699999999995,0.12503199999999998,0.11246899999999999,0.12406600000000001,0.011597000000000024
l2-n512-zipf-w1,main,2,512,zipf,1,accept_static_degree,accept_static_degree,,greedy,accept_id,batch_speedup,5,0.8898416867669823,0.8641057347653244,0.907902032296497,0.8718517027932338,0.8899278540782818,0.018076151285048025
l2-n512-zipf-w1,main,2,512,zipf,1,accept_static_degree,accept_static_degree,,greedy,accept_id,selector_speedup,5,0.7941066975731396,0.7808582200076067,0.8229000172888904,0.7813159889306047,0.8043996980838061,0.02308370915320135
l2-n512-zipf-w1,main,2,512,zipf,1,accept_static_degree,accept_static_degree,,greedy,accept_id,rate_ratio,5,0.9212478639445603,0.8953384721643619,0.9606870341734414,0.9208933610770009,0.9356955722879355,0.014802211210934613
l2-n512-zipf-w1,main,2,512,zipf,1,native,native,,native,accept_id,commit_delta,5,-25,-30,-19,-27.0,-23.0,4.0
l2-n512-zipf-w1,main,2,512,zipf,1,native,native,,native,accept_id,batch_delta_ms,5,-0.4398810000000001,-0.45906299999999994,-0.43736099999999994,-0.447439,-0.4391610000000001,0.008277999999999897
l2-n512-zipf-w1,main,2,512,zipf,1,native,native,,native,accept_id,selector_delta_ms,5,-0.453378,-0.466451,-0.448251,-0.462525,-0.451059,0.011466000000000032
l2-n512-zipf-w1,main,2,512,zipf,1,native,native,,native,accept_id,batch_speedup,5,1.9050764541182166,1.9021013927118855,1.9494109909745947,1.9021886043263445,1.9065025790175631,0.004313974691218636
l2-n512-zipf-w1,main,2,512,zipf,1,native,native,,native,accept_id,selector_speedup,0,,,,,,
l2-n512-zipf-w1,main,2,512,zipf,1,native,native,,native,accept_id,rate_ratio,5,1.644833675508511,1.5583481289692007,1.6788486251977288,1.6123564668296329,1.666066370198364,0.05370990336873116
l2-n512-zipf-w1,main,2,512,zipf,1,native,native,,native,accept_static_degree,commit_delta,5,-35,-36,-28,-36.0,-29.0,7.0
l2-n512-zipf-w1,main,2,512,zipf,1,native,native,,native,accept_static_degree,batch_delta_ms,5,-0.5578240000000001,-0.5626140000000001,-0.552106,-0.561021,-0.552543,0.008477999999999986
l2-n512-zipf-w1,main,2,512,zipf,1,native,native,,native,accept_static_degree,selector_delta_ms,5,-0.570553,-0.572821,-0.566806,-0.571923,-0.567662,0.004260999999999959
l2-n512-zipf-w1,main,2,512,zipf,1,native,native,,native,accept_static_degree,batch_speedup,5,2.142741621925696,2.121325954702045,2.1794719132923137,2.135251523304421,2.1640236779696536,0.02877215466523264
l2-n512-zipf-w1,main,2,512,zipf,1,native,native,,native,accept_static_degree,selector_speedup,0,,,,,,
l2-n512-zipf-w1,main,2,512,zipf,1,native,native,,native,accept_static_degree,rate_ratio,5,1.7306759253996538,1.7110884895520866,1.818375974995261,1.7174849209144625,1.7717892917132876,0.05430437079882511
l2-n512-zipf-w1,main,2,512,zipf,1,eas_k1_adaptive,eas,1,adaptive,native,commit_delta,5,35,28,36,29.0,36.0,7.0
l2-n512-zipf-w1,main,2,512,zipf,1,eas_k1_adaptive,eas,1,adaptive,native,batch_delta_ms,5,1.372733,1.368772,1.4147219999999998,1.372607,1.379751,0.007144000000000039
l2-n512-zipf-w1,main,2,512,zipf,1,eas_k1_adaptive,eas,1,adaptive,native,selector_delta_ms,5,1.395909,1.377805,1.419153,1.383529,1.408193,0.02466400000000002
l2-n512-zipf-w1,main,2,512,zipf,1,eas_k1_adaptive,eas,1,adaptive,native,batch_speedup,5,0.2594219093797843,0.2567835884618488,0.2640694223407458,0.2590777060176727,0.2602580439458879,0.0011803379282152027
l2-n512-zipf-w1,main,2,512,zipf,1,eas_k1_adaptive,eas,1,adaptive,native,selector_speedup,5,0.0,0.0,0.0,0.0,0.0,0.0
l2-n512-zipf-w1,main,2,512,zipf,1,eas_k1_adaptive,eas,1,adaptive,native,rate_ratio,5,0.31792253809520615,0.3119404923884919,0.32809241480356127,0.31616475055771553,0.32209660748162383,0.005931856923908296
l2-n512-zipf-w1,main,2,512,zipf,1,eas_k1_adaptive,eas,1,adaptive,accept_id,commit_delta,5,9,6,10,6.0,9.0,3.0
l2-n512-zipf-w1,main,2,512,zipf,1,eas_k1_adaptive,eas,1,adaptive,accept_id,batch_delta_ms,5,0.950576,0.9249569999999999,0.981532,0.936146,0.95907,0.022923999999999944
l2-n512-zipf-w1,main,2,512,zipf,1,eas_k1_adaptive,eas,1,adaptive,accept_id,selector_delta_ms,5,0.94223,0.9210039999999999,0.966941,0.9293239999999999,0.9476580000000001,0.018334000000000183
l2-n512-zipf-w1,main,2,512,zipf,1,eas_k1_adaptive,eas,1,adaptive,accept_id,batch_speedup,5,0.4956661479961949,0.4904826079452499,0.5021620626626795,0.49344677513126434,0.4958114715161751,0.0023646963849107694
l2-n512-zipf-w1,main,2,512,zipf,1,eas_k1_adaptive,eas,1,adaptive,accept_id,selector_speedup,5,0.3267636590714316,0.31864922245874827,0.33430813521075453,0.32111763732449605,0.33089427372526353,0.00977663640076748
l2-n512-zipf-w1,main,2,512,zipf,1,eas_k1_adaptive,eas,1,adaptive,accept_id,rate_ratio,5,0.5198854295795774,0.5112822007381166,0.5244839472991218,0.5157074277827292,0.5237008667899222,0.00799343900719307
l2-n512-zipf-w1,main,2,512,zipf,1,eas_k1_adaptive,eas,1,adaptive,accept_static_degree,commit_delta,5,0,0,0,0.0,0.0,0.0
l2-n512-zipf-w1,main,2,512,zipf,1,eas_k1_adaptive,eas,1,adaptive,accept_static_degree,batch_delta_ms,5,0.81873,0.794241,0.8667239999999998,0.8180350000000001,0.859701,0.04166599999999998
l2-n512-zipf-w1,main,2,512,zipf,1,eas_k1_adaptive,eas,1,adaptive,accept_static_degree,selector_delta_ms,5,0.820834,0.7942840000000001,0.8496930000000001,0.808535,0.841387,0.03285199999999999
l2-n512-zipf-w1,main,2,512,zipf,1,eas_k1_adaptive,eas,1,adaptive,accept_static_degree,batch_speedup,5,0.5605482321534179,0.5456678099385381,0.5669020535918773,0.551513181624168,0.5622453509541402,0.01073216932997223
l2-n512-zipf-w1,main,2,512,zipf,1,eas_k1_adaptive,eas,1,adaptive,accept_static_degree,selector_speedup,5,0.40922968411506877,0.4012675166102597,0.41680213459270776,0.4025059065057134,0.41559952845224063,0.013093621946527245
l2-n512-zipf-w1,main,2,512,zipf,1,eas_k1_adaptive,eas,1,adaptive,accept_static_degree,rate_ratio,5,0.5605482321528988,0.5456678099401187,0.566902053592123,0.5515131816245729,0.5622453509548836,0.010732169330310737
l2-n512-zipf-w1,main,2,512,zipf,1,accept_id,accept_id,,greedy,native,commit_delta,5,25,19,30,23.0,27.0,4.0
l2-n512-zipf-w1,main,2,512,zipf,1,accept_id,accept_id,,greedy,native,batch_delta_ms,5,0.4398810000000001,0.43736099999999994,0.45906299999999994,0.4391610000000001,0.447439,0.008277999999999897
l2-n512-zipf-w1,main,2,512,zipf,1,accept_id,accept_id,,greedy,native,selector_delta_ms,5,0.453378,0.448251,0.466451,0.451059,0.462525,0.011466000000000032
l2-n512-zipf-w1,main,2,512,zipf,1,accept_id,accept_id,,greedy,native,batch_speedup,5,0.5249133166484176,0.5129754600901562,0.5257343293220919,0.5245206647007572,0.5257102254348472,0.001189560734090045
l2-n512-zipf-w1,main,2,512,zipf,1,accept_id,accept_id,,greedy,native,selector_speedup,5,0.0,0.0,0.0,0.0,0.0,0.0
l2-n512-zipf-w1,main,2,512,zipf,1,accept_id,accept_id,,greedy,native,rate_ratio,5,0.6079642062841665,0.5956463167620152,0.6417051372606127,0.6002161845934977,0.6202102454219036,0.019994060828405935
l2-n512-zipf-w1,main,2,512,zipf,1,accept_id,accept_id,,greedy,accept_static_degree,commit_delta,5,-9,-10,-6,-9.0,-6.0,3.0
l2-n512-zipf-w1,main,2,512,zipf,1,accept_id,accept_id,,greedy,accept_static_degree,batch_delta_ms,5,-0.11550000000000005,-0.143196,-0.0960089999999999,-0.1330969999999999,-0.11480800000000013,0.018288999999999778
l2-n512-zipf-w1,main,2,512,zipf,1,accept_id,accept_id,,greedy,accept_static_degree,selector_delta_ms,5,-0.11850500000000003,-0.12503199999999998,-0.10038699999999995,-0.12406600000000001,-0.11246899999999999,0.011597000000000024
l2-n512-zipf-w1,main,2,512,zipf,1,accept_id,accept_id,,greedy,accept_static_degree,batch_speedup,5,1.1237954063865567,1.1014404246574327,1.1572657833032227,1.1236865948371988,1.1469840533616042,0.023297458524405457
l2-n512-zipf-w1,main,2,512,zipf,1,accept_id,accept_id,,greedy,accept_static_degree,selector_speedup,5,1.2592766224691074,1.215214459825362,1.2806422143961789,1.243163072266364,1.279891892867456,0.03672882060109206
l2-n512-zipf-w1,main,2,512,zipf,1,accept_id,accept_id,,greedy,accept_static_degree,rate_ratio,5,1.0854841993535185,1.0409217200067478,1.1168960466790092,1.0687236635680868,1.0859020623522384,0.017178398784151616
l2-n512-zipf-w1,main,2,512,zipf,1,eas_k2_adaptive,eas,2,adaptive,native,commit_delta,5,32,25,36,27.0,35.0,8.0
l2-n512-zipf-w1,main,2,512,zipf,1,eas_k2_adaptive,eas,2,adaptive,native,batch_delta_ms,5,1.2821250000000002,1.2576129999999999,1.307439,1.275444,1.283768,0.008323999999999998
l2-n512-zipf-w1,main,2,512,zipf,1,eas_k2_adaptive,eas,2,adaptive,native,selector_delta_ms,5,1.282487,1.27695,1.305845,1.277796,1.28487,0.007074000000000025
l2-n512-zipf-w1,main,2,512,zipf,1,eas_k2_adaptive,eas,2,adaptive,native,batch_speedup,5,0.27770588988689576,0.26769605594665924,0.27855073735955055,0.2729554548106029,0.2780200521682426,0.0050645973576397
l2-n512-zipf-w1,main,2,512,zipf,1,eas_k2_adaptive,eas,2,adaptive,native,selector_speedup,5,0.0,0.0,0.0,0.0,0.0,0.0
l2-n512-zipf-w1,main,2,512,zipf,1,eas_k2_adaptive,eas,2,adaptive,native,rate_ratio,5,0.3371802677077423,0.3151598956530737,0.3463063221246259,0.3290849597093498,0.3438263398581796,0.014741380148829808
l2-n512-zipf-w1,main,2,512,zipf,1,eas_k2_adaptive,eas,2,adaptive,accept_id,commit_delta,5,6,2,10,4.0,9.0,5.0
l2-n512-zipf-w1,main,2,512,zipf,1,eas_k2_adaptive,eas,2,adaptive,accept_id,batch_delta_ms,5,0.834775,0.803148,0.8570169999999999,0.8286229999999999,0.843203,0.014580000000000148
l2-n512-zipf-w1,main,2,512,zipf,1,eas_k2_adaptive,eas,2,adaptive,accept_id,selector_delta_ms,5,0.828773,0.8109299999999999,0.8510690000000001,0.8115589999999999,0.835175,0.02361600000000008
l2-n512-zipf-w1,main,2,512,zipf,1,eas_k2_adaptive,eas,2,adaptive,accept_id,batch_speedup,5,0.5301482069193347,0.5191967101129131,0.5366795914131901,0.5192597829995063,0.530948289135239,0.01168850613573269
l2-n512-zipf-w1,main,2,512,zipf,1,eas_k2_adaptive,eas,2,adaptive,accept_id,selector_speedup,5,0.35360733642137315,0.34787412469469725,0.3653681808363777,0.34894928842571965,0.3630255148012219,0.014076226375502265
l2-n512-zipf-w1,main,2,512,zipf,1,eas_k2_adaptive,eas,2,adaptive,accept_id,rate_ratio,5,0.5434411900563081,0.5254520921613997,0.5678818932376577,0.5387320248620854,0.5574129718457016,0.01868094698361622
l2-n512-zipf-w1,main,2,512,zipf,1,eas_k2_adaptive,eas,2,adaptive,accept_static_degree,commit_delta,5,-2,-4,0,-3.0,0.0,3.0
l2-n512-zipf-w1,main,2,512,zipf,1,eas_k2_adaptive,eas,2,adaptive,accept_static_degree,batch_delta_ms,5,0.7122899999999999,0.7050699999999999,0.7216449999999999,0.707595,0.715619,0.008024000000000031
l2-n512-zipf-w1,main,2,512,zipf,1,eas_k2_adaptive,eas,2,adaptive,accept_static_degree,selector_delta_ms,5,0.70933,0.7029519999999999,0.7144339999999999,0.7050270000000001,0.7101430000000001,0.005116000000000009
l2-n512-zipf-w1,main,2,512,zipf,1,eas_k2_adaptive,eas,2,adaptive,accept_static_degree,batch_speedup,5,0.5950519689145657,0.5924832070746286,0.6008485874172766,0.5949526646041271,0.5955826906524407,0.0006300260483136366
l2-n512-zipf-w1,main,2,512,zipf,1,eas_k2_adaptive,eas,2,adaptive,accept_static_degree,selector_speedup,5,0.4466173652779462,0.44088571258635967,0.44788206272759307,0.4455022893801495,0.44676563056925434,0.0012633411891048163
l2-n512-zipf-w1,main,2,512,zipf,1,eas_k2_adaptive,eas,2,adaptive,accept_static_degree,rate_ratio,5,0.5881918388693027,0.585010216852936,0.5950519689108309,0.5868753644542818,0.5924832070718632,0.0056078426175814045
l2-n2048-uniform-w1,main,2,2048,uniform,1,accept_id,accept_id,,greedy,native,commit_delta,5,52,46,62,50.0,53.0,3.0
l2-n2048-uniform-w1,main,2,2048,uniform,1,accept_id,accept_id,,greedy,native,batch_delta_ms,5,1.7645969999999997,1.6596639999999998,1.8151149999999996,1.6989420000000002,1.767766,0.06882399999999977
l2-n2048-uniform-w1,main,2,2048,uniform,1,accept_id,accept_id,,greedy,native,selector_delta_ms,5,1.870258,1.851572,1.929063,1.865456,1.901733,0.03627699999999989
l2-n2048-uniform-w1,main,2,2048,uniform,1,accept_id,accept_id,,greedy,native,batch_speedup,5,0.5808193768231833,0.5666207733803249,0.6047251104433478,0.5766828356581652,0.581431276904816,0.0047484412466507475
l2-n2048-uniform-w1,main,2,2048,uniform,1,accept_id,accept_id,,greedy,native,selector_speedup,5,0.0,0.0,0.0,0.0,0.0,0.0
l2-n2048-uniform-w1,main,2,2048,uniform,1,accept_id,accept_id,,greedy,native,rate_ratio,5,0.5995423560338791,0.5880805550376278,0.6260934889042404,0.5985612825369985,0.6071803763096544,0.008619093772655906
l2-n2048-uniform-w1,main,2,2048,uniform,1,accept_id,accept_id,,greedy,accept_static_degree,commit_delta,5,-37,-37,-34,-37.0,-35.0,2.0
l2-n2048-uniform-w1,main,2,2048,uniform,1,accept_id,accept_id,,greedy,accept_static_degree,batch_delta_ms,5,-0.4184939999999999,-0.5013950000000005,-0.37524099999999994,-0.47781500000000054,-0.4175849999999999,0.06023000000000067
l2-n2048-uniform-w1,main,2,2048,uniform,1,accept_id,accept_id,,greedy,accept_static_degree,selector_delta_ms,5,-0.43453399999999975,-0.4665460000000001,-0.3948490000000002,-0.4576609999999999,-0.412447,0.045213999999999865
l2-n2048-uniform-w1,main,2,2048,uniform,1,accept_id,accept_id,,greedy,accept_static_degree,batch_speedup,5,1.1032551880616046,1.087512888199808,1.119415046207701,1.1018011354549815,1.113339427883945,0.011538292428963537
l2-n2048-uniform-w1,main,2,2048,uniform,1,accept_id,accept_id,,greedy,accept_static_degree,selector_speedup,5,1.2286759880582059,1.205276212489622,1.2453346527605047,1.2205294670574862,1.2435157598926028,0.02298629283511655
l2-n2048-uniform-w1,main,2,2048,uniform,1,accept_id,accept_id,,greedy,accept_static_degree,rate_ratio,5,1.0762217827927059,1.0604530517082311,1.0918395756943249,1.0753880945367102,1.088036259068706,0.012648164531995798
l2-n2048-uniform-w1,main,2,2048,uniform,1,eas_k2_adaptive,eas,2,adaptive,native,commit_delta,5,83,77,88,77.0,85.0,8.0
l2-n2048-uniform-w1,main,2,2048,uniform,1,eas_k2_adaptive,eas,2,adaptive,native,batch_delta_ms,5,3.364694,3.2388799999999995,3.4600310000000003,3.2474140000000005,3.413804,0.16638999999999937
l2-n2048-uniform-w1,main,2,2048,uniform,1,eas_k2_adaptive,eas,2,adaptive,native,selector_delta_ms,5,3.49526,3.421744,3.559856,3.434312,3.514087,0.07977500000000015
l2-n2048-uniform-w1,main,2,2048,uniform,1,eas_k2_adaptive,eas,2,adaptive,native,batch_speedup,5,0.42342230532150155,0.40370923234771444,0.4359824799221298,0.4131550111997145,0.4238218010725252,0.010666789872810722
l2-n2048-uniform-w1,main,2,2048,uniform,1,eas_k2_adaptive,eas,2,adaptive,native,selector_speedup,5,0.0,0.0,0.0,0.0,0.0,0.0
l2-n2048-uniform-w1,main,2,2048,uniform,1,eas_k2_adaptive,eas,2,adaptive,native,rate_ratio,5,0.4462698999321619,0.4263498812114905,0.46155601054698875,0.4382932903350104,0.4504620285695074,0.01216873823449699
l2-n2048-uniform-w1,main,2,2048,uniform,1,eas_k2_adaptive,eas,2,adaptive,accept_id,commit_delta,5,31,25,33,26.0,32.0,6.0
l2-n2048-uniform-w1,main,2,2048,uniform,1,eas_k2_adaptive,eas,2,adaptive,accept_id,batch_delta_ms,5,1.6229389999999997,1.506608,1.646038,1.611885,1.6370820000000004,0.025197000000000358
l2-n2048-uniform-w1,main,2,2048,uniform,1,eas_k2_adaptive,eas,2,adaptive,accept_id,selector_delta_ms,5,1.5935270000000001,1.551486,1.6562719999999997,1.5889339999999998,1.6228179999999999,0.033884000000000025
l2-n2048-uniform-w1,main,2,2048,uniform,1,eas_k2_adaptive,eas,2,adaptive,accept_id,batch_speedup,5,0.7206686485629659,0.7129039400502548,0.7290085734353907,0.7203753387524213,0.7239769809146945,0.003601642162273211
l2-n2048-uniform-w1,main,2,2048,uniform,1,eas_k2_adaptive,eas,2,adaptive,accept_id,selector_speedup,5,0.5424002531105869,0.5305336029402183,0.546580340317686,0.5399696742195061,0.5432233668576523,0.0032536926381461218
l2-n2048-uniform-w1,main,2,2048,uniform,1,eas_k2_adaptive,eas,2,adaptive,accept_id,rate_ratio,5,0.7366022235176483,0.7254110267181539,0.7443509127267465,0.7365730601179312,0.7368520845428301,0.00027902442489891044
l2-n2048-uniform-w1,main,2,2048,uniform,1,eas_k2_adaptive,eas,2,adaptive,accept_static_degree,commit_delta,5,-6,-10,-4,-8.0,-5.0,3.0
l2-n2048-uniform-w1,main,2,2048,uniform,1,eas_k2_adaptive,eas,2,adaptive,accept_static_degree,batch_delta_ms,5,1.1743629999999996,1.0998389999999993,1.2601830000000005,1.1215439999999992,1.1901849999999996,0.0686410000000004
l2-n2048-uniform-w1,main,2,2048,uniform,1,eas_k2_adaptive,eas,2,adaptive,accept_static_degree,selector_delta_ms,5,1.1545,1.132603,1.251512,1.139039,1.1917549999999997,0.05271599999999976
l2-n2048-uniform-w1,main,2,2048,uniform,1,eas_k2_adaptive,eas,2,adaptive,accept_static_degree,batch_speedup,5,0.7977178987414231,0.785440981597766,0.8073510511881586,0.7936170040764738,0.8024754881096186,0.008858484033144709
l2-n2048-uniform-w1,main,2,2048,uniform,1,eas_k2_adaptive,eas,2,adaptive,accept_static_degree,selector_speedup,5,0.6671174114720447,0.6484374648862201,0.6696955305184735,0.6608462714447846,0.6674673149363327,0.006621043491548129
l2-n2048-uniform-w1,main,2,2048,uniform,1,eas_k2_adaptive,eas,2,adaptive,accept_static_degree,rate_ratio,5,0.7934520276259557,0.7827999561056997,0.8052009818102935,0.7881812711711126,0.7992868437839349,0.011105572612822301
l2-n2048-uniform-w1,main,2,2048,uniform,1,accept_static_degree,accept_static_degree,,greedy,native,commit_delta,5,87,83,96,87.0,90.0,3.0
l2-n2048-uniform-w1,main,2,2048,uniform,1,accept_static_degree,accept_static_degree,,greedy,native,batch_delta_ms,5,2.1903559999999995,2.117436,2.2424120000000003,2.1610590000000003,2.204081,0.04302199999999967
l2-n2048-uniform-w1,main,2,2048,uniform,1,accept_static_degree,accept_static_degree,,greedy,native,selector_delta_ms,5,2.322153,2.282705,2.35967,2.31835,2.334751,0.016400999999999666
l2-n2048-uniform-w1,main,2,2048,uniform,1,accept_static_degree,accept_static_degree,,greedy,native,batch_speedup,5,0.5264596832249394,0.5123232319656391,0.5402152780525914,0.5222408030674942,0.5302767828460087,0.008035979778514446
l2-n2048-uniform-w1,main,2,2048,uniform,1,accept_static_degree,accept_static_degree,,greedy,native,selector_speedup,5,0.0,0.0,0.0,0.0,0.0,0.0
l2-n2048-uniform-w1,main,2,2048,uniform,1,accept_static_degree,accept_static_degree,,greedy,native,rate_ratio,5,0.5580516009910961,0.5447865394535141,0.5734299276577274,0.5570806739091607,0.5644392098007599,0.007358535891599183
l2-n2048-uniform-w1,main,2,2048,uniform,1,accept_static_degree,accept_static_degree,,greedy,accept_id,commit_delta,5,37,34,37,35.0,37.0,2.0
l2-n2048-uniform-w1,main,2,2048,uniform,1,accept_static_degree,accept_static_degree,,greedy,accept_id,batch_delta_ms,5,0.4184939999999999,0.37524099999999994,0.5013950000000005,0.4175849999999999,0.47781500000000054,0.06023000000000067
l2-n2048-uniform-w1,main,2,2048,uniform,1,accept_static_degree,accept_static_degree,,greedy,accept_id,selector_delta_ms,5,0.43453399999999975,0.3948490000000002,0.4665460000000001,0.412447,0.4576609999999999,0.045213999999999865
l2-n2048-uniform-w1,main,2,2048,uniform,1,accept_static_degree,accept_static_degree,,greedy,accept_id,batch_speedup,5,0.9064086086528886,0.8933237081167977,0.9195293323422855,0.8981986759425541,0.9076048007402502,0.009406124797696092
l2-n2048-uniform-w1,main,2,2048,uniform,1,accept_static_degree,accept_static_degree,,greedy,accept_id,selector_speedup,5,0.813884221486574,0.8029970078993008,0.8296853365540147,0.8041715531505333,0.8193165564538563,0.015145003303322913
l2-n2048-uniform-w1,main,2,2048,uniform,1,accept_static_degree,accept_static_degree,,greedy,accept_id,rate_ratio,5,0.9291765098872866,0.9158854672986899,0.9429931842707696,0.9190870172432857,0.9298968484775831,0.010809831234297462
l2-n2048-uniform-w1,main,2,2048,uniform,1,native,native,,native,accept_id,commit_delta,5,-52,-62,-46,-53.0,-50.0,3.0
l2-n2048-uniform-w1,main,2,2048,uniform,1,native,native,,native,accept_id,batch_delta_ms,5,-1.7645969999999997,-1.8151149999999996,-1.6596639999999998,-1.767766,-1.6989420000000002,0.06882399999999977
l2-n2048-uniform-w1,main,2,2048,uniform,1,native,native,,native,accept_id,selector_delta_ms,5,-1.870258,-1.929063,-1.851572,-1.901733,-1.865456,0.03627699999999989
l2-n2048-uniform-w1,main,2,2048,uniform,1,native,native,,native,accept_id,batch_speedup,5,1.7217056453411441,1.6536439164347927,1.7648488141976115,1.7198937169726878,1.7340554255593632,0.014161708586675426
l2-n2048-uniform-w1,main,2,2048,uniform,1,native,native,,native,accept_id,selector_speedup,0,,,,,,
l2-n2048-uniform-w1,main,2,2048,uniform,1,native,native,,native,accept_id,rate_ratio,5,1.6679388702663933,1.5972055575121111,1.7004473136099796,1.6469570477192308,1.6706727100047398,0.02371566228550903
l2-n2048-uniform-w1,main,2,2048,uniform,1,native,native,,native,accept_static_degree,commit_delta,5,-87,-96,-83,-90.0,-87.0,3.0
l2-n2048-uniform-w1,main,2,2048,uniform,1,native,native,,native,accept_static_degree,batch_delta_ms,5,-2.1903559999999995,-2.2424120000000003,-2.117436,-2.204081,-2.1610590000000003,0.04302199999999967
l2-n2048-uniform-w1,main,2,2048,uniform,1,native,native,,native,accept_static_degree,selector_delta_ms,5,-2.322153,-2.35967,-2.282705,-2.334751,-2.31835,0.016400999999999666
l2-n2048-uniform-w1,main,2,2048,uniform,1,native,native,,native,accept_static_degree,batch_speedup,5,1.8994806855375703,1.851113881126937,1.9518927458418844,1.8858076241486101,1.9148254868755639,0.029017862726953725
l2-n2048-uniform-w1,main,2,2048,uniform,1,native,native,,native,accept_static_degree,selector_speedup,0,,,,,,
l2-n2048-uniform-w1,main,2,2048,uniform,1,native,native,,native,accept_static_degree,rate_ratio,5,1.7919489850472723,1.7438922382106408,1.8355813287955305,1.771669973730187,1.7950721445473496,0.02340217081716256
l2-n2048-uniform-w1,main,2,2048,uniform,1,eas_k1_adaptive,eas,1,adaptive,native,commit_delta,5,83,79,89,80.0,87.0,7.0
l2-n2048-uniform-w1,main,2,2048,uniform,1,eas_k1_adaptive,eas,1,adaptive,native,batch_delta_ms,5,3.398275,3.2728190000000006,3.451462,3.359697,3.4145130000000004,0.0548160000000002
l2-n2048-uniform-w1,main,2,2048,uniform,1,eas_k1_adaptive,eas,1,adaptive,native,selector_delta_ms,5,3.565289,3.463142,3.568305,3.526638,3.566718,0.04007999999999967
l2-n2048-uniform-w1,main,2,2048,uniform,1,eas_k1_adaptive,eas,1,adaptive,native,batch_speedup,5,0.4176382040163623,0.40480725494904407,0.4270183345293548,0.41496791230891583,0.41836032162738734,0.003392409318471512
l2-n2048-uniform-w1,main,2,2048,uniform,1,eas_k1_adaptive,eas,1,adaptive,native,selector_speedup,5,0.0,0.0,0.0,0.0,0.0,0.0
l2-n2048-uniform-w1,main,2,2048,uniform,1,eas_k1_adaptive,eas,1,adaptive,native,rate_ratio,5,0.4415211242961472,0.42839398502608733,0.45206605309257125,0.4408105811489332,0.444188061271891,0.003377480122957799
l2-n2048-uniform-w1,main,2,2048,uniform,1,eas_k1_adaptive,eas,1,adaptive,accept_id,commit_delta,5,33,27,34,28.0,33.0,5.0
l2-n2048-uniform-w1,main,2,2048,uniform,1,eas_k1_adaptive,eas,1,adaptive,accept_id,batch_delta_ms,5,1.630509,1.5738770000000004,1.6957190000000004,1.6285129999999999,1.6415500000000005,0.013037000000000631
l2-n2048-uniform-w1,main,2,2048,uniform,1,eas_k1_adaptive,eas,1,adaptive,accept_id,selector_delta_ms,5,1.6595199999999999,1.589374,1.692464,1.6448040000000002,1.6682549999999998,0.023450999999999667
l2-n2048-uniform-w1,main,2,2048,uniform,1,eas_k1_adaptive,eas,1,adaptive,accept_id,batch_speedup,5,0.7200256650957426,0.7061362711005847,0.7217238866822917,0.7144236038754106,0.7207203532064415,0.00629674933103086
l2-n2048-uniform-w1,main,2,2048,uniform,1,eas_k1_adaptive,eas,1,adaptive,accept_id,selector_speedup,5,0.532305772223954,0.5252940224481101,0.5400465819767136,0.5265140383543259,0.5390517346471223,0.01253769629279644
l2-n2048-uniform-w1,main,2,2048,uniform,1,eas_k1_adaptive,eas,1,adaptive,accept_id,rate_ratio,5,0.7333229927003152,0.7220424123620199,0.7386470674713768,0.728461401004284,0.7368668376986588,0.008405436694374768
l2-n2048-uniform-w1,main,2,2048,uniform,1,eas_k1_adaptive,eas,1,adaptive,accept_static_degree,commit_delta,5,-4,-7,-3,-7.0,-4.0,3.0
l2-n2048-uniform-w1,main,2,2048,uniform,1,eas_k1_adaptive,eas,1,adaptive,accept_static_degree,batch_delta_ms,5,1.2135610000000003,1.1553830000000005,1.2504529999999994,1.2088719999999995,1.2459489999999995,0.03707700000000003
l2-n2048-uniform-w1,main,2,2048,uniform,1,eas_k1_adaptive,eas,1,adaptive,accept_static_degree,selector_delta_ms,5,1.21678,1.180437,1.2518729999999998,1.211535,1.249955,0.0384199999999999
l2-n2048-uniform-w1,main,2,2048,uniform,1,eas_k1_adaptive,eas,1,adaptive,accept_static_degree,batch_speedup,5,0.7904595665429947,0.78618719044709,0.7958720862196319,0.7888330278453746,0.7917255975510151,0.0028925697056405575
l2-n2048-uniform-w1,main,2,2048,uniform,1,eas_k1_adaptive,eas,1,adaptive,accept_static_degree,selector_speedup,5,0.6583651177598197,0.6488719427793932,0.6619306168422889,0.6497062330714443,0.6591427668862553,0.009436533814811021
l2-n2048-uniform-w1,main,2,2048,uniform,1,eas_k1_adaptive,eas,1,adaptive,accept_static_degree,rate_ratio,5,0.7883544811466545,0.7825085070674721,0.7937638157925772,0.7850509516861095,0.7901283031389168,0.005077351452807299
l2-n2048-zipf-w1,main,2,2048,zipf,1,native,native,,native,accept_id,commit_delta,5,-107,-117,-94,-109.0,-105.0,4.0
l2-n2048-zipf-w1,main,2,2048,zipf,1,native,native,,native,accept_id,batch_delta_ms,5,-1.629689,-1.6769599999999998,-1.5974970000000002,-1.661006,-1.6166220000000002,0.04438399999999976
l2-n2048-zipf-w1,main,2,2048,zipf,1,native,native,,native,accept_id,selector_delta_ms,5,-1.722843,-1.792324,-1.682352,-1.737149,-1.709622,0.02752700000000008
l2-n2048-zipf-w1,main,2,2048,zipf,1,native,native,,native,accept_id,batch_speedup,5,1.9495706081231727,1.8813983107216619,1.9655729594680118,1.9417815770081062,1.9609326953409456,0.019151118332839445
l2-n2048-zipf-w1,main,2,2048,zipf,1,native,native,,native,accept_id,selector_speedup,0,,,,,,
l2-n2048-zipf-w1,main,2,2048,zipf,1,native,native,,native,accept_id,rate_ratio,5,1.4274497327306304,1.3887902380946617,1.4796867207035378,1.4165822574877824,1.4624239004748485,0.045841642987066056
l2-n2048-zipf-w1,main,2,2048,zipf,1,native,native,,native,accept_static_degree,commit_delta,5,-136,-145,-122,-138.0,-136.0,2.0
l2-n2048-zipf-w1,main,2,2048,zipf,1,native,native,,native,accept_static_degree,batch_delta_ms,5,-2.104901,-2.1264410000000002,-2.0807539999999998,-2.111751,-2.081203,0.03054800000000002
l2-n2048-zipf-w1,main,2,2048,zipf,1,native,native,,native,accept_static_degree,selector_delta_ms,5,-2.16456,-2.250717,-2.127279,-2.185271,-2.153847,0.03142400000000034
l2-n2048-zipf-w1,main,2,2048,zipf,1,native,native,,native,accept_static_degree,batch_speedup,5,2.226943551952837,2.133367063652165,2.2518716561689516,2.215652365800032,2.2284009653621997,0.012748599562167673
l2-n2048-zipf-w1,main,2,2048,zipf,1,native,native,,native,accept_static_degree,selector_speedup,0,,,,,,
l2-n2048-zipf-w1,main,2,2048,zipf,1,native,native,,native,accept_static_degree,rate_ratio,5,1.5213465553216252,1.4905621405453184,1.5846572320090853,1.490749534621339,1.5504087253428285,0.0596591907214894
l2-n2048-zipf-w1,main,2,2048,zipf,1,accept_id,accept_id,,greedy,native,commit_delta,5,107,94,117,105.0,109.0,4.0
l2-n2048-zipf-w1,main,2,2048,zipf,1,accept_id,accept_id,,greedy,native,batch_delta_ms,5,1.629689,1.5974970000000002,1.6769599999999998,1.6166220000000002,1.661006,0.04438399999999976
l2-n2048-zipf-w1,main,2,2048,zipf,1,accept_id,accept_id,,greedy,native,selector_delta_ms,5,1.722843,1.682352,1.792324,1.709622,1.737149,0.02752700000000008
l2-n2048-zipf-w1,main,2,2048,zipf,1,accept_id,accept_id,,greedy,native,batch_speedup,5,0.5129334612623687,0.5087575076687324,0.5315195587777596,0.5099614088621899,0.5149909813959602,0.005029572533770343
l2-n2048-zipf-w1,main,2,2048,zipf,1,accept_id,accept_id,,greedy,native,selector_speedup,5,0.0,0.0,0.0,0.0,0.0,0.0
l2-n2048-zipf-w1,main,2,2048,zipf,1,accept_id,accept_id,,greedy,native,rate_ratio,5,0.70055006286425,0.6758187297406684,0.7200511442044272,0.6837962643220618,0.7059244140000989,0.022128149678037112
l2-n2048-zipf-w1,main,2,2048,zipf,1,accept_id,accept_id,,greedy,accept_static_degree,commit_delta,5,-28,-33,-27,-29.0,-28.0,1.0
l2-n2048-zipf-w1,main,2,2048,zipf,1,accept_id,accept_id,,greedy,accept_static_degree,batch_delta_ms,5,-0.48370599999999975,-0.5018090000000002,-0.44519699999999984,-0.492321,-0.44576899999999986,0.04655200000000015
l2-n2048-zipf-w1,main,2,2048,zipf,1,accept_id,accept_id,,greedy,accept_static_degree,selector_delta_ms,5,-0.46786400000000006,-0.479495,-0.41765700000000017,-0.47005600000000025,-0.4661000000000002,0.003956000000000071
l2-n2048-zipf-w1,main,2,2048,zipf,1,accept_id,accept_id,,greedy,accept_static_degree,batch_speedup,5,1.1408627252155268,1.131048825108796,1.1493068128565798,1.1331493378824657,1.146855845333597,0.013706507451131333
l2-n2048-zipf-w1,main,2,2048,zipf,1,accept_id,accept_id,,greedy,accept_static_degree,selector_speedup,5,1.2693286528674281,1.2442978623344811,1.286627293218066,1.2600534278400557,1.2720908493588658,0.012037421518810154
l2-n2048-zipf-w1,main,2,2048,zipf,1,accept_id,accept_id,,greedy,accept_static_degree,rate_ratio,5,1.0606840364441008,1.0586608258003005,1.0742937807851478,1.0596340564530569,1.0709410376107436,0.01130698115768669
l2-n2048-zipf-w1,main,2,2048,zipf,1,eas_k1_adaptive,eas,1,adaptive,native,commit_delta,5,136,122,145,135.0,138.0,3.0
l2-n2048-zipf-w1,main,2,2048,zipf,1,eas_k1_adaptive,eas,1,adaptive,native,batch_delta_ms,5,9.056593999999999,8.803899,9.740293,9.036155,9.103805000000001,0.06765000000000043
l2-n2048-zipf-w1,main,2,2048,zipf,1,eas_k1_adaptive,eas,1,adaptive,native,selector_delta_ms,5,9.151792,8.916043,9.808036,9.145562,9.192633,0.04707100000000075
l2-n2048-zipf-w1,main,2,2048,zipf,1,eas_k1_adaptive,eas,1,adaptive,native,batch_speedup,5,0.15795986136332923,0.14806447882391208,0.17241460022532315,0.155948985944966,0.1611733431321393,0.00522435718717329
l2-n2048-zipf-w1,main,2,2048,zipf,1,eas_k1_adaptive,eas,1,adaptive,native,selector_speedup,5,0.0,0.0,0.0,0.0,0.0,0.0
l2-n2048-zipf-w1,main,2,2048,zipf,1,eas_k1_adaptive,eas,1,adaptive,native,rate_ratio,5,0.23418811267096973,0.2128129325854192,0.2467683965720845,0.21915754503259757,0.23860838213006264,0.019450837097465062
l2-n2048-zipf-w1,main,2,2048,zipf,1,eas_k1_adaptive,eas,1,adaptive,accept_id,commit_delta,5,28,26,33,28.0,29.0,1.0
l2-n2048-zipf-w1,main,2,2048,zipf,1,eas_k1_adaptive,eas,1,adaptive,accept_id,batch_delta_ms,5,7.434298,7.187277,8.046412,7.406655000000001,7.442799000000001,0.036144000000000176
l2-n2048-zipf-w1,main,2,2048,zipf,1,eas_k1_adaptive,eas,1,adaptive,accept_id,selector_delta_ms,5,7.46321,7.141449000000001,8.120999000000001,7.4213819999999995,7.469790000000001,0.04840800000000112
l2-n2048-zipf-w1,main,2,2048,zipf,1,eas_k1_adaptive,eas,1,adaptive,accept_id,batch_speedup,5,0.30785445752699875,0.29594945795434,0.3243805376076736,0.30702210887445014,0.3142188125833696,0.00719670370891945
l2-n2048-zipf-w1,main,2,2048,zipf,1,eas_k1_adaptive,eas,1,adaptive,accept_id,selector_speedup,5,0.18628733939188888,0.17390783349291972,0.19926469942429362,0.18395282870533272,0.18795544031015005,0.004002611604817324
l2-n2048-zipf-w1,main,2,2048,zipf,1,eas_k1_adaptive,eas,1,adaptive,accept_id,rate_ratio,5,0.3293505293737709,0.31648183661536355,0.3495677322927238,0.3287857014010864,0.3342917588408665,0.005506057439780054
l2-n2048-zipf-w1,main,2,2048,zipf,1,eas_k1_adaptive,eas,1,adaptive,accept_static_degree,commit_delta,5,0,-1,0,0.0,0.0,0.0
l2-n2048-zipf-w1,main,2,2048,zipf,1,eas_k1_adaptive,eas,1,adaptive,accept_static_degree,batch_delta_ms,5,6.971257000000001,6.631080999999999,7.596057,6.950592,6.977364,0.026771999999999352
l2-n2048-zipf-w1,main,2,2048,zipf,1,eas_k1_adaptive,eas,1,adaptive,accept_static_degree,selector_delta_ms,5,7.000356,6.680799,7.641871999999999,6.981002,7.036530000000001,0.05552800000000069
l2-n2048-zipf-w1,main,2,2048,zipf,1,eas_k1_adaptive,eas,1,adaptive,accept_static_degree,batch_speedup,5,0.35381922540404626,0.335354932327635,0.3755128694479973,0.3521101002093112,0.3570189203459837,0.004908820136672487
l2-n2048-zipf-w1,main,2,2048,zipf,1,eas_k1_adaptive,eas,1,adaptive,accept_static_degree,selector_speedup,5,0.23667873007694878,0.2190951537827137,0.25108416755709956,0.2364598575565637,0.2394647743880516,0.0030049168314879027
l2-n2048-zipf-w1,main,2,2048,zipf,1,eas_k1_adaptive,eas,1,adaptive,accept_static_degree,rate_ratio,5,0.35381922540453825,0.33535493232645125,0.37551286944825973,0.3521101002100556,0.35619629610426357,0.004086195894207945
l2-n2048-zipf-w1,main,2,2048,zipf,1,eas_k2_adaptive,eas,2,adaptive,native,commit_delta,5,133,121,144,132.0,136.0,4.0
l2-n2048-zipf-w1,main,2,2048,zipf,1,eas_k2_adaptive,eas,2,adaptive,native,batch_delta_ms,5,7.786091999999999,7.712163,8.24696,7.755113000000001,7.909453999999999,0.15434099999999873
l2-n2048-zipf-w1,main,2,2048,zipf,1,eas_k2_adaptive,eas,2,adaptive,native,selector_delta_ms,5,7.891754,7.756194,8.315009,7.856351,7.935523,0.0791719999999998
l2-n2048-zipf-w1,main,2,2048,zipf,1,eas_k2_adaptive,eas,2,adaptive,native,batch_speedup,5,0.1792009753663615,0.17206511826155182,0.1921322763255659,0.17779928173961088,0.18168262847562344,0.003883346736012566
l2-n2048-zipf-w1,main,2,2048,zipf,1,eas_k2_adaptive,eas,2,adaptive,native,selector_speedup,5,0.0,0.0,0.0,0.0,0.0,0.0
l2-n2048-zipf-w1,main,2,2048,zipf,1,eas_k2_adaptive,eas,2,adaptive,native,rate_ratio,5,0.26215949746390466,0.24564923635984567,0.273788493763338,0.24927341160849223,0.27006344174957875,0.02079003014108652
l2-n2048-zipf-w1,main,2,2048,zipf,1,eas_k2_adaptive,eas,2,adaptive,accept_id,commit_delta,5,27,23,31,26.0,27.0,1.0
l2-n2048-zipf-w1,main,2,2048,zipf,1,eas_k2_adaptive,eas,2,adaptive,accept_id,batch_delta_ms,5,6.188594999999999,6.085202000000001,6.57,6.110976,6.221077999999999,0.11010199999999948
l2-n2048-zipf-w1,main,2,2048,zipf,1,eas_k2_adaptive,eas,2,adaptive,accept_id,selector_delta_ms,5,6.209402,5.972581,6.57418,6.138636,6.2142740000000005,0.07563800000000054
l2-n2048-zipf-w1,main,2,2048,zipf,1,eas_k2_adaptive,eas,2,adaptive,accept_id,batch_speedup,5,0.35241829428152693,0.3396978791643203,0.3614773401140272,0.34735585364881383,0.35420311248263764,0.0068472588338238105
l2-n2048-zipf-w1,main,2,2048,zipf,1,eas_k2_adaptive,eas,2,adaptive,accept_id,selector_speedup,5,0.21710516118471335,0.2077237843831536,0.23108292546576326,0.21317846450865044,0.22056836239181238,0.007389897883161939
l2-n2048-zipf-w1,main,2,2048,zipf,1,eas_k2_adaptive,eas,2,adaptive,accept_id,rate_ratio,5,0.3742195045876471,0.36082741231785803,0.387843922569449,0.3710991651630405,0.3761472068631556,0.005048041700115136
l2-n2048-zipf-w1,main,2,2048,zipf,1,eas_k2_adaptive,eas,2,adaptive,accept_static_degree,commit_delta,5,-2,-4,-1,-3.0,-1.0,2.0
l2-n2048-zipf-w1,main,2,2048,zipf,1,eas_k2_adaptive,eas,2,adaptive,accept_static_degree,batch_delta_ms,5,5.704889,5.485191,6.124192000000001,5.643362,5.775309,0.13194700000000026
l2-n2048-zipf-w1,main,2,2048,zipf,1,eas_k2_adaptive,eas,2,adaptive,accept_static_degree,selector_delta_ms,5,5.727194,5.497769999999999,6.171982,5.678864,5.781478,0.10261399999999998
l2-n2048-zipf-w1,main,2,2048,zipf,1,eas_k2_adaptive,eas,2,adaptive,accept_static_degree,batch_speedup,5,0.40039659079206974,0.38343007563920317,0.42203721211038403,0.39836709116798363,0.4023120978336342,0.003945006665650563
l2-n2048-zipf-w1,main,2,2048,zipf,1,eas_k2_adaptive,eas,2,adaptive,accept_static_degree,selector_speedup,5,0.2749810378552202,0.25847026086398667,0.2909184419856239,0.2742812307631485,0.275587872055816,0.0013066412926674986
l2-n2048-zipf-w1,main,2,2048,zipf,1,eas_k2_adaptive,eas,2,adaptive,accept_static_degree,rate_ratio,5,0.39742532499618727,0.38085671942610755,0.4201942548528844,0.3967062996328258,0.4013743073966576,0.004668007763831805
l2-n2048-zipf-w1,main,2,2048,zipf,1,accept_static_degree,accept_static_degree,,greedy,native,commit_delta,5,136,122,145,136.0,138.0,2.0
l2-n2048-zipf-w1,main,2,2048,zipf,1,accept_static_degree,accept_static_degree,,greedy,native,batch_delta_ms,5,2.104901,2.0807539999999998,2.1264410000000002,2.081203,2.111751,0.03054800000000002
l2-n2048-zipf-w1,main,2,2048,zipf,1,accept_static_degree,accept_static_degree,,greedy,native,selector_delta_ms,5,2.16456,2.127279,2.250717,2.153847,2.185271,0.03142400000000034
l2-n2048-zipf-w1,main,2,2048,zipf,1,accept_static_degree,accept_static_degree,,greedy,native,batch_speedup,5,0.44904595768630345,0.4440750418704026,0.46874258867017227,0.4487522737351992,0.4513343408179099,0.002582067082710693
l2-n2048-zipf-w1,main,2,2048,zipf,1,accept_static_degree,accept_static_degree,,greedy,native,selector_speedup,5,0.0,0.0,0.0,0.0,0.0,0.0
l2-n2048-zipf-w1,main,2,2048,zipf,1,accept_static_degree,accept_static_degree,,greedy,native,rate_ratio,5,0.6573124292437049,0.6310512960157094,0.6708878300331393,0.6449912101590364,0.6708034963458882,0.02581228618685183
l2-n2048-zipf-w1,main,2,2048,zipf,1,accept_static_degree,accept_static_degree,,greedy,accept_id,commit_delta,5,28,27,33,28.0,29.0,1.0
l2-n2048-zipf-w1,main,2,2048,zipf,1,accept_static_degree,accept_static_degree,,greedy,accept_id,batch_delta_ms,5,0.48370599999999975,0.44519699999999984,0.5018090000000002,0.44576899999999986,0.492321,0.04655200000000015
l2-n2048-zipf-w1,main,2,2048,zipf,1,accept_static_degree,accept_static_degree,,greedy,accept_id,selector_delta_ms,5,0.46786400000000006,0.41765700000000017,0.479495,0.4661000000000002,0.47005600000000025,0.003956000000000071
l2-n2048-zipf-w1,main,2,2048,zipf,1,accept_static_degree,accept_static_degree,,greedy,accept_id,batch_speedup,5,0.8765296454146877,0.870089682592692,0.884135129978858,0.8719491678652257,0.8824962134900207,0.010547045624795026
l2-n2048-zipf-w1,main,2,2048,zipf,1,accept_static_degree,accept_static_degree,,greedy,accept_id,selector_speedup,5,0.7878180310048059,0.7772258565251138,0.803666091753832,0.7861073762962766,0.7936171418653007,0.007509765569024163
l2-n2048-zipf-w1,main,2,2048,zipf,1,accept_static_degree,accept_static_degree,,greedy,accept_id,rate_ratio,5,0.942787829024427,0.9308440743919693,0.9445895943528886,0.9337582227972027,0.9437220273452972,0.009963804548094535
l2-n8192-uniform-w1,main,2,8192,uniform,1,eas_k2_adaptive,eas,2,adaptive,native,commit_delta,5,981,969,1046,973.0,989.0,16.0
l2-n8192-uniform-w1,main,2,8192,uniform,1,eas_k2_adaptive,eas,2,adaptive,native,batch_delta_ms,5,20.722962000000003,-21.923178999999998,44.28024,20.713741,21.102489,0.38874799999999965
l2-n8192-uniform-w1,main,2,8192,uniform,1,eas_k2_adaptive,eas,2,adaptive,native,selector_delta_ms,5,21.569347,21.283179,37.452499,21.4556,25.017775,3.562175
l2-n8192-uniform-w1,main,2,8192,uniform,1,eas_k2_adaptive,eas,2,adaptive,native,batch_speedup,5,0.2864907205145866,0.2837112080022292,1.6220571124155427,0.284222776105887,0.5229879048356979,0.23876512872981093
l2-n8192-uniform-w1,main,2,8192,uniform,1,eas_k2_adaptive,eas,2,adaptive,native,selector_speedup,5,0.0,0.0,0.0,0.0,0.0,0.0
l2-n8192-uniform-w1,main,2,8192,uniform,1,eas_k2_adaptive,eas,2,adaptive,native,rate_ratio,5,0.4106245719420762,0.40060356207709114,2.3003719048772107,0.40153817520793167,0.7338736202957711,0.3323354450878394
l2-n8192-uniform-w1,main,2,8192,uniform,1,eas_k2_adaptive,eas,2,adaptive,accept_id,commit_delta,5,278,252,322,267.0,287.0,20.0
l2-n8192-uniform-w1,main,2,8192,uniform,1,eas_k2_adaptive,eas,2,adaptive,accept_id,batch_delta_ms,5,14.389166000000001,-23.950317,25.852490000000003,14.157477000000002,14.529537,0.3720599999999976
l2-n8192-uniform-w1,main,2,8192,uniform,1,eas_k2_adaptive,eas,2,adaptive,accept_id,selector_delta_ms,5,14.379246,14.047077000000002,28.713707000000003,14.191547,16.415484,2.2239369999999994
l2-n8192-uniform-w1,main,2,8192,uniform,1,eas_k2_adaptive,eas,2,adaptive,accept_id,batch_speedup,5,0.5050047811603876,0.4948012851289799,1.694717579576815,0.5016641107703249,0.5129676550139696,0.011303544243644659
l2-n8192-uniform-w1,main,2,8192,uniform,1,eas_k2_adaptive,eas,2,adaptive,accept_id,selector_speedup,5,0.33488064372431886,0.23333001090261024,0.34384716466592247,0.3312866579218157,0.3397522947967022,0.008465636874886495
l2-n8192-uniform-w1,main,2,8192,uniform,1,eas_k2_adaptive,eas,2,adaptive,accept_id,rate_ratio,5,0.5578693908911041,0.5371584326539789,1.8323928955197533,0.5465940794550215,0.5608446361513075,0.014250556696286054
l2-n8192-uniform-w1,main,2,8192,uniform,1,eas_k2_adaptive,eas,2,adaptive,accept_static_degree,commit_delta,5,-119,-122,-107,-120.0,-114.0,6.0
l2-n8192-uniform-w1,main,2,8192,uniform,1,eas_k2_adaptive,eas,2,adaptive,accept_static_degree,batch_delta_ms,5,12.168417000000002,11.842733000000003,35.40225100000001,12.04962,13.866328999999997,1.816708999999996
l2-n8192-uniform-w1,main,2,8192,uniform,1,eas_k2_adaptive,eas,2,adaptive,accept_static_degree,selector_delta_ms,5,12.353046999999998,12.078648000000001,26.449780000000004,12.117772,14.084364,1.9665920000000003
l2-n8192-uniform-w1,main,2,8192,uniform,1,eas_k2_adaptive,eas,2,adaptive,accept_static_degree,batch_speedup,5,0.5841759948630347,0.5767305448634442,0.5977847591538853,0.5833197029048408,0.5888876353164001,0.005567932411559284
l2-n8192-uniform-w1,main,2,8192,uniform,1,eas_k2_adaptive,eas,2,adaptive,accept_static_degree,selector_speedup,5,0.4300538522342177,0.29377796659176203,0.4370257147168363,0.4288015588314792,0.4337073826205185,0.00490582378903931
l2-n8192-uniform-w1,main,2,8192,uniform,1,eas_k2_adaptive,eas,2,adaptive,accept_static_degree,rate_ratio,5,0.5663423767599183,0.556673211204456,0.5781343950974754,0.5632167837947528,0.5688711747050623,0.005654390910309504
l2-n8192-uniform-w1,main,2,8192,uniform,1,accept_static_degree,accept_static_degree,,greedy,native,commit_delta,5,1101,1088,1153,1095.0,1103.0,8.0
l2-n8192-uniform-w1,main,2,8192,uniform,1,accept_static_degree,accept_static_degree,,greedy,native,batch_delta_ms,5,8.664120999999998,-33.567826,8.773215999999998,8.603016000000002,8.68873,0.08571399999999763
l2-n8192-uniform-w1,main,2,8192,uniform,1,accept_static_degree,accept_static_degree,,greedy,native,selector_delta_ms,5,9.215868,9.165407,11.007069,9.170379,11.002719,1.8323400000000003
l2-n8192-uniform-w1,main,2,8192,uniform,1,accept_static_degree,accept_static_degree,,greedy,native,batch_speedup,5,0.4883441119673783,0.48431770078783926,2.6288286502972937,0.48637343568096847,0.859147152343932,0.37277371666296355
l2-n8192-uniform-w1,main,2,8192,uniform,1,accept_static_degree,accept_static_degree,,greedy,native,selector_speedup,5,0.0,0.0,0.0,0.0,0.0,0.0
l2-n8192-uniform-w1,main,2,8192,uniform,1,accept_static_degree,accept_static_degree,,greedy,native,rate_ratio,5,0.7277406940657628,0.7026921966251897,3.854874316807779,0.7112777417213456,1.249021222720166,0.5377434809988204
l2-n8192-uniform-w1,main,2,8192,uniform,1,accept_static_degree,accept_static_degree,,greedy,accept_id,commit_delta,5,397,366,429,389.0,407.0,18.0
l2-n8192-uniform-w1,main,2,8192,uniform,1,accept_static_degree,accept_static_degree,,greedy,accept_id,batch_delta_ms,5,2.186097000000002,-37.81664599999999,2.399923000000001,2.042719,2.3014519999999994,0.25873299999999944
l2-n8192-uniform-w1,main,2,8192,uniform,1,accept_static_degree,accept_static_degree,,greedy,accept_id,selector_delta_ms,5,2.0260610000000003,1.9293050000000003,2.3589710000000004,1.9945440000000012,2.2285319999999995,0.2339879999999983
l2-n8192-uniform-w1,main,2,8192,uniform,1,accept_static_degree,accept_static_degree,,greedy,accept_id,batch_speedup,5,0.8708959382983197,0.85794187517177,2.834996298626862,0.8644736956005707,0.8795147912841881,0.015041095683617334
l2-n8192-uniform-w1,main,2,8192,uniform,1,accept_static_degree,accept_static_degree,,greedy,accept_id,selector_speedup,5,0.785685816996332,0.7801551628126618,0.7942393148457213,0.7809688113935435,0.7895014373066029,0.008532625913059477
l2-n8192-uniform-w1,main,2,8192,uniform,1,accept_static_degree,accept_static_degree,,greedy,accept_id,rate_ratio,5,0.9850391102334797,0.9649439237281535,3.1694929605611954,0.9822830798878732,0.9959253669152475,0.013642287027374245
l2-n8192-uniform-w1,main,2,8192,uniform,1,native,native,,native,accept_id,commit_delta,5,-706,-737,-691,-724.0,-694.0,30.0
l2-n8192-uniform-w1,main,2,8192,uniform,1,native,native,,native,accept_id,batch_delta_ms,5,-6.323129,-6.406727999999999,-4.248819999999995,-6.387278,-6.203093000000001,0.18418499999999938
l2-n8192-uniform-w1,main,2,8192,uniform,1,native,native,,native,accept_id,selector_delta_ms,5,-7.212418,-8.738792,-7.111666,-8.643458,-7.189807,1.4536510000000007
l2-n8192-uniform-w1,main,2,8192,uniform,1,native,native,,native,accept_id,batch_speedup,5,1.750644231452978,1.0784256700436725,1.770214228892593,1.3795771772562542,1.764479233739689,0.3849020564834349
l2-n8192-uniform-w1,main,2,8192,uniform,1,native,native,,native,accept_id,selector_speedup,0,,,,,,
l2-n8192-uniform-w1,main,2,8192,uniform,1,native,native,,native,accept_id,rate_ratio,5,1.3535578239142223,0.8222039682958724,1.3662520505825637,1.067303535979447,1.3609228513176816,0.2936193153382347
l2-n8192-uniform-w1,main,2,8192,uniform,1,native,native,,native,accept_static_degree,commit_delta,5,-1101,-1153,-1088,-1103.0,-1095.0,8.0
l2-n8192-uniform-w1,main,2,8192,uniform,1,native,native,,native,accept_static_degree,batch_delta_ms,5,-8.664120999999998,-8.773215999999998,33.567826,-8.68873,-8.603016000000002,0.08571399999999763
l2-n8192-uniform-w1,main,2,8192,uniform,1,native,native,,native,accept_static_degree,selector_delta_ms,5,-9.215868,-11.007069,-9.165407,-11.002719,-9.170379,1.8323400000000003
l2-n8192-uniform-w1,main,2,8192,uniform,1,native,native,,native,accept_static_degree,batch_speedup,5,2.0477363717386248,0.380397558390468,2.0647603801663674,1.1639449624802831,2.0560333411299614,0.8920883786496783
l2-n8192-uniform-w1,main,2,8192,uniform,1,native,native,,native,accept_static_degree,selector_speedup,0,,,,,,
l2-n8192-uniform-w1,main,2,8192,uniform,1,native,native,,native,accept_static_degree,rate_ratio,5,1.3741158192118832,0.2594118297553472,1.423098199756147,0.8006269083420071,1.405920558655364,0.6052936503133569
l2-n8192-uniform-w1,main,2,8192,uniform,1,eas_k1_graph,eas,1,graph,native,commit_delta,5,983,972,1050,980.0,990.0,10.0
l2-n8192-uniform-w1,main,2,8192,uniform,1,eas_k1_graph,eas,1,graph,native,batch_delta_ms,5,33.11603100000001,30.193472999999997,35.392483,33.02649,33.175639000000004,0.1491490000000013
l2-n8192-uniform-w1,main,2,8192,uniform,1,eas_k1_graph,eas,1,graph,native,selector_delta_ms,5,33.763876,33.651646,67.113464,33.714766,58.636927,24.922161000000003
l2-n8192-uniform-w1,main,2,8192,uniform,1,eas_k1_graph,eas,1,graph,native,batch_speedup,5,0.20322277684636314,0.19972375372594817,0.6540814099481801,0.20123033808370672,0.40208581970625185,0.20085548162254513
l2-n8192-uniform-w1,main,2,8192,uniform,1,eas_k1_graph,eas,1,graph,native,selector_speedup,5,0.0,0.0,0.0,0.0,0.0,0.0
l2-n8192-uniform-w1,main,2,8192,uniform,1,eas_k1_graph,eas,1,graph,native,rate_ratio,5,0.28888614378186833,0.2843086338986236,0.9278829303913884,0.2850845833503197,0.5653863183860565,0.28030173503573674
l2-n8192-uniform-w1,main,2,8192,uniform,1,eas_k1_graph,eas,1,graph,accept_id,commit_delta,5,281,253,326,274.0,289.0,15.0
l2-n8192-uniform-w1,main,2,8192,uniform,1,eas_k1_graph,eas,1,graph,accept_id,batch_delta_ms,5,26.694843,15.603593000000004,53.76478900000001,26.554408000000002,26.841508999999995,0.2871009999999927
l2-n8192-uniform-w1,main,2,8192,uniform,1,eas_k1_graph,eas,1,graph,accept_id,selector_delta_ms,5,26.559022,26.439228,58.31217699999999,26.524958999999996,50.034636,23.509677000000003
l2-n8192-uniform-w1,main,2,8192,uniform,1,eas_k1_graph,eas,1,graph,accept_id,batch_speedup,5,0.35640826523744434,0.3530736200192697,0.789222687324949,0.3535538306935135,0.35826861592155246,0.004714785228038976
l2-n8192-uniform-w1,main,2,8192,uniform,1,eas_k1_graph,eas,1,graph,accept_id,selector_speedup,5,0.21121237558317787,0.1311404072363185,0.21389391667495064,0.14670432848569978,0.2132539493229762,0.06654962083727642
l2-n8192-uniform-w1,main,2,8192,uniform,1,eas_k1_graph,eas,1,graph,accept_id,rate_ratio,5,0.39102410013635686,0.3840906677545281,0.8535919135966534,0.38867331759918294,0.3919400403132716,0.0032667227140886768
l2-n8192-uniform-w1,main,2,8192,uniform,1,eas_k1_graph,eas,1,graph,accept_static_degree,commit_delta,5,-115,-118,-103,-116.0,-113.0,3.0
l2-n8192-uniform-w1,main,2,8192,uniform,1,eas_k1_graph,eas,1,graph,accept_static_degree,batch_delta_ms,5,24.530330999999997,24.476087,66.630172,24.517264,26.243918000000008,1.726654000000007
l2-n8192-uniform-w1,main,2,8192,uniform,1,eas_k1_graph,eas,1,graph,accept_static_degree,selector_delta_ms,5,24.564477999999998,24.498897999999997,56.08364499999999,24.522264999999997,47.703516,23.181251000000003
l2-n8192-uniform-w1,main,2,8192,uniform,1,eas_k1_graph,eas,1,graph,accept_static_degree,batch_speedup,5,0.40851124266476313,0.2783857910880558,0.4115355949359392,0.4079981020016418,0.40904323656460584,0.0010451345629640119
l2-n8192-uniform-w1,main,2,8192,uniform,1,eas_k1_graph,eas,1,graph,accept_static_degree,selector_speedup,5,0.27129077133403817,0.16434584571584623,0.27334812289665605,0.18645948141177315,0.27135414086763576,0.08489465945586261
l2-n8192-uniform-w1,main,2,8192,uniform,1,eas_k1_graph,eas,1,graph,accept_static_degree,rate_ratio,5,0.394975880154749,0.26931497378858826,0.39804454778113624,0.3941716298491461,0.39702285043939556,0.002851220590249448
l2-n8192-uniform-w1,main,2,8192,uniform,1,eas_k1_profile,eas,1,profile,native,commit_delta,5,983,972,1050,980.0,990.0,10.0
l2-n8192-uniform-w1,main,2,8192,uniform,1,eas_k1_profile,eas,1,profile,native,batch_delta_ms,5,28.491933000000003,28.073109000000002,50.140645000000006,28.337239,30.709191999999994,2.371952999999994
l2-n8192-uniform-w1,main,2,8192,uniform,1,eas_k1_profile,eas,1,profile,native,selector_delta_ms,5,28.967925,28.737209,50.117078,28.870064,49.826754,20.956690000000002
l2-n8192-uniform-w1,main,2,8192,uniform,1,eas_k1_profile,eas,1,profile,native,batch_speedup,5,0.23080443520501243,0.22528624125576358,0.5324100393760889,0.2282187713467394,0.4050135794289502,0.17679480808221082
l2-n8192-uniform-w1,main,2,8192,uniform,1,eas_k1_profile,eas,1,profile,native,selector_speedup,5,0.0,0.0,0.0,0.0,0.0,0.0
l2-n8192-uniform-w1,main,2,8192,uniform,1,eas_k1_profile,eas,1,profile,native,rate_ratio,5,0.3301021514122096,0.318296058623857,0.755279358184227,0.3237766320631095,0.5695031392465993,0.24572650718348982
l2-n8192-uniform-w1,main,2,8192,uniform,1,eas_k1_profile,eas,1,profile,accept_id,commit_delta,5,281,253,326,274.0,289.0,15.0
l2-n8192-uniform-w1,main,2,8192,uniform,1,eas_k1_profile,eas,1,profile,accept_id,batch_delta_ms,5,21.889376000000002,21.559522,28.410547000000008,21.74998,22.107697,0.35771700000000095
l2-n8192-uniform-w1,main,2,8192,uniform,1,eas_k1_profile,eas,1,profile,accept_id,selector_delta_ms,5,21.886191,21.464242,41.378286,21.547401999999998,41.178656000000004,19.631254000000006
l2-n8192-uniform-w1,main,2,8192,uniform,1,eas_k1_profile,eas,1,profile,accept_id,batch_speedup,5,0.405084854689168,0.39599303038313083,0.735055531235512,0.40405645308541766,0.4055481078727662,0.0014916547873485286
l2-n8192-uniform-w1,main,2,8192,uniform,1,eas_k1_profile,eas,1,profile,accept_id,selector_speedup,5,0.24730310540111325,0.17356334309876978,0.25019155478877575,0.17436754792448195,0.24886929227235755,0.0745017443478756
l2-n8192-uniform-w1,main,2,8192,uniform,1,eas_k1_profile,eas,1,profile,accept_id,rate_ratio,5,0.44366303573551297,0.43078049121218454,0.7950068688884381,0.44063501729736293,0.44801647452935617,0.007381457231993238
l2-n8192-uniform-w1,main,2,8192,uniform,1,eas_k1_profile,eas,1,profile,accept_static_degree,commit_delta,5,-115,-118,-103,-116.0,-113.0,3.0
l2-n8192-uniform-w1,main,2,8192,uniform,1,eas_k1_profile,eas,1,profile,accept_static_degree,batch_delta_ms,5,19.644503000000004,19.349426,85.65412699999999,19.563883,58.596016999999996,39.032134
l2-n8192-uniform-w1,main,2,8192,uniform,1,eas_k1_profile,eas,1,profile,accept_static_degree,selector_delta_ms,5,19.792825999999998,19.521341,39.114359,19.560693,38.819685,19.258992
l2-n8192-uniform-w1,main,2,8192,uniform,1,eas_k1_profile,eas,1,profile,accept_static_degree,batch_speedup,5,0.4632445457148385,0.1939398205550876,0.46859130214221933,0.4615616067275518,0.46395491736351485,0.002393310635963042
l2-n8192-uniform-w1,main,2,8192,uniform,1,eas_k1_profile,eas,1,profile,accept_static_degree,selector_speedup,5,0.3165043599172643,0.2195403131842603,0.3206946088605891,0.220906804404718,0.3186673893267014,0.09776058492198342
l2-n8192-uniform-w1,main,2,8192,uniform,1,eas_k1_profile,eas,1,profile,accept_static_degree,rate_ratio,5,0.44754585059765767,0.1876205588124799,0.454821001394721,0.44643059624420733,0.4485825179312475,0.002151921687040148
l2-n8192-uniform-w1,main,2,8192,uniform,1,eas_k1_profile,eas,1,profile,eas_k1_graph,commit_delta,5,0,0,0,0.0,0.0,0.0
l2-n8192-uniform-w1,main,2,8192,uniform,1,eas_k1_profile,eas,1,profile,eas_k1_graph,batch_delta_ms,5,-4.521820999999996,-4.842903,19.94717200000001,-4.792845999999997,-4.449283000000001,0.34356299999999607
l2-n8192-uniform-w1,main,2,8192,uniform,1,eas_k1_profile,eas,1,profile,eas_k1_graph,selector_delta_ms,5,-4.893812000000004,-8.596392999999992,-4.487362000000001,-6.859130999999998,-4.883140000000001,1.975990999999997
l2-n8192-uniform-w1,main,2,8192,uniform,1,eas_k1_profile,eas,1,profile,eas_k1_graph,batch_speedup,5,1.1227995283790027,0.813981304587558,1.1314940612122952,1.121559380056541,1.1308603330302898,0.009300952973748666
l2-n8192-uniform-w1,main,2,8192,uniform,1,eas_k1_profile,eas,1,profile,eas_k1_graph,selector_speedup,5,1.158978700547556,1.1324724405032613,1.1695116436181092,1.1538649808786665,1.1684162822111048,0.014551301332438316
l2-n8192-uniform-w1,main,2,8192,uniform,1,eas_k1_profile,eas,1,profile,eas_k1_graph,rate_ratio,5,1.1227995283784358,0.8139813045872546,1.1314940612120477,1.1215593800563148,1.1308603330309415,0.00930095297462663
l2-n8192-uniform-w1,main,2,8192,uniform,1,eas_k1_lazy,eas,1,lazy,native,commit_delta,5,983,972,1050,980.0,990.0,10.0
l2-n8192-uniform-w1,main,2,8192,uniform,1,eas_k1_lazy,eas,1,lazy,native,batch_delta_ms,5,21.170141,20.869321,29.940258,21.118105,29.544888,8.426783
l2-n8192-uniform-w1,main,2,8192,uniform,1,eas_k1_lazy,eas,1,lazy,native,selector_delta_ms,5,21.973773,21.512088,41.81791,21.696634,41.758988,20.062354000000003
l2-n8192-uniform-w1,main,2,8192,uniform,1,eas_k1_lazy,eas,1,lazy,native,batch_speedup,5,0.2844472840321056,0.28178358796253783,0.6559844318785243,0.28437033856865296,0.5318027549009653,0.24743241633231233
l2-n8192-uniform-w1,main,2,8192,uniform,1,eas_k1_lazy,eas,1,lazy,native,selector_speedup,5,0.0,0.0,0.0,0.0,0.0,0.0
l2-n8192-uniform-w1,main,2,8192,uniform,1,eas_k1_lazy,eas,1,lazy,native,rate_ratio,5,0.41132138257187995,0.3981184333906005,0.9305825661526389,0.3990277896599053,0.7477856391952827,0.3487578495353774
l2-n8192-uniform-w1,main,2,8192,uniform,1,eas_k1_lazy,eas,1,lazy,accept_id,commit_delta,5,281,253,326,274.0,289.0,15.0
l2-n8192-uniform-w1,main,2,8192,uniform,1,eas_k1_lazy,eas,1,lazy,accept_id,batch_delta_ms,5,14.847012000000001,14.482042999999999,31.007564000000002,14.719494000000001,24.313822000000002,9.594328
l2-n8192-uniform-w1,main,2,8192,uniform,1,eas_k1_lazy,eas,1,lazy,accept_id,selector_delta_ms,5,14.737671000000002,14.400421999999999,33.110890000000005,14.506827,33.079117999999994,18.572290999999993
l2-n8192-uniform-w1,main,2,8192,uniform,1,eas_k1_lazy,eas,1,lazy,accept_id,batch_speedup,5,0.5033964196092336,0.49573241364100834,0.6392387710034271,0.49830572299334613,0.5036070326463112,0.005301309652965103
l2-n8192-uniform-w1,main,2,8192,uniform,1,eas_k1_lazy,eas,1,lazy,accept_id,selector_speedup,5,0.3278442155668067,0.20709548804199945,0.3313789134296131,0.2090575176838579,0.33058929472583043,0.12153177704197252
l2-n8192-uniform-w1,main,2,8192,uniform,1,eas_k1_lazy,eas,1,lazy,accept_id,rate_ratio,5,0.5509379049857334,0.5392818465817598,0.6913752665109181,0.5434165181463327,0.5567472755233832,0.013330757377050473
l2-n8192-uniform-w1,main,2,8192,uniform,1,eas_k1_lazy,eas,1,lazy,accept_static_degree,commit_delta,5,-115,-118,-103,-116.0,-113.0,3.0
l2-n8192-uniform-w1,main,2,8192,uniform,1,eas_k1_lazy,eas,1,lazy,accept_static_degree,batch_delta_ms,5,12.5871,12.180591,66.376957,12.235063,20.39632300000001,8.16126000000001
l2-n8192-uniform-w1,main,2,8192,uniform,1,eas_k1_lazy,eas,1,lazy,accept_static_degree,selector_delta_ms,5,12.808366000000001,12.395868,30.815191,12.427093,30.751919,18.324826
l2-n8192-uniform-w1,main,2,8192,uniform,1,eas_k1_lazy,eas,1,lazy,accept_static_degree,batch_speedup,5,0.5778158497529414,0.2373243219036467,0.5823154853306577,0.5739138070395636,0.5815135625092833,0.007599755469719693
l2-n8192-uniform-w1,main,2,8192,uniform,1,eas_k1_lazy,eas,1,lazy,accept_static_degree,selector_speedup,5,0.41710665710435796,0.2631102080424393,0.42521904715271047,0.2635856261650785,0.4247602646567205,0.16117463849164199
l2-n8192-uniform-w1,main,2,8192,uniform,1,eas_k1_lazy,eas,1,lazy,accept_static_degree,rate_ratio,5,0.558873768019796,0.22959143598149598,0.5652032185721232,0.5544646889387459,0.562246046585043,0.00778135764629706
l2-n8192-uniform-w1,main,2,8192,uniform,1,eas_k1_lazy,eas,1,lazy,eas_k1_graph,commit_delta,5,0,0,0,0.0,0.0,0.0
l2-n8192-uniform-w1,main,2,8192,uniform,1,eas_k1_lazy,eas,1,lazy,eas_k1_graph,batch_delta_ms,5,-11.813404000000002,-12.329335999999998,-0.2532149999999973,-11.856349000000002,-11.770346000000004,0.08600299999999805
l2-n8192-uniform-w1,main,2,8192,uniform,1,eas_k1_lazy,eas,1,lazy,eas_k1_graph,selector_delta_ms,5,-12.228627,-25.013628999999995,-11.652117999999998,-16.810136999999997,-12.018131999999998,4.792005
l2-n8192-uniform-w1,main,2,8192,uniform,1,eas_k1_lazy,eas,1,lazy,eas_k1_graph,batch_speedup,5,1.4003037049280462,1.0029094572959885,1.4225242864309657,1.3226100718734113,1.4006370062537543,0.07802693438034303
l2-n8192-uniform-w1,main,2,8192,uniform,1,eas_k1_lazy,eas,1,lazy,eas_k1_graph,selector_speedup,5,1.5539168886749897,1.4018988069608018,1.5941502858621655,1.5354015381066102,1.5670261960738927,0.03162465796728253
l2-n8192-uniform-w1,main,2,8192,uniform,1,eas_k1_lazy,eas,1,lazy,eas_k1_graph,rate_ratio,5,1.4003037049256768,1.0029094572955575,1.4225242864312582,1.3226100718706826,1.4006370062517877,0.07802693438110508
l2-n8192-uniform-w1,main,2,8192,uniform,1,accept_id,accept_id,,greedy,native,commit_delta,5,706,691,737,694.0,724.0,30.0
l2-n8192-uniform-w1,main,2,8192,uniform,1,accept_id,accept_id,,greedy,native,batch_delta_ms,5,6.323129,4.248819999999995,6.406727999999999,6.203093000000001,6.387278,0.18418499999999938
l2-n8192-uniform-w1,main,2,8192,uniform,1,accept_id,accept_id,,greedy,native,selector_delta_ms,5,7.212418,7.111666,8.738792,7.189807,8.643458,1.4536510000000007
l2-n8192-uniform-w1,main,2,8192,uniform,1,accept_id,accept_id,,greedy,native,batch_speedup,5,0.5712182875500823,0.5649033793077,0.9272776305106902,0.566739455403264,0.7248597733320227,0.1581203179287587
l2-n8192-uniform-w1,main,2,8192,uniform,1,accept_id,accept_id,,greedy,native,selector_speedup,5,0.0,0.0,0.0,0.0,0.0,0.0
l2-n8192-uniform-w1,main,2,8192,uniform,1,accept_id,accept_id,,greedy,native,rate_ratio,5,0.7387937052502103,0.7319293680647027,1.2162432176928477,0.7347955095557205,0.9369405855873197,0.20214507603159926
l2-n8192-uniform-w1,main,2,8192,uniform,1,accept_id,accept_id,,greedy,accept_static_degree,commit_delta,5,-397,-429,-366,-407.0,-389.0,18.0
l2-n8192-uniform-w1,main,2,8192,uniform,1,accept_id,accept_id,,greedy,accept_static_degree,batch_delta_ms,5,-2.186097000000002,-2.399923000000001,37.81664599999999,-2.3014519999999994,-2.042719,0.25873299999999944
l2-n8192-uniform-w1,main,2,8192,uniform,1,accept_id,accept_id,,greedy,accept_static_degree,selector_delta_ms,5,-2.0260610000000003,-2.3589710000000004,-1.9293050000000003,-2.2285319999999995,-1.9945440000000012,0.2339879999999983
l2-n8192-uniform-w1,main,2,8192,uniform,1,accept_id,accept_id,,greedy,accept_static_degree,batch_speedup,5,1.1482428106783253,0.3527341465963651,1.1655801272082544,1.1369905428649931,1.1567731963264376,0.019782653461444477
l2-n8192-uniform-w1,main,2,8192,uniform,1,accept_id,accept_id,,greedy,accept_static_degree,selector_speedup,5,1.272773389015712,1.259066356082168,1.2817962985654552,1.2666221399311397,1.2804608652881058,0.013838725356966064
l2-n8192-uniform-w1,main,2,8192,uniform,1,accept_id,accept_id,,greedy,accept_static_degree,rate_ratio,5,1.0151881175184752,0.31550787852923273,1.0363296512987035,1.004091303645948,1.018036470824835,0.013945167178887052
l2-n8192-uniform-w1,main,2,8192,uniform,1,eas_k1_adaptive,eas,1,adaptive,native,commit_delta,5,983,972,1050,980.0,990.0,10.0
l2-n8192-uniform-w1,main,2,8192,uniform,1,eas_k1_adaptive,eas,1,adaptive,native,batch_delta_ms,5,21.234246,21.123528,43.713176000000004,21.159772000000004,21.244567,0.08479499999999618
l2-n8192-uniform-w1,main,2,8192,uniform,1,eas_k1_adaptive,eas,1,adaptive,native,selector_delta_ms,5,21.804948,21.747001,41.626117,21.785811,25.242359,3.4565480000000015
l2-n8192-uniform-w1,main,2,8192,uniform,1,eas_k1_adaptive,eas,1,adaptive,native,batch_speedup,5,0.28429622349139305,0.2805768519758312,0.5663573848549966,0.282170569275958,0.5386976255541979,0.25652705627823985
l2-n8192-uniform-w1,main,2,8192,uniform,1,eas_k1_adaptive,eas,1,adaptive,native,selector_speedup,5,0.0,0.0,0.0,0.0,0.0,0.0
l2-n8192-uniform-w1,main,2,8192,uniform,1,eas_k1_adaptive,eas,1,adaptive,native,rate_ratio,5,0.40813957341696794,0.3964134943496744,0.8034372203758551,0.39881587920398115,0.757480747412679,0.35866486820869786
l2-n8192-uniform-w1,main,2,8192,uniform,1,eas_k1_adaptive,eas,1,adaptive,accept_id,commit_delta,5,281,253,326,274.0,289.0,15.0
l2-n8192-uniform-w1,main,2,8192,uniform,1,eas_k1_adaptive,eas,1,adaptive,accept_id,batch_delta_ms,5,14.882937,14.519607,21.983078000000006,14.709387999999999,16.703927999999998,1.9945399999999989
l2-n8192-uniform-w1,main,2,8192,uniform,1,eas_k1_adaptive,eas,1,adaptive,accept_id,selector_delta_ms,5,14.674145,14.557194,33.023826,14.59253,16.441072,1.8485419999999984
l2-n8192-uniform-w1,main,2,8192,uniform,1,eas_k1_adaptive,eas,1,adaptive,accept_id,batch_speedup,5,0.5070248316479883,0.4977015436790738,0.7819238887410837,0.49950235670702403,0.5165891046979789,0.017086747990954887
l2-n8192-uniform-w1,main,2,8192,uniform,1,eas_k1_adaptive,eas,1,adaptive,accept_id,selector_speedup,5,0.32643567870849516,0.20665610006333282,0.33076978674748503,0.32426902935551466,0.3306114254558594,0.00634239610034476
l2-n8192-uniform-w1,main,2,8192,uniform,1,eas_k1_adaptive,eas,1,adaptive,accept_id,rate_ratio,5,0.5546769215174505,0.5427576434770501,0.8456978229287687,0.5524405128475501,0.5619707701942124,0.009530257346662241
l2-n8192-uniform-w1,main,2,8192,uniform,1,eas_k1_adaptive,eas,1,adaptive,accept_static_degree,commit_delta,5,-115,-118,-103,-116.0,-113.0,3.0
l2-n8192-uniform-w1,main,2,8192,uniform,1,eas_k1_adaptive,eas,1,adaptive,accept_static_degree,batch_delta_ms,5,12.491507000000002,12.312189,80.14987500000001,12.364671000000001,12.520512,0.15584099999999879
l2-n8192-uniform-w1,main,2,8192,uniform,1,eas_k1_adaptive,eas,1,adaptive,accept_static_degree,selector_delta_ms,5,12.647097,12.493342000000002,30.692706,12.613378999999998,14.21254,1.5991610000000023
l2-n8192-uniform-w1,main,2,8192,uniform,1,eas_k1_adaptive,eas,1,adaptive,accept_static_degree,batch_speedup,5,0.5778109377405726,0.20489873811628043,0.5794445186804106,0.5743416427490109,0.5782678452105966,0.003926202461585704
l2-n8192-uniform-w1,main,2,8192,uniform,1,eas_k1_adaptive,eas,1,adaptive,accept_static_degree,selector_speedup,5,0.4209732315241475,0.2626574801584303,0.4237765014127695,0.4197368161126167,0.42228003492904786,0.0025432188164311587
l2-n8192-uniform-w1,main,2,8192,uniform,1,eas_k1_adaptive,eas,1,adaptive,accept_static_degree,rate_ratio,5,0.5586711749829822,0.19822239514942488,0.5608310442786454,0.5555134532044982,0.5602455571911449,0.004732103986646696
l2-n8192-uniform-w1,main,2,8192,uniform,1,eas_k1_adaptive,eas,1,adaptive,eas_k1_graph,commit_delta,5,0,0,0,0.0,0.0,0.0
l2-n8192-uniform-w1,main,2,8192,uniform,1,eas_k1_adaptive,eas,1,adaptive,eas_k1_graph,batch_delta_ms,5,-11.891589999999997,-30.619397000000006,13.519703000000007,-11.895838999999999,-11.820424000000003,0.07541499999999601
l2-n8192-uniform-w1,main,2,8192,uniform,1,eas_k1_adaptive,eas,1,adaptive,eas_k1_graph,selector_delta_ms,5,-11.967764999999996,-25.996981999999996,-11.846698,-17.01081,-11.898716000000004,5.1120939999999955
l2-n8192-uniform-w1,main,2,8192,uniform,1,eas_k1_adaptive,eas,1,adaptive,eas_k1_graph,batch_speedup,5,1.3989387799100963,0.8658821000582582,1.40374774484069,1.39560623629267,1.4017008017916044,0.00609456549893439
l2-n8192-uniform-w1,main,2,8192,uniform,1,eas_k1_adaptive,eas,1,adaptive,eas_k1_graph,selector_speedup,5,1.5455329158964979,1.4086571418612022,1.622003765090905,1.5433031988886192,1.5503179495876234,0.007014750699004146
l2-n8192-uniform-w1,main,2,8192,uniform,1,eas_k1_adaptive,eas,1,adaptive,eas_k1_graph,rate_ratio,5,1.3989387799125754,0.8658821000586344,1.4037477448391016,1.3956062362897779,1.401700801785205,0.0060945654954271955
l2-n8192-zipf-w1,main,2,8192,zipf,1,eas_k1_graph,eas,1,graph,native,commit_delta,5,494,479,518,479.0,505.0,26.0
l2-n8192-zipf-w1,main,2,8192,zipf,1,eas_k1_graph,eas,1,graph,native,batch_delta_ms,5,646.7544270000001,637.863542,657.5649990000001,639.940889,652.565615,12.62472600000001
l2-n8192-zipf-w1,main,2,8192,zipf,1,eas_k1_graph,eas,1,graph,native,selector_delta_ms,5,646.61406,637.783135,657.282696,639.897012,652.557556,12.660543999999959
l2-n8192-zipf-w1,main,2,8192,zipf,1,eas_k1_graph,eas,1,graph,native,batch_speedup,5,0.010427690469451405,0.010062346792769815,0.010728599536227436,0.010396619419223915,0.010589794483802447,0.00019317506457853205
l2-n8192-zipf-w1,main,2,8192,zipf,1,eas_k1_graph,eas,1,graph,native,selector_speedup,5,0.0,0.0,0.0,0.0,0.0,0.0
l2-n8192-zipf-w1,main,2,8192,zipf,1,eas_k1_graph,eas,1,graph,native,rate_ratio,5,0.020215764237302977,0.019054630587086684,0.020851394727093023,0.01925779504519001,0.020669483260268604,0.001411688215078595
l2-n8192-zipf-w1,main,2,8192,zipf,1,eas_k1_graph,eas,1,graph,accept_id,commit_delta,5,91,85,107,89.0,105.0,16.0
l2-n8192-zipf-w1,main,2,8192,zipf,1,eas_k1_graph,eas,1,graph,accept_id,batch_delta_ms,5,640.844204,631.945168,651.531661,633.923804,646.634577,12.710773000000017
l2-n8192-zipf-w1,main,2,8192,zipf,1,eas_k1_graph,eas,1,graph,accept_id,selector_delta_ms,5,640.049962,631.231607,650.797591,633.31128,646.0034079999999,12.692127999999911
l2-n8192-zipf-w1,main,2,8192,zipf,1,eas_k1_graph,eas,1,graph,accept_id,batch_speedup,5,0.019470679245082265,0.018923034597356878,0.020195524882777302,0.019414958921657583,0.019738692306959793,0.00032373338530220994
l2-n8192-zipf-w1,main,2,8192,zipf,1,eas_k1_graph,eas,1,graph,accept_id,selector_speedup,5,0.010151492839484499,0.009867286345255261,0.010298803588390332,0.01003047483824285,0.010253806322169282,0.00022333148392643214
l2-n8192-zipf-w1,main,2,8192,zipf,1,eas_k1_graph,eas,1,graph,accept_id,rate_ratio,5,0.021546654425605764,0.020786666792575285,0.0224464844269507,0.021287126260672858,0.021592919057062652,0.00030579279638979356
l2-n8192-zipf-w1,main,2,8192,zipf,1,eas_k1_graph,eas,1,graph,accept_static_degree,commit_delta,5,-1,-2,1,-2.0,-1.0,1.0
l2-n8192-zipf-w1,main,2,8192,zipf,1,eas_k1_graph,eas,1,graph,accept_static_degree,batch_delta_ms,5,638.504664,629.951142,649.2158340000001,632.008457,644.5189750000001,12.510518000000047
l2-n8192-zipf-w1,main,2,8192,zipf,1,eas_k1_graph,eas,1,graph,accept_static_degree,selector_delta_ms,5,637.975221,629.258858,648.64405,631.278154,643.9438769999999,12.665722999999957
l2-n8192-zipf-w1,main,2,8192,zipf,1,eas_k1_graph,eas,1,graph,accept_static_degree,batch_speedup,5,0.022808071397716873,0.0224013907895363,0.02294048190878479,0.022489420692712196,0.022831787457161055,0.0003423667644488586
l2-n8192-zipf-w1,main,2,8192,zipf,1,eas_k1_graph,eas,1,graph,accept_static_degree,selector_speedup,5,0.013321837177546644,0.013142968851259701,0.013454029138875277,0.01317489958361508,0.013413713452188442,0.00023881386857336172
l2-n8192-zipf-w1,main,2,8192,zipf,1,eas_k1_graph,eas,1,graph,accept_static_degree,rate_ratio,5,0.022786224586047076,0.02242348289098372,0.02289756239158925,0.022467837755359824,0.022786798713405138,0.0003189609580453133
l2-n8192-zipf-w1,main,2,8192,zipf,1,eas_k2_adaptive,eas,2,adaptive,native,commit_delta,5,491,476,517,476.0,504.0,28.0
l2-n8192-zipf-w1,main,2,8192,zipf,1,eas_k2_adaptive,eas,2,adaptive,native,batch_delta_ms,5,57.184618,56.820985,59.20789200000001,56.8508,57.238539,0.3877390000000034
l2-n8192-zipf-w1,main,2,8192,zipf,1,eas_k2_adaptive,eas,2,adaptive,native,selector_delta_ms,5,57.255797,56.772611,59.29579,56.887953,57.313991,0.42603799999999836
l2-n8192-zipf-w1,main,2,8192,zipf,1,eas_k2_adaptive,eas,2,adaptive,native,batch_speedup,5,0.10657778744905343,0.10373394972448859,0.11010523820005423,0.10503629808730106,0.10758794965887343,0.0025516515715723748
l2-n8192-zipf-w1,main,2,8192,zipf,1,eas_k2_adaptive,eas,2,adaptive,native,selector_speedup,5,0.0,0.0,0.0,0.0,0.0,0.0
l2-n8192-zipf-w1,main,2,8192,zipf,1,eas_k2_adaptive,eas,2,adaptive,native,rate_ratio,5,0.20091222232898556,0.19831480161219522,0.21379268473871016,0.19871226289272628,0.20740571353271134,0.008693450639985056
l2-n8192-zipf-w1,main,2,8192,zipf,1,eas_k2_adaptive,eas,2,adaptive,accept_id,commit_delta,5,88,82,106,88.0,102.0,14.0
l2-n8192-zipf-w1,main,2,8192,zipf,1,eas_k2_adaptive,eas,2,adaptive,accept_id,batch_delta_ms,5,51.22145400000001,50.654149,53.291717000000006,50.90003,51.250025,0.34999499999999983
l2-n8192-zipf-w1,main,2,8192,zipf,1,eas_k2_adaptive,eas,2,adaptive,accept_id,selector_delta_ms,5,50.670065,50.245519,52.731691999999995,50.333805000000005,50.779483,0.4456779999999938
l2-n8192-zipf-w1,main,2,8192,zipf,1,eas_k2_adaptive,eas,2,adaptive,accept_id,batch_speedup,5,0.20021519906862262,0.19403000401520135,0.20229547826625094,0.19929672820772668,0.20099980765926156,0.001703079451534889
l2-n8192-zipf-w1,main,2,8192,zipf,1,eas_k2_adaptive,eas,2,adaptive,accept_id,selector_speedup,5,0.11496902969637947,0.11070839694574329,0.11521152817715201,0.11402799205979397,0.11502297313231008,0.0009949810725161101
l2-n8192-zipf-w1,main,2,8192,zipf,1,eas_k2_adaptive,eas,2,adaptive,accept_id,rate_ratio,5,0.219283313265987,0.21192794987843094,0.22463227065832878,0.21690699945000033,0.22290363285237208,0.005996633402371748
l2-n8192-zipf-w1,main,2,8192,zipf,1,eas_k2_adaptive,eas,2,adaptive,accept_static_degree,commit_delta,5,-3,-5,-2,-4.0,-2.0,2.0
l2-n8192-zipf-w1,main,2,8192,zipf,1,eas_k2_adaptive,eas,2,adaptive,accept_static_degree,batch_delta_ms,5,49.305781,48.474532999999994,50.95812900000001,48.87235,49.306107000000004,0.43375700000000705
l2-n8192-zipf-w1,main,2,8192,zipf,1,eas_k2_adaptive,eas,2,adaptive,accept_static_degree,selector_delta_ms,5,48.636939,48.042169,50.65695099999999,48.274274000000005,48.765749,0.4914749999999941
l2-n8192-zipf-w1,main,2,8192,zipf,1,eas_k2_adaptive,eas,2,adaptive,accept_static_degree,batch_speedup,5,0.23113236027849957,0.22817743798028065,0.23649779210674915,0.22967256767243907,0.2328291938110078,0.0031566261385687355
l2-n8192-zipf-w1,main,2,8192,zipf,1,eas_k2_adaptive,eas,2,adaptive,accept_static_degree,selector_speedup,5,0.150532495425747,0.14569059624637773,0.15317238976078543,0.14914756154391692,0.15121456426038843,0.0020670027164715055
l2-n8192-zipf-w1,main,2,8192,zipf,1,eas_k2_adaptive,eas,2,adaptive,accept_static_degree,rate_ratio,5,0.23048371941694598,0.2277403164508491,0.2360313270328889,0.2285411757131215,0.23193541571533424,0.0033942400022127506
l2-n8192-zipf-w1,main,2,8192,zipf,1,eas_k1_lazy,eas,1,lazy,native,commit_delta,5,494,479,518,479.0,505.0,26.0
l2-n8192-zipf-w1,main,2,8192,zipf,1,eas_k1_lazy,eas,1,lazy,native,batch_delta_ms,5,69.036954,68.57912499999999,71.127107,68.809123,69.36982,0.5606970000000047
l2-n8192-zipf-w1,main,2,8192,zipf,1,eas_k1_lazy,eas,1,lazy,native,selector_delta_ms,5,69.321508,68.64243,71.346792,68.956384,69.328321,0.3719370000000026
l2-n8192-zipf-w1,main,2,8192,zipf,1,eas_k1_lazy,eas,1,lazy,native,batch_speedup,5,0.0897449188971636,0.08764060356600163,0.09121208759116171,0.08905867613773462,0.09074366139882031,0.0016849852610856947
l2-n8192-zipf-w1,main,2,8192,zipf,1,eas_k1_lazy,eas,1,lazy,native,selector_speedup,5,0.0,0.0,0.0,0.0,0.0,0.0
l2-n8192-zipf-w1,main,2,8192,zipf,1,eas_k1_lazy,eas,1,lazy,native,rate_ratio,5,0.16990548237732797,0.1680856788540685,0.17727376586458626,0.16864656022415395,0.17516686482226523,0.006520304598111287
l2-n8192-zipf-w1,main,2,8192,zipf,1,eas_k1_lazy,eas,1,lazy,accept_id,commit_delta,5,91,85,107,89.0,105.0,16.0
l2-n8192-zipf-w1,main,2,8192,zipf,1,eas_k1_lazy,eas,1,lazy,accept_id,batch_delta_ms,5,63.174837000000004,62.75326899999999,65.22297599999999,62.863701999999996,63.35273500000001,0.4890330000000134
l2-n8192-zipf-w1,main,2,8192,zipf,1,eas_k1_lazy,eas,1,lazy,accept_id,selector_delta_ms,5,62.742589,62.144715000000005,64.82283199999999,62.414205,62.76998,0.3557749999999942
l2-n8192-zipf-w1,main,2,8192,zipf,1,eas_k1_lazy,eas,1,lazy,accept_id,batch_speedup,5,0.1671616975391097,0.16337388758143698,0.17049208602446395,0.16710732689171198,0.1702203283539796,0.003113001462267617
l2-n8192-zipf-w1,main,2,8192,zipf,1,eas_k1_lazy,eas,1,lazy,accept_id,selector_speedup,5,0.09466032889569906,0.09160577144540949,0.0949933866132428,0.09409875364260341,0.09487415987474053,0.0007754062321371213
l2-n8192-zipf-w1,main,2,8192,zipf,1,eas_k1_lazy,eas,1,lazy,accept_id,rate_ratio,5,0.1835648666607736,0.17861526703018668,0.1894948497791325,0.18247284440485398,0.18931555749668824,0.006842713091834263
l2-n8192-zipf-w1,main,2,8192,zipf,1,eas_k1_lazy,eas,1,lazy,accept_static_degree,commit_delta,5,-1,-2,1,-2.0,-1.0,1.0
l2-n8192-zipf-w1,main,2,8192,zipf,1,eas_k1_lazy,eas,1,lazy,accept_static_degree,batch_delta_ms,5,61.124554,60.59166599999999,63.060210999999995,60.762483,61.437388000000006,0.6749050000000025
l2-n8192-zipf-w1,main,2,8192,zipf,1,eas_k1_lazy,eas,1,lazy,accept_static_degree,selector_delta_ms,5,60.709463,60.111653000000004,62.725742,60.358685,60.797231,0.4385459999999952
l2-n8192-zipf-w1,main,2,8192,zipf,1,eas_k1_lazy,eas,1,lazy,accept_static_degree,batch_speedup,5,0.19436406428770775,0.19111603896724516,0.19695258603212407,0.19407023869209666,0.19665298509519516,0.002582746403098496
l2-n8192-zipf-w1,main,2,8192,zipf,1,eas_k1_lazy,eas,1,lazy,accept_static_degree,selector_speedup,5,0.12409490683057639,0.12083304320115754,0.12515680374991467,0.12296727589942216,0.12468314753859484,0.0017158716391726808
l2-n8192-zipf-w1,main,2,8192,zipf,1,eas_k1_lazy,eas,1,lazy,accept_static_degree,rate_ratio,5,0.1940004271240325,0.1909329776266011,0.1968469229499235,0.1936878342806951,0.19676357203365322,0.0030757377529581076
l2-n8192-zipf-w1,main,2,8192,zipf,1,eas_k1_lazy,eas,1,lazy,eas_k1_graph,commit_delta,5,0,0,0,0.0,0.0,0.0
l2-n8192-zipf-w1,main,2,8192,zipf,1,eas_k1_lazy,eas,1,lazy,eas_k1_graph,batch_delta_ms,5,-575.963398,-588.443467,-568.826588,-583.756492,-570.571069,13.185423000000014
l2-n8192-zipf-w1,main,2,8192,zipf,1,eas_k1_lazy,eas,1,lazy,eas_k1_graph,selector_delta_ms,5,-575.345092,-588.2601119999999,-568.461627,-583.625364,-570.5686910000001,13.056672999999932
l2-n8192-zipf-w1,main,2,8192,zipf,1,eas_k1_lazy,eas,1,lazy,eas_k1_graph,batch_speedup,5,8.500001984348698,8.407389439394624,8.830894750625944,8.48196777285157,8.715026084229622,0.233058311378052
l2-n8192-zipf-w1,main,2,8192,zipf,1,eas_k1_lazy,eas,1,lazy,eas_k1_graph,selector_speedup,5,9.223624057123933,9.072869695545473,9.589084893490686,9.20036440926819,9.463688641214132,0.26332423194594234
l2-n8192-zipf-w1,main,2,8192,zipf,1,eas_k1_lazy,eas,1,lazy,eas_k1_graph,rate_ratio,5,8.500001984339793,8.4073894393529,8.830894750587934,8.481967772903548,8.715026084230912,0.23305831132736365
l2-n8192-zipf-w1,main,2,8192,zipf,1,eas_k1_profile,eas,1,profile,native,commit_delta,5,494,479,518,479.0,505.0,26.0
l2-n8192-zipf-w1,main,2,8192,zipf,1,eas_k1_profile,eas,1,profile,native,batch_delta_ms,5,63.586200999999996,61.705845,64.292254,62.550825,63.733256999999995,1.1824319999999915
l2-n8192-zipf-w1,main,2,8192,zipf,1,eas_k1_profile,eas,1,profile,native,selector_delta_ms,5,63.631026,61.98285,64.541179,62.669397,63.718364,1.0489670000000046
l2-n8192-zipf-w1,main,2,8192,zipf,1,eas_k1_profile,eas,1,profile,native,batch_speedup,5,0.09729893837003294,0.09634162742088943,0.10000101868311673,0.09668564068467361,0.09742789614073576,0.0007422554560621436
l2-n8192-zipf-w1,main,2,8192,zipf,1,eas_k1_profile,eas,1,profile,native,selector_speedup,5,0.0,0.0,0.0,0.0,0.0,0.0
l2-n8192-zipf-w1,main,2,8192,zipf,1,eas_k1_profile,eas,1,profile,native,rate_ratio,5,0.1887139769045519,0.1804669748796849,0.19386814588513201,0.18243796983692953,0.18910376546536953,0.006665795628439997
l2-n8192-zipf-w1,main,2,8192,zipf,1,eas_k1_profile,eas,1,profile,accept_id,commit_delta,5,91,85,107,89.0,105.0,16.0
l2-n8192-zipf-w1,main,2,8192,zipf,1,eas_k1_profile,eas,1,profile,accept_id,batch_delta_ms,5,57.580662999999994,55.73536,58.34426199999999,56.383989,57.798663999999995,1.4146749999999955
l2-n8192-zipf-w1,main,2,8192,zipf,1,eas_k1_profile,eas,1,profile,accept_id,selector_delta_ms,5,57.097507,55.45889,57.931398,56.14230499999999,57.183856,1.0415510000000054
l2-n8192-zipf-w1,main,2,8192,zipf,1,eas_k1_profile,eas,1,profile,accept_id,batch_speedup,5,0.18329612864509284,0.18079876036396791,0.18641536593322264,0.18171456082523604,0.18362864880501245,0.0019140879797764077
l2-n8192-zipf-w1,main,2,8192,zipf,1,eas_k1_profile,eas,1,profile,accept_id,selector_speedup,5,0.1027749358760978,0.10241184159341124,0.10556989652117325,0.1025529782905286,0.10415118562573691,0.0015982073352083098
l2-n8192-zipf-w1,main,2,8192,zipf,1,eas_k1_profile,eas,1,profile,accept_id,rate_ratio,5,0.20209920707136958,0.1973589916470027,0.20380631726184223,0.20171328845966768,0.20372600964968265,0.002012721190014971
l2-n8192-zipf-w1,main,2,8192,zipf,1,eas_k1_profile,eas,1,profile,accept_static_degree,commit_delta,5,-1,-2,1,-2.0,-1.0,1.0
l2-n8192-zipf-w1,main,2,8192,zipf,1,eas_k1_profile,eas,1,profile,accept_static_degree,batch_delta_ms,5,55.67546800000001,53.724799999999995,56.563500999999995,54.204373000000004,55.85442,1.6500469999999936
l2-n8192-zipf-w1,main,2,8192,zipf,1,eas_k1_profile,eas,1,profile,accept_static_degree,selector_delta_ms,5,55.059444,53.3618,55.967236,53.93895499999999,55.170122,1.2311670000000063
l2-n8192-zipf-w1,main,2,8192,zipf,1,eas_k1_profile,eas,1,profile,accept_static_degree,batch_speedup,5,0.2103640888037717,0.20830292978788467,0.21807013879147652,0.20835522940198786,0.21515498975847466,0.0067997603564868
l2-n8192-zipf-w1,main,2,8192,zipf,1,eas_k1_profile,eas,1,profile,accept_static_degree,selector_speedup,5,0.13507023443509214,0.13294434197050298,0.13893780063811903,0.13415664595531673,0.1370364829416852,0.002879836986368456
l2-n8192-zipf-w1,main,2,8192,zipf,1,eas_k1_profile,eas,1,profile,accept_static_degree,rate_ratio,5,0.2101622038812739,0.2079132142972949,0.21786125934766135,0.20794467722540824,0.2153671741661755,0.00742249694076727
l2-n8192-zipf-w1,main,2,8192,zipf,1,eas_k1_profile,eas,1,profile,eas_k1_graph,commit_delta,5,0,0,0,0.0,0.0,0.0
l2-n8192-zipf-w1,main,2,8192,zipf,1,eas_k1_profile,eas,1,profile,eas_k1_graph,batch_delta_ms,5,-584.757145,-594.448654,-573.850911,-589.0157979999999,-575.167087,13.848710999999867
l2-n8192-zipf-w1,main,2,8192,zipf,1,eas_k1_profile,eas,1,profile,eas_k1_graph,selector_delta_ms,5,-584.436316,-594.243673,-573.8411150000001,-588.785704,-575.0664380000001,13.719265999999948
l2-n8192-zipf-w1,main,2,8192,zipf,1,eas_k1_profile,eas,1,profile,eas_k1_graph,batch_speedup,5,9.353913187810177,9.06911829838387,9.574468998635053,9.130077154241144,9.497832675875303,0.3677555216341588
l2-n8192-zipf-w1,main,2,8192,zipf,1,eas_k1_profile,eas,1,profile,eas_k1_graph,selector_speedup,5,10.236623718750032,9.92807845288499,10.46496250793669,10.00145458850764,10.412063488623193,0.4106089001155535
l2-n8192-zipf-w1,main,2,8192,zipf,1,eas_k1_profile,eas,1,profile,eas_k1_graph,rate_ratio,5,9.3539131878028,9.06911829833904,9.57446899865735,9.130077154241327,9.49783267587728,0.36775552163595293
l2-n8192-zipf-w1,main,2,8192,zipf,1,eas_k1_adaptive,eas,1,adaptive,native,commit_delta,5,494,479,518,479.0,505.0,26.0
l2-n8192-zipf-w1,main,2,8192,zipf,1,eas_k1_adaptive,eas,1,adaptive,native,batch_delta_ms,5,69.249808,68.562785,70.883804,69.195329,69.606479,0.41114999999999213
l2-n8192-zipf-w1,main,2,8192,zipf,1,eas_k1_adaptive,eas,1,adaptive,native,selector_delta_ms,5,69.283167,68.607572,71.366983,69.256627,69.621839,0.36521199999999965
l2-n8192-zipf-w1,main,2,8192,zipf,1,eas_k1_adaptive,eas,1,adaptive,native,batch_speedup,5,0.08970590166039617,0.0879149764147059,0.09053959286803251,0.08844056049048254,0.09021874478017528,0.0017781842896927302
l2-n8192-zipf-w1,main,2,8192,zipf,1,eas_k1_adaptive,eas,1,adaptive,native,selector_speedup,5,0.0,0.0,0.0,0.0,0.0,0.0
l2-n8192-zipf-w1,main,2,8192,zipf,1,eas_k1_adaptive,eas,1,adaptive,native,rate_ratio,5,0.1704373985142652,0.16711336889047612,0.1759667497093703,0.16747606137710858,0.17509070979158478,0.007614648414476205
l2-n8192-zipf-w1,main,2,8192,zipf,1,eas_k1_adaptive,eas,1,adaptive,accept_id,commit_delta,5,91,85,107,89.0,105.0,16.0
l2-n8192-zipf-w1,main,2,8192,zipf,1,eas_k1_adaptive,eas,1,adaptive,accept_id,batch_delta_ms,5,63.315215,62.529447000000005,64.97967299999999,63.203548000000005,63.58424899999999,0.38070099999998774
l2-n8192-zipf-w1,main,2,8192,zipf,1,eas_k1_adaptive,eas,1,adaptive,accept_id,selector_delta_ms,5,62.748659,62.12246700000001,64.793517,62.702479,63.036106999999994,0.33362799999999737
l2-n8192-zipf-w1,main,2,8192,zipf,1,eas_k1_adaptive,eas,1,adaptive,accept_id,batch_speedup,5,0.16794371793671636,0.1638853555211329,0.17056256871682862,0.16768759277297368,0.16826864004383502,0.0005810472708613346
l2-n8192-zipf-w1,main,2,8192,zipf,1,eas_k1_adaptive,eas,1,adaptive,accept_id,selector_speedup,5,0.0946356801349855,0.09147771730623618,0.09480191480396007,0.09431595411912967,0.09474682648368403,0.00043087236455435773
l2-n8192-zipf-w1,main,2,8192,zipf,1,eas_k1_adaptive,eas,1,adaptive,accept_id,rate_ratio,5,0.18448362955217298,0.1791744505333165,0.1895731883555723,0.18304690892180145,0.1871449297928713,0.004098020871069863
l2-n8192-zipf-w1,main,2,8192,zipf,1,eas_k1_adaptive,eas,1,adaptive,accept_static_degree,commit_delta,5,-1,-2,1,-2.0,-1.0,1.0
l2-n8192-zipf-w1,main,2,8192,zipf,1,eas_k1_adaptive,eas,1,adaptive,accept_static_degree,batch_delta_ms,5,61.370971000000004,60.21643999999999,62.816908,61.289624999999994,61.707122000000005,0.41749700000001155
l2-n8192-zipf-w1,main,2,8192,zipf,1,eas_k1_adaptive,eas,1,adaptive,accept_static_degree,selector_delta_ms,5,60.734925000000004,60.02524,62.79129400000001,60.642948,61.011387,0.3684390000000022
l2-n8192-zipf-w1,main,2,8192,zipf,1,eas_k1_adaptive,eas,1,adaptive,accept_static_degree,batch_speedup,5,0.19421042005249145,0.19171435812424445,0.19811628183667182,0.1940694789741986,0.19469024190621584,0.0006207629320172381
l2-n8192-zipf-w1,main,2,8192,zipf,1,eas_k1_adaptive,eas,1,adaptive,accept_static_degree,selector_speedup,5,0.12348416562229901,0.12032980312902877,0.12591388600663495,0.1233812247641624,0.12437335419179453,0.0009921294276321324
l2-n8192-zipf-w1,main,2,8192,zipf,1,eas_k1_adaptive,eas,1,adaptive,accept_static_degree,rate_ratio,5,0.19382773942162543,0.19153072368194923,0.19831166278552984,0.19370639295205372,0.1945033990633741,0.0007970061113203863
l2-n8192-zipf-w1,main,2,8192,zipf,1,eas_k1_adaptive,eas,1,adaptive,eas_k1_graph,commit_delta,5,0,0,0,0.0,0.0,0.0
l2-n8192-zipf-w1,main,2,8192,zipf,1,eas_k1_adaptive,eas,1,adaptive,eas_k1_graph,batch_delta_ms,5,-575.0935860000001,-589.0022140000001,-569.178745,-583.3394579999999,-570.301335,13.038122999999928
l2-n8192-zipf-w1,main,2,8192,zipf,1,eas_k1_adaptive,eas,1,adaptive,eas_k1_graph,selector_delta_ms,5,-574.821048,-588.675124,-568.982784,-583.300929,-570.275173,13.025756000000001
l2-n8192-zipf-w1,main,2,8192,zipf,1,eas_k1_adaptive,eas,1,adaptive,eas_k1_graph,batch_speedup,5,8.467982063284868,8.383316384585964,8.843927758682376,8.45207233048362,8.656970073457968,0.2048977429743477
l2-n8192-zipf-w1,main,2,8192,zipf,1,eas_k1_adaptive,eas,1,adaptive,eas_k1_graph,selector_speedup,5,9.198140783604767,9.020021317140449,9.580322941613499,9.191038633725261,9.42231212039824,0.2312734866729791
l2-n8192-zipf-w1,main,2,8192,zipf,1,eas_k1_adaptive,eas,1,adaptive,eas_k1_graph,rate_ratio,5,8.467982063318438,8.383316384552526,8.84392775866541,8.452072330537378,8.656970073454188,0.20489774291680973
l2-n8192-zipf-w1,main,2,8192,zipf,1,native,native,,native,accept_id,commit_delta,5,-409,-416,-374,-411.0,-388.0,23.0
l2-n8192-zipf-w1,main,2,8192,zipf,1,native,native,,native,accept_id,batch_delta_ms,5,-5.9507699999999994,-6.0333380000000005,-5.910223,-6.017085,-5.918374,0.09871099999999977
l2-n8192-zipf-w1,main,2,8192,zipf,1,native,native,,native,accept_id,selector_delta_ms,5,-6.542179,-6.609781,-6.497715,-6.564098,-6.534508,0.02959000000000067
l2-n8192-zipf-w1,main,2,8192,zipf,1,native,native,,native,accept_id,batch_speedup,5,1.8695088907468973,1.8672091679478673,1.9243054194844555,1.8682371798753197,1.8733484158101552,0.005111235934835534
l2-n8192-zipf-w1,main,2,8192,zipf,1,native,native,,native,accept_id,selector_speedup,0,,,,,,
l2-n8192-zipf-w1,main,2,8192,zipf,1,native,native,,native,accept_id,rate_ratio,5,1.0713211252917312,1.0455550800624551,1.121740699881745,1.0529963651531393,1.116263749830827,0.06326738467768767
l2-n8192-zipf-w1,main,2,8192,zipf,1,native,native,,native,accept_static_degree,commit_delta,5,-496,-520,-478,-506.0,-480.0,26.0
l2-n8192-zipf-w1,main,2,8192,zipf,1,native,native,,native,accept_static_degree,batch_delta_ms,5,-7.97845,-8.346452,-7.9124,-8.066896,-7.932432,0.13446399999999947
l2-n8192-zipf-w1,main,2,8192,zipf,1,native,native,,native,accept_static_degree,selector_delta_ms,5,-8.597699,-8.638646,-8.548242,-8.62105,-8.595327,0.02572300000000105
l2-n8192-zipf-w1,main,2,8192,zipf,1,native,native,,native,accept_static_degree,batch_speedup,5,2.164082451140986,2.1513510147723993,2.2515815619299886,2.1624649180916498,2.180679173704193,0.018214255612543084
l2-n8192-zipf-w1,main,2,8192,zipf,1,native,native,,native,accept_static_degree,selector_speedup,0,,,,,,
l2-n8192-zipf-w1,main,2,8192,zipf,1,native,native,,native,accept_static_degree,rate_ratio,5,1.123759957330718,1.1048566015989894,1.1901851254373255,1.1057332930929735,1.1671922625154911,0.061458969422517606
l2-n8192-zipf-w1,main,2,8192,zipf,1,accept_static_degree,accept_static_degree,,greedy,native,commit_delta,5,496,478,520,480.0,506.0,26.0
l2-n8192-zipf-w1,main,2,8192,zipf,1,accept_static_degree,accept_static_degree,,greedy,native,batch_delta_ms,5,7.97845,7.9124,8.346452,7.932432,8.066896,0.13446399999999947
l2-n8192-zipf-w1,main,2,8192,zipf,1,accept_static_degree,accept_static_degree,,greedy,native,selector_delta_ms,5,8.597699,8.548242,8.638646,8.595327,8.62105,0.02572300000000105
l2-n8192-zipf-w1,main,2,8192,zipf,1,accept_static_degree,accept_static_degree,,greedy,native,batch_speedup,5,0.4620896026733003,0.4441322565915977,0.46482419332476727,0.45857272911051755,0.4624352476813766,0.0038625185708590637
l2-n8192-zipf-w1,main,2,8192,zipf,1,accept_static_degree,accept_static_degree,,greedy,native,selector_speedup,5,0.0,0.0,0.0,0.0,0.0,0.0
l2-n8192-zipf-w1,main,2,8192,zipf,1,accept_static_degree,accept_static_degree,,greedy,native,rate_ratio,5,0.8898697568609878,0.8402054257169084,0.9050948318114432,0.8567568789779635,0.9043772184907132,0.04762033951274969
l2-n8192-zipf-w1,main,2,8192,zipf,1,accept_static_degree,accept_static_degree,,greedy,accept_id,commit_delta,5,90,87,109,90.0,106.0,16.0
l2-n8192-zipf-w1,main,2,8192,zipf,1,accept_static_degree,accept_static_degree,,greedy,accept_id,batch_delta_ms,5,2.02768,1.9153470000000006,2.179616000000001,1.9940259999999999,2.1627650000000003,0.16873900000000042
l2-n8192-zipf-w1,main,2,8192,zipf,1,accept_static_degree,accept_static_degree,,greedy,accept_id,selector_delta_ms,5,2.0555200000000005,1.964162,2.1535409999999997,2.0137340000000004,2.0747410000000004,0.06100700000000003
l2-n8192-zipf-w1,main,2,8192,zipf,1,accept_static_degree,accept_static_degree,,greedy,accept_id,batch_speedup,5,0.8632929761480735,0.8534714858862787,0.8717899435935509,0.8548413229171057,0.8645268069350772,0.009685484017971535
l2-n8192-zipf-w1,main,2,8192,zipf,1,accept_static_degree,accept_static_degree,,greedy,accept_id,selector_speedup,5,0.760922079267953,0.7507085022351883,0.7709149687605807,0.7598356677326664,0.7644271184648258,0.004591450732159386
l2-n8192-zipf-w1,main,2,8192,zipf,1,accept_static_degree,accept_static_degree,,greedy,accept_id,rate_ratio,5,0.945576195085718,0.9354867307390784,0.9707744267730581,0.9366018254203744,0.9610590610532402,0.024457235632865837
l2-n8192-zipf-w1,main,2,8192,zipf,1,accept_id,accept_id,,greedy,native,commit_delta,5,409,374,416,388.0,411.0,23.0
l2-n8192-zipf-w1,main,2,8192,zipf,1,accept_id,accept_id,,greedy,native,batch_delta_ms,5,5.9507699999999994,5.910223,6.0333380000000005,5.918374,6.017085,0.09871099999999977
l2-n8192-zipf-w1,main,2,8192,zipf,1,accept_id,accept_id,,greedy,native,selector_delta_ms,5,6.542179,6.497715,6.609781,6.534508,6.564098,0.02959000000000067
l2-n8192-zipf-w1,main,2,8192,zipf,1,accept_id,accept_id,,greedy,native,batch_speedup,5,0.5348998365022403,0.5196680266420036,0.5355586386173529,0.5338035314522827,0.5352639433429629,0.0014604118906802466
l2-n8192-zipf-w1,main,2,8192,zipf,1,accept_id,accept_id,,greedy,native,selector_speedup,5,0.0,0.0,0.0,0.0,0.0,0.0
l2-n8192-zipf-w1,main,2,8192,zipf,1,accept_id,accept_id,,greedy,native,rate_ratio,5,0.9334269402441685,0.8914716209418282,0.9564297654603392,0.8958456280171715,0.9496708944997813,0.05382526648260977
l2-n8192-zipf-w1,main,2,8192,zipf,1,accept_id,accept_id,,greedy,accept_static_degree,commit_delta,5,-90,-109,-87,-106.0,-90.0,16.0
l2-n8192-zipf-w1,main,2,8192,zipf,1,accept_id,accept_id,,greedy,accept_static_degree,batch_delta_ms,5,-2.02768,-2.179616000000001,-1.9153470000000006,-2.1627650000000003,-1.9940259999999999,0.16873900000000042
l2-n8192-zipf-w1,main,2,8192,zipf,1,accept_id,accept_id,,greedy,accept_static_degree,selector_delta_ms,5,-2.0555200000000005,-2.1535409999999997,-1.964162,-2.0747410000000004,-2.0137340000000004,0.06100700000000003
l2-n8192-zipf-w1,main,2,8192,zipf,1,accept_id,accept_id,,greedy,accept_static_degree,batch_speedup,5,1.1583553065170291,1.147065307817113,1.171685307051073,1.156702131129054,1.1698077446555193,0.013105613526465332
l2-n8192-zipf-w1,main,2,8192,zipf,1,accept_id,accept_id,,greedy,accept_static_degree,selector_speedup,5,1.314195010561466,1.2971599210321794,1.3320749625487944,1.3081691842752354,1.3160740439889838,0.007904859713748325
l2-n8192-zipf-w1,main,2,8192,zipf,1,accept_id,accept_id,,greedy,accept_static_degree,rate_ratio,5,1.0575562341746012,1.030105421425336,1.0689622494270474,1.0405187782154446,1.0676895697391693,0.027170791523724702
l2-n32768-uniform-w1,main,2,32768,uniform,1,eas_k2_adaptive,eas,2,adaptive,native,commit_delta,5,1792,1753,1813,1785.0,1813.0,28.0
l2-n32768-uniform-w1,main,2,32768,uniform,1,eas_k2_adaptive,eas,2,adaptive,native,batch_delta_ms,5,119.03685899999999,116.78662800000001,119.55683400000001,118.702691,119.18637199999999,0.48368099999999004
l2-n32768-uniform-w1,main,2,32768,uniform,1,eas_k2_adaptive,eas,2,adaptive,native,selector_delta_ms,5,119.640979,117.796795,120.461517,119.455081,119.8285,0.3734189999999984
l2-n32768-uniform-w1,main,2,32768,uniform,1,eas_k2_adaptive,eas,2,adaptive,native,batch_speedup,5,0.208930846159991,0.2072972692338788,0.21314283316483587,0.20748198685432803,0.2099732696821829,0.0024912828278548793
l2-n32768-uniform-w1,main,2,32768,uniform,1,eas_k2_adaptive,eas,2,adaptive,native,selector_speedup,5,0.0,0.0,0.0,0.0,0.0,0.0
l2-n32768-uniform-w1,main,2,32768,uniform,1,eas_k2_adaptive,eas,2,adaptive,native,rate_ratio,5,0.35817239935012934,0.3558643286405544,0.36453955310125513,0.3572684358266656,0.358856168812558,0.001587732985892376
l2-n32768-uniform-w1,main,2,32768,uniform,1,eas_k2_adaptive,eas,2,adaptive,accept_id,commit_delta,5,-42,-49,-14,-43.0,-29.0,14.0
l2-n32768-uniform-w1,main,2,32768,uniform,1,eas_k2_adaptive,eas,2,adaptive,accept_id,batch_delta_ms,5,93.55676399999999,91.692333,94.60641000000001,92.26354799999999,93.777475,1.5139270000000096
l2-n32768-uniform-w1,main,2,32768,uniform,1,eas_k2_adaptive,eas,2,adaptive,accept_id,selector_delta_ms,5,92.02529,89.7709,92.670617,91.684064,92.06695300000001,0.3828890000000058
l2-n32768-uniform-w1,main,2,32768,uniform,1,eas_k2_adaptive,eas,2,adaptive,accept_id,batch_speedup,5,0.3773945489330924,0.3758632485281161,0.38381489671366514,0.3764036093052456,0.3822172058526561,0.005813596547410538
l2-n32768-uniform-w1,main,2,32768,uniform,1,eas_k2_adaptive,eas,2,adaptive,accept_id,selector_speedup,5,0.23167733051819892,0.23070355323517966,0.23549391499027938,0.2308213225169279,0.23248083520197854,0.0016595126850506292
l2-n32768-uniform-w1,main,2,32768,uniform,1,eas_k2_adaptive,eas,2,adaptive,accept_id,rate_ratio,5,0.3751865999446508,0.3716049134579292,0.38010568694377966,0.37486521176724247,0.37843113355351216,0.003565921786269688
l2-n32768-uniform-w1,main,2,32768,uniform,1,eas_k2_adaptive,eas,2,adaptive,accept_static_degree,commit_delta,5,-521,-551,-511,-525.0,-521.0,4.0
l2-n32768-uniform-w1,main,2,32768,uniform,1,eas_k2_adaptive,eas,2,adaptive,accept_static_degree,batch_delta_ms,5,81.750785,80.56165600000001,83.266194,81.71519,82.004814,0.2896239999999892
l2-n32768-uniform-w1,main,2,32768,uniform,1,eas_k2_adaptive,eas,2,adaptive,accept_static_degree,selector_delta_ms,5,81.801005,79.659987,82.391528,81.698243,81.817626,0.11938299999999913
l2-n32768-uniform-w1,main,2,32768,uniform,1,eas_k2_adaptive,eas,2,adaptive,accept_static_degree,batch_speedup,5,0.45517677757665903,0.44582116515093123,0.4616348918947704,0.4545899929417447,0.45721083414011143,0.0026208411983667523
l2-n32768-uniform-w1,main,2,32768,uniform,1,eas_k2_adaptive,eas,2,adaptive,accept_static_degree,selector_speedup,5,0.3162793744775358,0.31603444774815515,0.32375081172624437,0.3160756133931214,0.3172106301923165,0.0011350167991950877
l2-n32768-uniform-w1,main,2,32768,uniform,1,eas_k2_adaptive,eas,2,adaptive,accept_static_degree,rate_ratio,5,0.40596592447015417,0.3949308684866595,0.41276490437461943,0.40550369525747343,0.40744187541655696,0.0019381801590835357
l2-n32768-uniform-w1,main,2,32768,uniform,1,eas_k1_adaptive,eas,1,adaptive,native,commit_delta,5,1791,1758,1816,1786.0,1799.0,13.0
l2-n32768-uniform-w1,main,2,32768,uniform,1,eas_k1_adaptive,eas,1,adaptive,native,batch_delta_ms,5,121.159481,120.57515400000001,123.050124,120.773956,122.654833,1.8808769999999981
l2-n32768-uniform-w1,main,2,32768,uniform,1,eas_k1_adaptive,eas,1,adaptive,native,selector_delta_ms,5,121.781754,120.734794,123.668857,121.716606,123.146404,1.4297980000000052
l2-n32768-uniform-w1,main,2,32768,uniform,1,eas_k1_adaptive,eas,1,adaptive,native,batch_speedup,5,0.2050702987738765,0.20181973374627532,0.20718518316834525,0.2041635739780727,0.20673854918982557,0.0025749752117528724
l2-n32768-uniform-w1,main,2,32768,uniform,1,eas_k1_adaptive,eas,1,adaptive,native,selector_speedup,5,0.0,0.0,0.0,0.0,0.0,0.0
l2-n32768-uniform-w1,main,2,32768,uniform,1,eas_k1_adaptive,eas,1,adaptive,native,rate_ratio,5,0.35154965086902623,0.34930650899068627,0.35317205208391217,0.34966972638339633,0.3530281881966336,0.00335846181323729
l2-n32768-uniform-w1,main,2,32768,uniform,1,eas_k1_adaptive,eas,1,adaptive,accept_id,commit_delta,5,-37,-56,-20,-44.0,-26.0,18.0
l2-n32768-uniform-w1,main,2,32768,uniform,1,eas_k1_adaptive,eas,1,adaptive,accept_id,batch_delta_ms,5,96.209057,93.89632899999998,97.555941,95.680679,96.7045,1.023820999999998
l2-n32768-uniform-w1,main,2,32768,uniform,1,eas_k1_adaptive,eas,1,adaptive,accept_id,selector_delta_ms,5,94.156912,93.031881,96.016362,94.08015,95.213752,1.1336019999999962
l2-n32768-uniform-w1,main,2,32768,uniform,1,eas_k1_adaptive,eas,1,adaptive,accept_id,batch_speedup,5,0.372152662682915,0.36811346097199554,0.37868075117894784,0.3700952207207064,0.3722532796385599,0.0021580589178535337
l2-n32768-uniform-w1,main,2,32768,uniform,1,eas_k1_adaptive,eas,1,adaptive,accept_id,selector_speedup,5,0.22642509437044278,0.2244327217565503,0.229452605021217,0.2258723510151425,0.2267779486594691,0.0009055976443266001
l2-n32768-uniform-w1,main,2,32768,uniform,1,eas_k1_adaptive,eas,1,adaptive,accept_id,rate_ratio,5,0.36846619425075305,0.3649758894315333,0.3738012937320518,0.3683857739736891,0.3699164784378311,0.0015307044641419965
l2-n32768-uniform-w1,main,2,32768,uniform,1,eas_k1_adaptive,eas,1,adaptive,accept_static_degree,commit_delta,5,-519,-546,-517,-535.0,-518.0,17.0
l2-n32768-uniform-w1,main,2,32768,uniform,1,eas_k1_adaptive,eas,1,adaptive,accept_static_degree,batch_delta_ms,5,84.84297500000001,83.445152,86.209365,83.63759499999999,85.368759,1.7311640000000068
l2-n32768-uniform-w1,main,2,32768,uniform,1,eas_k1_adaptive,eas,1,adaptive,accept_static_degree,selector_delta_ms,5,84.024916,83.035186,85.639498,83.659758,85.30643,1.6466720000000095
l2-n32768-uniform-w1,main,2,32768,uniform,1,eas_k1_adaptive,eas,1,adaptive,accept_static_degree,batch_speedup,5,0.44446005818319395,0.44132291017861386,0.45366370182292604,0.44160717714104175,0.4497063855047757,0.008099208363733956
l2-n32768-uniform-w1,main,2,32768,uniform,1,eas_k1_adaptive,eas,1,adaptive,accept_static_degree,selector_speedup,5,0.31003690421473157,0.30727632128015686,0.312667673300059,0.30750958586121646,0.31225139622965686,0.004741810368440402
l2-n32768-uniform-w1,main,2,32768,uniform,1,eas_k1_adaptive,eas,1,adaptive,accept_static_degree,rate_ratio,5,0.3966845217356309,0.3914032273616006,0.4050736595930603,0.3940861062434676,0.3998425686667571,0.005756462423289477
l2-n32768-uniform-w1,main,2,32768,uniform,1,accept_static_degree,accept_static_degree,,greedy,native,commit_delta,5,2310,2303,2334,2304.0,2334.0,30.0
l2-n32768-uniform-w1,main,2,32768,uniform,1,accept_static_degree,accept_static_degree,,greedy,native,batch_delta_ms,5,36.898258999999996,35.930980999999996,37.714329000000006,36.68534799999999,37.009868000000004,0.3245200000000139
l2-n32768-uniform-w1,main,2,32768,uniform,1,accept_static_degree,accept_static_degree,,greedy,native,selector_delta_ms,5,37.839974,37.76665,38.069989,37.798504,38.029359,0.23085499999999826
l2-n32768-uniform-w1,main,2,32768,uniform,1,accept_static_degree,accept_static_degree,,greedy,native,batch_speedup,5,0.45626178232195197,0.45570881769712257,0.46849771270277285,0.4560093104830924,0.4625060620419038,0.006496751558811409
l2-n32768-uniform-w1,main,2,32768,uniform,1,accept_static_degree,accept_static_degree,,greedy,native,selector_speedup,5,0.0,0.0,0.0,0.0,0.0,0.0
l2-n32768-uniform-w1,main,2,32768,uniform,1,accept_static_degree,accept_static_degree,,greedy,native,rate_ratio,5,0.8847990056374632,0.8715160313096834,0.8963291554561892,0.8832777692018535,0.8876509101576967,0.00437314095584318
l2-n32768-uniform-w1,main,2,32768,uniform,1,accept_static_degree,accept_static_degree,,greedy,accept_id,commit_delta,5,492,479,502,482.0,497.0,15.0
l2-n32768-uniform-w1,main,2,32768,uniform,1,accept_static_degree,accept_static_degree,,greedy,accept_id,batch_delta_ms,5,11.346575999999999,10.420108999999997,12.763905000000001,10.511280999999997,11.805978999999994,1.2946979999999968
l2-n32768-uniform-w1,main,2,32768,uniform,1,accept_static_degree,accept_static_degree,,greedy,accept_id,selector_delta_ms,5,10.111287999999998,10.092112,10.314290000000003,10.103587000000001,10.173924999999997,0.07033799999999601
l2-n32768-uniform-w1,main,2,32768,uniform,1,accept_static_degree,accept_static_degree,,greedy,accept_id,batch_speedup,5,0.8335767171067204,0.815792004591899,0.846243528167109,0.8271435504356223,0.8430807640118855,0.01593721357626321
l2-n32768-uniform-w1,main,2,32768,uniform,1,accept_static_degree,accept_static_degree,,greedy,accept_id,selector_speedup,5,0.7330023431615177,0.7296324160622558,0.7334882612184515,0.7306108696429258,0.7333071680007044,0.002696298357778626
l2-n32768-uniform-w1,main,2,32768,uniform,1,accept_static_degree,accept_static_degree,,greedy,accept_id,rate_ratio,5,0.9261323443005374,0.9094291007313877,0.9409366122275695,0.9211936144097608,0.9395133509907626,0.018319736581001833
l2-n32768-uniform-w1,main,2,32768,uniform,1,accept_id,accept_id,,greedy,native,commit_delta,5,1828,1802,1855,1806.0,1842.0,36.0
l2-n32768-uniform-w1,main,2,32768,uniform,1,accept_id,accept_id,,greedy,native,batch_delta_ms,5,25.188874,25.105822999999997,26.47815,25.178516,25.480095,0.30157900000000026
l2-n32768-uniform-w1,main,2,32768,uniform,1,accept_id,accept_id,,greedy,native,selector_delta_ms,5,27.781147,27.636834,27.828084,27.706392,27.7909,0.08450799999999958
l2-n32768-uniform-w1,main,2,32768,uniform,1,accept_id,accept_id,,greedy,native,batch_speedup,5,0.5553880491233614,0.538306860990054,0.5586427257904042,0.5489717576832543,0.5562924644151311,0.0073207067318767916
l2-n32768-uniform-w1,main,2,32768,uniform,1,accept_id,accept_id,,greedy,native,selector_speedup,5,0.0,0.0,0.0,0.0,0.0,0.0
l2-n32768-uniform-w1,main,2,32768,uniform,1,accept_id,accept_id,,greedy,native,rate_ratio,5,0.9558956923518583,0.9391736723663536,0.9609492988565926,0.9527853616109686,0.9576416127792754,0.004856251168306791
l2-n32768-uniform-w1,main,2,32768,uniform,1,accept_id,accept_id,,greedy,accept_static_degree,commit_delta,5,-492,-502,-479,-497.0,-482.0,15.0
l2-n32768-uniform-w1,main,2,32768,uniform,1,accept_id,accept_id,,greedy,accept_static_degree,batch_delta_ms,5,-11.346575999999999,-12.763905000000001,-10.420108999999997,-11.805978999999994,-10.511280999999997,1.2946979999999968
l2-n32768-uniform-w1,main,2,32768,uniform,1,accept_id,accept_id,,greedy,accept_static_degree,selector_delta_ms,5,-10.111287999999998,-10.314290000000003,-10.092112,-10.173924999999997,-10.103587000000001,0.07033799999999601
l2-n32768-uniform-w1,main,2,32768,uniform,1,accept_id,accept_id,,greedy,accept_static_degree,batch_speedup,5,1.1996496296956587,1.1816929367435334,1.2258026486791216,1.1861259830450863,1.208979988386951,0.022854005341864658
l2-n32768-uniform-w1,main,2,32768,uniform,1,accept_id,accept_id,,greedy,accept_static_degree,selector_speedup,5,1.3642521191499781,1.3633483354441505,1.3705531415351413,1.3636850199165642,1.3687176601803555,0.005032640263791244
l2-n32768-uniform-w1,main,2,32768,uniform,1,accept_id,accept_id,,greedy,accept_static_degree,rate_ratio,5,1.079759287270386,1.0627708466276002,1.0995909402896529,1.0643808296555353,1.085548124039845,0.021167294384309754
l2-n32768-uniform-w1,main,2,32768,uniform,1,native,native,,native,accept_id,commit_delta,5,-1828,-1855,-1802,-1842.0,-1806.0,36.0
l2-n32768-uniform-w1,main,2,32768,uniform,1,native,native,,native,accept_id,batch_delta_ms,5,-25.188874,-26.47815,-25.105822999999997,-25.480095,-25.178516,0.30157900000000026
l2-n32768-uniform-w1,main,2,32768,uniform,1,native,native,,native,accept_id,selector_delta_ms,5,-27.781147,-27.828084,-27.636834,-27.7909,-27.706392,0.08450799999999958
l2-n32768-uniform-w1,main,2,32768,uniform,1,native,native,,native,accept_id,batch_speedup,5,1.8005428845262794,1.7900528438549606,1.8576764898756817,1.7976155780779257,1.821587333053625,0.023971754975699255
l2-n32768-uniform-w1,main,2,32768,uniform,1,native,native,,native,accept_id,selector_speedup,0,,,,,,
l2-n32768-uniform-w1,main,2,32768,uniform,1,native,native,,native,accept_id,rate_ratio,5,1.0461392472013642,1.0406376290506405,1.0647657929767,1.0442319826702098,1.0495543280694415,0.005322345399231709
l2-n32768-uniform-w1,main,2,32768,uniform,1,native,native,,native,accept_static_degree,commit_delta,5,-2310,-2334,-2303,-2334.0,-2304.0,30.0
l2-n32768-uniform-w1,main,2,32768,uniform,1,native,native,,native,accept_static_degree,batch_delta_ms,5,-36.898258999999996,-37.714329000000006,-35.930980999999996,-37.009868000000004,-36.68534799999999,0.3245200000000139
l2-n32768-uniform-w1,main,2,32768,uniform,1,native,native,,native,accept_static_degree,selector_delta_ms,5,-37.839974,-38.069989,-37.76665,-38.029359,-37.798504,0.23085499999999826
l2-n32768-uniform-w1,main,2,32768,uniform,1,native,native,,native,accept_static_degree,batch_speedup,5,2.1917242222456625,2.1344821391570505,2.1943836967065873,2.162133822819815,2.192937681339463,0.030803858519648397
l2-n32768-uniform-w1,main,2,32768,uniform,1,native,native,,native,accept_static_degree,selector_speedup,0,,,,,,
l2-n32768-uniform-w1,main,2,32768,uniform,1,native,native,,native,accept_static_degree,rate_ratio,5,1.1302001851590453,1.1156615780182306,1.1474258235929813,1.1265690020216887,1.1321466868838088,0.005577684862120069
l2-n32768-zipf-w1,main,2,32768,zipf,1,native,native,,native,accept_id,commit_delta,5,-1120,-1134,-1098,-1129.0,-1118.0,11.0
l2-n32768-zipf-w1,main,2,32768,zipf,1,native,native,,native,accept_id,batch_delta_ms,5,-23.897552999999995,-23.988133,-23.777901999999997,-23.901013,-23.842455999999995,0.05855700000000397
l2-n32768-zipf-w1,main,2,32768,zipf,1,native,native,,native,accept_id,selector_delta_ms,5,-26.36845,-26.403217,-26.262129,-26.401125,-26.341418,0.05970699999999951
l2-n32768-zipf-w1,main,2,32768,zipf,1,native,native,,native,accept_id,batch_speedup,5,1.8969735602894124,1.8907035147933682,1.9070806581810038,1.8958212297319013,1.9005592932802426,0.004738063548341387
l2-n32768-zipf-w1,main,2,32768,zipf,1,native,native,,native,accept_id,selector_speedup,0,,,,,,
l2-n32768-zipf-w1,main,2,32768,zipf,1,native,native,,native,accept_id,rate_ratio,5,0.7355587370663403,0.7302462744441697,0.7369758853679529,0.7341617547705853,0.7362991510591195,0.0021373962885341546
l2-n32768-zipf-w1,main,2,32768,zipf,1,native,native,,native,accept_static_degree,commit_delta,5,-1411,-1426,-1397,-1424.0,-1411.0,13.0
l2-n32768-zipf-w1,main,2,32768,zipf,1,native,native,,native,accept_static_degree,batch_delta_ms,5,-33.893178000000006,-34.798488000000006,-33.57715999999999,-34.045578,-33.824774000000005,0.220803999999994
l2-n32768-zipf-w1,main,2,32768,zipf,1,native,native,,native,accept_static_degree,selector_delta_ms,5,-35.874777,-35.964262,-35.666545,-35.886622,-35.819777,0.06684500000000071
l2-n32768-zipf-w1,main,2,32768,zipf,1,native,native,,native,accept_static_degree,batch_speedup,5,2.2725168900705848,2.265960682450487,2.32068754499463,2.2700604265743825,2.282979126063551,0.01291869948916835
l2-n32768-zipf-w1,main,2,32768,zipf,1,native,native,,native,accept_static_degree,selector_speedup,0,,,,,,
l2-n32768-zipf-w1,main,2,32768,zipf,1,native,native,,native,accept_static_degree,rate_ratio,5,0.755977968757075,0.7489583168496553,0.7782993556442963,0.7542381068144339,0.767080986357855,0.012842879543421115
l2-n32768-zipf-w1,main,2,32768,zipf,1,eas_k2_adaptive,eas,2,adaptive,native,commit_delta,5,1406,1387,1415,1398.0,1409.0,11.0
l2-n32768-zipf-w1,main,2,32768,zipf,1,eas_k2_adaptive,eas,2,adaptive,native,batch_delta_ms,5,441.586239,420.559323,450.45795,438.74595899999997,448.180134,9.434175000000039
l2-n32768-zipf-w1,main,2,32768,zipf,1,eas_k2_adaptive,eas,2,adaptive,native,selector_delta_ms,5,442.642583,421.934955,452.14326,440.043863,449.315247,9.271384000000012
l2-n32768-zipf-w1,main,2,32768,zipf,1,eas_k2_adaptive,eas,2,adaptive,native,batch_speedup,5,0.05677672351278419,0.05561341647858125,0.059606551395173145,0.05569795733884505,0.057166923161529645,0.0014689658226845967
l2-n32768-zipf-w1,main,2,32768,zipf,1,eas_k2_adaptive,eas,2,adaptive,native,selector_speedup,5,0.0,0.0,0.0,0.0,0.0,0.0
l2-n32768-zipf-w1,main,2,32768,zipf,1,eas_k2_adaptive,eas,2,adaptive,native,rate_ratio,5,0.17045552335086836,0.1650599578444014,0.17698303775607077,0.16628172157976023,0.17138309123128145,0.00510136965152122
l2-n32768-zipf-w1,main,2,32768,zipf,1,eas_k2_adaptive,eas,2,adaptive,accept_id,commit_delta,5,289,264,295,277.0,291.0,14.0
l2-n32768-zipf-w1,main,2,32768,zipf,1,eas_k2_adaptive,eas,2,adaptive,accept_id,batch_delta_ms,5,417.743783,396.787117,426.77124100000003,414.968057,424.201367,9.233310000000017
l2-n32768-zipf-w1,main,2,32768,zipf,1,eas_k2_adaptive,eas,2,adaptive,accept_id,selector_delta_ms,5,416.510235,395.449206,425.764197,413.640646,423.053413,9.412766999999974
l2-n32768-zipf-w1,main,2,32768,zipf,1,eas_k2_adaptive,eas,2,adaptive,accept_id,batch_speedup,5,0.10784019217944557,0.10530663708511752,0.11319199771221138,0.10634344516702451,0.10826390090810671,0.001920455741082197
l2-n32768-zipf-w1,main,2,32768,zipf,1,eas_k2_adaptive,eas,2,adaptive,accept_id,selector_speedup,5,0.059400974815392096,0.05834226744859582,0.06277211377284443,0.05849361628589693,0.06000132991287735,0.0015077136269804198
l2-n32768-zipf-w1,main,2,32768,zipf,1,eas_k2_adaptive,eas,2,adaptive,accept_id,rate_ratio,5,0.125310184871885,0.1215518251909138,0.13020457685828066,0.12226129898915221,0.12548904861952795,0.0032277496303757397
l2-n32768-zipf-w1,main,2,32768,zipf,1,eas_k2_adaptive,eas,2,adaptive,accept_static_degree,commit_delta,5,-11,-15,-5,-13.0,-10.0,3.0
l2-n32768-zipf-w1,main,2,32768,zipf,1,eas_k2_adaptive,eas,2,adaptive,accept_static_degree,batch_delta_ms,5,407.761465,386.530226,417.120728,405.220422,413.267628,8.047206000000017
l2-n32768-zipf-w1,main,2,32768,zipf,1,eas_k2_adaptive,eas,2,adaptive,accept_static_degree,selector_delta_ms,5,406.874262,386.212493,416.518497,404.19377399999996,413.483118,9.289344000000028
l2-n32768-zipf-w1,main,2,32768,zipf,1,eas_k2_adaptive,eas,2,adaptive,accept_static_degree,batch_speedup,5,0.12938919048872174,0.12601781515720914,0.1360805126118145,0.1292065979982863,0.12979033216889888,0.000583734170612582
l2-n32768-zipf-w1,main,2,32768,zipf,1,eas_k2_adaptive,eas,2,adaptive,accept_static_degree,selector_speedup,5,0.0811008815590779,0.07881456459318695,0.08499374311857356,0.08009722248601682,0.08135697074772354,0.0012597482617067168
l2-n32768-zipf-w1,main,2,32768,zipf,1,eas_k2_adaptive,eas,2,adaptive,accept_static_degree,rate_ratio,5,0.12848013294428215,0.12541601088216317,0.13576032317053627,0.12841541298941017,0.1291191080721142,0.0007036950827040422
l2-n32768-zipf-w1,main,2,32768,zipf,1,eas_k1_adaptive,eas,1,adaptive,native,commit_delta,5,1409,1390,1418,1402.0,1412.0,10.0
l2-n32768-zipf-w1,main,2,32768,zipf,1,eas_k1_adaptive,eas,1,adaptive,native,batch_delta_ms,5,547.643838,519.206617,560.555332,540.472776,553.16022,12.687444000000028
l2-n32768-zipf-w1,main,2,32768,zipf,1,eas_k1_adaptive,eas,1,adaptive,native,selector_delta_ms,5,549.276036,520.664563,562.281293,541.490859,554.436168,12.945308999999952
l2-n32768-zipf-w1,main,2,32768,zipf,1,eas_k1_adaptive,eas,1,adaptive,native,batch_speedup,5,0.04621777643524468,0.04523547313556324,0.04868635841630643,0.04543375776684656,0.046807895784626644,0.0013741380177800869
l2-n32768-zipf-w1,main,2,32768,zipf,1,eas_k1_adaptive,eas,1,adaptive,native,selector_speedup,5,0.0,0.0,0.0,0.0,0.0,0.0
l2-n32768-zipf-w1,main,2,32768,zipf,1,eas_k1_adaptive,eas,1,adaptive,native,rate_ratio,5,0.139708228625294,0.1348974212345285,0.14476349988505743,0.1354468184128111,0.139765348454108,0.004318530041296925
l2-n32768-zipf-w1,main,2,32768,zipf,1,eas_k1_adaptive,eas,1,adaptive,accept_id,commit_delta,5,292,268,298,280.0,294.0,14.0
l2-n32768-zipf-w1,main,2,32768,zipf,1,eas_k1_adaptive,eas,1,adaptive,accept_id,batch_delta_ms,5,523.9844169999999,495.46196799999996,536.654319,516.737847,528.872403,12.134555999999975
l2-n32768-zipf-w1,main,2,32768,zipf,1,eas_k1_adaptive,eas,1,adaptive,accept_id,selector_delta_ms,5,522.848015,494.22682399999997,535.90223,515.353375,528.174039,12.820663999999965
l2-n32768-zipf-w1,main,2,32768,zipf,1,eas_k1_adaptive,eas,1,adaptive,accept_id,batch_speedup,5,0.08786226610021462,0.08564795065716886,0.09231966588714902,0.08729003559807502,0.08864576070719929,0.0013557251091242672
l2-n32768-zipf-w1,main,2,32768,zipf,1,eas_k1_adaptive,eas,1,adaptive,accept_id,selector_speedup,5,0.04803367521318209,0.04694330009122366,0.05061714983620992,0.04736727240348433,0.048629251622555186,0.001261979219070855
l2-n32768-zipf-w1,main,2,32768,zipf,1,eas_k1_adaptive,eas,1,adaptive,accept_id,rate_ratio,5,0.10224060508866378,0.09958065349382578,0.10634544258197512,0.09996269515400495,0.10289499725614774,0.002932302102142792
l2-n32768-zipf-w1,main,2,32768,zipf,1,eas_k1_adaptive,eas,1,adaptive,accept_static_degree,commit_delta,5,-8,-12,-2,-9.0,-7.0,2.0
l2-n32768-zipf-w1,main,2,32768,zipf,1,eas_k1_adaptive,eas,1,adaptive,accept_static_degree,batch_delta_ms,5,513.856238,485.02349399999997,527.21811,506.522782,518.361732,11.838949999999954
l2-n32768-zipf-w1,main,2,32768,zipf,1,eas_k1_adaptive,eas,1,adaptive,accept_static_degree,selector_delta_ms,5,513.3009529999999,484.91906599999993,526.65653,505.671082,518.549546,12.878463999999951
l2-n32768-zipf-w1,main,2,32768,zipf,1,eas_k1_adaptive,eas,1,adaptive,accept_static_degree,batch_speedup,5,0.10549312293844651,0.10245841321688368,0.11116152423899325,0.10548410253956989,0.106426305836633,0.0009422032970631128
l2-n32768-zipf-w1,main,2,32768,zipf,1,eas_k1_adaptive,eas,1,adaptive,accept_static_degree,selector_speedup,5,0.06549545336436269,0.06341795378614104,0.06892325780483995,0.06472633654015156,0.0661502893440349,0.001423952803883341
l2-n32768-zipf-w1,main,2,32768,zipf,1,eas_k1_adaptive,eas,1,adaptive,accept_static_degree,rate_ratio,5,0.10509634579542462,0.10211590658242507,0.11105690162802478,0.10503692546814161,0.10582812519490623,0.0007911997267646131
l2-n32768-zipf-w1,main,2,32768,zipf,1,accept_id,accept_id,,greedy,native,commit_delta,5,1120,1098,1134,1118.0,1129.0,11.0
l2-n32768-zipf-w1,main,2,32768,zipf,1,accept_id,accept_id,,greedy,native,batch_delta_ms,5,23.897552999999995,23.777901999999997,23.988133,23.842455999999995,23.901013,0.05855700000000397
l2-n32768-zipf-w1,main,2,32768,zipf,1,accept_id,accept_id,,greedy,native,selector_delta_ms,5,26.36845,26.262129,26.403217,26.341418,26.401125,0.05970699999999951
l2-n32768-zipf-w1,main,2,32768,zipf,1,accept_id,accept_id,,greedy,native,batch_speedup,5,0.5271554759294772,0.5243616706562437,0.5289036552668007,0.5261609061793934,0.5274758950459774,0.0013149888665839882
l2-n32768-zipf-w1,main,2,32768,zipf,1,accept_id,accept_id,,greedy,native,selector_speedup,5,0.0,0.0,0.0,0.0,0.0,0.0
l2-n32768-zipf-w1,main,2,32768,zipf,1,accept_id,accept_id,,greedy,native,rate_ratio,5,1.3595107359996046,1.3568965007596225,1.3694010294830392,1.3581436275752372,1.362097648783796,0.0039540212085587
l2-n32768-zipf-w1,main,2,32768,zipf,1,accept_id,accept_id,,greedy,accept_static_degree,commit_delta,5,-299,-306,-277,-306.0,-282.0,24.0
l2-n32768-zipf-w1,main,2,32768,zipf,1,accept_id,accept_id,,greedy,accept_static_degree,batch_delta_ms,5,-10.128179000000003,-10.595248999999995,-9.536957999999998,-10.256891000000003,-9.987048999999999,0.26984200000000413
l2-n32768-zipf-w1,main,2,32768,zipf,1,accept_id,accept_id,,greedy,accept_static_degree,selector_delta_ms,5,-9.598390000000002,-9.624493000000001,-9.265419999999999,-9.622843999999997,-9.565614,0.057229999999997005
l2-n32768-zipf-w1,main,2,32768,zipf,1,accept_id,accept_id,,greedy,accept_static_degree,batch_speedup,5,1.2006647178678769,1.189443167921658,1.2096021731485727,1.1974021553157757,1.2025219292984621,0.005119773982686482
l2-n32768-zipf-w1,main,2,32768,zipf,1,accept_id,accept_id,,greedy,accept_static_degree,selector_speedup,5,1.3652857601769985,1.350947923620679,1.3664780185947605,1.3622897164387202,1.365312300195836,0.0030225837571158376
l2-n32768-zipf-w1,main,2,32768,zipf,1,accept_id,accept_id,,greedy,accept_static_degree,rate_ratio,5,1.0279315708693657,1.0196038617093492,1.051778432233692,1.0257838604578424,1.0429401956236037,0.017156335165761316
l2-n32768-zipf-w1,main,2,32768,zipf,1,accept_static_degree,accept_static_degree,,greedy,native,commit_delta,5,1411,1397,1426,1411.0,1424.0,13.0
l2-n32768-zipf-w1,main,2,32768,zipf,1,accept_static_degree,accept_static_degree,,greedy,native,batch_delta_ms,5,33.893178000000006,33.57715999999999,34.798488000000006,33.824774000000005,34.045578,0.220803999999994
l2-n32768-zipf-w1,main,2,32768,zipf,1,accept_static_degree,accept_static_degree,,greedy,native,selector_delta_ms,5,35.874777,35.666545,35.964262,35.819777,35.886622,0.06684500000000071
l2-n32768-zipf-w1,main,2,32768,zipf,1,accept_static_degree,accept_static_degree,,greedy,native,batch_speedup,5,0.4400407338530011,0.43090678112046915,0.4413139238226172,0.4380241538713759,0.4405169079613631,0.002492754089987226
l2-n32768-zipf-w1,main,2,32768,zipf,1,accept_static_degree,accept_static_degree,,greedy,native,selector_speedup,5,0.0,0.0,0.0,0.0,0.0,0.0
l2-n32768-zipf-w1,main,2,32768,zipf,1,accept_static_degree,accept_static_degree,,greedy,native,rate_ratio,5,1.3227898713029012,1.284852663371633,1.3351877901647475,1.3036433150925275,1.3258412575089251,0.02219794241639761
l2-n32768-zipf-w1,main,2,32768,zipf,1,accept_static_degree,accept_static_degree,,greedy,accept_id,commit_delta,5,299,277,306,282.0,306.0,24.0
l2-n32768-zipf-w1,main,2,32768,zipf,1,accept_static_degree,accept_static_degree,,greedy,accept_id,batch_delta_ms,5,10.128179000000003,9.536957999999998,10.595248999999995,9.987048999999999,10.256891000000003,0.26984200000000413
l2-n32768-zipf-w1,main,2,32768,zipf,1,accept_static_degree,accept_static_degree,,greedy,accept_id,selector_delta_ms,5,9.598390000000002,9.265419999999999,9.624493000000001,9.565614,9.622843999999997,0.057229999999997005
l2-n32768-zipf-w1,main,2,32768,zipf,1,accept_static_degree,accept_static_degree,,greedy,accept_id,batch_speedup,5,0.8328719792614425,0.8267180914506941,0.8407295337593335,0.8315856664529925,0.8351413061690062,0.003555639716013692
l2-n32768-zipf-w1,main,2,32768,zipf,1,accept_static_degree,accept_static_degree,,greedy,accept_id,selector_speedup,5,0.7324473961190058,0.731808332364077,0.7402209829968112,0.732433158228021,0.7340582461520643,0.0016250879240432559
l2-n32768-zipf-w1,main,2,32768,zipf,1,accept_static_degree,accept_static_degree,,greedy,accept_id,rate_ratio,5,0.9728274024644045,0.950770589463668,0.9807730605526703,0.958827748893187,0.9748642365592162,0.016036487666029164
l1-n8192-uniform-w1,arity,1,8192,uniform,1,eas_k1_adaptive,eas,1,adaptive,native,commit_delta,5,0,0,0,0.0,0.0,0.0
l1-n8192-uniform-w1,arity,1,8192,uniform,1,eas_k1_adaptive,eas,1,adaptive,native,batch_delta_ms,5,11.161796000000002,10.880219999999998,11.464379,10.915424000000002,11.172509000000002,0.257085
l1-n8192-uniform-w1,arity,1,8192,uniform,1,eas_k1_adaptive,eas,1,adaptive,native,selector_delta_ms,5,11.903301,11.762772,12.185716,11.879948,11.959017,0.07906899999999872
l1-n8192-uniform-w1,arity,1,8192,uniform,1,eas_k1_adaptive,eas,1,adaptive,native,batch_speedup,5,0.39438291553473104,0.3834076968333514,0.4016806604388089,0.39203513062786055,0.39918645856722623,0.0071513279393656815
l1-n8192-uniform-w1,arity,1,8192,uniform,1,eas_k1_adaptive,eas,1,adaptive,native,selector_speedup,5,0.0,0.0,0.0,0.0,0.0,0.0
l1-n8192-uniform-w1,arity,1,8192,uniform,1,eas_k1_adaptive,eas,1,adaptive,native,rate_ratio,5,0.3943829155347989,0.383407696833835,0.4016806604393895,0.3920351306278448,0.39918645856771673,0.007151327939871943
l1-n8192-uniform-w1,arity,1,8192,uniform,1,eas_k1_adaptive,eas,1,adaptive,accept_id,commit_delta,5,0,0,0,0.0,0.0,0.0
l1-n8192-uniform-w1,arity,1,8192,uniform,1,eas_k1_adaptive,eas,1,adaptive,accept_id,batch_delta_ms,5,6.246277000000001,6.042489,6.568821,6.051873999999998,6.467073999999998,0.41520000000000046
l1-n8192-uniform-w1,arity,1,8192,uniform,1,eas_k1_adaptive,eas,1,adaptive,accept_id,selector_delta_ms,5,6.318405,6.169746999999999,6.597594999999999,6.309548,6.392086999999999,0.08253899999999881
l1-n8192-uniform-w1,arity,1,8192,uniform,1,eas_k1_adaptive,eas,1,adaptive,accept_id,batch_speedup,5,0.6593703167417824,0.6466397033315534,0.6688822688968014,0.6467070331956534,0.6655183034991594,0.018811270303506045
l1-n8192-uniform-w1,arity,1,8192,uniform,1,eas_k1_adaptive,eas,1,adaptive,accept_id,selector_speedup,5,0.4671633249710829,0.45725833344316363,0.47554195441142133,0.4655006343748822,0.4688909412734803,0.0033903068985980944
l1-n8192-uniform-w1,arity,1,8192,uniform,1,eas_k1_adaptive,eas,1,adaptive,accept_id,rate_ratio,5,0.6593703167425968,0.6466397033328158,0.6688822688962875,0.6467070331962748,0.665518303500548,0.01881127030427321
l1-n8192-uniform-w1,arity,1,8192,uniform,1,eas_k1_adaptive,eas,1,adaptive,accept_static_degree,commit_delta,5,0,0,0,0.0,0.0,0.0
l1-n8192-uniform-w1,arity,1,8192,uniform,1,eas_k1_adaptive,eas,1,adaptive,accept_static_degree,batch_delta_ms,5,5.576672999999998,5.405710999999998,5.960007999999998,5.436703,5.604116000000001,0.1674130000000016
l1-n8192-uniform-w1,arity,1,8192,uniform,1,eas_k1_adaptive,eas,1,adaptive,accept_static_degree,selector_delta_ms,5,5.554003,5.477064,5.874383999999999,5.519484000000001,5.600223,0.08073899999999856
l1-n8192-uniform-w1,arity,1,8192,uniform,1,eas_k1_adaptive,eas,1,adaptive,accept_static_degree,batch_speedup,5,0.6952911276872793,0.6787349667601166,0.7050533943823518,0.6947277124520952,0.7001162208851428,0.005388508433047612
l1-n8192-uniform-w1,arity,1,8192,uniform,1,eas_k1_adaptive,eas,1,adaptive,accept_static_degree,selector_speedup,5,0.5332235560445752,0.5181772874782538,0.5363064413812605,0.5317154411604231,0.5336398597201408,0.0019244185597177
l1-n8192-uniform-w1,arity,1,8192,uniform,1,eas_k1_adaptive,eas,1,adaptive,accept_static_degree,rate_ratio,5,0.6952911276887148,0.6787349667601454,0.7050533943825297,0.6947277124532736,0.700116220885432,0.005388508432158434
l1-n8192-uniform-w1,arity,1,8192,uniform,1,eas_k2_adaptive,eas,2,adaptive,native,commit_delta,5,-2,-4,-1,-3.0,-2.0,1.0
l1-n8192-uniform-w1,arity,1,8192,uniform,1,eas_k2_adaptive,eas,2,adaptive,native,batch_delta_ms,5,11.068468000000001,10.764925000000002,11.21951,10.94665,11.079260000000001,0.13261000000000145
l1-n8192-uniform-w1,arity,1,8192,uniform,1,eas_k2_adaptive,eas,2,adaptive,native,selector_delta_ms,5,11.813455,11.676729,11.915821,11.764284,11.843631,0.07934700000000028
l1-n8192-uniform-w1,arity,1,8192,uniform,1,eas_k2_adaptive,eas,2,adaptive,native,batch_speedup,5,0.39373320382514726,0.38667074550256136,0.40502578469852724,0.3935226020142638,0.39767057728355876,0.004147975269294946
l1-n8192-uniform-w1,arity,1,8192,uniform,1,eas_k2_adaptive,eas,2,adaptive,native,selector_speedup,5,0.0,0.0,0.0,0.0,0.0,0.0
l1-n8192-uniform-w1,arity,1,8192,uniform,1,eas_k2_adaptive,eas,2,adaptive,native,rate_ratio,5,0.39351987537834965,0.3863902444173084,0.4049533940307507,0.39338379333606666,0.39752732419317227,0.004143530857105615
l1-n8192-uniform-w1,arity,1,8192,uniform,1,eas_k2_adaptive,eas,2,adaptive,accept_id,commit_delta,5,-2,-4,-1,-3.0,-2.0,1.0
l1-n8192-uniform-w1,arity,1,8192,uniform,1,eas_k2_adaptive,eas,2,adaptive,accept_id,batch_delta_ms,5,6.193044,6.045551,6.33929,6.190536000000002,6.28495,0.09441399999999867
l1-n8192-uniform-w1,arity,1,8192,uniform,1,eas_k2_adaptive,eas,2,adaptive,accept_id,selector_delta_ms,5,6.257246,6.0926789999999995,6.3487849999999995,6.247895000000001,6.304817,0.05692199999999925
l1-n8192-uniform-w1,arity,1,8192,uniform,1,eas_k2_adaptive,eas,2,adaptive,accept_id,batch_speedup,5,0.6567535053513648,0.6511863550828693,0.6669159931811329,0.6557467121358493,0.6601933058739292,0.004446593738079874
l1-n8192-uniform-w1,arity,1,8192,uniform,1,eas_k2_adaptive,eas,2,adaptive,accept_id,selector_speedup,5,0.4709075681585531,0.46552435360267647,0.47817508216785076,0.4676992559562003,0.4711817568182347,0.003482500862034388
l1-n8192-uniform-w1,arity,1,8192,uniform,1,eas_k2_adaptive,eas,2,adaptive,accept_id,rate_ratio,5,0.6565218462662944,0.6509517778656132,0.6667967946119217,0.6553914222436569,0.6597143843619669,0.00432296211831007
l1-n8192-uniform-w1,arity,1,8192,uniform,1,eas_k2_adaptive,eas,2,adaptive,accept_static_degree,commit_delta,5,-2,-4,-1,-3.0,-2.0,1.0
l1-n8192-uniform-w1,arity,1,8192,uniform,1,eas_k2_adaptive,eas,2,adaptive,accept_static_degree,batch_delta_ms,5,5.411085000000002,5.352698999999999,5.703675999999998,5.362627,5.679589,0.3169620000000002
l1-n8192-uniform-w1,arity,1,8192,uniform,1,eas_k2_adaptive,eas,2,adaptive,accept_static_degree,selector_delta_ms,5,5.456031000000001,5.3797310000000005,5.604488999999999,5.419651,5.459814000000001,0.040163000000000615
l1-n8192-uniform-w1,arity,1,8192,uniform,1,eas_k2_adaptive,eas,2,adaptive,accept_static_degree,batch_speedup,5,0.7036119933869978,0.6888110581357862,0.7058395749079632,0.6906343304086604,0.70454218511513,0.013907854706469602
l1-n8192-uniform-w1,arity,1,8192,uniform,1,eas_k2_adaptive,eas,2,adaptive,accept_static_degree,selector_speedup,5,0.5388930116375982,0.5296598530642581,0.5393131447693714,0.5376437522057667,0.5390084341533437,0.0013646819475769956
l1-n8192-uniform-w1,arity,1,8192,uniform,1,eas_k2_adaptive,eas,2,adaptive,accept_static_degree,rate_ratio,5,0.7032307696230866,0.6883113765555954,0.7055853099312618,0.6903907204146762,0.704416261578591,0.014025541163914856
l1-n8192-uniform-w1,arity,1,8192,uniform,1,native,native,,native,accept_id,commit_delta,5,0,0,0,0.0,0.0,0.0
l1-n8192-uniform-w1,arity,1,8192,uniform,1,native,native,,native,accept_id,batch_delta_ms,5,-4.872935000000001,-4.967626,-4.60736,-4.885992000000001,-4.783518000000001,0.10247399999999995
l1-n8192-uniform-w1,arity,1,8192,uniform,1,native,native,,native,accept_id,selector_delta_ms,5,-5.548958,-5.58405,-5.529745,-5.5704,-5.539647,0.03075299999999981
l1-n8192-uniform-w1,arity,1,8192,uniform,1,native,native,,native,accept_id,batch_speedup,5,1.6654595186924073,1.6458600318995795,1.707337657132125,1.6644906228936098,1.6689092366988358,0.004418613805226013
l1-n8192-uniform-w1,arity,1,8192,uniform,1,native,native,,native,accept_id,selector_speedup,0,,,,,,
l1-n8192-uniform-w1,arity,1,8192,uniform,1,native,native,,native,accept_id,rate_ratio,5,1.6654595186927492,1.6458600318987626,1.7073376571298118,1.6644906228919771,1.6689092366991072,0.004418613807130045
l1-n8192-uniform-w1,arity,1,8192,uniform,1,native,native,,native,accept_static_degree,commit_delta,5,0,0,0,0.0,0.0,0.0
l1-n8192-uniform-w1,arity,1,8192,uniform,1,native,native,,native,accept_static_degree,batch_delta_ms,5,-5.504371000000001,-5.679281,-5.3996710000000006,-5.601408,-5.425476,0.17593200000000042
l1-n8192-uniform-w1,arity,1,8192,uniform,1,native,native,,native,accept_static_degree,selector_delta_ms,5,-6.334048,-6.383817,-6.277084,-6.344633,-6.321917,0.02271599999999996
l1-n8192-uniform-w1,arity,1,8192,uniform,1,native,native,,native,accept_static_degree,batch_speedup,5,1.7706251018929913,1.7403589163461,1.788308378641356,1.7550054987276877,1.7721371270242687,0.017131628296580992
l1-n8192-uniform-w1,arity,1,8192,uniform,1,native,native,,native,accept_static_degree,selector_speedup,0,,,,,,
l1-n8192-uniform-w1,arity,1,8192,uniform,1,native,native,,native,accept_static_degree,rate_ratio,5,1.7706251018912333,1.7403589163469135,1.7883083786402676,1.755005498726475,1.7721371270243471,0.01713162829787218
l1-n8192-uniform-w1,arity,1,8192,uniform,1,accept_static_degree,accept_static_degree,,greedy,native,commit_delta,5,0,0,0,0.0,0.0,0.0
l1-n8192-uniform-w1,arity,1,8192,uniform,1,accept_static_degree,accept_static_degree,,greedy,native,batch_delta_ms,5,5.504371000000001,5.3996710000000006,5.679281,5.425476,5.601408,0.17593200000000042
l1-n8192-uniform-w1,arity,1,8192,uniform,1,accept_static_degree,accept_static_degree,,greedy,native,selector_delta_ms,5,6.334048,6.277084,6.383817,6.321917,6.344633,0.02271599999999996
l1-n8192-uniform-w1,arity,1,8192,uniform,1,accept_static_degree,accept_static_degree,,greedy,native,batch_speedup,5,0.564772293655439,0.5591876725197344,0.5745941199873354,0.5642904179086732,0.5697987845194571,0.00550836661078391
l1-n8192-uniform-w1,arity,1,8192,uniform,1,accept_static_degree,accept_static_degree,,greedy,native,selector_speedup,5,0.0,0.0,0.0,0.0,0.0,0.0
l1-n8192-uniform-w1,arity,1,8192,uniform,1,accept_static_degree,accept_static_degree,,greedy,native,rate_ratio,5,0.5647722936559997,0.5591876725200748,0.5745941199870669,0.5642904179086482,0.5697987845198508,0.005508366611202575
l1-n8192-uniform-w1,arity,1,8192,uniform,1,accept_static_degree,accept_static_degree,,greedy,accept_id,commit_delta,5,0,0,0,0.0,0.0,0.0
l1-n8192-uniform-w1,arity,1,8192,uniform,1,accept_static_degree,accept_static_degree,,greedy,accept_id,batch_delta_ms,5,0.6829239999999999,0.6088130000000014,0.8904010000000007,0.6288830000000001,0.8738649999999986,0.24498199999999848
l1-n8192-uniform-w1,arity,1,8192,uniform,1,accept_static_degree,accept_static_degree,,greedy,accept_id,selector_delta_ms,5,0.8055199999999996,0.707249,0.8257729999999999,0.7918639999999995,0.8137499999999998,0.021886000000000294
l1-n8192-uniform-w1,arity,1,8192,uniform,1,accept_static_degree,accept_static_degree,,greedy,accept_id,batch_speedup,5,0.9465948345905667,0.9300272613609305,0.9518081797535508,0.9319720503615381,0.9509424545442915,0.01897040418275342
l1-n8192-uniform-w1,arity,1,8192,uniform,1,accept_static_degree,accept_static_degree,,greedy,accept_id,selector_speedup,5,0.8726920894501754,0.8702720323246542,0.887328415550915,0.8725829522912117,0.875469467952571,0.0028865156613592236
l1-n8192-uniform-w1,arity,1,8192,uniform,1,accept_static_degree,accept_static_degree,,greedy,accept_id,rate_ratio,5,0.9465948345906092,0.9300272613608261,0.9518081797532226,0.9319720503625426,0.9509424545451033,0.018970404182560685
l1-n8192-uniform-w1,arity,1,8192,uniform,1,accept_id,accept_id,,greedy,native,commit_delta,5,0,0,0,0.0,0.0,0.0
l1-n8192-uniform-w1,arity,1,8192,uniform,1,accept_id,accept_id,,greedy,native,batch_delta_ms,5,4.872935000000001,4.60736,4.967626,4.783518000000001,4.885992000000001,0.10247399999999995
l1-n8192-uniform-w1,arity,1,8192,uniform,1,accept_id,accept_id,,greedy,native,selector_delta_ms,5,5.548958,5.529745,5.58405,5.539647,5.5704,0.03075299999999981
l1-n8192-uniform-w1,arity,1,8192,uniform,1,accept_id,accept_id,,greedy,native,batch_speedup,5,0.6004348882554192,0.5857072242404207,0.6075850805161382,0.5991937596187298,0.6007843998914001,0.0015906402726703073
l1-n8192-uniform-w1,arity,1,8192,uniform,1,accept_id,accept_id,,greedy,native,selector_speedup,5,0.0,0.0,0.0,0.0,0.0,0.0
l1-n8192-uniform-w1,arity,1,8192,uniform,1,accept_id,accept_id,,greedy,native,rate_ratio,5,0.600434888255296,0.5857072242412142,0.6075850805164399,0.5991937596186323,0.6007843998919893,0.0015906402733569802
l1-n8192-uniform-w1,arity,1,8192,uniform,1,accept_id,accept_id,,greedy,accept_static_degree,commit_delta,5,0,0,0,0.0,0.0,0.0
l1-n8192-uniform-w1,arity,1,8192,uniform,1,accept_id,accept_id,,greedy,accept_static_degree,batch_delta_ms,5,-0.6829239999999999,-0.8904010000000007,-0.6088130000000014,-0.8738649999999986,-0.6288830000000001,0.24498199999999848
l1-n8192-uniform-w1,arity,1,8192,uniform,1,accept_id,accept_id,,greedy,accept_static_degree,selector_delta_ms,5,-0.8055199999999996,-0.8257729999999999,-0.707249,-0.8137499999999998,-0.7918639999999995,0.021886000000000294
l1-n8192-uniform-w1,arity,1,8192,uniform,1,accept_id,accept_id,,greedy,accept_static_degree,batch_speedup,5,1.0564181880757175,1.050631861830529,1.07523729846013,1.051588342934187,1.0729935512680577,0.021405208333870718
l1-n8192-uniform-w1,arity,1,8192,uniform,1,accept_id,accept_id,,greedy,accept_static_degree,selector_speedup,5,1.1458795285173637,1.1269784472969127,1.1490659964434558,1.142244289042614,1.1460228478842258,0.003778558841611712
l1-n8192-uniform-w1,arity,1,8192,uniform,1,accept_id,accept_id,,greedy,accept_static_degree,rate_ratio,5,1.05641818807567,1.0506318618308914,1.0752372984602505,1.0515883429332893,1.0729935512669013,0.021405208333612036
l1-n8192-zipf-w1,arity,1,8192,zipf,1,native,native,,native,accept_id,commit_delta,5,0,0,0,0.0,0.0,0.0
l1-n8192-zipf-w1,arity,1,8192,zipf,1,native,native,,native,accept_id,batch_delta_ms,5,-4.4851339999999995,-4.6579690000000005,-4.288856999999999,-4.587678,-4.448844000000001,0.13883399999999924
l1-n8192-zipf-w1,arity,1,8192,zipf,1,native,native,,native,accept_id,selector_delta_ms,5,-5.164337,-5.262563,-5.114394,-5.167465,-5.140252,0.02721299999999971
l1-n8192-zipf-w1,arity,1,8192,zipf,1,native,native,,native,accept_id,batch_speedup,5,1.7872305976420477,1.7415049126986732,1.8318883240535555,1.7807637399432887,1.8135590154535637,0.032795275510274946
l1-n8192-zipf-w1,arity,1,8192,zipf,1,native,native,,native,accept_id,selector_speedup,0,,,,,,
l1-n8192-zipf-w1,arity,1,8192,zipf,1,native,native,,native,accept_id,rate_ratio,5,1.7872305976440928,1.7415049126961126,1.83188832404939,1.7807637399423666,1.8135590154483303,0.03279527550596373
l1-n8192-zipf-w1,arity,1,8192,zipf,1,native,native,,native,accept_static_degree,commit_delta,5,0,0,0,0.0,0.0,0.0
l1-n8192-zipf-w1,arity,1,8192,zipf,1,native,native,,native,accept_static_degree,batch_delta_ms,5,-5.395675000000001,-5.525249,-5.140966,-5.4800249999999995,-5.233205000000001,0.2468199999999987
l1-n8192-zipf-w1,arity,1,8192,zipf,1,native,native,,native,accept_static_degree,selector_delta_ms,5,-6.024948,-6.101379,-5.97984,-6.035906,-6.010388,0.02551799999999993
l1-n8192-zipf-w1,arity,1,8192,zipf,1,native,native,,native,accept_static_degree,batch_speedup,5,1.9463501499501104,1.8949297481594283,1.9822743311199398,1.9191042553228859,1.9778258477062047,0.058721592383318866
l1-n8192-zipf-w1,arity,1,8192,zipf,1,native,native,,native,accept_static_degree,selector_speedup,0,,,,,,
l1-n8192-zipf-w1,arity,1,8192,zipf,1,native,native,,native,accept_static_degree,rate_ratio,5,1.946350149955546,1.894929748161666,1.982274331125548,1.9191042553202715,1.9778258477036572,0.0587215923833857
l1-n8192-zipf-w1,arity,1,8192,zipf,1,accept_static_degree,accept_static_degree,,greedy,native,commit_delta,5,0,0,0,0.0,0.0,0.0
l1-n8192-zipf-w1,arity,1,8192,zipf,1,accept_static_degree,accept_static_degree,,greedy,native,batch_delta_ms,5,5.395675000000001,5.140966,5.525249,5.233205000000001,5.4800249999999995,0.2468199999999987
l1-n8192-zipf-w1,arity,1,8192,zipf,1,accept_static_degree,accept_static_degree,,greedy,native,selector_delta_ms,5,6.024948,5.97984,6.101379,6.010388,6.035906,0.02551799999999993
l1-n8192-zipf-w1,arity,1,8192,zipf,1,accept_static_degree,accept_static_degree,,greedy,native,batch_speedup,5,0.5137821681394956,0.5044710433368841,0.5277240493856376,0.5056056887717166,0.5210764330423268,0.015470744270610126
l1-n8192-zipf-w1,arity,1,8192,zipf,1,accept_static_degree,accept_static_degree,,greedy,native,selector_speedup,5,0.0,0.0,0.0,0.0,0.0,0.0
l1-n8192-zipf-w1,arity,1,8192,zipf,1,accept_static_degree,accept_static_degree,,greedy,native,rate_ratio,5,0.5137821681380607,0.5044710433354569,0.5277240493850144,0.5056056887723679,0.5210764330430365,0.015470744270668635
l1-n8192-zipf-w1,arity,1,8192,zipf,1,accept_static_degree,accept_static_degree,,greedy,accept_id,commit_delta,5,0,0,0,0.0,0.0,0.0
l1-n8192-zipf-w1,arity,1,8192,zipf,1,accept_static_degree,accept_static_degree,,greedy,accept_id,batch_delta_ms,5,0.8569960000000005,0.7109760000000005,0.9535599999999995,0.7983689999999992,0.8710950000000004,0.07272600000000118
l1-n8192-zipf-w1,arity,1,8192,zipf,1,accept_static_degree,accept_static_degree,,greedy,accept_id,selector_delta_ms,5,0.8585760000000002,0.8330660000000005,0.8956539999999995,0.8558639999999995,0.874962,0.019098000000000503
l1-n8192-zipf-w1,arity,1,8192,zipf,1,accept_static_degree,accept_static_degree,,greedy,accept_id,batch_speedup,5,0.9225064970060421,0.9139082707232596,0.9350508502322535,0.920670488031839,0.927786877631723,0.007116389599883921
l1-n8192-zipf-w1,arity,1,8192,zipf,1,accept_static_degree,accept_static_degree,,greedy,accept_id,selector_speedup,5,0.8574483808748358,0.8516123345857276,0.8603627848803033,0.854779610932453,0.8596818584532876,0.004902247520834568
l1-n8192-zipf-w1,arity,1,8192,zipf,1,accept_static_degree,accept_static_degree,,greedy,accept_id,rate_ratio,5,0.9225064970032414,0.9139082707219663,0.9350508502342867,0.9206704880334675,0.9277868776345972,0.007116389601129702
l1-n8192-zipf-w1,arity,1,8192,zipf,1,eas_k2_adaptive,eas,2,adaptive,native,commit_delta,5,-3,-7,-1,-6.0,-3.0,3.0
l1-n8192-zipf-w1,arity,1,8192,zipf,1,eas_k2_adaptive,eas,2,adaptive,native,batch_delta_ms,5,11.818246,11.625392000000002,11.923835,11.701791,11.825142,0.12335099999999954
l1-n8192-zipf-w1,arity,1,8192,zipf,1,eas_k2_adaptive,eas,2,adaptive,native,selector_delta_ms,5,12.415034,12.339966,12.50471,12.359585,12.495581,0.13599600000000045
l1-n8192-zipf-w1,arity,1,8192,zipf,1,eas_k2_adaptive,eas,2,adaptive,native,batch_speedup,5,0.32336514823618434,0.3195401128625454,0.33129223690600895,0.32189905696951865,0.33062565349759593,0.00872659652807728
l1-n8192-zipf-w1,arity,1,8192,zipf,1,eas_k2_adaptive,eas,2,adaptive,native,selector_speedup,5,0.0,0.0,0.0,0.0,0.0,0.0
l1-n8192-zipf-w1,arity,1,8192,zipf,1,eas_k2_adaptive,eas,2,adaptive,native,rate_ratio,5,0.3232394719261154,0.3191543501515898,0.3303649895425811,0.3215098198995842,0.32984464801671975,0.00833482811713554
l1-n8192-zipf-w1,arity,1,8192,zipf,1,eas_k2_adaptive,eas,2,adaptive,accept_id,commit_delta,5,-3,-7,-1,-6.0,-3.0,3.0
l1-n8192-zipf-w1,arity,1,8192,zipf,1,eas_k2_adaptive,eas,2,adaptive,accept_id,batch_delta_ms,5,7.347125,7.195217000000001,7.394313999999998,7.239736999999998,7.362044000000001,0.12230700000000283
l1-n8192-zipf-w1,arity,1,8192,zipf,1,eas_k2_adaptive,eas,2,adaptive,accept_id,selector_delta_ms,5,7.248150000000001,7.214398000000001,7.326602,7.219332999999999,7.255364,0.036031000000001256
l1-n8192-zipf-w1,arity,1,8192,zipf,1,eas_k2_adaptive,eas,2,adaptive,accept_id,batch_speedup,5,0.5826561623004224,0.5777407498561361,0.5864143005861703,0.5779280871387651,0.5861441871153545,0.008216099976589453
l1-n8192-zipf-w1,arity,1,8192,zipf,1,eas_k2_adaptive,eas,2,adaptive,accept_id,selector_speedup,5,0.41589195753740926,0.4143355031111405,0.42040211610117234,0.4143523521820816,0.4160598113818769,0.0017074591997953137
l1-n8192-zipf-w1,arity,1,8192,zipf,1,eas_k2_adaptive,eas,2,adaptive,accept_id,rate_ratio,5,0.5819527544577497,0.5761237225662038,0.5857052143705502,0.5777034745926722,0.5847595945471641,0.007056119954491846
l1-n8192-zipf-w1,arity,1,8192,zipf,1,eas_k2_adaptive,eas,2,adaptive,accept_static_degree,commit_delta,5,-3,-7,-1,-6.0,-3.0,3.0
l1-n8192-zipf-w1,arity,1,8192,zipf,1,eas_k2_adaptive,eas,2,adaptive,accept_static_degree,batch_delta_ms,5,6.440753999999998,6.338221000000001,6.548756000000001,6.392187,6.489264000000002,0.0970770000000023
l1-n8192-zipf-w1,arity,1,8192,zipf,1,eas_k2_adaptive,eas,2,adaptive,accept_static_degree,selector_delta_ms,5,6.4046460000000005,6.323678999999999,6.485308,6.3813320000000004,6.416548000000001,0.035216000000000136
l1-n8192-zipf-w1,arity,1,8192,zipf,1,eas_k2_adaptive,eas,2,adaptive,accept_static_degree,batch_speedup,5,0.6309190804518592,0.6265123863172459,0.635674981682356,0.6280064703951361,0.6323108833456159,0.004304412950479786
l1-n8192-zipf-w1,arity,1,8192,zipf,1,eas_k2_adaptive,eas,2,adaptive,accept_static_degree,selector_speedup,5,0.4841217510962918,0.481600696260732,0.48835830652890044,0.4836587710629729,0.4874112942182839,0.003752523155310994
l1-n8192-zipf-w1,arity,1,8192,zipf,1,eas_k2_adaptive,eas,2,adaptive,accept_static_degree,rate_ratio,5,0.6291532133711458,0.6250324357987962,0.6349063299534596,0.6272483136875622,0.6320651348507238,0.004816821163161622
l1-n8192-zipf-w1,arity,1,8192,zipf,1,accept_id,accept_id,,greedy,native,commit_delta,5,0,0,0,0.0,0.0,0.0
l1-n8192-zipf-w1,arity,1,8192,zipf,1,accept_id,accept_id,,greedy,native,batch_delta_ms,5,4.4851339999999995,4.288856999999999,4.6579690000000005,4.448844000000001,4.587678,0.13883399999999924
l1-n8192-zipf-w1,arity,1,8192,zipf,1,accept_id,accept_id,,greedy,native,selector_delta_ms,5,5.164337,5.114394,5.262563,5.140252,5.167465,0.02721299999999971
l1-n8192-zipf-w1,arity,1,8192,zipf,1,accept_id,accept_id,,greedy,native,batch_speedup,5,0.5595248880135182,0.5458848046955317,0.5742160086418467,0.5514019623728121,0.5615568070988725,0.01015484472606032
l1-n8192-zipf-w1,arity,1,8192,zipf,1,accept_id,accept_id,,greedy,native,selector_speedup,5,0.0,0.0,0.0,0.0,0.0,0.0
l1-n8192-zipf-w1,arity,1,8192,zipf,1,accept_id,accept_id,,greedy,native,rate_ratio,5,0.5595248880128779,0.545884804696773,0.5742160086426912,0.5514019623744032,0.5615568070991632,0.010154844724760026
l1-n8192-zipf-w1,arity,1,8192,zipf,1,accept_id,accept_id,,greedy,accept_static_degree,commit_delta,5,0,0,0,0.0,0.0,0.0
l1-n8192-zipf-w1,arity,1,8192,zipf,1,accept_id,accept_id,,greedy,accept_static_degree,batch_delta_ms,5,-0.8569960000000005,-0.9535599999999995,-0.7109760000000005,-0.8710950000000004,-0.7983689999999992,0.07272600000000118
l1-n8192-zipf-w1,arity,1,8192,zipf,1,accept_id,accept_id,,greedy,accept_static_degree,selector_delta_ms,5,-0.8585760000000002,-0.8956539999999995,-0.8330660000000005,-0.874962,-0.8558639999999995,0.019098000000000503
l1-n8192-zipf-w1,arity,1,8192,zipf,1,accept_id,accept_id,,greedy,accept_static_degree,batch_speedup,5,1.084003205663548,1.06946055367108,1.0942017180877552,1.0778337397405415,1.0861649341424502,0.00833119440190866
l1-n8192-zipf-w1,arity,1,8192,zipf,1,accept_id,accept_id,,greedy,accept_static_degree,selector_speedup,5,1.1662509630955533,1.1623003895259412,1.1742432083096315,1.1632210103853633,1.169892200527725,0.006671190142361727
l1-n8192-zipf-w1,arity,1,8192,zipf,1,accept_id,accept_id,,greedy,accept_static_degree,rate_ratio,5,1.0840032056668392,1.0694605536687547,1.0942017180893038,1.0778337397372022,1.086164934140529,0.008331194403326858
l1-n8192-zipf-w1,arity,1,8192,zipf,1,eas_k1_adaptive,eas,1,adaptive,native,commit_delta,5,0,0,0,0.0,0.0,0.0
l1-n8192-zipf-w1,arity,1,8192,zipf,1,eas_k1_adaptive,eas,1,adaptive,native,batch_delta_ms,5,12.204833,12.081167,12.350403,12.145442000000001,12.325147999999999,0.1797059999999977
l1-n8192-zipf-w1,arity,1,8192,zipf,1,eas_k1_adaptive,eas,1,adaptive,native,selector_delta_ms,5,12.88865,12.785232,12.916406,12.787659,12.90715,0.11949100000000001
l1-n8192-zipf-w1,arity,1,8192,zipf,1,eas_k1_adaptive,eas,1,adaptive,native,batch_speedup,5,0.31669160061567675,0.30992672711687824,0.32134133134520454,0.3148381691512111,0.32109541515825074,0.006257246007039641
l1-n8192-zipf-w1,arity,1,8192,zipf,1,eas_k1_adaptive,eas,1,adaptive,native,selector_speedup,5,0.0,0.0,0.0,0.0,0.0,0.0
l1-n8192-zipf-w1,arity,1,8192,zipf,1,eas_k1_adaptive,eas,1,adaptive,native,rate_ratio,5,0.3166916006154167,0.30992672711769903,0.3213413313453804,0.3148381691525815,0.3210954151583344,0.006257246005752892
l1-n8192-zipf-w1,arity,1,8192,zipf,1,eas_k1_adaptive,eas,1,adaptive,accept_id,commit_delta,5,0,0,0,0.0,0.0,0.0
l1-n8192-zipf-w1,arity,1,8192,zipf,1,eas_k1_adaptive,eas,1,adaptive,accept_id,batch_delta_ms,5,7.788540999999999,7.631471999999999,7.951886999999999,7.763572,7.827997000000002,0.06442500000000173
l1-n8192-zipf-w1,arity,1,8192,zipf,1,eas_k1_adaptive,eas,1,adaptive,accept_id,selector_delta_ms,5,7.680155000000001,7.615317,7.748941,7.645729,7.742813,0.09708399999999973
l1-n8192-zipf-w1,arity,1,8192,zipf,1,eas_k1_adaptive,eas,1,adaptive,accept_id,batch_speedup,5,0.567960369475463,0.5585497326794288,0.570977600073073,0.5600474593375611,0.5683149556616871,0.008267496324126045
l1-n8192-zipf-w1,arity,1,8192,zipf,1,eas_k1_adaptive,eas,1,adaptive,accept_id,selector_speedup,5,0.40011443269815566,0.3992401793200584,0.40914548847241566,0.4000698801199033,0.4038204564202337,0.003750576300330377
l1-n8192-zipf-w1,arity,1,8192,zipf,1,eas_k1_adaptive,eas,1,adaptive,accept_id,rate_ratio,5,0.5679603694754621,0.5585497326805899,0.5709776000739106,0.5600474593364805,0.5683149556639909,0.008267496327510448
l1-n8192-zipf-w1,arity,1,8192,zipf,1,eas_k1_adaptive,eas,1,adaptive,accept_static_degree,commit_delta,5,0,0,0,0.0,0.0,0.0
l1-n8192-zipf-w1,arity,1,8192,zipf,1,eas_k1_adaptive,eas,1,adaptive,accept_static_degree,batch_delta_ms,5,6.954559,6.6654170000000015,6.998327,6.799899,6.991263,0.1913640000000001
l1-n8192-zipf-w1,arity,1,8192,zipf,1,eas_k1_adaptive,eas,1,adaptive,accept_static_degree,selector_delta_ms,5,6.847089,6.740684000000001,6.892494999999999,6.759453000000001,6.871029,0.11157599999999945
l1-n8192-zipf-w1,arity,1,8192,zipf,1,eas_k1_adaptive,eas,1,adaptive,accept_static_degree,batch_speedup,5,0.6128048922178416,0.6089192480791839,0.6239402648005792,0.6107194020181295,0.6191734350259906,0.008454033007861184
l1-n8192-zipf-w1,arity,1,8192,zipf,1,eas_k1_adaptive,eas,1,adaptive,accept_static_degree,selector_speedup,5,0.4680386324183368,0.4644045647751119,0.47547912202751463,0.4658174456049861,0.47277577755335215,0.006958331948366037
l1-n8192-zipf-w1,arity,1,8192,zipf,1,eas_k1_adaptive,eas,1,adaptive,accept_static_degree,rate_ratio,5,0.6128048922175264,0.6089192480802362,0.623940264803688,0.6107194020182107,0.619173435026806,0.008454033008595263
l3-n8192-uniform-w1,arity,3,8192,uniform,1,eas_k1_adaptive,eas,1,adaptive,native,commit_delta,5,1076,1057,1126,1065.0,1077.0,12.0
l3-n8192-uniform-w1,arity,3,8192,uniform,1,eas_k1_adaptive,eas,1,adaptive,native,batch_delta_ms,5,47.575419000000004,47.325057,48.37012,47.464933,47.68538,0.22044700000000006
l3-n8192-uniform-w1,arity,3,8192,uniform,1,eas_k1_adaptive,eas,1,adaptive,native,selector_delta_ms,5,47.60358,47.392782,48.062776,47.603471,47.680107,0.07663600000000059
l3-n8192-uniform-w1,arity,3,8192,uniform,1,eas_k1_adaptive,eas,1,adaptive,native,batch_speedup,5,0.1703319014169147,0.1679715079582437,0.17165411678218864,0.16921780768178804,0.1710600980094237,0.001842290327635665
l3-n8192-uniform-w1,arity,3,8192,uniform,1,eas_k1_adaptive,eas,1,adaptive,native,selector_speedup,5,0.0,0.0,0.0,0.0,0.0,0.0
l3-n8192-uniform-w1,arity,3,8192,uniform,1,eas_k1_adaptive,eas,1,adaptive,native,rate_ratio,5,0.33265857514589386,0.32276303708810294,0.3440580979711505,0.330784810228165,0.33343432419090163,0.002649513962736605
l3-n8192-uniform-w1,arity,3,8192,uniform,1,eas_k1_adaptive,eas,1,adaptive,accept_id,commit_delta,5,247,222,266,246.0,259.0,13.0
l3-n8192-uniform-w1,arity,3,8192,uniform,1,eas_k1_adaptive,eas,1,adaptive,accept_id,batch_delta_ms,5,39.3506,39.132026999999994,39.829314,39.308899,39.410122,0.1012230000000045
l3-n8192-uniform-w1,arity,3,8192,uniform,1,eas_k1_adaptive,eas,1,adaptive,accept_id,selector_delta_ms,5,38.734223,38.460727999999996,39.019037000000004,38.694851,38.810914,0.11606299999999692
l3-n8192-uniform-w1,arity,3,8192,uniform,1,eas_k1_adaptive,eas,1,adaptive,accept_id,batch_speedup,5,0.31387771760076155,0.3131004717730749,0.3146612806890698,0.31339065443772923,0.3145247748606073,0.0011341204228780821
l3-n8192-uniform-w1,arity,3,8192,uniform,1,eas_k1_adaptive,eas,1,adaptive,accept_id,selector_speedup,5,0.18631701649329738,0.18495180443841666,0.18783235407190055,0.18582855323744712,0.18696355750363827,0.0011350042661911475
l3-n8192-uniform-w1,arity,3,8192,uniform,1,eas_k1_adaptive,eas,1,adaptive,accept_id,rate_ratio,5,0.3529246133995263,0.3481702521622282,0.357896257553876,0.3527960233114066,0.35632655251712614,0.003530529205719557
l3-n8192-uniform-w1,arity,3,8192,uniform,1,eas_k1_adaptive,eas,1,adaptive,accept_static_degree,commit_delta,5,-84,-92,-43,-85.0,-59.0,26.0
l3-n8192-uniform-w1,arity,3,8192,uniform,1,eas_k1_adaptive,eas,1,adaptive,accept_static_degree,batch_delta_ms,5,8.150151000000001,8.1372,8.502823,8.141711999999998,8.308606999999995,0.16689499999999668
l3-n8192-uniform-w1,arity,3,8192,uniform,1,eas_k1_adaptive,eas,1,adaptive,accept_static_degree,selector_delta_ms,5,7.845179000000002,7.757129000000006,8.278855999999998,7.764797999999999,8.132294000000002,0.3674960000000027
l3-n8192-uniform-w1,arity,3,8192,uniform,1,eas_k1_adaptive,eas,1,adaptive,accept_static_degree,batch_speedup,5,0.8576636488426435,0.8535675412808462,0.8581144715497254,0.8545717461317651,0.8579055244265261,0.003333778294761003
l3-n8192-uniform-w1,arity,3,8192,uniform,1,eas_k1_adaptive,eas,1,adaptive,accept_static_degree,selector_speedup,5,0.8351973325642578,0.8277491087905535,0.836243984594482,0.8304668740558048,0.8359088044264398,0.005441930370635006
l3-n8192-uniform-w1,arity,3,8192,uniform,1,eas_k1_adaptive,eas,1,adaptive,accept_static_degree,rate_ratio,5,0.8237450630232295,0.8222302714074007,0.841675899459472,0.8227127117373981,0.8354111619105226,0.012698450173124431
l3-n8192-uniform-w1,arity,3,8192,uniform,1,accept_static_degree,accept_static_degree,,greedy,native,commit_delta,5,1150,1135,1169,1141.0,1169.0,28.0
l3-n8192-uniform-w1,arity,3,8192,uniform,1,accept_static_degree,accept_static_degree,,greedy,native,batch_delta_ms,5,39.489771,39.016450000000006,39.867297,39.434529000000005,39.568905,0.13437599999999605
l3-n8192-uniform-w1,arity,3,8192,uniform,1,accept_static_degree,accept_static_degree,,greedy,native,selector_delta_ms,5,39.653749,39.505171,39.766935,39.612911,39.7216,0.10868900000000536
l3-n8192-uniform-w1,arity,3,8192,uniform,1,accept_static_degree,accept_static_degree,,greedy,native,batch_speedup,5,0.19732562843579415,0.19563509137081084,0.200865658804172,0.1968255155178432,0.19976520538239428,0.0029396898645510927
l3-n8192-uniform-w1,arity,3,8192,uniform,1,accept_static_degree,accept_static_degree,,greedy,native,selector_speedup,5,0.0,0.0,0.0,0.0,0.0,0.0
l3-n8192-uniform-w1,arity,3,8192,uniform,1,accept_static_degree,accept_static_degree,,greedy,native,rate_ratio,5,0.4008051499491773,0.3902468082457707,0.40626916072063207,0.3988288648277871,0.4052864620102413,0.0064575971824542
l3-n8192-uniform-w1,arity,3,8192,uniform,1,accept_static_degree,accept_static_degree,,greedy,accept_id,commit_delta,5,318,289,351,306.0,339.0,33.0
l3-n8192-uniform-w1,arity,3,8192,uniform,1,accept_static_degree,accept_static_degree,,greedy,accept_id,batch_delta_ms,5,31.179954000000002,30.997021999999998,31.764392000000004,31.16554,31.213400000000004,0.047860000000003566
l3-n8192-uniform-w1,arity,3,8192,uniform,1,accept_static_degree,accept_static_degree,,greedy,accept_id,selector_delta_ms,5,30.810204999999996,30.655882,30.839182,30.799498,30.834880999999996,0.035382999999995945
l3-n8192-uniform-w1,arity,3,8192,uniform,1,accept_static_degree,accept_static_degree,,greedy,accept_id,batch_speedup,5,0.3647655747277681,0.36225075396552064,0.366881913572626,0.36466348490222406,0.3658754363963306,0.0012119514941065224
l3-n8192-uniform-w1,arity,3,8192,uniform,1,accept_static_degree,accept_static_degree,,greedy,accept_id,selector_speedup,5,0.2237695384648714,0.22221810459726127,0.22470436138160077,0.22328912708858878,0.2240033083263961,0.0007141812378073098
l3-n8192-uniform-w1,arity,3,8192,uniform,1,accept_static_degree,accept_static_degree,,greedy,accept_id,rate_ratio,5,0.426528359642974,0.4177823090652494,0.4324499714804689,0.4181784687539047,0.4279195736212768,0.009741104867372119
l3-n8192-uniform-w1,arity,3,8192,uniform,1,accept_id,accept_id,,greedy,native,commit_delta,5,830,799,880,817.0,835.0,18.0
l3-n8192-uniform-w1,arity,3,8192,uniform,1,accept_id,accept_id,,greedy,native,batch_delta_ms,5,8.222574999999999,8.19303,8.339756000000001,8.221129,8.291044,0.06991499999999995
l3-n8192-uniform-w1,arity,3,8192,uniform,1,accept_id,accept_id,,greedy,native,selector_delta_ms,5,8.869357,8.853291,8.932054,8.854251,8.882418,0.02816699999999983
l3-n8192-uniform-w1,arity,3,8192,uniform,1,accept_id,accept_id,,greedy,native,batch_speedup,5,0.5411170479235189,0.5384904932624004,0.5448309839131426,0.5399580532654705,0.543632497887325,0.0036744446218545113
l3-n8192-uniform-w1,arity,3,8192,uniform,1,accept_id,accept_id,,greedy,native,selector_speedup,5,0.0,0.0,0.0,0.0,0.0,0.0
l3-n8192-uniform-w1,arity,3,8192,uniform,1,accept_id,accept_id,,greedy,native,rate_ratio,5,0.9335778453667307,0.9300698831547018,0.9724422310500007,0.930504060724981,0.9372676137317234,0.006763553006742362
l3-n8192-uniform-w1,arity,3,8192,uniform,1,accept_id,accept_id,,greedy,accept_static_degree,commit_delta,5,-318,-351,-289,-339.0,-306.0,33.0
l3-n8192-uniform-w1,arity,3,8192,uniform,1,accept_id,accept_id,,greedy,accept_static_degree,batch_delta_ms,5,-31.179954000000002,-31.764392000000004,-30.997021999999998,-31.213400000000004,-31.16554,0.047860000000003566
l3-n8192-uniform-w1,arity,3,8192,uniform,1,accept_id,accept_id,,greedy,accept_static_degree,selector_delta_ms,5,-30.810204999999996,-30.839182,-30.655882,-30.834880999999996,-30.799498,0.035382999999995945
l3-n8192-uniform-w1,arity,3,8192,uniform,1,accept_id,accept_id,,greedy,accept_static_degree,batch_speedup,5,2.7414867774907763,2.7256726565291567,2.760518754076026,2.733170638208029,2.742254273876987,0.009083635668957868
l3-n8192-uniform-w1,arity,3,8192,uniform,1,accept_id,accept_id,,greedy,accept_static_degree,selector_speedup,5,4.468883507828236,4.450291902887302,4.500083383450497,4.464219780820809,4.478498407149289,0.01427862632847976
l3-n8192-uniform-w1,arity,3,8192,uniform,1,accept_id,accept_id,,greedy,accept_static_degree,rate_ratio,5,2.3445099895281314,2.312406211004141,2.3935910599886596,2.3368877276107813,2.3913235011353335,0.0544357735245522
l3-n8192-uniform-w1,arity,3,8192,uniform,1,eas_k2_adaptive,eas,2,adaptive,native,commit_delta,5,1075,1057,1122,1058.0,1078.0,20.0
l3-n8192-uniform-w1,arity,3,8192,uniform,1,eas_k2_adaptive,eas,2,adaptive,native,batch_delta_ms,5,47.044303,46.964487000000005,47.692805,47.02970499999999,47.653559,0.6238540000000086
l3-n8192-uniform-w1,arity,3,8192,uniform,1,eas_k2_adaptive,eas,2,adaptive,native,selector_delta_ms,5,47.02235,46.805538,47.349376,46.915473,47.191331,0.2758579999999995
l3-n8192-uniform-w1,arity,3,8192,uniform,1,eas_k2_adaptive,eas,2,adaptive,native,batch_speedup,5,0.17211097337100234,0.1693116724591447,0.17377430546716513,0.16945715436360073,0.17259127111505387,0.003134116751453142
l3-n8192-uniform-w1,arity,3,8192,uniform,1,eas_k2_adaptive,eas,2,adaptive,native,selector_speedup,5,0.0,0.0,0.0,0.0,0.0,0.0
l3-n8192-uniform-w1,arity,3,8192,uniform,1,eas_k2_adaptive,eas,2,adaptive,native,rate_ratio,5,0.3341855762830244,0.3256177578188609,0.3470281039168068,0.33111839489653816,0.33778429526190973,0.006665900365371569
l3-n8192-uniform-w1,arity,3,8192,uniform,1,eas_k2_adaptive,eas,2,adaptive,accept_id,commit_delta,5,248,222,259,242.0,258.0,16.0
l3-n8192-uniform-w1,arity,3,8192,uniform,1,eas_k2_adaptive,eas,2,adaptive,accept_id,batch_delta_ms,5,38.823488999999995,38.561122000000005,39.378301,38.745537,39.353049,0.6075119999999998
l3-n8192-uniform-w1,arity,3,8192,uniform,1,eas_k2_adaptive,eas,2,adaptive,accept_id,selector_delta_ms,5,38.112767,37.936181,38.495125,38.042038999999995,38.349621,0.3075820000000036
l3-n8192-uniform-w1,arity,3,8192,uniform,1,eas_k2_adaptive,eas,2,adaptive,accept_id,batch_speedup,5,0.31618759634261706,0.31415405669091157,0.3186269085733683,0.314689221971141,0.31692247917188715,0.0022332572007461304
l3-n8192-uniform-w1,arity,3,8192,uniform,1,eas_k2_adaptive,eas,2,adaptive,accept_id,selector_speedup,5,0.1876290579016437,0.18699826160327856,0.19049604912030416,0.18735877570395293,0.18982737270293346,0.0024685969989805268
l3-n8192-uniform-w1,arity,3,8192,uniform,1,eas_k2_adaptive,eas,2,adaptive,accept_id,rate_ratio,5,0.3547548333980202,0.34993695520808715,0.36065438424319474,0.35394476458566604,0.359474538325839,0.0055297737401729385
l3-n8192-uniform-w1,arity,3,8192,uniform,1,eas_k2_adaptive,eas,2,adaptive,accept_static_degree,commit_delta,5,-84,-92,-47,-91.0,-60.0,31.0
l3-n8192-uniform-w1,arity,3,8192,uniform,1,eas_k2_adaptive,eas,2,adaptive,accept_static_degree,batch_delta_ms,5,7.550423000000002,7.437496000000003,8.019126999999997,7.532136999999999,7.953621999999996,0.421484999999997
l3-n8192-uniform-w1,arity,3,8192,uniform,1,eas_k2_adaptive,eas,2,adaptive,accept_static_degree,selector_delta_ms,5,7.302562000000002,7.119779999999999,7.695627000000002,7.154532999999994,7.6787589999999994,0.5242260000000059
l3-n8192-uniform-w1,arity,3,8192,uniform,1,eas_k2_adaptive,eas,2,adaptive,accept_static_degree,batch_speedup,5,0.8662032146606976,0.8602120106922609,0.868802115138667,0.8613781896011006,0.8670667874174331,0.0056885978163325746
l3-n8192-uniform-w1,arity,3,8192,uniform,1,eas_k2_adaptive,eas,2,adaptive,accept_static_degree,selector_speedup,5,0.844346405715658,0.837284542790285,0.8477630249321113,0.8374714167299692,0.8475738060771539,0.01010238934718477
l3-n8192-uniform-w1,arity,3,8192,uniform,1,eas_k2_adaptive,eas,2,adaptive,accept_static_degree,rate_ratio,5,0.8312511551225162,0.8261330847134186,0.8491379977092675,0.8297541651577858,0.8458785764809198,0.016124411323134025
l3-n8192-uniform-w1,arity,3,8192,uniform,1,native,native,,native,accept_id,commit_delta,5,-830,-880,-799,-835.0,-817.0,18.0
l3-n8192-uniform-w1,arity,3,8192,uniform,1,native,native,,native,accept_id,batch_delta_ms,5,-8.222574999999999,-8.339756000000001,-8.19303,-8.291044,-8.221129,0.06991499999999995
l3-n8192-uniform-w1,arity,3,8192,uniform,1,native,native,,native,accept_id,selector_delta_ms,5,-8.869357,-8.932054,-8.853291,-8.882418,-8.854251,0.02816699999999983
l3-n8192-uniform-w1,arity,3,8192,uniform,1,native,native,,native,accept_id,batch_speedup,5,1.848029005623455,1.8354315916794866,1.8570429979953447,1.8394779633046574,1.8519957132824718,0.012517749977814407
l3-n8192-uniform-w1,arity,3,8192,uniform,1,native,native,,native,accept_id,selector_speedup,0,,,,,,
l3-n8192-uniform-w1,arity,3,8192,uniform,1,native,native,,native,accept_id,rate_ratio,5,1.0711479551093857,1.028338720872132,1.0751880241601872,1.0669311361549216,1.0746863363722161,0.007755200217294478
l3-n8192-uniform-w1,arity,3,8192,uniform,1,native,native,,native,accept_static_degree,commit_delta,5,-1150,-1169,-1135,-1169.0,-1141.0,28.0
l3-n8192-uniform-w1,arity,3,8192,uniform,1,native,native,,native,accept_static_degree,batch_delta_ms,5,-39.489771,-39.867297,-39.016450000000006,-39.568905,-39.434529000000005,0.13437599999999605
l3-n8192-uniform-w1,arity,3,8192,uniform,1,native,native,,native,accept_static_degree,selector_delta_ms,5,-39.653749,-39.766935,-39.505171,-39.7216,-39.612911,0.10868900000000536
l3-n8192-uniform-w1,arity,3,8192,uniform,1,native,native,,native,accept_static_degree,batch_speedup,5,5.067765438919558,4.978451796854535,5.111557405131267,5.005876764603633,5.080642097489363,0.07476533288573073
l3-n8192-uniform-w1,arity,3,8192,uniform,1,native,native,,native,accept_static_degree,selector_speedup,0,,,,,,
l3-n8192-uniform-w1,arity,3,8192,uniform,1,native,native,,native,accept_static_degree,rate_ratio,5,2.4949779216329966,2.4614223689197083,2.562480919434496,2.4673905835392316,2.507341088343233,0.03995050480400142
l3-n8192-zipf-w1,arity,3,8192,zipf,1,native,native,,native,accept_id,commit_delta,5,-329,-344,-316,-339.0,-322.0,17.0
l3-n8192-zipf-w1,arity,3,8192,zipf,1,native,native,,native,accept_id,batch_delta_ms,5,-7.482100000000001,-7.697363000000001,-7.376238000000001,-7.509391000000001,-7.392697,0.11669400000000074
l3-n8192-zipf-w1,arity,3,8192,zipf,1,native,native,,native,accept_id,selector_delta_ms,5,-8.124725,-8.165775,-8.070681,-8.141652,-8.100581,0.041071000000000524
l3-n8192-zipf-w1,arity,3,8192,zipf,1,native,native,,native,accept_id,batch_speedup,5,1.9095836518210412,1.8697828400685799,1.9474834584243126,1.887795490141286,1.9154996046330233,0.027704114491737375
l3-n8192-zipf-w1,arity,3,8192,zipf,1,native,native,,native,accept_id,selector_speedup,0,,,,,,
l3-n8192-zipf-w1,arity,3,8192,zipf,1,native,native,,native,accept_id,rate_ratio,5,0.5448532208736586,0.5137142594836438,0.5467439508383422,0.540846276051808,0.545650262836979,0.004803986785171022
l3-n8192-zipf-w1,arity,3,8192,zipf,1,native,native,,native,accept_static_degree,commit_delta,5,-403,-426,-394,-420.0,-401.0,19.0
l3-n8192-zipf-w1,arity,3,8192,zipf,1,native,native,,native,accept_static_degree,batch_delta_ms,5,-34.881675,-35.064588,-34.689062,-34.966943,-34.761105,0.20583799999999997
l3-n8192-zipf-w1,arity,3,8192,zipf,1,native,native,,native,accept_static_degree,selector_delta_ms,5,-35.55797,-35.696786,-35.499184,-35.634292,-35.522977,0.11131500000000472
l3-n8192-zipf-w1,arity,3,8192,zipf,1,native,native,,native,accept_static_degree,batch_speedup,5,5.222859148619662,5.121615858317406,5.2809387302117825,5.201261951884214,5.22908096623154,0.027819014347326032
l3-n8192-zipf-w1,arity,3,8192,zipf,1,native,native,,native,accept_static_degree,selector_speedup,0,,,,,,
l3-n8192-zipf-w1,arity,3,8192,zipf,1,native,native,,native,accept_static_degree,rate_ratio,5,1.265259666690961,1.2162646769631658,1.2775338924701891,1.2563935470319623,1.266830777675002,0.010437230643039808
l3-n8192-zipf-w1,arity,3,8192,zipf,1,accept_static_degree,accept_static_degree,,greedy,native,commit_delta,5,403,394,426,401.0,420.0,19.0
l3-n8192-zipf-w1,arity,3,8192,zipf,1,accept_static_degree,accept_static_degree,,greedy,native,batch_delta_ms,5,34.881675,34.689062,35.064588,34.761105,34.966943,0.20583799999999997
l3-n8192-zipf-w1,arity,3,8192,zipf,1,accept_static_degree,accept_static_degree,,greedy,native,selector_delta_ms,5,35.55797,35.499184,35.696786,35.522977,35.634292,0.11131500000000472
l3-n8192-zipf-w1,arity,3,8192,zipf,1,accept_static_degree,accept_static_degree,,greedy,native,batch_speedup,5,0.19146600962124122,0.18936027306643205,0.19525087934426383,0.19123819394991576,0.19226103381271523,0.0010228398627994684
l3-n8192-zipf-w1,arity,3,8192,zipf,1,accept_static_degree,accept_static_degree,,greedy,native,selector_speedup,5,0.0,0.0,0.0,0.0,0.0,0.0
l3-n8192-zipf-w1,arity,3,8192,zipf,1,accept_static_degree,accept_static_degree,,greedy,native,rate_ratio,5,0.7903515984314148,0.7827580981561589,0.8221894616695217,0.7893714122065197,0.7959289526457273,0.006557540439207532
l3-n8192-zipf-w1,arity,3,8192,zipf,1,accept_static_degree,accept_static_degree,,greedy,accept_id,commit_delta,5,79,74,82,78.0,81.0,3.0
l3-n8192-zipf-w1,arity,3,8192,zipf,1,accept_static_degree,accept_static_degree,,greedy,accept_id,batch_delta_ms,5,27.52084,27.320195,27.604171,27.49725,27.582487999999998,0.08523799999999682
l3-n8192-zipf-w1,arity,3,8192,zipf,1,accept_static_degree,accept_static_degree,,greedy,accept_id,selector_delta_ms,5,27.468517000000002,27.345753000000002,27.479088999999995,27.460550000000005,27.474334,0.013783999999994023
l3-n8192-zipf-w1,arity,3,8192,zipf,1,accept_static_degree,accept_static_degree,,greedy,accept_id,batch_speedup,5,0.36378400108930176,0.3626702990412566,0.36631668490179703,0.3629495125615451,0.36600851076898433,0.003058998207439212
l3-n8192-zipf-w1,arity,3,8192,zipf,1,accept_static_degree,accept_static_degree,,greedy,accept_id,selector_speedup,5,0.22891945727259147,0.22644183228224374,0.22942370680527358,0.22733682490873355,0.22915496679434516,0.0018181418856116072
l3-n8192-zipf-w1,arity,3,8192,zipf,1,accept_static_degree,accept_static_degree,,greedy,accept_id,rate_ratio,5,0.428018217138295,0.4223704504568141,0.43062561402800076,0.42451512898329474,0.428419882830619,0.0039047538473242493
l3-n8192-zipf-w1,arity,3,8192,zipf,1,accept_id,accept_id,,greedy,native,commit_delta,5,329,316,344,322.0,339.0,17.0
l3-n8192-zipf-w1,arity,3,8192,zipf,1,accept_id,accept_id,,greedy,native,batch_delta_ms,5,7.482100000000001,7.376238000000001,7.697363000000001,7.392697,7.509391000000001,0.11669400000000074
l3-n8192-zipf-w1,arity,3,8192,zipf,1,accept_id,accept_id,,greedy,native,selector_delta_ms,5,8.124725,8.070681,8.165775,8.100581,8.141652,0.041071000000000524
l3-n8192-zipf-w1,arity,3,8192,zipf,1,accept_id,accept_id,,greedy,native,batch_speedup,5,0.5236743617104008,0.5134831803958371,0.5348214661994235,0.5220570119572449,0.5297183965224741,0.007661384565229246
l3-n8192-zipf-w1,arity,3,8192,zipf,1,accept_id,accept_id,,greedy,native,selector_speedup,5,0.0,0.0,0.0,0.0,0.0,0.0
l3-n8192-zipf-w1,arity,3,8192,zipf,1,accept_id,accept_id,,greedy,native,rate_ratio,5,1.835356682661295,1.8290097192052404,1.9466074408858005,1.8326757414185733,1.8489542117217226,0.01627847030314933
l3-n8192-zipf-w1,arity,3,8192,zipf,1,accept_id,accept_id,,greedy,accept_static_degree,commit_delta,5,-79,-82,-74,-81.0,-78.0,3.0
l3-n8192-zipf-w1,arity,3,8192,zipf,1,accept_id,accept_id,,greedy,accept_static_degree,batch_delta_ms,5,-27.52084,-27.604171,-27.320195,-27.582487999999998,-27.49725,0.08523799999999682
l3-n8192-zipf-w1,arity,3,8192,zipf,1,accept_id,accept_id,,greedy,accept_static_degree,selector_delta_ms,5,-27.468517000000002,-27.479088999999995,-27.345753000000002,-27.474334,-27.460550000000005,0.013783999999994023
l3-n8192-zipf-w1,arity,3,8192,zipf,1,accept_id,accept_id,,greedy,accept_static_degree,batch_speedup,5,2.748883944883876,2.7298783845133405,2.7573253245263465,2.732176904572516,2.7552041410454593,0.023027236472943358
l3-n8192-zipf-w1,arity,3,8192,zipf,1,accept_id,accept_id,,greedy,accept_static_degree,selector_speedup,5,4.368348640671576,4.358747463045583,4.416145152692329,4.363859156050712,4.3987594196472966,0.034900263596584935
l3-n8192-zipf-w1,arity,3,8192,zipf,1,accept_id,accept_id,,greedy,accept_static_degree,rate_ratio,5,2.336349155150316,2.322202784563058,2.367589870263063,2.3341587075578425,2.35562864954891,0.021469941991067554
l3-n8192-zipf-w1,arity,3,8192,zipf,1,eas_k2_adaptive,eas,2,adaptive,native,commit_delta,5,405,393,424,398.0,412.0,14.0
l3-n8192-zipf-w1,arity,3,8192,zipf,1,eas_k2_adaptive,eas,2,adaptive,native,batch_delta_ms,5,65.06844500000001,64.641899,65.69289800000001,64.682912,65.53900399999999,0.8560919999999896
l3-n8192-zipf-w1,arity,3,8192,zipf,1,eas_k2_adaptive,eas,2,adaptive,native,selector_delta_ms,5,65.46605,65.209936,66.180792,65.448684,65.948368,0.499684000000002
l3-n8192-zipf-w1,arity,3,8192,zipf,1,eas_k2_adaptive,eas,2,adaptive,native,batch_speedup,5,0.11214307344975102,0.11129417328991455,0.11617063828715862,0.1115298382637073,0.11310725620720728,0.001577417943499984
l3-n8192-zipf-w1,arity,3,8192,zipf,1,eas_k2_adaptive,eas,2,adaptive,native,selector_speedup,5,0.0,0.0,0.0,0.0,0.0,0.0
l3-n8192-zipf-w1,arity,3,8192,zipf,1,eas_k2_adaptive,eas,2,adaptive,native,rate_ratio,5,0.4678812727170856,0.4557557088339733,0.48139465676117377,0.4573494933622486,0.46800171424409504,0.01065222088184642
l3-n8192-zipf-w1,arity,3,8192,zipf,1,eas_k2_adaptive,eas,2,adaptive,accept_id,commit_delta,5,76,73,80,76.0,77.0,1.0
l3-n8192-zipf-w1,arity,3,8192,zipf,1,eas_k2_adaptive,eas,2,adaptive,accept_id,batch_delta_ms,5,57.651742999999996,57.420738,58.181811,57.453866,57.98923,0.5353640000000013
l3-n8192-zipf-w1,arity,3,8192,zipf,1,eas_k2_adaptive,eas,2,adaptive,accept_id,selector_delta_ms,5,57.373895,57.068841,58.039139999999996,57.282909000000004,57.890964,0.6080549999999931
l3-n8192-zipf-w1,arity,3,8192,zipf,1,eas_k2_adaptive,eas,2,adaptive,accept_id,batch_speedup,5,0.2136099009120757,0.2112003381131008,0.21484294870040144,0.21318394493479048,0.21427885997852175,0.0010949150437312705
l3-n8192-zipf-w1,arity,3,8192,zipf,1,eas_k2_adaptive,eas,2,adaptive,accept_id,selector_speedup,5,0.12360841993674584,0.12243760671664673,0.12477721330324615,0.12302137454021404,0.124659462509914,0.0016380879696999556
l3-n8192-zipf-w1,arity,3,8192,zipf,1,eas_k2_adaptive,eas,2,adaptive,accept_id,rate_ratio,5,0.24891732255016036,0.24671189938870378,0.2525261082675084,0.24721013740679765,0.24918834452335709,0.0019782071165594384
l3-n8192-zipf-w1,arity,3,8192,zipf,1,eas_k2_adaptive,eas,2,adaptive,accept_static_degree,commit_delta,5,-2,-8,2,-3.0,-1.0,2.0
l3-n8192-zipf-w1,arity,3,8192,zipf,1,eas_k2_adaptive,eas,2,adaptive,accept_static_degree,batch_delta_ms,5,29.988201000000004,29.710200999999998,30.809559,29.883883999999995,30.777898999999998,0.8940150000000031
l3-n8192-zipf-w1,arity,3,8192,zipf,1,eas_k2_adaptive,eas,2,adaptive,accept_static_degree,selector_delta_ms,5,29.868962999999994,29.634649999999993,30.693386999999994,29.814391999999998,30.425391000000005,0.6109990000000067
l3-n8192-zipf-w1,arity,3,8192,zipf,1,eas_k2_adaptive,eas,2,adaptive,accept_static_degree,batch_speedup,5,0.5905783323540437,0.5819662432027668,0.5934667080084465,0.5830517837620178,0.5908365271294131,0.007784743367395319
l3-n8192-zipf-w1,arity,3,8192,zipf,1,eas_k2_adaptive,eas,2,adaptive,accept_static_degree,selector_speedup,5,0.5431237373103257,0.5362191041775385,0.5473279661748341,0.5386483104479552,0.5444615509763344,0.005813240528379171
l3-n8192-zipf-w1,arity,3,8192,zipf,1,eas_k2_adaptive,eas,2,adaptive,accept_static_degree,rate_ratio,5,0.5852687106973754,0.5786658675327985,0.5913696525047618,0.5823352821343752,0.5894360144982991,0.007100732363923834
l3-n8192-zipf-w1,arity,3,8192,zipf,1,eas_k1_adaptive,eas,1,adaptive,native,commit_delta,5,407,395,425,401.0,413.0,12.0
l3-n8192-zipf-w1,arity,3,8192,zipf,1,eas_k1_adaptive,eas,1,adaptive,native,batch_delta_ms,5,69.513238,68.769862,71.471758,69.505788,70.20006699999999,0.6942789999999945
l3-n8192-zipf-w1,arity,3,8192,zipf,1,eas_k1_adaptive,eas,1,adaptive,native,selector_delta_ms,5,70.368371,69.384,71.844249,69.893937,70.654736,0.7607990000000058
l3-n8192-zipf-w1,arity,3,8192,zipf,1,eas_k1_adaptive,eas,1,adaptive,native,batch_speedup,5,0.10570222256919685,0.10295050858580884,0.10988846907317654,0.10427558953993175,0.1059076381040727,0.0016320485641409394
l3-n8192-zipf-w1,arity,3,8192,zipf,1,eas_k1_adaptive,eas,1,adaptive,native,selector_speedup,5,0.0,0.0,0.0,0.0,0.0,0.0
l3-n8192-zipf-w1,arity,3,8192,zipf,1,eas_k1_adaptive,eas,1,adaptive,native,rate_ratio,5,0.4391443526975699,0.42547514876419784,0.4554648614783564,0.42752421558096665,0.44347846447498535,0.015954248894018697
l3-n8192-zipf-w1,arity,3,8192,zipf,1,eas_k1_adaptive,eas,1,adaptive,accept_id,commit_delta,5,79,74,81,78.0,79.0,1.0
l3-n8192-zipf-w1,arity,3,8192,zipf,1,eas_k1_adaptive,eas,1,adaptive,accept_id,batch_delta_ms,5,62.424268,61.664288,63.96236699999999,62.035039999999995,62.907922000000006,0.8728820000000113
l3-n8192-zipf-w1,arity,3,8192,zipf,1,eas_k1_adaptive,eas,1,adaptive,accept_id,selector_delta_ms,5,62.195198,61.291845,63.702597000000004,61.752841999999994,62.59879299999999,0.8459509999999995
l3-n8192-zipf-w1,arity,3,8192,zipf,1,eas_k1_adaptive,eas,1,adaptive,accept_id,batch_speedup,5,0.20195368443936573,0.1976726098528222,0.20307498574646038,0.19848271116221997,0.2027001439743347,0.00421743281211473
l3-n8192-zipf-w1,arity,3,8192,zipf,1,eas_k1_adaptive,eas,1,adaptive,accept_id,selector_speedup,5,0.1160947043062105,0.11399283158426692,0.11662854548599101,0.11422595578373915,0.11614839002028342,0.001922434236544271
l3-n8192-zipf-w1,arity,3,8192,zipf,1,eas_k1_adaptive,eas,1,adaptive,accept_id,rate_ratio,5,0.23341594264676543,0.2323751346935791,0.23961923147280406,0.23273415246916918,0.23662310195340885,0.003888949484239679
l3-n8192-zipf-w1,arity,3,8192,zipf,1,eas_k1_adaptive,eas,1,adaptive,accept_static_degree,commit_delta,5,0,-7,4,-1.0,1.0,2.0
l3-n8192-zipf-w1,arity,3,8192,zipf,1,eas_k1_adaptive,eas,1,adaptive,accept_static_degree,batch_delta_ms,5,34.567759,33.888187,36.782695999999994,34.4412,35.27586300000001,0.8346630000000062
l3-n8192-zipf-w1,arity,3,8192,zipf,1,eas_k1_adaptive,eas,1,adaptive,accept_static_degree,selector_delta_ms,5,34.63568,33.63407699999999,36.356844,34.17160200000001,35.119704,0.9481019999999916
l3-n8192-zipf-w1,arity,3,8192,zipf,1,eas_k1_adaptive,eas,1,adaptive,accept_static_degree,batch_speedup,5,0.5563349453224699,0.5395930322471835,0.561373759759697,0.549564654514263,0.5568520084860655,0.007287353971802579
l3-n8192-zipf-w1,arity,3,8192,zipf,1,eas_k1_adaptive,eas,1,adaptive,accept_static_degree,selector_speedup,5,0.5078576196034188,0.49394913989566513,0.5148758353116131,0.5028543155093448,0.5099410333394846,0.00708671783013981
l3-n8192-zipf-w1,arity,3,8192,zipf,1,eas_k1_adaptive,eas,1,adaptive,accept_static_degree,rate_ratio,5,0.5537438534089191,0.539593032247723,0.5603819333301224,0.5498412817601859,0.5574110283881938,0.007569746628007912
l4-n8192-uniform-w1,arity,4,8192,uniform,1,accept_static_degree,accept_static_degree,,greedy,native,commit_delta,5,968,962,980,962.0,977.0,15.0
l4-n8192-uniform-w1,arity,4,8192,uniform,1,accept_static_degree,accept_static_degree,,greedy,native,batch_delta_ms,5,88.939616,88.87743300000001,89.61797899999999,88.91794100000001,89.125036,0.20709499999998116
l4-n8192-uniform-w1,arity,4,8192,uniform,1,accept_static_degree,accept_static_degree,,greedy,native,selector_delta_ms,5,88.537817,88.222046,88.916295,88.410304,88.623821,0.21351700000001017
l4-n8192-uniform-w1,arity,4,8192,uniform,1,accept_static_degree,accept_static_degree,,greedy,native,batch_speedup,5,0.10725015647871852,0.1063398029258746,0.1075010055909487,0.10666450089559852,0.10726044727103509,0.0005959463754365707
l4-n8192-uniform-w1,arity,4,8192,uniform,1,accept_static_degree,accept_static_degree,,greedy,native,selector_speedup,5,0.0,0.0,0.0,0.0,0.0,0.0
l4-n8192-uniform-w1,arity,4,8192,uniform,1,accept_static_degree,accept_static_degree,,greedy,native,rate_ratio,5,0.27243388677920977,0.2684616577825917,0.27717545221896495,0.27125987444234817,0.27544482859131225,0.004184954148964082
l4-n8192-uniform-w1,arity,4,8192,uniform,1,accept_static_degree,accept_static_degree,,greedy,accept_id,commit_delta,5,244,216,249,220.0,248.0,28.0
l4-n8192-uniform-w1,arity,4,8192,uniform,1,accept_static_degree,accept_static_degree,,greedy,accept_id,batch_delta_ms,5,80.037565,79.663613,80.488314,79.828449,80.068754,0.24030499999999222
l4-n8192-uniform-w1,arity,4,8192,uniform,1,accept_static_degree,accept_static_degree,,greedy,accept_id,selector_delta_ms,5,78.956241,78.5716,79.25713900000001,78.79364699999999,78.97918100000001,0.1855340000000183
l4-n8192-uniform-w1,arity,4,8192,uniform,1,accept_static_degree,accept_static_degree,,greedy,accept_id,batch_speedup,5,0.19826988240440468,0.19505262195695125,0.1992711204433887,0.19616286149023424,0.19924820524727818,0.0030853437570439457
l4-n8192-uniform-w1,arity,4,8192,uniform,1,accept_static_degree,accept_static_degree,,greedy,accept_id,selector_speedup,5,0.10885193456108586,0.10828627264930529,0.10954495459764176,0.10882672278370846,0.10938814545289507,0.0005614226691866148
l4-n8192-uniform-w1,arity,4,8192,uniform,1,accept_static_degree,accept_static_degree,,greedy,accept_id,rate_ratio,5,0.2321839179141598,0.2259180918055599,0.235986907776896,0.2310159767046624,0.234052316803203,0.003036340098540591
l4-n8192-uniform-w1,arity,4,8192,uniform,1,accept_id,accept_id,,greedy,native,commit_delta,5,733,714,748,731.0,746.0,15.0
l4-n8192-uniform-w1,arity,4,8192,uniform,1,accept_id,accept_id,,greedy,native,batch_delta_ms,5,9.048983999999999,8.866953999999998,9.255116000000001,8.955017999999999,9.243524999999998,0.2885069999999992
l4-n8192-uniform-w1,arity,4,8192,uniform,1,accept_id,accept_id,,greedy,native,selector_delta_ms,5,9.650446,9.636477,9.697832,9.638187,9.687637,0.049450000000000216
l4-n8192-uniform-w1,arity,4,8192,uniform,1,accept_id,accept_id,,greedy,native,batch_speedup,5,0.5416327517021391,0.5329125821708016,0.546849869668195,0.5362603732545673,0.5421305036938195,0.005870130439252219
l4-n8192-uniform-w1,arity,4,8192,uniform,1,accept_id,accept_id,,greedy,native,selector_speedup,5,0.0,0.0,0.0,0.0,0.0,0.0
l4-n8192-uniform-w1,arity,4,8192,uniform,1,accept_id,accept_id,,greedy,native,rate_ratio,5,1.1762063408150512,1.135923015878924,1.205896723905071,1.1699456168479538,1.183016931018364,0.013071314170410187
l4-n8192-uniform-w1,arity,4,8192,uniform,1,accept_id,accept_id,,greedy,accept_static_degree,commit_delta,5,-244,-249,-216,-248.0,-220.0,28.0
l4-n8192-uniform-w1,arity,4,8192,uniform,1,accept_id,accept_id,,greedy,accept_static_degree,batch_delta_ms,5,-80.037565,-80.488314,-79.663613,-80.068754,-79.828449,0.24030499999999222
l4-n8192-uniform-w1,arity,4,8192,uniform,1,accept_id,accept_id,,greedy,accept_static_degree,selector_delta_ms,5,-78.956241,-79.25713900000001,-78.5716,-78.97918100000001,-78.79364699999999,0.1855340000000183
l4-n8192-uniform-w1,arity,4,8192,uniform,1,accept_id,accept_id,,greedy,accept_static_degree,batch_speedup,5,5.043630368228757,5.018288639994333,5.126821623657555,5.0188657848081695,5.097804917827343,0.07893913301917355
l4-n8192-uniform-w1,arity,4,8192,uniform,1,accept_id,accept_id,,greedy,accept_static_degree,selector_speedup,5,9.186791250263145,9.128672367184748,9.234780877891962,9.141758422356853,9.18891954494932,0.04716112259246685
l4-n8192-uniform-w1,arity,4,8192,uniform,1,accept_id,accept_id,,greedy,accept_static_degree,rate_ratio,5,4.306930510017958,4.2375232144039465,4.426382995748151,4.272549033730885,4.328704941816337,0.05615590808545168
l4-n8192-uniform-w1,arity,4,8192,uniform,1,eas_k1_adaptive,eas,1,adaptive,native,commit_delta,5,910,902,922,906.0,915.0,9.0
l4-n8192-uniform-w1,arity,4,8192,uniform,1,eas_k1_adaptive,eas,1,adaptive,native,batch_delta_ms,5,97.760052,97.272956,98.882719,97.472317,98.00977,0.5374529999999993
l4-n8192-uniform-w1,arity,4,8192,uniform,1,eas_k1_adaptive,eas,1,adaptive,native,selector_delta_ms,5,97.298562,96.939961,98.336427,96.967634,97.327018,0.3593839999999915
l4-n8192-uniform-w1,arity,4,8192,uniform,1,eas_k1_adaptive,eas,1,adaptive,native,batch_speedup,5,0.09878660468580039,0.09745784652752652,0.09910231844488096,0.09778306332916085,0.09893783574882416,0.0011547724196633025
l4-n8192-uniform-w1,arity,4,8192,uniform,1,eas_k1_adaptive,eas,1,adaptive,native,selector_speedup,5,0.0,0.0,0.0,0.0,0.0,0.0
l4-n8192-uniform-w1,arity,4,8192,uniform,1,eas_k1_adaptive,eas,1,adaptive,native,rate_ratio,5,0.24261990110883846,0.23738939796056566,0.2435131281988836,0.24195224287333197,0.24343085717238472,0.001478614299052744
l4-n8192-uniform-w1,arity,4,8192,uniform,1,eas_k1_adaptive,eas,1,adaptive,accept_id,commit_delta,5,179,156,192,167.0,189.0,22.0
l4-n8192-uniform-w1,arity,4,8192,uniform,1,eas_k1_adaptive,eas,1,adaptive,accept_id,batch_delta_ms,5,88.596516,88.406002,89.610422,88.477496,88.733767,0.25627099999999814
l4-n8192-uniform-w1,arity,4,8192,uniform,1,eas_k1_adaptive,eas,1,adaptive,accept_id,selector_delta_ms,5,87.54095699999999,87.303484,88.607453,87.350977,87.648116,0.2971390000000014
l4-n8192-uniform-w1,arity,4,8192,uniform,1,eas_k1_adaptive,eas,1,adaptive,accept_id,batch_speedup,5,0.18218281068288897,0.1805338820849867,0.18313042412234223,0.1812239957285022,0.1828777360266767,0.0016537402981744997
l4-n8192-uniform-w1,arity,4,8192,uniform,1,eas_k1_adaptive,eas,1,adaptive,accept_id,selector_speedup,5,0.099183850219698,0.0983311344875729,0.09950250144675121,0.09917388517492341,0.099406652329889,0.00023276715496559075
l4-n8192-uniform-w1,arity,4,8192,uniform,1,eas_k1_adaptive,eas,1,adaptive,accept_id,rate_ratio,5,0.20577123690261534,0.20193530952660013,0.20898370280567372,0.20527581212218013,0.20623201651868509,0.000956204396504956
l4-n8192-uniform-w1,arity,4,8192,uniform,1,eas_k1_adaptive,eas,1,adaptive,accept_static_degree,commit_delta,5,-56,-70,-53,-60.0,-55.0,5.0
l4-n8192-uniform-w1,arity,4,8192,uniform,1,eas_k1_adaptive,eas,1,adaptive,accept_static_degree,batch_delta_ms,5,8.55437599999999,7.654977000000002,9.781972999999994,8.408742000000004,9.070154000000002,0.6614119999999986
l4-n8192-uniform-w1,arity,4,8192,uniform,1,eas_k1_adaptive,eas,1,adaptive,accept_static_degree,selector_delta_ms,5,8.557330000000007,7.879314999999991,9.555151999999993,8.415387999999993,9.076515999999998,0.661128000000005
l4-n8192-uniform-w1,arity,4,8192,uniform,1,eas_k1_adaptive,eas,1,adaptive,accept_static_degree,batch_speedup,5,0.9210257413470373,0.9105461701780685,0.9291031000265093,0.9164757113144233,0.9224959570894073,0.0060202457749840566
l4-n8192-uniform-w1,arity,4,8192,uniform,1,eas_k1_adaptive,eas,1,adaptive,accept_static_degree,selector_speedup,5,0.9117506569253818,0.9033363355413034,0.918719639262079,0.9067147981077048,0.9135349240844922,0.006820125976787383
l4-n8192-uniform-w1,arity,4,8192,uniform,1,eas_k1_adaptive,eas,1,adaptive,accept_static_degree,rate_ratio,5,0.8842581094124462,0.8791676993978783,0.8938430203296823,0.8808563943738432,0.8919573651308864,0.011100970757043194
l4-n8192-uniform-w1,arity,4,8192,uniform,1,native,native,,native,accept_id,commit_delta,5,-733,-748,-714,-746.0,-731.0,15.0
l4-n8192-uniform-w1,arity,4,8192,uniform,1,native,native,,native,accept_id,batch_delta_ms,5,-9.048983999999999,-9.255116000000001,-8.866953999999998,-9.243524999999998,-8.955017999999999,0.2885069999999992
l4-n8192-uniform-w1,arity,4,8192,uniform,1,native,native,,native,accept_id,selector_delta_ms,5,-9.650446,-9.697832,-9.636477,-9.687637,-9.638187,0.049450000000000216
l4-n8192-uniform-w1,arity,4,8192,uniform,1,native,native,,native,accept_id,batch_speedup,5,1.8462694452235258,1.8286554600566274,1.876480371183081,1.8445743104039993,1.8647657926521668,0.02019148224816747
l4-n8192-uniform-w1,arity,4,8192,uniform,1,native,native,,native,accept_id,selector_speedup,0,,,,,,
l4-n8192-uniform-w1,arity,4,8192,uniform,1,native,native,,native,accept_id,rate_ratio,5,0.8501909616530811,0.8292584100914437,0.8803413488600254,0.8452964397890573,0.8547405841770507,0.009444144387993347
l4-n8192-uniform-w1,arity,4,8192,uniform,1,native,native,,native,accept_static_degree,commit_delta,5,-968,-980,-962,-977.0,-962.0,15.0
l4-n8192-uniform-w1,arity,4,8192,uniform,1,native,native,,native,accept_static_degree,batch_delta_ms,5,-88.939616,-89.61797899999999,-88.87743300000001,-89.125036,-88.91794100000001,0.20709499999998116
l4-n8192-uniform-w1,arity,4,8192,uniform,1,native,native,,native,accept_static_degree,selector_delta_ms,5,-88.537817,-88.916295,-88.222046,-88.623821,-88.410304,0.21351700000001017
l4-n8192-uniform-w1,arity,4,8192,uniform,1,native,native,,native,accept_static_degree,batch_speedup,5,9.323995720215368,9.30223856514508,9.403816562431112,9.323101156506576,9.375190354837772,0.05208919833119552
l4-n8192-uniform-w1,arity,4,8192,uniform,1,native,native,,native,accept_static_degree,selector_speedup,0,,,,,,
l4-n8192-uniform-w1,arity,4,8192,uniform,1,native,native,,native,accept_static_degree,rate_ratio,5,3.6706153255099134,3.607823102639022,3.7249267111724014,3.6304911045679398,3.686501743229751,0.05601063866181111
l4-n8192-uniform-w1,arity,4,8192,uniform,1,eas_k2_adaptive,eas,2,adaptive,native,commit_delta,5,917,899,923,915.0,919.0,4.0
l4-n8192-uniform-w1,arity,4,8192,uniform,1,eas_k2_adaptive,eas,2,adaptive,native,batch_delta_ms,5,97.06520800000001,96.23923,98.127583,96.961105,97.70961,0.7485049999999944
l4-n8192-uniform-w1,arity,4,8192,uniform,1,eas_k2_adaptive,eas,2,adaptive,native,selector_delta_ms,5,96.586613,96.150544,97.602079,96.299342,97.180014,0.8806720000000041
l4-n8192-uniform-w1,arity,4,8192,uniform,1,eas_k2_adaptive,eas,2,adaptive,native,batch_speedup,5,0.09901406299806165,0.09807616826159476,0.10021546615117956,0.09871899980156243,0.09932564634120356,0.0006066465396411258
l4-n8192-uniform-w1,arity,4,8192,uniform,1,eas_k2_adaptive,eas,2,adaptive,native,selector_speedup,5,0.0,0.0,0.0,0.0,0.0,0.0
l4-n8192-uniform-w1,arity,4,8192,uniform,1,eas_k2_adaptive,eas,2,adaptive,native,rate_ratio,5,0.2438754171102684,0.24008164245216168,0.24743157779989194,0.2430514412174967,0.24539332153963897,0.0023418803221422757
l4-n8192-uniform-w1,arity,4,8192,uniform,1,eas_k2_adaptive,eas,2,adaptive,accept_id,commit_delta,5,185,169,190,169.0,188.0,19.0
l4-n8192-uniform-w1,arity,4,8192,uniform,1,eas_k2_adaptive,eas,2,adaptive,accept_id,batch_delta_ms,5,87.969627,87.61652900000001,89.26062900000001,87.799604,88.918685,1.1190809999999942
l4-n8192-uniform-w1,arity,4,8192,uniform,1,eas_k2_adaptive,eas,2,adaptive,accept_id,selector_delta_ms,5,86.936167,86.568968,88.026231,86.654702,87.541827,0.8871249999999975
l4-n8192-uniform-w1,arity,4,8192,uniform,1,eas_k2_adaptive,eas,2,adaptive,accept_id,batch_speedup,5,0.18383059402048393,0.1797517885932652,0.18418132225164283,0.17980084241927677,0.18400183325815178,0.004200990838875013
l4-n8192-uniform-w1,arity,4,8192,uniform,1,eas_k2_adaptive,eas,2,adaptive,accept_id,selector_speedup,5,0.09991494369928886,0.09859105460401321,0.10079851410015321,0.09917869532309391,0.10009753465073047,0.0009188393276365614
l4-n8192-uniform-w1,arity,4,8192,uniform,1,eas_k2_adaptive,eas,2,adaptive,accept_id,rate_ratio,5,0.206519074257444,0.20206189909932032,0.21006479209398465,0.20467312801491133,0.20911584301254724,0.004442714997635905
l4-n8192-uniform-w1,arity,4,8192,uniform,1,eas_k2_adaptive,eas,2,adaptive,accept_static_degree,commit_delta,5,-54,-63,-47,-61.0,-51.0,10.0
l4-n8192-uniform-w1,arity,4,8192,uniform,1,eas_k2_adaptive,eas,2,adaptive,accept_static_degree,batch_delta_ms,5,8.340174000000005,7.387648000000013,8.678553999999991,8.083671999999993,8.50960400000001,0.4259320000000173
l4-n8192-uniform-w1,arity,4,8192,uniform,1,eas_k2_adaptive,eas,2,adaptive,accept_static_degree,selector_delta_ms,5,8.364566999999994,7.6127269999999925,8.681253999999996,7.675520999999989,8.636002000000005,0.9604810000000157
l4-n8192-uniform-w1,arity,4,8192,uniform,1,eas_k2_adaptive,eas,2,adaptive,accept_static_degree,batch_speedup,5,0.9226210785303681,0.9199710726528947,0.931039097924526,0.9218068468669927,0.9249105499180346,0.003103703051041906
l4-n8192-uniform-w1,arity,4,8192,uniform,1,eas_k2_adaptive,eas,2,adaptive,accept_static_degree,selector_speedup,5,0.9133982780822846,0.9111339704067134,0.9208249201377374,0.9111818575247668,0.9202951874790589,0.009113329954292149
l4-n8192-uniform-w1,arity,4,8192,uniform,1,eas_k2_adaptive,eas,2,adaptive,accept_static_degree,rate_ratio,5,0.893616583943063,0.8850064399827048,0.9013807631336964,0.8861332392653203,0.8944033542618101,0.008270114996489775
l4-n8192-zipf-w1,arity,4,8192,zipf,1,eas_k2_adaptive,eas,2,adaptive,native,commit_delta,5,278,260,284,270.0,281.0,11.0
l4-n8192-zipf-w1,arity,4,8192,zipf,1,eas_k2_adaptive,eas,2,adaptive,native,batch_delta_ms,5,109.74123399999999,108.953152,110.955085,109.148903,110.058931,0.910027999999997
l4-n8192-zipf-w1,arity,4,8192,zipf,1,eas_k2_adaptive,eas,2,adaptive,native,selector_delta_ms,5,110.193775,109.631355,111.498308,109.673493,110.703926,1.0304330000000022
l4-n8192-zipf-w1,arity,4,8192,zipf,1,eas_k2_adaptive,eas,2,adaptive,native,batch_speedup,5,0.07595242972940289,0.0756556790591315,0.07640151073247024,0.07567392981035657,0.07612787163638263,0.0004539418260260525
l4-n8192-zipf-w1,arity,4,8192,zipf,1,eas_k2_adaptive,eas,2,adaptive,native,selector_speedup,5,0.0,0.0,0.0,0.0,0.0,0.0
l4-n8192-zipf-w1,arity,4,8192,zipf,1,eas_k2_adaptive,eas,2,adaptive,native,rate_ratio,5,0.6207645461258793,0.5420241576147664,0.7120195053047202,0.5675544735779449,0.6353388787223714,0.06778440514442652
l4-n8192-zipf-w1,arity,4,8192,zipf,1,eas_k2_adaptive,eas,2,adaptive,accept_id,commit_delta,5,63,53,68,61.0,63.0,2.0
l4-n8192-zipf-w1,arity,4,8192,zipf,1,eas_k2_adaptive,eas,2,adaptive,accept_id,batch_delta_ms,5,101.77662799999999,100.768541,103.027975,101.136345,101.92624900000001,0.789904000000007
l4-n8192-zipf-w1,arity,4,8192,zipf,1,eas_k2_adaptive,eas,2,adaptive,accept_id,selector_delta_ms,5,101.384976,100.71612599999999,102.68324999999999,100.801736,101.86795,1.066213999999988
l4-n8192-zipf-w1,arity,4,8192,zipf,1,eas_k2_adaptive,eas,2,adaptive,accept_id,batch_speedup,5,0.1434272107785844,0.14208283899399396,0.14647877205137516,0.14313578336451727,0.14462442271796913,0.001488639353451865
l4-n8192-zipf-w1,arity,4,8192,zipf,1,eas_k2_adaptive,eas,2,adaptive,accept_id,selector_speedup,5,0.08028619799696404,0.07906001587037537,0.08167303470493094,0.07993917079254251,0.08053917604137976,0.000600005248837257
l4-n8192-zipf-w1,arity,4,8192,zipf,1,eas_k2_adaptive,eas,2,adaptive,accept_id,rate_ratio,5,0.18035516244789082,0.17093490974731113,0.1866423063228315,0.17720736466870649,0.1811845359041612,0.003977171235454713
l4-n8192-zipf-w1,arity,4,8192,zipf,1,eas_k2_adaptive,eas,2,adaptive,accept_static_degree,commit_delta,5,-5,-6,-3,-5.0,-3.0,2.0
l4-n8192-zipf-w1,arity,4,8192,zipf,1,eas_k2_adaptive,eas,2,adaptive,accept_static_degree,batch_delta_ms,5,24.372830000000008,23.011588000000003,25.590501000000003,24.346040000000002,24.98524900000001,0.6392090000000081
l4-n8192-zipf-w1,arity,4,8192,zipf,1,eas_k2_adaptive,eas,2,adaptive,accept_static_degree,selector_delta_ms,5,24.420316999999997,23.104291999999987,25.589033999999998,24.381224000000003,24.804090000000002,0.4228659999999991
l4-n8192-zipf-w1,arity,4,8192,zipf,1,eas_k2_adaptive,eas,2,adaptive,accept_static_degree,batch_speedup,5,0.7938631900208891,0.786879165825908,0.8050891810886908,0.7910882483785722,0.7950987785791434,0.004010530200571183
l4-n8192-zipf-w1,arity,4,8192,zipf,1,eas_k2_adaptive,eas,2,adaptive,accept_static_degree,selector_speedup,5,0.7772506141149127,0.7704984545595077,0.7893356784031672,0.7757205315412178,0.7787422746883842,0.0030217431471664113
l4-n8192-zipf-w1,arity,4,8192,zipf,1,eas_k2_adaptive,eas,2,adaptive,accept_static_degree,rate_ratio,5,0.782866489677786,0.7745456365802773,0.797517809480326,0.7755767140972457,0.7864439078718276,0.010867193774581896
l4-n8192-zipf-w1,arity,4,8192,zipf,1,accept_id,accept_id,,greedy,native,commit_delta,5,217,197,221,210.0,220.0,10.0
l4-n8192-zipf-w1,arity,4,8192,zipf,1,accept_id,accept_id,,greedy,native,batch_delta_ms,5,8.093844,7.927110000000001,8.183966999999999,8.012558,8.172225,0.1596669999999989
l4-n8192-zipf-w1,arity,4,8192,zipf,1,accept_id,accept_id,,greedy,native,selector_delta_ms,5,8.832667,8.815058,8.942652,8.828643,8.844863,0.016220000000000567
l4-n8192-zipf-w1,arity,4,8192,zipf,1,accept_id,accept_id,,greedy,native,batch_speedup,5,0.5278213796002551,0.5260088201304081,0.5348966620824428,0.5277808820315634,0.5314249723974025,0.0036440903658391255
l4-n8192-zipf-w1,arity,4,8192,zipf,1,accept_id,accept_id,,greedy,native,selector_speedup,5,0.0,0.0,0.0,0.0,0.0,0.0
l4-n8192-zipf-w1,arity,4,8192,zipf,1,accept_id,accept_id,,greedy,native,rate_ratio,5,3.4444647037806306,3.127341674134267,3.9856872929877225,3.172909745541308,3.4932380618901067,0.32032831634879866
l4-n8192-zipf-w1,arity,4,8192,zipf,1,accept_id,accept_id,,greedy,accept_static_degree,commit_delta,5,-66,-71,-58,-69.0,-66.0,3.0
l4-n8192-zipf-w1,arity,4,8192,zipf,1,accept_id,accept_id,,greedy,accept_static_degree,batch_delta_ms,5,-77.437474,-77.75695300000001,-76.778226,-77.517752,-77.430588,0.08716400000000135
l4-n8192-zipf-w1,arity,4,8192,zipf,1,accept_id,accept_id,,greedy,accept_static_degree,selector_delta_ms,5,-77.09421599999999,-77.49135000000001,-76.601449,-77.28667499999999,-77.00375199999999,0.2829229999999967
l4-n8192-zipf-w1,arity,4,8192,zipf,1,accept_id,accept_id,,greedy,accept_static_degree,batch_speedup,5,5.526837732560169,5.479754694172748,5.543569970182131,5.489136448060332,5.542558900326999,0.053422452266667086
l4-n8192-zipf-w1,arity,4,8192,zipf,1,accept_id,accept_id,,greedy,accept_static_degree,selector_speedup,5,9.676469192377583,9.651091147483008,9.745741207828694,9.664581232409034,9.741685671338397,0.07710443892936247
l4-n8192-zipf-w1,arity,4,8192,zipf,1,accept_id,accept_id,,greedy,accept_static_degree,rate_ratio,5,4.360528954079988,4.260122771661193,4.53482091846018,4.280590008561727,4.4177988377705075,0.13720882920878097
l4-n8192-zipf-w1,arity,4,8192,zipf,1,eas_k1_adaptive,eas,1,adaptive,native,commit_delta,5,281,262,287,273.0,284.0,11.0
l4-n8192-zipf-w1,arity,4,8192,zipf,1,eas_k1_adaptive,eas,1,adaptive,native,batch_delta_ms,5,113.31281800000001,112.595613,113.70348899999999,112.80148,113.334435,0.5329550000000012
l4-n8192-zipf-w1,arity,4,8192,zipf,1,eas_k1_adaptive,eas,1,adaptive,native,selector_delta_ms,5,113.610305,113.094571,114.369572,113.537507,113.806253,0.26874599999999305
l4-n8192-zipf-w1,arity,4,8192,zipf,1,eas_k1_adaptive,eas,1,adaptive,native,batch_speedup,5,0.07394387396363128,0.07312847194499729,0.07458079815846418,0.07381062087486519,0.07421212693826476,0.0004015060633995732
l4-n8192-zipf-w1,arity,4,8192,zipf,1,eas_k1_adaptive,eas,1,adaptive,native,selector_speedup,5,0.0,0.0,0.0,0.0,0.0,0.0
l4-n8192-zipf-w1,arity,4,8192,zipf,1,eas_k1_adaptive,eas,1,adaptive,native,rate_ratio,5,0.6056537548269835,0.5317719731209412,0.7006497866815443,0.5582762484256079,0.6260861740136947,0.06780992558808685
l4-n8192-zipf-w1,arity,4,8192,zipf,1,eas_k1_adaptive,eas,1,adaptive,accept_id,commit_delta,5,65,56,71,64.0,66.0,2.0
l4-n8192-zipf-w1,arity,4,8192,zipf,1,eas_k1_adaptive,eas,1,adaptive,accept_id,batch_delta_ms,5,105.06525400000001,104.247786,105.858394,104.87437,105.16220999999999,0.28783999999998855
l4-n8192-zipf-w1,arity,4,8192,zipf,1,eas_k1_adaptive,eas,1,adaptive,accept_id,selector_delta_ms,5,104.79524699999999,104.265928,105.56077300000001,104.577928,104.871043,0.29311500000000024
l4-n8192-zipf-w1,arity,4,8192,zipf,1,eas_k1_adaptive,eas,1,adaptive,accept_id,batch_speedup,5,0.140235981555588,0.13866370050903665,0.141310154834301,0.13982035683065971,0.1410994224961139,0.0012790656654541877
l4-n8192-zipf-w1,arity,4,8192,zipf,1,eas_k1_adaptive,eas,1,adaptive,accept_id,selector_speedup,5,0.07806425120088213,0.07702047708983295,0.07851246978494231,0.07759030309794522,0.0781140574044857,0.0005237543065404748
l4-n8192-zipf-w1,arity,4,8192,zipf,1,eas_k1_adaptive,eas,1,adaptive,accept_id,rate_ratio,5,0.17761927302404207,0.16982012687824602,0.18176588464573468,0.17292808982407584,0.1786973267073119,0.005769236883236051
l4-n8192-zipf-w1,arity,4,8192,zipf,1,eas_k1_adaptive,eas,1,adaptive,accept_static_degree,commit_delta,5,-2,-4,0,-2.0,0.0,2.0
l4-n8192-zipf-w1,arity,4,8192,zipf,1,eas_k1_adaptive,eas,1,adaptive,accept_static_degree,batch_delta_ms,5,27.76678100000001,27.46956,28.507814999999994,27.748695000000012,28.427806000000004,0.6791109999999918
l4-n8192-zipf-w1,arity,4,8192,zipf,1,eas_k1_adaptive,eas,1,adaptive,accept_static_degree,selector_delta_ms,5,27.86752700000001,27.664479,28.557021000000006,27.78219399999999,28.299733999999987,0.5175399999999968
l4-n8192-zipf-w1,arity,4,8192,zipf,1,eas_k1_adaptive,eas,1,adaptive,accept_static_degree,batch_speedup,5,0.7714799776163375,0.7686919260962243,0.7739843975976798,0.7692765277365075,0.7717791550113897,0.002502627274882263
l4-n8192-zipf-w1,arity,4,8192,zipf,1,eas_k1_adaptive,eas,1,adaptive,accept_static_degree,selector_speedup,5,0.7540429975758314,0.750910320536286,0.7553863217713607,0.7536345749179272,0.754902592744924,0.0012680178269968145
l4-n8192-zipf-w1,arity,4,8192,zipf,1,eas_k1_adaptive,eas,1,adaptive,accept_static_degree,rate_ratio,5,0.7666431125531676,0.7616905386071923,0.773984397596836,0.7639615142426762,0.7692765277386011,0.005315013495924892
l4-n8192-zipf-w1,arity,4,8192,zipf,1,native,native,,native,accept_id,commit_delta,5,-217,-221,-197,-220.0,-210.0,10.0
l4-n8192-zipf-w1,arity,4,8192,zipf,1,native,native,,native,accept_id,batch_delta_ms,5,-8.093844,-8.183966999999999,-7.927110000000001,-8.172225,-8.012558,0.1596669999999989
l4-n8192-zipf-w1,arity,4,8192,zipf,1,native,native,,native,accept_id,selector_delta_ms,5,-8.832667,-8.942652,-8.815058,-8.844863,-8.828643,0.016220000000000567
l4-n8192-zipf-w1,arity,4,8192,zipf,1,native,native,,native,accept_id,batch_speedup,5,1.8945803232854053,1.8695199856114855,1.9011088060311996,1.8817331739017233,1.8947256978137301,0.012992523912006781
l4-n8192-zipf-w1,arity,4,8192,zipf,1,native,native,,native,accept_id,selector_speedup,0,,,,,,
l4-n8192-zipf-w1,arity,4,8192,zipf,1,native,native,,native,accept_id,rate_ratio,5,0.29032087305246707,0.2508977565197763,0.3197603921153985,0.28626734917085045,0.3151681201790368,0.028900771008186332
l4-n8192-zipf-w1,arity,4,8192,zipf,1,native,native,,native,accept_static_degree,commit_delta,5,-281,-287,-266,-286.0,-275.0,11.0
l4-n8192-zipf-w1,arity,4,8192,zipf,1,native,native,,native,accept_static_degree,batch_delta_ms,5,-85.364584,-85.701719,-85.126053,-85.697624,-85.327584,0.37004000000000303
l4-n8192-zipf-w1,arity,4,8192,zipf,1,native,native,,native,accept_static_degree,selector_delta_ms,5,-85.909274,-86.434002,-85.430092,-86.246254,-85.812551,0.4337029999999942
l4-n8192-zipf-w1,arity,4,8192,zipf,1,native,native,,native,accept_static_degree,batch_speedup,5,10.437364363557464,10.280000157656575,10.560846167942575,10.402098014116296,10.452154018921828,0.05005600480553163
l4-n8192-zipf-w1,arity,4,8192,zipf,1,native,native,,native,accept_static_degree,selector_speedup,0,,,,,,
l4-n8192-zipf-w1,arity,4,8192,zipf,1,native,native,,native,accept_static_degree,rate_ratio,5,1.2673015401519279,1.1017798519609845,1.4416764164041598,1.2245768212896322,1.3643613547150395,0.1397845334254073
l4-n8192-zipf-w1,arity,4,8192,zipf,1,accept_static_degree,accept_static_degree,,greedy,native,commit_delta,5,281,266,287,275.0,286.0,11.0
l4-n8192-zipf-w1,arity,4,8192,zipf,1,accept_static_degree,accept_static_degree,,greedy,native,batch_delta_ms,5,85.364584,85.126053,85.701719,85.327584,85.697624,0.37004000000000303
l4-n8192-zipf-w1,arity,4,8192,zipf,1,accept_static_degree,accept_static_degree,,greedy,native,selector_delta_ms,5,85.909274,85.430092,86.434002,85.812551,86.246254,0.4337029999999942
l4-n8192-zipf-w1,arity,4,8192,zipf,1,accept_static_degree,accept_static_degree,,greedy,native,batch_speedup,5,0.09580962829002558,0.09468938228032311,0.09727626309958731,0.09567405897288463,0.09613445274625732,0.0004603937733726887
l4-n8192-zipf-w1,arity,4,8192,zipf,1,accept_static_degree,accept_static_degree,,greedy,native,selector_speedup,5,0.0,0.0,0.0,0.0,0.0,0.0
l4-n8192-zipf-w1,arity,4,8192,zipf,1,accept_static_degree,accept_static_degree,,greedy,native,rate_ratio,5,0.7890781856700948,0.6936369275528607,0.9076223332820679,0.7329436564178117,0.8166086297035047,0.083664973285693
l4-n8192-zipf-w1,arity,4,8192,zipf,1,accept_static_degree,accept_static_degree,,greedy,accept_id,commit_delta,5,66,58,71,66.0,69.0,3.0
l4-n8192-zipf-w1,arity,4,8192,zipf,1,accept_static_degree,accept_static_degree,,greedy,accept_id,batch_delta_ms,5,77.437474,76.778226,77.75695300000001,77.430588,77.517752,0.08716400000000135
l4-n8192-zipf-w1,arity,4,8192,zipf,1,accept_static_degree,accept_static_degree,,greedy,accept_id,selector_delta_ms,5,77.09421599999999,76.601449,77.49135000000001,77.00375199999999,77.28667499999999,0.2829229999999967
l4-n8192-zipf-w1,arity,4,8192,zipf,1,accept_static_degree,accept_static_degree,,greedy,accept_id,batch_speedup,5,0.18093529218502585,0.18038917256908826,0.18248992077390155,0.18042207904024296,0.18217801824790944,0.0017559392076664793
l4-n8192-zipf-w1,arity,4,8192,zipf,1,accept_static_degree,accept_static_degree,,greedy,accept_id,selector_speedup,5,0.1033434799531762,0.10260892205886876,0.10361522699542619,0.10265163891934644,0.10347059804791313,0.0008189591285666931
l4-n8192-zipf-w1,arity,4,8192,zipf,1,accept_static_degree,accept_static_degree,,greedy,accept_id,rate_ratio,5,0.22932997591137114,0.2205158743819932,0.23473501905910094,0.226357069826353,0.23361265573200712,0.007255585905654116
l2-n8192-zipf-w2,scale,2,8192,zipf,2,native,native,,native,accept_id,commit_delta,5,-409,-416,-374,-411.0,-388.0,23.0
l2-n8192-zipf-w2,scale,2,8192,zipf,2,native,native,,native,accept_id,batch_delta_ms,5,-6.064925000000001,-6.274558,-5.98919,-6.092017,-6.024153999999999,0.0678630000000009
l2-n8192-zipf-w2,scale,2,8192,zipf,2,native,native,,native,accept_id,selector_delta_ms,5,-6.504196,-6.535094,-6.316616,-6.513739,-6.484853,0.028885999999999967
l2-n8192-zipf-w2,scale,2,8192,zipf,2,native,native,,native,accept_id,batch_speedup,5,2.375453487115878,2.359645309327089,2.463484481306896,2.3647731351027543,2.385449381025013,0.020676245922258474
l2-n8192-zipf-w2,scale,2,8192,zipf,2,native,native,,native,accept_id,selector_speedup,0,,,,,,
l2-n8192-zipf-w2,scale,2,8192,zipf,2,native,native,,native,accept_id,rate_ratio,5,1.3777461700455433,1.3396163271159216,1.4167955810236688,1.3523546366421562,1.383767173402768,0.03141253676061173
l2-n8192-zipf-w2,scale,2,8192,zipf,2,native,native,,native,accept_static_degree,commit_delta,5,-496,-520,-478,-506.0,-480.0,26.0
l2-n8192-zipf-w2,scale,2,8192,zipf,2,native,native,,native,accept_static_degree,batch_delta_ms,5,-8.239768999999999,-8.421866,-8.179431000000001,-8.367256000000001,-8.223483000000002,0.14377299999999948
l2-n8192-zipf-w2,scale,2,8192,zipf,2,native,native,,native,accept_static_degree,selector_delta_ms,5,-8.588501,-8.604108,-8.481482,-8.602396,-8.554743,0.04765300000000039
l2-n8192-zipf-w2,scale,2,8192,zipf,2,native,native,,native,accept_static_degree,batch_speedup,5,2.886721009517093,2.8616895487314973,2.921852353752032,2.869726496727795,2.8932597778999773,0.023533281172182452
l2-n8192-zipf-w2,scale,2,8192,zipf,2,native,native,,native,accept_static_degree,selector_speedup,0,,,,,,
l2-n8192-zipf-w2,scale,2,8192,zipf,2,native,native,,native,accept_static_degree,rate_ratio,5,1.4940309079825242,1.482516215370437,1.543444842982908,1.4909710349712546,1.5169362941309024,0.025965259159647758
l2-n8192-zipf-w2,scale,2,8192,zipf,2,eas_k1_adaptive,eas,1,adaptive,native,commit_delta,5,494,479,518,479.0,505.0,26.0
l2-n8192-zipf-w2,scale,2,8192,zipf,2,eas_k1_adaptive,eas,1,adaptive,native,batch_delta_ms,5,68.650809,68.299513,70.77932,68.548069,68.77353699999999,0.22546799999999223
l2-n8192-zipf-w2,scale,2,8192,zipf,2,eas_k1_adaptive,eas,1,adaptive,native,selector_delta_ms,5,68.813489,68.517557,70.998164,68.778259,68.911465,0.13320600000000127
l2-n8192-zipf-w2,scale,2,8192,zipf,2,eas_k1_adaptive,eas,1,adaptive,native,batch_speedup,5,0.05993493051844378,0.05850972446574861,0.06086851791616048,0.059005062775013,0.06052376736391562,0.0015187045889026168
l2-n8192-zipf-w2,scale,2,8192,zipf,2,eas_k1_adaptive,eas,1,adaptive,native,selector_speedup,5,0.0,0.0,0.0,0.0,0.0,0.0
l2-n8192-zipf-w2,scale,2,8192,zipf,2,eas_k1_adaptive,eas,1,adaptive,native,rate_ratio,5,0.11420106143305613,0.11210897122050231,0.11830001569504792,0.11349618372507599,0.11439085590070737,0.0008946721756313836
l2-n8192-zipf-w2,scale,2,8192,zipf,2,eas_k1_adaptive,eas,1,adaptive,accept_id,commit_delta,5,91,85,107,89.0,105.0,16.0
l2-n8192-zipf-w2,scale,2,8192,zipf,2,eas_k1_adaptive,eas,1,adaptive,accept_id,batch_delta_ms,5,62.47373199999999,62.38659200000001,64.714395,62.429778999999996,62.853228,0.42344900000000507
l2-n8192-zipf-w2,scale,2,8192,zipf,2,eas_k1_adaptive,eas,1,adaptive,accept_id,selector_delta_ms,5,62.342128,62.006936,64.513311,62.31609699999999,62.48367100000001,0.1675740000000161
l2-n8192-zipf-w2,scale,2,8192,zipf,2,eas_k1_adaptive,eas,1,adaptive,accept_id,batch_speedup,5,0.14297174290699885,0.1392922970735106,0.14413779822691414,0.14281462376306744,0.14408896734248502,0.0012743435794175806
l2-n8192-zipf-w2,scale,2,8192,zipf,2,eas_k1_adaptive,eas,1,adaptive,accept_id,selector_speedup,5,0.0945322220920665,0.09133831967823844,0.0949363382289465,0.09301097874569196,0.09458952994877007,0.0015785512030781074
l2-n8192-zipf-w2,scale,2,8192,zipf,2,eas_k1_adaptive,eas,1,adaptive,accept_id,rate_ratio,5,0.1573400750045289,0.1522870711188819,0.1601488834937565,0.15705229334524962,0.15883549501831734,0.0017832016730677247
l2-n8192-zipf-w2,scale,2,8192,zipf,2,eas_k1_adaptive,eas,1,adaptive,accept_static_degree,commit_delta,5,-1,-2,1,-2.0,-1.0,1.0
l2-n8192-zipf-w2,scale,2,8192,zipf,2,eas_k1_adaptive,eas,1,adaptive,accept_static_degree,batch_delta_ms,5,60.313486999999995,60.12237700000001,62.43363399999999,60.240494000000005,60.48194099999999,0.24144699999998664
l2-n8192-zipf-w2,scale,2,8192,zipf,2,eas_k1_adaptive,eas,1,adaptive,accept_static_degree,selector_delta_ms,5,60.224988,60.036075,62.395768000000004,60.201944000000005,60.347032000000006,0.14508800000000122
l2-n8192-zipf-w2,scale,2,8192,zipf,2,eas_k1_adaptive,eas,1,adaptive,accept_static_degree,batch_speedup,5,0.17278400183479906,0.16979009893022842,0.17560938035486423,0.1716545191992967,0.17392470566426035,0.0022701864649636583
l2-n8192-zipf-w2,scale,2,8192,zipf,2,eas_k1_adaptive,eas,1,adaptive,accept_static_degree,selector_speedup,5,0.12438149968291579,0.1211636402315981,0.12480839330788765,0.12378552843032627,0.1245971700225267,0.0008116415922004294
l2-n8192-zipf-w2,scale,2,8192,zipf,2,eas_k1_adaptive,eas,1,adaptive,accept_static_degree,rate_ratio,5,0.17295440025886608,0.16962746473626453,0.17528083146696383,0.17131628369374663,0.17375779135931987,0.002441507665573245
l2-n8192-zipf-w2,scale,2,8192,zipf,2,eas_k2_adaptive,eas,2,adaptive,native,commit_delta,5,491,476,517,476.0,504.0,28.0
l2-n8192-zipf-w2,scale,2,8192,zipf,2,eas_k2_adaptive,eas,2,adaptive,native,batch_delta_ms,5,56.635743,55.73895400000001,58.328688,56.555837,56.655372,0.09953500000000304
l2-n8192-zipf-w2,scale,2,8192,zipf,2,eas_k2_adaptive,eas,2,adaptive,native,selector_delta_ms,5,56.780686,56.068838,58.734497,56.757499,56.94543,0.18793099999999896
l2-n8192-zipf-w2,scale,2,8192,zipf,2,eas_k2_adaptive,eas,2,adaptive,native,batch_speedup,5,0.07201088455976261,0.0703513994487485,0.07309537936339743,0.07090183406257888,0.07217791228469776,0.0012760782221188788
l2-n8192-zipf-w2,scale,2,8192,zipf,2,eas_k2_adaptive,eas,2,adaptive,native,selector_speedup,5,0.0,0.0,0.0,0.0,0.0,0.0
l2-n8192-zipf-w2,scale,2,8192,zipf,2,eas_k2_adaptive,eas,2,adaptive,native,rate_ratio,5,0.13690734767408813,0.13331080596379355,0.1419301901660153,0.13596084920659038,0.13732288307266893,0.0013620338660785547
l2-n8192-zipf-w2,scale,2,8192,zipf,2,eas_k2_adaptive,eas,2,adaptive,accept_id,commit_delta,5,88,82,106,88.0,102.0,14.0
l2-n8192-zipf-w2,scale,2,8192,zipf,2,eas_k2_adaptive,eas,2,adaptive,accept_id,batch_delta_ms,5,50.446725,49.72421,52.192049999999995,50.336298,50.521175,0.18487700000000018
l2-n8192-zipf-w2,scale,2,8192,zipf,2,eas_k2_adaptive,eas,2,adaptive,accept_id,selector_delta_ms,5,50.249777,49.752222,52.236605000000004,50.247247,50.421321,0.1740739999999974
l2-n8192-zipf-w2,scale,2,8192,zipf,2,eas_k2_adaptive,eas,2,adaptive,accept_id,batch_speedup,5,0.1717510925007728,0.16682353134109476,0.17330958078021447,0.16914425707097142,0.17285398941870647,0.0037097323477350563
l2-n8192-zipf-w2,scale,2,8192,zipf,2,eas_k2_adaptive,eas,2,adaptive,accept_id,selector_speedup,5,0.11384205370617094,0.11040961157801352,0.11473850662827005,0.1126582291575224,0.11470293995864758,0.0020447108011251852
l2-n8192-zipf-w2,scale,2,8192,zipf,2,eas_k2_adaptive,eas,2,adaptive,accept_id,rate_ratio,5,0.1881083394057632,0.1822118654685258,0.19193995075051373,0.18757664405924207,0.18862357390906853,0.0010469298498264612
l2-n8192-zipf-w2,scale,2,8192,zipf,2,eas_k2_adaptive,eas,2,adaptive,accept_static_degree,commit_delta,5,-3,-5,-2,-4.0,-2.0,2.0
l2-n8192-zipf-w2,scale,2,8192,zipf,2,eas_k2_adaptive,eas,2,adaptive,accept_static_degree,batch_delta_ms,5,48.415603000000004,47.727118000000004,49.961431999999995,48.181957,48.44710499999999,0.2651479999999964
l2-n8192-zipf-w2,scale,2,8192,zipf,2,eas_k2_adaptive,eas,2,adaptive,accept_static_degree,selector_delta_ms,5,48.31086500000001,47.716595999999996,50.132101,48.153391,48.356929,0.20353800000000177
l2-n8192-zipf-w2,scale,2,8192,zipf,2,eas_k2_adaptive,eas,2,adaptive,accept_static_degree,batch_speedup,5,0.20581769355089968,0.20431195772412097,0.2110059673069415,0.20555640206907522,0.21060892716112756,0.00505252509205234
l2-n8192-zipf-w2,scale,2,8192,zipf,2,eas_k2_adaptive,eas,2,adaptive,accept_static_degree,selector_speedup,5,0.15081984629846504,0.14646241032761378,0.15270985485844443,0.14963513050419922,0.15149649040724458,0.0018613599030453676
l2-n8192-zipf-w2,scale,2,8192,zipf,2,eas_k2_adaptive,eas,2,adaptive,accept_static_degree,rate_ratio,5,0.2050276064358216,0.2039205555056638,0.21041380837172743,0.204543808954997,0.21019352493783056,0.005649715982833564
l2-n8192-zipf-w2,scale,2,8192,zipf,2,accept_static_degree,accept_static_degree,,greedy,native,commit_delta,5,496,478,520,480.0,506.0,26.0
l2-n8192-zipf-w2,scale,2,8192,zipf,2,accept_static_degree,accept_static_degree,,greedy,native,batch_delta_ms,5,8.239768999999999,8.179431000000001,8.421866,8.223483000000002,8.367256000000001,0.14377299999999948
l2-n8192-zipf-w2,scale,2,8192,zipf,2,accept_static_degree,accept_static_degree,,greedy,native,selector_delta_ms,5,8.588501,8.481482,8.604108,8.554743,8.602396,0.04765300000000039
l2-n8192-zipf-w2,scale,2,8192,zipf,2,accept_static_degree,accept_static_degree,,greedy,native,batch_speedup,5,0.3464138019237563,0.3422486419328725,0.34944391520151813,0.34563090657757417,0.3484652635504637,0.002834356972889529
l2-n8192-zipf-w2,scale,2,8192,zipf,2,accept_static_degree,accept_static_degree,,greedy,native,selector_speedup,5,0.0,0.0,0.0,0.0,0.0,0.0
l2-n8192-zipf-w2,scale,2,8192,zipf,2,accept_static_degree,accept_static_degree,,greedy,native,rate_ratio,5,0.6693301956854142,0.6479013516721271,0.6745288784245301,0.6592234649991875,0.6707038410167906,0.0114803760176031
l2-n8192-zipf-w2,scale,2,8192,zipf,2,accept_static_degree,accept_static_degree,,greedy,accept_id,commit_delta,5,90,87,109,90.0,106.0,16.0
l2-n8192-zipf-w2,scale,2,8192,zipf,2,accept_static_degree,accept_static_degree,,greedy,accept_id,batch_delta_ms,5,2.280761,1.965211,2.38185,2.264215,2.3298489999999994,0.0656339999999993
l2-n8192-zipf-w2,scale,2,8192,zipf,2,accept_static_degree,accept_static_degree,,greedy,accept_id,selector_delta_ms,5,2.116861,2.0501709999999997,2.260155,2.090922,2.1175430000000004,0.02662100000000045
l2-n8192-zipf-w2,scale,2,8192,zipf,2,accept_static_degree,accept_static_degree,,greedy,accept_id,batch_speedup,5,0.8211290237210636,0.8114268138347965,0.843124218149992,0.8191900524181057,0.8211699424249576,0.0019798900068518366
l2-n8192-zipf-w2,scale,2,8192,zipf,2,accept_static_degree,accept_static_degree,,greedy,accept_id,selector_speedup,5,0.7558266054359081,0.7358009469133088,0.7601438573310008,0.7538426503499722,0.7570012345634535,0.0031585842134812525
l2-n8192-zipf-w2,scale,2,8192,zipf,2,accept_static_degree,accept_static_degree,,greedy,accept_id,rate_ratio,5,0.9122022562864465,0.8904618931045791,0.9221671136014136,0.8986388049178231,0.9141201311074206,0.015481326189597522
l2-n8192-zipf-w2,scale,2,8192,zipf,2,accept_id,accept_id,,greedy,native,commit_delta,5,409,374,416,388.0,411.0,23.0
l2-n8192-zipf-w2,scale,2,8192,zipf,2,accept_id,accept_id,,greedy,native,batch_delta_ms,5,6.064925000000001,5.98919,6.274558,6.024153999999999,6.092017,0.0678630000000009
l2-n8192-zipf-w2,scale,2,8192,zipf,2,accept_id,accept_id,,greedy,native,selector_delta_ms,5,6.504196,6.316616,6.535094,6.484853,6.513739,0.028885999999999967
l2-n8192-zipf-w2,scale,2,8192,zipf,2,accept_id,accept_id,,greedy,native,batch_speedup,5,0.4209722503193002,0.4059290844282051,0.4237925064615642,0.4192082246449959,0.42287354552365886,0.0036653208786629476
l2-n8192-zipf-w2,scale,2,8192,zipf,2,accept_id,accept_id,,greedy,native,selector_speedup,5,0.0,0.0,0.0,0.0,0.0,0.0
l2-n8192-zipf-w2,scale,2,8192,zipf,2,accept_id,accept_id,,greedy,native,rate_ratio,5,0.7258231027903663,0.7058181246425655,0.7464823918299903,0.7226649245775495,0.7394510085630801,0.01678608398553061
l2-n8192-zipf-w2,scale,2,8192,zipf,2,accept_id,accept_id,,greedy,accept_static_degree,commit_delta,5,-90,-109,-87,-106.0,-90.0,16.0
l2-n8192-zipf-w2,scale,2,8192,zipf,2,accept_id,accept_id,,greedy,accept_static_degree,batch_delta_ms,5,-2.280761,-2.38185,-1.965211,-2.3298489999999994,-2.264215,0.0656339999999993
l2-n8192-zipf-w2,scale,2,8192,zipf,2,accept_id,accept_id,,greedy,accept_static_degree,selector_delta_ms,5,-2.116861,-2.260155,-2.0501709999999997,-2.1175430000000004,-2.090922,0.02662100000000045
l2-n8192-zipf-w2,scale,2,8192,zipf,2,accept_id,accept_id,,greedy,accept_static_degree,batch_speedup,5,1.2178354084579266,1.1860648507929583,1.2323970356291385,1.2177747240077346,1.2207179482321289,0.002943224224394303
l2-n8192-zipf-w2,scale,2,8192,zipf,2,accept_id,accept_id,,greedy,accept_static_degree,selector_speedup,5,1.323054775801746,1.315540460342831,1.3590632143040975,1.3210018086386328,1.3265367773178514,0.005534968679218544
l2-n8192-zipf-w2,scale,2,8192,zipf,2,accept_id,accept_id,,greedy,accept_static_degree,rate_ratio,5,1.09624811066679,1.084402149296584,1.1230126833541616,1.0939481212261886,1.1127941443519636,0.01884602312577499
l2-n8192-zipf-w4,scale,2,8192,zipf,4,accept_static_degree,accept_static_degree,,greedy,native,commit_delta,5,496,478,520,480.0,506.0,26.0
l2-n8192-zipf-w4,scale,2,8192,zipf,4,accept_static_degree,accept_static_degree,,greedy,native,batch_delta_ms,5,8.348154999999998,8.234438,8.545004,8.319211,8.368945,0.04973400000000083
l2-n8192-zipf-w4,scale,2,8192,zipf,4,accept_static_degree,accept_static_degree,,greedy,native,selector_delta_ms,5,8.577457,8.508511,8.82636,8.538309,8.697802,0.15949299999999944
l2-n8192-zipf-w4,scale,2,8192,zipf,4,accept_static_degree,accept_static_degree,,greedy,native,batch_speedup,5,0.2580133494626199,0.25364699982946837,0.2619339099051426,0.2560754860838885,0.25941112780043213,0.0033356417165436025
l2-n8192-zipf-w4,scale,2,8192,zipf,4,accept_static_degree,accept_static_degree,,greedy,native,selector_speedup,5,0.0,0.0,0.0,0.0,0.0,0.0
l2-n8192-zipf-w4,scale,2,8192,zipf,4,accept_static_degree,accept_static_degree,,greedy,native,rate_ratio,5,0.4922071892592613,0.47478764501740095,0.5100316023474201,0.488107343945081,0.5073261940617696,0.019218850116688613
l2-n8192-zipf-w4,scale,2,8192,zipf,4,accept_static_degree,accept_static_degree,,greedy,accept_id,commit_delta,5,90,87,109,90.0,106.0,16.0
l2-n8192-zipf-w4,scale,2,8192,zipf,4,accept_static_degree,accept_static_degree,,greedy,accept_id,batch_delta_ms,5,2.0343929999999997,1.9334669999999985,2.0783309999999986,1.956230999999999,2.0726429999999993,0.1164120000000004
l2-n8192-zipf-w4,scale,2,8192,zipf,4,accept_static_degree,accept_static_degree,,greedy,accept_id,selector_delta_ms,5,1.9722610000000005,1.880567,2.0954129999999997,1.9109980000000002,2.0281150000000006,0.11711700000000036
l2-n8192-zipf-w4,scale,2,8192,zipf,4,accept_static_degree,accept_static_degree,,greedy,accept_id,batch_speedup,5,0.8171206872776365,0.8153017120194066,0.8263419077675219,0.8159736850633569,0.8249279904491419,0.00895430538578501
l2-n8192-zipf-w4,scale,2,8192,zipf,4,accept_static_degree,accept_static_degree,,greedy,accept_id,selector_speedup,5,0.768978234116837,0.758337556306631,0.779018517600216,0.7635528805332396,0.7769826218982054,0.013429741364965886
l2-n8192-zipf-w4,scale,2,8192,zipf,4,accept_static_degree,accept_static_degree,,greedy,accept_id,rate_ratio,5,0.904298691516018,0.8967103646069434,0.9086206972243056,0.902264989556391,0.9076328888091434,0.005367899252752384
l2-n8192-zipf-w4,scale,2,8192,zipf,4,native,native,,native,accept_id,commit_delta,5,-409,-416,-374,-411.0,-388.0,23.0
l2-n8192-zipf-w4,scale,2,8192,zipf,4,native,native,,native,accept_id,batch_delta_ms,5,-6.355935000000001,-6.435478000000001,-6.267702,-6.39345,-6.325573,0.0678769999999993
l2-n8192-zipf-w4,scale,2,8192,zipf,4,native,native,,native,accept_id,selector_delta_ms,5,-6.629499,-6.657832,-6.525549,-6.655304,-6.554996,0.10030800000000006
l2-n8192-zipf-w4,scale,2,8192,zipf,4,native,native,,native,accept_id,batch_speedup,5,3.2121935013889003,3.1732046356167807,3.3217753390810274,3.183833503501852,3.214781425251683,0.030947921749830964
l2-n8192-zipf-w4,scale,2,8192,zipf,4,native,native,,native,accept_id,selector_speedup,0,,,,,,
l2-n8192-zipf-w4,scale,2,8192,zipf,4,native,native,,native,accept_id,rate_ratio,5,1.8648515626981506,1.7964745982872725,1.9116607147093703,1.8146764009923133,1.873286302336256,0.05860990134394273
l2-n8192-zipf-w4,scale,2,8192,zipf,4,native,native,,native,accept_static_degree,commit_delta,5,-496,-520,-478,-506.0,-480.0,26.0
l2-n8192-zipf-w4,scale,2,8192,zipf,4,native,native,,native,accept_static_degree,batch_delta_ms,5,-8.348154999999998,-8.545004,-8.234438,-8.368945,-8.319211,0.04973400000000083
l2-n8192-zipf-w4,scale,2,8192,zipf,4,native,native,,native,accept_static_degree,selector_delta_ms,5,-8.577457,-8.82636,-8.508511,-8.697802,-8.538309,0.15949299999999944
l2-n8192-zipf-w4,scale,2,8192,zipf,4,native,native,,native,accept_static_degree,batch_speedup,5,3.875768451836933,3.8177569309836303,3.942487002299727,3.854884747925351,3.9050985133048113,0.050213765379460096
l2-n8192-zipf-w4,scale,2,8192,zipf,4,native,native,,native,accept_static_degree,selector_speedup,0,,,,,,
l2-n8192-zipf-w4,scale,2,8192,zipf,4,native,native,,native,accept_static_degree,rate_ratio,5,2.03166475789379,1.9606628204948493,2.1062047643707116,1.9711184080478306,2.048729674742436,0.07761126669460539
l2-n8192-zipf-w4,scale,2,8192,zipf,4,eas_k1_adaptive,eas,1,adaptive,native,commit_delta,5,494,479,518,479.0,505.0,26.0
l2-n8192-zipf-w4,scale,2,8192,zipf,4,eas_k1_adaptive,eas,1,adaptive,native,batch_delta_ms,5,68.504184,67.743195,71.181191,67.889572,68.515228,0.6256559999999922
l2-n8192-zipf-w4,scale,2,8192,zipf,4,eas_k1_adaptive,eas,1,adaptive,native,selector_delta_ms,5,68.763125,67.922646,71.419192,68.145607,68.79547,0.6498629999999963
l2-n8192-zipf-w4,scale,2,8192,zipf,4,eas_k1_adaptive,eas,1,adaptive,native,batch_speedup,5,0.04045468404728174,0.038934410994960963,0.041627731386852475,0.04030069507368025,0.040602416733367286,0.00030172165968703896
l2-n8192-zipf-w4,scale,2,8192,zipf,4,eas_k1_adaptive,eas,1,adaptive,native,selector_speedup,5,0.0,0.0,0.0,0.0,0.0,0.0
l2-n8192-zipf-w4,scale,2,8192,zipf,4,eas_k1_adaptive,eas,1,adaptive,native,rate_ratio,5,0.07660728415660457,0.07464950813489327,0.0809048987061162,0.07548065179849484,0.07924903304635714,0.0037683812478623013
l2-n8192-zipf-w4,scale,2,8192,zipf,4,eas_k1_adaptive,eas,1,adaptive,accept_id,commit_delta,5,91,85,107,89.0,105.0,16.0
l2-n8192-zipf-w4,scale,2,8192,zipf,4,eas_k1_adaptive,eas,1,adaptive,accept_id,batch_delta_ms,5,62.129561,61.50205,64.835565,61.626740000000005,62.347452,0.7207119999999918
l2-n8192-zipf-w4,scale,2,8192,zipf,4,eas_k1_adaptive,eas,1,adaptive,accept_id,selector_delta_ms,5,62.187712000000005,61.39348,64.76136,61.592555000000004,62.28964199999999,0.6970869999999891
l2-n8192-zipf-w4,scale,2,8192,zipf,4,eas_k1_adaptive,eas,1,adaptive,accept_id,batch_speedup,5,0.12925108599481533,0.12496781672986025,0.1301609527237386,0.12785414897767364,0.13005296683962692,0.0021988178619532783
l2-n8192-zipf-w4,scale,2,8192,zipf,4,eas_k1_adaptive,eas,1,adaptive,accept_id,selector_speedup,5,0.09608486548843537,0.09322188915270843,0.09701770449181855,0.09478836685947009,0.09680099048707175,0.0020126236276016563
l2-n8192-zipf-w4,scale,2,8192,zipf,4,eas_k1_adaptive,eas,1,adaptive,accept_id,rate_ratio,5,0.14219676184349136,0.13662623988445136,0.14466847557862436,0.14108981693253025,0.1428612135735053,0.0017713966409750592
l2-n8192-zipf-w4,scale,2,8192,zipf,4,eas_k1_adaptive,eas,1,adaptive,accept_static_degree,commit_delta,5,-1,-2,1,-2.0,-1.0,1.0
l2-n8192-zipf-w4,scale,2,8192,zipf,4,eas_k1_adaptive,eas,1,adaptive,accept_static_degree,batch_delta_ms,5,60.051230000000004,59.467656999999996,62.818948999999996,59.687097,60.171175999999996,0.48407899999999415
l2-n8192-zipf-w4,scale,2,8192,zipf,4,eas_k1_adaptive,eas,1,adaptive,accept_static_degree,selector_delta_ms,5,60.092299000000004,59.385524000000004,62.767044,59.635540999999996,60.24488199999999,0.6093409999999935
l2-n8192-zipf-w4,scale,2,8192,zipf,4,eas_k1_adaptive,eas,1,adaptive,accept_static_degree,batch_speedup,5,0.15737818441737927,0.15240783751712922,0.16028735511877998,0.15668165887357396,0.15758520153057232,0.0009035426569983518
l2-n8192-zipf-w4,scale,2,8192,zipf,4,eas_k1_adaptive,eas,1,adaptive,accept_static_degree,selector_speedup,5,0.12488062510030912,0.12171985677412564,0.1277452997567811,0.12480886069215479,0.12534890772162272,0.0005400470294679299
l2-n8192-zipf-w4,scale,2,8192,zipf,4,eas_k1_adaptive,eas,1,adaptive,accept_static_degree,rate_ratio,5,0.1572271496916424,0.15226185299867231,0.1599874723212151,0.15637292654112478,0.15774061099918238,0.0013676844580575998
l2-n8192-zipf-w4,scale,2,8192,zipf,4,accept_id,accept_id,,greedy,native,commit_delta,5,409,374,416,388.0,411.0,23.0
l2-n8192-zipf-w4,scale,2,8192,zipf,4,accept_id,accept_id,,greedy,native,batch_delta_ms,5,6.355935000000001,6.267702,6.435478000000001,6.325573,6.39345,0.0678769999999993
l2-n8192-zipf-w4,scale,2,8192,zipf,4,accept_id,accept_id,,greedy,native,selector_delta_ms,5,6.629499,6.525549,6.657832,6.554996,6.655304,0.10030800000000006
l2-n8192-zipf-w4,scale,2,8192,zipf,4,accept_id,accept_id,,greedy,native,batch_speedup,5,0.31131374855456756,0.3010438388878674,0.31513883119158764,0.3110631385838963,0.3140867758631582,0.003023637279261915
l2-n8192-zipf-w4,scale,2,8192,zipf,4,accept_id,accept_id,,greedy,native,selector_speedup,5,0.0,0.0,0.0,0.0,0.0,0.0
l2-n8192-zipf-w4,scale,2,8192,zipf,4,accept_id,accept_id,,greedy,native,rate_ratio,5,0.5362357090519073,0.5231053775941773,0.5566457777657322,0.5338212310381264,0.5510624370566418,0.01724120601851542
l2-n8192-zipf-w4,scale,2,8192,zipf,4,accept_id,accept_id,,greedy,accept_static_degree,commit_delta,5,-90,-109,-87,-106.0,-90.0,16.0
l2-n8192-zipf-w4,scale,2,8192,zipf,4,accept_id,accept_id,,greedy,accept_static_degree,batch_delta_ms,5,-2.0343929999999997,-2.0783309999999986,-1.9334669999999985,-2.0726429999999993,-1.956230999999999,0.1164120000000004
l2-n8192-zipf-w4,scale,2,8192,zipf,4,accept_id,accept_id,,greedy,accept_static_degree,selector_delta_ms,5,-1.9722610000000005,-2.0954129999999997,-1.880567,-2.0281150000000006,-1.9109980000000002,0.11711700000000036
l2-n8192-zipf-w4,scale,2,8192,zipf,4,accept_id,accept_id,,greedy,accept_static_degree,batch_speedup,5,1.2238094268934179,1.2101528321389867,1.2265398014719207,1.212227020513073,1.2255297178148021,0.013302697301729172
l2-n8192-zipf-w4,scale,2,8192,zipf,4,accept_id,accept_id,,greedy,accept_static_degree,selector_speedup,5,1.3004269245000009,1.2836665334740982,1.3186739753077106,1.287030072251748,1.3096669863934423,0.02263691414169422
l2-n8192-zipf-w4,scale,2,8192,zipf,4,accept_id,accept_id,,greedy,accept_static_degree,rate_ratio,5,1.1058293121308655,1.1005692507939164,1.115187288415398,1.1017670385567964,1.1083218473229928,0.006554808766196407
l2-n8192-zipf-w4,scale,2,8192,zipf,4,eas_k2_adaptive,eas,2,adaptive,native,commit_delta,5,491,476,517,476.0,504.0,28.0
l2-n8192-zipf-w4,scale,2,8192,zipf,4,eas_k2_adaptive,eas,2,adaptive,native,batch_delta_ms,5,56.620839000000004,55.830975,58.436173000000004,56.290403,56.717803,0.4274000000000058
l2-n8192-zipf-w4,scale,2,8192,zipf,4,eas_k2_adaptive,eas,2,adaptive,native,selector_delta_ms,5,56.926921,56.09225,58.647741,56.593242,57.070575,0.47733300000000156
l2-n8192-zipf-w4,scale,2,8192,zipf,4,eas_k2_adaptive,eas,2,adaptive,native,batch_speedup,5,0.04868921691921865,0.04704830826489395,0.04980539273696189,0.04814716993483401,0.048786920050642925,0.0006397501158089125
l2-n8192-zipf-w4,scale,2,8192,zipf,4,eas_k2_adaptive,eas,2,adaptive,native,selector_speedup,5,0.0,0.0,0.0,0.0,0.0,0.0
l2-n8192-zipf-w4,scale,2,8192,zipf,4,eas_k2_adaptive,eas,2,adaptive,native,rate_ratio,5,0.09192814836246457,0.08892662347390155,0.09670773890243346,0.09112330336801402,0.09494179046493052,0.003818487096916498
l2-n8192-zipf-w4,scale,2,8192,zipf,4,eas_k2_adaptive,eas,2,adaptive,accept_id,commit_delta,5,88,82,106,88.0,102.0,14.0
l2-n8192-zipf-w4,scale,2,8192,zipf,4,eas_k2_adaptive,eas,2,adaptive,accept_id,batch_delta_ms,5,50.41528,49.679609,52.000695,49.927423000000005,50.419025,0.4916019999999932
l2-n8192-zipf-w4,scale,2,8192,zipf,4,eas_k2_adaptive,eas,2,adaptive,accept_id,selector_delta_ms,5,50.421093,49.607109,51.989909000000004,49.934901999999994,50.495162,0.5602600000000066
l2-n8192-zipf-w4,scale,2,8192,zipf,4,eas_k2_adaptive,eas,2,adaptive,accept_id,batch_speedup,5,0.15584791811089133,0.15079797106848117,0.1565251901619541,0.15349077220780238,0.1559167516072172,0.0024259793994148293
l2-n8192-zipf-w4,scale,2,8192,zipf,4,eas_k2_adaptive,eas,2,adaptive,accept_id,selector_speedup,5,0.11647791812768359,0.11352239466478342,0.11765256353399935,0.11474804153441712,0.11663444980671638,0.0018864082722992587
l2-n8192-zipf-w4,scale,2,8192,zipf,4,eas_k2_adaptive,eas,2,adaptive,accept_id,rate_ratio,5,0.17021733071750367,0.16470805645034892,0.17313255959689847,0.16961896259959974,0.17143235112968946,0.0018133885300897212
l2-n8192-zipf-w4,scale,2,8192,zipf,4,eas_k2_adaptive,eas,2,adaptive,accept_static_degree,commit_delta,5,-3,-5,-2,-4.0,-2.0,2.0
l2-n8192-zipf-w4,scale,2,8192,zipf,4,eas_k2_adaptive,eas,2,adaptive,accept_static_degree,batch_delta_ms,5,48.336949000000004,47.705823,50.067228,47.971192,48.408412999999996,0.43722099999999386
l2-n8192-zipf-w4,scale,2,8192,zipf,4,eas_k2_adaptive,eas,2,adaptive,accept_static_degree,selector_delta_ms,5,48.399749,47.583739,50.058167000000005,48.054933,48.412328,0.3573950000000039
l2-n8192-zipf-w4,scale,2,8192,zipf,4,eas_k2_adaptive,eas,2,adaptive,accept_static_degree,batch_speedup,5,0.18892305742473117,0.1839096919025092,0.1920044622512564,0.18792830233699565,0.18909104989709258,0.0011627475600969328
l2-n8192-zipf-w4,scale,2,8192,zipf,4,eas_k2_adaptive,eas,2,adaptive,accept_static_degree,selector_speedup,5,0.15123424401528887,0.14804732734651566,0.15345734370098063,0.15036366627635903,0.1516878178357973,0.0013241515594382691
l2-n8192-zipf-w4,scale,2,8192,zipf,4,eas_k2_adaptive,eas,2,adaptive,accept_static_degree,rate_ratio,5,0.18799240196939798,0.18355737448494414,0.19146562840054296,0.187206888508394,0.18871808924603042,0.0015112007376364145
l2-n4096-identical-w1,control,2,4096,identical,1,eas_k1_lazy,eas,1,lazy,eas_k1_graph,commit_delta,5,0,0,0,0.0,0.0,0.0
l2-n4096-identical-w1,control,2,4096,identical,1,eas_k1_lazy,eas,1,lazy,eas_k1_graph,batch_delta_ms,5,-550.5843970000001,-591.076091,-545.631489,-559.5951399999999,-547.91233,11.682809999999904
l2-n4096-identical-w1,control,2,4096,identical,1,eas_k1_lazy,eas,1,lazy,eas_k1_graph,selector_delta_ms,5,-550.5823650000001,-606.6449690000001,-545.5486409999999,-559.615962,-547.8871539999999,11.728808000000072
l2-n4096-identical-w1,control,2,4096,identical,1,eas_k1_lazy,eas,1,lazy,eas_k1_graph,batch_speedup,5,1.656806704278783,1.5927326801535608,1.6699520453714811,1.652172262647311,1.6588200502686288,0.006647787621317791
l2-n4096-identical-w1,control,2,4096,identical,1,eas_k1_lazy,eas,1,lazy,eas_k1_graph,selector_speedup,5,1.658681125893516,1.6131810410867211,1.671920497234073,1.6539221083585829,1.660736554163985,0.006814445805402025
l2-n4096-identical-w1,control,2,4096,identical,1,eas_k1_lazy,eas,1,lazy,eas_k1_graph,rate_ratio,5,1.6568067042769083,1.5927326801522192,1.6699520453643366,1.6521722626496795,1.658820050272163,0.006647787622483525
l2-n4096-identical-w1,control,2,4096,identical,1,eas_k1_profile,eas,1,profile,eas_k1_graph,commit_delta,5,0,0,0,0.0,0.0,0.0
l2-n4096-identical-w1,control,2,4096,identical,1,eas_k1_profile,eas,1,profile,eas_k1_graph,batch_delta_ms,5,-1377.546167,-1554.596517,-1372.568522,-1386.1020839999999,-1373.405828,12.696255999999948
l2-n4096-identical-w1,control,2,4096,identical,1,eas_k1_profile,eas,1,profile,eas_k1_graph,selector_delta_ms,5,-1377.512207,-1554.618122,-1372.5115480000002,-1386.127734,-1373.335081,12.792652999999973
l2-n4096-identical-w1,control,2,4096,identical,1,eas_k1_profile,eas,1,profile,eas_k1_graph,batch_speedup,5,158.33841525334321,130.9954933043042,159.91845100809155,158.32412513473398,158.4140044974902,0.08987936275622133
l2-n4096-identical-w1,control,2,4096,identical,1,eas_k1_profile,eas,1,profile,eas_k1_graph,selector_speedup,5,217.3995366429604,203.76957657051332,220.08503019572638,217.0347169984759,217.7289010581154,0.6941840596395252
l2-n4096-identical-w1,control,2,4096,identical,1,eas_k1_profile,eas,1,profile,eas_k1_graph,rate_ratio,5,158.338415252837,130.99549330428374,159.91845100744789,158.32412513465727,158.41400449770111,0.08987936304384903
l2-n4096-identical-w1,control,2,4096,identical,1,eas_k1_adaptive,eas,1,adaptive,eas_k1_graph,commit_delta,5,0,0,0,0.0,0.0,0.0
l2-n4096-identical-w1,control,2,4096,identical,1,eas_k1_adaptive,eas,1,adaptive,eas_k1_graph,batch_delta_ms,5,-1353.442965,-1505.309794,-1348.389913,-1361.919021,-1349.011844,12.90717699999982
l2-n4096-identical-w1,control,2,4096,identical,1,eas_k1_adaptive,eas,1,adaptive,eas_k1_graph,selector_delta_ms,5,-1353.417774,-1528.119387,-1348.366504,-1361.930537,-1348.987318,12.943219
l2-n4096-identical-w1,control,2,4096,identical,1,eas_k1_adaptive,eas,1,adaptive,eas_k1_graph,batch_speedup,5,41.945169934992045,26.105456139137193,42.32972554762866,41.9171215094704,42.195300433230905,0.2781789237605068
l2-n4096-identical-w1,control,2,4096,identical,1,eas_k1_adaptive,eas,1,adaptive,eas_k1_graph,selector_speedup,5,45.21338408035804,40.788948369524604,45.58649715818606,45.15576487942936,45.44669789739076,0.29093301796140025
l2-n4096-identical-w1,control,2,4096,identical,1,eas_k1_adaptive,eas,1,adaptive,eas_k1_graph,rate_ratio,5,41.945169934949725,26.10545613922071,42.329725547599026,41.91712150944895,42.19530043326964,0.27817892382068976
