condition,suite,arity,n,distribution,workers,variant,policy,policy_k,implementation,seed,repetition,baseline,status,commit_delta,batch_delta_ms,selector_delta_ms,batch_speedup,selector_speedup,rate_ratio,baseline_commits,commits,baseline_batch_ms,batch_ms,quality_cost
l2-n128-uniform-w1,main,2,128,uniform,1,native,native,,native,11,1,accept_id,ok,0,-0.125405,-0.133592,1.7703577659286924,,1.770357765926929,126,126,0.288193,0.162788,variant_dominates
l2-n128-uniform-w1,main,2,128,uniform,1,native,native,,native,11,1,accept_static_degree,ok,0,-0.155229,-0.156349,1.9535653733690446,,1.9535653733702094,126,126,0.318017,0.162788,variant_dominates
l2-n128-uniform-w1,main,2,128,uniform,1,eas_k1_adaptive,eas,1,adaptive,11,1,native,ok,0,0.14566600000000002,0.150634,0.5277545436272507,0.0,0.5277545436271339,126,126,0.162788,0.308454,baseline_dominates
l2-n128-uniform-w1,main,2,128,uniform,1,eas_k1_adaptive,eas,1,adaptive,11,1,accept_id,ok,0,0.02026100000000003,0.017042,0.9343143548146562,0.8868648512288062,0.9343143548135188,126,126,0.288193,0.308454,baseline_dominates
l2-n128-uniform-w1,main,2,128,uniform,1,eas_k1_adaptive,eas,1,adaptive,11,1,accept_static_degree,ok,0,-0.009562999999999988,-0.005714999999999998,1.0310030020683796,1.03793964178074,1.0310030020687664,126,126,0.318017,0.308454,variant_dominates
l2-n128-uniform-w1,main,2,128,uniform,1,accept_id,accept_id,,greedy,11,1,native,ok,0,0.125405,0.133592,0.5648575780813552,0.0,0.5648575780819179,126,126,0.162788,0.288193,baseline_dominates
l2-n128-uniform-w1,main,2,128,uniform,1,accept_id,accept_id,,greedy,11,1,accept_static_degree,ok,0,-0.029824000000000017,-0.022757,1.1034862054248369,1.17034702676807,1.1034862054265941,126,126,0.318017,0.288193,variant_dominates
l2-n128-uniform-w1,main,2,128,uniform,1,eas_k2_adaptive,eas,2,adaptive,11,1,native,ok,-2,0.14440800000000004,0.151933,0.5299157541113816,0.0,0.5215043929353321,126,124,0.162788,0.307196,baseline_dominates
l2-n128-uniform-w1,main,2,128,uniform,1,eas_k2_adaptive,eas,2,adaptive,11,1,accept_id,ok,-2,0.019003000000000048,0.018341000000000024,0.9381404705790438,0.8792823152310556,0.9232493519980738,126,124,0.288193,0.307196,baseline_dominates
l2-n128-uniform-w1,main,2,128,uniform,1,eas_k2_adaptive,eas,2,adaptive,11,1,accept_static_degree,ok,-2,-0.01082099999999997,-0.0044159999999999755,1.03522506803474,1.0290654433204107,1.0187929240989164,126,124,0.318017,0.307196,tradeoff_or_tie
l2-n128-uniform-w1,main,2,128,uniform,1,accept_static_degree,accept_static_degree,,greedy,11,1,native,ok,0,0.155229,0.156349,0.5118845847863479,0.0,0.5118845847860427,126,126,0.162788,0.318017,baseline_dominates
l2-n128-uniform-w1,main,2,128,uniform,1,accept_static_degree,accept_static_degree,,greedy,11,1,accept_id,ok,0,0.029824000000000017,0.022757,0.9062188499356952,0.854447422113349,0.9062188499342521,126,126,0.288193,0.318017,baseline_dominates
l2-n128-uniform-w1,main,2,128,uniform,1,eas_k1_adaptive,eas,1,adaptive,11,2,native,ok,0,0.14439999999999997,0.152712,0.537690694584514,0.0,0.5376906945849136,126,126,0.167945,0.312345,baseline_dominates
l2-n128-uniform-w1,main,2,128,uniform,1,eas_k1_adaptive,eas,1,adaptive,11,2,accept_id,ok,0,0.02231099999999997,0.019592,0.9285693704077224,0.8717062182408717,0.9285693704086131,126,126,0.290034,0.312345,baseline_dominates
l2-n128-uniform-w1,main,2,128,uniform,1,eas_k1_adaptive,eas,1,adaptive,11,2,accept_static_degree,ok,0,-0.00867100000000004,-0.011419000000000012,1.0277609694408427,1.0747747393787,1.027760969440173,126,126,0.321016,0.312345,variant_dominates
l2-n128-uniform-w1,main,2,128,uniform,1,accept_id,accept_id,,greedy,11,2,native,ok,0,0.122089,0.13312,0.5790528007061241,0.0,0.579052800705999,126,126,0.167945,0.290034,baseline_dominates
l2-n128-uniform-w1,main,2,128,uniform,1,accept_id,accept_id,,greedy,11,2,accept_static_degree,ok,0,-0.03098200000000001,-0.03101100000000001,1.1068219588048298,1.2329552283653846,1.1068219588030468,126,126,0.321016,0.290034,variant_dominates
l2-n128-uniform-w1,main,2,128,uniform,1,eas_k2_adaptive,eas,2,adaptive,11,2,native,ok,-2,0.145281,0.149766,0.5361783504562201,0.0,0.5276675829886744,126,124,0.167945,0.313226,baseline_dominates
l2-n128-uniform-w1,main,2,128,uniform,1,eas_k2_adaptive,eas,2,adaptive,11,2,accept_id,ok,-2,0.02319199999999999,0.016646000000000022,0.925957615268209,0.8888532777800033,0.9112598753435369,126,124,0.290034,0.313226,baseline_dominates
l2-n128-uniform-w1,main,2,128,uniform,1,eas_k2_adaptive,eas,2,adaptive,11,2,accept_static_degree,ok,-2,-0.007790000000000019,-0.014364999999999989,1.024870221501408,1.0959162960885647,1.0086024402063536,126,124,0.321016,0.313226,tradeoff_or_tie
l2-n128-uniform-w1,main,2,128,uniform,1,accept_static_degree,accept_static_degree,,greedy,11,2,native,ok,0,0.153071,0.164131,0.5231670695541655,0.0,0.5231670695548952,126,126,0.167945,0.321016,baseline_dominates
l2-n128-uniform-w1,main,2,128,uniform,1,accept_static_degree,accept_static_degree,,greedy,11,2,accept_id,ok,0,0.03098200000000001,0.03101100000000001,0.9034876766267101,0.8110594586031888,0.9034876766281656,126,126,0.290034,0.321016,baseline_dominates
l2-n128-uniform-w1,main,2,128,uniform,1,native,native,,native,11,2,accept_id,ok,0,-0.122089,-0.13312,1.7269582303730389,,1.7269582303734121,126,126,0.290034,0.167945,variant_dominates
l2-n128-uniform-w1,main,2,128,uniform,1,native,native,,native,11,2,accept_static_degree,ok,0,-0.153071,-0.164131,1.9114352913156092,,1.911435291312943,126,126,0.321016,0.167945,variant_dominates
l2-n128-uniform-w1,main,2,128,uniform,1,eas_k1_adaptive,eas,1,adaptive,11,3,native,ok,0,0.147384,0.155165,0.5267477555004688,0.0,0.5267477555001073,126,126,0.164044,0.311428,baseline_dominates
l2-n128-uniform-w1,main,2,128,uniform,1,eas_k1_adaptive,eas,1,adaptive,11,3,accept_id,ok,0,0.01568799999999998,0.015205999999999997,0.9496255956432949,0.9020010956079013,0.9496255956413998,126,126,0.29574,0.311428,baseline_dominates
l2-n128-uniform-w1,main,2,128,uniform,1,eas_k1_adaptive,eas,1,adaptive,11,3,accept_static_degree,ok,0,0.0046720000000000095,-0.0006690000000000029,0.9849981376112616,1.0043115393291013,0.9849981376106296,126,126,0.306756,0.311428,baseline_dominates
l2-n128-uniform-w1,main,2,128,uniform,1,native,native,,native,11,3,accept_id,ok,0,-0.131696,-0.139959,1.8028090024627539,,1.8028090024603938,126,126,0.29574,0.164044,variant_dominates
l2-n128-uniform-w1,main,2,128,uniform,1,native,native,,native,11,3,accept_static_degree,ok,0,-0.14271199999999998,-0.155834,1.8699617175879641,,1.8699617175880474,126,126,0.306756,0.164044,variant_dominates
l2-n128-uniform-w1,main,2,128,uniform,1,accept_id,accept_id,,greedy,11,3,native,ok,0,0.131696,0.139959,0.5546899303442212,0.0,0.5546899303449475,126,126,0.164044,0.29574,baseline_dominates
l2-n128-uniform-w1,main,2,128,uniform,1,accept_id,accept_id,,greedy,11,3,accept_static_degree,ok,0,-0.01101599999999997,-0.015875,1.037248934875228,1.1134260747790425,1.0372489348766325,126,126,0.306756,0.29574,variant_dominates
l2-n128-uniform-w1,main,2,128,uniform,1,accept_static_degree,accept_static_degree,,greedy,11,3,native,ok,0,0.14271199999999998,0.155834,0.5347703060412836,0.0,0.5347703060412599,126,126,0.164044,0.306756,baseline_dominates
l2-n128-uniform-w1,main,2,128,uniform,1,accept_static_degree,accept_static_degree,,greedy,11,3,accept_id,ok,0,0.01101599999999997,0.015875,0.9640887219809883,0.8981287780587035,0.964088721979683,126,126,0.29574,0.306756,baseline_dominates
l2-n128-uniform-w1,main,2,128,uniform,1,eas_k2_adaptive,eas,2,adaptive,11,3,native,ok,-2,0.143827,0.151586,0.5328335569118234,0.0,0.5243758814052784,126,124,0.164044,0.307871,baseline_dominates
l2-n128-uniform-w1,main,2,128,uniform,1,eas_k2_adaptive,eas,2,adaptive,11,3,accept_id,ok,-2,0.012131000000000003,0.011626999999999998,0.9605971332148855,0.9232976660113731,0.9453495596705397,126,124,0.29574,0.307871,baseline_dominates
l2-n128-uniform-w1,main,2,128,uniform,1,eas_k2_adaptive,eas,2,adaptive,11,3,accept_static_degree,ok,-2,0.0011150000000000326,-0.004248000000000002,0.9963783532713376,1.0280236961196945,0.9805628238543607,126,124,0.306756,0.307871,baseline_dominates
l2-n128-uniform-w1,main,2,128,uniform,1,eas_k1_adaptive,eas,1,adaptive,29,1,native,ok,0,0.138615,0.15015,0.5474889332863243,0.0,0.5474889332855484,126,126,0.167709,0.306324,baseline_dominates
l2-n128-uniform-w1,main,2,128,uniform,1,eas_k1_adaptive,eas,1,adaptive,29,1,accept_id,ok,0,0.013830000000000009,0.016485,0.9548517256238492,0.8902097902097902,0.9548517256240111,126,126,0.292494,0.306324,baseline_dominates
l2-n128-uniform-w1,main,2,128,uniform,1,eas_k1_adaptive,eas,1,adaptive,29,1,accept_static_degree,ok,0,-0.01658200000000004,-0.019413999999999987,1.0541322260090624,1.1292973692973691,1.05413222600784,126,126,0.322906,0.306324,variant_dominates
l2-n128-uniform-w1,main,2,128,uniform,1,accept_id,accept_id,,greedy,29,1,native,ok,0,0.12478499999999998,0.133665,0.5733758641202897,0.0,0.5733758641193798,126,126,0.167709,0.292494,baseline_dominates
l2-n128-uniform-w1,main,2,128,uniform,1,accept_id,accept_id,,greedy,29,1,accept_static_degree,ok,0,-0.03041200000000005,-0.035898999999999986,1.1039747823886987,1.2685744211274455,1.1039747823872312,126,126,0.322906,0.292494,variant_dominates
l2-n128-uniform-w1,main,2,128,uniform,1,native,native,,native,29,1,accept_id,ok,0,-0.12478499999999998,-0.133665,1.7440566695883941,,1.7440566695911615,126,126,0.292494,0.167709,variant_dominates
l2-n128-uniform-w1,main,2,128,uniform,1,native,native,,native,29,1,accept_static_degree,ok,0,-0.15519700000000003,-0.169564,1.9253945822824061,,1.925394582282902,126,126,0.322906,0.167709,variant_dominates
l2-n128-uniform-w1,main,2,128,uniform,1,eas_k2_adaptive,eas,2,adaptive,29,1,native,ok,0,0.13051600000000002,0.147202,0.5623572805767457,0.0,0.562357280576793,126,126,0.167709,0.298225,baseline_dominates
l2-n128-uniform-w1,main,2,128,uniform,1,eas_k2_adaptive,eas,2,adaptive,29,1,accept_id,ok,0,0.005731000000000042,0.013536999999999993,0.9807829658814652,0.9080379342671975,0.9807829658831041,126,126,0.292494,0.298225,baseline_dominates
l2-n128-uniform-w1,main,2,128,uniform,1,eas_k2_adaptive,eas,2,adaptive,29,1,accept_static_degree,ok,0,-0.02468100000000001,-0.022361999999999993,1.0827596613295332,1.1519136968247714,1.082759661329903,126,126,0.322906,0.298225,variant_dominates
l2-n128-uniform-w1,main,2,128,uniform,1,accept_static_degree,accept_static_degree,,greedy,29,1,native,ok,0,0.15519700000000003,0.169564,0.519374059323766,0.0,0.5193740593236322,126,126,0.167709,0.322906,baseline_dominates
l2-n128-uniform-w1,main,2,128,uniform,1,accept_static_degree,accept_static_degree,,greedy,29,1,accept_id,ok,0,0.03041200000000005,0.035898999999999986,0.9058177921748123,0.7882864287230781,0.9058177921760163,126,126,0.292494,0.322906,baseline_dominates
l2-n128-uniform-w1,main,2,128,uniform,1,accept_id,accept_id,,greedy,29,2,native,ok,0,0.11960400000000002,0.135474,0.5832569678428694,0.0,0.5832569678428705,126,126,0.167393,0.286997,baseline_dominates
l2-n128-uniform-w1,main,2,128,uniform,1,accept_id,accept_id,,greedy,29,2,accept_static_degree,ok,0,-0.022982000000000002,-0.020440999999999987,1.0800774920992207,1.1508850406720108,1.080077492100516,126,126,0.309979,0.286997,variant_dominates
l2-n128-uniform-w1,main,2,128,uniform,1,eas_k1_adaptive,eas,1,adaptive,29,2,native,ok,0,0.140653,0.15002,0.5434026087012979,0.0,0.5434026087017535,126,126,0.167393,0.308046,baseline_dominates
l2-n128-uniform-w1,main,2,128,uniform,1,eas_k1_adaptive,eas,1,adaptive,29,2,accept_id,ok,0,0.021048999999999984,0.014545999999999976,0.9316692961440824,0.903039594720704,0.9316692961448618,126,126,0.286997,0.308046,baseline_dominates
l2-n128-uniform-w1,main,2,128,uniform,1,eas_k1_adaptive,eas,1,adaptive,29,2,accept_static_degree,ok,0,-0.001933000000000018,-0.005895000000000011,1.0062750368451465,1.0392947606985736,1.0062750368471953,126,126,0.309979,0.308046,variant_dominates
l2-n128-uniform-w1,main,2,128,uniform,1,native,native,,native,29,2,accept_id,ok,0,-0.11960400000000002,-0.135474,1.7145101647022278,,1.7145101647022245,126,126,0.286997,0.167393,variant_dominates
l2-n128-uniform-w1,main,2,128,uniform,1,native,native,,native,29,2,accept_static_degree,ok,0,-0.14258600000000002,-0.155915,1.8518038388702038,,1.8518038388724214,126,126,0.309979,0.167393,variant_dominates
l2-n128-uniform-w1,main,2,128,uniform,1,accept_static_degree,accept_static_degree,,greedy,29,2,native,ok,0,0.14258600000000002,0.155915,0.5400140009484513,0.0,0.5400140009478046,126,126,0.167393,0.309979,baseline_dominates
l2-n128-uniform-w1,main,2,128,uniform,1,accept_static_degree,accept_static_degree,,greedy,29,2,accept_id,ok,0,0.022982000000000002,0.020440999999999987,0.9258594937076382,0.8688965141262869,0.9258594937065276,126,126,0.286997,0.309979,baseline_dominates
l2-n128-uniform-w1,main,2,128,uniform,1,eas_k2_adaptive,eas,2,adaptive,29,2,native,ok,0,0.13767300000000002,0.149782,0.548710770784027,0.0,0.5487107707841579,126,126,0.167393,0.305066,baseline_dominates
l2-n128-uniform-w1,main,2,128,uniform,1,eas_k2_adaptive,eas,2,adaptive,29,2,accept_id,ok,0,0.018069,0.014307999999999987,0.9407701939908085,0.9044745029442791,0.940770193991031,126,126,0.286997,0.305066,baseline_dominates
l2-n128-uniform-w1,main,2,128,uniform,1,eas_k2_adaptive,eas,2,adaptive,29,2,accept_static_degree,ok,0,-0.004913000000000001,-0.0061329999999999996,1.0161047117672897,1.0409461751078233,1.0161047117687487,126,126,0.309979,0.305066,variant_dominates
l2-n128-uniform-w1,main,2,128,uniform,1,accept_id,accept_id,,greedy,29,3,native,ok,0,0.12881700000000001,0.133966,0.5586433500304934,0.0,0.5586433500312913,126,126,0.163049,0.291866,baseline_dominates
l2-n128-uniform-w1,main,2,128,uniform,1,accept_id,accept_id,,greedy,29,3,accept_static_degree,ok,0,-0.017977999999999994,-0.019973999999999992,1.0615967601570584,1.149097532209665,1.0615967601581207,126,126,0.309844,0.291866,variant_dominates
l2-n128-uniform-w1,main,2,128,uniform,1,eas_k1_adaptive,eas,1,adaptive,29,3,native,ok,0,0.14483600000000002,0.152136,0.5295776020267308,0.0,0.5295776020270793,126,126,0.163049,0.307885,baseline_dominates
l2-n128-uniform-w1,main,2,128,uniform,1,eas_k1_adaptive,eas,1,adaptive,29,3,accept_id,ok,0,0.016019000000000005,0.01816999999999999,0.9479708332656673,0.8805673870747227,0.9479708332649374,126,126,0.291866,0.307885,baseline_dominates
l2-n128-uniform-w1,main,2,128,uniform,1,eas_k1_adaptive,eas,1,adaptive,29,3,accept_static_degree,ok,0,-0.0019589999999999885,-0.001804,1.0063627653182194,1.0118578114318768,1.0063627653184515,126,126,0.309844,0.307885,variant_dominates
l2-n128-uniform-w1,main,2,128,uniform,1,native,native,,native,29,3,accept_id,ok,0,-0.12881700000000001,-0.133966,1.7900508436114297,,1.7900508436088731,126,126,0.291866,0.163049,variant_dominates
l2-n128-uniform-w1,main,2,128,uniform,1,native,native,,native,29,3,accept_static_degree,ok,0,-0.146795,-0.15394,1.900312176094303,,1.9003121760934902,126,126,0.309844,0.163049,variant_dominates
l2-n128-uniform-w1,main,2,128,uniform,1,eas_k2_adaptive,eas,2,adaptive,29,3,native,ok,0,0.14076499999999997,0.149314,0.5366737543365349,0.0,0.5366737543373102,126,126,0.163049,0.303814,baseline_dominates
l2-n128-uniform-w1,main,2,128,uniform,1,eas_k2_adaptive,eas,2,adaptive,29,3,accept_id,ok,0,0.011947999999999959,0.015348,0.9606733066942276,0.8972099066396989,0.9606733066942432,126,126,0.291866,0.303814,baseline_dominates
l2-n128-uniform-w1,main,2,128,uniform,1,eas_k2_adaptive,eas,2,adaptive,29,3,accept_static_degree,ok,0,-0.006030000000000035,-0.004625999999999991,1.01984766995596,1.030981689593742,1.0198476699569972,126,126,0.309844,0.303814,variant_dominates
l2-n128-uniform-w1,main,2,128,uniform,1,accept_static_degree,accept_static_degree,,greedy,29,3,native,ok,0,0.146795,0.15394,0.5262293283071481,0.0,0.5262293283073731,126,126,0.163049,0.309844,baseline_dominates
l2-n128-uniform-w1,main,2,128,uniform,1,accept_static_degree,accept_static_degree,,greedy,29,3,accept_id,ok,0,0.017977999999999994,0.019973999999999992,0.9419772530692865,0.8702481486293362,0.9419772530683439,126,126,0.291866,0.309844,baseline_dominates
l2-n128-uniform-w1,main,2,128,uniform,1,eas_k1_adaptive,eas,1,adaptive,47,1,native,ok,0,0.15721600000000002,0.163996,0.508285115566259,0.0,0.5082851155660163,122,122,0.162514,0.31973,baseline_dominates
l2-n128-uniform-w1,main,2,128,uniform,1,eas_k1_adaptive,eas,1,adaptive,47,1,accept_id,ok,0,0.03511000000000003,0.030154000000000014,0.8901885966284051,0.8161296616990658,0.890188596628964,122,122,0.28462,0.31973,baseline_dominates
l2-n128-uniform-w1,main,2,128,uniform,1,eas_k1_adaptive,eas,1,adaptive,47,1,accept_static_degree,ok,0,-0.00121899999999997,-0.001679999999999987,1.0038125918743939,1.0102441522963974,1.0038125918742915,122,122,0.320949,0.31973,variant_dominates
l2-n128-uniform-w1,main,2,128,uniform,1,native,native,,native,47,1,accept_id,ok,0,-0.12210599999999999,-0.133842,1.751356806182852,,1.7513568061847877,122,122,0.28462,0.162514,variant_dominates
l2-n128-uniform-w1,main,2,128,uniform,1,native,native,,native,47,1,accept_static_degree,ok,0,-0.158435,-0.165676,1.9749006239462445,,1.9749006239469862,122,122,0.320949,0.162514,variant_dominates
l2-n128-uniform-w1,main,2,128,uniform,1,accept_static_degree,accept_static_degree,,greedy,47,1,native,ok,0,0.158435,0.165676,0.5063545921626177,0.0,0.5063545921624276,122,122,0.162514,0.320949,baseline_dominates
l2-n128-uniform-w1,main,2,128,uniform,1,accept_static_degree,accept_static_degree,,greedy,47,1,accept_id,ok,0,0.036329,0.031834,0.8868075613259427,0.8078538834834255,0.88680756132659,122,122,0.28462,0.320949,baseline_dominates
l2-n128-uniform-w1,main,2,128,uniform,1,eas_k2_adaptive,eas,2,adaptive,47,1,native,ok,0,0.164275,0.1665,0.4973056008617181,0.0,0.4973056008613818,122,122,0.162514,0.326789,baseline_dominates
l2-n128-uniform-w1,main,2,128,uniform,1,eas_k2_adaptive,eas,2,adaptive,47,1,accept_id,ok,0,0.04216900000000001,0.03265800000000002,0.8709595488220228,0.8038558558558557,0.8709595488223966,122,122,0.28462,0.326789,baseline_dominates
l2-n128-uniform-w1,main,2,128,uniform,1,eas_k2_adaptive,eas,2,adaptive,47,1,accept_static_degree,ok,0,0.005840000000000012,0.0008240000000000192,0.9821291414337692,0.995051051051051,0.9821291414334739,122,122,0.320949,0.326789,baseline_dominates
l2-n128-uniform-w1,main,2,128,uniform,1,accept_id,accept_id,,greedy,47,1,native,ok,0,0.12210599999999999,0.133842,0.5709858759047151,0.0,0.5709858759040839,122,122,0.162514,0.28462,baseline_dominates
l2-n128-uniform-w1,main,2,128,uniform,1,accept_id,accept_id,,greedy,47,1,accept_static_degree,ok,0,-0.036329,-0.031834,1.1276403625887148,1.2378476113626515,1.1276403625878917,122,122,0.320949,0.28462,variant_dominates
l2-n128-uniform-w1,main,2,128,uniform,1,eas_k1_adaptive,eas,1,adaptive,47,2,native,ok,0,0.156203,0.164357,0.5067419065543332,0.0,0.5067419065549414,122,122,0.160473,0.316676,baseline_dominates
l2-n128-uniform-w1,main,2,128,uniform,1,eas_k1_adaptive,eas,1,adaptive,47,2,accept_id,ok,0,0.024673,0.028168,0.9220875595245613,0.828616974026053,0.922087559525128,122,122,0.292003,0.316676,baseline_dominates
l2-n128-uniform-w1,main,2,128,uniform,1,eas_k1_adaptive,eas,1,adaptive,47,2,accept_static_degree,ok,0,-0.010938000000000003,-0.005620999999999987,1.0345400346095062,1.034199942807425,1.0345400346100557,122,122,0.327614,0.316676,variant_dominates
l2-n128-uniform-w1,main,2,128,uniform,1,native,native,,native,47,2,accept_id,ok,0,-0.13153,-0.136189,1.8196394409028311,,1.8196394409017649,122,122,0.292003,0.160473,variant_dominates
l2-n128-uniform-w1,main,2,128,uniform,1,native,native,,native,47,2,accept_static_degree,ok,0,-0.167141,-0.169978,2.041552161422794,,2.0415521614214276,122,122,0.327614,0.160473,variant_dominates
l2-n128-uniform-w1,main,2,128,uniform,1,eas_k2_adaptive,eas,2,adaptive,47,2,native,ok,0,0.157237,0.163297,0.5050926945957005,0.0,0.5050926945955353,122,122,0.160473,0.31771,baseline_dominates
l2-n128-uniform-w1,main,2,128,uniform,1,eas_k2_adaptive,eas,2,adaptive,47,2,accept_id,ok,0,0.02570699999999998,0.027107999999999993,0.9190865883982249,0.8339957255797719,0.9190865883973858,122,122,0.292003,0.31771,baseline_dominates
l2-n128-uniform-w1,main,2,128,uniform,1,eas_k2_adaptive,eas,2,adaptive,47,2,accept_static_degree,ok,0,-0.009904000000000024,-0.0066809999999999925,1.0311730823707155,1.0409131827284028,1.0311730823696883,122,122,0.327614,0.31771,variant_dominates
l2-n128-uniform-w1,main,2,128,uniform,1,accept_id,accept_id,,greedy,47,2,native,ok,0,0.13153,0.136189,0.549559422334702,0.0,0.549559422335024,122,122,0.160473,0.292003,baseline_dominates
l2-n128-uniform-w1,main,2,128,uniform,1,accept_id,accept_id,,greedy,47,2,accept_static_degree,ok,0,-0.035611000000000004,-0.033788999999999986,1.121954226497673,1.2481037381873719,1.1219542264975795,122,122,0.327614,0.292003,variant_dominates
l2-n128-uniform-w1,main,2,128,uniform,1,accept_static_degree,accept_static_degree,,greedy,47,2,native,ok,0,0.167141,0.169978,0.48982338972083,0.0,0.4898233897211578,122,122,0.160473,0.327614,baseline_dominates
l2-n128-uniform-w1,main,2,128,uniform,1,accept_static_degree,accept_static_degree,,greedy,47,2,accept_id,ok,0,0.035611000000000004,0.033788999999999986,0.8913019590127406,0.8012154514113592,0.8913019590128148,122,122,0.292003,0.327614,baseline_dominates
l2-n128-uniform-w1,main,2,128,uniform,1,eas_k1_adaptive,eas,1,adaptive,47,3,native,ok,0,0.1559,0.16151,0.5116159590997945,0.0,0.5116159591004578,122,122,0.163316,0.319216,baseline_dominates
l2-n128-uniform-w1,main,2,128,uniform,1,eas_k1_adaptive,eas,1,adaptive,47,3,accept_id,ok,0,0.02754000000000001,0.027667999999999998,0.9137261290160894,0.8286917218748066,0.9137261290173999,122,122,0.291676,0.319216,baseline_dominates
l2-n128-uniform-w1,main,2,128,uniform,1,eas_k1_adaptive,eas,1,adaptive,47,3,accept_static_degree,ok,0,0.0037920000000000176,0.005710999999999994,0.9881208961956793,0.9646399603739707,0.9881208961969901,122,122,0.315424,0.319216,baseline_dominates
l2-n128-uniform-w1,main,2,128,uniform,1,accept_static_degree,accept_static_degree,,greedy,47,3,native,ok,0,0.152108,0.155799,0.5177665618342294,0.0,0.517766561834214,122,122,0.163316,0.315424,baseline_dominates
l2-n128-uniform-w1,main,2,128,uniform,1,accept_static_degree,accept_static_degree,,greedy,47,3,accept_id,ok,0,0.02374799999999999,0.021957000000000004,0.9247108653748606,0.8590684150732675,0.9247108653749603,122,122,0.291676,0.315424,baseline_dominates
l2-n128-uniform-w1,main,2,128,uniform,1,eas_k2_adaptive,eas,2,adaptive,47,3,native,ok,0,0.15378900000000004,0.161213,0.5150218381923968,0.0,0.5150218381926052,122,122,0.163316,0.317105,baseline_dominates
l2-n128-uniform-w1,main,2,128,uniform,1,eas_k2_adaptive,eas,2,adaptive,47,3,accept_id,ok,0,0.025429000000000035,0.027371000000000006,0.9198088961069676,0.8302184067041739,0.9198088961074666,122,122,0.291676,0.317105,baseline_dominates
l2-n128-uniform-w1,main,2,128,uniform,1,eas_k2_adaptive,eas,2,adaptive,47,3,accept_static_degree,ok,0,0.0016810000000000436,0.005414000000000002,0.9946989167625864,0.9664171003579116,0.9946989167630188,122,122,0.315424,0.317105,baseline_dominates
l2-n128-uniform-w1,main,2,128,uniform,1,accept_id,accept_id,,greedy,47,3,native,ok,0,0.12836,0.133842,0.5599226539036465,0.0,0.5599226539035693,122,122,0.163316,0.291676,baseline_dominates
l2-n128-uniform-w1,main,2,128,uniform,1,accept_id,accept_id,,greedy,47,3,accept_static_degree,ok,0,-0.02374799999999999,-0.021957000000000004,1.0814191088742302,1.1640516429820236,1.0814191088741136,122,122,0.315424,0.291676,variant_dominates
l2-n128-uniform-w1,main,2,128,uniform,1,native,native,,native,47,3,accept_id,ok,0,-0.12836,-0.133842,1.7859609591221925,,1.7859609591224388,122,122,0.291676,0.163316,variant_dominates
l2-n128-uniform-w1,main,2,128,uniform,1,native,native,,native,47,3,accept_static_degree,ok,0,-0.152108,-0.155799,1.9313723088980872,,1.9313723088981452,122,122,0.315424,0.163316,variant_dominates
l2-n128-uniform-w1,main,2,128,uniform,1,eas_k2_adaptive,eas,2,adaptive,71,1,native,ok,-2,0.14100399999999996,0.148884,0.5404625878718156,0.0,0.5318838166351063,126,124,0.165835,0.306839,baseline_dominates
l2-n128-uniform-w1,main,2,128,uniform,1,eas_k2_adaptive,eas,2,adaptive,71,1,accept_id,ok,-2,0.01728799999999997,0.014614999999999989,0.9436577488520039,0.9018363289540852,0.9286790544255101,126,124,0.289551,0.306839,baseline_dominates
l2-n128-uniform-w1,main,2,128,uniform,1,eas_k2_adaptive,eas,2,adaptive,71,1,accept_static_degree,ok,-2,-0.007909000000000055,-0.006964999999999999,1.0257757325502952,1.0467813868515086,1.009493578064293,126,124,0.314748,0.306839,tradeoff_or_tie
l2-n128-uniform-w1,main,2,128,uniform,1,native,native,,native,71,1,accept_id,ok,0,-0.12371599999999999,-0.134269,1.746018632978563,,1.7460186329801821,126,126,0.289551,0.165835,variant_dominates
l2-n128-uniform-w1,main,2,128,uniform,1,native,native,,native,71,1,accept_static_degree,ok,0,-0.14891300000000002,-0.155849,1.8979588144842765,,1.8979588144845672,126,126,0.314748,0.165835,variant_dominates
l2-n128-uniform-w1,main,2,128,uniform,1,accept_id,accept_id,,greedy,71,1,native,ok,0,0.12371599999999999,0.134269,0.5727315740577653,0.0,0.5727315740572342,126,126,0.165835,0.289551,baseline_dominates
l2-n128-uniform-w1,main,2,128,uniform,1,accept_id,accept_id,,greedy,71,1,accept_static_degree,ok,0,-0.025197000000000025,-0.021579999999999988,1.0870209393163899,1.160722132435633,1.0870209393155483,126,126,0.314748,0.289551,variant_dominates
l2-n128-uniform-w1,main,2,128,uniform,1,eas_k1_adaptive,eas,1,adaptive,71,1,native,ok,0,0.14082899999999998,0.150977,0.5407710067044061,0.0,0.5407710067038967,126,126,0.165835,0.306664,baseline_dominates
l2-n128-uniform-w1,main,2,128,uniform,1,eas_k1_adaptive,eas,1,adaptive,71,1,accept_id,ok,0,0.01711299999999999,0.016708,0.9441962538804686,0.8893341369877531,0.9441962538804547,126,126,0.289551,0.306664,baseline_dominates
l2-n128-uniform-w1,main,2,128,uniform,1,eas_k1_adaptive,eas,1,adaptive,71,1,accept_static_degree,ok,0,-0.008084000000000036,-0.0048719999999999875,1.0263610987921634,1.032269815932228,1.0263610987913536,126,126,0.314748,0.306664,variant_dominates
l2-n128-uniform-w1,main,2,128,uniform,1,accept_static_degree,accept_static_degree,,greedy,71,1,native,ok,0,0.14891300000000002,0.155849,0.5268818229186524,0.0,0.5268818229185717,126,126,0.165835,0.314748,baseline_dominates
l2-n128-uniform-w1,main,2,128,uniform,1,accept_static_degree,accept_static_degree,,greedy,71,1,accept_id,ok,0,0.025197000000000025,0.021579999999999988,0.9199454801936787,0.8615326373605221,0.919945480194391,126,126,0.289551,0.314748,baseline_dominates
l2-n128-uniform-w1,main,2,128,uniform,1,native,native,,native,71,2,accept_id,ok,0,-0.139811,-0.147292,1.8444733027301279,,1.8444733027297258,126,126,0.305371,0.16556,variant_dominates
l2-n128-uniform-w1,main,2,128,uniform,1,native,native,,native,71,2,accept_static_degree,ok,0,-0.148921,-0.153493,1.8994986711766126,,1.8994986711795905,126,126,0.314481,0.16556,variant_dominates
l2-n128-uniform-w1,main,2,128,uniform,1,eas_k1_adaptive,eas,1,adaptive,71,2,native,ok,0,0.13852699999999998,0.149889,0.5444494503217829,0.0,0.5444494503220063,126,126,0.16556,0.304087,baseline_dominates
l2-n128-uniform-w1,main,2,128,uniform,1,eas_k1_adaptive,eas,1,adaptive,71,2,accept_id,ok,0,-0.0012840000000000074,0.002596999999999988,1.0042224758046217,0.9826738453121978,1.0042224758048148,126,126,0.305371,0.304087,variant_dominates
l2-n128-uniform-w1,main,2,128,uniform,1,eas_k1_adaptive,eas,1,adaptive,71,2,accept_static_degree,ok,0,-0.010394000000000014,-0.003603999999999996,1.0341810074090638,1.024044459566746,1.0341810074111095,126,126,0.314481,0.304087,variant_dominates
l2-n128-uniform-w1,main,2,128,uniform,1,eas_k2_adaptive,eas,2,adaptive,71,2,native,ok,-2,0.143666,0.148686,0.5354012922587363,0.0,0.5269028590475906,126,124,0.16556,0.309226,baseline_dominates
l2-n128-uniform-w1,main,2,128,uniform,1,eas_k2_adaptive,eas,2,adaptive,71,2,accept_id,ok,-2,0.0038549999999999973,0.0013940000000000063,0.98753338981845,0.9906245376161844,0.9718582566452446,126,124,0.305371,0.309226,baseline_dominates
l2-n128-uniform-w1,main,2,128,uniform,1,eas_k2_adaptive,eas,2,adaptive,71,2,accept_static_degree,ok,-2,-0.00525500000000001,-0.004806999999999978,1.016994043191711,1.0323298763837885,1.0008512806016254,126,124,0.314481,0.309226,tradeoff_or_tie
l2-n128-uniform-w1,main,2,128,uniform,1,accept_id,accept_id,,greedy,71,2,native,ok,0,0.139811,0.147292,0.5421601920287127,0.0,0.5421601920288309,126,126,0.16556,0.305371,baseline_dominates
l2-n128-uniform-w1,main,2,128,uniform,1,accept_id,accept_id,,greedy,71,2,accept_static_degree,ok,0,-0.009110000000000007,-0.006200999999999984,1.0298325643233968,1.0421000461667977,1.0298325643252357,126,126,0.314481,0.305371,variant_dominates
l2-n128-uniform-w1,main,2,128,uniform,1,accept_static_degree,accept_static_degree,,greedy,71,2,native,ok,0,0.148921,0.153493,0.5264546983760545,0.0,0.5264546983752292,126,126,0.16556,0.314481,baseline_dominates
l2-n128-uniform-w1,main,2,128,uniform,1,accept_static_degree,accept_static_degree,,greedy,71,2,accept_id,ok,0,0.009110000000000007,0.006200999999999984,0.9710316362514746,0.9596007635527354,0.9710316362497406,126,126,0.305371,0.314481,baseline_dominates
l2-n128-uniform-w1,main,2,128,uniform,1,eas_k1_adaptive,eas,1,adaptive,71,3,native,ok,0,0.147511,0.149472,0.5250757407461067,0.0,0.5250757407462441,126,126,0.163088,0.310599,baseline_dominates
l2-n128-uniform-w1,main,2,128,uniform,1,eas_k1_adaptive,eas,1,adaptive,71,3,accept_id,ok,0,0.01861099999999999,0.013218000000000008,0.940080296459422,0.9115687219010918,0.9400802964592722,126,126,0.291988,0.310599,baseline_dominates
l2-n128-uniform-w1,main,2,128,uniform,1,eas_k1_adaptive,eas,1,adaptive,71,3,accept_static_degree,ok,0,-0.012169999999999959,-0.01907800000000001,1.0391823540964393,1.1276359451937488,1.0391823540965337,126,126,0.322769,0.310599,variant_dominates
l2-n128-uniform-w1,main,2,128,uniform,1,accept_static_degree,accept_static_degree,,greedy,71,3,native,ok,0,0.15968099999999996,0.16855,0.5052777683110833,0.0,0.5052777683111694,126,126,0.163088,0.322769,baseline_dominates
l2-n128-uniform-w1,main,2,128,uniform,1,accept_static_degree,accept_static_degree,,greedy,71,3,accept_id,ok,0,0.030780999999999947,0.03229600000000002,0.9046345838664805,0.8083892020172054,0.9046345838662541,126,126,0.291988,0.322769,baseline_dominates
l2-n128-uniform-w1,main,2,128,uniform,1,native,native,,native,71,3,accept_id,ok,0,-0.12890000000000001,-0.136254,1.7903708427352105,,1.7903708427344567,126,126,0.291988,0.163088,variant_dominates
l2-n128-uniform-w1,main,2,128,uniform,1,native,native,,native,71,3,accept_static_degree,ok,0,-0.15968099999999996,-0.16855,1.9791094378495042,,1.9791094378491665,126,126,0.322769,0.163088,variant_dominates
l2-n128-uniform-w1,main,2,128,uniform,1,accept_id,accept_id,,greedy,71,3,native,ok,0,0.12890000000000001,0.136254,0.5585435017877447,0.0,0.5585435017879798,126,126,0.163088,0.291988,baseline_dominates
l2-n128-uniform-w1,main,2,128,uniform,1,accept_id,accept_id,,greedy,71,3,accept_static_degree,ok,0,-0.030780999999999947,-0.03229600000000002,1.105418715837637,1.237027903767963,1.1054187158379136,126,126,0.322769,0.291988,variant_dominates
l2-n128-uniform-w1,main,2,128,uniform,1,eas_k2_adaptive,eas,2,adaptive,71,3,native,ok,-2,0.150277,0.155625,0.520441019258692,0.0,0.5121800506997104,126,124,0.163088,0.313365,baseline_dominates
l2-n128-uniform-w1,main,2,128,uniform,1,eas_k2_adaptive,eas,2,adaptive,71,3,accept_id,ok,-2,0.02137699999999998,0.019371000000000027,0.9317824262441562,0.8755277108433733,0.9169922290030174,126,124,0.291988,0.313365,baseline_dominates
l2-n128-uniform-w1,main,2,128,uniform,1,eas_k2_adaptive,eas,2,adaptive,71,3,accept_static_degree,ok,-2,-0.009403999999999968,-0.012924999999999992,1.0300097330588929,1.0830522088353414,1.0136603722178614,126,124,0.322769,0.313365,tradeoff_or_tie
l2-n128-uniform-w1,main,2,128,uniform,1,native,native,,native,101,1,accept_id,ok,0,-0.12606,-0.135502,1.7700436761247367,,1.7700436761254035,126,126,0.289765,0.163705,variant_dominates
l2-n128-uniform-w1,main,2,128,uniform,1,native,native,,native,101,1,accept_static_degree,ok,0,-0.146347,-0.15513,1.8939678079472222,,1.8939678079454234,126,126,0.310052,0.163705,variant_dominates
l2-n128-uniform-w1,main,2,128,uniform,1,eas_k2_adaptive,eas,2,adaptive,101,1,native,ok,0,0.144067,0.152,0.5319034869968678,0.0,0.5319034869973638,126,126,0.163705,0.307772,baseline_dominates
l2-n128-uniform-w1,main,2,128,uniform,1,eas_k2_adaptive,eas,2,adaptive,101,1,accept_id,ok,0,0.018006999999999995,0.016497999999999985,0.941492403467502,0.8914605263157895,0.9414924034687345,126,126,0.289765,0.307772,baseline_dominates
l2-n128-uniform-w1,main,2,128,uniform,1,eas_k2_adaptive,eas,2,adaptive,101,1,accept_static_degree,ok,0,-0.0022800000000000042,-0.003129999999999994,1.0074080813069415,1.020592105263158,1.0074080813069242,126,126,0.310052,0.307772,variant_dominates
l2-n128-uniform-w1,main,2,128,uniform,1,accept_static_degree,accept_static_degree,,greedy,101,1,native,ok,0,0.146347,0.15513,0.527992078748081,0.0,0.5279920787485824,126,126,0.163705,0.310052,baseline_dominates
l2-n128-uniform-w1,main,2,128,uniform,1,accept_static_degree,accept_static_degree,,greedy,101,1,accept_id,ok,0,0.020287,0.01962799999999998,0.9345690400319946,0.8734738606330176,0.9345690400332344,126,126,0.289765,0.310052,baseline_dominates
l2-n128-uniform-w1,main,2,128,uniform,1,accept_id,accept_id,,greedy,101,1,native,ok,0,0.12606,0.135502,0.5649578106396562,0.0,0.5649578106394434,126,126,0.163705,0.289765,baseline_dominates
l2-n128-uniform-w1,main,2,128,uniform,1,accept_id,accept_id,,greedy,101,1,accept_static_degree,ok,0,-0.020287,-0.01962799999999998,1.0700119061998516,1.1448539504951956,1.0700119061984321,126,126,0.310052,0.289765,variant_dominates
l2-n128-uniform-w1,main,2,128,uniform,1,eas_k1_adaptive,eas,1,adaptive,101,1,native,ok,0,0.133585,0.147933,0.5506576070503548,0.0,0.5506576070496911,126,126,0.163705,0.29729,baseline_dominates
l2-n128-uniform-w1,main,2,128,uniform,1,eas_k1_adaptive,eas,1,adaptive,101,1,accept_id,ok,0,0.007525000000000004,0.012430999999999998,0.9746880150694608,0.9159687155671825,0.9746880150686532,126,126,0.289765,0.29729,baseline_dominates
l2-n128-uniform-w1,main,2,128,uniform,1,eas_k1_adaptive,eas,1,adaptive,101,1,accept_static_degree,ok,0,-0.012761999999999996,-0.007196999999999981,1.0429277809546234,1.0486504025470988,1.0429277809523758,126,126,0.310052,0.29729,variant_dominates
l2-n128-uniform-w1,main,2,128,uniform,1,accept_static_degree,accept_static_degree,,greedy,101,2,native,ok,0,0.13630499999999998,0.151482,0.5544059236012358,0.0,0.554405923600904,126,126,0.16959,0.305895,baseline_dominates
l2-n128-uniform-w1,main,2,128,uniform,1,accept_static_degree,accept_static_degree,,greedy,101,2,accept_id,ok,0,0.021187999999999985,0.018184000000000006,0.9307344023275961,0.8799593351025204,0.9307344023264378,126,126,0.284707,0.305895,baseline_dominates
l2-n128-uniform-w1,main,2,128,uniform,1,accept_id,accept_id,,greedy,101,2,native,ok,0,0.115117,0.133298,0.5956650170174952,0.0,0.5956650170178801,126,126,0.16959,0.284707,baseline_dominates
l2-n128-uniform-w1,main,2,128,uniform,1,accept_id,accept_id,,greedy,101,2,accept_static_degree,ok,0,-0.021187999999999985,-0.018184000000000006,1.074420369010948,1.1364161502798242,1.074420369012285,126,126,0.305895,0.284707,variant_dominates
l2-n128-uniform-w1,main,2,128,uniform,1,eas_k1_adaptive,eas,1,adaptive,101,2,native,ok,0,0.140734,0.15115,0.5464933424420928,0.0,0.5464933424424369,126,126,0.16959,0.310324,baseline_dominates
l2-n128-uniform-w1,main,2,128,uniform,1,eas_k1_adaptive,eas,1,adaptive,101,2,accept_id,ok,0,0.025617,0.017852000000000007,0.9174507933643546,0.881892160105855,0.9174507933643395,126,126,0.284707,0.310324,baseline_dominates
l2-n128-uniform-w1,main,2,128,uniform,1,eas_k1_adaptive,eas,1,adaptive,101,2,accept_static_degree,ok,0,0.004429000000000016,-0.00033199999999999896,0.985727819955917,1.0021964935494543,0.9857278199571275,126,126,0.305895,0.310324,baseline_dominates
l2-n128-uniform-w1,main,2,128,uniform,1,native,native,,native,101,2,accept_id,ok,0,-0.115117,-0.133298,1.6787959195707294,,1.6787959195696447,126,126,0.284707,0.16959,variant_dominates
l2-n128-uniform-w1,main,2,128,uniform,1,native,native,,native,101,2,accept_static_degree,ok,0,-0.13630499999999998,-0.151482,1.803732531399257,,1.8037325314003363,126,126,0.305895,0.16959,variant_dominates
l2-n128-uniform-w1,main,2,128,uniform,1,eas_k2_adaptive,eas,2,adaptive,101,2,native,ok,0,0.12451999999999999,0.144913,0.5766209921457958,0.0,0.5766209921464304,126,126,0.16959,0.29411,baseline_dominates
l2-n128-uniform-w1,main,2,128,uniform,1,eas_k2_adaptive,eas,2,adaptive,101,2,accept_id,ok,0,0.009402999999999995,0.011614999999999986,0.9680289687531876,0.9198484608006184,0.9680289687536275,126,126,0.284707,0.29411,baseline_dominates
l2-n128-uniform-w1,main,2,128,uniform,1,eas_k2_adaptive,eas,2,adaptive,101,2,accept_static_degree,ok,0,-0.01178499999999999,-0.006569000000000019,1.0400700418210873,1.0453306466638606,1.0400700418228543,126,126,0.305895,0.29411,variant_dominates
l2-n128-uniform-w1,main,2,128,uniform,1,eas_k2_adaptive,eas,2,adaptive,101,3,native,ok,0,0.14452900000000002,0.147335,0.5225638298223765,0.0,0.5225638298223677,126,126,0.15819,0.302719,baseline_dominates
l2-n128-uniform-w1,main,2,128,uniform,1,eas_k2_adaptive,eas,2,adaptive,101,3,accept_id,ok,0,0.01737500000000003,0.014022000000000007,0.9426035366131627,0.9048291308921844,0.9426035366132608,126,126,0.285344,0.302719,baseline_dominates
l2-n128-uniform-w1,main,2,128,uniform,1,eas_k2_adaptive,eas,2,adaptive,101,3,accept_static_degree,ok,0,-0.008992999999999973,-0.008304000000000006,1.029707418430954,1.0563613533783556,1.0297074184307968,126,126,0.311712,0.302719,variant_dominates
l2-n128-uniform-w1,main,2,128,uniform,1,accept_static_degree,accept_static_degree,,greedy,101,3,native,ok,0,0.153522,0.155639,0.5074876809362489,0.0,0.5074876809363178,126,126,0.15819,0.311712,baseline_dominates
l2-n128-uniform-w1,main,2,128,uniform,1,accept_static_degree,accept_static_degree,,greedy,101,3,accept_id,ok,0,0.026368000000000003,0.022326000000000013,0.915409095575403,0.8565526635354891,0.9154090955756381,126,126,0.285344,0.311712,baseline_dominates
l2-n128-uniform-w1,main,2,128,uniform,1,eas_k1_adaptive,eas,1,adaptive,101,3,native,ok,0,0.146791,0.14704,0.518688049419472,0.0,0.51868804941913,126,126,0.15819,0.304981,baseline_dominates
l2-n128-uniform-w1,main,2,128,uniform,1,eas_k1_adaptive,eas,1,adaptive,101,3,accept_id,ok,0,0.019637000000000016,0.013727000000000017,0.9356123824107075,0.9066444504896626,0.9356123824102038,126,126,0.285344,0.304981,baseline_dominates
l2-n128-uniform-w1,main,2,128,uniform,1,eas_k1_adaptive,eas,1,adaptive,101,3,accept_static_degree,ok,0,-0.006730999999999987,-0.008598999999999996,1.0220702273256366,1.0584806855277475,1.0220702273248239,126,126,0.311712,0.304981,variant_dominates
l2-n128-uniform-w1,main,2,128,uniform,1,native,native,,native,101,3,accept_id,ok,0,-0.127154,-0.133313,1.8038055502876287,,1.8038055502878472,126,126,0.285344,0.15819,variant_dominates
l2-n128-uniform-w1,main,2,128,uniform,1,native,native,,native,101,3,accept_static_degree,ok,0,-0.153522,-0.155639,1.9704911814906125,,1.970491181490345,126,126,0.311712,0.15819,variant_dominates
l2-n128-uniform-w1,main,2,128,uniform,1,accept_id,accept_id,,greedy,101,3,native,ok,0,0.127154,0.133313,0.5543834809913648,0.0,0.5543834809912978,126,126,0.15819,0.285344,baseline_dominates
l2-n128-uniform-w1,main,2,128,uniform,1,accept_id,accept_id,,greedy,101,3,accept_static_degree,ok,0,-0.026368000000000003,-0.022326000000000013,1.092407760457553,1.1674705392572369,1.0924077604572724,126,126,0.311712,0.285344,variant_dominates
l2-n128-zipf-w1,main,2,128,zipf,1,eas_k1_adaptive,eas,1,adaptive,11,1,native,ok,5,0.290305,0.293665,0.31282088912770234,0.0,0.3428998207755535,52,57,0.132154,0.422459,extra_commits_extra_time
l2-n128-zipf-w1,main,2,128,zipf,1,eas_k1_adaptive,eas,1,adaptive,11,1,accept_id,ok,2,0.14244599999999996,0.164183,0.6628169834232435,0.4409173718352545,0.6869194191856227,55,57,0.280013,0.422459,extra_commits_extra_time
l2-n128-zipf-w1,main,2,128,zipf,1,eas_k1_adaptive,eas,1,adaptive,11,1,accept_static_degree,ok,0,0.13554099999999997,0.136613,0.679161764810313,0.5347998569798921,0.67916176481339,57,57,0.286918,0.422459,baseline_dominates
l2-n128-zipf-w1,main,2,128,zipf,1,native,native,,native,11,1,accept_id,ok,-3,-0.14785900000000002,-0.129482,2.1188386276616678,,2.0032656116062793,55,52,0.280013,0.132154,tradeoff_or_tie
l2-n128-zipf-w1,main,2,128,zipf,1,native,native,,native,11,1,accept_static_degree,ok,-5,-0.154764,-0.157052,2.171088275799446,,1.980641935820486,57,52,0.286918,0.132154,tradeoff_or_tie
l2-n128-zipf-w1,main,2,128,zipf,1,accept_id,accept_id,,greedy,11,1,native,ok,3,0.14785900000000002,0.129482,0.4719566591551106,0.0,0.49918492795279884,52,55,0.132154,0.280013,extra_commits_extra_time
l2-n128-zipf-w1,main,2,128,zipf,1,accept_id,accept_id,,greedy,11,1,accept_static_degree,ok,-2,-0.0069049999999999945,-0.027569999999999983,1.024659569377136,1.212925348697116,0.9887066020328413,57,55,0.286918,0.280013,tradeoff_or_tie
l2-n128-zipf-w1,main,2,128,zipf,1,eas_k2_adaptive,eas,2,adaptive,11,1,native,ok,2,0.280805,0.281211,0.32001724142106114,0.0,0.33232559686082436,52,54,0.132154,0.412959,extra_commits_extra_time
l2-n128-zipf-w1,main,2,128,zipf,1,eas_k2_adaptive,eas,2,adaptive,11,1,accept_id,ok,-1,0.132946,0.15172899999999998,0.6780648926406738,0.46044429271970166,0.6657364400478212,55,54,0.280013,0.412959,baseline_dominates
l2-n128-zipf-w1,main,2,128,zipf,1,eas_k2_adaptive,eas,2,adaptive,11,1,accept_static_degree,ok,-3,0.12604100000000001,0.12415899999999999,0.6947856809029468,0.5584845543026411,0.6582180134891217,57,54,0.286918,0.412959,baseline_dominates
l2-n128-zipf-w1,main,2,128,zipf,1,accept_static_degree,accept_static_degree,,greedy,11,1,native,ok,5,0.154764,0.157052,0.46059849852571116,0.0,0.5048868156907661,52,57,0.132154,0.286918,extra_commits_extra_time
l2-n128-zipf-w1,main,2,128,zipf,1,accept_static_degree,accept_static_degree,,greedy,11,1,accept_id,ok,2,0.0069049999999999945,0.027569999999999983,0.9759338905192424,0.824453047398314,1.0114223956267094,55,57,0.280013,0.286918,extra_commits_extra_time
l2-n128-zipf-w1,main,2,128,zipf,1,eas_k2_adaptive,eas,2,adaptive,11,2,native,ok,2,0.272744,0.276352,0.32229265177624106,0.0,0.3346885229979779,52,54,0.129707,0.402451,extra_commits_extra_time
l2-n128-zipf-w1,main,2,128,zipf,1,eas_k2_adaptive,eas,2,adaptive,11,2,accept_id,ok,-1,0.143934,0.145585,0.6423564607865305,0.47318998957850855,0.6306772524072707,55,54,0.258517,0.402451,baseline_dominates
l2-n128-zipf-w1,main,2,128,zipf,1,eas_k2_adaptive,eas,2,adaptive,11,2,accept_static_degree,ok,-3,0.11363600000000001,0.112788,0.7176401599200897,0.5918683418249189,0.6798696251878465,57,54,0.288815,0.402451,baseline_dominates
l2-n128-zipf-w1,main,2,128,zipf,1,native,native,,native,11,2,accept_id,ok,-3,-0.12881,-0.130767,1.993084413331586,,1.8843707180574012,55,52,0.258517,0.129707,tradeoff_or_tie
l2-n128-zipf-w1,main,2,128,zipf,1,native,native,,native,11,2,accept_static_degree,ok,-5,-0.159108,-0.163564,2.2266724232308204,,2.031350280845914,57,52,0.288815,0.129707,tradeoff_or_tie
l2-n128-zipf-w1,main,2,128,zipf,1,accept_id,accept_id,,greedy,11,2,native,ok,3,0.12881,0.130767,0.5017348955774669,0.0,0.5306811395535272,52,55,0.129707,0.258517,extra_commits_extra_time
l2-n128-zipf-w1,main,2,128,zipf,1,accept_id,accept_id,,greedy,11,2,accept_static_degree,ok,-2,-0.03029799999999999,-0.03279699999999999,1.1171992557549406,1.250804866671255,1.077999281871687,57,55,0.288815,0.258517,tradeoff_or_tie
l2-n128-zipf-w1,main,2,128,zipf,1,eas_k1_adaptive,eas,1,adaptive,11,2,native,ok,5,0.301138,0.300086,0.30105258271536167,0.0,0.32999994643667124,52,57,0.129707,0.430845,extra_commits_extra_time
l2-n128-zipf-w1,main,2,128,zipf,1,eas_k1_adaptive,eas,1,adaptive,11,2,accept_id,ok,2,0.17232799999999998,0.16931900000000003,0.6000232102032054,0.4357650806768726,0.6218422360257742,55,57,0.258517,0.430845,extra_commits_extra_time
l2-n128-zipf-w1,main,2,128,zipf,1,eas_k1_adaptive,eas,1,adaptive,11,2,accept_static_degree,ok,0,0.14203,0.13652200000000003,0.6703454838747114,0.5450570836360242,0.6703454838732686,57,57,0.288815,0.430845,baseline_dominates
l2-n128-zipf-w1,main,2,128,zipf,1,accept_static_degree,accept_static_degree,,greedy,11,2,native,ok,5,0.159108,0.163564,0.4491006353548119,0.0,0.4922833887534014,52,57,0.129707,0.288815,extra_commits_extra_time
l2-n128-zipf-w1,main,2,128,zipf,1,accept_static_degree,accept_static_degree,,greedy,11,2,accept_id,ok,2,0.03029799999999999,0.03279699999999999,0.8950954763429878,0.799485216795872,0.9276444027529778,55,57,0.258517,0.288815,extra_commits_extra_time
l2-n128-zipf-w1,main,2,128,zipf,1,native,native,,native,11,3,accept_id,ok,-3,-0.11762600000000001,-0.130674,1.8540270527332265,,1.7528983043967787,55,52,0.255357,0.137731,tradeoff_or_tie
l2-n128-zipf-w1,main,2,128,zipf,1,native,native,,native,11,3,accept_static_degree,ok,-5,-0.14738600000000002,-0.15794,2.0701004131241336,,1.8885126575883084,57,52,0.285117,0.137731,tradeoff_or_tie
l2-n128-zipf-w1,main,2,128,zipf,1,accept_id,accept_id,,greedy,11,3,native,ok,3,0.11762600000000001,0.130674,0.5393664555896255,0.0,0.570483751106216,52,55,0.137731,0.255357,extra_commits_extra_time
l2-n128-zipf-w1,main,2,128,zipf,1,accept_id,accept_id,,greedy,11,3,accept_static_degree,ok,-2,-0.02976000000000001,-0.027265999999999985,1.1165427225413833,1.2086566570243504,1.077365784912547,57,55,0.285117,0.255357,tradeoff_or_tie
l2-n128-zipf-w1,main,2,128,zipf,1,accept_static_degree,accept_static_degree,,greedy,11,3,native,ok,5,0.14738600000000002,0.15794,0.4830683543948624,0.0,0.5295172346247508,52,57,0.137731,0.285117,extra_commits_extra_time
l2-n128-zipf-w1,main,2,128,zipf,1,accept_static_degree,accept_static_degree,,greedy,11,3,accept_id,ok,2,0.02976000000000001,0.027265999999999985,0.8956217973673966,0.8273648220843359,0.928189862722597,55,57,0.255357,0.285117,extra_commits_extra_time
l2-n128-zipf-w1,main,2,128,zipf,1,eas_k1_adaptive,eas,1,adaptive,11,3,native,ok,5,0.288067,0.292897,0.3234655869684686,0.0,0.35456804725502383,52,57,0.137731,0.425798,extra_commits_extra_time
l2-n128-zipf-w1,main,2,128,zipf,1,eas_k1_adaptive,eas,1,adaptive,11,3,accept_id,ok,2,0.170441,0.162223,0.599713948867773,0.4461431834399123,0.6215217288266083,55,57,0.255357,0.425798,extra_commits_extra_time
l2-n128-zipf-w1,main,2,128,zipf,1,eas_k1_adaptive,eas,1,adaptive,11,3,accept_static_degree,ok,0,0.140681,0.13495700000000002,0.6696062452148671,0.539233928650686,0.669606245217482,57,57,0.285117,0.425798,baseline_dominates
l2-n128-zipf-w1,main,2,128,zipf,1,eas_k2_adaptive,eas,2,adaptive,11,3,native,ok,2,0.275125,0.282122,0.3336054217451121,0.0,0.34643639950362926,52,54,0.137731,0.412856,extra_commits_extra_time
l2-n128-zipf-w1,main,2,128,zipf,1,eas_k2_adaptive,eas,2,adaptive,11,3,accept_id,ok,-1,0.157499,0.15144799999999997,0.6185134768539151,0.46318259476396745,0.6072677772712368,55,54,0.255357,0.412856,baseline_dominates
l2-n128-zipf-w1,main,2,128,zipf,1,eas_k2_adaptive,eas,2,adaptive,11,3,accept_static_degree,ok,-3,0.127739,0.12418199999999999,0.6905967213750073,0.5598287265792813,0.6542495255119238,57,54,0.285117,0.412856,baseline_dominates
l2-n128-zipf-w1,main,2,128,zipf,1,native,native,,native,29,1,accept_id,ok,-4,-0.13646999999999998,-0.135795,2.0408181942982653,,1.904763648012776,60,56,0.267588,0.131118,tradeoff_or_tie
l2-n128-zipf-w1,main,2,128,zipf,1,native,native,,native,29,1,accept_static_degree,ok,-6,-0.16391099999999997,-0.162159,2.2501029606918954,,2.0323510612671196,62,56,0.295029,0.131118,tradeoff_or_tie
l2-n128-zipf-w1,main,2,128,zipf,1,eas_k2_adaptive,eas,2,adaptive,29,1,native,ok,6,0.277462,0.275694,0.32091144941015226,0.0,0.3552948189890046,56,62,0.131118,0.40858,extra_commits_extra_time
l2-n128-zipf-w1,main,2,128,zipf,1,eas_k2_adaptive,eas,2,adaptive,29,1,accept_id,ok,2,0.140992,0.139899,0.6549219247148661,0.49255696533112797,0.6767526555375354,60,62,0.267588,0.40858,extra_commits_extra_time
l2-n128-zipf-w1,main,2,128,zipf,1,eas_k2_adaptive,eas,2,adaptive,29,1,accept_static_degree,ok,0,0.11355100000000001,0.113535,0.7220838024377111,0.5881847265446474,0.7220838024350127,62,62,0.295029,0.40858,baseline_dominates
l2-n128-zipf-w1,main,2,128,zipf,1,eas_k1_adaptive,eas,1,adaptive,29,1,native,ok,6,0.29403999999999997,0.29233,0.3083982895770514,0.0,0.3414409634603911,56,62,0.131118,0.425158,extra_commits_extra_time
l2-n128-zipf-w1,main,2,128,zipf,1,eas_k1_adaptive,eas,1,adaptive,29,1,accept_id,ok,2,0.15757,0.15653499999999998,0.6293848404593116,0.4645263914069716,0.6503643351418116,60,62,0.267588,0.425158,extra_commits_extra_time
l2-n128-zipf-w1,main,2,128,zipf,1,eas_k1_adaptive,eas,1,adaptive,29,1,accept_static_degree,ok,0,0.130129,0.13017099999999998,0.6939279044496399,0.5547121403892861,0.6939279044487937,62,62,0.295029,0.425158,baseline_dominates
l2-n128-zipf-w1,main,2,128,zipf,1,accept_id,accept_id,,greedy,29,1,native,ok,4,0.13646999999999998,0.135795,0.4899995515493969,0.0,0.5249995195169184,56,60,0.131118,0.267588,extra_commits_extra_time
l2-n128-zipf-w1,main,2,128,zipf,1,accept_id,accept_id,,greedy,29,1,accept_static_degree,ok,-2,-0.027440999999999993,-0.026364,1.102549441678999,1.1941455870981994,1.0669833306549368,62,60,0.295029,0.267588,tradeoff_or_tie
l2-n128-zipf-w1,main,2,128,zipf,1,accept_static_degree,accept_static_degree,,greedy,29,1,native,ok,6,0.16391099999999997,0.162159,0.44442410746062255,0.0,0.4920409761178392,56,62,0.131118,0.295029,extra_commits_extra_time
l2-n128-zipf-w1,main,2,128,zipf,1,accept_static_degree,accept_static_degree,,greedy,29,1,accept_id,ok,2,0.027440999999999993,0.026364,0.9069888044904061,0.8374188296671785,0.9372217646419827,60,62,0.267588,0.295029,extra_commits_extra_time
l2-n128-zipf-w1,main,2,128,zipf,1,eas_k1_adaptive,eas,1,adaptive,29,2,native,ok,6,0.29562499999999997,0.295612,0.31257353864470316,0.0,0.34606356064300053,56,62,0.134421,0.430046,extra_commits_extra_time
l2-n128-zipf-w1,main,2,128,zipf,1,eas_k1_adaptive,eas,1,adaptive,29,2,accept_id,ok,2,0.165344,0.16357,0.6155202001646336,0.4466733420835419,0.6360375401710497,60,62,0.264702,0.430046,extra_commits_extra_time
l2-n128-zipf-w1,main,2,128,zipf,1,eas_k1_adaptive,eas,1,adaptive,29,2,accept_static_degree,ok,0,0.13099499999999997,0.131819,0.6953930509759422,0.554081025127532,0.6953930509761612,62,62,0.299051,0.430046,baseline_dominates
l2-n128-zipf-w1,main,2,128,zipf,1,native,native,,native,29,2,accept_id,ok,-4,-0.13028099999999998,-0.132042,1.9692012408775412,,1.8379211581515993,60,56,0.264702,0.134421,tradeoff_or_tie
l2-n128-zipf-w1,main,2,128,zipf,1,native,native,,native,29,2,accept_static_degree,ok,-6,-0.16463,-0.163793,2.2247342305145774,,2.0094373694938925,62,56,0.299051,0.134421,tradeoff_or_tie
l2-n128-zipf-w1,main,2,128,zipf,1,accept_id,accept_id,,greedy,29,2,native,ok,4,0.13028099999999998,0.132042,0.5078201146950155,0.0,0.5440929800306026,56,60,0.134421,0.264702,extra_commits_extra_time
l2-n128-zipf-w1,main,2,128,zipf,1,accept_id,accept_id,,greedy,29,2,accept_static_degree,ok,-2,-0.03434900000000002,-0.031751,1.1297647921058398,1.2404613683524939,1.093320766552787,62,60,0.299051,0.264702,tradeoff_or_tie
l2-n128-zipf-w1,main,2,128,zipf,1,accept_static_degree,accept_static_degree,,greedy,29,2,native,ok,6,0.16463,0.163793,0.4494918926872005,0.0,0.4976517383330366,56,62,0.134421,0.299051,extra_commits_extra_time
l2-n128-zipf-w1,main,2,128,zipf,1,accept_static_degree,accept_static_degree,,greedy,29,2,accept_id,ok,2,0.03434900000000002,0.031751,0.8851399928440299,0.8061516670431581,0.9146446592732113,60,62,0.264702,0.299051,extra_commits_extra_time
l2-n128-zipf-w1,main,2,128,zipf,1,eas_k2_adaptive,eas,2,adaptive,29,2,native,ok,6,0.285951,0.285192,0.31976677799663156,0.0,0.35402750421078,56,62,0.134421,0.420372,extra_commits_extra_time
l2-n128-zipf-w1,main,2,128,zipf,1,eas_k2_adaptive,eas,2,adaptive,29,2,accept_id,ok,2,0.15567000000000003,0.15315,0.6296851360223801,0.4629933518471766,0.650674640556597,60,62,0.264702,0.420372,extra_commits_extra_time
l2-n128-zipf-w1,main,2,128,zipf,1,eas_k2_adaptive,eas,2,adaptive,29,2,accept_static_degree,ok,0,0.12132100000000001,0.121399,0.7113960967904618,0.5743253667704564,0.7113960967897978,62,62,0.299051,0.420372,baseline_dominates
l2-n128-zipf-w1,main,2,128,zipf,1,eas_k1_adaptive,eas,1,adaptive,29,3,native,ok,6,0.28740600000000005,0.288237,0.3194897937438882,0.0,0.35372084307351975,56,62,0.134933,0.422339,extra_commits_extra_time
l2-n128-zipf-w1,main,2,128,zipf,1,eas_k1_adaptive,eas,1,adaptive,29,3,accept_id,ok,2,0.15794800000000003,0.157066,0.6260160676612863,0.45508036789170025,0.6468832699173752,60,62,0.264391,0.422339,extra_commits_extra_time
l2-n128-zipf-w1,main,2,128,zipf,1,eas_k1_adaptive,eas,1,adaptive,29,3,accept_static_degree,ok,0,0.13032100000000002,0.12851200000000002,0.691430343870682,0.5541446795518965,0.6914303438723282,62,62,0.292018,0.422339,baseline_dominates
l2-n128-zipf-w1,main,2,128,zipf,1,accept_id,accept_id,,greedy,29,3,native,ok,4,0.129458,0.131171,0.5103539833050293,0.0,0.5468078392546767,56,60,0.134933,0.264391,extra_commits_extra_time
l2-n128-zipf-w1,main,2,128,zipf,1,accept_id,accept_id,,greedy,29,3,accept_static_degree,ok,-2,-0.027627000000000013,-0.028553999999999996,1.1044929668559067,1.2176853115398982,1.068864161474825,62,60,0.292018,0.264391,tradeoff_or_tie
l2-n128-zipf-w1,main,2,128,zipf,1,native,native,,native,29,3,accept_id,ok,-4,-0.129458,-0.131171,1.9594243068782284,,1.828796019755394,60,56,0.264391,0.134933,tradeoff_or_tie
l2-n128-zipf-w1,main,2,128,zipf,1,native,native,,native,29,3,accept_static_degree,ok,-6,-0.157085,-0.159725,2.1641703660335128,,1.9547345241643468,62,56,0.292018,0.134933,tradeoff_or_tie
l2-n128-zipf-w1,main,2,128,zipf,1,eas_k2_adaptive,eas,2,adaptive,29,3,native,ok,6,0.27929800000000005,0.280334,0.3257433654168809,0.0,0.3606444402822029,56,62,0.134933,0.414231,extra_commits_extra_time
l2-n128-zipf-w1,main,2,128,zipf,1,eas_k2_adaptive,eas,2,adaptive,29,3,accept_id,ok,2,0.14984000000000003,0.14916300000000002,0.6382694680021533,0.4679097077058081,0.6595451169350045,60,62,0.264391,0.414231,extra_commits_extra_time
l2-n128-zipf-w1,main,2,128,zipf,1,eas_k2_adaptive,eas,2,adaptive,29,3,accept_static_degree,ok,0,0.12221300000000002,0.12060900000000002,0.7049641383672395,0.5697667782002896,0.7049641383675489,62,62,0.292018,0.414231,baseline_dominates
l2-n128-zipf-w1,main,2,128,zipf,1,accept_static_degree,accept_static_degree,,greedy,29,3,native,ok,6,0.157085,0.159725,0.46207083125012843,0.0,0.511578420311322,56,62,0.134933,0.292018,extra_commits_extra_time
l2-n128-zipf-w1,main,2,128,zipf,1,accept_static_degree,accept_static_degree,,greedy,29,3,accept_id,ok,2,0.027627000000000013,0.028553999999999996,0.9053928182509297,0.8212302394740961,0.9355725788580975,60,62,0.264391,0.292018,extra_commits_extra_time
l2-n128-zipf-w1,main,2,128,zipf,1,eas_k2_adaptive,eas,2,adaptive,47,1,native,ok,1,0.264852,0.264565,0.34390443892300565,0.0,0.3491952764445657,65,66,0.138827,0.403679,extra_commits_extra_time
l2-n128-zipf-w1,main,2,128,zipf,1,eas_k2_adaptive,eas,2,adaptive,47,1,accept_id,ok,-3,0.13436200000000004,0.132221,0.6671563296579708,0.5002324570521421,0.6381495327148754,69,66,0.269317,0.403679,baseline_dominates
l2-n128-zipf-w1,main,2,128,zipf,1,eas_k2_adaptive,eas,2,adaptive,47,1,accept_static_degree,ok,-4,0.10624600000000001,0.10630899999999999,0.7368057293047199,0.598174361688054,0.6947025447713875,70,66,0.297433,0.403679,baseline_dominates
l2-n128-zipf-w1,main,2,128,zipf,1,native,native,,native,47,1,accept_id,ok,-4,-0.13048999999999997,-0.132344,1.9399468403120428,,1.8274861539147447,69,65,0.269317,0.138827,tradeoff_or_tie
l2-n128-zipf-w1,main,2,128,zipf,1,native,native,,native,47,1,accept_static_degree,ok,-5,-0.158606,-0.158256,2.1424722856504856,,1.9894385509583792,70,65,0.297433,0.138827,tradeoff_or_tie
l2-n128-zipf-w1,main,2,128,zipf,1,accept_static_degree,accept_static_degree,,greedy,47,1,native,ok,5,0.158606,0.158256,0.46675049506947786,0.0,0.5026543793062955,65,70,0.138827,0.297433,extra_commits_extra_time
l2-n128-zipf-w1,main,2,128,zipf,1,accept_static_degree,accept_static_degree,,greedy,47,1,accept_id,ok,1,0.02811600000000003,0.02591200000000002,0.9054711481241152,0.8362652916793043,0.9185939183868651,69,70,0.269317,0.297433,extra_commits_extra_time
l2-n128-zipf-w1,main,2,128,zipf,1,eas_k1_adaptive,eas,1,adaptive,47,1,native,ok,5,0.28151899999999996,0.282202,0.3302683979388409,0.0,0.3556736593197296,65,70,0.138827,0.420346,extra_commits_extra_time
l2-n128-zipf-w1,main,2,128,zipf,1,eas_k1_adaptive,eas,1,adaptive,47,1,accept_id,ok,1,0.15102900000000002,0.14985800000000002,0.6407031350363748,0.4689690363640229,0.6499886877189959,69,70,0.269317,0.420346,extra_commits_extra_time
l2-n128-zipf-w1,main,2,128,zipf,1,eas_k1_adaptive,eas,1,adaptive,47,1,accept_static_degree,ok,0,0.122913,0.123946,0.7075908894101526,0.5607897888746359,0.7075908894111071,70,70,0.297433,0.420346,baseline_dominates
l2-n128-zipf-w1,main,2,128,zipf,1,accept_id,accept_id,,greedy,47,1,native,ok,4,0.13048999999999997,0.132344,0.5154780426040689,0.0,0.5471997683034986,65,69,0.138827,0.269317,extra_commits_extra_time
l2-n128-zipf-w1,main,2,128,zipf,1,accept_id,accept_id,,greedy,47,1,accept_static_degree,ok,-1,-0.02811600000000003,-0.02591200000000002,1.104397420140578,1.1957927824457475,1.088620314138473,70,69,0.297433,0.269317,tradeoff_or_tie
l2-n128-zipf-w1,main,2,128,zipf,1,accept_id,accept_id,,greedy,47,2,native,ok,4,0.07494000000000003,0.13016,0.717605031408621,0.0,0.7617653410331672,65,69,0.190433,0.265373,extra_commits_extra_time
l2-n128-zipf-w1,main,2,128,zipf,1,accept_id,accept_id,,greedy,47,2,accept_static_degree,ok,-1,-0.03350399999999998,-0.031126000000000015,1.1262524823550246,1.2391364474492932,1.110163161175852,70,69,0.298877,0.265373,tradeoff_or_tie
l2-n128-zipf-w1,main,2,128,zipf,1,native,native,,native,47,2,accept_id,ok,-4,-0.07494000000000003,-0.13016,1.39352423161952,,1.3127402181933348,69,65,0.265373,0.190433,tradeoff_or_tie
l2-n128-zipf-w1,main,2,128,zipf,1,native,native,,native,47,2,accept_static_degree,ok,-5,-0.10844400000000001,-0.161286,1.5694601250833629,,1.45735583043219,70,65,0.298877,0.190433,tradeoff_or_tie
l2-n128-zipf-w1,main,2,128,zipf,1,eas_k1_adaptive,eas,1,adaptive,47,2,native,ok,5,0.22558400000000003,0.275896,0.4577529283659081,0.0,0.49296469208527444,65,70,0.190433,0.416017,extra_commits_extra_time
l2-n128-zipf-w1,main,2,128,zipf,1,eas_k1_adaptive,eas,1,adaptive,47,2,accept_id,ok,1,0.150644,0.14573599999999998,0.6378897977726872,0.4717719720474382,0.6471345774496332,69,70,0.265373,0.416017,extra_commits_extra_time
l2-n128-zipf-w1,main,2,128,zipf,1,eas_k1_adaptive,eas,1,adaptive,47,2,accept_static_degree,ok,0,0.11714000000000002,0.11460999999999996,0.7184249682104337,0.5845898454490098,0.718424968207684,70,70,0.298877,0.416017,baseline_dominates
l2-n128-zipf-w1,main,2,128,zipf,1,eas_k2_adaptive,eas,2,adaptive,47,2,native,ok,1,0.206184,0.260493,0.48014331206176236,0.0,0.48753013224680586,65,66,0.190433,0.396617,extra_commits_extra_time
l2-n128-zipf-w1,main,2,128,zipf,1,eas_k2_adaptive,eas,2,adaptive,47,2,accept_id,ok,-3,0.13124399999999997,0.13033299999999998,0.6690913400081188,0.4996679373342086,0.6400004121814973,69,66,0.265373,0.396617,baseline_dominates
l2-n128-zipf-w1,main,2,128,zipf,1,eas_k2_adaptive,eas,2,adaptive,47,2,accept_static_degree,ok,-4,0.09774,0.09920699999999996,0.7535657826063936,0.6191567527726274,0.7105048807412592,70,66,0.298877,0.396617,baseline_dominates
l2-n128-zipf-w1,main,2,128,zipf,1,accept_static_degree,accept_static_degree,,greedy,47,2,native,ok,5,0.10844400000000001,0.161286,0.6371617755799208,0.0,0.686174219856411,65,70,0.190433,0.298877,extra_commits_extra_time
l2-n128-zipf-w1,main,2,128,zipf,1,accept_static_degree,accept_static_degree,,greedy,47,2,accept_id,ok,1,0.03350399999999998,0.031126000000000015,0.8879003737323381,0.8070136279652294,0.9007684950929462,69,70,0.265373,0.298877,extra_commits_extra_time
l2-n128-zipf-w1,main,2,128,zipf,1,eas_k1_adaptive,eas,1,adaptive,47,3,native,ok,5,0.28771500000000005,0.286759,0.324479474826022,0.0,0.3494394344274094,65,70,0.138201,0.425916,extra_commits_extra_time
l2-n128-zipf-w1,main,2,128,zipf,1,eas_k1_adaptive,eas,1,adaptive,47,3,accept_id,ok,1,0.15253900000000004,0.152854,0.6418566102236121,0.4669600605386405,0.6511588799353878,69,70,0.273377,0.425916,extra_commits_extra_time
l2-n128-zipf-w1,main,2,128,zipf,1,eas_k1_adaptive,eas,1,adaptive,47,3,accept_static_degree,ok,0,0.12427500000000002,0.12232199999999999,0.7082171132335953,0.5734327431745821,0.7082171132332349,70,70,0.301641,0.425916,baseline_dominates
l2-n128-zipf-w1,main,2,128,zipf,1,accept_id,accept_id,,greedy,47,3,native,ok,4,0.135176,0.133905,0.5055326527103596,0.0,0.5366423544159961,65,69,0.138201,0.273377,extra_commits_extra_time
l2-n128-zipf-w1,main,2,128,zipf,1,accept_id,accept_id,,greedy,47,3,accept_static_degree,ok,-1,-0.02826400000000001,-0.030532000000000004,1.1033883611276736,1.228012396848512,1.0876256702565568,70,69,0.301641,0.273377,tradeoff_or_tie
l2-n128-zipf-w1,main,2,128,zipf,1,accept_static_degree,accept_static_degree,,greedy,47,3,native,ok,5,0.16344,0.164437,0.45816384377455316,0.0,0.49340721637197943,65,70,0.138201,0.301641,extra_commits_extra_time
l2-n128-zipf-w1,main,2,128,zipf,1,accept_static_degree,accept_static_degree,,greedy,47,3,accept_id,ok,1,0.02826400000000001,0.030532000000000004,0.906299209988032,0.8143240268309444,0.9194339811454735,69,70,0.273377,0.301641,extra_commits_extra_time
l2-n128-zipf-w1,main,2,128,zipf,1,native,native,,native,47,3,accept_id,ok,-4,-0.135176,-0.133905,1.9781115910883424,,1.8634384553717447,69,65,0.273377,0.138201,tradeoff_or_tie
l2-n128-zipf-w1,main,2,128,zipf,1,native,native,,native,47,3,accept_static_degree,ok,-5,-0.16344,-0.164437,2.182625306618621,,2.0267234990055365,70,65,0.301641,0.138201,tradeoff_or_tie
l2-n128-zipf-w1,main,2,128,zipf,1,eas_k2_adaptive,eas,2,adaptive,47,3,native,ok,1,0.264968,0.264373,0.3427867718004112,0.0,0.3480604144421907,65,66,0.138201,0.403169,extra_commits_extra_time
l2-n128-zipf-w1,main,2,128,zipf,1,eas_k2_adaptive,eas,2,adaptive,47,3,accept_id,ok,-3,0.12979200000000002,0.13046800000000003,0.6780704865701479,0.5065002855813566,0.648589161064205,69,66,0.273377,0.403169,baseline_dominates
l2-n128-zipf-w1,main,2,128,zipf,1,eas_k2_adaptive,eas,2,adaptive,47,3,accept_static_degree,ok,-4,0.10152800000000001,0.09993600000000002,0.7481750829056797,0.6219886297012175,0.7054222210235939,70,66,0.301641,0.403169,baseline_dominates
l2-n128-zipf-w1,main,2,128,zipf,1,accept_static_degree,accept_static_degree,,greedy,71,1,native,ok,5,0.15408200000000002,0.160401,0.4747861062821692,0.0,0.5113081144570762,65,70,0.139288,0.29337,extra_commits_extra_time
l2-n128-zipf-w1,main,2,128,zipf,1,accept_static_degree,accept_static_degree,,greedy,71,1,accept_id,ok,2,0.00893900000000003,0.017785999999999996,0.9695299451204962,0.8891154045174282,0.998045531739351,68,70,0.284431,0.29337,extra_commits_extra_time
l2-n128-zipf-w1,main,2,128,zipf,1,eas_k1_adaptive,eas,1,adaptive,71,1,native,ok,5,0.274578,0.278889,0.3365533771800534,0.0,0.3624420985013462,65,70,0.139288,0.413866,extra_commits_extra_time
l2-n128-zipf-w1,main,2,128,zipf,1,eas_k1_adaptive,eas,1,adaptive,71,1,accept_id,ok,2,0.12943500000000002,0.136274,0.6872538454475603,0.5113683221640151,0.7074671938418248,68,70,0.284431,0.413866,extra_commits_extra_time
l2-n128-zipf-w1,main,2,128,zipf,1,eas_k1_adaptive,eas,1,adaptive,71,1,accept_static_degree,ok,0,0.12049599999999999,0.11848800000000001,0.7088526237961079,0.5751427987478889,0.7088526237965128,70,70,0.29337,0.413866,baseline_dominates
l2-n128-zipf-w1,main,2,128,zipf,1,native,native,,native,71,1,accept_id,ok,-3,-0.145143,-0.142615,2.042035207627362,,1.9519454190534578,68,65,0.284431,0.139288,tradeoff_or_tie
l2-n128-zipf-w1,main,2,128,zipf,1,native,native,,native,71,1,accept_static_degree,ok,-5,-0.15408200000000002,-0.160401,2.106211590373902,,1.9557679053496597,70,65,0.29337,0.139288,tradeoff_or_tie
l2-n128-zipf-w1,main,2,128,zipf,1,accept_id,accept_id,,greedy,71,1,native,ok,3,0.145143,0.142615,0.48970752133206297,0.0,0.5123094069325579,65,68,0.139288,0.284431,extra_commits_extra_time
l2-n128-zipf-w1,main,2,128,zipf,1,accept_id,accept_id,,greedy,71,1,accept_static_degree,ok,-2,-0.00893900000000003,-0.017785999999999996,1.0314276573228658,1.124713389194685,1.0019582956874151,70,68,0.29337,0.284431,tradeoff_or_tie
l2-n128-zipf-w1,main,2,128,zipf,1,eas_k2_adaptive,eas,2,adaptive,71,1,native,ok,3,0.27382700000000004,0.275657,0.33716519613182766,0.0,0.35272666672195674,65,68,0.139288,0.413115,extra_commits_extra_time
l2-n128-zipf-w1,main,2,128,zipf,1,eas_k2_adaptive,eas,2,adaptive,71,1,accept_id,ok,0,0.12868400000000002,0.133042,0.688503201287777,0.5173639704415269,0.6885032012859191,68,68,0.284431,0.413115,baseline_dominates
l2-n128-zipf-w1,main,2,128,zipf,1,eas_k2_adaptive,eas,2,adaptive,71,1,accept_static_degree,ok,-2,0.11974499999999999,0.115256,0.7101412439635453,0.5818861846425086,0.6898514941357689,70,68,0.29337,0.413115,baseline_dominates
l2-n128-zipf-w1,main,2,128,zipf,1,eas_k2_adaptive,eas,2,adaptive,71,2,native,ok,3,0.26751800000000003,0.264414,0.3349955255046236,0.0,0.35045685745212557,65,68,0.134762,0.40228,extra_commits_extra_time
l2-n128-zipf-w1,main,2,128,zipf,1,eas_k2_adaptive,eas,2,adaptive,71,2,accept_id,ok,0,0.13584700000000005,0.131489,0.6623073481157402,0.5027154386681492,0.6623073481179874,68,68,0.266433,0.40228,baseline_dominates
l2-n128-zipf-w1,main,2,128,zipf,1,eas_k2_adaptive,eas,2,adaptive,71,2,accept_static_degree,ok,-2,0.09667300000000001,0.09997299999999998,0.7596872824898081,0.6219073120182744,0.7379819315637658,70,68,0.305607,0.40228,baseline_dominates
l2-n128-zipf-w1,main,2,128,zipf,1,accept_static_degree,accept_static_degree,,greedy,71,2,native,ok,5,0.17084500000000002,0.164441,0.4409650302512704,0.0,0.47488541719377325,65,70,0.134762,0.305607,extra_commits_extra_time
l2-n128-zipf-w1,main,2,128,zipf,1,accept_static_degree,accept_static_degree,,greedy,71,2,accept_id,ok,2,0.03917400000000004,0.031516000000000016,0.8718157633823831,0.8083446342457172,0.8974574034821885,68,70,0.266433,0.305607,extra_commits_extra_time
l2-n128-zipf-w1,main,2,128,zipf,1,eas_k1_adaptive,eas,1,adaptive,71,2,native,ok,5,0.278556,0.275111,0.3260491921474506,0.0,0.3511298992361621,65,70,0.134762,0.413318,extra_commits_extra_time
l2-n128-zipf-w1,main,2,128,zipf,1,eas_k1_adaptive,eas,1,adaptive,71,2,accept_id,ok,2,0.14688500000000004,0.142186,0.6446198810601037,0.4831686119420888,0.6635792893275234,68,70,0.266433,0.413318,extra_commits_extra_time
l2-n128-zipf-w1,main,2,128,zipf,1,eas_k1_adaptive,eas,1,adaptive,71,2,accept_static_degree,ok,0,0.107711,0.11066999999999999,0.7393992035188403,0.5977260087746401,0.7393992035196278,70,70,0.305607,0.413318,baseline_dominates
l2-n128-zipf-w1,main,2,128,zipf,1,accept_id,accept_id,,greedy,71,2,native,ok,3,0.13167099999999998,0.132925,0.5058007078702713,0.0,0.5291453559257402,65,68,0.134762,0.266433,extra_commits_extra_time
l2-n128-zipf-w1,main,2,128,zipf,1,accept_id,accept_id,,greedy,71,2,accept_static_degree,ok,-2,-0.03917400000000004,-0.031516000000000016,1.1470313362083528,1.2370961068271584,1.1142590123162839,70,68,0.305607,0.266433,tradeoff_or_tie
l2-n128-zipf-w1,main,2,128,zipf,1,native,native,,native,71,2,accept_id,ok,-3,-0.13167099999999998,-0.132925,1.9770632670930974,,1.889839887662813,68,65,0.266433,0.134762,tradeoff_or_tie
l2-n128-zipf-w1,main,2,128,zipf,1,native,native,,native,71,2,accept_static_degree,ok,-5,-0.17084500000000002,-0.164441,2.267753521022247,,2.105771126663083,70,65,0.305607,0.134762,tradeoff_or_tie
l2-n128-zipf-w1,main,2,128,zipf,1,eas_k1_adaptive,eas,1,adaptive,71,3,native,ok,5,0.272181,0.273454,0.3379781872665006,0.0,0.3639765093638027,65,70,0.138955,0.411136,extra_commits_extra_time
l2-n128-zipf-w1,main,2,128,zipf,1,eas_k1_adaptive,eas,1,adaptive,71,3,accept_id,ok,2,0.13793899999999998,0.13985199999999998,0.6644930144769614,0.48857211816246976,0.6840369266668643,68,70,0.273197,0.411136,extra_commits_extra_time
l2-n128-zipf-w1,main,2,128,zipf,1,eas_k1_adaptive,eas,1,adaptive,71,3,accept_static_degree,ok,0,0.11853400000000003,0.11459399999999997,0.7116915084059775,0.5809386587872184,0.7116915084052249,70,70,0.292602,0.411136,baseline_dominates
l2-n128-zipf-w1,main,2,128,zipf,1,eas_k2_adaptive,eas,2,adaptive,71,3,native,ok,3,0.258269,0.260877,0.34981521761021483,0.0,0.36596053534717726,65,68,0.138955,0.397224,extra_commits_extra_time
l2-n128-zipf-w1,main,2,128,zipf,1,eas_k2_adaptive,eas,2,adaptive,71,3,accept_id,ok,0,0.124027,0.12727500000000003,0.6877655932169254,0.5121264043974746,0.6877655932186341,68,68,0.273197,0.397224,baseline_dominates
l2-n128-zipf-w1,main,2,128,zipf,1,eas_k2_adaptive,eas,2,adaptive,71,3,accept_static_degree,ok,-2,0.10462200000000005,0.10201700000000002,0.7366171228324572,0.6089459783729496,0.7155709193246028,70,68,0.292602,0.397224,baseline_dominates
l2-n128-zipf-w1,main,2,128,zipf,1,accept_static_degree,accept_static_degree,,greedy,71,3,native,ok,5,0.15364699999999998,0.15886,0.47489422491985706,0.0,0.5114245499140629,65,70,0.138955,0.292602,extra_commits_extra_time
l2-n128-zipf-w1,main,2,128,zipf,1,accept_static_degree,accept_static_degree,,greedy,71,3,accept_id,ok,2,0.01940499999999995,0.025258000000000003,0.9336812461979073,0.8410046581896009,0.9611424593215541,68,70,0.273197,0.292602,extra_commits_extra_time
l2-n128-zipf-w1,main,2,128,zipf,1,native,native,,native,71,3,accept_id,ok,-3,-0.13424200000000003,-0.133602,1.966082544708719,,1.8793436089117335,68,65,0.273197,0.138955,tradeoff_or_tie
l2-n128-zipf-w1,main,2,128,zipf,1,native,native,,native,71,3,accept_static_degree,ok,-5,-0.15364699999999998,-0.15886,2.1057320715339496,,1.9553226378515356,70,65,0.292602,0.138955,tradeoff_or_tie
l2-n128-zipf-w1,main,2,128,zipf,1,accept_id,accept_id,,greedy,71,3,native,ok,3,0.13424200000000003,0.133602,0.5086256437662199,0.0,0.5321006734787936,65,68,0.138955,0.273197,extra_commits_extra_time
l2-n128-zipf-w1,main,2,128,zipf,1,accept_id,accept_id,,greedy,71,3,accept_static_degree,ok,-2,-0.01940499999999995,-0.025258000000000003,1.071029330483131,1.1890540560770049,1.0404284924691336,70,68,0.292602,0.273197,tradeoff_or_tie
l2-n128-zipf-w1,main,2,128,zipf,1,eas_k2_adaptive,eas,2,adaptive,101,1,native,ok,6,0.281077,0.276303,0.3326234011686575,0.0,0.36481276257221784,62,68,0.14009,0.421167,extra_commits_extra_time
l2-n128-zipf-w1,main,2,128,zipf,1,eas_k2_adaptive,eas,2,adaptive,101,1,accept_id,ok,1,0.15594600000000003,0.14542100000000002,0.6297288249079344,0.4736901155615393,0.6391277625934988,67,68,0.265221,0.421167,extra_commits_extra_time
l2-n128-zipf-w1,main,2,128,zipf,1,eas_k2_adaptive,eas,2,adaptive,101,1,accept_static_degree,ok,-1,0.123973,0.11581800000000003,0.7056440794269256,0.5808297412623098,0.6954173536393753,69,68,0.297194,0.421167,baseline_dominates
l2-n128-zipf-w1,main,2,128,zipf,1,eas_k1_adaptive,eas,1,adaptive,101,1,native,ok,7,0.272275,0.278198,0.3397233033841378,0.0,0.37807916021650767,62,69,0.14009,0.412365,extra_commits_extra_time
l2-n128-zipf-w1,main,2,128,zipf,1,eas_k1_adaptive,eas,1,adaptive,101,1,accept_id,ok,2,0.147144,0.147316,0.6431704921610709,0.47046348284315487,0.6623696113278674,67,69,0.265221,0.412365,extra_commits_extra_time
l2-n128-zipf-w1,main,2,128,zipf,1,eas_k1_adaptive,eas,1,adaptive,101,1,accept_static_degree,ok,0,0.11517099999999997,0.11771300000000001,0.7207061705042863,0.5768733060625885,0.7207061705027749,69,69,0.297194,0.412365,baseline_dominates
l2-n128-zipf-w1,main,2,128,zipf,1,accept_id,accept_id,,greedy,101,1,native,ok,5,0.125131,0.130882,0.528201009723966,0.0,0.5707978653467568,62,67,0.14009,0.265221,extra_commits_extra_time
l2-n128-zipf-w1,main,2,128,zipf,1,accept_id,accept_id,,greedy,101,1,accept_static_degree,ok,-2,-0.03197300000000003,-0.02960299999999999,1.1205522941245227,1.2261808346449472,1.088072517484549,69,67,0.297194,0.265221,tradeoff_or_tie
l2-n128-zipf-w1,main,2,128,zipf,1,native,native,,native,101,1,accept_id,ok,-5,-0.125131,-0.130882,1.893218645156685,,1.7519336716378662,67,62,0.265221,0.14009,tradeoff_or_tie
l2-n128-zipf-w1,main,2,128,zipf,1,native,native,,native,101,1,accept_static_degree,ok,-7,-0.15710400000000002,-0.160485,2.121450496109644,,1.9062308805649621,69,62,0.297194,0.14009,tradeoff_or_tie
l2-n128-zipf-w1,main,2,128,zipf,1,accept_static_degree,accept_static_degree,,greedy,101,1,native,ok,7,0.15710400000000002,0.160485,0.4713755997765769,0.0,0.5245954255570676,62,69,0.14009,0.297194,extra_commits_extra_time
l2-n128-zipf-w1,main,2,128,zipf,1,accept_static_degree,accept_static_degree,,greedy,101,1,accept_id,ok,2,0.03197300000000003,0.02960299999999999,0.8924170743689306,0.8155403931831636,0.9190563900206223,67,69,0.265221,0.297194,extra_commits_extra_time
l2-n128-zipf-w1,main,2,128,zipf,1,accept_id,accept_id,,greedy,101,2,native,ok,5,0.12526999999999996,0.131438,0.5246245038289605,0.0,0.5669329315577961,62,67,0.138248,0.263518,extra_commits_extra_time
l2-n128-zipf-w1,main,2,128,zipf,1,accept_id,accept_id,,greedy,101,2,accept_static_degree,ok,-2,-0.039915000000000034,-0.03314400000000001,1.1514697288230786,1.2521645186323591,1.1180937946549248,69,67,0.303433,0.263518,tradeoff_or_tie
l2-n128-zipf-w1,main,2,128,zipf,1,eas_k1_adaptive,eas,1,adaptive,101,2,native,ok,7,0.279857,0.278292,0.3306537831405987,0.0,0.36798566188144777,62,69,0.138248,0.418105,extra_commits_extra_time
l2-n128-zipf-w1,main,2,128,zipf,1,eas_k1_adaptive,eas,1,adaptive,101,2,accept_id,ok,2,0.15458700000000003,0.14685399999999998,0.6302675165329282,0.4723024736607592,0.6490814722480684,67,69,0.263518,0.418105,extra_commits_extra_time
l2-n128-zipf-w1,main,2,128,zipf,1,eas_k1_adaptive,eas,1,adaptive,101,2,accept_static_degree,ok,0,0.114672,0.11370999999999998,0.7257339663481661,0.591400399580297,0.7257339663460481,69,69,0.303433,0.418105,baseline_dominates
l2-n128-zipf-w1,main,2,128,zipf,1,native,native,,native,101,2,accept_id,ok,-5,-0.12526999999999996,-0.131438,1.9061252242347084,,1.7638770731702587,67,62,0.263518,0.138248,tradeoff_or_tie
l2-n128-zipf-w1,main,2,128,zipf,1,native,native,,native,101,2,accept_static_degree,ok,-7,-0.165185,-0.164582,2.1948454950523697,,1.972180010045757,69,62,0.303433,0.138248,tradeoff_or_tie
l2-n128-zipf-w1,main,2,128,zipf,1,accept_static_degree,accept_static_degree,,greedy,101,2,native,ok,7,0.165185,0.164582,0.4556129359693903,0.0,0.5070531061598169,62,69,0.138248,0.303433,extra_commits_extra_time
l2-n128-zipf-w1,main,2,128,zipf,1,accept_static_degree,accept_static_degree,,greedy,101,2,accept_id,ok,2,0.039915000000000034,0.03314400000000001,0.8684553097388878,0.7986171027208321,0.8943793488350663,67,69,0.263518,0.303433,extra_commits_extra_time
l2-n128-zipf-w1,main,2,128,zipf,1,eas_k2_adaptive,eas,2,adaptive,101,2,native,ok,6,0.26519400000000004,0.270103,0.342671313348635,0.0,0.37583305334986217,62,68,0.138248,0.403442,extra_commits_extra_time
l2-n128-zipf-w1,main,2,128,zipf,1,eas_k2_adaptive,eas,2,adaptive,101,2,accept_id,ok,1,0.13992400000000005,0.13866499999999998,0.6531744339954689,0.4866217702135852,0.6629233061433966,67,68,0.263518,0.403442,extra_commits_extra_time
l2-n128-zipf-w1,main,2,128,zipf,1,eas_k2_adaptive,eas,2,adaptive,101,2,accept_static_degree,ok,-1,0.10000900000000001,0.10552099999999998,0.7521105883869305,0.6093305146555203,0.7412104349310586,69,68,0.303433,0.403442,baseline_dominates
l2-n128-zipf-w1,main,2,128,zipf,1,native,native,,native,101,3,accept_id,ok,-5,-0.12687900000000002,-0.13393,1.9110551031838354,,1.7684390507090726,67,62,0.266145,0.139266,tradeoff_or_tie
l2-n128-zipf-w1,main,2,128,zipf,1,native,native,,native,101,3,accept_static_degree,ok,-7,-0.160393,-0.164871,2.1517024973791163,,1.9334138382245842,69,62,0.299659,0.139266,tradeoff_or_tie
l2-n128-zipf-w1,main,2,128,zipf,1,accept_static_degree,accept_static_degree,,greedy,101,3,native,ok,7,0.160393,0.164871,0.46474826385992074,0.0,0.5172198420376882,62,69,0.139266,0.299659,extra_commits_extra_time
l2-n128-zipf-w1,main,2,128,zipf,1,accept_static_degree,accept_static_degree,,greedy,101,3,accept_id,ok,2,0.03351399999999999,0.030940999999999996,0.8881595413453293,0.8123320656755888,0.9146717664610259,67,69,0.266145,0.299659,extra_commits_extra_time
l2-n128-zipf-w1,main,2,128,zipf,1,eas_k1_adaptive,eas,1,adaptive,101,3,native,ok,7,0.273308,0.277768,0.3375539903144648,0.0,0.3756649247038664,62,69,0.139266,0.412574,extra_commits_extra_time
l2-n128-zipf-w1,main,2,128,zipf,1,eas_k1_adaptive,eas,1,adaptive,101,3,accept_id,ok,2,0.14642899999999998,0.14383800000000002,0.6450842757905249,0.48216497220702165,0.6643405228280007,67,69,0.266145,0.412574,extra_commits_extra_time
l2-n128-zipf-w1,main,2,128,zipf,1,eas_k1_adaptive,eas,1,adaptive,101,3,accept_static_degree,ok,0,0.11291499999999999,0.11289700000000003,0.7263157639599199,0.5935564931885602,0.7263157639580518,69,69,0.299659,0.412574,baseline_dominates
l2-n128-zipf-w1,main,2,128,zipf,1,accept_id,accept_id,,greedy,101,3,native,ok,5,0.12687900000000002,0.13393,0.5232711491855943,0.0,0.5654704354097136,62,67,0.139266,0.266145,extra_commits_extra_time
l2-n128-zipf-w1,main,2,128,zipf,1,accept_id,accept_id,,greedy,101,3,accept_static_degree,ok,-2,-0.03351399999999999,-0.030940999999999996,1.1259238385090833,1.2310236690808631,1.0932883649280214,69,67,0.299659,0.266145,tradeoff_or_tie
l2-n128-zipf-w1,main,2,128,zipf,1,eas_k2_adaptive,eas,2,adaptive,101,3,native,ok,6,0.266677,0.271359,0.3430678691343366,0.0,0.3762679855030551,62,68,0.139266,0.405943,extra_commits_extra_time
l2-n128-zipf-w1,main,2,128,zipf,1,eas_k2_adaptive,eas,2,adaptive,101,3,accept_id,ok,1,0.13979799999999998,0.13742900000000002,0.6556216020475781,0.4935528211704789,0.6654069990952378,67,68,0.266145,0.405943,extra_commits_extra_time
l2-n128-zipf-w1,main,2,128,zipf,1,eas_k2_adaptive,eas,2,adaptive,101,3,accept_static_degree,ok,-1,0.10628399999999999,0.10648800000000003,0.7381799907868839,0.607575204802494,0.727481730052494,69,68,0.299659,0.405943,baseline_dominates
l2-n512-uniform-w1,main,2,512,uniform,1,accept_id,accept_id,,greedy,11,1,native,ok,1,0.4570399999999999,0.495407,0.5774427817918741,0.0,0.5786610155088918,474,475,0.624565,1.081605,extra_commits_extra_time
l2-n512-uniform-w1,main,2,512,uniform,1,accept_id,accept_id,,greedy,11,1,accept_static_degree,ok,-3,-0.08388499999999999,-0.06898600000000005,1.0775560394044037,1.1392511611664753,1.0707931353905902,478,475,1.16549,1.081605,tradeoff_or_tie
l2-n512-uniform-w1,main,2,512,uniform,1,native,native,,native,11,1,accept_id,ok,-1,-0.4570399999999999,-0.495407,1.7317733142267016,,1.7281274756699656,475,474,1.081605,0.624565,tradeoff_or_tie
l2-n512-uniform-w1,main,2,512,uniform,1,native,native,,native,11,1,accept_static_degree,ok,-4,-0.5409249999999999,-0.564393,1.8660827936243622,,1.8504670380272683,478,474,1.16549,0.624565,tradeoff_or_tie
l2-n512-uniform-w1,main,2,512,uniform,1,eas_k1_adaptive,eas,1,adaptive,11,1,native,ok,4,0.573081,0.605545,0.521493830397296,0.0,0.5258946222146142,474,478,0.624565,1.197646,extra_commits_extra_time
l2-n512-uniform-w1,main,2,512,uniform,1,eas_k1_adaptive,eas,1,adaptive,11,1,accept_id,ok,3,0.11604100000000006,0.11013800000000001,0.9031090990159029,0.8181175635171622,0.9088129459561515,475,478,1.081605,1.197646,extra_commits_extra_time
l2-n512-uniform-w1,main,2,512,uniform,1,eas_k1_adaptive,eas,1,adaptive,11,1,accept_static_degree,ok,0,0.03215600000000007,0.041151999999999966,0.9731506638856556,0.9320413842076147,0.9731506638839464,478,478,1.16549,1.197646,baseline_dominates
l2-n512-uniform-w1,main,2,512,uniform,1,eas_k2_adaptive,eas,2,adaptive,11,1,native,ok,2,0.586028,0.607869,0.5159165797258038,0.0,0.5180934429311262,474,476,0.624565,1.210593,extra_commits_extra_time
l2-n512-uniform-w1,main,2,512,uniform,1,eas_k2_adaptive,eas,2,adaptive,11,1,accept_id,ok,1,0.1289880000000001,0.112462,0.8934505651362595,0.8149897428557797,0.8953315136937285,475,476,1.081605,1.210593,extra_commits_extra_time
l2-n512-uniform-w1,main,2,512,uniform,1,eas_k2_adaptive,eas,2,adaptive,11,1,accept_static_degree,ok,-2,0.045103000000000115,0.04347599999999996,0.962743052371854,0.9284780108872143,0.9587148387621107,478,476,1.16549,1.210593,baseline_dominates
l2-n512-uniform-w1,main,2,512,uniform,1,accept_static_degree,accept_static_degree,,greedy,11,1,native,ok,4,0.5409249999999999,0.564393,0.535881903748638,0.0,0.5404041139074125,474,478,0.624565,1.16549,extra_commits_extra_time
l2-n512-uniform-w1,main,2,512,uniform,1,accept_static_degree,accept_static_degree,,greedy,11,1,accept_id,ok,3,0.08388499999999999,0.06898600000000005,0.9280259804888931,0.8777695683681406,0.9338871972084812,475,478,1.081605,1.16549,extra_commits_extra_time
l2-n512-uniform-w1,main,2,512,uniform,1,eas_k2_adaptive,eas,2,adaptive,11,2,native,ok,2,0.6135720000000001,0.625681,0.5012031503027385,0.0,0.5033179315273715,474,476,0.616532,1.230104,extra_commits_extra_time
l2-n512-uniform-w1,main,2,512,uniform,1,eas_k2_adaptive,eas,2,adaptive,11,2,accept_id,ok,1,0.14339000000000013,0.12884600000000002,0.883432620331289,0.7940707804775916,0.8852924784782105,475,476,1.086714,1.230104,extra_commits_extra_time
l2-n512-uniform-w1,main,2,512,uniform,1,eas_k2_adaptive,eas,2,adaptive,11,2,accept_static_degree,ok,-2,0.055057000000000134,0.0494420000000001,0.9552419957987291,0.9209789013890464,0.9512451673629729,478,476,1.175047,1.230104,baseline_dominates
l2-n512-uniform-w1,main,2,512,uniform,1,native,native,,native,11,2,accept_id,ok,-1,-0.470182,-0.496835,1.7626238378543206,,1.7589130508259396,475,474,1.086714,0.616532,tradeoff_or_tie
l2-n512-uniform-w1,main,2,512,uniform,1,native,native,,native,11,2,accept_static_degree,ok,-4,-0.558515,-0.576239,1.905897828498764,,1.8899488926935684,478,474,1.175047,0.616532,tradeoff_or_tie
l2-n512-uniform-w1,main,2,512,uniform,1,accept_id,accept_id,,greedy,11,2,native,ok,1,0.470182,0.496835,0.5673360240136779,0.0,0.5685329354571712,474,475,0.616532,1.086714,extra_commits_extra_time
l2-n512-uniform-w1,main,2,512,uniform,1,accept_id,accept_id,,greedy,11,2,accept_static_degree,ok,-3,-0.088333,-0.07940399999999992,1.0812844961967913,1.159819658437912,1.0744981918271046,478,475,1.175047,1.086714,tradeoff_or_tie
l2-n512-uniform-w1,main,2,512,uniform,1,accept_static_degree,accept_static_degree,,greedy,11,2,native,ok,4,0.558515,0.576239,0.5246870976224781,0.0,0.5291148368434413,474,478,0.616532,1.175047,extra_commits_extra_time
l2-n512-uniform-w1,main,2,512,uniform,1,accept_static_degree,accept_static_degree,,greedy,11,2,accept_id,ok,3,0.088333,0.07940399999999992,0.9248259856839769,0.8622030095151493,0.9306669919095667,475,478,1.086714,1.175047,extra_commits_extra_time
l2-n512-uniform-w1,main,2,512,uniform,1,eas_k1_adaptive,eas,1,adaptive,11,2,native,ok,4,0.577713,0.60517,0.5162525277476564,0.0,0.5206090891630545,474,478,0.616532,1.194245,extra_commits_extra_time
l2-n512-uniform-w1,main,2,512,uniform,1,eas_k1_adaptive,eas,1,adaptive,11,2,accept_id,ok,3,0.10753100000000004,0.10833499999999996,0.9099590117605684,0.8209841862617117,0.9157061213075018,475,478,1.086714,1.194245,extra_commits_extra_time
l2-n512-uniform-w1,main,2,512,uniform,1,eas_k1_adaptive,eas,1,adaptive,11,2,accept_static_degree,ok,0,0.01919800000000005,0.02893100000000004,0.9839245715912563,0.9521935984929853,0.983924571589922,478,478,1.175047,1.194245,baseline_dominates
l2-n512-uniform-w1,main,2,512,uniform,1,accept_id,accept_id,,greedy,11,3,native,ok,1,0.45261799999999996,0.491497,0.5827763351594208,0.0,0.5840058210990615,474,475,0.632215,1.084833,extra_commits_extra_time
l2-n512-uniform-w1,main,2,512,uniform,1,accept_id,accept_id,,greedy,11,3,accept_static_degree,ok,-3,-0.08985100000000013,-0.07399399999999995,1.082824729704941,1.1505482230817277,1.0760287585989627,478,475,1.174684,1.084833,tradeoff_or_tie
l2-n512-uniform-w1,main,2,512,uniform,1,native,native,,native,11,3,accept_id,ok,-1,-0.45261799999999996,-0.491497,1.7159241713657538,,1.712311699424612,475,474,1.084833,0.632215,tradeoff_or_tie
l2-n512-uniform-w1,main,2,512,uniform,1,native,native,,native,11,3,accept_static_degree,ok,-4,-0.5424690000000001,-0.565491,1.858045127053297,,1.8424966322663456,478,474,1.174684,0.632215,tradeoff_or_tie
l2-n512-uniform-w1,main,2,512,uniform,1,eas_k1_adaptive,eas,1,adaptive,11,3,native,ok,4,0.6132059999999999,0.631746,0.5076315559156301,0.0,0.5119153665138776,474,478,0.632215,1.245421,extra_commits_extra_time
l2-n512-uniform-w1,main,2,512,uniform,1,eas_k1_adaptive,eas,1,adaptive,11,3,accept_id,ok,3,0.16058799999999995,0.140249,0.871057256943636,0.7779978029144624,0.8765586711969509,475,478,1.084833,1.245421,extra_commits_extra_time
l2-n512-uniform-w1,main,2,512,uniform,1,eas_k1_adaptive,eas,1,adaptive,11,3,accept_static_degree,ok,0,0.07073699999999983,0.06625500000000006,0.9432023388075198,0.895123989704723,0.9432023388072114,478,478,1.174684,1.245421,baseline_dominates
l2-n512-uniform-w1,main,2,512,uniform,1,eas_k2_adaptive,eas,2,adaptive,11,3,native,ok,2,0.576397,0.608777,0.5230917780065066,0.0,0.5252989163109872,474,476,0.632215,1.208612,extra_commits_extra_time
l2-n512-uniform-w1,main,2,512,uniform,1,eas_k2_adaptive,eas,2,adaptive,11,3,accept_id,ok,1,0.12377900000000008,0.11728,0.8975858257240537,0.8073514603869726,0.8994754800943735,475,476,1.084833,1.208612,extra_commits_extra_time
l2-n512-uniform-w1,main,2,512,uniform,1,eas_k2_adaptive,eas,2,adaptive,11,3,accept_static_degree,ok,-2,0.03392799999999996,0.04328600000000005,0.9719281291266345,0.9288967881506692,0.9678614842361548,478,476,1.174684,1.208612,baseline_dominates
l2-n512-uniform-w1,main,2,512,uniform,1,accept_static_degree,accept_static_degree,,greedy,11,3,native,ok,4,0.5424690000000001,0.565491,0.5382000606120454,0.0,0.5427418332754071,474,478,0.632215,1.174684,extra_commits_extra_time
l2-n512-uniform-w1,main,2,512,uniform,1,accept_static_degree,accept_static_degree,,greedy,11,3,accept_id,ok,3,0.08985100000000013,0.07399399999999995,0.9235104930347224,0.869150879501177,0.9293431908846418,475,478,1.084833,1.174684,extra_commits_extra_time
l2-n512-uniform-w1,main,2,512,uniform,1,accept_static_degree,accept_static_degree,,greedy,29,1,native,ok,4,0.554835,0.584018,0.5325835597396854,0.0,0.5372046752256385,461,465,0.63219,1.187025,extra_commits_extra_time
l2-n512-uniform-w1,main,2,512,uniform,1,accept_static_degree,accept_static_degree,,greedy,29,1,accept_id,ok,0,0.0858779999999999,0.08198100000000008,0.9276527453086498,0.8596259019413783,0.927652745309121,465,465,1.101147,1.187025,baseline_dominates
l2-n512-uniform-w1,main,2,512,uniform,1,eas_k2_adaptive,eas,2,adaptive,29,1,native,ok,3,0.619885,0.64996,0.5049138430205858,0.0,0.5081996164033353,461,464,0.63219,1.252075,extra_commits_extra_time
l2-n512-uniform-w1,main,2,512,uniform,1,eas_k2_adaptive,eas,2,adaptive,29,1,accept_id,ok,-1,0.15092799999999995,0.14792300000000003,0.8794577002176388,0.7724121484399039,0.8775663933371083,465,464,1.101147,1.252075,baseline_dominates
l2-n512-uniform-w1,main,2,512,uniform,1,eas_k2_adaptive,eas,2,adaptive,29,1,accept_static_degree,ok,-1,0.06505000000000005,0.06594199999999995,0.9480462432362278,0.8985445258169734,0.9460074341122955,465,464,1.187025,1.252075,baseline_dominates
l2-n512-uniform-w1,main,2,512,uniform,1,accept_id,accept_id,,greedy,29,1,native,ok,4,0.46895700000000007,0.502037,0.5741195317246471,0.0,0.5791010460995577,461,465,0.63219,1.101147,extra_commits_extra_time
l2-n512-uniform-w1,main,2,512,uniform,1,accept_id,accept_id,,greedy,29,1,accept_static_degree,ok,0,-0.0858779999999999,-0.08198100000000008,1.0779895872213245,1.1632967291255427,1.0779895872207772,465,465,1.187025,1.101147,variant_dominates
l2-n512-uniform-w1,main,2,512,uniform,1,eas_k1_adaptive,eas,1,adaptive,29,1,native,ok,4,0.599469,0.643762,0.5132833032519553,0.0,0.5177369544740917,461,465,0.63219,1.231659,extra_commits_extra_time
l2-n512-uniform-w1,main,2,512,uniform,1,eas_k1_adaptive,eas,1,adaptive,29,1,accept_id,ok,0,0.13051199999999996,0.141725,0.8940356056343518,0.7798487639842053,0.8940356056360561,465,465,1.101147,1.231659,baseline_dominates
l2-n512-uniform-w1,main,2,512,uniform,1,eas_k1_adaptive,eas,1,adaptive,29,1,accept_static_degree,ok,0,0.04463400000000006,0.05974399999999991,0.9637610734789418,0.9071955163554234,0.9637610734802896,465,465,1.187025,1.231659,baseline_dominates
l2-n512-uniform-w1,main,2,512,uniform,1,native,native,,native,29,1,accept_id,ok,-4,-0.46895700000000007,-0.502037,1.7417975608598681,,1.7268143560356861,465,461,1.101147,0.63219,tradeoff_or_tie
l2-n512-uniform-w1,main,2,512,uniform,1,native,native,,native,29,1,accept_static_degree,ok,-4,-0.554835,-0.584018,1.8776396336544392,,1.8614878948698215,465,461,1.187025,0.63219,tradeoff_or_tie
l2-n512-uniform-w1,main,2,512,uniform,1,native,native,,native,29,2,accept_id,ok,-4,-0.46212200000000003,-0.491452,1.7369743865351095,,1.722032671379147,465,461,1.089175,0.627053,tradeoff_or_tie
l2-n512-uniform-w1,main,2,512,uniform,1,native,native,,native,29,2,accept_static_degree,ok,-4,-0.5662190000000001,-0.582749,1.9029842772461023,,1.8866145200236846,465,461,1.193272,0.627053,tradeoff_or_tie
l2-n512-uniform-w1,main,2,512,uniform,1,eas_k1_adaptive,eas,1,adaptive,29,2,native,ok,4,0.624453,0.639176,0.5010387485157881,0.0,0.5053861563120058,461,465,0.627053,1.251506,extra_commits_extra_time
l2-n512-uniform-w1,main,2,512,uniform,1,eas_k1_adaptive,eas,1,adaptive,29,2,accept_id,ok,0,0.162331,0.14772399999999997,0.8702914728335301,0.7688836877479756,0.8702914728320026,465,465,1.089175,1.251506,baseline_dominates
l2-n512-uniform-w1,main,2,512,uniform,1,eas_k1_adaptive,eas,1,adaptive,29,2,accept_static_degree,ok,0,0.0582339999999999,0.056427000000000005,0.9534688607166087,0.9117191509067925,0.9534688607171897,465,465,1.193272,1.251506,baseline_dominates
l2-n512-uniform-w1,main,2,512,uniform,1,accept_id,accept_id,,greedy,29,2,native,ok,4,0.46212200000000003,0.491452,0.5757137282805793,0.0,0.5807090751647104,461,465,0.627053,1.089175,extra_commits_extra_time
l2-n512-uniform-w1,main,2,512,uniform,1,accept_id,accept_id,,greedy,29,2,accept_static_degree,ok,0,-0.1040970000000001,-0.09129699999999996,1.0955741731126771,1.1857699225967133,1.0955741731152677,465,465,1.193272,1.089175,variant_dominates
l2-n512-uniform-w1,main,2,512,uniform,1,accept_static_degree,accept_static_degree,,greedy,29,2,native,ok,4,0.5662190000000001,0.582749,0.5254904162672047,0.0,0.5300499860392498,461,465,0.627053,1.193272,extra_commits_extra_time
l2-n512-uniform-w1,main,2,512,uniform,1,accept_static_degree,accept_static_degree,,greedy,29,2,accept_id,ok,0,0.1040970000000001,0.09129699999999996,0.9127633934258073,0.8433339224949336,0.9127633934236489,465,465,1.089175,1.193272,baseline_dominates
l2-n512-uniform-w1,main,2,512,uniform,1,eas_k2_adaptive,eas,2,adaptive,29,2,native,ok,3,0.630788,0.647091,0.4985153131437121,0.0,0.5017594475033055,461,464,0.627053,1.257841,extra_commits_extra_time
l2-n512-uniform-w1,main,2,512,uniform,1,eas_k2_adaptive,eas,2,adaptive,29,2,accept_id,ok,-1,0.16866599999999998,0.15563899999999997,0.8659083302261573,0.7594789604553301,0.8640461617738421,465,464,1.089175,1.257841,baseline_dominates
l2-n512-uniform-w1,main,2,512,uniform,1,eas_k2_adaptive,eas,2,adaptive,29,2,accept_static_degree,ok,-1,0.06456899999999988,0.06434200000000001,0.9486668028789014,0.900567308152949,0.946626659218798,465,464,1.193272,1.257841,baseline_dominates
l2-n512-uniform-w1,main,2,512,uniform,1,eas_k2_adaptive,eas,2,adaptive,29,3,native,ok,3,0.567204,0.638268,0.5425102716689062,0.0,0.5460407072764841,461,464,0.672614,1.239818,extra_commits_extra_time
l2-n512-uniform-w1,main,2,512,uniform,1,eas_k2_adaptive,eas,2,adaptive,29,3,accept_id,ok,-1,0.14032900000000015,0.14525099999999996,0.8868148389521687,0.7724294496982459,0.8849077102676304,465,464,1.099489,1.239818,baseline_dominates
l2-n512-uniform-w1,main,2,512,uniform,1,eas_k2_adaptive,eas,2,adaptive,29,3,accept_static_degree,ok,-1,0.047793000000000196,0.049482999999999944,0.961451600154216,0.9224730050699707,0.9593839623050353,465,464,1.192025,1.239818,baseline_dominates
l2-n512-uniform-w1,main,2,512,uniform,1,native,native,,native,29,3,accept_id,ok,-4,-0.4268749999999999,-0.493017,1.6346507803881571,,1.6205892683007663,465,461,1.099489,0.672614,tradeoff_or_tie
l2-n512-uniform-w1,main,2,512,uniform,1,native,native,,native,29,3,accept_static_degree,ok,-4,-0.5194109999999998,-0.588785,1.772227458839691,,1.7569824914523406,465,461,1.192025,0.672614,tradeoff_or_tie
l2-n512-uniform-w1,main,2,512,uniform,1,eas_k1_adaptive,eas,1,adaptive,29,3,native,ok,4,0.5510109999999999,0.629753,0.5496896516498111,0.0,0.5544591930962519,461,465,0.672614,1.223625,extra_commits_extra_time
l2-n512-uniform-w1,main,2,512,uniform,1,eas_k1_adaptive,eas,1,adaptive,29,3,accept_id,ok,0,0.12413600000000002,0.13673600000000002,0.8985506180406578,0.7828736028252347,0.8985506180424883,465,465,1.099489,1.223625,baseline_dominates
l2-n512-uniform-w1,main,2,512,uniform,1,eas_k1_adaptive,eas,1,adaptive,29,3,accept_static_degree,ok,0,0.03160000000000007,0.040968000000000004,0.9741750944938196,0.9349459232429222,0.9741750944949071,465,465,1.192025,1.223625,baseline_dominates
l2-n512-uniform-w1,main,2,512,uniform,1,accept_static_degree,accept_static_degree,,greedy,29,3,native,ok,4,0.5194109999999998,0.588785,0.5642616555860825,0.0,0.5691576352439285,461,465,0.672614,1.192025,extra_commits_extra_time
l2-n512-uniform-w1,main,2,512,uniform,1,accept_static_degree,accept_static_degree,,greedy,29,3,accept_id,ok,0,0.09253599999999995,0.09576800000000002,0.9223707556469034,0.8373463997893967,0.9223707556477525,465,465,1.099489,1.192025,baseline_dominates
l2-n512-uniform-w1,main,2,512,uniform,1,accept_id,accept_id,,greedy,29,3,native,ok,4,0.4268749999999999,0.493017,0.6117514590869032,0.0,0.617059497776712,461,465,0.672614,1.099489,extra_commits_extra_time
l2-n512-uniform-w1,main,2,512,uniform,1,accept_id,accept_id,,greedy,29,3,accept_static_degree,ok,0,-0.09253599999999995,-0.09576800000000002,1.0841627337790556,1.19424887985607,1.0841627337780575,465,465,1.192025,1.099489,variant_dominates
l2-n512-uniform-w1,main,2,512,uniform,1,eas_k2_adaptive,eas,2,adaptive,47,1,native,ok,-1,0.614898,0.650972,0.5061337916743637,0.0,0.5050453319081202,465,464,0.630172,1.24507,baseline_dominates
l2-n512-uniform-w1,main,2,512,uniform,1,eas_k2_adaptive,eas,2,adaptive,47,1,accept_id,ok,-3,0.1519299999999999,0.15158899999999997,0.8779747323443663,0.7671343775154692,0.872334637705585,467,464,1.09314,1.24507,baseline_dominates
l2-n512-uniform-w1,main,2,512,uniform,1,eas_k2_adaptive,eas,2,adaptive,47,1,accept_static_degree,ok,-3,0.055908999999999986,0.06699100000000002,0.9550956974306666,0.8970908118935991,0.9489601790327473,467,464,1.189161,1.24507,baseline_dominates
l2-n512-uniform-w1,main,2,512,uniform,1,accept_id,accept_id,,greedy,47,1,native,ok,2,0.46296800000000005,0.499383,0.5764787675869513,0.0,0.5789582461571063,465,467,0.630172,1.09314,extra_commits_extra_time
l2-n512-uniform-w1,main,2,512,uniform,1,accept_id,accept_id,,greedy,47,1,accept_static_degree,ok,0,-0.09602099999999991,-0.08459799999999995,1.0878396179812284,1.16940504582655,1.087839617980438,467,467,1.189161,1.09314,variant_dominates
l2-n512-uniform-w1,main,2,512,uniform,1,eas_k1_adaptive,eas,1,adaptive,47,1,native,ok,2,0.596757,0.62842,0.5136173323802763,0.0,0.515826439186355,465,467,0.630172,1.226929,extra_commits_extra_time
l2-n512-uniform-w1,main,2,512,uniform,1,eas_k1_adaptive,eas,1,adaptive,47,1,accept_id,ok,0,0.13378899999999994,0.12903699999999996,0.8909562003995342,0.7946643964227746,0.8909562003999509,467,467,1.09314,1.226929,baseline_dominates
l2-n512-uniform-w1,main,2,512,uniform,1,eas_k1_adaptive,eas,1,adaptive,47,1,accept_static_degree,ok,0,0.037768000000000024,0.044439000000000006,0.969217452680636,0.9292845549155023,0.9692174526803852,467,467,1.189161,1.226929,baseline_dominates
l2-n512-uniform-w1,main,2,512,uniform,1,native,native,,native,47,1,accept_id,ok,-2,-0.46296800000000005,-0.499383,1.734669264899107,,1.727240274471606,467,465,1.09314,0.630172,tradeoff_or_tie
l2-n512-uniform-w1,main,2,512,uniform,1,native,native,,native,47,1,accept_static_degree,ok,-2,-0.558989,-0.583981,1.8870419504516227,,1.878960400341619,467,465,1.189161,0.630172,tradeoff_or_tie
l2-n512-uniform-w1,main,2,512,uniform,1,accept_static_degree,accept_static_degree,,greedy,47,1,native,ok,2,0.558989,0.583981,0.5299299253843677,0.0,0.5322091938809287,465,467,0.630172,1.189161,extra_commits_extra_time
l2-n512-uniform-w1,main,2,512,uniform,1,accept_static_degree,accept_static_degree,,greedy,47,1,accept_id,ok,0,0.09602099999999991,0.08459799999999995,0.9192531541145397,0.8551356979079799,0.9192531541152075,467,467,1.09314,1.189161,baseline_dominates
l2-n512-uniform-w1,main,2,512,uniform,1,eas_k2_adaptive,eas,2,adaptive,47,2,native,ok,-1,0.577993,0.623521,0.5209658704768851,0.0,0.5198455137664038,465,464,0.628587,1.20658,baseline_dominates
l2-n512-uniform-w1,main,2,512,uniform,1,eas_k2_adaptive,eas,2,adaptive,47,2,accept_id,ok,-3,0.10052100000000008,0.11502800000000002,0.9166893202274196,0.8155186433175466,0.9108005237395078,467,464,1.106059,1.20658,baseline_dominates
l2-n512-uniform-w1,main,2,512,uniform,1,eas_k2_adaptive,eas,2,adaptive,47,2,accept_static_degree,ok,-3,0.051900999999999975,0.055701,0.9569850320741269,0.9106670023944663,0.9508373766235325,467,464,1.154679,1.20658,baseline_dominates
l2-n512-uniform-w1,main,2,512,uniform,1,eas_k1_adaptive,eas,1,adaptive,47,2,native,ok,2,0.6058859999999999,0.64861,0.5091946117898083,0.0,0.5113846961410151,465,467,0.628587,1.234473,extra_commits_extra_time
l2-n512-uniform-w1,main,2,512,uniform,1,eas_k1_adaptive,eas,1,adaptive,47,2,accept_id,ok,0,0.12841400000000003,0.14011700000000005,0.8959766637261406,0.7839734200829466,0.89597666372649,467,467,1.106059,1.234473,baseline_dominates
l2-n512-uniform-w1,main,2,512,uniform,1,eas_k1_adaptive,eas,1,adaptive,47,2,accept_static_degree,ok,0,0.07979399999999992,0.08079000000000003,0.9353618912685818,0.8754413283791492,0.9353618912688013,467,467,1.154679,1.234473,baseline_dominates
l2-n512-uniform-w1,main,2,512,uniform,1,native,native,,native,47,2,accept_id,ok,-2,-0.4774719999999999,-0.508493,1.7595957281967332,,1.7520599863227488,467,465,1.106059,0.628587,tradeoff_or_tie
l2-n512-uniform-w1,main,2,512,uniform,1,native,native,,native,47,2,accept_static_degree,ok,-2,-0.526092,-0.56782,1.8369438120737465,,1.8290768150223913,467,465,1.154679,0.628587,tradeoff_or_tie
l2-n512-uniform-w1,main,2,512,uniform,1,accept_static_degree,accept_static_degree,,greedy,47,2,native,ok,2,0.526092,0.56782,0.5443824647369528,0.0,0.5467238946920653,465,467,0.628587,1.154679,extra_commits_extra_time
l2-n512-uniform-w1,main,2,512,uniform,1,accept_static_degree,accept_static_degree,,greedy,47,2,accept_id,ok,0,0.04862000000000011,0.05932700000000002,0.957893059456351,0.8955179458279032,0.9578930594564998,467,467,1.106059,1.154679,baseline_dominates
l2-n512-uniform-w1,main,2,512,uniform,1,accept_id,accept_id,,greedy,47,2,native,ok,2,0.4774719999999999,0.508493,0.5683123594672618,0.0,0.5707567137006626,465,467,0.628587,1.106059,extra_commits_extra_time
l2-n512-uniform-w1,main,2,512,uniform,1,accept_id,accept_id,,greedy,47,2,accept_static_degree,ok,0,-0.04862000000000011,-0.05932700000000002,1.043957872048417,1.116672205910406,1.0439578720482547,467,467,1.154679,1.106059,variant_dominates
l2-n512-uniform-w1,main,2,512,uniform,1,eas_k1_adaptive,eas,1,adaptive,47,3,native,ok,2,0.5878390000000001,0.631823,0.5192554924564594,0.0,0.5214888494132923,465,467,0.634929,1.222768,extra_commits_extra_time
l2-n512-uniform-w1,main,2,512,uniform,1,eas_k1_adaptive,eas,1,adaptive,47,3,accept_id,ok,0,0.11861800000000011,0.125255,0.9029922274707876,0.8017561880463357,0.9029922274703178,467,467,1.10415,1.222768,baseline_dominates
l2-n512-uniform-w1,main,2,512,uniform,1,eas_k1_adaptive,eas,1,adaptive,47,3,accept_static_degree,ok,0,0.05451600000000001,0.057124000000000064,0.95541590882326,0.909588603137271,0.9554159088234652,467,467,1.168252,1.222768,baseline_dominates
l2-n512-uniform-w1,main,2,512,uniform,1,native,native,,native,47,3,accept_id,ok,-2,-0.469221,-0.506568,1.7390133384992652,,1.7315657439008347,467,465,1.10415,0.634929,tradeoff_or_tie
l2-n512-uniform-w1,main,2,512,uniform,1,native,native,,native,47,3,accept_static_degree,ok,-2,-0.5333230000000001,-0.574699,1.8399726583602263,,1.8320926898022232,467,465,1.168252,0.634929,tradeoff_or_tie
l2-n512-uniform-w1,main,2,512,uniform,1,accept_id,accept_id,,greedy,47,3,native,ok,2,0.469221,0.506568,0.5750387175655481,0.0,0.5775120023726164,465,467,0.634929,1.10415,extra_commits_extra_time
l2-n512-uniform-w1,main,2,512,uniform,1,accept_id,accept_id,,greedy,47,3,accept_static_degree,ok,0,-0.0641020000000001,-0.06813099999999994,1.058055517819137,1.1344952701315518,1.0580555178199147,467,467,1.168252,1.10415,variant_dominates
l2-n512-uniform-w1,main,2,512,uniform,1,accept_static_degree,accept_static_degree,,greedy,47,3,native,ok,2,0.5333230000000001,0.574699,0.5434863368519806,0.0,0.5458239124942698,465,467,0.634929,1.168252,extra_commits_extra_time
l2-n512-uniform-w1,main,2,512,uniform,1,accept_static_degree,accept_static_degree,,greedy,47,3,accept_id,ok,0,0.0641020000000001,0.06813099999999994,0.9451299890776989,0.8814492456050907,0.9451299890770043,467,467,1.10415,1.168252,baseline_dominates
l2-n512-uniform-w1,main,2,512,uniform,1,eas_k2_adaptive,eas,2,adaptive,47,3,native,ok,-1,0.5930529999999999,0.627451,0.5170507385287406,0.0,0.5159388014570739,465,464,0.634929,1.227982,baseline_dominates
l2-n512-uniform-w1,main,2,512,uniform,1,eas_k2_adaptive,eas,2,adaptive,47,3,accept_id,ok,-3,0.12383199999999994,0.12088299999999996,0.899158130982376,0.8073427247705399,0.8933819545523233,467,464,1.10415,1.227982,baseline_dominates
l2-n512-uniform-w1,main,2,512,uniform,1,eas_k2_adaptive,eas,2,adaptive,47,3,accept_static_degree,ok,-3,0.05972999999999984,0.05275200000000002,0.9513592218778453,0.9159265026272968,0.9452477065348258,467,464,1.168252,1.227982,baseline_dominates
l2-n512-uniform-w1,main,2,512,uniform,1,native,native,,native,71,1,accept_id,ok,-2,-0.4954329999999999,-0.496239,1.7809547379073571,,1.7732114564365036,460,458,1.129827,0.634394,tradeoff_or_tie
l2-n512-uniform-w1,main,2,512,uniform,1,native,native,,native,71,1,accept_static_degree,ok,-4,-0.534704,-0.581136,1.8428579084921988,,1.8269024287668225,462,458,1.169098,0.634394,tradeoff_or_tie
l2-n512-uniform-w1,main,2,512,uniform,1,accept_static_degree,accept_static_degree,,greedy,71,1,native,ok,4,0.534704,0.581136,0.5426354334709323,0.0,0.5473746075618335,458,462,0.634394,1.169098,extra_commits_extra_time
l2-n512-uniform-w1,main,2,512,uniform,1,accept_static_degree,accept_static_degree,,greedy,71,1,accept_id,ok,2,0.039271000000000056,0.084897,0.9664091461964693,0.853911993061865,0.9706109250910784,460,462,1.129827,1.169098,extra_commits_extra_time
l2-n512-uniform-w1,main,2,512,uniform,1,accept_id,accept_id,,greedy,71,1,native,ok,2,0.4954329999999999,0.496239,0.5614965831052011,0.0,0.5639485332503031,458,460,0.634394,1.129827,extra_commits_extra_time
l2-n512-uniform-w1,main,2,512,uniform,1,accept_id,accept_id,,greedy,71,1,accept_static_degree,ok,-2,-0.039271000000000056,-0.084897,1.034758418766767,1.171080870306445,1.030278945094466,462,460,1.169098,1.129827,tradeoff_or_tie
l2-n512-uniform-w1,main,2,512,uniform,1,eas_k1_adaptive,eas,1,adaptive,71,1,native,ok,4,0.630561,0.671137,0.5015150736587467,0.0,0.5058951179709015,458,462,0.634394,1.264955,extra_commits_extra_time
l2-n512-uniform-w1,main,2,512,uniform,1,eas_k1_adaptive,eas,1,adaptive,71,1,accept_id,ok,2,0.13512800000000014,0.174898,0.8931756465645022,0.7394004502806432,0.8970590189412989,460,462,1.129827,1.264955,extra_commits_extra_time
l2-n512-uniform-w1,main,2,512,uniform,1,eas_k1_adaptive,eas,1,adaptive,71,1,accept_static_degree,ok,0,0.09585700000000008,0.090001,0.924221019720069,0.865897722819633,0.9242210197223181,462,462,1.169098,1.264955,baseline_dominates
l2-n512-uniform-w1,main,2,512,uniform,1,eas_k2_adaptive,eas,2,adaptive,71,1,native,ok,2,0.5926379999999999,0.632785,0.5170150411725204,0.0,0.5192727487758018,458,460,0.634394,1.227032,extra_commits_extra_time
l2-n512-uniform-w1,main,2,512,uniform,1,eas_k2_adaptive,eas,2,adaptive,71,1,accept_id,ok,0,0.09720499999999999,0.13654600000000006,0.9207803871455675,0.7842142275812479,0.9207803871445261,460,460,1.129827,1.227032,baseline_dominates
l2-n512-uniform-w1,main,2,512,uniform,1,eas_k2_adaptive,eas,2,adaptive,71,1,accept_static_degree,ok,-2,0.05793399999999993,0.051649000000000056,0.952785257434199,0.9183782801425444,0.9486606459309365,462,460,1.169098,1.227032,baseline_dominates
l2-n512-uniform-w1,main,2,512,uniform,1,eas_k1_adaptive,eas,1,adaptive,71,2,native,ok,4,0.6210950000000001,0.644963,0.5001460702279902,0.0,0.504514158177077,458,462,0.621458,1.242553,extra_commits_extra_time
l2-n512-uniform-w1,main,2,512,uniform,1,eas_k1_adaptive,eas,1,adaptive,71,2,accept_id,ok,2,0.1546860000000001,0.15303499999999998,0.8755095356093462,0.7627228228596059,0.8793160988063423,460,462,1.087867,1.242553,extra_commits_extra_time
l2-n512-uniform-w1,main,2,512,uniform,1,eas_k1_adaptive,eas,1,adaptive,71,2,accept_static_degree,ok,0,0.0664340000000001,0.07034799999999997,0.9465342725823365,0.8909270764369429,0.9465342725813483,462,462,1.176119,1.242553,baseline_dominates
l2-n512-uniform-w1,main,2,512,uniform,1,accept_id,accept_id,,greedy,71,2,native,ok,2,0.46640899999999996,0.491928,0.5712628473885135,0.0,0.5737574449756431,458,460,0.621458,1.087867,extra_commits_extra_time
l2-n512-uniform-w1,main,2,512,uniform,1,accept_id,accept_id,,greedy,71,2,accept_static_degree,ok,-2,-0.088252,-0.08268700000000001,1.081123887386969,1.1680876063163714,1.0764436973987552,462,460,1.176119,1.087867,tradeoff_or_tie
l2-n512-uniform-w1,main,2,512,uniform,1,accept_static_degree,accept_static_degree,,greedy,71,2,native,ok,4,0.554661,0.574615,0.5283972115066587,0.0,0.5330120343146026,458,462,0.621458,1.176119,extra_commits_extra_time
l2-n512-uniform-w1,main,2,512,uniform,1,accept_static_degree,accept_static_degree,,greedy,71,2,accept_id,ok,2,0.088252,0.08268700000000001,0.9249633753047098,0.8561001714191241,0.9289849551969298,460,462,1.087867,1.176119,extra_commits_extra_time
l2-n512-uniform-w1,main,2,512,uniform,1,eas_k2_adaptive,eas,2,adaptive,71,2,native,ok,2,0.6503120000000001,0.638904,0.48865596766710956,0.0,0.4907898365218854,458,460,0.621458,1.27177,extra_commits_extra_time
l2-n512-uniform-w1,main,2,512,uniform,1,eas_k2_adaptive,eas,2,adaptive,71,2,accept_id,ok,0,0.18390300000000015,0.14697600000000005,0.8553960228657697,0.7699560497351714,0.8553960228659346,460,460,1.087867,1.27177,baseline_dominates
l2-n512-uniform-w1,main,2,512,uniform,1,eas_k2_adaptive,eas,2,adaptive,71,2,accept_static_degree,ok,-2,0.09565100000000015,0.06428900000000004,0.9247890734959937,0.8993761191039655,0.9207856575939968,462,460,1.176119,1.27177,baseline_dominates
l2-n512-uniform-w1,main,2,512,uniform,1,native,native,,native,71,2,accept_id,ok,-2,-0.46640899999999996,-0.491928,1.7505076771077048,,1.7428967741629071,460,458,1.087867,0.621458,tradeoff_or_tie
l2-n512-uniform-w1,main,2,512,uniform,1,native,native,,native,71,2,accept_static_degree,ok,-4,-0.554661,-0.574615,1.8925156647754153,,1.876130247764283,462,458,1.176119,0.621458,tradeoff_or_tie
l2-n512-uniform-w1,main,2,512,uniform,1,accept_id,accept_id,,greedy,71,3,native,ok,2,0.455531,0.487964,0.5774479220293735,0.0,0.5799695286758355,458,460,0.622516,1.078047,extra_commits_extra_time
l2-n512-uniform-w1,main,2,512,uniform,1,accept_id,accept_id,,greedy,71,3,accept_static_degree,ok,-2,-0.1008770000000001,-0.090914,1.0935738423278392,1.186312924723955,1.0888397564314032,462,460,1.178924,1.078047,tradeoff_or_tie
l2-n512-uniform-w1,main,2,512,uniform,1,native,native,,native,71,3,accept_id,ok,-2,-0.455531,-0.487964,1.7317578985921647,,1.7242285164242372,460,458,1.078047,0.622516,tradeoff_or_tie
l2-n512-uniform-w1,main,2,512,uniform,1,native,native,,native,71,3,accept_static_degree,ok,-4,-0.5564080000000001,-0.578878,1.8938051391450181,,1.8774085578554462,462,458,1.178924,0.622516,tradeoff_or_tie
l2-n512-uniform-w1,main,2,512,uniform,1,accept_static_degree,accept_static_degree,,greedy,71,3,native,ok,4,0.5564080000000001,0.578878,0.5280374307419307,0.0,0.5326491113592743,458,462,0.622516,1.178924,extra_commits_extra_time
l2-n512-uniform-w1,main,2,512,uniform,1,accept_static_degree,accept_static_degree,,greedy,71,3,accept_id,ok,2,0.1008770000000001,0.090914,0.9144329914396516,0.842947909576802,0.9184087870536898,460,462,1.078047,1.178924,extra_commits_extra_time
l2-n512-uniform-w1,main,2,512,uniform,1,eas_k1_adaptive,eas,1,adaptive,71,3,native,ok,4,0.60322,0.633428,0.5078711892283493,0.0,0.5123067454657432,458,462,0.622516,1.225736,extra_commits_extra_time
l2-n512-uniform-w1,main,2,512,uniform,1,eas_k1_adaptive,eas,1,adaptive,71,3,accept_id,ok,2,0.14768899999999996,0.14546399999999998,0.8795099434135899,0.770354325984958,0.8833338996885277,460,462,1.078047,1.225736,extra_commits_extra_time
l2-n512-uniform-w1,main,2,512,uniform,1,eas_k1_adaptive,eas,1,adaptive,71,3,accept_static_degree,ok,0,0.046811999999999854,0.05454999999999999,0.96180906818434,0.9138812935329667,0.961809068184458,462,462,1.178924,1.225736,baseline_dominates
l2-n512-uniform-w1,main,2,512,uniform,1,eas_k2_adaptive,eas,2,adaptive,71,3,native,ok,2,0.612218,0.633773,0.5041701289508509,0.0,0.5063717452350246,458,460,0.622516,1.234734,extra_commits_extra_time
l2-n512-uniform-w1,main,2,512,uniform,1,eas_k2_adaptive,eas,2,adaptive,71,3,accept_id,ok,0,0.15668700000000002,0.14580900000000002,0.8731006030448664,0.7699349767187936,0.8731006030457382,460,460,1.078047,1.234734,baseline_dominates
l2-n512-uniform-w1,main,2,512,uniform,1,eas_k2_adaptive,eas,2,adaptive,71,3,accept_static_degree,ok,-2,0.055809999999999915,0.05489500000000003,0.954799981210528,0.9133838140785423,0.9506666479604329,462,460,1.178924,1.234734,baseline_dominates
l2-n512-uniform-w1,main,2,512,uniform,1,eas_k1_adaptive,eas,1,adaptive,101,1,native,ok,4,0.6224999999999999,0.650634,0.5013273903841502,0.0,0.5056678872709905,462,466,0.625814,1.248314,extra_commits_extra_time
l2-n512-uniform-w1,main,2,512,uniform,1,eas_k1_adaptive,eas,1,adaptive,101,1,accept_id,ok,3,0.189986,0.16510200000000003,0.84780592062574,0.7462444323536734,0.8532992635245852,463,466,1.058328,1.248314,extra_commits_extra_time
l2-n512-uniform-w1,main,2,512,uniform,1,eas_k1_adaptive,eas,1,adaptive,101,1,accept_static_degree,ok,0,0.067631,0.05449100000000007,0.9458221248820409,0.9162493813726303,0.9458221248836861,466,466,1.180683,1.248314,baseline_dominates
l2-n512-uniform-w1,main,2,512,uniform,1,accept_id,accept_id,,greedy,101,1,native,ok,1,0.43251399999999995,0.485532,0.5913232948575489,0.0,0.5926032154092223,462,463,0.625814,1.058328,extra_commits_extra_time
l2-n512-uniform-w1,main,2,512,uniform,1,accept_id,accept_id,,greedy,101,1,accept_static_degree,ok,-3,-0.12235499999999999,-0.11061099999999996,1.1156116062317165,1.2278140266758937,1.1084295572656793,466,463,1.180683,1.058328,tradeoff_or_tie
l2-n512-uniform-w1,main,2,512,uniform,1,eas_k2_adaptive,eas,2,adaptive,101,1,native,ok,2,0.6140660000000001,0.635981,0.5047375552472819,0.0,0.5069225663092993,462,464,0.625814,1.23988,extra_commits_extra_time
l2-n512-uniform-w1,main,2,512,uniform,1,eas_k2_adaptive,eas,2,adaptive,101,1,accept_id,ok,1,0.18155200000000016,0.150449,0.8535729264122334,0.7634379014467414,0.8554164964482075,463,464,1.058328,1.23988,extra_commits_extra_time
l2-n512-uniform-w1,main,2,512,uniform,1,eas_k2_adaptive,eas,2,adaptive,101,1,accept_static_degree,ok,-2,0.059197000000000166,0.03983800000000004,0.9522558634706583,0.9373597638923175,0.9481689284358451,466,464,1.180683,1.23988,baseline_dominates
l2-n512-uniform-w1,main,2,512,uniform,1,native,native,,native,101,1,accept_id,ok,-1,-0.43251399999999995,-0.485532,1.691122282339481,,1.687469750412086,463,462,1.058328,0.625814,tradeoff_or_tie
l2-n512-uniform-w1,main,2,512,uniform,1,native,native,,native,101,1,accept_static_degree,ok,-4,-0.554869,-0.596143,1.8866356457349946,,1.8704413483484947,466,462,1.180683,0.625814,tradeoff_or_tie
l2-n512-uniform-w1,main,2,512,uniform,1,accept_static_degree,accept_static_degree,,greedy,101,1,native,ok,4,0.554869,0.596143,0.5300440507740012,0.0,0.5346331767542187,462,466,0.625814,1.180683,extra_commits_extra_time
l2-n512-uniform-w1,main,2,512,uniform,1,accept_static_degree,accept_static_degree,,greedy,101,1,accept_id,ok,3,0.12235499999999999,0.11061099999999996,0.8963693048853926,0.8144555920307712,0.9021773133394622,463,466,1.058328,1.180683,extra_commits_extra_time
l2-n512-uniform-w1,main,2,512,uniform,1,eas_k2_adaptive,eas,2,adaptive,101,2,native,ok,2,0.586057,0.635373,0.5207340070754369,0.0,0.5229882668466146,462,464,0.636765,1.222822,extra_commits_extra_time
l2-n512-uniform-w1,main,2,512,uniform,1,eas_k2_adaptive,eas,2,adaptive,101,2,accept_id,ok,1,0.14089400000000007,0.14875299999999997,0.8847796326857056,0.7658808290563182,0.8866906038160562,463,464,1.081928,1.222822,extra_commits_extra_time
l2-n512-uniform-w1,main,2,512,uniform,1,eas_k2_adaptive,eas,2,adaptive,101,2,accept_static_degree,ok,-2,0.038416000000000006,0.05284599999999995,0.9685841438901165,0.9168268088193865,0.9644271303977867,466,464,1.184406,1.222822,baseline_dominates
l2-n512-uniform-w1,main,2,512,uniform,1,accept_static_degree,accept_static_degree,,greedy,101,2,native,ok,4,0.547641,0.582527,0.5376239228777969,0.0,0.5422786754566966,462,466,0.636765,1.184406,extra_commits_extra_time
l2-n512-uniform-w1,main,2,512,uniform,1,accept_static_degree,accept_static_degree,,greedy,101,2,accept_id,ok,3,0.10247800000000007,0.09590700000000002,0.9134773042352031,0.835360421062028,0.919396163658661,463,466,1.081928,1.184406,extra_commits_extra_time
l2-n512-uniform-w1,main,2,512,uniform,1,native,native,,native,101,2,accept_id,ok,-1,-0.445163,-0.48662,1.6991009242028063,,1.6954311597894998,463,462,1.081928,0.636765,tradeoff_or_tie
l2-n512-uniform-w1,main,2,512,uniform,1,native,native,,native,101,2,accept_static_degree,ok,-4,-0.547641,-0.582527,1.8600362771195025,,1.8440703004923054,466,462,1.184406,0.636765,tradeoff_or_tie
l2-n512-uniform-w1,main,2,512,uniform,1,accept_id,accept_id,,greedy,101,2,native,ok,1,0.445163,0.48662,0.5885465576267552,0.0,0.5898204679240161,462,463,0.636765,1.081928,extra_commits_extra_time
l2-n512-uniform-w1,main,2,512,uniform,1,accept_id,accept_id,,greedy,101,2,accept_static_degree,ok,-3,-0.10247800000000007,-0.09590700000000002,1.0947179479595686,1.1970880769388845,1.0876704075211525,466,463,1.184406,1.081928,tradeoff_or_tie
l2-n512-uniform-w1,main,2,512,uniform,1,eas_k1_adaptive,eas,1,adaptive,101,2,native,ok,4,0.646477,0.658974,0.4962158345814741,0.0,0.5005120755728337,462,466,0.636765,1.283242,extra_commits_extra_time
l2-n512-uniform-w1,main,2,512,uniform,1,eas_k1_adaptive,eas,1,adaptive,101,2,accept_id,ok,3,0.201314,0.17235399999999995,0.8431207831414496,0.7384509859266072,0.8485837687770992,463,466,1.081928,1.283242,extra_commits_extra_time
l2-n512-uniform-w1,main,2,512,uniform,1,eas_k1_adaptive,eas,1,adaptive,101,2,accept_static_degree,ok,0,0.09883599999999992,0.07644699999999993,0.9229794536026721,0.8839908706565055,0.922979453601623,466,466,1.184406,1.283242,baseline_dominates
l2-n512-uniform-w1,main,2,512,uniform,1,native,native,,native,101,3,accept_id,ok,-1,-0.4379890000000001,-0.483447,1.7109772449102167,,1.7072818296927534,463,462,1.054027,0.616038,tradeoff_or_tie
l2-n512-uniform-w1,main,2,512,uniform,1,native,native,,native,101,3,accept_static_degree,ok,-4,-0.5612800000000001,-0.575132,1.911112626169165,,1.8947082259464192,466,462,1.177318,0.616038,tradeoff_or_tie
l2-n512-uniform-w1,main,2,512,uniform,1,accept_static_degree,accept_static_degree,,greedy,101,3,native,ok,4,0.5612800000000001,0.575132,0.5232553991360023,0.0,0.5277857489115473,462,466,0.616038,1.177318,extra_commits_extra_time
l2-n512-uniform-w1,main,2,512,uniform,1,accept_static_degree,accept_static_degree,,greedy,101,3,accept_id,ok,3,0.12329100000000004,0.09168499999999996,0.8952780811981129,0.8405844223586934,0.9010790190874666,463,466,1.054027,1.177318,extra_commits_extra_time
l2-n512-uniform-w1,main,2,512,uniform,1,accept_id,accept_id,,greedy,101,3,native,ok,1,0.4379890000000001,0.483447,0.5844613088659019,0.0,0.5857263766345844,462,463,0.616038,1.054027,extra_commits_extra_time
l2-n512-uniform-w1,main,2,512,uniform,1,accept_id,accept_id,,greedy,101,3,accept_static_degree,ok,-3,-0.12329100000000004,-0.09168499999999996,1.1169713868809812,1.1896485033519701,1.1097805839633375,466,463,1.177318,1.054027,tradeoff_or_tie
l2-n512-uniform-w1,main,2,512,uniform,1,eas_k1_adaptive,eas,1,adaptive,101,3,native,ok,4,0.5949430000000001,0.629674,0.5087098806669964,0.0,0.5131142952181641,462,466,0.616038,1.210981,extra_commits_extra_time
l2-n512-uniform-w1,main,2,512,uniform,1,eas_k1_adaptive,eas,1,adaptive,101,3,accept_id,ok,3,0.15695400000000004,0.14622699999999994,0.8703910300822226,0.7677734827863307,0.8760307127815748,463,466,1.054027,1.210981,extra_commits_extra_time
l2-n512-uniform-w1,main,2,512,uniform,1,eas_k1_adaptive,eas,1,adaptive,101,3,accept_static_degree,ok,0,0.033663,0.05454199999999998,0.972201875999706,0.9133805747100882,0.972201876000555,466,466,1.177318,1.210981,baseline_dominates
l2-n512-uniform-w1,main,2,512,uniform,1,eas_k2_adaptive,eas,2,adaptive,101,3,native,ok,2,0.62831,0.645854,0.49506890355431116,0.0,0.497212058980567,462,464,0.616038,1.244348,extra_commits_extra_time
l2-n512-uniform-w1,main,2,512,uniform,1,eas_k2_adaptive,eas,2,adaptive,101,3,accept_id,ok,1,0.19032099999999996,0.16240700000000002,0.8470516286440771,0.7485391435216008,0.8488811138016435,463,464,1.054027,1.244348,extra_commits_extra_time
l2-n512-uniform-w1,main,2,512,uniform,1,eas_k2_adaptive,eas,2,adaptive,101,3,accept_static_degree,ok,-2,0.06702999999999992,0.07072200000000006,0.9461324324063687,0.8904984717908381,0.9420717781902364,466,464,1.177318,1.244348,baseline_dominates
l2-n512-zipf-w1,main,2,512,zipf,1,accept_static_degree,accept_static_degree,,greedy,11,1,native,ok,35,0.459322,0.566806,0.5551485720982171,0.0,0.6873268035479551,147,182,0.573207,1.032529,extra_commits_extra_time
l2-n512-zipf-w1,main,2,512,zipf,1,accept_static_degree,accept_static_degree,,greedy,11,1,accept_id,ok,10,0.10514299999999999,0.10084300000000002,0.898169446088197,0.8220855107391242,0.9503885999260085,172,182,0.927386,1.032529,extra_commits_extra_time
l2-n512-zipf-w1,main,2,512,zipf,1,native,native,,native,11,1,accept_id,ok,-25,-0.354179,-0.465963,1.6178902211591972,,1.3827317587792858,172,147,0.927386,0.573207,tradeoff_or_tie
l2-n512-zipf-w1,main,2,512,zipf,1,native,native,,native,11,1,accept_static_degree,ok,-35,-0.459322,-0.566806,1.8013195930963857,,1.4549119790440845,182,147,1.032529,0.573207,tradeoff_or_tie
l2-n512-zipf-w1,main,2,512,zipf,1,eas_k1_adaptive,eas,1,adaptive,11,1,native,ok,35,1.319023,1.408193,0.30292670552734074,0.0,0.37505211160515484,147,182,0.573207,1.89223,extra_commits_extra_time
l2-n512-zipf-w1,main,2,512,zipf,1,eas_k1_adaptive,eas,1,adaptive,11,1,accept_id,ok,10,0.964844,0.94223,0.49010215460065637,0.33089427372526353,0.5185964659136807,172,182,0.927386,1.89223,extra_commits_extra_time
l2-n512-zipf-w1,main,2,512,zipf,1,eas_k1_adaptive,eas,1,adaptive,11,1,accept_static_degree,ok,0,0.859701,0.841387,0.5456678099385381,0.4025059065057134,0.5456678099401187,182,182,1.032529,1.89223,baseline_dominates
l2-n512-zipf-w1,main,2,512,zipf,1,accept_id,accept_id,,greedy,11,1,native,ok,25,0.354179,0.465963,0.6180889079628116,0.0,0.7232060691820863,147,172,0.573207,0.927386,extra_commits_extra_time
l2-n512-zipf-w1,main,2,512,zipf,1,accept_id,accept_id,,greedy,11,1,accept_static_degree,ok,-10,-0.10514299999999999,-0.10084300000000002,1.1133756601889613,1.216418470994478,1.0522011733704024,182,172,1.032529,0.927386,tradeoff_or_tie
l2-n512-zipf-w1,main,2,512,zipf,1,eas_k2_adaptive,eas,2,adaptive,11,1,native,ok,35,1.157327,1.26087,0.3312312846786021,0.0,0.4100958762699554,147,182,0.573207,1.730534,extra_commits_extra_time
l2-n512-zipf-w1,main,2,512,zipf,1,eas_k2_adaptive,eas,2,adaptive,11,1,accept_id,ok,10,0.803148,0.7949069999999999,0.5358958564235086,0.3695567346356088,0.5670525922628878,172,182,0.927386,1.730534,extra_commits_extra_time
l2-n512-zipf-w1,main,2,512,zipf,1,eas_k2_adaptive,eas,2,adaptive,11,1,accept_static_degree,ok,0,0.698005,0.6940639999999999,0.5966534029380527,0.4495356380911593,0.5966534029417389,182,182,1.032529,1.730534,baseline_dominates
l2-n512-zipf-w1,main,2,512,zipf,1,accept_id,accept_id,,greedy,11,2,native,ok,25,0.472217,0.466451,0.5010687226149735,0.0,0.5862844917658251,147,172,0.47424,0.946457,extra_commits_extra_time
l2-n512-zipf-w1,main,2,512,zipf,1,accept_id,accept_id,,greedy,11,2,accept_static_degree,ok,-10,-0.0960089999999999,-0.10038699999999995,1.1014404246574327,1.215214459825362,1.0409217200067478,182,172,1.042466,0.946457,tradeoff_or_tie
l2-n512-zipf-w1,main,2,512,zipf,1,native,native,,native,11,2,accept_id,ok,-25,-0.472217,-0.466451,1.9957342273954115,,1.7056565780686246,172,147,0.946457,0.47424,tradeoff_or_tie
l2-n512-zipf-w1,main,2,512,zipf,1,native,native,,native,11,2,accept_static_degree,ok,-35,-0.5682259999999999,-0.566838,2.198182354925776,,1.7754549789840166,182,147,1.042466,0.47424,tradeoff_or_tie
l2-n512-zipf-w1,main,2,512,zipf,1,accept_static_degree,accept_static_degree,,greedy,11,2,native,ok,35,0.5682259999999999,0.566838,0.4549213115823442,0.0,0.5632359095763939,147,182,0.47424,1.042466,extra_commits_extra_time
l2-n512-zipf-w1,main,2,512,zipf,1,accept_static_degree,accept_static_degree,,greedy,11,2,accept_id,ok,10,0.0960089999999999,0.10038699999999995,0.907902032296497,0.8229000172888904,0.9606870341734414,172,182,0.946457,1.042466,extra_commits_extra_time
l2-n512-zipf-w1,main,2,512,zipf,1,eas_k2_adaptive,eas,2,adaptive,11,2,native,ok,35,1.289302,1.287553,0.26891335732293303,0.0,0.3329403471598547,147,182,0.47424,1.763542,extra_commits_extra_time
l2-n512-zipf-w1,main,2,512,zipf,1,eas_k2_adaptive,eas,2,adaptive,11,2,accept_id,ok,10,0.817085,0.821102,0.5366795914131901,0.3622771256794866,0.5678818932376577,172,182,0.946457,1.763542,extra_commits_extra_time
l2-n512-zipf-w1,main,2,512,zipf,1,eas_k2_adaptive,eas,2,adaptive,11,2,accept_static_degree,ok,0,0.721076,0.720715,0.5911205970711216,0.4402444015896821,0.591120597069631,182,182,1.042466,1.763542,baseline_dominates
l2-n512-zipf-w1,main,2,512,zipf,1,eas_k1_adaptive,eas,1,adaptive,11,2,native,ok,35,1.372607,1.383817,0.2567835884618488,0.0,0.31792253809520615,147,182,0.47424,1.846847,extra_commits_extra_time
l2-n512-zipf-w1,main,2,512,zipf,1,eas_k1_adaptive,eas,1,adaptive,11,2,accept_id,ok,10,0.9003899999999999,0.9173660000000001,0.5124717965267291,0.3370756393367042,0.5422666684183612,172,182,0.946457,1.846847,extra_commits_extra_time
l2-n512-zipf-w1,main,2,512,zipf,1,eas_k1_adaptive,eas,1,adaptive,11,2,accept_static_degree,ok,0,0.804381,0.8169790000000001,0.564457153191358,0.4096191909768415,0.5644571531923694,182,182,1.042466,1.846847,baseline_dominates
l2-n512-zipf-w1,main,2,512,zipf,1,accept_static_degree,accept_static_degree,,greedy,11,3,native,ok,35,0.552543,0.563362,0.4666918259147333,0.0,0.5778089273236273,147,182,0.483524,1.036067,extra_commits_extra_time
l2-n512-zipf-w1,main,2,512,zipf,1,accept_static_degree,accept_static_degree,,greedy,11,3,accept_id,ok,10,0.09348000000000012,0.09649600000000003,0.9097741748361833,0.8287140417706554,0.9626680222142862,172,182,0.942587,1.036067,extra_commits_extra_time
l2-n512-zipf-w1,main,2,512,zipf,1,eas_k2_adaptive,eas,2,adaptive,11,3,native,ok,35,1.2576129999999999,1.277796,0.27770588988689576,0.0,0.3438263398581796,147,182,0.483524,1.741137,extra_commits_extra_time
l2-n512-zipf-w1,main,2,512,zipf,1,eas_k2_adaptive,eas,2,adaptive,11,3,accept_id,ok,10,0.79855,0.8109299999999999,0.5413629140038951,0.3653681808363777,0.5728375020261065,172,182,0.942587,1.741137,extra_commits_extra_time
l2-n512-zipf-w1,main,2,512,zipf,1,eas_k2_adaptive,eas,2,adaptive,11,3,accept_static_degree,ok,0,0.7050699999999999,0.7144339999999999,0.5950519689145657,0.44088571258635967,0.5950519689108309,182,182,1.036067,1.741137,baseline_dominates
l2-n512-zipf-w1,main,2,512,zipf,1,native,native,,native,11,3,accept_id,ok,-25,-0.45906299999999994,-0.466866,1.9494109909745947,,1.666066370198364,172,147,0.942587,0.483524,tradeoff_or_tie
l2-n512-zipf-w1,main,2,512,zipf,1,native,native,,native,11,3,accept_static_degree,ok,-35,-0.552543,-0.563362,2.142741621925696,,1.7306759253996538,182,147,1.036067,0.483524,tradeoff_or_tie
l2-n512-zipf-w1,main,2,512,zipf,1,eas_k1_adaptive,eas,1,adaptive,11,3,native,ok,35,1.4181329999999999,1.427672,0.25426457031946353,0.0,0.31480375372841607,147,182,0.483524,1.901657,extra_commits_extra_time
l2-n512-zipf-w1,main,2,512,zipf,1,eas_k1_adaptive,eas,1,adaptive,11,3,accept_id,ok,10,0.95907,0.960806,0.4956661479961949,0.3270120868098555,0.5244839472991218,172,182,0.942587,1.901657,extra_commits_extra_time
l2-n512-zipf-w1,main,2,512,zipf,1,eas_k1_adaptive,eas,1,adaptive,11,3,accept_static_degree,ok,0,0.8655899999999999,0.86431,0.5448232778045673,0.39460184131929466,0.5448232778032112,182,182,1.036067,1.901657,baseline_dominates
l2-n512-zipf-w1,main,2,512,zipf,1,accept_id,accept_id,,greedy,11,3,native,ok,25,0.45906299999999994,0.466866,0.5129754600901562,0.0,0.6002161845934977,147,172,0.483524,0.942587,extra_commits_extra_time
l2-n512-zipf-w1,main,2,512,zipf,1,accept_id,accept_id,,greedy,11,3,accept_static_degree,ok,-10,-0.09348000000000012,-0.09649600000000003,1.0991738693616613,1.206688857188144,1.038779700711201,182,172,1.036067,0.942587,tradeoff_or_tie
l2-n512-zipf-w1,main,2,512,zipf,1,eas_k1_adaptive,eas,1,adaptive,29,1,native,ok,36,1.389737,1.395909,0.2594219093797843,0.0,0.32809241480356127,136,172,0.48682,1.876557,extra_commits_extra_time
l2-n512-zipf-w1,main,2,512,zipf,1,eas_k1_adaptive,eas,1,adaptive,29,1,accept_id,ok,6,0.950576,0.9476580000000001,0.49344677513126434,0.32111763732449605,0.5112822007381166,166,172,0.925981,1.876557,extra_commits_extra_time
l2-n512-zipf-w1,main,2,512,zipf,1,eas_k1_adaptive,eas,1,adaptive,29,1,accept_static_degree,ok,0,0.798718,0.8004410000000001,0.5743705093956645,0.4265808157981645,0.5743705093975922,172,172,1.077839,1.876557,baseline_dominates
l2-n512-zipf-w1,main,2,512,zipf,1,native,native,,native,29,1,accept_id,ok,-30,-0.4391610000000001,-0.448251,1.9021013927118855,,1.5583481289692007,166,136,0.925981,0.48682,tradeoff_or_tie
l2-n512-zipf-w1,main,2,512,zipf,1,native,native,,native,29,1,accept_static_degree,ok,-36,-0.591019,-0.595468,2.214040096955754,,1.7506363557398454,172,136,1.077839,0.48682,tradeoff_or_tie
l2-n512-zipf-w1,main,2,512,zipf,1,accept_static_degree,accept_static_degree,,greedy,29,1,native,ok,36,0.591019,0.595468,0.45166300347268934,0.0,0.571220857330696,136,172,0.48682,1.077839,extra_commits_extra_time
l2-n512-zipf-w1,main,2,512,zipf,1,accept_static_degree,accept_static_degree,,greedy,29,1,accept_id,ok,6,0.15185799999999994,0.147217,0.8591088279418355,0.7527709297560911,0.8901609542494731,166,172,0.925981,1.077839,extra_commits_extra_time
l2-n512-zipf-w1,main,2,512,zipf,1,eas_k2_adaptive,eas,2,adaptive,29,1,native,ok,32,1.298614,1.304609,0.27266199702705335,0.0,0.3368177610331525,136,168,0.48682,1.785434,extra_commits_extra_time
l2-n512-zipf-w1,main,2,512,zipf,1,eas_k2_adaptive,eas,2,adaptive,29,1,accept_id,ok,2,0.8594529999999999,0.856358,0.5186307642847622,0.3435903017685759,0.5248793277096085,166,168,0.925981,1.785434,extra_commits_extra_time
l2-n512-zipf-w1,main,2,512,zipf,1,eas_k2_adaptive,eas,2,adaptive,29,1,accept_static_degree,ok,-4,0.707595,0.7091409999999999,0.6036845943339266,0.4564340733507128,0.5896454177235322,172,168,1.077839,1.785434,baseline_dominates
l2-n512-zipf-w1,main,2,512,zipf,1,accept_id,accept_id,,greedy,29,1,native,ok,30,0.4391610000000001,0.448251,0.5257343293220919,0.0,0.6417051372606127,136,166,0.48682,0.925981,extra_commits_extra_time
l2-n512-zipf-w1,main,2,512,zipf,1,accept_id,accept_id,,greedy,29,1,accept_static_degree,ok,-6,-0.15185799999999994,-0.147217,1.1639968854652525,1.3284253688223786,1.1233923429534565,172,166,1.077839,0.925981,tradeoff_or_tie
l2-n512-zipf-w1,main,2,512,zipf,1,accept_static_degree,accept_static_degree,,greedy,29,2,native,ok,36,0.554218,0.570553,0.47404223658599776,0.0,0.5995240050945717,136,172,0.499513,1.053731,extra_commits_extra_time
l2-n512-zipf-w1,main,2,512,zipf,1,accept_static_degree,accept_static_degree,,greedy,29,2,accept_id,ok,6,0.143196,0.12503199999999998,0.8641057347653244,0.7808582200076067,0.8953384721643619,166,172,0.910535,1.053731,extra_commits_extra_time
l2-n512-zipf-w1,main,2,512,zipf,1,eas_k1_adaptive,eas,1,adaptive,29,2,native,ok,36,1.374635,1.402412,0.2665280436763799,0.0,0.33707958465027493,136,172,0.499513,1.874148,extra_commits_extra_time
l2-n512-zipf-w1,main,2,512,zipf,1,eas_k1_adaptive,eas,1,adaptive,29,2,accept_id,ok,6,0.9636129999999999,0.9568909999999999,0.485839432104615,0.31768196507160523,0.503399893505461,166,172,0.910535,1.874148,extra_commits_extra_time
l2-n512-zipf-w1,main,2,512,zipf,1,eas_k1_adaptive,eas,1,adaptive,29,2,accept_static_degree,ok,0,0.820417,0.831859,0.5622453509541402,0.40683693522303005,0.5622453509548836,172,172,1.053731,1.874148,baseline_dominates
l2-n512-zipf-w1,main,2,512,zipf,1,accept_id,accept_id,,greedy,29,2,native,ok,30,0.411022,0.445521,0.5485928602415063,0.0,0.6696059911792934,136,166,0.499513,0.910535,extra_commits_extra_time
l2-n512-zipf-w1,main,2,512,zipf,1,accept_id,accept_id,,greedy,29,2,accept_static_degree,ok,-6,-0.143196,-0.12503199999999998,1.1572657833032227,1.2806422143961789,1.1168960466790092,172,166,1.053731,0.910535,tradeoff_or_tie
l2-n512-zipf-w1,main,2,512,zipf,1,eas_k2_adaptive,eas,2,adaptive,29,2,native,ok,32,1.254225,1.280696,0.28482760822882325,0.0,0.35184586898896747,136,168,0.499513,1.753738,extra_commits_extra_time
l2-n512-zipf-w1,main,2,512,zipf,1,eas_k2_adaptive,eas,2,adaptive,29,2,accept_id,ok,2,0.843203,0.835175,0.5191967101129131,0.34787412469469725,0.5254520921613997,166,168,0.910535,1.753738,extra_commits_extra_time
l2-n512-zipf-w1,main,2,512,zipf,1,eas_k2_adaptive,eas,2,adaptive,29,2,accept_static_degree,ok,-4,0.700007,0.7101430000000001,0.6008485874172766,0.4455022893801495,0.5868753644542818,172,168,1.053731,1.753738,baseline_dominates
l2-n512-zipf-w1,main,2,512,zipf,1,native,native,,native,29,2,accept_id,ok,-30,-0.411022,-0.445521,1.8228454514697316,,1.493415550596889,166,136,0.910535,0.499513,tradeoff_or_tie
l2-n512-zipf-w1,main,2,512,zipf,1,native,native,,native,29,2,accept_static_degree,ok,-36,-0.554218,-0.570553,2.109516669235836,,1.6679899245106213,172,136,1.053731,0.499513,tradeoff_or_tie
l2-n512-zipf-w1,main,2,512,zipf,1,eas_k2_adaptive,eas,2,adaptive,29,3,native,ok,32,1.283768,1.282487,0.2729554548106029,0.0,0.3371802677077423,136,168,0.481967,1.765735,extra_commits_extra_time
l2-n512-zipf-w1,main,2,512,zipf,1,eas_k2_adaptive,eas,2,adaptive,29,3,accept_id,ok,2,0.8375560000000001,0.8200559999999999,0.5256615517050973,0.3605736354442579,0.5319948234118133,166,168,0.928179,1.765735,extra_commits_extra_time
l2-n512-zipf-w1,main,2,512,zipf,1,eas_k2_adaptive,eas,2,adaptive,29,3,accept_static_degree,ok,-4,0.722747,0.7138909999999999,0.5906820672411206,0.4433542016410303,0.5769452749788089,172,168,1.042988,1.765735,baseline_dominates
l2-n512-zipf-w1,main,2,512,zipf,1,eas_k1_adaptive,eas,1,adaptive,29,3,native,ok,36,1.379751,1.38943,0.25888292426672566,0.0,0.327410757161286,136,172,0.481967,1.861718,extra_commits_extra_time
l2-n512-zipf-w1,main,2,512,zipf,1,eas_k1_adaptive,eas,1,adaptive,29,3,accept_id,ok,6,0.933539,0.9269989999999999,0.4985604694158836,0.33282065307356257,0.5165807273458869,166,172,0.928179,1.861718,extra_commits_extra_time
l2-n512-zipf-w1,main,2,512,zipf,1,eas_k1_adaptive,eas,1,adaptive,29,3,accept_static_degree,ok,0,0.81873,0.820834,0.560228777935219,0.40922968411506877,0.5602287779342098,172,172,1.042988,1.861718,baseline_dominates
l2-n512-zipf-w1,main,2,512,zipf,1,accept_static_degree,accept_static_degree,,greedy,29,3,native,ok,36,0.561021,0.568596,0.46210215266139204,0.0,0.5844233107206344,136,172,0.481967,1.042988,extra_commits_extra_time
l2-n512-zipf-w1,main,2,512,zipf,1,accept_static_degree,accept_static_degree,,greedy,29,3,accept_id,ok,6,0.11480900000000005,0.10616500000000001,0.8899229904850295,0.8132857072508424,0.9220888817078071,166,172,0.928179,1.042988,extra_commits_extra_time
l2-n512-zipf-w1,main,2,512,zipf,1,native,native,,native,29,3,accept_id,ok,-30,-0.446212,-0.462431,1.9258144229791667,,1.5777756718341844,166,136,0.928179,0.481967,tradeoff_or_tie
l2-n512-zipf-w1,main,2,512,zipf,1,native,native,,native,29,3,accept_static_degree,ok,-36,-0.561021,-0.568596,2.1640236779696536,,1.7110884895520866,172,136,1.042988,0.481967,tradeoff_or_tie
l2-n512-zipf-w1,main,2,512,zipf,1,accept_id,accept_id,,greedy,29,3,native,ok,30,0.446212,0.462431,0.5192608322317139,0.0,0.6338036628727373,136,166,0.481967,0.928179,extra_commits_extra_time
l2-n512-zipf-w1,main,2,512,zipf,1,accept_id,accept_id,,greedy,29,3,accept_static_degree,ok,-6,-0.11480900000000005,-0.10616500000000001,1.1236927359916569,1.229580196829365,1.084494152177492,172,166,1.042988,0.928179,tradeoff_or_tie
l2-n512-zipf-w1,main,2,512,zipf,1,native,native,,native,47,1,accept_id,ok,-19,-0.43736099999999994,-0.451059,1.9050764541182166,,1.6788486251977288,160,141,0.920592,0.483231,tradeoff_or_tie
l2-n512-zipf-w1,main,2,512,zipf,1,native,native,,native,47,1,accept_static_degree,ok,-28,-0.6096270000000001,-0.620983,2.2615643450027005,,1.8868672937651993,169,141,1.092858,0.483231,tradeoff_or_tie
l2-n512-zipf-w1,main,2,512,zipf,1,accept_id,accept_id,,greedy,47,1,native,ok,19,0.43736099999999994,0.451059,0.5249133166484176,0.0,0.5956463167620152,141,160,0.483231,0.920592,extra_commits_extra_time
l2-n512-zipf-w1,main,2,512,zipf,1,accept_id,accept_id,,greedy,47,1,accept_static_degree,ok,-9,-0.17226600000000014,-0.16992399999999996,1.1871252411491737,1.3767223356589713,1.123905553749952,169,160,1.092858,0.920592,tradeoff_or_tie
l2-n512-zipf-w1,main,2,512,zipf,1,eas_k2_adaptive,eas,2,adaptive,47,1,native,ok,25,1.321917,1.305845,0.26769605594665924,0.0,0.3151598956530737,141,166,0.483231,1.805148,extra_commits_extra_time
l2-n512-zipf-w1,main,2,512,zipf,1,eas_k2_adaptive,eas,2,adaptive,47,1,accept_id,ok,6,0.884556,0.8547859999999999,0.5099814530442933,0.34541542066631187,0.5291057575346224,160,166,0.920592,1.805148,extra_commits_extra_time
l2-n512-zipf-w1,main,2,512,zipf,1,eas_k2_adaptive,eas,2,adaptive,47,1,accept_static_degree,ok,-3,0.7122899999999999,0.684862,0.6054118554268128,0.475541124712351,0.5946648994142376,169,166,1.092858,1.805148,baseline_dominates
l2-n512-zipf-w1,main,2,512,zipf,1,eas_k1_adaptive,eas,1,adaptive,47,1,native,ok,28,1.373507,1.380383,0.2602580439458879,0.0,0.3119404923884919,141,169,0.483231,1.856738,extra_commits_extra_time
l2-n512-zipf-w1,main,2,512,zipf,1,eas_k1_adaptive,eas,1,adaptive,47,1,accept_id,ok,9,0.936146,0.9293239999999999,0.4958114715161751,0.3267636590714316,0.5237008667899222,160,169,0.920592,1.856738,extra_commits_extra_time
l2-n512-zipf-w1,main,2,512,zipf,1,eas_k1_adaptive,eas,1,adaptive,47,1,accept_static_degree,ok,0,0.7638799999999999,0.7594,0.5885903126881661,0.4498628279252932,0.5885903126888575,169,169,1.092858,1.856738,baseline_dominates
l2-n512-zipf-w1,main,2,512,zipf,1,accept_static_degree,accept_static_degree,,greedy,47,1,native,ok,28,0.6096270000000001,0.620983,0.44217181006132544,0.0,0.5299789780152072,141,169,0.483231,1.092858,extra_commits_extra_time
l2-n512-zipf-w1,main,2,512,zipf,1,accept_static_degree,accept_static_degree,,greedy,47,1,accept_id,ok,9,0.17226600000000014,0.16992399999999996,0.8423711040226634,0.7263628794991167,0.889754478624528,160,169,0.920592,1.092858,extra_commits_extra_time
l2-n512-zipf-w1,main,2,512,zipf,1,native,native,,native,47,2,accept_id,ok,-19,-0.450422,-0.456844,1.944271024412742,,1.71338884026277,160,141,0.927427,0.477005,tradeoff_or_tie
l2-n512-zipf-w1,main,2,512,zipf,1,native,native,,native,47,2,accept_static_degree,ok,-28,-0.5626140000000001,-0.567662,2.1794719132923137,,1.818375974995261,169,141,1.039619,0.477005,tradeoff_or_tie
l2-n512-zipf-w1,main,2,512,zipf,1,accept_static_degree,accept_static_degree,,greedy,47,2,native,ok,28,0.5626140000000001,0.567662,0.45882674325882844,0.0,0.5499412738350803,141,169,0.477005,1.039619,extra_commits_extra_time
l2-n512-zipf-w1,main,2,512,zipf,1,accept_static_degree,accept_static_degree,,greedy,47,2,accept_id,ok,9,0.11219200000000007,0.11081800000000003,0.8920835421438046,0.8047817186988031,0.9422632413889186,160,169,0.927427,1.039619,extra_commits_extra_time
l2-n512-zipf-w1,main,2,512,zipf,1,eas_k2_adaptive,eas,2,adaptive,47,2,native,ok,25,1.307439,1.307913,0.2673129557441982,0.0,0.31470886988326513,141,166,0.477005,1.784444,extra_commits_extra_time
l2-n512-zipf-w1,main,2,512,zipf,1,eas_k2_adaptive,eas,2,adaptive,47,2,accept_id,ok,6,0.8570169999999999,0.8510690000000001,0.5197288343035702,0.34929234589762465,0.5392186655896946,160,166,0.927427,1.784444,extra_commits_extra_time
l2-n512-zipf-w1,main,2,512,zipf,1,eas_k2_adaptive,eas,2,adaptive,47,2,accept_static_degree,ok,-3,0.7448249999999998,0.7402510000000001,0.5826010791036312,0.434021223124168,0.572259048113639,169,166,1.039619,1.784444,baseline_dominates
l2-n512-zipf-w1,main,2,512,zipf,1,accept_id,accept_id,,greedy,47,2,native,ok,19,0.450422,0.456844,0.5143315862057067,0.0,0.583638679382689,141,160,0.477005,0.927427,extra_commits_extra_time
l2-n512-zipf-w1,main,2,512,zipf,1,accept_id,accept_id,,greedy,47,2,accept_static_degree,ok,-9,-0.11219200000000007,-0.11081800000000003,1.1209712462544223,1.242572957070685,1.0612745526674436,169,160,1.039619,0.927427,tradeoff_or_tie
l2-n512-zipf-w1,main,2,512,zipf,1,eas_k1_adaptive,eas,1,adaptive,47,2,native,ok,28,1.356855,1.361946,0.26010982299630286,0.0,0.3117628374921751,141,169,0.477005,1.83386,extra_commits_extra_time
l2-n512-zipf-w1,main,2,512,zipf,1,eas_k1_adaptive,eas,1,adaptive,47,2,accept_id,ok,9,0.906433,0.9051020000000001,0.5057239920168388,0.3354347382348492,0.5341709665677482,160,169,0.927427,1.83386,extra_commits_extra_time
l2-n512-zipf-w1,main,2,512,zipf,1,eas_k1_adaptive,eas,1,adaptive,47,2,accept_static_degree,ok,0,0.794241,0.7942840000000001,0.5669020535918773,0.41680213459270776,0.566902053592123,169,169,1.039619,1.83386,baseline_dominates
l2-n512-zipf-w1,main,2,512,zipf,1,native,native,,native,47,3,accept_id,ok,-19,-0.416633,-0.443264,1.8522071562549218,,1.6322575564489392,160,141,0.90552,0.488887,tradeoff_or_tie
l2-n512-zipf-w1,main,2,512,zipf,1,native,native,,native,47,3,accept_static_degree,ok,-28,-0.5497299999999998,-0.56733,2.1244520717466404,,1.7724718468379284,169,141,1.038617,0.488887,tradeoff_or_tie
l2-n512-zipf-w1,main,2,512,zipf,1,accept_static_degree,accept_static_degree,,greedy,47,3,native,ok,28,0.5497299999999998,0.56733,0.47070960710252197,0.0,0.5641838553227176,141,169,0.488887,1.038617,extra_commits_extra_time
l2-n512-zipf-w1,main,2,512,zipf,1,accept_static_degree,accept_static_degree,,greedy,47,3,accept_id,ok,9,0.1330969999999999,0.12406600000000001,0.8718517027932338,0.7813159889306047,0.9208933610770009,160,169,0.90552,1.038617,extra_commits_extra_time
l2-n512-zipf-w1,main,2,512,zipf,1,eas_k1_adaptive,eas,1,adaptive,47,3,native,ok,28,1.372733,1.377805,0.26261374501778023,0.0,0.31476399225553464,141,169,0.488887,1.86162,extra_commits_extra_time
l2-n512-zipf-w1,main,2,512,zipf,1,eas_k1_adaptive,eas,1,adaptive,47,3,accept_id,ok,9,0.9561000000000001,0.934541,0.48641505785283784,0.32171751445233543,0.5137759048571318,160,169,0.90552,1.86162,extra_commits_extra_time
l2-n512-zipf-w1,main,2,512,zipf,1,eas_k1_adaptive,eas,1,adaptive,47,3,accept_static_degree,ok,0,0.8230030000000002,0.810475,0.5579103146721672,0.4117636385410127,0.5579103146712469,169,169,1.038617,1.86162,baseline_dominates
l2-n512-zipf-w1,main,2,512,zipf,1,eas_k2_adaptive,eas,2,adaptive,47,3,native,ok,25,1.25498,1.270282,0.28034649431407327,0.0,0.3300533195472685,141,166,0.488887,1.743867,extra_commits_extra_time
l2-n512-zipf-w1,main,2,512,zipf,1,eas_k2_adaptive,eas,2,adaptive,47,3,accept_id,ok,6,0.8383470000000001,0.8270179999999999,0.5192597829995063,0.34894928842571965,0.5387320248620854,160,166,0.90552,1.743867,extra_commits_extra_time
l2-n512-zipf-w1,main,2,512,zipf,1,eas_k2_adaptive,eas,2,adaptive,47,3,accept_static_degree,ok,-3,0.7052500000000002,0.7029519999999999,0.5955826906524407,0.4466173652779462,0.585010216852936,169,166,1.038617,1.743867,baseline_dominates
l2-n512-zipf-w1,main,2,512,zipf,1,accept_id,accept_id,,greedy,47,3,native,ok,19,0.416633,0.443264,0.5398964131106988,0.0,0.6126484120407761,141,160,0.488887,0.90552,extra_commits_extra_time
l2-n512-zipf-w1,main,2,512,zipf,1,accept_id,accept_id,,greedy,47,3,accept_static_degree,ok,-9,-0.1330969999999999,-0.12406600000000001,1.1469840533616042,1.279891892867456,1.0859020623522384,169,160,1.038617,0.90552,tradeoff_or_tie
l2-n512-zipf-w1,main,2,512,zipf,1,accept_id,accept_id,,greedy,71,1,native,ok,23,0.4468210000000001,0.462525,0.5236292457426631,0.0,0.6055576311307062,147,170,0.491148,0.937969,extra_commits_extra_time
l2-n512-zipf-w1,main,2,512,zipf,1,accept_id,accept_id,,greedy,71,1,accept_static_degree,ok,-6,-0.1039159999999999,-0.11246899999999999,1.1107883096349664,1.243163072266364,1.0729205263526502,176,170,1.041885,0.937969,tradeoff_or_tie
l2-n512-zipf-w1,main,2,512,zipf,1,eas_k1_adaptive,eas,1,adaptive,71,1,native,ok,29,1.368772,1.383529,0.2640694223407458,0.0,0.31616475055771553,147,176,0.491148,1.85992,extra_commits_extra_time
l2-n512-zipf-w1,main,2,512,zipf,1,eas_k1_adaptive,eas,1,adaptive,71,1,accept_id,ok,6,0.921951,0.9210039999999999,0.5043060991870618,0.33430813521075453,0.5221051379822726,170,176,0.937969,1.85992,extra_commits_extra_time
l2-n512-zipf-w1,main,2,512,zipf,1,eas_k1_adaptive,eas,1,adaptive,71,1,accept_static_degree,ok,0,0.8180350000000001,0.808535,0.5601773194546001,0.41559952845224063,0.5601773194553631,176,176,1.041885,1.85992,baseline_dominates
l2-n512-zipf-w1,main,2,512,zipf,1,native,native,,native,71,1,accept_id,ok,-23,-0.4468210000000001,-0.462525,1.9097481818107782,,1.651370486625336,170,147,0.937969,0.491148,tradeoff_or_tie
l2-n512-zipf-w1,main,2,512,zipf,1,native,native,,native,71,1,accept_static_degree,ok,-29,-0.550737,-0.574994,2.121325954702045,,1.7717892917132876,176,147,1.041885,0.491148,tradeoff_or_tie
l2-n512-zipf-w1,main,2,512,zipf,1,eas_k2_adaptive,eas,2,adaptive,71,1,native,ok,27,1.275444,1.274084,0.2780200521682426,0.0,0.3290849597093498,147,174,0.491148,1.766592,extra_commits_extra_time
l2-n512-zipf-w1,main,2,512,zipf,1,eas_k2_adaptive,eas,2,adaptive,71,1,accept_id,ok,4,0.8286229999999999,0.8115589999999999,0.530948289135239,0.3630255148012219,0.5434411900563081,170,174,0.937969,1.766592,extra_commits_extra_time
l2-n512-zipf-w1,main,2,512,zipf,1,eas_k2_adaptive,eas,2,adaptive,71,1,accept_static_degree,ok,-2,0.724707,0.69909,0.5897711525921095,0.4512999142913654,0.5830692076769247,176,174,1.041885,1.766592,baseline_dominates
l2-n512-zipf-w1,main,2,512,zipf,1,accept_static_degree,accept_static_degree,,greedy,71,1,native,ok,29,0.550737,0.574994,0.47140327387379605,0.0,0.564401198651008,147,176,0.491148,1.041885,extra_commits_extra_time
l2-n512-zipf-w1,main,2,512,zipf,1,accept_static_degree,accept_static_degree,,greedy,71,1,accept_id,ok,6,0.1039159999999999,0.11246899999999999,0.9002615451801304,0.8043996980838061,0.932035482068238,170,176,0.937969,1.041885,extra_commits_extra_time
l2-n512-zipf-w1,main,2,512,zipf,1,accept_id,accept_id,,greedy,71,2,native,ok,23,0.436606,0.469824,0.5320362147116103,0.0,0.615279976197991,147,170,0.496385,0.932991,extra_commits_extra_time
l2-n512-zipf-w1,main,2,512,zipf,1,accept_id,accept_id,,greedy,71,2,accept_static_degree,ok,-6,-0.11550000000000005,-0.10209899999999994,1.1237954063865567,1.21731329178586,1.0854841993535185,176,170,1.048491,0.932991,tradeoff_or_tie
l2-n512-zipf-w1,main,2,512,zipf,1,eas_k1_adaptive,eas,1,adaptive,71,2,native,ok,29,1.3615629999999999,1.373646,0.26716840299082645,0.0,0.3198750947374047,147,176,0.496385,1.857948,extra_commits_extra_time
l2-n512-zipf-w1,main,2,512,zipf,1,eas_k1_adaptive,eas,1,adaptive,71,2,accept_id,ok,6,0.9249569999999999,0.9038219999999999,0.5021620626626795,0.34202698511843665,0.5198854295795774,170,176,0.932991,1.857948,extra_commits_extra_time
l2-n512-zipf-w1,main,2,512,zipf,1,eas_k1_adaptive,eas,1,adaptive,71,2,accept_static_degree,ok,0,0.8094569999999999,0.801723,0.5643274192819175,0.4163539951341175,0.5643274192827475,176,176,1.048491,1.857948,baseline_dominates
l2-n512-zipf-w1,main,2,512,zipf,1,native,native,,native,71,2,accept_id,ok,-23,-0.436606,-0.469824,1.879571300502634,,1.6252763598440425,170,147,0.932991,0.496385,tradeoff_or_tie
l2-n512-zipf-w1,main,2,512,zipf,1,native,native,,native,71,2,accept_static_degree,ok,-29,-0.552106,-0.571923,2.1122535934808666,,1.7642118081935114,176,147,1.048491,0.496385,tradeoff_or_tie
l2-n512-zipf-w1,main,2,512,zipf,1,eas_k2_adaptive,eas,2,adaptive,71,2,native,ok,27,1.256195,1.27695,0.28323100799963485,0.0,0.33525302987721406,147,174,0.496385,1.75258,extra_commits_extra_time
l2-n512-zipf-w1,main,2,512,zipf,1,eas_k2_adaptive,eas,2,adaptive,71,2,accept_id,ok,4,0.819589,0.807126,0.5323528740485456,0.3679267003406555,0.5448788240255246,170,174,0.932991,1.75258,extra_commits_extra_time
l2-n512-zipf-w1,main,2,512,zipf,1,eas_k2_adaptive,eas,2,adaptive,71,2,accept_static_degree,ok,-2,0.704089,0.7050270000000001,0.5982557144324367,0.44788206272759307,0.5914573540420331,176,174,1.048491,1.75258,baseline_dominates
l2-n512-zipf-w1,main,2,512,zipf,1,accept_static_degree,accept_static_degree,,greedy,71,2,native,ok,29,0.552106,0.571923,0.47342800272009966,0.0,0.566825363800259,147,176,0.496385,1.048491,extra_commits_extra_time
l2-n512-zipf-w1,main,2,512,zipf,1,accept_static_degree,accept_static_degree,,greedy,71,2,accept_id,ok,6,0.11550000000000005,0.10209899999999994,0.8898416867669823,0.8214812133801229,0.9212478639445603,170,176,0.932991,1.048491,extra_commits_extra_time
l2-n512-zipf-w1,main,2,512,zipf,1,eas_k1_adaptive,eas,1,adaptive,71,3,native,ok,29,1.38762,1.385887,0.26001138017407294,0.0,0.31130614224910036,147,176,0.487571,1.875191,extra_commits_extra_time
l2-n512-zipf-w1,main,2,512,zipf,1,eas_k1_adaptive,eas,1,adaptive,71,3,accept_id,ok,6,0.947739,0.9370900000000001,0.4945906843622863,0.32383376133840636,0.512046826163963,170,176,0.927452,1.875191,extra_commits_extra_time
l2-n512-zipf-w1,main,2,512,zipf,1,eas_k1_adaptive,eas,1,adaptive,71,3,accept_static_degree,ok,0,0.8240560000000001,0.819714,0.5605482321534179,0.4085275350732058,0.5605482321528988,176,176,1.051135,1.875191,baseline_dominates
l2-n512-zipf-w1,main,2,512,zipf,1,accept_id,accept_id,,greedy,71,3,native,ok,23,0.4398810000000001,0.448797,0.5257102254348472,0.0,0.6079642062841665,147,170,0.487571,0.927452,extra_commits_extra_time
l2-n512-zipf-w1,main,2,512,zipf,1,accept_id,accept_id,,greedy,71,3,accept_static_degree,ok,-6,-0.12368299999999988,-0.11737600000000004,1.133357844934293,1.2615347250538662,1.0947206456727556,176,170,1.051135,0.927452,tradeoff_or_tie
l2-n512-zipf-w1,main,2,512,zipf,1,eas_k2_adaptive,eas,2,adaptive,71,3,native,ok,27,1.279183,1.285569,0.27596994261793095,0.0,0.326658299425091,147,174,0.487571,1.766754,extra_commits_extra_time
l2-n512-zipf-w1,main,2,512,zipf,1,eas_k2_adaptive,eas,2,adaptive,71,3,accept_id,ok,4,0.8393019999999999,0.836772,0.5249468799844235,0.3491037820607062,0.5372985712787322,170,174,0.927452,1.766754,extra_commits_extra_time
l2-n512-zipf-w1,main,2,512,zipf,1,eas_k2_adaptive,eas,2,adaptive,71,3,accept_static_degree,ok,-2,0.715619,0.7193959999999999,0.5949526646041271,0.4404065437172179,0.5881918388693027,176,174,1.051135,1.766754,baseline_dominates
l2-n512-zipf-w1,main,2,512,zipf,1,accept_static_degree,accept_static_degree,,greedy,71,3,native,ok,29,0.563564,0.566173,0.4638519314835868,0.0,0.5553601356541009,147,176,0.487571,1.051135,extra_commits_extra_time
l2-n512-zipf-w1,main,2,512,zipf,1,accept_static_degree,accept_static_degree,,greedy,71,3,accept_id,ok,6,0.12368299999999988,0.11737600000000004,0.8823338581628432,0.792685274642203,0.9134750531588399,170,176,0.927452,1.051135,extra_commits_extra_time
l2-n512-zipf-w1,main,2,512,zipf,1,native,native,,native,71,3,accept_id,ok,-23,-0.4398810000000001,-0.448797,1.9021886043263445,,1.644833675508511,170,147,0.927452,0.487571,tradeoff_or_tie
l2-n512-zipf-w1,main,2,512,zipf,1,native,native,,native,71,3,accept_static_degree,ok,-29,-0.563564,-0.566173,2.155860377257876,,1.8006333832769688,176,147,1.051135,0.487571,tradeoff_or_tie
l2-n512-zipf-w1,main,2,512,zipf,1,native,native,,native,101,1,accept_id,ok,-27,-0.451315,-0.46093,1.9065025790175631,,1.6123564668296329,175,148,0.949179,0.497864,tradeoff_or_tie
l2-n512-zipf-w1,main,2,512,zipf,1,native,native,,native,101,1,accept_static_degree,ok,-36,-0.5694210000000001,-0.579435,2.143728006041811,,1.72430296138532,184,148,1.067285,0.497864,tradeoff_or_tie
l2-n512-zipf-w1,main,2,512,zipf,1,accept_id,accept_id,,greedy,101,1,native,ok,27,0.451315,0.46093,0.5245206647007572,0.0,0.6202102454219036,148,175,0.497864,0.949179,extra_commits_extra_time
l2-n512-zipf-w1,main,2,512,zipf,1,accept_id,accept_id,,greedy,101,1,accept_static_degree,ok,-9,-0.11810600000000004,-0.11850500000000003,1.1244296386666794,1.257099776538737,1.0694303628625046,184,175,1.067285,0.949179,tradeoff_or_tie
l2-n512-zipf-w1,main,2,512,zipf,1,eas_k2_adaptive,eas,2,adaptive,101,1,native,ok,36,1.2860900000000002,1.28487,0.27907894486068585,0.0,0.3469630125306696,148,184,0.497864,1.783954,extra_commits_extra_time
l2-n512-zipf-w1,main,2,512,zipf,1,eas_k2_adaptive,eas,2,adaptive,101,1,accept_id,ok,9,0.834775,0.8239399999999999,0.5320647281263978,0.3587366815319838,0.559428057004516,175,184,0.949179,1.783954,extra_commits_extra_time
l2-n512-zipf-w1,main,2,512,zipf,1,eas_k2_adaptive,eas,2,adaptive,101,1,accept_static_degree,ok,0,0.716669,0.7054349999999999,0.5982693499944506,0.45096780219010485,0.5982693499978055,184,184,1.067285,1.783954,baseline_dominates
l2-n512-zipf-w1,main,2,512,zipf,1,accept_static_degree,accept_static_degree,,greedy,101,1,native,ok,36,0.5694210000000001,0.579435,0.46647708906243407,0.0,0.5799444891033483,148,184,0.497864,1.067285,extra_commits_extra_time
l2-n512-zipf-w1,main,2,512,zipf,1,accept_static_degree,accept_static_degree,,greedy,101,1,accept_id,ok,9,0.11810600000000004,0.11850500000000003,0.889339773350136,0.79548180555196,0.9350772474079913,175,184,0.949179,1.067285,extra_commits_extra_time
l2-n512-zipf-w1,main,2,512,zipf,1,eas_k1_adaptive,eas,1,adaptive,101,1,native,ok,36,1.4373300000000002,1.447864,0.2572682635436034,0.0,0.3198470303510251,148,184,0.497864,1.935194,extra_commits_extra_time
l2-n512-zipf-w1,main,2,512,zipf,1,eas_k1_adaptive,eas,1,adaptive,101,1,accept_id,ok,9,0.9860150000000001,0.986934,0.4904826079452499,0.31835172364255204,0.5157074277827292,175,184,0.949179,1.935194,extra_commits_extra_time
l2-n512-zipf-w1,main,2,512,zipf,1,eas_k1_adaptive,eas,1,adaptive,101,1,accept_static_degree,ok,0,0.867909,0.868429,0.551513181624168,0.4001998806517739,0.5515131816245729,184,184,1.067285,1.935194,baseline_dominates
l2-n512-zipf-w1,main,2,512,zipf,1,native,native,,native,101,2,accept_id,ok,-27,-0.447439,-0.453378,1.9106022801740454,,1.6158236426623178,175,148,0.938805,0.491366,tradeoff_or_tie
l2-n512-zipf-w1,main,2,512,zipf,1,native,native,,native,101,2,accept_static_degree,ok,-36,-0.5578240000000001,-0.572821,2.135251523304421,,1.7174849209144625,184,148,1.04919,0.491366,tradeoff_or_tie
l2-n512-zipf-w1,main,2,512,zipf,1,accept_id,accept_id,,greedy,101,2,native,ok,27,0.447439,0.453378,0.5233951672605067,0.0,0.6188794207468993,148,175,0.491366,0.938805,extra_commits_extra_time
l2-n512-zipf-w1,main,2,512,zipf,1,accept_id,accept_id,,greedy,101,2,accept_static_degree,ok,-9,-0.11038500000000007,-0.11944300000000002,1.117580328183169,1.2634512481858406,1.0629160729970766,184,175,1.04919,0.938805,tradeoff_or_tie
l2-n512-zipf-w1,main,2,512,zipf,1,eas_k2_adaptive,eas,2,adaptive,101,2,native,ok,36,1.279469,1.282151,0.2774770094334029,0.0,0.3449714171326755,148,184,0.491366,1.770835,extra_commits_extra_time
l2-n512-zipf-w1,main,2,512,zipf,1,eas_k2_adaptive,eas,2,adaptive,101,2,accept_id,ok,9,0.8320299999999999,0.828773,0.5301482069193347,0.35360733642137315,0.5574129718457016,175,184,0.938805,1.770835,extra_commits_extra_time
l2-n512-zipf-w1,main,2,512,zipf,1,eas_k2_adaptive,eas,2,adaptive,101,2,accept_static_degree,ok,0,0.7216449999999999,0.70933,0.5924832070746286,0.44676563056925434,0.5924832070718632,184,184,1.04919,1.770835,baseline_dominates
l2-n512-zipf-w1,main,2,512,zipf,1,accept_static_degree,accept_static_degree,,greedy,101,2,native,ok,36,0.5578240000000001,0.572821,0.46832890134294075,0.0,0.582246742211604,148,184,0.491366,1.04919,extra_commits_extra_time
l2-n512-zipf-w1,main,2,512,zipf,1,accept_static_degree,accept_static_degree,,greedy,101,2,accept_id,ok,9,0.11038500000000007,0.11944300000000002,0.8947902667772281,0.7914828541551374,0.9408080519286214,175,184,0.938805,1.04919,extra_commits_extra_time
l2-n512-zipf-w1,main,2,512,zipf,1,eas_k1_adaptive,eas,1,adaptive,101,2,native,ok,36,1.4052310000000001,1.400685,0.2590777060176727,0.0,0.32209660748162383,148,184,0.491366,1.896597,extra_commits_extra_time
l2-n512-zipf-w1,main,2,512,zipf,1,eas_k1_adaptive,eas,1,adaptive,101,2,accept_id,ok,9,0.9577920000000001,0.9473069999999999,0.4949944558596265,0.32368305507662326,0.5204513135901322,175,184,0.938805,1.896597,extra_commits_extra_time
l2-n512-zipf-w1,main,2,512,zipf,1,eas_k1_adaptive,eas,1,adaptive,101,2,accept_static_degree,ok,0,0.847407,0.8278639999999999,0.5531960664284505,0.4089577599531658,0.5531960664273934,184,184,1.04919,1.896597,baseline_dominates
l2-n512-zipf-w1,main,2,512,zipf,1,accept_id,accept_id,,greedy,101,3,native,ok,27,0.43318999999999996,0.452212,0.5333095601567306,0.0,0.6306025204554798,148,175,0.495027,0.928217,extra_commits_extra_time
l2-n512-zipf-w1,main,2,512,zipf,1,accept_id,accept_id,,greedy,101,3,accept_static_degree,ok,-9,-0.11480800000000013,-0.11724799999999996,1.1236865948371988,1.2592766224691074,1.0687236635680868,184,175,1.043025,0.928217,tradeoff_or_tie
l2-n512-zipf-w1,main,2,512,zipf,1,eas_k1_adaptive,eas,1,adaptive,101,3,native,ok,36,1.4147219999999998,1.419153,0.25921050357926617,0.0,0.322261707153102,148,184,0.495027,1.909749,extra_commits_extra_time
l2-n512-zipf-w1,main,2,512,zipf,1,eas_k1_adaptive,eas,1,adaptive,101,3,accept_id,ok,9,0.981532,0.966941,0.48604135936188475,0.31864922245874827,0.5110377721299537,175,184,0.928217,1.909749,extra_commits_extra_time
l2-n512-zipf-w1,main,2,512,zipf,1,eas_k1_adaptive,eas,1,adaptive,101,3,accept_static_degree,ok,0,0.8667239999999998,0.8496930000000001,0.5461581600513995,0.4012675166102597,0.5461581600523973,184,184,1.043025,1.909749,baseline_dominates
l2-n512-zipf-w1,main,2,512,zipf,1,native,native,,native,101,3,accept_id,ok,-27,-0.43318999999999996,-0.452212,1.8750835812996058,,1.5857849716136672,175,148,0.928217,0.495027,tradeoff_or_tie
l2-n512-zipf-w1,main,2,512,zipf,1,native,native,,native,101,3,accept_static_degree,ok,-36,-0.5479980000000001,-0.56946,2.107006284505694,,1.6947659244941728,184,148,1.043025,0.495027,tradeoff_or_tie
l2-n512-zipf-w1,main,2,512,zipf,1,accept_static_degree,accept_static_degree,,greedy,101,3,native,ok,36,0.5479980000000001,0.56946,0.4746070324297116,0.0,0.5900519862638047,148,184,0.495027,1.043025,extra_commits_extra_time
l2-n512-zipf-w1,main,2,512,zipf,1,accept_static_degree,accept_static_degree,,greedy,101,3,accept_id,ok,9,0.11480800000000013,0.11724799999999996,0.8899278540782818,0.7941066975731396,0.9356955722879355,175,184,0.928217,1.043025,extra_commits_extra_time
l2-n512-zipf-w1,main,2,512,zipf,1,eas_k2_adaptive,eas,2,adaptive,101,3,native,ok,36,1.2821250000000002,1.294233,0.27855073735955055,0.0,0.3463063221246259,148,184,0.495027,1.777152,extra_commits_extra_time
l2-n512-zipf-w1,main,2,512,zipf,1,eas_k2_adaptive,eas,2,adaptive,101,3,accept_id,ok,9,0.8489350000000001,0.8420209999999999,0.522305914181792,0.3494054007276897,0.5491673612000334,175,184,0.928217,1.777152,extra_commits_extra_time
l2-n512-zipf-w1,main,2,512,zipf,1,eas_k2_adaptive,eas,2,adaptive,101,3,accept_static_degree,ok,0,0.734127,0.724773,0.586908154170268,0.43999805290083005,0.5869081541737184,184,184,1.043025,1.777152,baseline_dominates
l2-n2048-uniform-w1,main,2,2048,uniform,1,accept_id,accept_id,,greedy,11,1,native,ok,62,1.7645969999999997,1.915876,0.581431276904816,0.0,0.6071803763096544,1400,1462,2.451191,4.215788,extra_commits_extra_time
l2-n2048-uniform-w1,main,2,2048,uniform,1,accept_id,accept_id,,greedy,11,1,accept_static_degree,ok,-34,-0.47781500000000054,-0.4665460000000001,1.113339427883945,1.2435157598926028,1.088036259068706,1496,1462,4.693603,4.215788,tradeoff_or_tie
l2-n2048-uniform-w1,main,2,2048,uniform,1,eas_k2_adaptive,eas,2,adaptive,11,1,native,ok,88,3.432597,3.590157,0.41660083606003484,0.0,0.442787174326296,1400,1488,2.451191,5.883788,extra_commits_extra_time
l2-n2048-uniform-w1,main,2,2048,uniform,1,eas_k2_adaptive,eas,2,adaptive,11,1,accept_id,ok,26,1.6680000000000001,1.6742810000000001,0.7165091604252226,0.5336468572265781,0.7292514573963768,1462,1488,4.215788,5.883788,extra_commits_extra_time
l2-n2048-uniform-w1,main,2,2048,uniform,1,eas_k2_adaptive,eas,2,adaptive,11,1,accept_static_degree,ok,-8,1.1901849999999996,1.207735,0.7977178987414231,0.6635982771784075,0.7934520276259557,1496,1488,4.693603,5.883788,baseline_dominates
l2-n2048-uniform-w1,main,2,2048,uniform,1,accept_static_degree,accept_static_degree,,greedy,11,1,native,ok,96,2.2424120000000003,2.382422,0.5222408030674942,0.0,0.5580516009910961,1400,1496,2.451191,4.693603,extra_commits_extra_time
l2-n2048-uniform-w1,main,2,2048,uniform,1,accept_static_degree,accept_static_degree,,greedy,11,1,accept_id,ok,34,0.47781500000000054,0.4665460000000001,0.8981986759425541,0.8041715531505333,0.9190870172432857,1462,1496,4.215788,4.693603,extra_commits_extra_time
l2-n2048-uniform-w1,main,2,2048,uniform,1,native,native,,native,11,1,accept_id,ok,-62,-1.7645969999999997,-1.915876,1.7198937169726878,,1.6469570477192308,1462,1400,4.215788,2.451191,tradeoff_or_tie
l2-n2048-uniform-w1,main,2,2048,uniform,1,native,native,,native,11,1,accept_static_degree,ok,-96,-2.2424120000000003,-2.382422,1.9148254868755639,,1.7919489850472723,1496,1400,4.693603,2.451191,tradeoff_or_tie
l2-n2048-uniform-w1,main,2,2048,uniform,1,eas_k1_adaptive,eas,1,adaptive,11,1,native,ok,89,3.5189999999999997,3.599202,0.41057162157793614,0.0,0.43667224609175925,1400,1489,2.451191,5.970191,extra_commits_extra_time
l2-n2048-uniform-w1,main,2,2048,uniform,1,eas_k1_adaptive,eas,1,adaptive,11,1,accept_id,ok,27,1.754403,1.683326,0.7061395523191805,0.532305772223954,0.7191804332442092,1462,1489,4.215788,5.970191,extra_commits_extra_time
l2-n2048-uniform-w1,main,2,2048,uniform,1,eas_k1_adaptive,eas,1,adaptive,11,1,accept_static_degree,ok,-7,1.2765879999999994,1.21678,0.7861730051852613,0.6619306168422889,0.7824943881824408,1496,1489,4.693603,5.970191,baseline_dominates
l2-n2048-uniform-w1,main,2,2048,uniform,1,eas_k1_adaptive,eas,1,adaptive,11,2,native,ok,89,3.373372,3.566718,0.42319291889649635,0.0,0.4500958973118707,1400,1489,2.474982,5.848354,extra_commits_extra_time
l2-n2048-uniform-w1,main,2,2048,uniform,1,eas_k1_adaptive,eas,1,adaptive,11,2,accept_id,ok,27,1.6205629999999998,1.664985,0.722902717585153,0.5331884942964372,0.7362531781682737,1462,1489,4.227791,5.848354,extra_commits_extra_time
l2-n2048-uniform-w1,main,2,2048,uniform,1,eas_k1_adaptive,eas,1,adaptive,11,2,accept_static_degree,ok,-7,1.2504529999999994,1.2259579999999999,0.78618719044709,0.6562784049650127,0.7825085070674721,1496,1489,4.597901,5.848354,baseline_dominates
l2-n2048-uniform-w1,main,2,2048,uniform,1,accept_id,accept_id,,greedy,11,2,native,ok,62,1.752809,1.901733,0.5854078406430213,0.0,0.611333045015392,1400,1462,2.474982,4.227791,extra_commits_extra_time
l2-n2048-uniform-w1,main,2,2048,uniform,1,accept_id,accept_id,,greedy,11,2,accept_static_degree,ok,-34,-0.3701100000000004,-0.43902700000000006,1.0875421703674568,1.230856276880088,1.0628253028588306,1496,1462,4.597901,4.227791,tradeoff_or_tie
l2-n2048-uniform-w1,main,2,2048,uniform,1,native,native,,native,11,2,accept_id,ok,-62,-1.752809,-1.901733,1.7082108071897089,,1.6357695828054286,1462,1400,4.227791,2.474982,tradeoff_or_tie
l2-n2048-uniform-w1,main,2,2048,uniform,1,native,native,,native,11,2,accept_static_degree,ok,-96,-2.1229190000000004,-2.34076,1.8577512886962413,,1.7385373022524426,1496,1400,4.597901,2.474982,tradeoff_or_tie
l2-n2048-uniform-w1,main,2,2048,uniform,1,eas_k2_adaptive,eas,2,adaptive,11,2,native,ok,88,3.364694,3.49526,0.4238218010725252,0.0,0.4504620285695074,1400,1488,2.474982,5.839676,extra_commits_extra_time
l2-n2048-uniform-w1,main,2,2048,uniform,1,eas_k2_adaptive,eas,2,adaptive,11,2,accept_id,ok,26,1.611885,1.5935270000000001,0.7239769809146945,0.5440891378609889,0.7368520845428301,1462,1488,4.227791,5.839676,extra_commits_extra_time
l2-n2048-uniform-w1,main,2,2048,uniform,1,eas_k2_adaptive,eas,2,adaptive,11,2,accept_static_degree,ok,-8,1.2417749999999996,1.1545,0.7873554971200457,0.6696955305184735,0.7831450399163941,1496,1488,4.597901,5.839676,baseline_dominates
l2-n2048-uniform-w1,main,2,2048,uniform,1,accept_static_degree,accept_static_degree,,greedy,11,2,native,ok,96,2.1229190000000004,2.34076,0.5382851870886302,0.0,0.5751961713472605,1400,1496,2.474982,4.597901,extra_commits_extra_time
l2-n2048-uniform-w1,main,2,2048,uniform,1,accept_static_degree,accept_static_degree,,greedy,11,2,accept_id,ok,34,0.3701100000000004,0.43902700000000006,0.9195045739349325,0.8124425400297339,0.9408884012359882,1462,1496,4.227791,4.597901,extra_commits_extra_time
l2-n2048-uniform-w1,main,2,2048,uniform,1,native,native,,native,11,3,accept_id,ok,-62,-1.7729629999999998,-1.8891,1.7240416661391764,,1.6509290920618471,1462,1400,4.221666,2.448703,tradeoff_or_tie
l2-n2048-uniform-w1,main,2,2048,uniform,1,native,native,,native,11,3,accept_static_degree,ok,-96,-2.290654,-2.35967,1.9354560352970531,,1.8112556480085658,1496,1400,4.739357,2.448703,tradeoff_or_tie
l2-n2048-uniform-w1,main,2,2048,uniform,1,accept_id,accept_id,,greedy,11,3,native,ok,62,1.7729629999999998,1.8891,0.5800323853189713,0.0,0.6057195338117756,1400,1462,2.448703,4.221666,extra_commits_extra_time
l2-n2048-uniform-w1,main,2,2048,uniform,1,accept_id,accept_id,,greedy,11,3,accept_static_degree,ok,-34,-0.5176910000000001,-0.47056999999999993,1.1226271808333488,1.2490974538139854,1.0971129267256938,1496,1462,4.739357,4.221666,tradeoff_or_tie
l2-n2048-uniform-w1,main,2,2048,uniform,1,eas_k2_adaptive,eas,2,adaptive,11,3,native,ok,88,3.293426,3.477575,0.4264451390764645,0.0,0.45325026210344177,1400,1488,2.448703,5.742129,extra_commits_extra_time
l2-n2048-uniform-w1,main,2,2048,uniform,1,eas_k2_adaptive,eas,2,adaptive,11,3,accept_id,ok,26,1.5204630000000003,1.5884749999999999,0.7352091880903406,0.5432233668576523,0.7482840436912295,1462,1488,4.221666,5.742129,extra_commits_extra_time
l2-n2048-uniform-w1,main,2,2048,uniform,1,eas_k2_adaptive,eas,2,adaptive,11,3,accept_static_degree,ok,-8,1.0027720000000002,1.117905,0.8253658181486344,0.678538924394154,0.8209520971962218,1496,1488,4.739357,5.742129,baseline_dominates
l2-n2048-uniform-w1,main,2,2048,uniform,1,eas_k1_adaptive,eas,1,adaptive,11,3,native,ok,89,3.4145130000000004,3.557355,0.4176382040163623,0.0,0.444188061271891,1400,1489,2.448703,5.863216,extra_commits_extra_time
l2-n2048-uniform-w1,main,2,2048,uniform,1,eas_k1_adaptive,eas,1,adaptive,11,3,accept_id,ok,27,1.6415500000000005,1.6682549999999998,0.7200256650957426,0.5310406186618991,0.7333229927003152,1462,1489,4.221666,5.863216,extra_commits_extra_time
l2-n2048-uniform-w1,main,2,2048,uniform,1,eas_k1_adaptive,eas,1,adaptive,11,3,accept_static_degree,ok,-7,1.1238590000000004,1.1976849999999999,0.8083203825340904,0.6633214846423818,0.8045381347566875,1496,1489,4.739357,5.863216,baseline_dominates
l2-n2048-uniform-w1,main,2,2048,uniform,1,accept_static_degree,accept_static_degree,,greedy,11,3,native,ok,96,2.290654,2.35967,0.5166740973511807,0.0,0.5521031783113981,1400,1496,2.448703,4.739357,extra_commits_extra_time
l2-n2048-uniform-w1,main,2,2048,uniform,1,accept_static_degree,accept_static_degree,,greedy,11,3,accept_id,ok,34,0.5176910000000001,0.47056999999999993,0.8907676716482847,0.8005780469302911,0.9114831988940966,1462,1496,4.221666,4.739357,extra_commits_extra_time
l2-n2048-uniform-w1,main,2,2048,uniform,1,accept_id,accept_id,,greedy,29,1,native,ok,53,1.7828959999999996,1.937038,0.5839422684473328,0.0,0.6060961268786825,1397,1450,2.502317,4.285213,extra_commits_extra_time
l2-n2048-uniform-w1,main,2,2048,uniform,1,accept_id,accept_id,,greedy,29,1,accept_static_degree,ok,-37,-0.3279670000000001,-0.3713059999999999,1.076534585328664,1.1916875146486543,1.0497479144110409,1487,1450,4.61318,4.285213,tradeoff_or_tie
l2-n2048-uniform-w1,main,2,2048,uniform,1,eas_k1_adaptive,eas,1,adaptive,29,1,native,ok,87,3.324424,3.548539,0.42945396062739016,0.0,0.4561987670519979,1397,1484,2.502317,5.826741,extra_commits_extra_time
l2-n2048-uniform-w1,main,2,2048,uniform,1,eas_k1_adaptive,eas,1,adaptive,29,1,accept_id,ok,34,1.5415280000000005,1.6115009999999999,0.7354390730598802,0.5458691591102705,0.7526838513246457,1450,1484,4.285213,5.826741,extra_commits_extra_time
l2-n2048-uniform-w1,main,2,2048,uniform,1,eas_k1_adaptive,eas,1,adaptive,29,1,accept_static_degree,ok,-3,1.2135610000000003,1.240195,0.7917255975510151,0.650505461543469,0.7901283031389168,1487,1484,4.61318,5.826741,baseline_dominates
l2-n2048-uniform-w1,main,2,2048,uniform,1,eas_k2_adaptive,eas,2,adaptive,29,1,native,ok,85,3.371046,3.559856,0.42604501032883546,0.0,0.4519675771708084,1397,1482,2.502317,5.873363,extra_commits_extra_time
l2-n2048-uniform-w1,main,2,2048,uniform,1,eas_k2_adaptive,eas,2,adaptive,29,1,accept_id,ok,32,1.5881500000000006,1.6228179999999999,0.7296012522978742,0.5441338076596357,0.7457027971757277,1450,1482,4.285213,5.873363,extra_commits_extra_time
l2-n2048-uniform-w1,main,2,2048,uniform,1,eas_k2_adaptive,eas,2,adaptive,29,1,accept_static_degree,ok,-5,1.2601830000000005,1.251512,0.785440981597766,0.6484374648862201,0.7827999561056997,1487,1482,4.61318,5.873363,baseline_dominates
l2-n2048-uniform-w1,main,2,2048,uniform,1,native,native,,native,29,1,accept_id,ok,-53,-1.7828959999999996,-1.937038,1.7124980568009567,,1.6499033002402967,1450,1397,4.285213,2.502317,tradeoff_or_tie
l2-n2048-uniform-w1,main,2,2048,uniform,1,native,native,,native,29,1,accept_static_degree,ok,-90,-2.1108629999999997,-2.308344,1.8435633854543607,,1.731982548407145,1487,1397,4.61318,2.502317,tradeoff_or_tie
l2-n2048-uniform-w1,main,2,2048,uniform,1,accept_static_degree,accept_static_degree,,greedy,29,1,native,ok,90,2.1108629999999997,2.308344,0.5424277830043485,0.0,0.5773730231402571,1397,1487,2.502317,4.61318,extra_commits_extra_time
l2-n2048-uniform-w1,main,2,2048,uniform,1,accept_static_degree,accept_static_degree,,greedy,29,1,accept_id,ok,37,0.3279670000000001,0.3713059999999999,0.9289065243497977,0.8391461584581847,0.9526096563488274,1450,1487,4.285213,4.61318,extra_commits_extra_time
l2-n2048-uniform-w1,main,2,2048,uniform,1,accept_static_degree,accept_static_degree,,greedy,29,2,native,ok,90,2.2825599999999997,2.31835,0.512611551902249,0.0,0.5456359181663828,1397,1487,2.400686,4.683246,extra_commits_extra_time
l2-n2048-uniform-w1,main,2,2048,uniform,1,accept_static_degree,accept_static_degree,,greedy,29,2,accept_id,ok,37,0.45961099999999977,0.3948490000000002,0.9018605898558394,0.8296853365540147,0.9248735842167127,1450,1487,4.223635,4.683246,extra_commits_extra_time
l2-n2048-uniform-w1,main,2,2048,uniform,1,accept_id,accept_id,,greedy,29,2,native,ok,53,1.822949,1.923501,0.5683933389130453,0.0,0.589957295221583,1397,1450,2.400686,4.223635,extra_commits_extra_time
l2-n2048-uniform-w1,main,2,2048,uniform,1,accept_id,accept_id,,greedy,29,2,accept_static_degree,ok,-37,-0.45961099999999977,-0.3948490000000002,1.1088188254903655,1.205276212489622,1.0812288479910612,1487,1450,4.683246,4.223635,tradeoff_or_tie
l2-n2048-uniform-w1,main,2,2048,uniform,1,eas_k1_adaptive,eas,1,adaptive,29,2,native,ok,87,3.451462,3.568305,0.4102230497246481,0.0,0.4357702260487676,1397,1484,2.400686,5.852148,extra_commits_extra_time
l2-n2048-uniform-w1,main,2,2048,uniform,1,eas_k1_adaptive,eas,1,adaptive,29,2,accept_id,ok,34,1.6285129999999999,1.6448040000000002,0.7217238866822917,0.5390517346471223,0.7386470674713768,1450,1484,4.223635,5.852148,extra_commits_extra_time
l2-n2048-uniform-w1,main,2,2048,uniform,1,eas_k1_adaptive,eas,1,adaptive,29,2,accept_static_degree,ok,-3,1.168902,1.249955,0.8002610323594003,0.6497062330714443,0.7986465178340524,1487,1484,4.683246,5.852148,baseline_dominates
l2-n2048-uniform-w1,main,2,2048,uniform,1,native,native,,native,29,2,accept_id,ok,-53,-1.822949,-1.923501,1.7593450372101975,,1.6950379427453448,1450,1397,4.223635,2.400686,tradeoff_or_tie
l2-n2048-uniform-w1,main,2,2048,uniform,1,native,native,,native,29,2,accept_static_degree,ok,-90,-2.2825599999999997,-2.31835,1.9507948977917144,,1.8327239221356875,1487,1397,4.683246,2.400686,tradeoff_or_tie
l2-n2048-uniform-w1,main,2,2048,uniform,1,eas_k2_adaptive,eas,2,adaptive,29,2,native,ok,85,3.4600310000000003,3.546276,0.40962325940665617,0.0,0.4345466502802592,1397,1482,2.400686,5.860717,extra_commits_extra_time
l2-n2048-uniform-w1,main,2,2048,uniform,1,eas_k2_adaptive,eas,2,adaptive,29,2,accept_id,ok,32,1.6370820000000004,1.6227750000000003,0.7206686485629659,0.5424002531105869,0.7365730601179312,1450,1482,4.223635,5.860717,extra_commits_extra_time
l2-n2048-uniform-w1,main,2,2048,uniform,1,eas_k2_adaptive,eas,2,adaptive,29,2,accept_static_degree,ok,-5,1.1774710000000006,1.227926,0.7990909644673168,0.6537421227225405,0.7964040412525615,1487,1482,4.683246,5.860717,baseline_dominates
l2-n2048-uniform-w1,main,2,2048,uniform,1,accept_static_degree,accept_static_degree,,greedy,29,3,native,ok,90,2.1903559999999995,2.335217,0.5302767828460087,0.0,0.5644392098007599,1397,1487,2.472722,4.663078,extra_commits_extra_time
l2-n2048-uniform-w1,main,2,2048,uniform,1,accept_static_degree,accept_static_degree,,greedy,29,3,accept_id,ok,37,0.37524099999999994,0.4061540000000001,0.9195293323422855,0.826074407646056,0.9429931842707696,1450,1487,4.287837,4.663078,extra_commits_extra_time
l2-n2048-uniform-w1,main,2,2048,uniform,1,accept_id,accept_id,,greedy,29,3,native,ok,53,1.8151149999999996,1.929063,0.5766828356581652,0.0,0.5985612825369985,1397,1450,2.472722,4.287837,extra_commits_extra_time
l2-n2048-uniform-w1,main,2,2048,uniform,1,accept_id,accept_id,,greedy,29,3,accept_static_degree,ok,-37,-0.37524099999999994,-0.4061540000000001,1.087512888199808,1.2105447048644862,1.0604530517082311,1487,1450,4.663078,4.287837,tradeoff_or_tie
l2-n2048-uniform-w1,main,2,2048,uniform,1,eas_k1_adaptive,eas,1,adaptive,29,3,native,ok,87,3.4861050000000002,3.594878,0.41496791230891583,0.0,0.4408105811489332,1397,1484,2.472722,5.958827,extra_commits_extra_time
l2-n2048-uniform-w1,main,2,2048,uniform,1,eas_k1_adaptive,eas,1,adaptive,29,3,accept_id,ok,34,1.6709900000000006,1.665815,0.7195773597723175,0.5366143162577423,0.7364502082068525,1450,1484,4.287837,5.958827,extra_commits_extra_time
l2-n2048-uniform-w1,main,2,2048,uniform,1,eas_k1_adaptive,eas,1,adaptive,29,3,accept_static_degree,ok,-3,1.2957490000000007,1.259661,0.7825496528091853,0.6495956191002866,0.780970870724119,1487,1484,4.663078,5.958827,baseline_dominates
l2-n2048-uniform-w1,main,2,2048,uniform,1,eas_k2_adaptive,eas,2,adaptive,29,3,native,ok,85,3.512252,3.615286,0.4131550111997145,0.0,0.4382932903350104,1397,1482,2.472722,5.984974,extra_commits_extra_time
l2-n2048-uniform-w1,main,2,2048,uniform,1,eas_k2_adaptive,eas,2,adaptive,29,3,accept_id,ok,32,1.6971370000000006,1.6862230000000002,0.7164336887679044,0.5335851714082924,0.7322446391408861,1450,1482,4.287837,5.984974,extra_commits_extra_time
l2-n2048-uniform-w1,main,2,2048,uniform,1,eas_k2_adaptive,eas,2,adaptive,29,3,accept_static_degree,ok,-5,1.3218960000000006,1.2800690000000001,0.779130870075626,0.6459287038425175,0.7765110621739452,1487,1482,4.663078,5.984974,baseline_dominates
l2-n2048-uniform-w1,main,2,2048,uniform,1,native,native,,native,29,3,accept_id,ok,-53,-1.8151149999999996,-1.929063,1.7340554255593632,,1.6706727100047398,1450,1397,4.287837,2.472722,tradeoff_or_tie
l2-n2048-uniform-w1,main,2,2048,uniform,1,native,native,,native,29,3,accept_static_degree,ok,-90,-2.1903559999999995,-2.335217,1.8858076241486101,,1.771669973730187,1487,1397,4.663078,2.472722,tradeoff_or_tie
l2-n2048-uniform-w1,main,2,2048,uniform,1,accept_static_degree,accept_static_degree,,greedy,47,1,native,ok,87,2.1610590000000003,2.334751,0.5402152780525914,0.0,0.5734299276577274,1415,1502,2.539095,4.700154,extra_commits_extra_time
l2-n2048-uniform-w1,main,2,2048,uniform,1,accept_static_degree,accept_static_degree,,greedy,47,1,accept_id,ok,37,0.5013950000000005,0.43453399999999975,0.8933237081167977,0.813884221486574,0.9158854672986899,1465,1502,4.198759,4.700154,extra_commits_extra_time
l2-n2048-uniform-w1,main,2,2048,uniform,1,eas_k2_adaptive,eas,2,adaptive,47,1,native,ok,83,3.2826029999999995,3.519118,0.4361433726036631,0.0,0.46172634074940766,1415,1498,2.539095,5.821698,extra_commits_extra_time
l2-n2048-uniform-w1,main,2,2048,uniform,1,eas_k2_adaptive,eas,2,adaptive,47,1,accept_id,ok,33,1.6229389999999997,1.6189010000000001,0.7212258347994005,0.5399696742195061,0.7374718774946847,1465,1498,4.198759,5.821698,extra_commits_extra_time
l2-n2048-uniform-w1,main,2,2048,uniform,1,eas_k2_adaptive,eas,2,adaptive,47,1,accept_static_degree,ok,-4,1.1215439999999992,1.1843670000000004,0.8073510511881586,0.6634477729931192,0.8052009818102935,1502,1498,4.700154,5.821698,baseline_dominates
l2-n2048-uniform-w1,main,2,2048,uniform,1,native,native,,native,47,1,accept_id,ok,-50,-1.6596639999999998,-1.900217,1.6536439164347927,,1.5972055575121111,1465,1415,4.198759,2.539095,tradeoff_or_tie
l2-n2048-uniform-w1,main,2,2048,uniform,1,native,native,,native,47,1,accept_static_degree,ok,-87,-2.1610590000000003,-2.334751,1.851113881126937,,1.7438922382106408,1502,1415,4.700154,2.539095,tradeoff_or_tie
l2-n2048-uniform-w1,main,2,2048,uniform,1,accept_id,accept_id,,greedy,47,1,native,ok,50,1.6596639999999998,1.900217,0.6047251104433478,0.0,0.6260934889042404,1415,1465,2.539095,4.198759,extra_commits_extra_time
l2-n2048-uniform-w1,main,2,2048,uniform,1,accept_id,accept_id,,greedy,47,1,accept_static_degree,ok,-37,-0.5013950000000005,-0.43453399999999975,1.119415046207701,1.2286759880582059,1.0918395756943249,1502,1465,4.700154,4.198759,tradeoff_or_tie
l2-n2048-uniform-w1,main,2,2048,uniform,1,eas_k1_adaptive,eas,1,adaptive,47,1,native,ok,83,3.407008,3.546286,0.4270183345293548,0.0,0.45206605309257125,1415,1498,2.539095,5.946103,extra_commits_extra_time
l2-n2048-uniform-w1,main,2,2048,uniform,1,eas_k1_adaptive,eas,1,adaptive,47,1,accept_id,ok,33,1.747344,1.6460689999999998,0.7061362711005847,0.5358329813218675,0.7220424123620199,1465,1498,4.198759,5.946103,extra_commits_extra_time
l2-n2048-uniform-w1,main,2,2048,uniform,1,eas_k1_adaptive,eas,1,adaptive,47,1,accept_static_degree,ok,-4,1.2459489999999995,1.211535,0.7904595665429947,0.6583651177598197,0.7883544811466545,1502,1498,4.700154,5.946103,baseline_dominates
l2-n2048-uniform-w1,main,2,2048,uniform,1,eas_k1_adaptive,eas,1,adaptive,47,2,native,ok,83,3.359697,3.504898,0.41290468014835974,0.0,0.43712453064533496,1415,1498,2.362878,5.722575,extra_commits_extra_time
l2-n2048-uniform-w1,main,2,2048,uniform,1,eas_k1_adaptive,eas,1,adaptive,47,2,accept_id,ok,33,1.6810590000000003,1.6595199999999999,0.7062408094258266,0.5265140383543259,0.7221493054751575,1465,1498,4.041516,5.722575,extra_commits_extra_time
l2-n2048-uniform-w1,main,2,2048,uniform,1,eas_k1_adaptive,eas,1,adaptive,47,2,accept_static_degree,ok,-4,0.9698060000000002,1.1195329999999997,0.830529787726679,0.6805804334391472,0.828317990689617,1502,1498,4.752769,5.722575,baseline_dominates
l2-n2048-uniform-w1,main,2,2048,uniform,1,accept_static_degree,accept_static_degree,,greedy,47,2,native,ok,87,2.389891,2.385365,0.49715818294556285,0.0,0.5277255058548306,1415,1502,2.362878,4.752769,extra_commits_extra_time
l2-n2048-uniform-w1,main,2,2048,uniform,1,accept_static_degree,accept_static_degree,,greedy,47,2,accept_id,ok,37,0.7112530000000001,0.5399870000000002,0.8503497645267422,0.7736250007860431,0.8718261749620231,1465,1502,4.041516,4.752769,extra_commits_extra_time
l2-n2048-uniform-w1,main,2,2048,uniform,1,eas_k2_adaptive,eas,2,adaptive,47,2,native,ok,83,3.2474140000000005,3.434312,0.4211684525511328,0.0,0.44587303316119953,1415,1498,2.362878,5.610292,extra_commits_extra_time
l2-n2048-uniform-w1,main,2,2048,uniform,1,eas_k2_adaptive,eas,2,adaptive,47,2,accept_id,ok,33,1.5687760000000006,1.5889339999999998,0.7203753387524213,0.5373355711420512,0.7366022235176483,1465,1498,4.041516,5.610292,extra_commits_extra_time
l2-n2048-uniform-w1,main,2,2048,uniform,1,eas_k2_adaptive,eas,2,adaptive,47,2,accept_static_degree,ok,-4,0.8575230000000005,1.0489469999999996,0.8471518060022544,0.6945685191095045,0.8448957426057262,1502,1498,4.752769,5.610292,baseline_dominates
l2-n2048-uniform-w1,main,2,2048,uniform,1,accept_id,accept_id,,greedy,47,2,native,ok,50,1.6786379999999999,1.845378,0.5846514030873563,0.0,0.6053104632673117,1415,1465,2.362878,4.041516,extra_commits_extra_time
l2-n2048-uniform-w1,main,2,2048,uniform,1,accept_id,accept_id,,greedy,47,2,accept_static_degree,ok,-37,-0.7112530000000001,-0.5399870000000002,1.17598668420464,1.2926159301779907,1.1470176380556136,1502,1465,4.752769,4.041516,tradeoff_or_tie
l2-n2048-uniform-w1,main,2,2048,uniform,1,native,native,,native,47,2,accept_id,ok,-50,-1.6786379999999999,-1.845378,1.7104209358248712,,1.6520447946699197,1465,1415,4.041516,2.362878,tradeoff_or_tie
l2-n2048-uniform-w1,main,2,2048,uniform,1,native,native,,native,47,2,accept_static_degree,ok,-87,-2.389891,-2.385365,2.0114322449148876,,1.8949245183443628,1502,1415,4.752769,2.362878,tradeoff_or_tie
l2-n2048-uniform-w1,main,2,2048,uniform,1,native,native,,native,47,3,accept_id,ok,-50,-1.5762330000000002,-1.851572,1.6349884099517304,,1.579186757734056,1465,1415,4.058535,2.482302,tradeoff_or_tie
l2-n2048-uniform-w1,main,2,2048,uniform,1,native,native,,native,47,3,accept_static_degree,ok,-87,-1.9783870000000006,-2.273387,1.7969969004577206,,1.6929098629477428,1502,1415,4.460689,2.482302,tradeoff_or_tie
l2-n2048-uniform-w1,main,2,2048,uniform,1,eas_k2_adaptive,eas,2,adaptive,47,3,native,ok,83,3.2112800000000004,3.40599,0.4359824799221298,0.0,0.46155601054698875,1415,1498,2.482302,5.693582,extra_commits_extra_time
l2-n2048-uniform-w1,main,2,2048,uniform,1,eas_k2_adaptive,eas,2,adaptive,47,3,accept_id,ok,33,1.6350470000000001,1.554418,0.7128263016146953,0.5436222654793467,0.7288831398083649,1465,1498,4.058535,5.693582,extra_commits_extra_time
l2-n2048-uniform-w1,main,2,2048,uniform,1,eas_k2_adaptive,eas,2,adaptive,47,3,accept_static_degree,ok,-4,1.2328929999999998,1.132603,0.7834591650739376,0.6674673149363327,0.7813727225578098,1502,1498,4.460689,5.693582,baseline_dominates
l2-n2048-uniform-w1,main,2,2048,uniform,1,accept_id,accept_id,,greedy,47,3,native,ok,50,1.5762330000000002,1.851572,0.6116251307429897,0.0,0.6332373261759618,1415,1465,2.482302,4.058535,extra_commits_extra_time
l2-n2048-uniform-w1,main,2,2048,uniform,1,accept_id,accept_id,,greedy,47,3,accept_static_degree,ok,-37,-0.40215400000000034,-0.42181500000000005,1.0990884641872007,1.2278145273313703,1.0720137150699427,1502,1465,4.460689,4.058535,tradeoff_or_tie
l2-n2048-uniform-w1,main,2,2048,uniform,1,accept_static_degree,accept_static_degree,,greedy,47,3,native,ok,87,1.9783870000000006,2.273387,0.5564839871149949,0.0,0.5906989036372979,1415,1502,2.482302,4.460689,extra_commits_extra_time
l2-n2048-uniform-w1,main,2,2048,uniform,1,accept_static_degree,accept_static_degree,,greedy,47,3,accept_id,ok,37,0.40215400000000034,0.42181500000000005,0.9098448692567448,0.8144552599271483,0.9328238864320461,1465,1502,4.058535,4.460689,extra_commits_extra_time
l2-n2048-uniform-w1,main,2,2048,uniform,1,eas_k1_adaptive,eas,1,adaptive,47,3,native,ok,83,3.2719520000000006,3.526638,0.43138554537217155,0.0,0.4566894324863106,1415,1498,2.482302,5.754254,extra_commits_extra_time
l2-n2048-uniform-w1,main,2,2048,uniform,1,eas_k1_adaptive,eas,1,adaptive,47,3,accept_id,ok,33,1.6957190000000004,1.6750660000000002,0.7053103669042068,0.5250246835654807,0.721197904179463,1465,1498,4.058535,5.754254,extra_commits_extra_time
l2-n2048-uniform-w1,main,2,2048,uniform,1,eas_k1_adaptive,eas,1,adaptive,47,3,accept_static_degree,ok,-4,1.293565,1.2532510000000001,0.7751984879360556,0.644632933689253,0.7731340445600826,1502,1498,4.460689,5.754254,baseline_dominates
l2-n2048-uniform-w1,main,2,2048,uniform,1,accept_id,accept_id,,greedy,71,1,native,ok,52,1.786496,1.872825,0.5644783186997071,0.0,0.5858569585921627,1373,1425,2.315472,4.101968,extra_commits_extra_time
l2-n2048-uniform-w1,main,2,2048,uniform,1,accept_id,accept_id,,greedy,71,1,accept_static_degree,ok,-35,-0.4175849999999999,-0.4405910000000002,1.1018011354549815,1.235254762190808,1.0753880945367102,1460,1425,4.519553,4.101968,tradeoff_or_tie
l2-n2048-uniform-w1,main,2,2048,uniform,1,eas_k2_adaptive,eas,2,adaptive,71,1,native,ok,77,3.4384139999999994,3.530078,0.40241881747396463,0.0,0.42498709784231575,1373,1450,2.315472,5.753886,extra_commits_extra_time
l2-n2048-uniform-w1,main,2,2048,uniform,1,eas_k2_adaptive,eas,2,adaptive,71,1,accept_id,ok,25,1.6519179999999993,1.657253,0.7129039400502548,0.5305336029402183,0.7254110267181539,1425,1450,4.101968,5.753886,extra_commits_extra_time
l2-n2048-uniform-w1,main,2,2048,uniform,1,eas_k2_adaptive,eas,2,adaptive,71,1,accept_static_degree,ok,-10,1.2343329999999995,1.216662,0.7854783706177009,0.6553441595341519,0.7800983817783541,1460,1450,4.519553,5.753886,baseline_dominates
l2-n2048-uniform-w1,main,2,2048,uniform,1,native,native,,native,71,1,accept_id,ok,-52,-1.786496,-1.872825,1.7715472266561634,,1.7069012927712581,1425,1373,4.101968,2.315472,tradeoff_or_tie
l2-n2048-uniform-w1,main,2,2048,uniform,1,native,native,,native,71,1,accept_static_degree,ok,-87,-2.204081,-2.313416,1.9518927458418844,,1.8355813287955305,1460,1373,4.519553,2.315472,tradeoff_or_tie
l2-n2048-uniform-w1,main,2,2048,uniform,1,accept_static_degree,accept_static_degree,,greedy,71,1,native,ok,87,2.204081,2.313416,0.5123232319656391,0.0,0.5447865394535141,1373,1460,2.315472,4.519553,extra_commits_extra_time
l2-n2048-uniform-w1,main,2,2048,uniform,1,accept_static_degree,accept_static_degree,,greedy,71,1,accept_id,ok,35,0.4175849999999999,0.4405910000000002,0.9076048007402502,0.8095496011093551,0.9298968484775831,1425,1460,4.101968,4.519553,extra_commits_extra_time
l2-n2048-uniform-w1,main,2,2048,uniform,1,eas_k1_adaptive,eas,1,adaptive,71,1,native,ok,80,3.4594539999999996,3.565289,0.400952670216034,0.0,0.4243148068644922,1373,1453,2.315472,5.774926,extra_commits_extra_time
l2-n2048-uniform-w1,main,2,2048,uniform,1,eas_k1_adaptive,eas,1,adaptive,71,1,accept_id,ok,28,1.6729579999999995,1.692464,0.7103065909415983,0.5252940224481101,0.7242634923789885,1425,1453,4.101968,5.774926,extra_commits_extra_time
l2-n2048-uniform-w1,main,2,2048,uniform,1,eas_k1_adaptive,eas,1,adaptive,71,1,accept_static_degree,ok,-7,1.2553729999999996,1.2518729999999998,0.7826166084206101,0.6488719427793932,0.7788643370119435,1460,1453,4.519553,5.774926,baseline_dominates
l2-n2048-uniform-w1,main,2,2048,uniform,1,eas_k1_adaptive,eas,1,adaptive,71,2,native,ok,80,3.398275,3.545553,0.40480725494904407,0.0,0.42839398502608733,1373,1453,2.311262,5.709537,extra_commits_extra_time
l2-n2048-uniform-w1,main,2,2048,uniform,1,eas_k1_adaptive,eas,1,adaptive,71,2,accept_id,ok,28,1.630509,1.680097,0.7144236038754106,0.5261396459170121,0.728461401004284,1425,1453,4.079028,5.709537,extra_commits_extra_time
l2-n2048-uniform-w1,main,2,2048,uniform,1,eas_k1_adaptive,eas,1,adaptive,71,2,accept_static_degree,ok,-7,1.1544680000000005,1.222436,0.7978000668005129,0.6552199332515971,0.7939749979880475,1460,1453,4.555069,5.709537,baseline_dominates
l2-n2048-uniform-w1,main,2,2048,uniform,1,native,native,,native,71,2,accept_id,ok,-52,-1.767766,-1.865456,1.7648488141976115,,1.7004473136099796,1425,1373,4.079028,2.311262,tradeoff_or_tie
l2-n2048-uniform-w1,main,2,2048,uniform,1,native,native,,native,71,2,accept_static_degree,ok,-87,-2.2438069999999994,-2.323117,1.9708146458514868,,1.853375690930156,1460,1373,4.555069,2.311262,tradeoff_or_tie
l2-n2048-uniform-w1,main,2,2048,uniform,1,accept_id,accept_id,,greedy,71,2,native,ok,52,1.767766,1.865456,0.5666207733803249,0.0,0.5880805550376278,1373,1425,2.311262,4.079028,extra_commits_extra_time
l2-n2048-uniform-w1,main,2,2048,uniform,1,accept_id,accept_id,,greedy,71,2,accept_static_degree,ok,-35,-0.4760409999999995,-0.4576609999999999,1.1167045188216407,1.2453346527605047,1.089934205015453,1460,1425,4.555069,4.079028,tradeoff_or_tie
l2-n2048-uniform-w1,main,2,2048,uniform,1,accept_static_degree,accept_static_degree,,greedy,71,2,native,ok,87,2.2438069999999994,2.323117,0.5074043883857743,0.0,0.5395560138690114,1373,1460,2.311262,4.555069,extra_commits_extra_time
l2-n2048-uniform-w1,main,2,2048,uniform,1,accept_static_degree,accept_static_degree,,greedy,71,2,accept_id,ok,35,0.4760409999999995,0.4576609999999999,0.895492033161298,0.8029970078993008,0.9174865743256695,1425,1460,4.079028,4.555069,extra_commits_extra_time
l2-n2048-uniform-w1,main,2,2048,uniform,1,eas_k2_adaptive,eas,2,adaptive,71,2,native,ok,77,3.413804,3.514087,0.40370923234771444,0.0,0.4263498812114905,1373,1450,2.311262,5.725066,extra_commits_extra_time
l2-n2048-uniform-w1,main,2,2048,uniform,1,eas_k2_adaptive,eas,2,adaptive,71,2,accept_id,ok,25,1.646038,1.648631,0.7124857599894918,0.530850829817247,0.7249855101640129,1425,1450,4.079028,5.725066,extra_commits_extra_time
l2-n2048-uniform-w1,main,2,2048,uniform,1,eas_k2_adaptive,eas,2,adaptive,71,2,accept_static_degree,ok,-10,1.1699970000000004,1.19097,0.7956360677763364,0.661086933818087,0.7901865056683361,1460,1450,4.555069,5.725066,baseline_dominates
l2-n2048-uniform-w1,main,2,2048,uniform,1,eas_k2_adaptive,eas,2,adaptive,71,3,native,ok,77,3.3536639999999998,3.513908,0.41062582554041926,0.0,0.4336543678316366,1373,1450,2.336548,5.690212,extra_commits_extra_time
l2-n2048-uniform-w1,main,2,2048,uniform,1,eas_k2_adaptive,eas,2,adaptive,71,3,accept_id,ok,25,1.5906630000000002,1.6562719999999997,0.7204562852842741,0.5286524291472628,0.7330958692354191,1425,1450,4.099549,5.690212,extra_commits_extra_time
l2-n2048-uniform-w1,main,2,2048,uniform,1,eas_k2_adaptive,eas,2,adaptive,71,3,accept_static_degree,ok,-10,1.1743629999999996,1.1917549999999997,0.7936170040764738,0.6608462714447846,0.7881812711711126,1460,1450,4.515849,5.690212,baseline_dominates
l2-n2048-uniform-w1,main,2,2048,uniform,1,eas_k1_adaptive,eas,1,adaptive,71,3,native,ok,80,3.3881729999999997,3.58902,0.4081505456772479,0.0,0.4319320778368958,1373,1453,2.336548,5.724721,extra_commits_extra_time
l2-n2048-uniform-w1,main,2,2048,uniform,1,eas_k1_adaptive,eas,1,adaptive,71,3,accept_id,ok,28,1.625172,1.731384,0.7161133267455304,0.5175886453683736,0.7301843254474868,1425,1453,4.099549,5.724721,extra_commits_extra_time
l2-n2048-uniform-w1,main,2,2048,uniform,1,eas_k1_adaptive,eas,1,adaptive,71,3,accept_static_degree,ok,-7,1.2088719999999995,1.266867,0.7888330278453746,0.6470158984903958,0.7850509516861095,1460,1453,4.515849,5.724721,baseline_dominates
l2-n2048-uniform-w1,main,2,2048,uniform,1,native,native,,native,71,3,accept_id,ok,-52,-1.7630009999999996,-1.857636,1.7545323271766724,,1.6905072878685699,1425,1373,4.099549,2.336548,tradeoff_or_tie
l2-n2048-uniform-w1,main,2,2048,uniform,1,native,native,,native,71,3,accept_static_degree,ok,-87,-2.179301,-2.322153,1.9327011471623952,,1.8175333390787354,1460,1373,4.515849,2.336548,tradeoff_or_tie
l2-n2048-uniform-w1,main,2,2048,uniform,1,accept_static_degree,accept_static_degree,,greedy,71,3,native,ok,87,2.179301,2.322153,0.5174105688653451,0.0,0.5501962349185168,1373,1460,2.336548,4.515849,extra_commits_extra_time
l2-n2048-uniform-w1,main,2,2048,uniform,1,accept_static_degree,accept_static_degree,,greedy,71,3,accept_id,ok,35,0.41630000000000056,0.46451700000000007,0.9078135694971199,0.7999627931492886,0.9301107448876001,1425,1460,4.099549,4.515849,extra_commits_extra_time
l2-n2048-uniform-w1,main,2,2048,uniform,1,accept_id,accept_id,,greedy,71,3,native,ok,52,1.7630009999999996,1.857636,0.5699524508671564,0.0,0.5915384140466042,1373,1425,2.336548,4.099549,extra_commits_extra_time
l2-n2048-uniform-w1,main,2,2048,uniform,1,accept_id,accept_id,,greedy,71,3,accept_static_degree,ok,-35,-0.41630000000000056,-0.46451700000000007,1.101547755618972,1.2500581384081704,1.075140788875464,1460,1425,4.515849,4.099549,tradeoff_or_tie
l2-n2048-uniform-w1,main,2,2048,uniform,1,native,native,,native,101,1,accept_id,ok,-46,-1.6989420000000002,-1.861943,1.7217056453411441,,1.6679388702663933,1473,1427,4.053007,2.354065,tradeoff_or_tie
l2-n2048-uniform-w1,main,2,2048,uniform,1,native,native,,native,101,1,accept_static_degree,ok,-83,-2.117436,-2.281662,1.8994806855375703,,1.7950721445473496,1510,1427,4.471501,2.354065,tradeoff_or_tie
l2-n2048-uniform-w1,main,2,2048,uniform,1,eas_k1_adaptive,eas,1,adaptive,101,1,native,ok,79,3.2728190000000006,3.448396,0.41836032162738734,0.0,0.4415211242961472,1427,1506,2.354065,5.626884,extra_commits_extra_time
l2-n2048-uniform-w1,main,2,2048,uniform,1,eas_k1_adaptive,eas,1,adaptive,101,1,accept_id,ok,33,1.5738770000000004,1.586453,0.7202933275326094,0.5399446583281039,0.7364302452572636,1473,1506,4.053007,5.626884,extra_commits_extra_time
l2-n2048-uniform-w1,main,2,2048,uniform,1,eas_k1_adaptive,eas,1,adaptive,101,1,accept_static_degree,ok,-4,1.1553830000000005,1.166734,0.794667350526508,0.6616589278029553,0.7925622714532419,1510,1506,4.471501,5.626884,baseline_dominates
l2-n2048-uniform-w1,main,2,2048,uniform,1,accept_id,accept_id,,greedy,101,1,native,ok,46,1.6989420000000002,1.861943,0.5808193768231833,0.0,0.5995423560338791,1427,1473,2.354065,4.053007,extra_commits_extra_time
l2-n2048-uniform-w1,main,2,2048,uniform,1,accept_id,accept_id,,greedy,101,1,accept_static_degree,ok,-37,-0.4184939999999999,-0.41971899999999995,1.1032551880616046,1.225419897386762,1.0762217827927059,1510,1473,4.471501,4.053007,tradeoff_or_tie
l2-n2048-uniform-w1,main,2,2048,uniform,1,eas_k2_adaptive,eas,2,adaptive,101,1,native,ok,77,3.20555,3.391942,0.42342230532150155,0.0,0.4462698999321619,1427,1504,2.354065,5.559615,extra_commits_extra_time
l2-n2048-uniform-w1,main,2,2048,uniform,1,eas_k2_adaptive,eas,2,adaptive,101,1,accept_id,ok,31,1.506608,1.5299989999999999,0.7290085734353907,0.548931261206707,0.7443509127267465,1473,1504,4.053007,5.559615,extra_commits_extra_time
l2-n2048-uniform-w1,main,2,2048,uniform,1,eas_k2_adaptive,eas,2,adaptive,101,1,accept_static_degree,ok,-6,1.088114,1.11028,0.8042824907839842,0.6726712897803088,0.801086666318157,1510,1504,4.471501,5.559615,baseline_dominates
l2-n2048-uniform-w1,main,2,2048,uniform,1,accept_static_degree,accept_static_degree,,greedy,101,1,native,ok,83,2.117436,2.281662,0.5264596832249394,0.0,0.5570806739091607,1427,1510,2.354065,4.471501,extra_commits_extra_time
l2-n2048-uniform-w1,main,2,2048,uniform,1,accept_static_degree,accept_static_degree,,greedy,101,1,accept_id,ok,37,0.4184939999999999,0.41971899999999995,0.9064086086528886,0.816046811490922,0.9291765098872866,1473,1510,4.053007,4.471501,extra_commits_extra_time
l2-n2048-uniform-w1,main,2,2048,uniform,1,eas_k2_adaptive,eas,2,adaptive,101,2,native,ok,77,3.2388799999999995,3.421744,0.41831650716921387,0.0,0.4408885962031153,1427,1504,2.329234,5.568114,extra_commits_extra_time
l2-n2048-uniform-w1,main,2,2048,uniform,1,eas_k2_adaptive,eas,2,adaptive,101,2,accept_id,ok,31,1.4732879999999993,1.551486,0.735406279397297,0.546580340317686,0.7508832615156903,1473,1504,4.094826,5.568114,extra_commits_extra_time
l2-n2048-uniform-w1,main,2,2048,uniform,1,eas_k2_adaptive,eas,2,adaptive,101,2,accept_static_degree,ok,-6,1.0998389999999993,1.139039,0.8024754881096186,0.6671174114720447,0.7992868437839349,1510,1504,4.468275,5.568114,baseline_dominates
l2-n2048-uniform-w1,main,2,2048,uniform,1,accept_static_degree,accept_static_degree,,greedy,101,2,native,ok,83,2.139041,2.282705,0.5212825978705429,0.0,0.5516024686655513,1427,1510,2.329234,4.468275,extra_commits_extra_time
l2-n2048-uniform-w1,main,2,2048,uniform,1,accept_static_degree,accept_static_degree,,greedy,101,2,accept_id,ok,37,0.3734489999999999,0.412447,0.916422109203216,0.8193165564538563,0.9394415376098332,1473,1510,4.094826,4.468275,extra_commits_extra_time
l2-n2048-uniform-w1,main,2,2048,uniform,1,native,native,,native,101,2,accept_id,ok,-46,-1.7655920000000003,-1.870258,1.7580140080386943,,1.7031133669190253,1473,1427,4.094826,2.329234,tradeoff_or_tie
l2-n2048-uniform-w1,main,2,2048,uniform,1,native,native,,native,101,2,accept_static_degree,ok,-83,-2.139041,-2.282705,1.918345258569985,,1.8128997907119992,1510,1427,4.468275,2.329234,tradeoff_or_tie
l2-n2048-uniform-w1,main,2,2048,uniform,1,eas_k1_adaptive,eas,1,adaptive,101,2,native,ok,79,3.285079,3.463142,0.4148742686772184,0.0,0.43784208032857347,1427,1506,2.329234,5.614313,extra_commits_extra_time
l2-n2048-uniform-w1,main,2,2048,uniform,1,eas_k1_adaptive,eas,1,adaptive,101,2,accept_id,ok,33,1.5194869999999998,1.592884,0.7293547759093588,0.5400465819767136,0.7456946996072271,1473,1506,4.094826,5.614313,extra_commits_extra_time
l2-n2048-uniform-w1,main,2,2048,uniform,1,eas_k1_adaptive,eas,1,adaptive,101,2,accept_static_degree,ok,-4,1.146038,1.180437,0.7958720862196319,0.6591427668862553,0.7937638157925772,1510,1506,4.468275,5.614313,baseline_dominates
l2-n2048-uniform-w1,main,2,2048,uniform,1,accept_id,accept_id,,greedy,101,2,native,ok,46,1.7655920000000003,1.870258,0.5688236813969628,0.0,0.5871599738595352,1427,1473,2.329234,4.094826,extra_commits_extra_time
l2-n2048-uniform-w1,main,2,2048,uniform,1,accept_id,accept_id,,greedy,101,2,accept_static_degree,ok,-37,-0.3734489999999999,-0.412447,1.0912002121701874,1.2205294670574862,1.0644621937244143,1510,1473,4.468275,4.094826,tradeoff_or_tie
l2-n2048-uniform-w1,main,2,2048,uniform,1,accept_id,accept_id,,greedy,101,3,native,ok,46,1.6610140000000002,1.877591,0.5947568171038994,0.0,0.6139290760994309,1427,1473,2.437794,4.098808,extra_commits_extra_time
l2-n2048-uniform-w1,main,2,2048,uniform,1,accept_id,accept_id,,greedy,101,3,accept_static_degree,ok,-37,-0.4280660000000003,-0.4070790000000002,1.1044367045248278,1.2168091985954343,1.0773743481902855,1510,1473,4.526874,4.098808,tradeoff_or_tie
l2-n2048-uniform-w1,main,2,2048,uniform,1,eas_k1_adaptive,eas,1,adaptive,101,3,native,ok,79,3.249305,3.466965,0.42865334329506133,0.0,0.4523839768766469,1427,1506,2.437794,5.687099,extra_commits_extra_time
l2-n2048-uniform-w1,main,2,2048,uniform,1,eas_k1_adaptive,eas,1,adaptive,101,3,accept_id,ok,33,1.588291,1.589374,0.7207203532064415,0.5415661825256384,0.7368668376986588,1473,1506,4.098808,5.687099,extra_commits_extra_time
l2-n2048-uniform-w1,main,2,2048,uniform,1,eas_k1_adaptive,eas,1,adaptive,101,3,accept_static_degree,ok,-4,1.1602249999999996,1.1822949999999999,0.7959900117792921,0.6589827125454109,0.7938814289686295,1510,1506,4.526874,5.687099,baseline_dominates
l2-n2048-uniform-w1,main,2,2048,uniform,1,eas_k2_adaptive,eas,2,adaptive,101,3,native,ok,77,3.295428,3.487012,0.42520488479253027,0.0,0.44814866624232214,1427,1504,2.437794,5.733222,extra_commits_extra_time
l2-n2048-uniform-w1,main,2,2048,uniform,1,eas_k2_adaptive,eas,2,adaptive,101,3,accept_id,ok,31,1.6344139999999996,1.609421,0.7149222548856472,0.5384526924484344,0.729968140765727,1473,1504,4.098808,5.733222,extra_commits_extra_time
l2-n2048-uniform-w1,main,2,2048,uniform,1,eas_k2_adaptive,eas,2,adaptive,101,3,accept_static_degree,ok,-6,1.2063479999999993,1.2023419999999998,0.7895863791773632,0.6551941891797333,0.7864489498571497,1510,1504,4.526874,5.733222,baseline_dominates
l2-n2048-uniform-w1,main,2,2048,uniform,1,native,native,,native,101,3,accept_id,ok,-46,-1.6610140000000002,-1.877591,1.6813594585924818,,1.6288526459008137,1473,1427,4.098808,2.437794,tradeoff_or_tie
l2-n2048-uniform-w1,main,2,2048,uniform,1,native,native,,native,101,3,accept_static_degree,ok,-83,-2.0890800000000005,-2.28467,1.8569550995695292,,1.754884057675411,1510,1427,4.526874,2.437794,tradeoff_or_tie
l2-n2048-uniform-w1,main,2,2048,uniform,1,accept_static_degree,accept_static_degree,,greedy,101,3,native,ok,83,2.0890800000000005,2.28467,0.5385159825521982,0.0,0.5698382155939348,1427,1510,2.437794,4.526874,extra_commits_extra_time
l2-n2048-uniform-w1,main,2,2048,uniform,1,accept_static_degree,accept_static_degree,,greedy,101,3,accept_id,ok,37,0.4280660000000003,0.4070790000000002,0.9054389408673623,0.8218215322125295,0.928182485205579,1473,1510,4.098808,4.526874,extra_commits_extra_time
l2-n2048-zipf-w1,main,2,2048,zipf,1,native,native,,native,11,1,accept_id,ok,-109,-1.661006,-1.722843,1.9495706081231727,,1.4274497327306304,407,298,3.410224,1.749218,tradeoff_or_tie
l2-n2048-zipf-w1,main,2,2048,zipf,1,native,native,,native,11,1,accept_static_degree,ok,-136,-2.1264410000000002,-2.154045,2.215652365800032,,1.5213465553216252,434,298,3.875659,1.749218,tradeoff_or_tie
l2-n2048-zipf-w1,main,2,2048,zipf,1,accept_id,accept_id,,greedy,11,1,native,ok,109,1.661006,1.722843,0.5129334612623687,0.0,0.70055006286425,298,407,1.749218,3.410224,extra_commits_extra_time
l2-n2048-zipf-w1,main,2,2048,zipf,1,accept_id,accept_id,,greedy,11,1,accept_static_degree,ok,-27,-0.46543500000000027,-0.4312020000000001,1.1364822369439662,1.250285139156615,1.0657794249688748,434,407,3.875659,3.410224,tradeoff_or_tie
l2-n2048-zipf-w1,main,2,2048,zipf,1,eas_k1_adaptive,eas,1,adaptive,11,1,native,ok,135,9.103805000000001,9.192633,0.1611733431321393,0.0,0.23418811267096973,298,433,1.749218,10.853023,extra_commits_extra_time
l2-n2048-zipf-w1,main,2,2048,zipf,1,eas_k1_adaptive,eas,1,adaptive,11,1,accept_id,ok,26,7.442799000000001,7.469790000000001,0.3142188125833696,0.18741561857195863,0.3342917588408665,407,433,3.410224,10.853023,extra_commits_extra_time
l2-n2048-zipf-w1,main,2,2048,zipf,1,eas_k1_adaptive,eas,1,adaptive,11,1,accept_static_degree,ok,-1,6.977364,7.038588000000001,0.35710409901462475,0.23432296274636438,0.35628127850925245,434,433,3.875659,10.853023,baseline_dominates
l2-n2048-zipf-w1,main,2,2048,zipf,1,eas_k2_adaptive,eas,2,adaptive,11,1,native,ok,132,7.878659,7.935523,0.18168262847562344,0.0,0.26215949746390466,298,430,1.749218,9.627877,extra_commits_extra_time
l2-n2048-zipf-w1,main,2,2048,zipf,1,eas_k2_adaptive,eas,2,adaptive,11,1,accept_id,ok,23,6.217653,6.21268,0.35420311248263764,0.21710516118471335,0.3742195045876471,407,430,3.410224,9.627877,extra_commits_extra_time
l2-n2048-zipf-w1,main,2,2048,zipf,1,eas_k2_adaptive,eas,2,adaptive,11,1,accept_static_degree,ok,-4,5.752217999999999,5.781478,0.40254554560678335,0.27144335666344865,0.3988354484115597,434,430,3.875659,9.627877,baseline_dominates
l2-n2048-zipf-w1,main,2,2048,zipf,1,accept_static_degree,accept_static_degree,,greedy,11,1,native,ok,136,2.1264410000000002,2.154045,0.4513343408179099,0.0,0.6573124292437049,298,434,1.749218,3.875659,extra_commits_extra_time
l2-n2048-zipf-w1,main,2,2048,zipf,1,accept_static_degree,accept_static_degree,,greedy,11,1,accept_id,ok,27,0.46543500000000027,0.4312020000000001,0.879908165295244,0.7998175525580942,0.938280451444448,407,434,3.410224,3.875659,extra_commits_extra_time
l2-n2048-zipf-w1,main,2,2048,zipf,1,eas_k1_adaptive,eas,1,adaptive,11,2,native,ok,135,9.063057,9.125647,0.15897702628841442,0.0,0.2309968200768158,298,433,1.713173,10.77623,extra_commits_extra_time
l2-n2048-zipf-w1,main,2,2048,zipf,1,eas_k1_adaptive,eas,1,adaptive,11,2,accept_id,ok,26,7.374681,7.410432000000001,0.3156529695450079,0.18795544031015005,0.3358175327106806,407,433,3.401549,10.77623,extra_commits_extra_time
l2-n2048-zipf-w1,main,2,2048,zipf,1,eas_k1_adaptive,eas,1,adaptive,11,2,accept_static_degree,ok,-1,6.928912,6.9403760000000005,0.3570189203459837,0.2394647743880516,0.35619629610426357,434,433,3.847318,10.77623,baseline_dominates
l2-n2048-zipf-w1,main,2,2048,zipf,1,native,native,,native,11,2,accept_id,ok,-109,-1.688376,-1.715215,1.9855256882988466,,1.4537755653909334,407,298,3.401549,1.713173,tradeoff_or_tie
l2-n2048-zipf-w1,main,2,2048,zipf,1,native,native,,native,11,2,accept_static_degree,ok,-136,-2.134145,-2.185271,2.245726496973744,,1.5419965347826599,434,298,3.847318,1.713173,tradeoff_or_tie
l2-n2048-zipf-w1,main,2,2048,zipf,1,accept_static_degree,accept_static_degree,,greedy,11,2,native,ok,136,2.134145,2.185271,0.44529019956239646,0.0,0.6485098879557126,298,434,1.713173,3.847318,extra_commits_extra_time
l2-n2048-zipf-w1,main,2,2048,zipf,1,accept_static_degree,accept_static_degree,,greedy,11,2,accept_id,ok,27,0.44576899999999986,0.47005600000000025,0.884135129978858,0.7848980744264669,0.942787829024427,407,434,3.401549,3.847318,extra_commits_extra_time
l2-n2048-zipf-w1,main,2,2048,zipf,1,accept_id,accept_id,,greedy,11,2,native,ok,109,1.688376,1.715215,0.5036449570475098,0.0,0.6878640856307768,298,407,1.713173,3.401549,extra_commits_extra_time
l2-n2048-zipf-w1,main,2,2048,zipf,1,accept_id,accept_id,,greedy,11,2,accept_static_degree,ok,-27,-0.44576899999999986,-0.47005600000000025,1.131048825108796,1.2740507749757322,1.0606840364441008,434,407,3.847318,3.401549,tradeoff_or_tie
l2-n2048-zipf-w1,main,2,2048,zipf,1,eas_k2_adaptive,eas,2,adaptive,11,2,native,ok,132,7.909453999999999,7.929489,0.17803589394039696,0.0,0.25689743085349287,298,430,1.713173,9.622627,extra_commits_extra_time
l2-n2048-zipf-w1,main,2,2048,zipf,1,eas_k2_adaptive,eas,2,adaptive,11,2,accept_id,ok,23,6.221077999999999,6.2142740000000005,0.3534948408579071,0.21630839011189748,0.3734712077865148,407,430,3.401549,9.622627,extra_commits_extra_time
l2-n2048-zipf-w1,main,2,2048,zipf,1,eas_k2_adaptive,eas,2,adaptive,11,2,accept_static_degree,ok,-4,5.775309,5.744218,0.39981992443435665,0.275587872055816,0.396134948170654,434,430,3.847318,9.622627,baseline_dominates
l2-n2048-zipf-w1,main,2,2048,zipf,1,accept_id,accept_id,,greedy,11,3,native,ok,109,1.641009,1.771548,0.5268819529375539,0.0,0.7196005196189009,298,407,1.827489,3.468498,extra_commits_extra_time
l2-n2048-zipf-w1,main,2,2048,zipf,1,accept_id,accept_id,,greedy,11,3,accept_static_degree,ok,-27,-0.4352070000000001,-0.48202199999999995,1.1254741966119053,1.2720908493588658,1.0554562166412043,434,407,3.903705,3.468498,tradeoff_or_tie
l2-n2048-zipf-w1,main,2,2048,zipf,1,accept_static_degree,accept_static_degree,,greedy,11,3,native,ok,136,2.076216,2.25357,0.46814218799832463,0.0,0.6817909717836496,298,434,1.827489,3.903705,extra_commits_extra_time
l2-n2048-zipf-w1,main,2,2048,zipf,1,accept_static_degree,accept_static_degree,,greedy,11,3,accept_id,ok,27,0.4352070000000001,0.48202199999999995,0.8885143728842215,0.7861073762962766,0.9474575868076427,407,434,3.468498,3.903705,extra_commits_extra_time
l2-n2048-zipf-w1,main,2,2048,zipf,1,eas_k2_adaptive,eas,2,adaptive,11,3,native,ok,132,7.9221070000000005,8.116116,0.18744253608046937,0.0,0.27047077353935994,298,430,1.827489,9.749596,extra_commits_extra_time
l2-n2048-zipf-w1,main,2,2048,zipf,1,eas_k2_adaptive,eas,2,adaptive,11,3,accept_id,ok,23,6.281098,6.344568,0.3557581257725961,0.2182753425406931,0.3758623933215068,407,430,3.468498,9.749596,extra_commits_extra_time
l2-n2048-zipf-w1,main,2,2048,zipf,1,eas_k2_adaptive,eas,2,adaptive,11,3,accept_static_degree,ok,-4,5.845891,5.862546,0.40039659079206974,0.27766606588668763,0.3967062996328258,434,430,3.903705,9.749596,baseline_dominates
l2-n2048-zipf-w1,main,2,2048,zipf,1,native,native,,native,11,3,accept_id,ok,-109,-1.641009,-1.771548,1.897958346124108,,1.38965991926965,407,298,3.468498,1.827489,tradeoff_or_tie
l2-n2048-zipf-w1,main,2,2048,zipf,1,native,native,,native,11,3,accept_static_degree,ok,-136,-2.076216,-2.25357,2.136103144806891,,1.4667252008102662,434,298,3.903705,1.827489,tradeoff_or_tie
l2-n2048-zipf-w1,main,2,2048,zipf,1,eas_k1_adaptive,eas,1,adaptive,11,3,native,ok,135,9.30947,9.2901,0.16409228048698032,0.0,0.23842938741949335,298,433,1.827489,11.136959,extra_commits_extra_time
l2-n2048-zipf-w1,main,2,2048,zipf,1,eas_k1_adaptive,eas,1,adaptive,11,3,accept_id,ok,26,7.668460999999999,7.518552000000001,0.31144031328480243,0.1906920269964801,0.3313357632728852,407,433,3.468498,11.136959,extra_commits_extra_time
l2-n2048-zipf-w1,main,2,2048,zipf,1,eas_k1_adaptive,eas,1,adaptive,11,3,accept_static_degree,ok,-1,7.233253999999999,7.036530000000001,0.3505180363867731,0.24257758258791615,0.34971039114192515,434,433,3.903705,11.136959,baseline_dominates
l2-n2048-zipf-w1,main,2,2048,zipf,1,accept_static_degree,accept_static_degree,,greedy,29,1,native,ok,138,2.285183,2.258424,0.430979336866374,0.0,0.6168391758893462,320,458,1.73081,4.015993,extra_commits_extra_time
l2-n2048-zipf-w1,main,2,2048,zipf,1,accept_static_degree,accept_static_degree,,greedy,29,1,accept_id,ok,33,0.6000109999999999,0.4661000000000002,0.850594610100167,0.7936171418653007,0.9166407798232492,425,458,3.415982,4.015993,extra_commits_extra_time
l2-n2048-zipf-w1,main,2,2048,zipf,1,accept_id,accept_id,,greedy,29,1,native,ok,105,1.6851720000000001,1.792324,0.5066800703282394,0.0,0.6729344684057019,320,425,1.73081,3.415982,extra_commits_extra_time
l2-n2048-zipf-w1,main,2,2048,zipf,1,accept_id,accept_id,,greedy,29,1,accept_static_degree,ok,-33,-0.6000109999999999,-0.4661000000000002,1.175648173790143,1.2600534278400557,1.0909398992622001,458,425,4.015993,3.415982,tradeoff_or_tie
l2-n2048-zipf-w1,main,2,2048,zipf,1,eas_k1_adaptive,eas,1,adaptive,29,1,native,ok,138,8.885296,8.994689,0.16303623946482823,0.0,0.23334561773423085,320,458,1.73081,10.616106,extra_commits_extra_time
l2-n2048-zipf-w1,main,2,2048,zipf,1,eas_k1_adaptive,eas,1,adaptive,29,1,accept_id,ok,33,7.200124000000001,7.2023649999999995,0.32177353918659063,0.19926469942429362,0.3467583081114376,425,458,3.415982,10.616106,extra_commits_extra_time
l2-n2048-zipf-w1,main,2,2048,zipf,1,eas_k1_adaptive,eas,1,adaptive,29,1,accept_static_degree,ok,0,6.600113,6.7362649999999995,0.3782924737187063,0.25108416755709956,0.37829247371942265,458,458,4.015993,10.616106,baseline_dominates
l2-n2048-zipf-w1,main,2,2048,zipf,1,eas_k2_adaptive,eas,2,adaptive,29,1,native,ok,136,7.770374,7.756194,0.1821678224524438,0.0,0.25958914699468894,320,456,1.73081,9.501184,extra_commits_extra_time
l2-n2048-zipf-w1,main,2,2048,zipf,1,eas_k2_adaptive,eas,2,adaptive,29,1,accept_id,ok,31,6.085202000000001,5.96387,0.35953224356038155,0.23108292546576326,0.3857569483841428,425,456,3.415982,9.501184,extra_commits_extra_time
l2-n2048-zipf-w1,main,2,2048,zipf,1,eas_k2_adaptive,eas,2,adaptive,29,1,accept_static_degree,ok,-2,5.485191,5.497769999999999,0.42268342556043537,0.2911768323484431,0.4208376464098905,458,456,4.015993,9.501184,baseline_dominates
l2-n2048-zipf-w1,main,2,2048,zipf,1,native,native,,native,29,1,accept_id,ok,-105,-1.6851720000000001,-1.792324,1.973631998890693,,1.486028799162529,425,320,3.415982,1.73081,tradeoff_or_tie
l2-n2048-zipf-w1,main,2,2048,zipf,1,native,native,,native,29,1,accept_static_degree,ok,-138,-2.285183,-2.258424,2.3202968552296324,,1.6211681084590976,458,320,4.015993,1.73081,tradeoff_or_tie
l2-n2048-zipf-w1,main,2,2048,zipf,1,eas_k1_adaptive,eas,1,adaptive,29,2,native,ok,138,8.803899,8.916043,0.17241460022532315,0.0,0.2467683965720845,320,458,1.834156,10.638055,extra_commits_extra_time
l2-n2048-zipf-w1,main,2,2048,zipf,1,eas_k1_adaptive,eas,1,adaptive,29,2,accept_id,ok,33,7.187277,7.116188,0.3243805376076736,0.20186701656777564,0.3495677322927238,425,458,3.450778,10.638055,extra_commits_extra_time
l2-n2048-zipf-w1,main,2,2048,zipf,1,eas_k1_adaptive,eas,1,adaptive,29,2,accept_static_degree,ok,0,6.725127,6.680799,0.36782362941345953,0.25069910497291226,0.3678236294134223,458,458,3.912928,10.638055,baseline_dominates
l2-n2048-zipf-w1,main,2,2048,zipf,1,accept_id,accept_id,,greedy,29,2,native,ok,105,1.6166220000000002,1.799855,0.5315195587777596,0.0,0.7059244140000989,320,425,1.834156,3.450778,extra_commits_extra_time
l2-n2048-zipf-w1,main,2,2048,zipf,1,accept_id,accept_id,,greedy,29,2,accept_static_degree,ok,-33,-0.46214999999999984,-0.4353889999999998,1.1339263203834034,1.2419022643490725,1.052224205595187,458,425,3.912928,3.450778,tradeoff_or_tie
l2-n2048-zipf-w1,main,2,2048,zipf,1,accept_static_degree,accept_static_degree,,greedy,29,2,native,ok,138,2.078772,2.235244,0.46874258867017227,0.0,0.6708878300331393,320,458,1.834156,3.912928,extra_commits_extra_time
l2-n2048-zipf-w1,main,2,2048,zipf,1,accept_static_degree,accept_static_degree,,greedy,29,2,accept_id,ok,33,0.46214999999999984,0.4353889999999998,0.8818915144873609,0.8052163432716966,0.9503677967894243,425,458,3.450778,3.912928,extra_commits_extra_time
l2-n2048-zipf-w1,main,2,2048,zipf,1,native,native,,native,29,2,accept_id,ok,-105,-1.6166220000000002,-1.799855,1.8813983107216619,,1.4165822574877824,425,320,3.450778,1.834156,tradeoff_or_tie
l2-n2048-zipf-w1,main,2,2048,zipf,1,native,native,,native,29,2,accept_static_degree,ok,-138,-2.078772,-2.235244,2.133367063652165,,1.4905621405453184,458,320,3.912928,1.834156,tradeoff_or_tie
l2-n2048-zipf-w1,main,2,2048,zipf,1,eas_k2_adaptive,eas,2,adaptive,29,2,native,ok,136,7.712163,7.78643,0.1921322763255659,0.0,0.273788493763338,320,456,1.834156,9.546319,extra_commits_extra_time
l2-n2048-zipf-w1,main,2,2048,zipf,1,eas_k2_adaptive,eas,2,adaptive,29,2,accept_id,ok,31,6.095541000000001,5.986575,0.3614773401140272,0.23115278760613014,0.387843922569449,425,456,3.450778,9.546319,extra_commits_extra_time
l2-n2048-zipf-w1,main,2,2048,zipf,1,eas_k2_adaptive,eas,2,adaptive,29,2,accept_static_degree,ok,-2,5.6333910000000005,5.551186,0.4098886701774789,0.28706917033865326,0.40809876332055967,458,456,3.912928,9.546319,baseline_dominates
l2-n2048-zipf-w1,main,2,2048,zipf,1,accept_id,accept_id,,greedy,29,3,native,ok,105,1.6125800000000001,1.76401,0.5386091321961601,0.0,0.7153402536958611,320,425,1.882461,3.495041,extra_commits_extra_time
l2-n2048-zipf-w1,main,2,2048,zipf,1,accept_id,accept_id,,greedy,29,3,accept_static_degree,ok,-33,-0.492321,-0.4867069999999998,1.1408627252155268,1.2759094336199908,1.0586608258003005,458,425,3.987362,3.495041,tradeoff_or_tie
l2-n2048-zipf-w1,main,2,2048,zipf,1,accept_static_degree,accept_static_degree,,greedy,29,3,native,ok,138,2.104901,2.250717,0.47210687166101295,0.0,0.6757029600628658,320,458,1.882461,3.987362,extra_commits_extra_time
l2-n2048-zipf-w1,main,2,2048,zipf,1,accept_static_degree,accept_static_degree,,greedy,29,3,accept_id,ok,33,0.492321,0.4867069999999998,0.8765296454146877,0.7837546879505509,0.9445895943528886,425,458,3.495041,3.987362,extra_commits_extra_time
l2-n2048-zipf-w1,main,2,2048,zipf,1,native,native,,native,29,3,accept_id,ok,-105,-1.6125800000000001,-1.76401,1.8566339488573735,,1.397936149732134,425,320,3.495041,1.882461,tradeoff_or_tie
l2-n2048-zipf-w1,main,2,2048,zipf,1,native,native,,native,29,3,accept_static_degree,ok,-138,-2.104901,-2.250717,2.118164466621088,,1.4799402386915137,458,320,3.987362,1.882461,tradeoff_or_tie
l2-n2048-zipf-w1,main,2,2048,zipf,1,eas_k1_adaptive,eas,1,adaptive,29,3,native,ok,138,8.735982,8.905459,0.17728220606354436,0.0,0.2537351574278896,320,458,1.882461,10.618443,extra_commits_extra_time
l2-n2048-zipf-w1,main,2,2048,zipf,1,eas_k1_adaptive,eas,1,adaptive,29,3,accept_id,ok,33,7.123401999999999,7.141449000000001,0.32914816230590493,0.19808187315218675,0.3547055490264209,425,458,3.495041,10.618443,extra_commits_extra_time
l2-n2048-zipf-w1,main,2,2048,zipf,1,eas_k1_adaptive,eas,1,adaptive,29,3,accept_static_degree,ok,0,6.631080999999999,6.654742000000001,0.3755128694479973,0.2527345305839935,0.37551286944825973,458,458,3.987362,10.618443,baseline_dominates
l2-n2048-zipf-w1,main,2,2048,zipf,1,eas_k2_adaptive,eas,2,adaptive,29,3,native,ok,136,7.565430999999999,7.736591,0.19924666793396878,0.0,0.28392650180550427,320,456,1.882461,9.447892,extra_commits_extra_time
l2-n2048-zipf-w1,main,2,2048,zipf,1,eas_k2_adaptive,eas,2,adaptive,29,3,accept_id,ok,31,5.952850999999999,5.972581,0.36992812788291823,0.22800869271750313,0.3969111207409004,425,456,3.495041,9.447892,extra_commits_extra_time
l2-n2048-zipf-w1,main,2,2048,zipf,1,eas_k2_adaptive,eas,2,adaptive,29,3,accept_static_degree,ok,-2,5.460529999999999,5.485874,0.42203721211038403,0.2909184419856239,0.4201942548528844,458,456,3.987362,9.447892,baseline_dominates
l2-n2048-zipf-w1,main,2,2048,zipf,1,eas_k2_adaptive,eas,2,adaptive,47,1,native,ok,133,8.24696,8.315009,0.17662436516801658,0.0,0.2521582576674935,311,444,1.769076,10.016036,extra_commits_extra_time
l2-n2048-zipf-w1,main,2,2048,zipf,1,eas_k2_adaptive,eas,2,adaptive,47,1,accept_id,ok,26,6.57,6.57418,0.3440518784077853,0.20935984555158027,0.3654522344800288,418,444,3.446036,10.016036,extra_commits_extra_time
l2-n2048-zipf-w1,main,2,2048,zipf,1,eas_k2_adaptive,eas,2,adaptive,47,1,accept_static_degree,ok,-3,6.17796,6.191328,0.3831931115263563,0.2554033314936881,0.3806213456778399,447,444,3.838076,10.016036,baseline_dominates
l2-n2048-zipf-w1,main,2,2048,zipf,1,accept_id,accept_id,,greedy,47,1,native,ok,107,1.6769599999999998,1.740829,0.5133655016952813,0.0,0.6899896453671114,311,418,1.769076,3.446036,extra_commits_extra_time
l2-n2048-zipf-w1,main,2,2048,zipf,1,accept_id,accept_id,,greedy,47,1,accept_static_degree,ok,-29,-0.39204000000000017,-0.38285199999999997,1.113765497516567,1.2199251046484174,1.0415077806799948,447,418,3.838076,3.446036,tradeoff_or_tie
l2-n2048-zipf-w1,main,2,2048,zipf,1,accept_static_degree,accept_static_degree,,greedy,47,1,native,ok,136,2.069,2.123681,0.46092781904266616,0.0,0.6624911096839053,311,447,1.769076,3.838076,extra_commits_extra_time
l2-n2048-zipf-w1,main,2,2048,zipf,1,accept_static_degree,accept_static_degree,,greedy,47,1,accept_id,ok,29,0.39204000000000017,0.38285199999999997,0.8978550711345997,0.8197224536076746,0.9601464516636691,418,447,3.446036,3.838076,extra_commits_extra_time
l2-n2048-zipf-w1,main,2,2048,zipf,1,native,native,,native,47,1,accept_id,ok,-107,-1.6769599999999998,-1.740829,1.9479298797790483,,1.4492971115065743,418,311,3.446036,1.769076,tradeoff_or_tie
l2-n2048-zipf-w1,main,2,2048,zipf,1,native,native,,native,47,1,accept_static_degree,ok,-136,-2.069,-2.123681,2.1695370916794983,,1.5094542181511392,447,311,3.838076,1.769076,tradeoff_or_tie
l2-n2048-zipf-w1,main,2,2048,zipf,1,eas_k1_adaptive,eas,1,adaptive,47,1,native,ok,136,9.562429999999999,9.692962,0.15612011324884797,0.0,0.2243912881742527,311,447,1.769076,11.331506,extra_commits_extra_time
l2-n2048-zipf-w1,main,2,2048,zipf,1,eas_k1_adaptive,eas,1,adaptive,47,1,accept_id,ok,29,7.88547,7.952133,0.3041110334319198,0.17959721703231685,0.32520964579818373,418,447,3.446036,11.331506,extra_commits_extra_time
l2-n2048-zipf-w1,main,2,2048,zipf,1,eas_k1_adaptive,eas,1,adaptive,47,1,accept_static_degree,ok,0,7.493429999999999,7.569281,0.3387083764505795,0.2190951537827137,0.3387083764509936,447,447,3.838076,11.331506,baseline_dominates
l2-n2048-zipf-w1,main,2,2048,zipf,1,accept_id,accept_id,,greedy,47,2,native,ok,107,1.693881,1.673154,0.49919700324923943,0.0,0.6709464545280427,311,418,1.688449,3.38233,extra_commits_extra_time
l2-n2048-zipf-w1,main,2,2048,zipf,1,accept_id,accept_id,,greedy,47,2,accept_static_degree,ok,-29,-0.45035500000000006,-0.49301000000000017,1.1331493378824657,1.29465906903967,1.0596340564530569,447,418,3.832685,3.38233,tradeoff_or_tie
l2-n2048-zipf-w1,main,2,2048,zipf,1,native,native,,native,47,2,accept_id,ok,-107,-1.693881,-1.673154,2.0032171537310277,,1.4904319014598868,418,311,3.38233,1.688449,tradeoff_or_tie
l2-n2048-zipf-w1,main,2,2048,zipf,1,native,native,,native,47,2,accept_static_degree,ok,-136,-2.1442360000000003,-2.166164,2.2699441913851115,,1.5793124016109825,447,311,3.832685,1.688449,tradeoff_or_tie
l2-n2048-zipf-w1,main,2,2048,zipf,1,eas_k2_adaptive,eas,2,adaptive,47,2,native,ok,133,8.268428,8.338146,0.16957616328895095,0.0,0.24209587299119503,311,444,1.688449,9.956877,extra_commits_extra_time
l2-n2048-zipf-w1,main,2,2048,zipf,1,eas_k2_adaptive,eas,2,adaptive,47,2,accept_id,ok,26,6.574547000000001,6.664992,0.3396978791643203,0.2006625933390948,0.36082741231785803,418,444,3.38233,9.956877,extra_commits_extra_time
l2-n2048-zipf-w1,main,2,2048,zipf,1,eas_k2_adaptive,eas,2,adaptive,47,2,accept_static_degree,ok,-3,6.124192000000001,6.171982,0.38492842685512735,0.2597896462834784,0.38234501459383163,447,444,3.832685,9.956877,baseline_dominates
l2-n2048-zipf-w1,main,2,2048,zipf,1,accept_static_degree,accept_static_degree,,greedy,47,2,native,ok,136,2.1442360000000003,2.166164,0.4405394651530194,0.0,0.6331869483073437,311,447,1.688449,3.832685,extra_commits_extra_time
l2-n2048-zipf-w1,main,2,2048,zipf,1,accept_static_degree,accept_static_degree,,greedy,47,2,accept_id,ok,29,0.45035500000000006,0.49301000000000017,0.8824962134900207,0.7724041208329563,0.9437220273452972,418,447,3.38233,3.832685,extra_commits_extra_time
l2-n2048-zipf-w1,main,2,2048,zipf,1,eas_k1_adaptive,eas,1,adaptive,47,2,native,ok,136,9.740293,9.808036,0.14773708252404333,0.0,0.21234236619960142,311,447,1.688449,11.428742,extra_commits_extra_time
l2-n2048-zipf-w1,main,2,2048,zipf,1,eas_k1_adaptive,eas,1,adaptive,47,2,accept_id,ok,29,8.046412,8.134882,0.29594945795434,0.17059011610479408,0.31648183661536355,418,447,3.38233,11.428742,extra_commits_extra_time
l2-n2048-zipf-w1,main,2,2048,zipf,1,eas_k1_adaptive,eas,1,adaptive,47,2,accept_static_degree,ok,0,7.596057,7.641871999999999,0.335354932327635,0.22085604090360195,0.33535493232645125,447,447,3.832685,11.428742,baseline_dominates
l2-n2048-zipf-w1,main,2,2048,zipf,1,eas_k2_adaptive,eas,2,adaptive,47,3,native,ok,133,8.150494,8.230266,0.17206511826155182,0.0,0.24564923635984567,311,444,1.693872,9.844366,extra_commits_extra_time
l2-n2048-zipf-w1,main,2,2048,zipf,1,eas_k2_adaptive,eas,2,adaptive,47,3,accept_id,ok,26,6.514937000000001,6.520644000000001,0.33820654372257186,0.2077237843831536,0.3592433143860335,418,444,3.329429,9.844366,extra_commits_extra_time
l2-n2048-zipf-w1,main,2,2048,zipf,1,eas_k2_adaptive,eas,2,adaptive,47,3,accept_static_degree,ok,-3,6.069740000000001,6.102987000000001,0.38343007563920317,0.25847026086398667,0.38085671942610755,447,444,3.774626,9.844366,baseline_dominates
l2-n2048-zipf-w1,main,2,2048,zipf,1,accept_static_degree,accept_static_degree,,greedy,47,3,native,ok,136,2.0807539999999998,2.127279,0.4487522737351992,0.0,0.6449912101590364,311,447,1.693872,3.774626,extra_commits_extra_time
l2-n2048-zipf-w1,main,2,2048,zipf,1,accept_static_degree,accept_static_degree,,greedy,47,3,accept_id,ok,29,0.44519699999999984,0.41765700000000017,0.8820553347536948,0.803666091753832,0.9432505613327707,418,447,3.329429,3.774626,extra_commits_extra_time
l2-n2048-zipf-w1,main,2,2048,zipf,1,eas_k1_adaptive,eas,1,adaptive,47,3,native,ok,136,9.746224999999999,9.830621,0.14806447882391208,0.0,0.2128129325854192,311,447,1.693872,11.440097,extra_commits_extra_time
l2-n2048-zipf-w1,main,2,2048,zipf,1,eas_k1_adaptive,eas,1,adaptive,47,3,accept_id,ok,29,8.110668,8.120999000000001,0.29103153583400565,0.17390783349291972,0.31122271894305975,418,447,3.329429,11.440097,extra_commits_extra_time
l2-n2048-zipf-w1,main,2,2048,zipf,1,eas_k1_adaptive,eas,1,adaptive,47,3,accept_static_degree,ok,0,7.665471,7.703342000000001,0.3299470275470566,0.21639314545846086,0.32994702754622907,447,447,3.774626,11.440097,baseline_dominates
l2-n2048-zipf-w1,main,2,2048,zipf,1,accept_id,accept_id,,greedy,47,3,native,ok,107,1.6355570000000001,1.709622,0.5087575076687324,0.0,0.6837962643220618,311,418,1.693872,3.329429,extra_commits_extra_time
l2-n2048-zipf-w1,main,2,2048,zipf,1,accept_id,accept_id,,greedy,47,3,accept_static_degree,ok,-29,-0.44519699999999984,-0.41765700000000017,1.13371572122427,1.2442978623344811,1.0601636945617556,447,418,3.774626,3.329429,tradeoff_or_tie
l2-n2048-zipf-w1,main,2,2048,zipf,1,native,native,,native,47,3,accept_id,ok,-107,-1.6355570000000001,-1.709622,1.9655729594680118,,1.4624239004748485,418,311,3.329429,1.693872,tradeoff_or_tie
l2-n2048-zipf-w1,main,2,2048,zipf,1,native,native,,native,47,3,accept_static_degree,ok,-136,-2.0807539999999998,-2.127279,2.2284009653621997,,1.5504087253428285,447,311,3.774626,1.693872,tradeoff_or_tie
l2-n2048-zipf-w1,main,2,2048,zipf,1,accept_static_degree,accept_static_degree,,greedy,71,1,native,ok,145,2.064898,2.151436,0.4509480986044884,0.0,0.6811856841580086,284,429,1.695945,3.760843,extra_commits_extra_time
l2-n2048-zipf-w1,main,2,2048,zipf,1,accept_static_degree,accept_static_degree,,greedy,71,1,accept_id,ok,28,0.43520899999999996,0.40269699999999986,0.884278870455374,0.8128240858663702,0.9460240284884759,401,429,3.325634,3.760843,extra_commits_extra_time
l2-n2048-zipf-w1,main,2,2048,zipf,1,accept_id,accept_id,,greedy,71,1,native,ok,117,1.629689,1.748739,0.5099614088621899,0.0,0.7200511442044272,284,401,1.695945,3.325634,extra_commits_extra_time
l2-n2048-zipf-w1,main,2,2048,zipf,1,accept_id,accept_id,,greedy,71,1,accept_static_degree,ok,-28,-0.43520899999999996,-0.40269699999999986,1.1308649719121227,1.2302785035388357,1.057055603120108,429,401,3.760843,3.325634,tradeoff_or_tie
l2-n2048-zipf-w1,main,2,2048,zipf,1,eas_k2_adaptive,eas,2,adaptive,71,1,native,ok,144,7.740665,7.856351,0.17971972986061732,0.0,0.27084522669111455,284,428,1.695945,9.43661,extra_commits_extra_time
l2-n2048-zipf-w1,main,2,2048,zipf,1,eas_k2_adaptive,eas,2,adaptive,71,1,accept_id,ok,27,6.110976,6.107612,0.35241829428152693,0.2225892147639534,0.3761472068631556,401,428,3.325634,9.43661,extra_commits_extra_time
l2-n2048-zipf-w1,main,2,2048,zipf,1,eas_k2_adaptive,eas,2,adaptive,71,1,accept_static_degree,ok,-1,5.6757670000000005,5.704915,0.3985375044639971,0.2738467260436811,0.39760851261267693,429,428,3.760843,9.43661,baseline_dominates
l2-n2048-zipf-w1,main,2,2048,zipf,1,native,native,,native,71,1,accept_id,ok,-117,-1.629689,-1.748739,1.9609326953409456,,1.3887902380946617,401,284,3.325634,1.695945,tradeoff_or_tie
l2-n2048-zipf-w1,main,2,2048,zipf,1,native,native,,native,71,1,accept_static_degree,ok,-145,-2.064898,-2.151436,2.217550097438301,,1.4680285027364708,429,284,3.760843,1.695945,tradeoff_or_tie
l2-n2048-zipf-w1,main,2,2048,zipf,1,eas_k1_adaptive,eas,1,adaptive,71,1,native,ok,145,9.036155,9.151792,0.1580254563412566,0.0,0.23870746750078925,284,429,1.695945,10.7321,extra_commits_extra_time
l2-n2048-zipf-w1,main,2,2048,zipf,1,eas_k1_adaptive,eas,1,adaptive,71,1,accept_id,ok,28,7.406466000000001,7.403053,0.3098772840357432,0.19108159363761765,0.33151460062539484,401,429,3.325634,10.7321,extra_commits_extra_time
l2-n2048-zipf-w1,main,2,2048,zipf,1,eas_k1_adaptive,eas,1,adaptive,71,1,accept_static_degree,ok,0,6.971257000000001,7.000356,0.3504293661072856,0.2350835770743041,0.35042936610719844,429,429,3.760843,10.7321,baseline_dominates
l2-n2048-zipf-w1,main,2,2048,zipf,1,eas_k1_adaptive,eas,1,adaptive,71,2,native,ok,145,9.219911,9.325105,0.15547335946139562,0.0,0.2348523634117365,284,429,1.697342,10.917253,extra_commits_extra_time
l2-n2048-zipf-w1,main,2,2048,zipf,1,eas_k1_adaptive,eas,1,adaptive,71,2,accept_id,ok,28,7.556328000000001,7.587956,0.30785445752699875,0.18628733939188888,0.3293505293737709,401,429,3.360925,10.917253,extra_commits_extra_time
l2-n2048-zipf-w1,main,2,2048,zipf,1,eas_k1_adaptive,eas,1,adaptive,71,2,accept_static_degree,ok,0,7.054519000000001,7.1200920000000005,0.35381922540404626,0.2364598575565637,0.35381922540453825,429,429,3.862734,10.917253,baseline_dominates
l2-n2048-zipf-w1,main,2,2048,zipf,1,accept_static_degree,accept_static_degree,,greedy,71,2,native,ok,145,2.165392,2.205013,0.43941467364825015,0.0,0.6637637147704981,284,429,1.697342,3.862734,extra_commits_extra_time
l2-n2048-zipf-w1,main,2,2048,zipf,1,accept_static_degree,accept_static_degree,,greedy,71,2,accept_id,ok,28,0.5018090000000002,0.46786400000000006,0.870089682592692,0.7878180310048059,0.9308440743919693,401,429,3.360925,3.862734,extra_commits_extra_time
l2-n2048-zipf-w1,main,2,2048,zipf,1,accept_id,accept_id,,greedy,71,2,native,ok,117,1.663583,1.737149,0.5050222780930844,0.0,0.7130772306887928,284,401,1.697342,3.360925,extra_commits_extra_time
l2-n2048-zipf-w1,main,2,2048,zipf,1,accept_id,accept_id,,greedy,71,2,accept_static_degree,ok,-28,-0.5018090000000002,-0.46786400000000006,1.1493068128565798,1.2693286528674281,1.0742937807851478,429,401,3.862734,3.360925,tradeoff_or_tie
l2-n2048-zipf-w1,main,2,2048,zipf,1,native,native,,native,71,2,accept_id,ok,-117,-1.663583,-1.737149,1.9801106671489894,,1.4023726420685958,401,284,3.360925,1.697342,tradeoff_or_tie
l2-n2048-zipf-w1,main,2,2048,zipf,1,native,native,,native,71,2,accept_static_degree,ok,-145,-2.165392,-2.205013,2.275754679964321,,1.5065602077175286,429,284,3.862734,1.697342,tradeoff_or_tie
l2-n2048-zipf-w1,main,2,2048,zipf,1,eas_k2_adaptive,eas,2,adaptive,71,2,native,ok,144,7.774381000000001,7.875785,0.1792009753663615,0.0,0.27006344174957875,284,428,1.697342,9.471723,extra_commits_extra_time
l2-n2048-zipf-w1,main,2,2048,zipf,1,eas_k2_adaptive,eas,2,adaptive,71,2,accept_id,ok,27,6.110798000000001,6.138636,0.3548377628864357,0.22056836239181238,0.3787295823324951,401,428,3.360925,9.471723,extra_commits_extra_time
l2-n2048-zipf-w1,main,2,2048,zipf,1,eas_k2_adaptive,eas,2,adaptive,71,2,accept_static_degree,ok,-1,5.608989000000001,5.6707719999999995,0.4078174583441682,0.27997374229997396,0.40686683489915604,429,428,3.862734,9.471723,baseline_dominates
l2-n2048-zipf-w1,main,2,2048,zipf,1,eas_k1_adaptive,eas,1,adaptive,71,3,native,ok,145,8.992262,9.079301,0.15795986136332923,0.0,0.23860838213006264,284,429,1.686875,10.679137,extra_commits_extra_time
l2-n2048-zipf-w1,main,2,2048,zipf,1,eas_k1_adaptive,eas,1,adaptive,71,3,accept_id,ok,28,7.406655000000001,7.4213819999999995,0.30643693399569644,0.18260425554786652,0.3278340266441254,401,429,3.272482,10.679137,extra_commits_extra_time
l2-n2048-zipf-w1,main,2,2048,zipf,1,eas_k1_adaptive,eas,1,adaptive,71,3,accept_static_degree,ok,0,6.880511,6.925453999999999,0.3557053346164582,0.23722608161134873,0.3557053346171415,429,429,3.798626,10.679137,baseline_dominates
l2-n2048-zipf-w1,main,2,2048,zipf,1,eas_k2_adaptive,eas,2,adaptive,71,3,native,ok,144,7.755113000000001,7.832711,0.1786567616904406,0.0,0.26924328874508724,284,428,1.686875,9.441988,extra_commits_extra_time
l2-n2048-zipf-w1,main,2,2048,zipf,1,eas_k2_adaptive,eas,2,adaptive,71,3,accept_id,ok,27,6.169506,6.174792,0.3465882396800335,0.21166605023471438,0.36992460494575385,401,428,3.272482,9.441988,extra_commits_extra_time
l2-n2048-zipf-w1,main,2,2048,zipf,1,eas_k2_adaptive,eas,2,adaptive,71,3,accept_static_degree,ok,-1,5.643362,5.678864,0.4023120978336342,0.2749810378552202,0.4013743073966576,429,428,3.798626,9.441988,baseline_dominates
l2-n2048-zipf-w1,main,2,2048,zipf,1,native,native,,native,71,3,accept_id,ok,-117,-1.5856070000000002,-1.657919,1.9399670989255282,,1.373941785772752,401,284,3.272482,1.686875,tradeoff_or_tie
l2-n2048-zipf-w1,main,2,2048,zipf,1,native,native,,native,71,3,accept_static_degree,ok,-145,-2.111751,-2.153847,2.2518716561689516,,1.490749534621339,429,284,3.798626,1.686875,tradeoff_or_tie
l2-n2048-zipf-w1,main,2,2048,zipf,1,accept_static_degree,accept_static_degree,,greedy,71,3,native,ok,145,2.111751,2.153847,0.4440750418704026,0.0,0.6708034963458882,284,429,1.686875,3.798626,extra_commits_extra_time
l2-n2048-zipf-w1,main,2,2048,zipf,1,accept_static_degree,accept_static_degree,,greedy,71,3,accept_id,ok,28,0.526144,0.4959279999999999,0.8614909706825573,0.7697478047419338,0.9216449536720754,401,429,3.272482,3.798626,extra_commits_extra_time
l2-n2048-zipf-w1,main,2,2048,zipf,1,accept_id,accept_id,,greedy,71,3,native,ok,117,1.5856070000000002,1.657919,0.515472659589877,0.0,0.7278328749842671,284,401,1.686875,3.272482,extra_commits_extra_time
l2-n2048-zipf-w1,main,2,2048,zipf,1,accept_id,accept_id,,greedy,71,3,accept_static_degree,ok,-28,-0.526144,-0.4959279999999999,1.1607782716604704,1.299126796906242,1.0850165196649073,429,401,3.798626,3.272482,tradeoff_or_tie
l2-n2048-zipf-w1,main,2,2048,zipf,1,eas_k1_adaptive,eas,1,adaptive,101,1,native,ok,122,9.031794999999999,9.145562,0.15811361715951042,0.0,0.2221995350777769,301,423,1.69625,10.728045,extra_commits_extra_time
l2-n2048-zipf-w1,main,2,2048,zipf,1,eas_k1_adaptive,eas,1,adaptive,101,1,accept_id,ok,28,7.434298,7.46321,0.30702210887445014,0.18395282870533272,0.3287857014010864,395,423,3.293747,10.728045,extra_commits_extra_time
l2-n2048-zipf-w1,main,2,2048,zipf,1,eas_k1_adaptive,eas,1,adaptive,101,1,accept_static_degree,ok,0,6.950592,6.981002,0.3521101002093112,0.23667873007694878,0.3521101002100556,423,423,3.777453,10.728045,baseline_dominates
l2-n2048-zipf-w1,main,2,2048,zipf,1,native,native,,native,101,1,accept_id,ok,-94,-1.5974970000000002,-1.682352,1.9417815770081062,,1.4796867207035378,395,301,3.293747,1.69625,tradeoff_or_tie
l2-n2048-zipf-w1,main,2,2048,zipf,1,native,native,,native,101,1,accept_static_degree,ok,-122,-2.081203,-2.16456,2.226943551952837,,1.5846572320090853,423,301,3.777453,1.69625,tradeoff_or_tie
l2-n2048-zipf-w1,main,2,2048,zipf,1,eas_k2_adaptive,eas,2,adaptive,101,1,native,ok,121,7.786091999999999,7.891754,0.17888513196423417,0.0,0.2507957664083085,301,422,1.69625,9.482342,extra_commits_extra_time
l2-n2048-zipf-w1,main,2,2048,zipf,1,eas_k2_adaptive,eas,2,adaptive,101,1,accept_id,ok,27,6.188594999999999,6.209402,0.34735585364881383,0.21317846450865044,0.3710991651630405,395,422,3.293747,9.482342,extra_commits_extra_time
l2-n2048-zipf-w1,main,2,2048,zipf,1,eas_k2_adaptive,eas,2,adaptive,101,1,accept_static_degree,ok,-1,5.704889,5.727194,0.39836709116798363,0.2742812307631485,0.39742532499618727,423,422,3.777453,9.482342,baseline_dominates
l2-n2048-zipf-w1,main,2,2048,zipf,1,accept_id,accept_id,,greedy,101,1,native,ok,94,1.5974970000000002,1.682352,0.5149909813959602,0.0,0.6758187297406684,301,395,1.69625,3.293747,extra_commits_extra_time
l2-n2048-zipf-w1,main,2,2048,zipf,1,accept_id,accept_id,,greedy,101,1,accept_static_degree,ok,-28,-0.48370599999999975,-0.48220799999999975,1.146855845333597,1.286627293218066,1.0709410376107436,423,395,3.777453,3.293747,tradeoff_or_tie
l2-n2048-zipf-w1,main,2,2048,zipf,1,accept_static_degree,accept_static_degree,,greedy,101,1,native,ok,122,2.081203,2.16456,0.44904595768630345,0.0,0.6310512960157094,301,423,1.69625,3.777453,extra_commits_extra_time
l2-n2048-zipf-w1,main,2,2048,zipf,1,accept_static_degree,accept_static_degree,,greedy,101,1,accept_id,ok,28,0.48370599999999975,0.48220799999999975,0.8719491678652257,0.7772258565251138,0.9337582227972027,395,423,3.293747,3.777453,extra_commits_extra_time
l2-n2048-zipf-w1,main,2,2048,zipf,1,native,native,,native,101,2,accept_id,ok,-94,-1.5680669999999999,-1.670115,1.9281408204106492,,1.4692921188474521,395,301,3.257538,1.689471,tradeoff_or_tie
l2-n2048-zipf-w1,main,2,2048,zipf,1,native,native,,native,101,2,accept_static_degree,ok,-122,-2.0685719999999996,-2.14961,2.224390356508043,,1.582840419173819,423,301,3.758043,1.689471,tradeoff_or_tie
l2-n2048-zipf-w1,main,2,2048,zipf,1,eas_k2_adaptive,eas,2,adaptive,101,2,native,ok,121,7.812653999999999,7.944983,0.17779928173961088,0.0,0.24927341160849223,301,422,1.689471,9.502125,extra_commits_extra_time
l2-n2048-zipf-w1,main,2,2048,zipf,1,eas_k2_adaptive,eas,2,adaptive,101,2,accept_id,ok,27,6.244586999999999,6.274868,0.3428220529618375,0.2102100155532114,0.36625545911457463,395,422,3.257538,9.502125,extra_commits_extra_time
l2-n2048-zipf-w1,main,2,2048,zipf,1,eas_k2_adaptive,eas,2,adaptive,101,2,accept_static_degree,ok,-1,5.744082,5.795373,0.39549500769564705,0.2705619382697232,0.3945600313192738,423,422,3.758043,9.502125,baseline_dominates
l2-n2048-zipf-w1,main,2,2048,zipf,1,accept_id,accept_id,,greedy,101,2,native,ok,94,1.5680669999999999,1.670115,0.5186343183103314,0.0,0.6805998529308276,301,395,1.689471,3.257538,extra_commits_extra_time
l2-n2048-zipf-w1,main,2,2048,zipf,1,accept_id,accept_id,,greedy,101,2,accept_static_degree,ok,-28,-0.500505,-0.479495,1.1536451762036237,1.2871029839262567,1.0772809565026709,423,395,3.758043,3.257538,tradeoff_or_tie
l2-n2048-zipf-w1,main,2,2048,zipf,1,accept_static_degree,accept_static_degree,,greedy,101,2,native,ok,122,2.0685719999999996,2.14961,0.4495613807505662,0.0,0.6317756280964577,301,423,1.689471,3.758043,extra_commits_extra_time
l2-n2048-zipf-w1,main,2,2048,zipf,1,accept_static_degree,accept_static_degree,,greedy,101,2,accept_id,ok,28,0.500505,0.479495,0.8668176495053409,0.7769386074683314,0.9282629512420243,395,423,3.257538,3.758043,extra_commits_extra_time
l2-n2048-zipf-w1,main,2,2048,zipf,1,eas_k1_adaptive,eas,1,adaptive,101,2,native,ok,122,9.144014,9.243295,0.155948985944966,0.0,0.21915754503259757,301,423,1.689471,10.833485,extra_commits_extra_time
l2-n2048-zipf-w1,main,2,2048,zipf,1,eas_k1_adaptive,eas,1,adaptive,101,2,accept_id,ok,28,7.575946999999999,7.57318,0.30069160570213554,0.18068394441592528,0.3220064537023512,395,423,3.257538,10.833485,extra_commits_extra_time
l2-n2048-zipf-w1,main,2,2048,zipf,1,eas_k1_adaptive,eas,1,adaptive,101,2,accept_static_degree,ok,0,7.075442,7.093685,0.3468914204431907,0.2325588440053033,0.3468914204445019,423,423,3.758043,10.833485,baseline_dominates
l2-n2048-zipf-w1,main,2,2048,zipf,1,eas_k1_adaptive,eas,1,adaptive,101,3,native,ok,122,9.056593999999999,9.1421,0.15537600182940126,0.0,0.21835232150798237,301,423,1.66604,10.722634,extra_commits_extra_time
l2-n2048-zipf-w1,main,2,2048,zipf,1,eas_k1_adaptive,eas,1,adaptive,101,3,accept_id,ok,28,7.316719999999999,7.388999999999999,0.31763781175408956,0.19176119272377246,0.34015390980342636,395,423,3.405914,10.722634,extra_commits_extra_time
l2-n2048-zipf-w1,main,2,2048,zipf,1,eas_k1_adaptive,eas,1,adaptive,101,3,accept_static_degree,ok,0,6.9133629999999995,6.939276999999999,0.3552551546569621,0.2409537196049048,0.3552551546575298,423,423,3.809271,10.722634,baseline_dominates
l2-n2048-zipf-w1,main,2,2048,zipf,1,accept_id,accept_id,,greedy,101,3,native,ok,94,1.7398740000000001,1.7531,0.4891609124599153,0.0,0.6419221276455923,301,395,1.66604,3.405914,extra_commits_extra_time
l2-n2048-zipf-w1,main,2,2048,zipf,1,accept_id,accept_id,,greedy,101,3,accept_static_degree,ok,-28,-0.40335699999999974,-0.4497229999999999,1.1184284159846667,1.2565301465974559,1.0443953293461494,423,395,3.809271,3.405914,tradeoff_or_tie
l2-n2048-zipf-w1,main,2,2048,zipf,1,accept_static_degree,accept_static_degree,,greedy,101,3,native,ok,122,2.143231,2.202823,0.43736452460326397,0.0,0.6146351957045537,301,423,1.66604,3.809271,extra_commits_extra_time
l2-n2048-zipf-w1,main,2,2048,zipf,1,accept_static_degree,accept_static_degree,,greedy,101,3,accept_id,ok,28,0.40335699999999974,0.4497229999999999,0.8941117604917057,0.7958424258326702,0.9574918346542747,395,423,3.405914,3.809271,extra_commits_extra_time
l2-n2048-zipf-w1,main,2,2048,zipf,1,native,native,,native,101,3,accept_id,ok,-94,-1.7398740000000001,-1.7531,2.0443170632157694,,1.5578213570355435,395,301,3.405914,1.66604,tradeoff_or_tie
l2-n2048-zipf-w1,main,2,2048,zipf,1,native,native,,native,101,3,accept_static_degree,ok,-122,-2.143231,-2.202823,2.286422294782838,,1.6269813492436016,423,301,3.809271,1.66604,tradeoff_or_tie
l2-n2048-zipf-w1,main,2,2048,zipf,1,eas_k2_adaptive,eas,2,adaptive,101,3,native,ok,121,7.778214000000001,7.83501,0.17640779250536887,0.0,0.24732255294814995,301,422,1.66604,9.444254,extra_commits_extra_time
l2-n2048-zipf-w1,main,2,2048,zipf,1,eas_k2_adaptive,eas,2,adaptive,101,3,accept_id,ok,27,6.038340000000001,6.08191,0.36063346030295246,0.22375210752762284,0.385284355059182,395,422,3.405914,9.444254,extra_commits_extra_time
l2-n2048-zipf-w1,main,2,2048,zipf,1,eas_k2_adaptive,eas,2,adaptive,101,3,accept_static_degree,ok,-1,5.634983000000001,5.632187,0.40334270975770026,0.2811512684731736,0.40238918089395315,423,422,3.809271,9.444254,baseline_dominates
l2-n8192-uniform-w1,main,2,8192,uniform,1,eas_k2_adaptive,eas,2,adaptive,11,1,native,ok,969,20.979105,21.702676,0.2864907205145866,0.0,0.40153817520793167,2413,3382,8.423603,29.402708,extra_commits_extra_time
l2-n8192-uniform-w1,main,2,8192,uniform,1,eas_k2_adaptive,eas,2,adaptive,11,1,accept_id,ok,278,14.655976,14.512869,0.5015433272336683,0.3312866579218157,0.5464624783168772,3104,3382,14.746732,29.402708,extra_commits_extra_time
l2-n8192-uniform-w1,main,2,8192,uniform,1,eas_k2_adaptive,eas,2,adaptive,11,1,accept_static_degree,ok,-119,12.469878999999999,12.486808,0.5758935197397465,0.4246420118883036,0.5563187328639067,3501,3382,16.932829,29.402708,baseline_dominates
l2-n8192-uniform-w1,main,2,8192,uniform,1,accept_static_degree,accept_static_degree,,greedy,11,1,native,ok,1088,8.509226000000002,9.215868,0.4974716865090883,0.0,0.7217771962141724,2413,3501,8.423603,16.932829,extra_commits_extra_time
l2-n8192-uniform-w1,main,2,8192,uniform,1,accept_static_degree,accept_static_degree,,greedy,11,1,accept_id,ok,397,2.186097000000002,2.0260610000000003,0.8708959382983197,0.7801551628126618,0.9822830798878732,3104,3501,14.746732,16.932829,extra_commits_extra_time
l2-n8192-uniform-w1,main,2,8192,uniform,1,native,native,,native,11,1,accept_id,ok,-691,-6.323129,-7.189807,1.750644231452978,,1.3609228513176816,3104,2413,14.746732,8.423603,tradeoff_or_tie
l2-n8192-uniform-w1,main,2,8192,uniform,1,native,native,,native,11,1,accept_static_degree,ok,-1088,-8.509226000000002,-9.215868,2.010164652821364,,1.3854690966203245,3501,2413,16.932829,8.423603,tradeoff_or_tie
l2-n8192-uniform-w1,main,2,8192,uniform,1,eas_k1_graph,eas,1,graph,11,1,native,ok,972,33.02649,33.714766,0.20322277684636314,0.0,0.2850845833503197,2413,3385,8.423603,41.450093,extra_commits_extra_time
l2-n8192-uniform-w1,main,2,8192,uniform,1,eas_k1_graph,eas,1,graph,11,1,accept_id,ok,281,26.703361,26.524958999999996,0.3557707819859415,0.2132539493229762,0.38797812403983034,3104,3385,14.746732,41.450093,extra_commits_extra_time
l2-n8192-uniform-w1,main,2,8192,uniform,1,eas_k1_graph,eas,1,graph,11,1,accept_static_degree,ok,-116,24.517264,24.498897999999997,0.40851124266476313,0.27334812289665605,0.394975880154749,3501,3385,16.932829,41.450093,baseline_dominates
l2-n8192-uniform-w1,main,2,8192,uniform,1,eas_k1_profile,eas,1,profile,11,1,native,ok,972,28.073109000000002,28.737209,0.23080443520501243,0.0,0.3237766320631095,2413,3385,8.423603,36.496712,extra_commits_extra_time
l2-n8192-uniform-w1,main,2,8192,uniform,1,eas_k1_profile,eas,1,profile,11,1,accept_id,ok,281,21.74998,21.547401999999998,0.40405645308541766,0.25019155478877575,0.44063501729736293,3104,3385,14.746732,36.496712,extra_commits_extra_time
l2-n8192-uniform-w1,main,2,8192,uniform,1,eas_k1_profile,eas,1,profile,11,1,accept_static_degree,ok,-116,19.563883,19.521341,0.46395491736351485,0.3206946088605891,0.4485825179312475,3501,3385,16.932829,36.496712,baseline_dominates
l2-n8192-uniform-w1,main,2,8192,uniform,1,eas_k1_profile,eas,1,profile,11,1,eas_k1_graph,ok,0,-4.953381,-4.977556999999997,1.1357212945648365,1.1732094790416145,1.1357212945648625,3385,3385,41.450093,36.496712,variant_dominates
l2-n8192-uniform-w1,main,2,8192,uniform,1,eas_k1_lazy,eas,1,lazy,11,1,native,ok,972,21.170141,21.696634,0.2846413417646648,0.0,0.39930001735233,2413,3385,8.423603,29.593744,extra_commits_extra_time
l2-n8192-uniform-w1,main,2,8192,uniform,1,eas_k1_lazy,eas,1,lazy,11,1,accept_id,ok,281,14.847012000000001,14.506827,0.49830572299334613,0.3313789134296131,0.5434165181463327,3104,3385,14.746732,29.593744,extra_commits_extra_time
l2-n8192-uniform-w1,main,2,8192,uniform,1,eas_k1_lazy,eas,1,lazy,11,1,accept_static_degree,ok,-116,12.660915,12.480766,0.5721759639469748,0.4247602646567205,0.5532178343216125,3501,3385,16.932829,29.593744,baseline_dominates
l2-n8192-uniform-w1,main,2,8192,uniform,1,eas_k1_lazy,eas,1,lazy,11,1,eas_k1_graph,ok,0,-11.856349000000002,-12.018131999999998,1.4006370062537543,1.5539168886749897,1.4006370062517877,3385,3385,41.450093,29.593744,variant_dominates
l2-n8192-uniform-w1,main,2,8192,uniform,1,accept_id,accept_id,,greedy,11,1,native,ok,691,6.323129,7.189807,0.5712182875500823,0.0,0.7347955095557205,2413,3104,8.423603,14.746732,extra_commits_extra_time
l2-n8192-uniform-w1,main,2,8192,uniform,1,accept_id,accept_id,,greedy,11,1,accept_static_degree,ok,-397,-2.186097000000002,-2.0260610000000003,1.1482428106783253,1.2817962985654552,1.018036470824835,3501,3104,16.932829,14.746732,tradeoff_or_tie
l2-n8192-uniform-w1,main,2,8192,uniform,1,eas_k1_adaptive,eas,1,adaptive,11,1,native,ok,972,21.206066,21.747001,0.28429622349139305,0.0,0.39881587920398115,2413,3385,8.423603,29.629669,extra_commits_extra_time
l2-n8192-uniform-w1,main,2,8192,uniform,1,eas_k1_adaptive,eas,1,adaptive,11,1,accept_id,ok,281,14.882937,14.557194,0.4977015436790738,0.3306114254558594,0.5427576434770501,3104,3385,14.746732,29.629669,extra_commits_extra_time
l2-n8192-uniform-w1,main,2,8192,uniform,1,eas_k1_adaptive,eas,1,adaptive,11,1,accept_static_degree,ok,-116,12.696839999999998,12.531133,0.571482219393001,0.4237765014127695,0.5525470758785802,3501,3385,16.932829,29.629669,baseline_dominates
l2-n8192-uniform-w1,main,2,8192,uniform,1,eas_k1_adaptive,eas,1,adaptive,11,1,eas_k1_graph,ok,0,-11.820424000000003,-11.967764999999996,1.3989387799100963,1.5503179495876234,1.3989387799125754,3385,3385,41.450093,29.629669,variant_dominates
l2-n8192-uniform-w1,main,2,8192,uniform,1,eas_k1_profile,eas,1,profile,11,2,native,ok,972,28.639211999999997,28.994465,0.2223907239521624,0.0,0.3119737258927439,2413,3385,8.190611,36.829823,extra_commits_extra_time
l2-n8192-uniform-w1,main,2,8192,uniform,1,eas_k1_profile,eas,1,profile,11,2,accept_id,ok,281,21.85194,21.712210000000002,0.4066781151785606,0.25116017833058824,0.44349401413584566,3104,3385,14.977883,36.829823,extra_commits_extra_time
l2-n8192-uniform-w1,main,2,8192,uniform,1,eas_k1_profile,eas,1,profile,11,2,accept_static_degree,ok,-116,19.865996,19.836947000000002,0.46060028580642376,0.3158367640168563,0.4453390366907224,3501,3385,16.963827,36.829823,baseline_dominates
l2-n8192-uniform-w1,main,2,8192,uniform,1,eas_k1_profile,eas,1,profile,11,2,eas_k1_graph,ok,0,-4.842903,-4.883140000000001,1.1314940612122952,1.1684162822111048,1.1314940612120477,3385,3385,41.672726,36.829823,variant_dominates
l2-n8192-uniform-w1,main,2,8192,uniform,1,accept_static_degree,accept_static_degree,,greedy,11,2,native,ok,1088,8.773215999999998,9.157518,0.482828019880184,0.0,0.700530831994866,2413,3501,8.190611,16.963827,extra_commits_extra_time
l2-n8192-uniform-w1,main,2,8192,uniform,1,accept_static_degree,accept_static_degree,,greedy,11,2,accept_id,ok,397,1.9859439999999982,1.8752629999999995,0.8829306618135165,0.7952214781341408,0.9958570383396279,3104,3501,14.977883,16.963827,extra_commits_extra_time
l2-n8192-uniform-w1,main,2,8192,uniform,1,accept_id,accept_id,,greedy,11,2,native,ok,691,6.787272,7.282255,0.5468470410671522,0.0,0.7034451783991472,2413,3104,8.190611,14.977883,extra_commits_extra_time
l2-n8192-uniform-w1,main,2,8192,uniform,1,accept_id,accept_id,,greedy,11,2,accept_static_degree,ok,-397,-1.9859439999999982,-1.8752629999999995,1.1325917688100513,1.2575113065939052,1.0041601971978624,3501,3104,16.963827,14.977883,tradeoff_or_tie
l2-n8192-uniform-w1,main,2,8192,uniform,1,eas_k1_graph,eas,1,graph,11,2,native,ok,972,33.48211499999999,33.877605,0.1965460814826465,0.0,0.27571839445499174,2413,3385,8.190611,41.672726,extra_commits_extra_time
l2-n8192-uniform-w1,main,2,8192,uniform,1,eas_k1_graph,eas,1,graph,11,2,accept_id,ok,281,26.694843,26.595350000000003,0.35941692415322196,0.21495778701003213,0.39195434544373864,3104,3385,14.977883,41.672726,extra_commits_extra_time
l2-n8192-uniform-w1,main,2,8192,uniform,1,eas_k1_graph,eas,1,graph,11,2,accept_static_degree,ok,-116,24.708899,24.720087000000003,0.40707264986696573,0.2703118476055199,0.3935849528133437,3501,3385,16.963827,41.672726,baseline_dominates
l2-n8192-uniform-w1,main,2,8192,uniform,1,eas_k1_adaptive,eas,1,adaptive,11,2,native,ok,972,21.085404999999998,21.65086,0.2797720495848889,0.0,0.39246928630054,2413,3385,8.190611,29.276016,extra_commits_extra_time
l2-n8192-uniform-w1,main,2,8192,uniform,1,eas_k1_adaptive,eas,1,adaptive,11,2,accept_id,ok,281,14.298132999999998,14.368605000000002,0.5116093323627094,0.33634945678832157,0.5579244813273082,3104,3385,14.977883,29.276016,extra_commits_extra_time
l2-n8192-uniform-w1,main,2,8192,uniform,1,eas_k1_adaptive,eas,1,adaptive,11,2,accept_static_degree,ok,-116,12.312189,12.493342000000002,0.5794445186804106,0.4229632448780325,0.5602455571911449,3501,3385,16.963827,29.276016,baseline_dominates
l2-n8192-uniform-w1,main,2,8192,uniform,1,eas_k1_adaptive,eas,1,adaptive,11,2,eas_k1_graph,ok,0,-12.396709999999999,-12.226745000000001,1.423442520321071,1.564723295056178,1.4234425203161654,3385,3385,41.672726,29.276016,variant_dominates
l2-n8192-uniform-w1,main,2,8192,uniform,1,native,native,,native,11,2,accept_id,ok,-691,-6.787272,-7.282255,1.8286649188931081,,1.4215748870092935,3104,2413,14.977883,8.190611,tradeoff_or_tie
l2-n8192-uniform-w1,main,2,8192,uniform,1,native,native,,native,11,2,accept_static_degree,ok,-1088,-8.773215999999998,-9.157518,2.0711308350500346,,1.427488918870781,3501,2413,16.963827,8.190611,tradeoff_or_tie
l2-n8192-uniform-w1,main,2,8192,uniform,1,eas_k2_adaptive,eas,2,adaptive,11,2,native,ok,969,20.615949,21.114508,0.28433145089174133,0.0,0.3985117973140341,2413,3382,8.190611,28.80656,extra_commits_extra_time
l2-n8192-uniform-w1,main,2,8192,uniform,1,eas_k2_adaptive,eas,2,adaptive,11,2,accept_id,ok,278,13.828677,13.832253000000001,0.5199469495837059,0.3448934258851781,0.5665143632385684,3104,3382,14.977883,28.80656,extra_commits_extra_time
l2-n8192-uniform-w1,main,2,8192,uniform,1,eas_k2_adaptive,eas,2,adaptive,11,2,accept_static_degree,ok,-119,11.842733000000003,11.956990000000001,0.5888876353164001,0.4337073826205185,0.5688711747050623,3501,3382,16.963827,28.80656,baseline_dominates
l2-n8192-uniform-w1,main,2,8192,uniform,1,eas_k1_lazy,eas,1,lazy,11,2,native,ok,972,20.98124,21.584611,0.2807710419198288,0.0,0.39387069080004433,2413,3385,8.190611,29.171851,extra_commits_extra_time
l2-n8192-uniform-w1,main,2,8192,uniform,1,eas_k1_lazy,eas,1,lazy,11,2,accept_id,ok,281,14.193968,14.302356,0.5134361545998573,0.33738180410107926,0.5599166827703453,3104,3385,14.977883,29.171851,extra_commits_extra_time
l2-n8192-uniform-w1,main,2,8192,uniform,1,eas_k1_lazy,eas,1,lazy,11,2,accept_static_degree,ok,-116,12.208024000000002,12.427093,0.5815135625092833,0.4242614332961572,0.562246046585043,3501,3385,16.963827,29.171851,baseline_dominates
l2-n8192-uniform-w1,main,2,8192,uniform,1,eas_k1_lazy,eas,1,lazy,11,2,eas_k1_graph,ok,0,-12.500874999999997,-12.292994000000004,1.4285252588188524,1.5695258533962,1.4285252588192472,3385,3385,41.672726,29.171851,variant_dominates
l2-n8192-uniform-w1,main,2,8192,uniform,1,accept_id,accept_id,,greedy,11,3,native,ok,691,6.193425000000001,7.076354,0.5765635495664568,0.0,0.7416714703081404,2413,3104,8.43315,14.626575,extra_commits_extra_time
l2-n8192-uniform-w1,main,2,8192,uniform,1,accept_id,accept_id,,greedy,11,3,accept_static_degree,ok,-397,-2.7858590000000003,-2.300597999999999,1.1904655737929077,1.3251106431362816,1.0554713342060091,3501,3104,17.412434,14.626575,tradeoff_or_tie
l2-n8192-uniform-w1,main,2,8192,uniform,1,eas_k1_adaptive,eas,1,adaptive,11,3,native,ok,972,21.159772000000004,21.792421,0.2849718591492925,0.0,0.3997636731124701,2413,3385,8.43315,29.592922,extra_commits_extra_time
l2-n8192-uniform-w1,main,2,8192,uniform,1,eas_k1_adaptive,eas,1,adaptive,11,3,accept_id,ok,281,14.966347,14.716067,0.49425923536715977,0.32471628553798587,0.5390037086722256,3104,3385,14.626575,29.592922,extra_commits_extra_time
l2-n8192-uniform-w1,main,2,8192,uniform,1,eas_k1_adaptive,eas,1,adaptive,11,3,accept_static_degree,ok,-116,12.180488,12.415469000000002,0.5883986042338097,0.43028500596606495,0.568902963534261,3501,3385,17.412434,29.592922,baseline_dominates
l2-n8192-uniform-w1,main,2,8192,uniform,1,eas_k1_adaptive,eas,1,adaptive,11,3,eas_k1_graph,ok,0,-11.445898999999997,-11.587498,1.38677826407274,1.5317214640814805,1.386778264074381,3385,3385,41.038821,29.592922,variant_dominates
l2-n8192-uniform-w1,main,2,8192,uniform,1,eas_k1_graph,eas,1,graph,11,3,native,ok,972,32.605671,33.379919,0.20549201450012416,0.0,0.2882679109333288,2413,3385,8.43315,41.038821,extra_commits_extra_time
l2-n8192-uniform-w1,main,2,8192,uniform,1,eas_k1_graph,eas,1,graph,11,3,accept_id,ok,281,26.412245999999996,26.303565,0.35640826523744434,0.2119943430659613,0.38867331759918294,3104,3385,14.626575,41.038821,extra_commits_extra_time
l2-n8192-uniform-w1,main,2,8192,uniform,1,eas_k1_graph,eas,1,graph,11,3,accept_static_degree,ok,-116,23.626386999999998,24.002967,0.42429176998042906,0.2809159602813895,0.4102335450966856,3501,3385,17.412434,41.038821,baseline_dominates
l2-n8192-uniform-w1,main,2,8192,uniform,1,accept_static_degree,accept_static_degree,,greedy,11,3,native,ok,1088,8.979284000000002,9.376952,0.48431770078783926,0.0,0.7026921966251897,2413,3501,8.43315,17.412434,extra_commits_extra_time
l2-n8192-uniform-w1,main,2,8192,uniform,1,accept_static_degree,accept_static_degree,,greedy,11,3,accept_id,ok,397,2.7858590000000003,2.300597999999999,0.8400074911985309,0.75465396431591,0.9474440163287445,3104,3501,14.626575,17.412434,extra_commits_extra_time
l2-n8192-uniform-w1,main,2,8192,uniform,1,eas_k1_profile,eas,1,profile,11,3,native,ok,972,27.890044000000003,28.576827,0.23216983616583936,0.0,0.32569204120195566,2413,3385,8.43315,36.323194,extra_commits_extra_time
l2-n8192-uniform-w1,main,2,8192,uniform,1,eas_k1_profile,eas,1,profile,11,3,accept_id,ok,281,21.696619,21.500473,0.40267865760924,0.2476256023805582,0.439132492269982,3104,3385,14.626575,36.323194,extra_commits_extra_time
l2-n8192-uniform-w1,main,2,8192,uniform,1,eas_k1_profile,eas,1,profile,11,3,accept_static_degree,ok,-116,18.91076,19.199875000000002,0.47937507918494177,0.32813132122751065,0.46349175750940796,3501,3385,17.412434,36.323194,baseline_dominates
l2-n8192-uniform-w1,main,2,8192,uniform,1,eas_k1_profile,eas,1,profile,11,3,eas_k1_graph,ok,0,-4.715626999999998,-4.8030919999999995,1.1298241283517083,1.1680764627927376,1.1298241283514985,3385,3385,41.038821,36.323194,variant_dominates
l2-n8192-uniform-w1,main,2,8192,uniform,1,native,native,,native,11,3,accept_id,ok,-691,-6.193425000000001,-7.076354,1.7344141868696752,,1.34830587400717,3104,2413,14.626575,8.43315,tradeoff_or_tie
l2-n8192-uniform-w1,main,2,8192,uniform,1,native,native,,native,11,3,accept_static_degree,ok,-1088,-8.979284000000002,-9.376952,2.0647603801663674,,1.423098199756147,3501,2413,17.412434,8.43315,tradeoff_or_tie
l2-n8192-uniform-w1,main,2,8192,uniform,1,eas_k2_adaptive,eas,2,adaptive,11,3,native,ok,969,20.722962000000003,21.4556,0.28924124039583876,0.0,0.40539323457113025,2413,3382,8.43315,29.156112,extra_commits_extra_time
l2-n8192-uniform-w1,main,2,8192,uniform,1,eas_k2_adaptive,eas,2,adaptive,11,3,accept_id,ok,278,14.529537,14.379246,0.5016641107703249,0.3298138481328884,0.5465940794550215,3104,3382,14.626575,29.156112,extra_commits_extra_time
l2-n8192-uniform-w1,main,2,8192,uniform,1,eas_k2_adaptive,eas,2,adaptive,11,3,accept_static_degree,ok,-119,11.743678,12.078648000000001,0.5972138534795037,0.4370398404146236,0.5769143823114969,3501,3382,17.412434,29.156112,baseline_dominates
l2-n8192-uniform-w1,main,2,8192,uniform,1,eas_k1_lazy,eas,1,lazy,11,3,native,ok,972,21.214347000000004,21.748517,0.2844472840321056,0.0,0.3990277896599053,2413,3385,8.43315,29.647497,extra_commits_extra_time
l2-n8192-uniform-w1,main,2,8192,uniform,1,eas_k1_lazy,eas,1,lazy,11,3,accept_id,ok,281,15.020922,14.672163,0.49334940484183204,0.3253717943159067,0.5380115126905478,3104,3385,14.626575,29.647497,extra_commits_extra_time
l2-n8192-uniform-w1,main,2,8192,uniform,1,eas_k1_lazy,eas,1,lazy,11,3,accept_static_degree,ok,-116,12.235063,12.371565,0.5873154823154211,0.43115362762435705,0.5678557291176858,3501,3385,17.412434,29.647497,baseline_dominates
l2-n8192-uniform-w1,main,2,8192,uniform,1,eas_k1_lazy,eas,1,lazy,11,3,eas_k1_graph,ok,0,-11.391323999999997,-11.631402000000001,1.3842254879054376,1.5348135691274951,1.3842254879079943,3385,3385,41.038821,29.647497,variant_dominates
l2-n8192-uniform-w1,main,2,8192,uniform,1,eas_k1_graph,eas,1,graph,29,1,native,ok,983,33.140208,33.651646,0.19843943862185276,0.0,0.2803655067297228,2381,3364,8.204401,41.344609,extra_commits_extra_time
l2-n8192-uniform-w1,main,2,8192,uniform,1,eas_k1_graph,eas,1,graph,29,1,accept_id,ok,289,26.411196999999998,26.439228,0.36119369274964,0.21432586091034003,0.3951400268009178,3075,3364,14.933412,41.344609,extra_commits_extra_time
l2-n8192-uniform-w1,main,2,8192,uniform,1,eas_k1_graph,eas,1,graph,29,1,accept_static_degree,ok,-118,24.476087,24.522264999999997,0.4079981020016418,0.27129077133403817,0.3941716298491461,3482,3364,16.868522,41.344609,baseline_dominates
l2-n8192-uniform-w1,main,2,8192,uniform,1,eas_k1_adaptive,eas,1,adaptive,29,1,native,ok,983,21.248618,21.804948,0.27855891445287834,0.0,0.39356244780252037,2381,3364,8.204401,29.453019,extra_commits_extra_time
l2-n8192-uniform-w1,main,2,8192,uniform,1,eas_k1_adaptive,eas,1,adaptive,29,1,accept_id,ok,289,14.519607,14.59253,0.5070248316479883,0.33076978674748503,0.5546769215174505,3075,3364,14.933412,29.453019,extra_commits_extra_time
l2-n8192-uniform-w1,main,2,8192,uniform,1,eas_k1_adaptive,eas,1,adaptive,29,1,accept_static_degree,ok,-118,12.584497000000002,12.675567,0.5727264155840865,0.41868391522878207,0.553317536480292,3482,3364,16.868522,29.453019,baseline_dominates
l2-n8192-uniform-w1,main,2,8192,uniform,1,eas_k1_adaptive,eas,1,adaptive,29,1,eas_k1_graph,ok,0,-11.891589999999997,-11.846698,1.40374774484069,1.5433031988886192,1.4037477448391016,3364,3364,41.344609,29.453019,variant_dominates
l2-n8192-uniform-w1,main,2,8192,uniform,1,accept_static_degree,accept_static_degree,,greedy,29,1,native,ok,1101,8.664120999999998,9.129381,0.48637343568096847,0.0,0.7112777417213456,2381,3482,8.204401,16.868522,extra_commits_extra_time
l2-n8192-uniform-w1,main,2,8192,uniform,1,accept_static_degree,accept_static_degree,,greedy,29,1,accept_id,ok,407,1.935109999999998,1.916963,0.8852827769972972,0.7900226751408447,1.0024567900844163,3075,3482,14.933412,16.868522,extra_commits_extra_time
l2-n8192-uniform-w1,main,2,8192,uniform,1,native,native,,native,29,1,accept_id,ok,-694,-6.729011,-7.212418,1.8201709058345636,,1.4093746103433458,3075,2381,14.933412,8.204401,tradeoff_or_tie
l2-n8192-uniform-w1,main,2,8192,uniform,1,native,native,,native,29,1,accept_static_degree,ok,-1101,-8.664120999999998,-9.129381,2.0560333411299614,,1.405920558655364,3482,2381,16.868522,8.204401,tradeoff_or_tie
l2-n8192-uniform-w1,main,2,8192,uniform,1,eas_k2_adaptive,eas,2,adaptive,29,1,native,ok,981,20.713741,21.22846,0.2837112080022292,0.0,0.40060356207709114,2381,3362,8.204401,28.918142,extra_commits_extra_time
l2-n8192-uniform-w1,main,2,8192,uniform,1,eas_k2_adaptive,eas,2,adaptive,29,1,accept_id,ok,287,13.984729999999999,14.016041999999999,0.5164028864648358,0.3397522947967022,0.5646004892045567,3075,3362,14.933412,28.918142,extra_commits_extra_time
l2-n8192-uniform-w1,main,2,8192,uniform,1,eas_k2_adaptive,eas,2,adaptive,29,1,accept_static_degree,ok,-120,12.04962,12.099078999999998,0.5833197029048408,0.4300538522342177,0.5632167837947528,3482,3362,16.868522,28.918142,baseline_dominates
l2-n8192-uniform-w1,main,2,8192,uniform,1,accept_id,accept_id,,greedy,29,1,native,ok,694,6.729011,7.212418,0.5493989585233435,0.0,0.7095345642393716,2381,3075,8.204401,14.933412,extra_commits_extra_time
l2-n8192-uniform-w1,main,2,8192,uniform,1,accept_id,accept_id,,greedy,29,1,accept_static_degree,ok,-407,-1.935109999999998,-1.916963,1.1295825763060712,1.265786453308724,0.9975492309407076,3482,3075,16.868522,14.933412,tradeoff_or_tie
l2-n8192-uniform-w1,main,2,8192,uniform,1,eas_k1_lazy,eas,1,lazy,29,1,native,ok,983,21.448505,21.999528,0.2766811792409149,0.0,0.3909094863370047,2381,3364,8.204401,29.652906,extra_commits_extra_time
l2-n8192-uniform-w1,main,2,8192,uniform,1,eas_k1_lazy,eas,1,lazy,29,1,accept_id,ok,289,14.719494000000001,14.787110000000002,0.5036070326463112,0.3278442155668067,0.5509379049857334,3075,3364,14.933412,29.652906,extra_commits_extra_time
l2-n8192-uniform-w1,main,2,8192,uniform,1,eas_k1_lazy,eas,1,lazy,29,1,accept_static_degree,ok,-118,12.784384000000003,12.870147000000001,0.5688657293824759,0.414980766860089,0.549587683414603,3482,3364,16.868522,29.652906,baseline_dominates
l2-n8192-uniform-w1,main,2,8192,uniform,1,eas_k1_lazy,eas,1,lazy,29,1,eas_k1_graph,ok,0,-11.691702999999997,-11.652117999999998,1.3942852346410837,1.5296530907390375,1.39428523464496,3364,3364,41.344609,29.652906,variant_dominates
l2-n8192-uniform-w1,main,2,8192,uniform,1,eas_k1_profile,eas,1,profile,29,1,native,ok,983,28.618387000000002,29.164284,0.2228077080964103,0.0,0.31479425872971395,2381,3364,8.204401,36.822788,extra_commits_extra_time
l2-n8192-uniform-w1,main,2,8192,uniform,1,eas_k1_profile,eas,1,profile,29,1,accept_id,ok,289,21.889376000000002,21.951866,0.4055481078727662,0.24730310540111325,0.44366303573551297,3075,3364,14.933412,36.822788,extra_commits_extra_time
l2-n8192-uniform-w1,main,2,8192,uniform,1,eas_k1_profile,eas,1,profile,29,1,accept_static_degree,ok,-118,19.954266000000004,20.034903,0.45810007650697165,0.31303292067790867,0.44257572009478063,3482,3364,16.868522,36.822788,baseline_dominates
l2-n8192-uniform-w1,main,2,8192,uniform,1,eas_k1_profile,eas,1,profile,29,1,eas_k1_graph,ok,0,-4.521820999999996,-4.487362000000001,1.1227995283790027,1.1538649808786665,1.1227995283784358,3364,3364,41.344609,36.822788,variant_dominates
l2-n8192-uniform-w1,main,2,8192,uniform,1,accept_id,accept_id,,greedy,29,2,native,ok,694,6.406727999999999,7.236102,0.570346608266555,0.0,0.7365879128156171,2381,3075,8.504659,14.911387,extra_commits_extra_time
l2-n8192-uniform-w1,main,2,8192,uniform,1,accept_id,accept_id,,greedy,29,2,accept_static_degree,ok,-407,-2.042719,-1.9293050000000003,1.1369905428649931,1.2666221399311397,1.004091303645948,3482,3075,16.954106,14.911387,tradeoff_or_tie
l2-n8192-uniform-w1,main,2,8192,uniform,1,eas_k1_adaptive,eas,1,adaptive,29,2,native,ok,983,20.814118,21.704571,0.29007550349047645,0.0,0.40983368069888765,2381,3364,8.504659,29.318777,extra_commits_extra_time
l2-n8192-uniform-w1,main,2,8192,uniform,1,eas_k1_adaptive,eas,1,adaptive,29,2,accept_id,ok,289,14.407390000000001,14.468469000000002,0.508595123186755,0.3333906945223658,0.5563947949298991,3075,3364,14.911387,29.318777,extra_commits_extra_time
l2-n8192-uniform-w1,main,2,8192,uniform,1,eas_k1_adaptive,eas,1,adaptive,29,2,accept_static_degree,ok,-118,12.364671000000001,12.539164000000001,0.5782678452105966,0.42228003492904786,0.5586711749829822,3482,3364,16.954106,29.318777,baseline_dominates
l2-n8192-uniform-w1,main,2,8192,uniform,1,eas_k1_adaptive,eas,1,adaptive,29,2,eas_k1_graph,ok,0,-12.301913000000003,-12.12576,1.419591615298278,1.5586731016245379,1.4195916153021295,3364,3364,41.62069,29.318777,variant_dominates
l2-n8192-uniform-w1,main,2,8192,uniform,1,eas_k1_graph,eas,1,graph,29,2,native,ok,983,33.11603100000001,33.830331,0.20433728993921052,0.0,0.2886982962432216,2381,3364,8.504659,41.62069,extra_commits_extra_time
l2-n8192-uniform-w1,main,2,8192,uniform,1,eas_k1_graph,eas,1,graph,29,2,accept_id,ok,289,26.709303000000006,26.594229000000002,0.35826861592155246,0.21389391667495064,0.3919400403132716,3075,3364,14.911387,41.62069,extra_commits_extra_time
l2-n8192-uniform-w1,main,2,8192,uniform,1,eas_k1_graph,eas,1,graph,29,2,accept_static_degree,ok,-118,24.666584000000004,24.664924,0.4073480281081356,0.27092277045707885,0.39354358602919837,3482,3364,16.954106,41.62069,baseline_dominates
l2-n8192-uniform-w1,main,2,8192,uniform,1,eas_k1_profile,eas,1,profile,29,2,native,ok,983,28.093950000000003,28.958233,0.23237656381967958,0.0,0.32831363321642587,2381,3364,8.504659,36.598609,extra_commits_extra_time
l2-n8192-uniform-w1,main,2,8192,uniform,1,eas_k1_profile,eas,1,profile,29,2,accept_id,ok,289,21.687222000000006,21.722131,0.40743042993792467,0.24988064706848653,0.44572226546786875,3075,3364,14.911387,36.598609,extra_commits_extra_time
l2-n8192-uniform-w1,main,2,8192,uniform,1,eas_k1_profile,eas,1,profile,29,2,accept_static_degree,ok,-118,19.644503000000004,19.792825999999998,0.4632445457148385,0.3165043599172643,0.44754585059765767,3482,3364,16.954106,36.598609,baseline_dominates
l2-n8192-uniform-w1,main,2,8192,uniform,1,eas_k1_profile,eas,1,profile,29,2,eas_k1_graph,ok,0,-5.022081,-4.872098000000001,1.1372205429993254,1.1682456937203316,1.1372205429983877,3364,3364,41.62069,36.598609,variant_dominates
l2-n8192-uniform-w1,main,2,8192,uniform,1,eas_k1_lazy,eas,1,lazy,29,2,native,ok,983,21.036547,21.973773,0.28789139481983234,0.0,0.4067478589570188,2381,3364,8.504659,29.541206,extra_commits_extra_time
l2-n8192-uniform-w1,main,2,8192,uniform,1,eas_k1_lazy,eas,1,lazy,29,2,accept_id,ok,289,14.629819,14.737671000000002,0.5047656822135156,0.32930630529404303,0.552205448772869,3075,3364,14.911387,29.541206,extra_commits_extra_time
l2-n8192-uniform-w1,main,2,8192,uniform,1,eas_k1_lazy,eas,1,lazy,29,2,accept_static_degree,ok,-118,12.5871,12.808366000000001,0.5739138070395636,0.41710665710435796,0.5544646889387459,3482,3364,16.954106,29.541206,baseline_dominates
l2-n8192-uniform-w1,main,2,8192,uniform,1,eas_k1_lazy,eas,1,lazy,29,2,eas_k1_graph,ok,0,-12.079484000000004,-11.856558,1.408902872821103,1.5395777047482924,1.408902872825904,3364,3364,41.62069,29.541206,variant_dominates
l2-n8192-uniform-w1,main,2,8192,uniform,1,accept_static_degree,accept_static_degree,,greedy,29,2,native,ok,1101,8.449447,9.165407,0.5016282781292036,0.0,0.7335865873362298,2381,3482,8.504659,16.954106,extra_commits_extra_time
l2-n8192-uniform-w1,main,2,8192,uniform,1,accept_static_degree,accept_static_degree,,greedy,29,2,accept_id,ok,407,2.042719,1.9293050000000003,0.8795147912841881,0.7895014373066029,0.9959253669152475,3075,3482,14.911387,16.954106,extra_commits_extra_time
l2-n8192-uniform-w1,main,2,8192,uniform,1,native,native,,native,29,2,accept_id,ok,-694,-6.406727999999999,-7.236102,1.7533197980071864,,1.3576111996971096,3075,2381,14.911387,8.504659,tradeoff_or_tie
l2-n8192-uniform-w1,main,2,8192,uniform,1,native,native,,native,29,2,accept_static_degree,ok,-1101,-8.449447,-9.165407,1.9935080289521308,,1.3631655993482104,3482,2381,16.954106,8.504659,tradeoff_or_tie
l2-n8192-uniform-w1,main,2,8192,uniform,1,eas_k2_adaptive,eas,2,adaptive,29,2,native,ok,981,20.564205,21.283179,0.2925693621876658,0.0,0.41311137995652586,2381,3362,8.504659,29.068864,extra_commits_extra_time
l2-n8192-uniform-w1,main,2,8192,uniform,1,eas_k2_adaptive,eas,2,adaptive,29,2,accept_id,ok,287,14.157477000000002,14.047077000000002,0.5129676550139696,0.33999159618025104,0.5608446361513075,3075,3362,14.911387,29.068864,extra_commits_extra_time
l2-n8192-uniform-w1,main,2,8192,uniform,1,eas_k2_adaptive,eas,2,adaptive,29,2,accept_static_degree,ok,-120,12.114758000000002,12.117772,0.5832393725465157,0.43064088311243354,0.5631392218560038,3482,3362,16.954106,29.068864,baseline_dominates
l2-n8192-uniform-w1,main,2,8192,uniform,1,eas_k1_profile,eas,1,profile,29,3,native,ok,983,28.491933000000003,28.967925,0.22528624125576358,0.0,0.318296058623857,2381,3364,8.285435,36.777368,extra_commits_extra_time
l2-n8192-uniform-w1,main,2,8192,uniform,1,eas_k1_profile,eas,1,profile,29,3,accept_id,ok,289,22.157890000000002,21.886191,0.39751289434306447,0.24446811430228432,0.4348726427871925,3075,3364,14.619478,36.777368,extra_commits_extra_time
l2-n8192-uniform-w1,main,2,8192,uniform,1,eas_k1_profile,eas,1,profile,29,3,accept_static_degree,ok,-118,19.573536000000004,19.714239,0.467783121402271,0.3194459389134707,0.45193062044710186,3482,3364,17.203832,36.777368,baseline_dominates
l2-n8192-uniform-w1,main,2,8192,uniform,1,eas_k1_profile,eas,1,profile,29,3,eas_k1_graph,ok,0,-4.396518,-4.395096000000002,1.1195441174583238,1.1517228451813515,1.1195441174584673,3364,3364,41.173886,36.777368,variant_dominates
l2-n8192-uniform-w1,main,2,8192,uniform,1,accept_id,accept_id,,greedy,29,3,native,ok,694,6.334043000000001,7.081734,0.566739455403264,0.0,0.7319293680647027,2381,3075,8.285435,14.619478,extra_commits_extra_time
l2-n8192-uniform-w1,main,2,8192,uniform,1,accept_id,accept_id,,greedy,29,3,accept_static_degree,ok,-407,-2.5843539999999976,-2.171952,1.1767747111080162,1.3066977663945016,1.0392252259203547,3482,3075,17.203832,14.619478,tradeoff_or_tie
l2-n8192-uniform-w1,main,2,8192,uniform,1,eas_k2_adaptive,eas,2,adaptive,29,3,native,ok,981,20.926095,21.549276,0.28363577669502416,0.0,0.40049705218389714,2381,3362,8.285435,29.21153,extra_commits_extra_time
l2-n8192-uniform-w1,main,2,8192,uniform,1,eas_k2_adaptive,eas,2,adaptive,29,3,accept_id,ok,287,14.592051999999999,14.467541999999998,0.5004694379239979,0.3286297878406681,0.5471799187985215,3075,3362,14.619478,29.21153,extra_commits_extra_time
l2-n8192-uniform-w1,main,2,8192,uniform,1,eas_k2_adaptive,eas,2,adaptive,29,3,accept_static_degree,ok,-120,12.007698000000001,12.295589999999999,0.5889397782314038,0.4294198097420999,0.5686431747324748,3482,3362,17.203832,29.21153,baseline_dominates
l2-n8192-uniform-w1,main,2,8192,uniform,1,eas_k1_adaptive,eas,1,adaptive,29,3,native,ok,983,21.244567,21.900783,0.2805768519758312,0.0,0.3964134943496744,2381,3364,8.285435,29.530002,extra_commits_extra_time
l2-n8192-uniform-w1,main,2,8192,uniform,1,eas_k1_adaptive,eas,1,adaptive,29,3,accept_id,ok,289,14.910523999999999,14.819049,0.49507202877940887,0.3233552882561322,0.5416007495338422,3075,3364,14.619478,29.530002,extra_commits_extra_time
l2-n8192-uniform-w1,main,2,8192,uniform,1,eas_k1_adaptive,eas,1,adaptive,29,3,accept_static_degree,ok,-118,12.326170000000001,12.647097,0.5825882436445483,0.4225276329161382,0.5628451612929406,3482,3364,17.203832,29.530002,baseline_dominates
l2-n8192-uniform-w1,main,2,8192,uniform,1,eas_k1_adaptive,eas,1,adaptive,29,3,eas_k1_graph,ok,0,-11.643884000000003,-11.462238000000003,1.3943069153872731,1.5233711507026941,1.3943069153890848,3364,3364,41.173886,29.530002,variant_dominates
l2-n8192-uniform-w1,main,2,8192,uniform,1,eas_k1_graph,eas,1,graph,29,3,native,ok,983,32.888451,33.363021,0.20123033808370672,0.0,0.2843086338986236,2381,3364,8.285435,41.173886,extra_commits_extra_time
l2-n8192-uniform-w1,main,2,8192,uniform,1,eas_k1_graph,eas,1,graph,29,3,accept_id,ok,289,26.554408000000002,26.281287000000003,0.3550667527471174,0.2122629722290436,0.3884372540623218,3075,3364,14.619478,41.173886,extra_commits_extra_time
l2-n8192-uniform-w1,main,2,8192,uniform,1,eas_k1_graph,eas,1,graph,29,3,accept_static_degree,ok,-118,23.970054000000005,24.109335,0.4178335753880505,0.2773635516999495,0.40367379310879864,3482,3364,17.203832,41.173886,baseline_dominates
l2-n8192-uniform-w1,main,2,8192,uniform,1,accept_static_degree,accept_static_degree,,greedy,29,3,native,ok,1101,8.918396999999999,9.253686,0.48160404030915904,0.0,0.7043029266504709,2381,3482,8.285435,17.203832,extra_commits_extra_time
l2-n8192-uniform-w1,main,2,8192,uniform,1,accept_static_degree,accept_static_degree,,greedy,29,3,accept_id,ok,407,2.5843539999999976,2.171952,0.8497803280106433,0.7652879079752652,0.9622553177675068,3075,3482,14.619478,17.203832,extra_commits_extra_time
l2-n8192-uniform-w1,main,2,8192,uniform,1,native,native,,native,29,3,accept_id,ok,-694,-6.334043000000001,-7.081734,1.764479233739689,,1.3662520505825637,3075,2381,14.619478,8.285435,tradeoff_or_tie
l2-n8192-uniform-w1,main,2,8192,uniform,1,native,native,,native,29,3,accept_static_degree,ok,-1101,-8.918396999999999,-9.253686,2.0763945405401163,,1.4198435959308127,3482,2381,17.203832,8.285435,tradeoff_or_tie
l2-n8192-uniform-w1,main,2,8192,uniform,1,eas_k1_lazy,eas,1,lazy,29,3,native,ok,983,21.118105,21.729183,0.28178358796253783,0.0,0.3981184333906005,2381,3364,8.285435,29.40354,extra_commits_extra_time
l2-n8192-uniform-w1,main,2,8192,uniform,1,eas_k1_lazy,eas,1,lazy,29,3,accept_id,ok,289,14.784061999999999,14.647448999999998,0.49720128936855906,0.3259088940435543,0.5439301259946256,3075,3364,14.619478,29.40354,extra_commits_extra_time
l2-n8192-uniform-w1,main,2,8192,uniform,1,eas_k1_lazy,eas,1,lazy,29,3,accept_static_degree,ok,-118,12.199708000000001,12.475496999999999,0.5850939036592192,0.42586442389481466,0.5652659080716519,3482,3364,17.203832,29.40354,baseline_dominates
l2-n8192-uniform-w1,main,2,8192,uniform,1,eas_k1_lazy,eas,1,lazy,29,3,eas_k1_graph,ok,0,-11.770346000000004,-11.633838000000004,1.4003037049280462,1.5354015381066102,1.4003037049256768,3364,3364,41.173886,29.40354,variant_dominates
l2-n8192-uniform-w1,main,2,8192,uniform,1,accept_id,accept_id,,greedy,47,1,native,ok,724,6.913299,7.470871,0.5428673731318413,0.0,0.709974506698951,2352,3076,8.209881,15.12318,extra_commits_extra_time
l2-n8192-uniform-w1,main,2,8192,uniform,1,accept_id,accept_id,,greedy,47,1,accept_static_degree,ok,-429,-2.1238849999999996,-1.8385000000000007,1.1404390478722068,1.2460891106271277,1.0008532129107959,3505,3076,17.247065,15.12318,tradeoff_or_tie
l2-n8192-uniform-w1,main,2,8192,uniform,1,eas_k2_adaptive,eas,2,adaptive,47,1,native,ok,1046,21.205601,21.662418,0.27910067902337954,0.0,0.40322453542686926,2352,3398,8.209881,29.415482,extra_commits_extra_time
l2-n8192-uniform-w1,main,2,8192,uniform,1,eas_k2_adaptive,eas,2,adaptive,47,1,accept_id,ok,322,14.292302000000001,14.191547,0.5141231410044547,0.34487705850750366,0.5679422734510208,3076,3398,15.12318,29.415482,extra_commits_extra_time
l2-n8192-uniform-w1,main,2,8192,uniform,1,eas_k2_adaptive,eas,2,adaptive,47,1,accept_static_degree,ok,-107,12.168417000000002,12.353046999999998,0.5863261054161886,0.42974754711131513,0.5684268491313159,3505,3398,17.247065,29.415482,baseline_dominates
l2-n8192-uniform-w1,main,2,8192,uniform,1,eas_k1_graph,eas,1,graph,47,1,native,ok,1050,33.175639000000004,33.763876,0.19837568792176585,0.0,0.28693626288722557,2352,3402,8.209881,41.38552,extra_commits_extra_time
l2-n8192-uniform-w1,main,2,8192,uniform,1,eas_k1_graph,eas,1,graph,47,1,accept_id,ok,326,26.262340000000002,26.293005000000004,0.365422012336682,0.22126816838208976,0.4041500929679078,3076,3402,15.12318,41.38552,extra_commits_extra_time
l2-n8192-uniform-w1,main,2,8192,uniform,1,eas_k1_graph,eas,1,graph,47,1,accept_static_degree,ok,-103,24.138455,24.454505000000005,0.41674153182079143,0.2757198551493318,0.40449491904512735,3505,3402,17.247065,41.38552,baseline_dominates
l2-n8192-uniform-w1,main,2,8192,uniform,1,accept_static_degree,accept_static_degree,,greedy,47,1,native,ok,1153,9.037184,9.309371,0.4760161221633942,0.0,0.7093692636846536,2352,3505,8.209881,17.247065,extra_commits_extra_time
l2-n8192-uniform-w1,main,2,8192,uniform,1,accept_static_degree,accept_static_degree,,greedy,47,1,accept_id,ok,429,2.1238849999999996,1.8385000000000007,0.8768552794345009,0.8025108248452016,0.9991475144408896,3076,3505,15.12318,17.247065,extra_commits_extra_time
l2-n8192-uniform-w1,main,2,8192,uniform,1,eas_k1_profile,eas,1,profile,47,1,native,ok,1050,28.38661,28.870064,0.22433519650832096,0.0,0.3244848378073017,2352,3402,8.209881,36.596491,extra_commits_extra_time
l2-n8192-uniform-w1,main,2,8192,uniform,1,eas_k1_profile,eas,1,profile,47,1,accept_id,ok,326,21.473311000000002,21.399193,0.4132412585676588,0.25877569928490635,0.4570373087281742,3076,3402,15.12318,36.596491,extra_commits_extra_time
l2-n8192-uniform-w1,main,2,8192,uniform,1,eas_k1_profile,eas,1,profile,47,1,accept_static_degree,ok,-103,19.349426,19.560693,0.47127646746241325,0.322457580973842,0.4574272588606964,3505,3402,17.247065,36.596491,baseline_dominates
l2-n8192-uniform-w1,main,2,8192,uniform,1,eas_k1_profile,eas,1,profile,47,1,eas_k1_graph,ok,0,-4.789028999999999,-4.893812000000004,1.1308603330302898,1.1695116436181092,1.1308603330309415,3402,3402,41.38552,36.596491,variant_dominates
l2-n8192-uniform-w1,main,2,8192,uniform,1,eas_k1_adaptive,eas,1,adaptive,47,1,native,ok,1050,21.528691000000002,21.86516,0.27606843395170416,0.0,0.3993132705364846,2352,3402,8.209881,29.738572,extra_commits_extra_time
l2-n8192-uniform-w1,main,2,8192,uniform,1,eas_k1_adaptive,eas,1,adaptive,47,1,accept_id,ok,326,14.615392000000002,14.394289,0.5085375316609015,0.3416792285078179,0.5624332518544987,3076,3402,15.12318,29.738572,extra_commits_extra_time
l2-n8192-uniform-w1,main,2,8192,uniform,1,eas_k1_adaptive,eas,1,adaptive,47,1,accept_static_degree,ok,-103,12.491507000000002,12.555788999999999,0.5799560584146407,0.42576276597107,0.5629131271664418,3505,3402,17.247065,29.738572,baseline_dominates
l2-n8192-uniform-w1,main,2,8192,uniform,1,eas_k1_adaptive,eas,1,adaptive,47,1,eas_k1_graph,ok,0,-11.646947999999998,-11.898716000000004,1.391644494564164,1.544186093310088,1.391644494559499,3402,3402,41.38552,29.738572,variant_dominates
l2-n8192-uniform-w1,main,2,8192,uniform,1,eas_k1_lazy,eas,1,lazy,47,1,native,ok,1050,20.905548,21.476909,0.28197698890165757,0.0,0.4078595732336756,2352,3402,8.209881,29.115429,extra_commits_extra_time
l2-n8192-uniform-w1,main,2,8192,uniform,1,eas_k1_lazy,eas,1,lazy,47,1,accept_id,ok,326,13.992249,14.006038,0.519421506720715,0.34785596940416336,0.5744707301252712,3076,3402,15.12318,29.115429,extra_commits_extra_time
l2-n8192-uniform-w1,main,2,8192,uniform,1,eas_k1_lazy,eas,1,lazy,47,1,accept_static_degree,ok,-103,11.868364,12.167537999999999,0.5923685685689193,0.4334595355411713,0.5749608759690883,3505,3402,17.247065,29.115429,baseline_dominates
l2-n8192-uniform-w1,main,2,8192,uniform,1,eas_k1_lazy,eas,1,lazy,47,1,eas_k1_graph,ok,0,-12.270091,-12.286967000000004,1.4214291673325508,1.5721012739775544,1.4214291673338495,3402,3402,41.38552,29.115429,variant_dominates
l2-n8192-uniform-w1,main,2,8192,uniform,1,native,native,,native,47,1,accept_id,ok,-724,-6.913299,-7.470871,1.8420705488910254,,1.4085012779536714,3076,2352,15.12318,8.209881,tradeoff_or_tie
l2-n8192-uniform-w1,main,2,8192,uniform,1,native,native,,native,47,1,accept_static_degree,ok,-1153,-9.037184,-9.309371,2.1007691828907142,,1.409703029428894,3505,2352,17.247065,8.209881,tradeoff_or_tie
l2-n8192-uniform-w1,main,2,8192,uniform,1,native,native,,native,47,2,accept_id,ok,-724,-6.233404999999999,-7.078343,1.7438933226277573,,1.333432085444029,3076,2352,14.612839,8.379434,tradeoff_or_tie
l2-n8192-uniform-w1,main,2,8192,uniform,1,native,native,,native,47,2,accept_static_degree,ok,-1153,-8.599754,-9.170379,2.0262929453230374,,1.3597263929789485,3505,2352,16.979188,8.379434,tradeoff_or_tie
l2-n8192-uniform-w1,main,2,8192,uniform,1,eas_k1_adaptive,eas,1,adaptive,47,2,native,ok,1050,21.234246,21.783758,0.2829582139065459,0.0,0.4092788451128964,2352,3402,8.379434,29.61368,extra_commits_extra_time
l2-n8192-uniform-w1,main,2,8192,uniform,1,eas_k1_adaptive,eas,1,adaptive,47,2,accept_id,ok,326,15.000841,14.705414999999999,0.49344893981430205,0.32493672579359356,0.5457455439670131,3076,3402,14.612839,29.61368,extra_commits_extra_time
l2-n8192-uniform-w1,main,2,8192,uniform,1,eas_k1_adaptive,eas,1,adaptive,47,2,accept_static_degree,ok,-103,12.634491999999998,12.613378999999998,0.573356232660041,0.4209732315241475,0.5565072477879484,3505,3402,16.979188,29.61368,baseline_dominates
l2-n8192-uniform-w1,main,2,8192,uniform,1,eas_k1_adaptive,eas,1,adaptive,47,2,eas_k1_graph,ok,0,-11.895838999999999,-12.011116000000001,1.4017008017916044,1.5513794268188255,1.401700801785205,3402,3402,41.509519,29.61368,variant_dominates
l2-n8192-uniform-w1,main,2,8192,uniform,1,accept_static_degree,accept_static_degree,,greedy,47,2,native,ok,1153,8.599754,9.170379,0.4935120572314765,0.0,0.7354420750847941,2352,3505,8.379434,16.979188,extra_commits_extra_time
l2-n8192-uniform-w1,main,2,8192,uniform,1,accept_static_degree,accept_static_degree,,greedy,47,2,accept_id,ok,429,2.3663490000000014,2.0920360000000002,0.8606323812422596,0.771870279298162,0.980662059903601,3076,3505,14.612839,16.979188,extra_commits_extra_time
l2-n8192-uniform-w1,main,2,8192,uniform,1,eas_k2_adaptive,eas,2,adaptive,47,2,native,ok,1046,21.102489,21.569347,0.284222776105887,0.0,0.4106245719420762,2352,3398,8.379434,29.481923,extra_commits_extra_time
l2-n8192-uniform-w1,main,2,8192,uniform,1,eas_k2_adaptive,eas,2,adaptive,47,2,accept_id,ok,322,14.869083999999999,14.491004,0.49565420138978045,0.3281667729672113,0.5475399792992843,3076,3398,14.612839,29.481923,extra_commits_extra_time
l2-n8192-uniform-w1,main,2,8192,uniform,1,eas_k2_adaptive,eas,2,adaptive,47,2,accept_static_degree,ok,-107,12.502734999999998,12.398968,0.575918606123488,0.4251579336175546,0.558337068075324,3505,3398,16.979188,29.481923,baseline_dominates
l2-n8192-uniform-w1,main,2,8192,uniform,1,eas_k1_graph,eas,1,graph,47,2,native,ok,1050,33.130084999999994,33.794874,0.20186776917362015,0.0,0.29198730898322894,2352,3402,8.379434,41.509519,extra_commits_extra_time
l2-n8192-uniform-w1,main,2,8192,uniform,1,eas_k1_graph,eas,1,graph,47,2,accept_id,ok,326,26.896679999999996,26.716531,0.35203585471563764,0.2094501965002148,0.389345246340697,3076,3402,14.612839,41.509519,extra_commits_extra_time
l2-n8192-uniform-w1,main,2,8192,uniform,1,eas_k1_graph,eas,1,graph,47,2,accept_static_degree,ok,-103,24.530330999999997,24.624495,0.40904323656460584,0.27135414086763576,0.39702285043939556,3505,3402,16.979188,41.509519,baseline_dominates
l2-n8192-uniform-w1,main,2,8192,uniform,1,accept_id,accept_id,,greedy,47,2,native,ok,724,6.233404999999999,7.078343,0.5734295710778721,0.0,0.7499444560515454,2352,3076,8.379434,14.612839,extra_commits_extra_time
l2-n8192-uniform-w1,main,2,8192,uniform,1,accept_id,accept_id,,greedy,47,2,accept_static_degree,ok,-429,-2.3663490000000014,-2.0920360000000002,1.1619362945147074,1.295554482171887,1.0197192701615272,3505,3076,16.979188,14.612839,tradeoff_or_tie
l2-n8192-uniform-w1,main,2,8192,uniform,1,eas_k1_profile,eas,1,profile,47,2,native,ok,1050,28.337239,28.981075,0.2282187713467394,0.0,0.3301021514122096,2352,3402,8.379434,36.716673,extra_commits_extra_time
l2-n8192-uniform-w1,main,2,8192,uniform,1,eas_k1_profile,eas,1,profile,47,2,accept_id,ok,326,22.103834,21.902732,0.3979891914498898,0.2442401808766583,0.44016880016714327,3076,3402,14.612839,36.716673,extra_commits_extra_time
l2-n8192-uniform-w1,main,2,8192,uniform,1,eas_k1_profile,eas,1,profile,47,2,accept_static_degree,ok,-103,19.737485,19.810696,0.4624380863701894,0.316426461061227,0.44884860765431445,3505,3402,16.979188,36.716673,baseline_dominates
l2-n8192-uniform-w1,main,2,8192,uniform,1,eas_k1_profile,eas,1,profile,47,2,eas_k1_graph,ok,0,-4.792845999999997,-4.8137989999999995,1.1305359556951142,1.1661014644901888,1.1305359556951495,3402,3402,41.509519,36.716673,variant_dominates
l2-n8192-uniform-w1,main,2,8192,uniform,1,eas_k1_lazy,eas,1,lazy,47,2,native,ok,1050,20.800749,21.566247,0.2871618042971149,0.0,0.41535903835835103,2352,3402,8.379434,29.180183,extra_commits_extra_time
l2-n8192-uniform-w1,main,2,8192,uniform,1,eas_k1_lazy,eas,1,lazy,47,2,accept_id,ok,326,14.567344,14.487904,0.5007795530274776,0.32821394468866094,0.5538530687262024,3076,3402,14.612839,29.180183,extra_commits_extra_time
l2-n8192-uniform-w1,main,2,8192,uniform,1,eas_k1_lazy,eas,1,lazy,47,2,accept_static_degree,ok,-103,12.200994999999999,12.395868,0.5818739382134787,0.42521904715271047,0.5647746470182053,3505,3402,16.979188,29.180183,baseline_dominates
l2-n8192-uniform-w1,main,2,8192,uniform,1,eas_k1_lazy,eas,1,lazy,47,2,eas_k1_graph,ok,0,-12.329335999999998,-12.228627,1.4225242864309657,1.5670261960738927,1.4225242864312582,3402,3402,41.509519,29.180183,variant_dominates
l2-n8192-uniform-w1,main,2,8192,uniform,1,eas_k1_lazy,eas,1,lazy,47,3,native,ok,1050,20.869321,21.512088,0.28437033856865296,0.0,0.41132138257187995,2352,3402,8.292859,29.16218,extra_commits_extra_time
l2-n8192-uniform-w1,main,2,8192,uniform,1,eas_k1_lazy,eas,1,lazy,47,3,accept_id,ok,326,14.482042999999999,14.400421999999999,0.5033964196092336,0.33058929472583043,0.5567472755233832,3076,3402,14.680137,29.16218,extra_commits_extra_time
l2-n8192-uniform-w1,main,2,8192,uniform,1,eas_k1_lazy,eas,1,lazy,47,3,accept_static_degree,ok,-103,12.180591,12.405877999999998,0.5823154853306577,0.4233066543796214,0.5652032185721232,3505,3402,16.981589,29.16218,baseline_dominates
l2-n8192-uniform-w1,main,2,8192,uniform,1,eas_k1_lazy,eas,1,lazy,47,3,eas_k1_graph,ok,0,-12.359465999999998,-12.1586,1.423818315365998,1.5651985060678444,1.4238183153653081,3402,3402,41.521646,29.16218,variant_dominates
l2-n8192-uniform-w1,main,2,8192,uniform,1,accept_static_degree,accept_static_degree,,greedy,47,3,native,ok,1153,8.68873,9.10621,0.4883441119673783,0.0,0.7277406940657628,2352,3505,8.292859,16.981589,extra_commits_extra_time
l2-n8192-uniform-w1,main,2,8192,uniform,1,accept_static_degree,accept_static_degree,,greedy,47,3,accept_id,ok,429,2.3014519999999994,1.9945440000000012,0.8644736956005707,0.7809688113935435,0.9850391102334797,3076,3505,14.680137,16.981589,extra_commits_extra_time
l2-n8192-uniform-w1,main,2,8192,uniform,1,eas_k1_graph,eas,1,graph,47,3,native,ok,1050,33.228787,33.670688,0.19972375372594817,0.0,0.28888614378186833,2352,3402,8.292859,41.521646,extra_commits_extra_time
l2-n8192-uniform-w1,main,2,8192,uniform,1,eas_k1_graph,eas,1,graph,47,3,accept_id,ok,326,26.841508999999995,26.559022,0.3535538306935135,0.21121237558317787,0.39102410013635686,3076,3402,14.680137,41.521646,extra_commits_extra_time
l2-n8192-uniform-w1,main,2,8192,uniform,1,eas_k1_graph,eas,1,graph,47,3,accept_static_degree,ok,-103,24.540056999999997,24.564477999999998,0.40898159480479174,0.2704491811987923,0.39696302012178386,3505,3402,16.981589,41.521646,baseline_dominates
l2-n8192-uniform-w1,main,2,8192,uniform,1,accept_id,accept_id,,greedy,47,3,native,ok,724,6.387278,7.111666,0.5649033793077,0.0,0.7387937052502103,2352,3076,8.292859,14.680137,extra_commits_extra_time
l2-n8192-uniform-w1,main,2,8192,uniform,1,accept_id,accept_id,,greedy,47,3,accept_static_degree,ok,-429,-2.3014519999999994,-1.9945440000000012,1.1567731963264376,1.2804608652881058,1.0151881175184752,3505,3076,16.981589,14.680137,tradeoff_or_tie
l2-n8192-uniform-w1,main,2,8192,uniform,1,eas_k1_adaptive,eas,1,adaptive,47,3,native,ok,1050,21.096666,21.785811,0.282170569275958,0.0,0.40813957341696794,2352,3402,8.292859,29.389525,extra_commits_extra_time
l2-n8192-uniform-w1,main,2,8192,uniform,1,eas_k1_adaptive,eas,1,adaptive,47,3,accept_id,ok,326,14.709387999999999,14.674145,0.49950235670702403,0.32643567870849516,0.5524405128475501,3076,3402,14.680137,29.389525,extra_commits_extra_time
l2-n8192-uniform-w1,main,2,8192,uniform,1,eas_k1_adaptive,eas,1,adaptive,47,3,accept_static_degree,ok,-103,12.407936,12.679600999999998,0.5778109377405726,0.4179881116199898,0.5608310442786454,3505,3402,16.981589,29.389525,baseline_dominates
l2-n8192-uniform-w1,main,2,8192,uniform,1,eas_k1_adaptive,eas,1,adaptive,47,3,eas_k1_graph,ok,0,-12.132120999999998,-11.884877,1.4128042559381275,1.5455329158964979,1.4128042559394796,3402,3402,41.521646,29.389525,variant_dominates
l2-n8192-uniform-w1,main,2,8192,uniform,1,native,native,,native,47,3,accept_id,ok,-724,-6.387278,-7.111666,1.770214228892593,,1.3535578239142223,3076,2352,14.680137,8.292859,tradeoff_or_tie
l2-n8192-uniform-w1,main,2,8192,uniform,1,native,native,,native,47,3,accept_static_degree,ok,-1153,-8.68873,-9.10621,2.0477363717386248,,1.3741158192118832,3505,2352,16.981589,8.292859,tradeoff_or_tie
l2-n8192-uniform-w1,main,2,8192,uniform,1,eas_k1_profile,eas,1,profile,47,3,native,ok,1050,27.946800000000003,28.575908,0.22883380332027956,0.0,0.3309917512306795,2352,3402,8.292859,36.239659,extra_commits_extra_time
l2-n8192-uniform-w1,main,2,8192,uniform,1,eas_k1_profile,eas,1,profile,47,3,accept_id,ok,326,21.559522,21.464242,0.405084854689168,0.24886929227235755,0.44801647452935617,3076,3402,14.680137,36.239659,extra_commits_extra_time
l2-n8192-uniform-w1,main,2,8192,uniform,1,eas_k1_profile,eas,1,profile,47,3,accept_static_degree,ok,-103,19.258070000000004,19.469697999999998,0.46859130214221933,0.3186673893267014,0.454821001394721,3505,3402,16.981589,36.239659,baseline_dominates
l2-n8192-uniform-w1,main,2,8192,uniform,1,eas_k1_profile,eas,1,profile,47,3,eas_k1_graph,ok,0,-5.281986999999994,-5.09478,1.1457515646049536,1.1782893477960525,1.1457515646046499,3402,3402,41.521646,36.239659,variant_dominates
l2-n8192-uniform-w1,main,2,8192,uniform,1,eas_k2_adaptive,eas,2,adaptive,47,3,native,ok,1046,20.776444,21.23642,0.28527890744404844,0.0,0.41215039434211664,2352,3398,8.292859,29.069303,extra_commits_extra_time
l2-n8192-uniform-w1,main,2,8192,uniform,1,eas_k2_adaptive,eas,2,adaptive,47,3,accept_id,ok,322,14.389166000000001,14.124754,0.5050047811603876,0.33488064372431886,0.5578693908911041,3076,3398,14.680137,29.069303,extra_commits_extra_time
l2-n8192-uniform-w1,main,2,8192,uniform,1,eas_k2_adaptive,eas,2,adaptive,47,3,accept_static_degree,ok,-107,12.087714000000002,12.130209999999998,0.5841759948630347,0.4288015588314792,0.5663423767599183,3505,3398,16.981589,29.069303,baseline_dominates
l2-n8192-uniform-w1,main,2,8192,uniform,1,eas_k1_graph,eas,1,graph,71,1,native,ok,980,32.760073000000006,33.289227,0.20196666059941815,0.0,0.2839920760109393,2413,3393,8.290935,41.051008,extra_commits_extra_time
l2-n8192-uniform-w1,main,2,8192,uniform,1,eas_k1_graph,eas,1,graph,71,1,accept_id,ok,274,26.556980000000003,26.230768999999995,0.3530736200192697,0.2120343016676236,0.3840906677545281,3119,3393,14.494028,41.051008,extra_commits_extra_time
l2-n8192-uniform-w1,main,2,8192,uniform,1,eas_k1_graph,eas,1,graph,71,1,accept_static_degree,ok,-115,24.157057000000002,24.152693999999997,0.4115355949359392,0.274459151604812,0.39804454778113624,3508,3393,16.893951,41.051008,baseline_dominates
l2-n8192-uniform-w1,main,2,8192,uniform,1,eas_k1_profile,eas,1,profile,71,1,native,ok,980,28.310790000000004,28.722898,0.22651760265397325,0.0,0.3185139767117349,2413,3393,8.290935,36.601725,extra_commits_extra_time
l2-n8192-uniform-w1,main,2,8192,uniform,1,eas_k1_profile,eas,1,profile,71,1,accept_id,ok,274,22.107697,21.66444,0.39599303038313083,0.24574323941825088,0.43078049121218454,3119,3393,14.494028,36.601725,extra_commits_extra_time
l2-n8192-uniform-w1,main,2,8192,uniform,1,eas_k1_profile,eas,1,profile,71,1,accept_static_degree,ok,-115,19.707774,19.586365,0.4615616067275518,0.3180923108803297,0.44643059624420733,3508,3393,16.893951,36.601725,baseline_dominates
l2-n8192-uniform-w1,main,2,8192,uniform,1,eas_k1_profile,eas,1,profile,71,1,eas_k1_graph,ok,0,-4.449283000000001,-4.566328999999996,1.121559380056541,1.158978700547556,1.1215593800563148,3393,3393,41.051008,36.601725,variant_dominates
l2-n8192-uniform-w1,main,2,8192,uniform,1,eas_k2_adaptive,eas,2,adaptive,71,1,native,ok,973,21.001689,21.440656,0.28303831708623983,0.0,0.3971685626417758,2413,3386,8.290935,29.292624,extra_commits_extra_time
l2-n8192-uniform-w1,main,2,8192,uniform,1,eas_k2_adaptive,eas,2,adaptive,71,1,accept_id,ok,267,14.798596,14.382198,0.4948012851289799,0.3292090503201021,0.5371584326539789,3119,3386,14.494028,29.292624,extra_commits_extra_time
l2-n8192-uniform-w1,main,2,8192,uniform,1,eas_k2_adaptive,eas,2,adaptive,71,1,accept_static_degree,ok,-122,12.398672999999999,12.304123,0.5767305448634442,0.4261312247162587,0.556673211204456,3508,3386,16.893951,29.292624,baseline_dominates
l2-n8192-uniform-w1,main,2,8192,uniform,1,accept_static_degree,accept_static_degree,,greedy,71,1,native,ok,1095,8.603016000000002,9.136533,0.4907635283185087,0.0,0.7134680718377572,2413,3508,8.290935,16.893951,extra_commits_extra_time
l2-n8192-uniform-w1,main,2,8192,uniform,1,accept_static_degree,accept_static_degree,,greedy,71,1,accept_id,ok,389,2.399923000000001,2.078075,0.85794187517177,0.7725532212273518,0.9649439237281535,3119,3508,14.494028,16.893951,extra_commits_extra_time
l2-n8192-uniform-w1,main,2,8192,uniform,1,native,native,,native,71,1,accept_id,ok,-706,-6.203093000000001,-7.058458,1.7481777386989528,,1.3524696644695575,3119,2413,14.494028,8.290935,tradeoff_or_tie
l2-n8192-uniform-w1,main,2,8192,uniform,1,native,native,,native,71,1,accept_static_degree,ok,-1095,-8.603016000000002,-9.136533,2.037641231055364,,1.4016044157718108,3508,2413,16.893951,8.290935,tradeoff_or_tie
l2-n8192-uniform-w1,main,2,8192,uniform,1,eas_k1_adaptive,eas,1,adaptive,71,1,native,ok,980,21.123528,21.76729,0.281865931055753,0.0,0.39634111233774744,2413,3393,8.290935,29.414463,extra_commits_extra_time
l2-n8192-uniform-w1,main,2,8192,uniform,1,eas_k1_adaptive,eas,1,adaptive,71,1,accept_id,ok,274,14.920435000000001,14.708832,0.49275174596932125,0.32426902935551466,0.5360393312189244,3119,3393,14.494028,29.414463,extra_commits_extra_time
l2-n8192-uniform-w1,main,2,8192,uniform,1,eas_k1_adaptive,eas,1,adaptive,71,1,accept_static_degree,ok,-115,12.520512,12.630757,0.5743416427490109,0.4197368161126167,0.5555134532044982,3508,3393,16.893951,29.414463,baseline_dominates
l2-n8192-uniform-w1,main,2,8192,uniform,1,eas_k1_adaptive,eas,1,adaptive,71,1,eas_k1_graph,ok,0,-11.636545000000002,-11.521936999999998,1.39560623629267,1.5293234481646543,1.3956062362897779,3393,3393,41.051008,29.414463,variant_dominates
l2-n8192-uniform-w1,main,2,8192,uniform,1,eas_k1_lazy,eas,1,lazy,71,1,native,ok,980,20.946669,21.54881,0.2835709451431109,0.0,0.39873858966978587,2413,3393,8.290935,29.237604,extra_commits_extra_time
l2-n8192-uniform-w1,main,2,8192,uniform,1,eas_k1_lazy,eas,1,lazy,71,1,accept_id,ok,274,14.743576000000001,14.490352,0.49573241364100834,0.32755674211244146,0.5392818465817598,3119,3393,14.494028,29.237604,extra_commits_extra_time
l2-n8192-uniform-w1,main,2,8192,uniform,1,eas_k1_lazy,eas,1,lazy,71,1,accept_static_degree,ok,-115,12.343653,12.412277,0.5778158497529414,0.42399246176471,0.558873768019796,3508,3393,16.893951,29.237604,baseline_dominates
l2-n8192-uniform-w1,main,2,8192,uniform,1,eas_k1_lazy,eas,1,lazy,71,1,eas_k1_graph,ok,0,-11.813404000000002,-11.740416999999997,1.4040482934237704,1.544829018400552,1.4040482934264216,3393,3393,41.051008,29.237604,variant_dominates
l2-n8192-uniform-w1,main,2,8192,uniform,1,accept_id,accept_id,,greedy,71,1,native,ok,706,6.203093000000001,7.058458,0.5720242157666592,0.0,0.7393881181003812,2413,3119,8.290935,14.494028,extra_commits_extra_time
l2-n8192-uniform-w1,main,2,8192,uniform,1,accept_id,accept_id,,greedy,71,1,accept_static_degree,ok,-389,-2.399923000000001,-2.078075,1.1655801272082544,1.2944092038232713,1.0363296512987035,3508,3119,16.893951,14.494028,tradeoff_or_tie
l2-n8192-uniform-w1,main,2,8192,uniform,1,eas_k1_adaptive,eas,1,adaptive,71,2,native,ok,980,-21.248354000000006,25.242359,1.6149263712603579,0.0,2.270801979976176,2413,3393,55.80266,34.554306,variant_dominates
l2-n8192-uniform-w1,main,2,8192,uniform,1,eas_k1_adaptive,eas,1,adaptive,71,2,accept_id,ok,274,16.703927999999998,16.441072,0.5165891046979789,0.3486713345610844,0.5619707701942124,3119,3393,17.850378,34.554306,extra_commits_extra_time
l2-n8192-uniform-w1,main,2,8192,uniform,1,eas_k1_adaptive,eas,1,adaptive,71,2,accept_static_degree,ok,-115,-30.396918999999997,14.21254,1.8796854146050568,0.43695674401905144,1.8180651686852338,3508,3393,64.951225,34.554306,tradeoff_or_tie
l2-n8192-uniform-w1,main,2,8192,uniform,1,eas_k1_adaptive,eas,1,adaptive,71,2,eas_k1_graph,ok,0,-56.640837000000005,-41.87110499999999,2.639183174450096,2.6587635490011055,2.6391831744495406,3393,3393,91.195143,34.554306,variant_dominates
l2-n8192-uniform-w1,main,2,8192,uniform,1,eas_k1_lazy,eas,1,lazy,71,2,native,ok,980,29.544888,42.099835,0.6538285083480079,0.0,0.9193701321281699,2413,3393,55.80266,85.347548,extra_commits_extra_time
l2-n8192-uniform-w1,main,2,8192,uniform,1,eas_k1_lazy,eas,1,lazy,71,2,accept_id,ok,274,67.49717000000001,33.298548,0.2091492774930101,0.2090575176838579,0.22752276323585155,3119,3393,17.850378,85.347548,extra_commits_extra_time
l2-n8192-uniform-w1,main,2,8192,uniform,1,eas_k1_lazy,eas,1,lazy,71,2,accept_static_degree,ok,-115,20.39632300000001,31.070016,0.7610203986176615,0.2619919769281756,0.7360724665077591,3508,3393,64.951225,85.347548,baseline_dominates
l2-n8192-uniform-w1,main,2,8192,uniform,1,eas_k1_lazy,eas,1,lazy,71,2,eas_k1_graph,ok,0,-5.847594999999998,-25.013628999999995,1.0685150907908918,1.5941502858621655,1.0685150907916565,3393,3393,91.195143,85.347548,variant_dominates
l2-n8192-uniform-w1,main,2,8192,uniform,1,eas_k1_graph,eas,1,graph,71,2,native,ok,980,35.392483,67.113464,0.6119038598360441,0.0,0.8604184817333875,2413,3393,55.80266,91.195143,extra_commits_extra_time
l2-n8192-uniform-w1,main,2,8192,uniform,1,eas_k1_graph,eas,1,graph,71,2,accept_id,ok,274,73.344765,58.31217699999999,0.19573825329710814,0.1311404072363185,0.2129335984083119,3119,3393,17.850378,91.195143,extra_commits_extra_time
l2-n8192-uniform-w1,main,2,8192,uniform,1,eas_k1_graph,eas,1,graph,71,2,accept_static_degree,ok,-115,26.243918000000008,56.08364499999999,0.7122224151784048,0.16434584571584623,0.6888741889105258,3508,3393,64.951225,91.195143,baseline_dominates
l2-n8192-uniform-w1,main,2,8192,uniform,1,eas_k1_profile,eas,1,profile,71,2,native,ok,980,81.97706600000001,58.517071,0.4050135794289502,0.0,0.5695031392465993,2413,3393,55.80266,137.779726,extra_commits_extra_time
l2-n8192-uniform-w1,main,2,8192,uniform,1,eas_k1_profile,eas,1,profile,71,2,accept_id,ok,274,119.929348,49.715784,0.12955736317838226,0.15040546031430727,0.14093880515014828,3119,3393,17.850378,137.779726,extra_commits_extra_time
l2-n8192-uniform-w1,main,2,8192,uniform,1,eas_k1_profile,eas,1,profile,71,2,accept_static_degree,ok,-115,72.82850100000002,47.487252,0.4714135155124346,0.1884889112102005,0.4559595376660724,3508,3393,64.951225,137.779726,baseline_dominates
l2-n8192-uniform-w1,main,2,8192,uniform,1,eas_k1_profile,eas,1,profile,71,2,eas_k1_graph,ok,0,46.58458300000001,-8.596392999999992,0.6618908721011681,1.14690402053787,0.6618908721013128,3393,3393,91.195143,137.779726,baseline_dominates
l2-n8192-uniform-w1,main,2,8192,uniform,1,native,native,,native,71,2,accept_id,ok,-706,37.952282000000004,-8.801287,0.3198839983613684,,0.24747678359876552,3119,2413,17.850378,55.80266,baseline_dominates
l2-n8192-uniform-w1,main,2,8192,uniform,1,native,native,,native,71,2,accept_static_degree,ok,-1095,-9.14856499999999,-11.029819,1.1639449624802831,,0.8006269083420071,3508,2413,64.951225,55.80266,tradeoff_or_tie
l2-n8192-uniform-w1,main,2,8192,uniform,1,accept_id,accept_id,,greedy,71,2,native,ok,706,-37.952282000000004,8.801287,3.126133239307314,0.0,4.040783080570909,2413,3119,55.80266,17.850378,variant_dominates
l2-n8192-uniform-w1,main,2,8192,uniform,1,accept_id,accept_id,,greedy,71,2,accept_static_degree,ok,-389,-47.100846999999995,-2.2285319999999995,3.638647035933917,1.253205241460709,3.235159665078178,3508,3119,64.951225,17.850378,tradeoff_or_tie
l2-n8192-uniform-w1,main,2,8192,uniform,1,eas_k2_adaptive,eas,2,adaptive,71,2,native,ok,973,44.550816,41.793158,0.5560610576159813,0.0,0.7802829428467705,2413,3386,55.80266,100.353476,extra_commits_extra_time
l2-n8192-uniform-w1,main,2,8192,uniform,1,eas_k2_adaptive,eas,2,adaptive,71,2,accept_id,ok,267,82.503098,32.991870999999996,0.17787503444325137,0.2105915757789828,0.19310191299269813,3119,3386,17.850378,100.353476,extra_commits_extra_time
l2-n8192-uniform-w1,main,2,8192,uniform,1,eas_k2_adaptive,eas,2,adaptive,71,2,accept_static_degree,ok,-122,35.40225100000001,30.763339,0.6472244668435799,0.26391446657369133,0.6247155201634128,3508,3386,64.951225,100.353476,baseline_dominates
l2-n8192-uniform-w1,main,2,8192,uniform,1,accept_static_degree,accept_static_degree,,greedy,71,2,native,ok,1095,9.14856499999999,11.029819,0.859147152343932,0.0,1.249021222720166,2413,3508,55.80266,64.951225,extra_commits_extra_time
l2-n8192-uniform-w1,main,2,8192,uniform,1,accept_static_degree,accept_static_degree,,greedy,71,2,accept_id,ok,389,47.100846999999995,2.2285319999999995,0.2748274262725607,0.797953892081094,0.30910375484538405,3119,3508,17.850378,64.951225,extra_commits_extra_time
l2-n8192-uniform-w1,main,2,8192,uniform,1,eas_k1_graph,eas,1,graph,71,3,native,ok,980,72.19253900000001,67.79252,0.40208581970625185,0.0,0.5653863183860565,2413,3393,48.548098,120.740637,extra_commits_extra_time
l2-n8192-uniform-w1,main,2,8192,uniform,1,eas_k1_graph,eas,1,graph,71,3,accept_id,ok,274,53.76478900000001,59.05372799999999,0.554708420165118,0.1289049588361666,0.6034388168078394,3119,3393,66.975848,120.740637,extra_commits_extra_time
l2-n8192-uniform-w1,main,2,8192,uniform,1,eas_k1_graph,eas,1,graph,71,3,accept_static_degree,ok,-115,100.079364,56.789801,0.1711211197270725,0.16229989680277412,0.16551139088775843,3508,3393,20.661273,120.740637,baseline_dominates
l2-n8192-uniform-w1,main,2,8192,uniform,1,eas_k1_profile,eas,1,profile,71,3,native,ok,980,30.709191999999994,50.117078,0.6125379507676834,0.0,0.8613100981995149,2413,3393,48.548098,79.25729,extra_commits_extra_time
l2-n8192-uniform-w1,main,2,8192,uniform,1,eas_k1_profile,eas,1,profile,71,3,accept_id,ok,274,12.281441999999998,41.378286,0.845043377082411,0.17436754792448195,0.9192793133831468,3119,3393,66.975848,79.25729,extra_commits_extra_time
l2-n8192-uniform-w1,main,2,8192,uniform,1,eas_k1_profile,eas,1,profile,71,3,accept_static_degree,ok,-115,58.596016999999996,39.114359,0.2606860895698049,0.2195403131842603,0.252140222893284,3508,3393,20.661273,79.25729,baseline_dominates
l2-n8192-uniform-w1,main,2,8192,uniform,1,eas_k1_profile,eas,1,profile,71,3,eas_k1_graph,ok,0,-41.48334700000001,-17.675441999999997,1.5234010272115033,1.3526830115674342,1.5234010272094982,3393,3393,120.740637,79.25729,variant_dominates
l2-n8192-uniform-w1,main,2,8192,uniform,1,eas_k1_lazy,eas,1,lazy,71,3,native,ok,980,42.741572,41.81791,0.5318027549009653,0.0,0.7477856391952827,2413,3393,48.548098,91.28967,extra_commits_extra_time
l2-n8192-uniform-w1,main,2,8192,uniform,1,eas_k1_lazy,eas,1,lazy,71,3,accept_id,ok,274,24.313822000000002,33.079117999999994,0.7336629434633732,0.20897247136454214,0.7981142568677762,3119,3393,66.975848,91.28967,extra_commits_extra_time
l2-n8192-uniform-w1,main,2,8192,uniform,1,eas_k1_lazy,eas,1,lazy,71,3,accept_static_degree,ok,-115,70.628397,30.815191,0.226326516461282,0.2631102080424393,0.21890703259747482,3508,3393,20.661273,91.28967,baseline_dominates
l2-n8192-uniform-w1,main,2,8192,uniform,1,eas_k1_lazy,eas,1,lazy,71,3,eas_k1_graph,ok,0,-29.450967000000006,-25.97461,1.3226100718734113,1.6211360156449712,1.3226100718706826,3393,3393,120.740637,91.28967,variant_dominates
l2-n8192-uniform-w1,main,2,8192,uniform,1,eas_k1_adaptive,eas,1,adaptive,71,3,native,ok,980,41.573142,41.795538,0.5386976255541979,0.0,0.757480747412679,2413,3393,48.548098,90.12124,extra_commits_extra_time
l2-n8192-uniform-w1,main,2,8192,uniform,1,eas_k1_adaptive,eas,1,adaptive,71,3,accept_id,ok,274,23.145392,33.056746000000004,0.7431749496567069,0.20908432857115034,0.8084618801499066,3119,3393,66.975848,90.12124,extra_commits_extra_time
l2-n8192-uniform-w1,main,2,8192,uniform,1,eas_k1_adaptive,eas,1,adaptive,71,3,accept_static_degree,ok,-115,69.459967,30.792819,0.22926086014795183,0.263251043687965,0.22174518200733181,3508,3393,20.661273,90.12124,baseline_dominates
l2-n8192-uniform-w1,main,2,8192,uniform,1,eas_k1_adaptive,eas,1,adaptive,71,3,eas_k1_graph,ok,0,-30.619397000000006,-25.996981999999996,1.339757830673435,1.622003765090905,1.3397578306722606,3393,3393,120.740637,90.12124,variant_dominates
l2-n8192-uniform-w1,main,2,8192,uniform,1,accept_id,accept_id,,greedy,71,3,native,ok,706,18.427749999999996,8.738792,0.7248597733320227,0.0,0.9369405855873197,2413,3119,48.548098,66.975848,extra_commits_extra_time
l2-n8192-uniform-w1,main,2,8192,uniform,1,accept_id,accept_id,,greedy,71,3,accept_static_degree,ok,-389,46.314575,-2.2639270000000007,0.30848841212133665,1.259066356082168,0.27428031853056,3508,3119,20.661273,66.975848,baseline_dominates
l2-n8192-uniform-w1,main,2,8192,uniform,1,native,native,,native,71,3,accept_id,ok,-706,-18.427749999999996,-8.738792,1.3795771772562542,,1.067303535979447,3119,2413,66.975848,48.548098,tradeoff_or_tie
l2-n8192-uniform-w1,main,2,8192,uniform,1,native,native,,native,71,3,accept_static_degree,ok,-1095,27.886825,-11.002719,0.42558357281061765,,0.29274035381723573,3508,2413,20.661273,48.548098,baseline_dominates
l2-n8192-uniform-w1,main,2,8192,uniform,1,eas_k2_adaptive,eas,2,adaptive,71,3,native,ok,973,44.28024,37.452499,0.5229879048356979,0.0,0.7338736202957711,2413,3386,48.548098,92.828338,extra_commits_extra_time
l2-n8192-uniform-w1,main,2,8192,uniform,1,eas_k2_adaptive,eas,2,adaptive,71,3,accept_id,ok,267,25.852490000000003,28.713707000000003,0.7215021774923945,0.23333001090261024,0.7832659099037145,3119,3386,66.975848,92.828338,extra_commits_extra_time
l2-n8192-uniform-w1,main,2,8192,uniform,1,eas_k2_adaptive,eas,2,adaptive,71,3,accept_static_degree,ok,-122,72.16706500000001,26.449780000000004,0.22257506107671562,0.29377796659176203,0.21483442326251972,3508,3386,20.661273,92.828338,baseline_dominates
l2-n8192-uniform-w1,main,2,8192,uniform,1,accept_static_degree,accept_static_degree,,greedy,71,3,native,ok,1095,-27.886825,11.002719,2.3497147537811442,0.0,3.4159964178506192,2413,3508,48.548098,20.661273,variant_dominates
l2-n8192-uniform-w1,main,2,8192,uniform,1,accept_static_degree,accept_static_degree,,greedy,71,3,accept_id,ok,389,-46.314575,2.2639270000000007,3.241612847378765,0.7942393148457213,3.64590505566509,3119,3508,66.975848,20.661273,variant_dominates
l2-n8192-uniform-w1,main,2,8192,uniform,1,eas_k1_lazy,eas,1,lazy,101,1,native,ok,990,28.476489,41.675043,0.6686868672060988,0.0,0.9486022999896822,2365,3355,57.473889,85.950378,extra_commits_extra_time
l2-n8192-uniform-w1,main,2,8192,uniform,1,eas_k1_lazy,eas,1,lazy,101,1,accept_id,ok,253,31.007564000000002,33.031585,0.6392387710034271,0.20740129770232033,0.6913752665109181,3102,3355,54.942814,85.950378,extra_commits_extra_time
l2-n8192-uniform-w1,main,2,8192,uniform,1,eas_k1_lazy,eas,1,lazy,101,1,accept_static_degree,ok,-113,22.280832000000004,30.512475000000002,0.740770982996724,0.26784778602388004,0.7166339815333016,3468,3355,63.669546,85.950378,baseline_dominates
l2-n8192-uniform-w1,main,2,8192,uniform,1,eas_k1_lazy,eas,1,lazy,101,1,eas_k1_graph,ok,0,-51.24110200000001,-21.641526,1.5961707579692088,1.51929222964449,1.5961707579702877,3355,3355,137.19148,85.950378,variant_dominates
l2-n8192-uniform-w1,main,2,8192,uniform,1,native,native,,native,101,1,accept_id,ok,-737,2.5310750000000013,-8.643458,0.9559613061854924,,0.7288357476240972,3102,2365,54.942814,57.473889,baseline_dominates
l2-n8192-uniform-w1,main,2,8192,uniform,1,native,native,,native,101,1,accept_static_degree,ok,-1103,-6.195656999999997,-11.162568,1.1077995087473547,,0.7554630444614107,3468,2365,63.669546,57.473889,tradeoff_or_tie
l2-n8192-uniform-w1,main,2,8192,uniform,1,eas_k1_profile,eas,1,profile,101,1,native,ok,990,-10.753777999999997,33.773899,1.230174495946724,0.0,1.745131261689423,2365,3355,57.473889,46.720111,variant_dominates
l2-n8192-uniform-w1,main,2,8192,uniform,1,eas_k1_profile,eas,1,profile,101,1,accept_id,ok,253,-8.222702999999996,25.130440999999998,1.17599921798131,0.25592123669227534,1.2719140478155946,3102,3355,54.942814,46.720111,variant_dominates
l2-n8192-uniform-w1,main,2,8192,uniform,1,eas_k1_profile,eas,1,profile,101,1,accept_static_degree,ok,-113,-16.949434999999994,22.611331,1.3627867022833056,0.3305087162130733,1.3183821759406742,3468,3355,63.669546,46.720111,tradeoff_or_tie
l2-n8192-uniform-w1,main,2,8192,uniform,1,eas_k1_profile,eas,1,profile,101,1,eas_k1_graph,ok,0,-90.47136900000001,-29.54267,2.9364544960092243,1.8747189656722785,2.9364544960082313,3355,3355,137.19148,46.720111,variant_dominates
l2-n8192-uniform-w1,main,2,8192,uniform,1,eas_k1_graph,eas,1,graph,101,1,native,ok,990,79.71759100000001,63.316569,0.41893191180676814,0.0,0.5942987586089709,2365,3355,57.473889,137.19148,extra_commits_extra_time
l2-n8192-uniform-w1,main,2,8192,uniform,1,eas_k1_graph,eas,1,graph,101,1,accept_id,ok,253,82.24866600000001,54.673111,0.4004826976135835,0.1365117873016777,0.43314618004284217,3102,3355,54.942814,137.19148,extra_commits_extra_time
l2-n8192-uniform-w1,main,2,8192,uniform,1,eas_k1_graph,eas,1,graph,101,1,accept_static_degree,ok,-113,73.52193400000002,52.154001,0.4640925660981279,0.17629773969590803,0.4489707494983701,3468,3355,63.669546,137.19148,baseline_dominates
l2-n8192-uniform-w1,main,2,8192,uniform,1,accept_id,accept_id,,greedy,101,1,native,ok,737,-2.5310750000000013,8.643458,1.0460674438699118,0.0,1.3720512519588406,2365,3102,57.473889,54.942814,variant_dominates
l2-n8192-uniform-w1,main,2,8192,uniform,1,accept_id,accept_id,,greedy,101,1,accept_static_degree,ok,-366,-8.726731999999998,-2.5191099999999995,1.1588330004356893,1.291447011138366,1.0365340159619156,3468,3102,63.669546,54.942814,tradeoff_or_tie
l2-n8192-uniform-w1,main,2,8192,uniform,1,eas_k2_adaptive,eas,2,adaptive,101,1,native,ok,989,-22.041173,25.633354,1.6220571124155427,0.0,2.3003719048772107,2365,3354,57.473889,35.432716,variant_dominates
l2-n8192-uniform-w1,main,2,8192,uniform,1,eas_k2_adaptive,eas,2,adaptive,101,1,accept_id,ok,252,-19.510098,16.989896,1.5506238358922302,0.33719574894490983,1.6765932771046503,3102,3354,54.942814,35.432716,variant_dominates
l2-n8192-uniform-w1,main,2,8192,uniform,1,eas_k2_adaptive,eas,2,adaptive,101,1,accept_static_degree,ok,-114,-28.236829999999998,14.470786,1.796914072294091,0.4354704421434667,1.737845962652032,3468,3354,63.669546,35.432716,tradeoff_or_tie
l2-n8192-uniform-w1,main,2,8192,uniform,1,eas_k1_adaptive,eas,1,adaptive,101,1,native,ok,990,-7.520884000000002,23.105295,1.1505591905832293,0.0,1.6321886191976838,2365,3355,57.473889,49.953005,variant_dominates
l2-n8192-uniform-w1,main,2,8192,uniform,1,eas_k1_adaptive,eas,1,adaptive,101,1,accept_id,ok,253,-4.989809000000001,14.461837000000001,1.0998900666736666,0.37408992181229456,1.1895974125364865,3102,3355,54.942814,49.953005,variant_dominates
l2-n8192-uniform-w1,main,2,8192,uniform,1,eas_k1_adaptive,eas,1,adaptive,101,1,accept_static_degree,ok,-113,-13.716541,11.942727000000001,1.2745889061128555,0.48311731142147285,1.2330581833943481,3468,3355,63.669546,49.953005,tradeoff_or_tie
l2-n8192-uniform-w1,main,2,8192,uniform,1,eas_k1_adaptive,eas,1,adaptive,101,1,eas_k1_graph,ok,0,-87.23847500000002,-40.211274,2.7464109516534596,2.740348868084134,2.746410951653376,3355,3355,137.19148,49.953005,variant_dominates
l2-n8192-uniform-w1,main,2,8192,uniform,1,accept_static_degree,accept_static_degree,,greedy,101,1,native,ok,1103,6.195656999999997,11.162568,0.9026904165454549,0.0,1.3236914860778215,2365,3468,57.473889,63.669546,extra_commits_extra_time
l2-n8192-uniform-w1,main,2,8192,uniform,1,accept_static_degree,accept_static_degree,,greedy,101,1,accept_id,ok,366,8.726731999999998,2.5191099999999995,0.8629371096819192,0.7743252269549444,0.9647536738791813,3102,3468,54.942814,63.669546,extra_commits_extra_time
l2-n8192-uniform-w1,main,2,8192,uniform,1,accept_id,accept_id,,greedy,101,2,native,ok,737,4.248819999999995,8.648098,0.9272776305106902,0.0,1.2162432176928477,2365,3102,54.176394,58.425214,extra_commits_extra_time
l2-n8192-uniform-w1,main,2,8192,uniform,1,accept_id,accept_id,,greedy,101,2,accept_static_degree,ok,-366,37.81664599999999,-2.3589710000000004,0.3527341465963651,1.272773389015712,0.31550787852923273,3468,3102,20.608568,58.425214,baseline_dominates
l2-n8192-uniform-w1,main,2,8192,uniform,1,eas_k1_lazy,eas,1,lazy,101,2,native,ok,990,39.78647599999999,41.758988,0.5765723631047031,0.0,0.8179282360330732,2365,3355,54.176394,93.96287,extra_commits_extra_time
l2-n8192-uniform-w1,main,2,8192,uniform,1,eas_k1_lazy,eas,1,lazy,101,2,accept_id,ok,253,35.537656,33.110890000000005,0.6217904370098529,0.20709548804199945,0.6725038414476358,3102,3355,58.425214,93.96287,extra_commits_extra_time
l2-n8192-uniform-w1,main,2,8192,uniform,1,eas_k1_lazy,eas,1,lazy,101,2,accept_static_degree,ok,-113,73.35430199999999,30.751919,0.21932671916045138,0.2635856261650785,0.21218026031790305,3468,3355,20.608568,93.96287,baseline_dominates
l2-n8192-uniform-w1,main,2,8192,uniform,1,eas_k1_lazy,eas,1,lazy,101,2,eas_k1_graph,ok,0,19.934062999999995,-1.3274629999999945,0.7878517014220617,1.0317886774459188,0.787851701422529,3355,3355,74.028807,93.96287,baseline_dominates
l2-n8192-uniform-w1,main,2,8192,uniform,1,eas_k2_adaptive,eas,2,adaptive,101,2,native,ok,989,-19.701497000000003,24.940574,1.571473701574801,0.0,2.228635431324459,2365,3354,54.176394,34.474897,variant_dominates
l2-n8192-uniform-w1,main,2,8192,uniform,1,eas_k2_adaptive,eas,2,adaptive,101,2,accept_id,ok,252,-23.950317,16.292476,1.694717579576815,0.34674815423253685,1.8323928955197533,3102,3354,58.425214,34.474897,variant_dominates
l2-n8192-uniform-w1,main,2,8192,uniform,1,eas_k2_adaptive,eas,2,adaptive,101,2,accept_static_degree,ok,-114,13.866328999999997,13.933505000000002,0.5977847591538853,0.4413318233974887,0.5781343950974754,3468,3354,20.608568,34.474897,baseline_dominates
l2-n8192-uniform-w1,main,2,8192,uniform,1,eas_k1_graph,eas,1,graph,101,2,native,ok,990,19.852413,43.086451,0.7318285434479581,0.0,1.038175375589389,2365,3355,54.176394,74.028807,extra_commits_extra_time
l2-n8192-uniform-w1,main,2,8192,uniform,1,eas_k1_graph,eas,1,graph,101,2,accept_id,ok,253,15.603593000000004,34.438353,0.789222687324949,0.20071502291985013,0.8535919135966534,3102,3355,58.425214,74.028807,extra_commits_extra_time
l2-n8192-uniform-w1,main,2,8192,uniform,1,eas_k1_graph,eas,1,graph,101,2,accept_static_degree,ok,-113,53.420238999999995,32.079381999999995,0.2783857910880558,0.25546473994806396,0.26931497378858826,3468,3355,20.608568,74.028807,baseline_dominates
l2-n8192-uniform-w1,main,2,8192,uniform,1,accept_static_degree,accept_static_degree,,greedy,101,2,native,ok,1103,-33.567826,11.007069,2.6288286502972937,0.0,3.854874316807779,2365,3468,54.176394,20.608568,variant_dominates
l2-n8192-uniform-w1,main,2,8192,uniform,1,accept_static_degree,accept_static_degree,,greedy,101,2,accept_id,ok,366,-37.81664599999999,2.3589710000000004,2.834996298626862,0.785685816996332,3.1694929605611954,3102,3468,58.425214,20.608568,variant_dominates
l2-n8192-uniform-w1,main,2,8192,uniform,1,native,native,,native,101,2,accept_id,ok,-737,-4.248819999999995,-8.648098,1.0784256700436725,,0.8222039682958724,3102,2365,58.425214,54.176394,tradeoff_or_tie
l2-n8192-uniform-w1,main,2,8192,uniform,1,native,native,,native,101,2,accept_static_degree,ok,-1103,33.567826,-11.007069,0.380397558390468,,0.2594118297553472,3468,2365,20.608568,54.176394,baseline_dominates
l2-n8192-uniform-w1,main,2,8192,uniform,1,eas_k1_adaptive,eas,1,adaptive,101,2,native,ok,990,63.992312,42.360586,0.4584665080448626,0.0,0.6503827207142481,2365,3355,54.176394,118.168706,extra_commits_extra_time
l2-n8192-uniform-w1,main,2,8192,uniform,1,eas_k1_adaptive,eas,1,adaptive,101,2,accept_id,ok,253,59.743492,33.712488,0.4944220511308637,0.20415435235008317,0.5347472538823208,3102,3355,58.425214,118.168706,extra_commits_extra_time
l2-n8192-uniform-w1,main,2,8192,uniform,1,eas_k1_adaptive,eas,1,adaptive,101,2,accept_static_degree,ok,-113,97.560138,31.353516999999997,0.1743995402640696,0.25984222692292314,0.16871697162174407,3468,3355,20.608568,118.168706,baseline_dominates
l2-n8192-uniform-w1,main,2,8192,uniform,1,eas_k1_adaptive,eas,1,adaptive,101,2,eas_k1_graph,ok,0,44.139899,-0.7258649999999989,0.6264671037355694,1.0171353861818626,0.6264671037347762,3355,3355,74.028807,118.168706,baseline_dominates
l2-n8192-uniform-w1,main,2,8192,uniform,1,eas_k1_profile,eas,1,profile,101,2,native,ok,990,52.08630099999999,49.826754,0.5098345567087302,0.0,0.7232536734713522,2365,3355,54.176394,106.262695,extra_commits_extra_time
l2-n8192-uniform-w1,main,2,8192,uniform,1,eas_k1_profile,eas,1,profile,101,2,accept_id,ok,253,47.837481,41.178656000000004,0.5498186734300311,0.17356334309876978,0.5946620404127129,3102,3355,58.425214,106.262695,extra_commits_extra_time
l2-n8192-uniform-w1,main,2,8192,uniform,1,eas_k1_profile,eas,1,profile,101,2,accept_static_degree,ok,-113,85.65412699999999,38.819685,0.1939398205550876,0.220906804404718,0.1876205588124799,3468,3355,20.608568,106.262695,baseline_dominates
l2-n8192-uniform-w1,main,2,8192,uniform,1,eas_k1_profile,eas,1,profile,101,2,eas_k1_graph,ok,0,32.23388799999999,6.740303000000004,0.6966584745474412,0.8647252237221794,0.6966584745479533,3355,3355,74.028807,106.262695,baseline_dominates
l2-n8192-uniform-w1,main,2,8192,uniform,1,eas_k1_adaptive,eas,1,adaptive,101,3,native,ok,990,43.713176000000004,41.626117,0.5663573848549966,0.0,0.8034372203758551,2365,3355,57.091437,100.804613,extra_commits_extra_time
l2-n8192-uniform-w1,main,2,8192,uniform,1,eas_k1_adaptive,eas,1,adaptive,101,3,accept_id,ok,253,21.983078000000006,33.023826,0.7819238887410837,0.20665610006333282,0.8456978229287687,3102,3355,78.821535,100.804613,extra_commits_extra_time
l2-n8192-uniform-w1,main,2,8192,uniform,1,eas_k1_adaptive,eas,1,adaptive,101,3,accept_static_degree,ok,-113,80.14987500000001,30.692706,0.20489873811628043,0.2626574801584303,0.19822239514942488,3468,3355,20.654738,100.804613,baseline_dominates
l2-n8192-uniform-w1,main,2,8192,uniform,1,eas_k1_adaptive,eas,1,adaptive,101,3,eas_k1_graph,ok,0,13.519703000000007,-17.01081,0.8658821000582582,1.4086571418612022,0.8658821000586344,3355,3355,87.28491,100.804613,baseline_dominates
l2-n8192-uniform-w1,main,2,8192,uniform,1,eas_k1_graph,eas,1,graph,101,3,native,ok,990,30.193472999999997,58.636927,0.6540814099481801,0.0,0.9278829303913884,2365,3355,57.091437,87.28491,extra_commits_extra_time
l2-n8192-uniform-w1,main,2,8192,uniform,1,eas_k1_graph,eas,1,graph,101,3,accept_id,ok,253,8.463375,50.034636,0.9030373635030385,0.14670432848569978,0.9766893470502521,3102,3355,78.821535,87.28491,extra_commits_extra_time
l2-n8192-uniform-w1,main,2,8192,uniform,1,eas_k1_graph,eas,1,graph,101,3,accept_static_degree,ok,-113,66.630172,47.703516,0.23663584003237215,0.18645948141177315,0.2289253873431521,3468,3355,20.654738,87.28491,baseline_dominates
l2-n8192-uniform-w1,main,2,8192,uniform,1,native,native,,native,101,3,accept_id,ok,-737,-21.730097999999998,-8.602291,1.3806192161532034,,1.0525997569955046,3102,2365,78.821535,57.091437,tradeoff_or_tie
l2-n8192-uniform-w1,main,2,8192,uniform,1,native,native,,native,101,3,accept_static_degree,ok,-1103,36.436699000000004,-10.933411,0.36178346675701994,,0.24671796392093295,3468,2365,20.654738,57.091437,baseline_dominates
l2-n8192-uniform-w1,main,2,8192,uniform,1,eas_k1_lazy,eas,1,lazy,101,3,native,ok,990,29.940258,41.82679,0.6559844318785243,0.0,0.9305825661526389,2365,3355,57.091437,87.031695,extra_commits_extra_time
l2-n8192-uniform-w1,main,2,8192,uniform,1,eas_k1_lazy,eas,1,lazy,101,3,accept_id,ok,253,8.210160000000002,33.224499,0.9056647121488327,0.20566462308008812,0.9795309829965207,3102,3355,78.821535,87.031695,extra_commits_extra_time
l2-n8192-uniform-w1,main,2,8192,uniform,1,eas_k1_lazy,eas,1,lazy,101,3,accept_static_degree,ok,-113,66.376957,30.893379000000003,0.2373243219036467,0.2613973245376946,0.22959143598149598,3468,3355,20.654738,87.031695,baseline_dominates
l2-n8192-uniform-w1,main,2,8192,uniform,1,eas_k1_lazy,eas,1,lazy,101,3,eas_k1_graph,ok,0,-0.2532149999999973,-16.810136999999997,1.0029094572959885,1.4018988069608018,1.0029094572955575,3355,3355,87.28491,87.031695,variant_dominates
l2-n8192-uniform-w1,main,2,8192,uniform,1,eas_k1_profile,eas,1,profile,101,3,native,ok,990,50.140645000000006,51.777796,0.5324100393760889,0.0,0.755279358184227,2365,3355,57.091437,107.232082,extra_commits_extra_time
l2-n8192-uniform-w1,main,2,8192,uniform,1,eas_k1_profile,eas,1,profile,101,3,accept_id,ok,253,28.410547000000008,43.175505,0.735055531235512,0.16613860891259255,0.7950068688884381,3102,3355,78.821535,107.232082,extra_commits_extra_time
l2-n8192-uniform-w1,main,2,8192,uniform,1,eas_k1_profile,eas,1,profile,101,3,accept_static_degree,ok,-113,86.57734400000001,40.844385,0.19261714978172295,0.2111602239693632,0.1863409854427215,3468,3355,20.654738,107.232082,baseline_dominates
l2-n8192-uniform-w1,main,2,8192,uniform,1,eas_k1_profile,eas,1,profile,101,3,eas_k1_graph,ok,0,19.94717200000001,-6.859130999999998,0.813981304587558,1.1324724405032613,0.8139813045872546,3355,3355,87.28491,107.232082,baseline_dominates
l2-n8192-uniform-w1,main,2,8192,uniform,1,accept_id,accept_id,,greedy,101,3,native,ok,737,21.730097999999998,8.602291,0.7243126767323169,0.0,0.9500287201797926,2365,3102,57.091437,78.821535,extra_commits_extra_time
l2-n8192-uniform-w1,main,2,8192,uniform,1,accept_id,accept_id,,greedy,101,3,accept_static_degree,ok,-366,58.166797,-2.3311200000000003,0.26204435120427433,1.270988275100203,0.2343891515091682,3468,3102,20.654738,78.821535,baseline_dominates
l2-n8192-uniform-w1,main,2,8192,uniform,1,accept_static_degree,accept_static_degree,,greedy,101,3,native,ok,1103,-36.436699000000004,10.933411,2.7640842987211944,0.0,4.053211140800738,2365,3468,57.091437,20.654738,variant_dominates
l2-n8192-uniform-w1,main,2,8192,uniform,1,accept_static_degree,accept_static_degree,,greedy,101,3,accept_id,ok,366,-58.166797,2.3311200000000003,3.8161478978818324,0.7867893194539197,4.266409061858329,3102,3468,78.821535,20.654738,variant_dominates
l2-n8192-uniform-w1,main,2,8192,uniform,1,eas_k2_adaptive,eas,2,adaptive,101,3,native,ok,989,-21.923178999999998,25.017775,1.623379724978132,0.0,2.3022476099703364,2365,3354,57.091437,35.168258,variant_dominates
l2-n8192-uniform-w1,main,2,8192,uniform,1,eas_k2_adaptive,eas,2,adaptive,101,3,accept_id,ok,252,-43.653276999999996,16.415484,2.2412692434183117,0.34384716466592247,2.423345274798258,3102,3354,78.821535,35.168258,variant_dominates
l2-n8192-uniform-w1,main,2,8192,uniform,1,eas_k2_adaptive,eas,2,adaptive,101,3,accept_static_degree,ok,-114,14.513520000000003,14.084364,0.5873119447656463,0.4370257147168363,0.5680058427737157,3468,3354,20.654738,35.168258,baseline_dominates
l2-n8192-zipf-w1,main,2,8192,zipf,1,eas_k1_graph,eas,1,graph,11,1,native,ok,518,638.96464,638.866388,0.010728599536227436,0.0,0.020851394727093023,549,1067,6.92954,645.89418,extra_commits_extra_time
l2-n8192-zipf-w1,main,2,8192,zipf,1,eas_k1_graph,eas,1,graph,11,1,accept_id,ok,107,632.84,632.210584,0.020211019706045347,0.010418147088370534,0.022463706277488293,960,1067,13.05418,645.89418,extra_commits_extra_time
l2-n8192-zipf-w1,main,2,8192,zipf,1,eas_k1_graph,eas,1,graph,11,1,accept_static_degree,ok,-2,630.920183,630.271061,0.023183359540412642,0.013454029138875277,0.023139985621747045,1069,1067,14.973997,645.89418,baseline_dominates
l2-n8192-zipf-w1,main,2,8192,zipf,1,eas_k2_adaptive,eas,2,adaptive,11,1,native,ok,517,56.006066999999994,56.870039,0.11010523820005423,0.0,0.21379268473871016,549,1066,6.92954,62.935607,extra_commits_extra_time
l2-n8192-zipf-w1,main,2,8192,zipf,1,eas_k2_adaptive,eas,2,adaptive,11,1,accept_id,ok,106,49.881426999999995,50.214235,0.2074212138765898,0.1170353338424825,0.23032397290939327,960,1066,13.05418,62.935607,extra_commits_extra_time
l2-n8192-zipf-w1,main,2,8192,zipf,1,eas_k2_adaptive,eas,2,adaptive,11,1,accept_static_degree,ok,-3,47.96160999999999,48.274712,0.2379256785431497,0.15113981194913545,0.2372579731781882,1069,1066,14.973997,62.935607,baseline_dominates
l2-n8192-zipf-w1,main,2,8192,zipf,1,eas_k1_lazy,eas,1,lazy,11,1,native,ok,518,69.042189,69.26414,0.09121208759116171,0.0,0.17727376586458626,549,1067,6.92954,75.971729,extra_commits_extra_time
l2-n8192-zipf-w1,main,2,8192,zipf,1,eas_k1_lazy,eas,1,lazy,11,1,accept_id,ok,107,62.917548999999994,62.608335999999994,0.17182944460827002,0.0960930721149501,0.19098126812169722,960,1067,13.05418,75.971729,extra_commits_extra_time
l2-n8192-zipf-w1,main,2,8192,zipf,1,eas_k1_lazy,eas,1,lazy,11,1,accept_static_degree,ok,-2,60.997732,60.668813,0.1970995947716288,0.12409490683057639,0.196730839682846,1069,1067,14.973997,75.971729,baseline_dominates
l2-n8192-zipf-w1,main,2,8192,zipf,1,eas_k1_lazy,eas,1,lazy,11,1,eas_k1_graph,ok,0,-569.922451,-569.602248,8.501770178219848,9.223624057123933,8.501770178195686,1067,1067,645.89418,75.971729,variant_dominates
l2-n8192-zipf-w1,main,2,8192,zipf,1,eas_k1_profile,eas,1,profile,11,1,native,ok,518,64.289531,64.34945,0.09729893837003294,0.0,0.18910376546536953,549,1067,6.92954,71.219071,extra_commits_extra_time
l2-n8192-zipf-w1,main,2,8192,zipf,1,eas_k1_profile,eas,1,profile,11,1,accept_id,ok,107,58.164891,57.693646,0.18329612864509284,0.10343218162703799,0.20372600964968265,960,1067,13.05418,71.219071,extra_commits_extra_time
l2-n8192-zipf-w1,main,2,8192,zipf,1,eas_k1_profile,eas,1,profile,11,1,accept_static_degree,ok,-2,56.245074,55.75412300000001,0.21025263022596855,0.13357265679815444,0.2098592670254884,1069,1067,14.973997,71.219071,baseline_dominates
l2-n8192-zipf-w1,main,2,8192,zipf,1,eas_k1_profile,eas,1,profile,11,1,eas_k1_graph,ok,0,-574.675109,-574.516938,9.06911829838387,9.92807845288499,9.06911829833904,1067,1067,645.89418,71.219071,variant_dominates
l2-n8192-zipf-w1,main,2,8192,zipf,1,eas_k1_adaptive,eas,1,adaptive,11,1,native,ok,518,69.606479,69.606714,0.09053959286803251,0.0,0.1759667497093703,549,1067,6.92954,76.536019,extra_commits_extra_time
l2-n8192-zipf-w1,main,2,8192,zipf,1,eas_k1_adaptive,eas,1,adaptive,11,1,accept_id,ok,107,63.481838999999994,62.95090999999999,0.17056256871682862,0.09562014376946454,0.1895731883555723,960,1067,13.05418,76.536019,extra_commits_extra_time
l2-n8192-zipf-w1,main,2,8192,zipf,1,eas_k1_adaptive,eas,1,adaptive,11,1,accept_static_degree,ok,-2,61.562022,61.011387,0.1956464053872465,0.12348416562229901,0.1952803690819614,1069,1067,14.973997,76.536019,baseline_dominates
l2-n8192-zipf-w1,main,2,8192,zipf,1,eas_k1_adaptive,eas,1,adaptive,11,1,eas_k1_graph,ok,0,-569.358161,-569.259674,8.439087745078563,9.17822938746972,8.439087745086418,1067,1067,645.89418,76.536019,variant_dominates
l2-n8192-zipf-w1,main,2,8192,zipf,1,native,native,,native,11,1,accept_id,ok,-411,-6.12464,-6.655804,1.883845103715398,,1.0773239186873351,960,549,13.05418,6.92954,tradeoff_or_tie
l2-n8192-zipf-w1,main,2,8192,zipf,1,native,native,,native,11,1,accept_static_degree,ok,-520,-8.044457000000001,-8.595327,2.1608933637730643,,1.1097572092710117,1069,549,14.973997,6.92954,tradeoff_or_tie
l2-n8192-zipf-w1,main,2,8192,zipf,1,accept_static_degree,accept_static_degree,,greedy,11,1,native,ok,520,8.044457000000001,8.595327,0.4627715632639702,0.0,0.9010979984143468,549,1069,6.92954,14.973997,extra_commits_extra_time
l2-n8192-zipf-w1,main,2,8192,zipf,1,accept_static_degree,accept_static_degree,,greedy,11,1,accept_id,ok,109,1.919817,1.9395229999999994,0.8717899435935509,0.7743514586472394,0.9707744267730581,960,1069,13.05418,14.973997,extra_commits_extra_time
l2-n8192-zipf-w1,main,2,8192,zipf,1,accept_id,accept_id,,greedy,11,1,native,ok,411,6.12464,6.655804,0.5308292056643925,0.0,0.9282259334021373,549,960,6.92954,13.05418,extra_commits_extra_time
l2-n8192-zipf-w1,main,2,8192,zipf,1,accept_id,accept_id,,greedy,11,1,accept_static_degree,ok,-109,-1.919817,-1.9395229999999994,1.147065307817113,1.2914032624758782,1.030105421425336,1069,960,14.973997,13.05418,tradeoff_or_tie
l2-n8192-zipf-w1,main,2,8192,zipf,1,eas_k1_lazy,eas,1,lazy,11,2,native,ok,518,69.69231900000001,69.78829,0.09309058743678295,0.0,0.1809246936155081,549,1067,7.153635,76.845954,extra_commits_extra_time
l2-n8192-zipf-w1,main,2,8192,zipf,1,eas_k1_lazy,eas,1,lazy,11,2,accept_id,ok,107,63.744327000000006,63.178509000000005,0.17049208602446395,0.09471189220999683,0.1894948497791325,960,1067,13.101627,76.845954,extra_commits_extra_time
l2-n8192-zipf-w1,main,2,8192,zipf,1,eas_k1_lazy,eas,1,lazy,11,2,accept_static_degree,ok,-2,61.96356600000001,61.214347000000004,0.19366521235457626,0.12285647061992777,0.19330288267738138,1069,1067,14.882388,76.845954,baseline_dominates
l2-n8192-zipf-w1,main,2,8192,zipf,1,eas_k1_lazy,eas,1,lazy,11,2,eas_k1_graph,ok,0,-571.893164,-572.01257,8.4420725390435,9.196397561825915,8.442072539057062,1067,1067,648.739118,76.845954,variant_dominates
l2-n8192-zipf-w1,main,2,8192,zipf,1,eas_k1_profile,eas,1,profile,11,2,native,ok,518,64.292254,64.541179,0.10012661470277179,0.0,0.1945994497047153,549,1067,7.153635,71.445889,extra_commits_extra_time
l2-n8192-zipf-w1,main,2,8192,zipf,1,eas_k1_profile,eas,1,profile,11,2,accept_id,ok,107,58.34426199999999,57.931398,0.18337831866015414,0.10241184159341124,0.20381736042766502,960,1067,13.101627,71.445889,extra_commits_extra_time
l2-n8192-zipf-w1,main,2,8192,zipf,1,eas_k1_profile,eas,1,profile,11,2,accept_static_degree,ok,-2,56.563500999999995,55.967236,0.20830292978788467,0.1328445363540694,0.2079132142972949,1069,1067,14.882388,71.445889,baseline_dominates
l2-n8192-zipf-w1,main,2,8192,zipf,1,eas_k1_profile,eas,1,profile,11,2,eas_k1_graph,ok,0,-577.293229,-577.259681,9.080146206872728,9.944052308062112,9.08014620690217,1067,1067,648.739118,71.445889,variant_dominates
l2-n8192-zipf-w1,main,2,8192,zipf,1,accept_static_degree,accept_static_degree,,greedy,11,2,native,ok,520,7.728753,8.573943,0.4806778992726167,0.0,0.9359647984012105,549,1069,7.153635,14.882388,extra_commits_extra_time
l2-n8192-zipf-w1,main,2,8192,zipf,1,accept_static_degree,accept_static_degree,,greedy,11,2,accept_id,ok,109,1.780761,1.964162,0.8803444044060671,0.7709149687605807,0.9803001753232806,960,1069,13.101627,14.882388,extra_commits_extra_time
l2-n8192-zipf-w1,main,2,8192,zipf,1,native,native,,native,11,2,accept_id,ok,-411,-5.947992,-6.609781,1.8314642835425625,,1.0473686371515283,960,549,13.101627,7.153635,tradeoff_or_tie
l2-n8192-zipf-w1,main,2,8192,zipf,1,native,native,,native,11,2,accept_static_degree,ok,-520,-7.728753,-8.573943,2.0803952116651185,,1.0684162499574479,1069,549,14.882388,7.153635,tradeoff_or_tie
l2-n8192-zipf-w1,main,2,8192,zipf,1,eas_k1_adaptive,eas,1,adaptive,11,2,native,ok,518,69.532241,69.72202,0.09328490946624905,0.0,0.1813023650283946,549,1067,7.153635,76.685876,extra_commits_extra_time
l2-n8192-zipf-w1,main,2,8192,zipf,1,eas_k1_adaptive,eas,1,adaptive,11,2,accept_id,ok,107,63.58424899999999,63.112239,0.17084797988093664,0.09480191480396007,0.18989041097213855,960,1067,13.101627,76.685876,extra_commits_extra_time
l2-n8192-zipf-w1,main,2,8192,zipf,1,eas_k1_adaptive,eas,1,adaptive,11,2,accept_static_degree,ok,-2,61.803487999999994,61.148077,0.1940694789741986,0.12297324432080424,0.19370639295205372,1069,1067,14.882388,76.685876,baseline_dominates
l2-n8192-zipf-w1,main,2,8192,zipf,1,eas_k1_adaptive,eas,1,adaptive,11,2,eas_k1_graph,ok,0,-572.053242,-572.0788399999999,8.459694950866833,9.205138634824406,8.459694950900367,1067,1067,648.739118,76.685876,variant_dominates
l2-n8192-zipf-w1,main,2,8192,zipf,1,eas_k1_graph,eas,1,graph,11,2,native,ok,518,641.585483,641.80086,0.011026982652216142,0.0,0.02143131236772297,549,1067,7.153635,648.739118,extra_commits_extra_time
l2-n8192-zipf-w1,main,2,8192,zipf,1,eas_k1_graph,eas,1,graph,11,2,accept_id,ok,107,635.637491,635.191079,0.020195524882777302,0.010298803588390332,0.0224464844269507,960,1067,13.101627,648.739118,extra_commits_extra_time
l2-n8192-zipf-w1,main,2,8192,zipf,1,eas_k1_graph,eas,1,graph,11,2,accept_static_degree,ok,-2,633.85673,633.226917,0.02294048190878479,0.013359195249442329,0.02289756239158925,1069,1067,14.882388,648.739118,baseline_dominates
l2-n8192-zipf-w1,main,2,8192,zipf,1,accept_id,accept_id,,greedy,11,2,native,ok,411,5.947992,6.609781,0.5460111938769131,0.0,0.9547736723525022,549,960,7.153635,13.101627,extra_commits_extra_time
l2-n8192-zipf-w1,main,2,8192,zipf,1,accept_id,accept_id,,greedy,11,2,accept_static_degree,ok,-109,-1.780761,-1.964162,1.1359190732570847,1.2971599210321794,1.0200957065729614,1069,960,14.882388,13.101627,tradeoff_or_tie
l2-n8192-zipf-w1,main,2,8192,zipf,1,eas_k2_adaptive,eas,2,adaptive,11,2,native,ok,517,57.611169,57.777573,0.11045559560405681,0.0,0.2144729779853338,549,1066,7.153635,64.764804,extra_commits_extra_time
l2-n8192-zipf-w1,main,2,8192,zipf,1,eas_k2_adaptive,eas,2,adaptive,11,2,accept_id,ok,106,51.663177,51.167792,0.20229547826625094,0.11440046123086549,0.22463227065832878,960,1066,13.101627,64.764804,extra_commits_extra_time
l2-n8192-zipf-w1,main,2,8192,zipf,1,eas_k2_adaptive,eas,2,adaptive,11,2,accept_static_degree,ok,-3,49.882416,49.20363,0.22979129219629849,0.14839569325627439,0.2291464148562966,1069,1066,14.882388,64.764804,baseline_dominates
l2-n8192-zipf-w1,main,2,8192,zipf,1,eas_k1_profile,eas,1,profile,11,3,native,ok,518,64.773802,64.830574,0.09613925364350528,0.0,0.1868498791217215,549,1067,6.889673,71.663475,extra_commits_extra_time
l2-n8192-zipf-w1,main,2,8192,zipf,1,eas_k1_profile,eas,1,profile,11,3,accept_id,ok,107,58.75671700000001,58.244842,0.1801023185102313,0.10158373732739125,0.20017622276130662,960,1067,12.906758,71.663475,extra_commits_extra_time
l2-n8192-zipf-w1,main,2,8192,zipf,1,eas_k1_profile,eas,1,profile,11,3,accept_static_degree,ok,-2,56.841370000000005,56.211715999999996,0.20682928088541616,0.13294434197050298,0.20644232245560717,1069,1067,14.822105,71.663475,baseline_dominates
l2-n8192-zipf-w1,main,2,8192,zipf,1,eas_k1_profile,eas,1,profile,11,3,eas_k1_graph,ok,0,-575.167087,-575.0664380000001,9.025944694978858,9.87029687566857,9.025944695020243,1067,1067,646.830562,71.663475,variant_dominates
l2-n8192-zipf-w1,main,2,8192,zipf,1,native,native,,native,11,3,accept_id,ok,-411,-6.017085,-6.585732,1.8733484158101552,,1.0713211252917312,960,549,12.906758,6.889673,tradeoff_or_tie
l2-n8192-zipf-w1,main,2,8192,zipf,1,native,native,,native,11,3,accept_static_degree,ok,-520,-7.932432,-8.618858,2.1513510147723993,,1.1048566015989894,1069,549,14.822105,6.889673,tradeoff_or_tie
l2-n8192-zipf-w1,main,2,8192,zipf,1,accept_static_degree,accept_static_degree,,greedy,11,3,native,ok,520,7.932432,8.618858,0.46482419332476727,0.0,0.9050948318114432,549,1069,6.889673,14.822105,extra_commits_extra_time
l2-n8192-zipf-w1,main,2,8192,zipf,1,accept_static_degree,accept_static_degree,,greedy,11,3,accept_id,ok,109,1.9153470000000006,2.0331259999999993,0.8707776661951862,0.7641072633984689,0.9696472137119655,960,1069,12.906758,14.822105,extra_commits_extra_time
l2-n8192-zipf-w1,main,2,8192,zipf,1,eas_k2_adaptive,eas,2,adaptive,11,3,native,ok,517,57.238539,57.255797,0.10743591291770305,0.0,0.20860962326095658,549,1066,6.889673,64.128212,extra_commits_extra_time
l2-n8192-zipf-w1,main,2,8192,zipf,1,eas_k2_adaptive,eas,2,adaptive,11,3,accept_id,ok,106,51.22145400000001,50.670065,0.2012648972654968,0.11502297313231008,0.2234878963386121,960,1066,12.906758,64.128212,extra_commits_extra_time
l2-n8192-zipf-w1,main,2,8192,zipf,1,eas_k2_adaptive,eas,2,adaptive,11,3,accept_static_degree,ok,-3,49.306107000000004,48.636939,0.23113236027849957,0.150532495425747,0.23048371941694598,1069,1066,14.822105,64.128212,baseline_dominates
l2-n8192-zipf-w1,main,2,8192,zipf,1,eas_k1_adaptive,eas,1,adaptive,11,3,native,ok,518,69.639554,69.621839,0.09002669006443773,0.0,0.17496990582717215,549,1067,6.889673,76.529227,extra_commits_extra_time
l2-n8192-zipf-w1,main,2,8192,zipf,1,eas_k1_adaptive,eas,1,adaptive,11,3,accept_id,ok,107,63.62246900000001,63.036106999999994,0.16865135721284627,0.09459290496477694,0.18744895640295428,960,1067,12.906758,76.529227,extra_commits_extra_time
l2-n8192-zipf-w1,main,2,8192,zipf,1,eas_k1_adaptive,eas,1,adaptive,11,3,accept_static_degree,ok,-2,61.707122000000005,61.00298099999999,0.19367901102672838,0.12379532232694974,0.1933166555343046,1069,1067,14.822105,76.529227,baseline_dominates
l2-n8192-zipf-w1,main,2,8192,zipf,1,eas_k1_adaptive,eas,1,adaptive,11,3,eas_k1_graph,ok,0,-570.301335,-570.275173,8.45207233048362,9.191038633725261,8.452072330537378,1067,1067,646.830562,76.529227,variant_dominates
l2-n8192-zipf-w1,main,2,8192,zipf,1,eas_k1_lazy,eas,1,lazy,11,3,native,ok,518,69.36982,69.328321,0.09034511939385696,0.0,0.17558878395917435,549,1067,6.889673,76.259493,extra_commits_extra_time
l2-n8192-zipf-w1,main,2,8192,zipf,1,eas_k1_lazy,eas,1,lazy,11,3,accept_id,ok,107,63.35273500000001,62.742589,0.16924788629266127,0.0949933866132428,0.18811197361974932,960,1067,12.906758,76.259493,extra_commits_extra_time
l2-n8192-zipf-w1,main,2,8192,zipf,1,eas_k1_lazy,eas,1,lazy,11,3,accept_static_degree,ok,-2,61.437388000000006,60.709463,0.19436406428770775,0.12431943938177875,0.1940004271240325,1069,1067,14.822105,76.259493,baseline_dominates
l2-n8192-zipf-w1,main,2,8192,zipf,1,eas_k1_lazy,eas,1,lazy,11,3,eas_k1_graph,ok,0,-570.571069,-570.5686910000001,8.48196777285157,9.229951090262231,8.481967772903548,1067,1067,646.830562,76.259493,variant_dominates
l2-n8192-zipf-w1,main,2,8192,zipf,1,accept_id,accept_id,,greedy,11,3,native,ok,411,6.017085,6.585732,0.5338035314522827,0.0,0.9334269402441685,549,960,6.889673,12.906758,extra_commits_extra_time
l2-n8192-zipf-w1,main,2,8192,zipf,1,accept_id,accept_id,,greedy,11,3,accept_static_degree,ok,-109,-1.9153470000000006,-2.0331259999999993,1.1483987690789585,1.3087167834949858,1.0313029170391148,1069,960,14.822105,12.906758,tradeoff_or_tie
l2-n8192-zipf-w1,main,2,8192,zipf,1,eas_k1_graph,eas,1,graph,11,3,native,ok,518,639.940889,639.897012,0.010651433937656149,0.0,0.02070142078588289,549,1067,6.889673,646.830562,extra_commits_extra_time
l2-n8192-zipf-w1,main,2,8192,zipf,1,eas_k1_graph,eas,1,graph,11,3,accept_id,ok,107,633.923804,633.31128,0.019953846893214673,0.010291862403633164,0.02217786941146969,960,1067,12.906758,646.830562,extra_commits_extra_time
l2-n8192-zipf-w1,main,2,8192,zipf,1,eas_k1_graph,eas,1,graph,11,3,accept_static_degree,ok,-2,632.008457,631.278154,0.02291497321055773,0.013469133061055768,0.02287210141776125,1069,1067,14.822105,646.830562,baseline_dominates
l2-n8192-zipf-w1,main,2,8192,zipf,1,eas_k1_adaptive,eas,1,adaptive,29,1,native,ok,494,69.249808,69.283167,0.08967418974271216,0.0,0.1750288135060152,519,1013,6.821646,76.071454,extra_commits_extra_time
l2-n8192-zipf-w1,main,2,8192,zipf,1,eas_k1_adaptive,eas,1,adaptive,29,1,accept_id,ok,85,63.315215,62.748659,0.16768759277297368,0.09431595411912967,0.18304690892180145,928,1013,12.756239,76.071454,extra_commits_extra_time
l2-n8192-zipf-w1,main,2,8192,zipf,1,eas_k1_adaptive,eas,1,adaptive,29,1,accept_static_degree,ok,-2,61.370971000000004,60.734925000000004,0.19324572131880113,0.1233812247641624,0.19286494157273312,1015,1013,14.700483,76.071454,baseline_dominates
l2-n8192-zipf-w1,main,2,8192,zipf,1,eas_k1_adaptive,eas,1,adaptive,29,1,eas_k1_graph,ok,0,-568.100254,-567.993157,8.467982063284868,9.198140783604767,8.467982063318438,1013,1013,644.171708,76.071454,variant_dominates
l2-n8192-zipf-w1,main,2,8192,zipf,1,accept_static_degree,accept_static_degree,,greedy,29,1,native,ok,496,7.878837,8.548242,0.46404230391613666,0.0,0.907520112669147,519,1015,6.821646,14.700483,extra_commits_extra_time
l2-n8192-zipf-w1,main,2,8192,zipf,1,accept_static_degree,accept_static_degree,,greedy,29,1,accept_id,ok,87,1.9442439999999994,2.0137340000000004,0.8677428489934651,0.7644271184648258,0.9490937410870544,928,1015,12.756239,14.700483,extra_commits_extra_time
l2-n8192-zipf-w1,main,2,8192,zipf,1,eas_k2_adaptive,eas,2,adaptive,29,1,native,ok,491,57.184618,57.313991,0.10657778744905343,0.0,0.20740571353271134,519,1010,6.821646,64.006264,extra_commits_extra_time
l2-n8192-zipf-w1,main,2,8192,zipf,1,eas_k2_adaptive,eas,2,adaptive,29,1,accept_id,ok,82,51.250025,50.779483,0.19929672820772668,0.11401244069707167,0.21690699945000033,928,1010,12.756239,64.006264,extra_commits_extra_time
l2-n8192-zipf-w1,main,2,8192,zipf,1,eas_k2_adaptive,eas,2,adaptive,29,1,accept_static_degree,ok,-5,49.305781,48.765749,0.22967256767243907,0.14914756154391692,0.2285411757131215,1015,1010,14.700483,64.006264,baseline_dominates
l2-n8192-zipf-w1,main,2,8192,zipf,1,accept_id,accept_id,,greedy,29,1,native,ok,409,5.9345930000000005,6.534508,0.5347693783410612,0.0,0.9561964992306339,519,928,6.821646,12.756239,extra_commits_extra_time
l2-n8192-zipf-w1,main,2,8192,zipf,1,accept_id,accept_id,,greedy,29,1,accept_static_degree,ok,-87,-1.9442439999999994,-2.0137340000000004,1.1524151436798886,1.3081691842752354,1.0536367027925393,1015,928,14.700483,12.756239,tradeoff_or_tie
l2-n8192-zipf-w1,main,2,8192,zipf,1,native,native,,native,29,1,accept_id,ok,-409,-5.9345930000000005,-6.534508,1.8699649615356764,,1.0458101455136166,928,519,12.756239,6.821646,tradeoff_or_tie
l2-n8192-zipf-w1,main,2,8192,zipf,1,native,native,,native,29,1,accept_static_degree,ok,-496,-7.878837,-8.548242,2.154975939824494,,1.1019039534659527,1015,519,14.700483,6.821646,tradeoff_or_tie
l2-n8192-zipf-w1,main,2,8192,zipf,1,eas_k1_graph,eas,1,graph,29,1,native,ok,494,637.350062,637.276324,0.010589794483802447,0.0,0.020669483260268604,519,1013,6.821646,644.171708,extra_commits_extra_time
l2-n8192-zipf-w1,main,2,8192,zipf,1,eas_k1_graph,eas,1,graph,29,1,accept_id,ok,85,631.4154689999999,630.7418160000001,0.01980254463457436,0.010253806322169282,0.02161635529611277,928,1013,12.756239,644.171708,extra_commits_extra_time
l2-n8192-zipf-w1,main,2,8192,zipf,1,eas_k1_graph,eas,1,graph,29,1,accept_static_degree,ok,-2,629.471225,628.7280820000001,0.02282075232028042,0.013413713452188442,0.022775785320588302,1015,1013,14.700483,644.171708,baseline_dominates
l2-n8192-zipf-w1,main,2,8192,zipf,1,eas_k1_profile,eas,1,profile,29,1,native,ok,494,63.733256999999995,63.718364,0.09668564068467361,0.0,0.1887139769045519,519,1013,6.821646,70.554903,extra_commits_extra_time
l2-n8192-zipf-w1,main,2,8192,zipf,1,eas_k1_profile,eas,1,profile,29,1,accept_id,ok,85,57.798663999999995,57.183856,0.18079876036396791,0.1025529782905286,0.1973589916470027,928,1013,12.756239,70.554903,extra_commits_extra_time
l2-n8192-zipf-w1,main,2,8192,zipf,1,eas_k1_profile,eas,1,profile,29,1,accept_static_degree,ok,-2,55.85442,55.170122,0.20835522940198786,0.13415664595531673,0.20794467722540824,1015,1013,14.700483,70.554903,baseline_dominates
l2-n8192-zipf-w1,main,2,8192,zipf,1,eas_k1_profile,eas,1,profile,29,1,eas_k1_graph,ok,0,-573.616805,-573.5579600000001,9.130077154241144,10.00145458850764,9.130077154241327,1013,1013,644.171708,70.554903,variant_dominates
l2-n8192-zipf-w1,main,2,8192,zipf,1,eas_k1_lazy,eas,1,lazy,29,1,native,ok,494,69.699236,69.701421,0.08914750878067507,0.0,0.17400082157026453,519,1013,6.821646,76.520882,extra_commits_extra_time
l2-n8192-zipf-w1,main,2,8192,zipf,1,eas_k1_lazy,eas,1,lazy,29,1,accept_id,ok,85,63.764643,63.166912999999994,0.1667027178280564,0.09374999686161348,0.1819718245258872,928,1013,12.756239,76.520882,extra_commits_extra_time
l2-n8192-zipf-w1,main,2,8192,zipf,1,eas_k1_lazy,eas,1,lazy,29,1,accept_static_degree,ok,-2,61.820399,61.153178999999994,0.19211073651764757,0.12264085692026279,0.1917321931945983,1015,1013,14.700483,76.520882,baseline_dominates
l2-n8192-zipf-w1,main,2,8192,zipf,1,eas_k1_lazy,eas,1,lazy,29,1,eas_k1_graph,ok,0,-567.6508259999999,-567.5749030000001,8.418247296208634,9.142945937931453,8.418247296231796,1013,1013,644.171708,76.520882,variant_dominates
l2-n8192-zipf-w1,main,2,8192,zipf,1,eas_k1_adaptive,eas,1,adaptive,29,2,native,ok,494,68.68479699999999,68.800351,0.09016356678024434,0.0,0.17598399450622693,519,1013,6.806571,75.491368,extra_commits_extra_time
l2-n8192-zipf-w1,main,2,8192,zipf,1,eas_k1_adaptive,eas,1,adaptive,29,2,accept_id,ok,85,62.766422999999996,62.24882300000001,0.1685615897171184,0.09522521185974762,0.18400095946566875,928,1013,12.724945,75.491368,extra_commits_extra_time
l2-n8192-zipf-w1,main,2,8192,zipf,1,eas_k1_adaptive,eas,1,adaptive,29,2,accept_static_degree,ok,-2,60.772397,60.27607400000001,0.19497555005229208,0.12389874290030874,0.19459136177702607,1015,1013,14.718971,75.491368,baseline_dominates
l2-n8192-zipf-w1,main,2,8192,zipf,1,eas_k1_adaptive,eas,1,adaptive,29,2,eas_k1_graph,ok,0,-569.178745,-568.982784,8.539653341558203,9.270056412938938,8.53965334158812,1013,1013,644.670113,75.491368,variant_dominates
l2-n8192-zipf-w1,main,2,8192,zipf,1,accept_static_degree,accept_static_degree,,greedy,29,2,native,ok,496,7.9124,8.524277,0.4624352476813766,0.0,0.9043772184907132,519,1015,6.806571,14.718971,extra_commits_extra_time
l2-n8192-zipf-w1,main,2,8192,zipf,1,accept_static_degree,accept_static_degree,,greedy,29,2,accept_id,ok,87,1.9940259999999999,1.9727489999999994,0.8645268069350772,0.7685728654758639,0.945576195085718,928,1015,12.724945,14.718971,extra_commits_extra_time
l2-n8192-zipf-w1,main,2,8192,zipf,1,native,native,,native,29,2,accept_id,ok,-409,-5.918374,-6.551528,1.8695088907468973,,1.0455550800624551,928,519,12.724945,6.806571,tradeoff_or_tie
l2-n8192-zipf-w1,main,2,8192,zipf,1,native,native,,native,29,2,accept_static_degree,ok,-496,-7.9124,-8.524277,2.1624649180916498,,1.1057332930929735,1015,519,14.718971,6.806571,tradeoff_or_tie
l2-n8192-zipf-w1,main,2,8192,zipf,1,eas_k1_lazy,eas,1,lazy,29,2,native,ok,494,69.036954,69.321508,0.0897449188971636,0.0,0.17516686482226523,519,1013,6.806571,75.843525,extra_commits_extra_time
l2-n8192-zipf-w1,main,2,8192,zipf,1,eas_k1_lazy,eas,1,lazy,29,2,accept_id,ok,85,63.11858,62.76998,0.1677789237776066,0.09450931159778002,0.18314660537353278,928,1013,12.724945,75.843525,extra_commits_extra_time
l2-n8192-zipf-w1,main,2,8192,zipf,1,eas_k1_lazy,eas,1,lazy,29,2,accept_static_degree,ok,-2,61.124554,60.797231,0.19407023869209666,0.12296727589942216,0.1936878342806951,1015,1013,14.718971,75.843525,baseline_dominates
l2-n8192-zipf-w1,main,2,8192,zipf,1,eas_k1_lazy,eas,1,lazy,29,2,eas_k1_graph,ok,0,-568.826588,-568.461627,8.500001984348698,9.20036440926819,8.500001984339793,1013,1013,644.670113,75.843525,variant_dominates
l2-n8192-zipf-w1,main,2,8192,zipf,1,eas_k1_profile,eas,1,profile,29,2,native,ok,494,64.012631,63.94202,0.09611194150422649,0.0,0.18759421337880847,519,1013,6.806571,70.819202,extra_commits_extra_time
l2-n8192-zipf-w1,main,2,8192,zipf,1,eas_k1_profile,eas,1,profile,29,2,accept_id,ok,85,58.094257000000006,57.390492,0.17968212914909715,0.1024604477618943,0.19614008278853337,928,1013,12.724945,70.819202,extra_commits_extra_time
l2-n8192-zipf-w1,main,2,8192,zipf,1,eas_k1_profile,eas,1,profile,29,2,accept_static_degree,ok,-2,56.10023100000001,55.417743,0.20783870171256658,0.133312601009477,0.20742916732453587,1015,1013,14.718971,70.819202,baseline_dominates
l2-n8192-zipf-w1,main,2,8192,zipf,1,eas_k1_profile,eas,1,profile,29,2,eas_k1_graph,ok,0,-573.850911,-573.8411150000001,9.103041192133173,9.974397665259872,9.103041192113938,1013,1013,644.670113,70.819202,variant_dominates
l2-n8192-zipf-w1,main,2,8192,zipf,1,eas_k1_graph,eas,1,graph,29,2,native,ok,494,637.863542,637.783135,0.01055822328776082,0.0,0.0206078616387371,519,1013,6.806571,644.670113,extra_commits_extra_time
l2-n8192-zipf-w1,main,2,8192,zipf,1,eas_k1_graph,eas,1,graph,29,2,accept_id,ok,85,631.945168,631.231607,0.019738692306959793,0.010272344376117754,0.021546654425605764,928,1013,12.724945,644.670113,extra_commits_extra_time
l2-n8192-zipf-w1,main,2,8192,zipf,1,eas_k1_graph,eas,1,graph,29,2,accept_static_degree,ok,-2,629.951142,629.258858,0.022831787457161055,0.013365478847288741,0.022786798713405138,1015,1013,14.718971,644.670113,baseline_dominates
l2-n8192-zipf-w1,main,2,8192,zipf,1,eas_k2_adaptive,eas,2,adaptive,29,2,native,ok,491,57.480470000000004,57.455436,0.10587780825065506,0.0,0.20604351894663372,519,1010,6.806571,64.287041,extra_commits_extra_time
l2-n8192-zipf-w1,main,2,8192,zipf,1,eas_k2_adaptive,eas,2,adaptive,29,2,accept_id,ok,82,51.562096000000004,50.903908,0.19793950385739484,0.11402799205979397,0.2154298479485976,928,1010,12.724945,64.287041,extra_commits_extra_time
l2-n8192-zipf-w1,main,2,8192,zipf,1,eas_k2_adaptive,eas,2,adaptive,29,2,accept_static_degree,ok,-5,49.568070000000006,48.931159,0.2289570459464762,0.14836328106534602,0.22782917872532582,1015,1010,14.718971,64.287041,baseline_dominates
l2-n8192-zipf-w1,main,2,8192,zipf,1,accept_id,accept_id,,greedy,29,2,native,ok,409,5.918374,6.551528,0.5348998365022403,0.0,0.9564297654603392,519,928,6.806571,12.724945,extra_commits_extra_time
l2-n8192-zipf-w1,main,2,8192,zipf,1,accept_id,accept_id,,greedy,29,2,accept_static_degree,ok,-87,-1.9940259999999999,-1.9727489999999994,1.156702131129054,1.301112809103464,1.0575562341746012,1015,928,14.718971,12.724945,tradeoff_or_tie
l2-n8192-zipf-w1,main,2,8192,zipf,1,eas_k1_graph,eas,1,graph,29,3,native,ok,494,639.2132650000001,639.121685,0.010628373454871215,0.0,0.020744782870506462,519,1013,6.86678,646.080045,extra_commits_extra_time
l2-n8192-zipf-w1,main,2,8192,zipf,1,eas_k1_graph,eas,1,graph,29,3,accept_id,ok,85,633.400017,632.6140399999999,0.019626094472551,0.010182168987115499,0.021423743211991052,928,1013,12.680028,646.080045,extra_commits_extra_time
l2-n8192-zipf-w1,main,2,8192,zipf,1,eas_k1_graph,eas,1,graph,29,3,accept_static_degree,ok,-2,631.213685,630.5326789999999,0.02301009002684799,0.013438764794844975,0.022964749948006544,1015,1013,14.86636,646.080045,baseline_dominates
l2-n8192-zipf-w1,main,2,8192,zipf,1,eas_k1_profile,eas,1,profile,29,3,native,ok,494,63.262993,63.399908,0.097915331909031,0.0,0.19111412567250405,519,1013,6.86678,70.129773,extra_commits_extra_time
l2-n8192-zipf-w1,main,2,8192,zipf,1,eas_k1_profile,eas,1,profile,29,3,accept_id,ok,85,57.449745,56.892263,0.18080805708582573,0.10264439184990615,0.19736913990134008,928,1013,12.680028,70.129773,extra_commits_extra_time
l2-n8192-zipf-w1,main,2,8192,zipf,1,eas_k1_profile,eas,1,profile,29,3,accept_static_degree,ok,-2,55.263413,54.810902000000006,0.21198357507873297,0.13547347734321633,0.21156587345345412,1015,1013,14.86636,70.129773,baseline_dominates
l2-n8192-zipf-w1,main,2,8192,zipf,1,eas_k1_profile,eas,1,profile,29,3,eas_k1_graph,ok,0,-575.950272,-575.721777,9.212635623389227,10.080798303366622,9.212635623398944,1013,1013,646.080045,70.129773,variant_dominates
l2-n8192-zipf-w1,main,2,8192,zipf,1,accept_id,accept_id,,greedy,29,3,native,ok,409,5.813248,6.507645,0.5415429682016475,0.0,0.9683080433346228,519,928,6.86678,12.680028,extra_commits_extra_time
l2-n8192-zipf-w1,main,2,8192,zipf,1,accept_id,accept_id,,greedy,29,3,accept_static_degree,ok,-87,-2.186332,-2.0813609999999994,1.1724232785605837,1.319833211553488,1.0719298546835165,1015,928,14.86636,12.680028,tradeoff_or_tie
l2-n8192-zipf-w1,main,2,8192,zipf,1,native,native,,native,29,3,accept_id,ok,-409,-5.813248,-6.507645,1.8465755419570744,,1.0327292093497824,928,519,12.680028,6.86678,tradeoff_or_tie
l2-n8192-zipf-w1,main,2,8192,zipf,1,native,native,,native,29,3,accept_static_degree,ok,-496,-7.99958,-8.589006,2.1649681510110996,,1.1070132713057355,1015,519,14.86636,6.86678,tradeoff_or_tie
l2-n8192-zipf-w1,main,2,8192,zipf,1,accept_static_degree,accept_static_degree,,greedy,29,3,native,ok,496,7.99958,8.589006,0.4619005593837362,0.0,0.9033315371372992,519,1015,6.86678,14.86636,extra_commits_extra_time
l2-n8192-zipf-w1,main,2,8192,zipf,1,accept_static_degree,accept_static_degree,,greedy,29,3,accept_id,ok,87,2.186332,2.0813609999999994,0.8529342757742985,0.7576714930691631,0.9328968641285267,928,1015,12.680028,14.86636,extra_commits_extra_time
l2-n8192-zipf-w1,main,2,8192,zipf,1,eas_k1_lazy,eas,1,lazy,29,3,native,ok,494,68.988085,69.157611,0.09052524185495552,0.0,0.17668992292736724,519,1013,6.86678,75.854865,extra_commits_extra_time
l2-n8192-zipf-w1,main,2,8192,zipf,1,eas_k1_lazy,eas,1,lazy,29,3,accept_id,ok,85,63.174837000000004,62.649966000000006,0.1671616975391097,0.09409875364260341,0.18247284440485398,928,1013,12.680028,75.854865,extra_commits_extra_time
l2-n8192-zipf-w1,main,2,8192,zipf,1,eas_k1_lazy,eas,1,lazy,29,3,accept_static_degree,ok,-2,60.988505,60.568605000000005,0.19598426547855566,0.12419466022329775,0.19559808958658306,1015,1013,14.86636,75.854865,baseline_dominates
l2-n8192-zipf-w1,main,2,8192,zipf,1,eas_k1_lazy,eas,1,lazy,29,3,eas_k1_graph,ok,0,-570.22518,-569.964074,8.51731850027022,9.241523467315838,8.517318500285347,1013,1013,646.080045,75.854865,variant_dominates
l2-n8192-zipf-w1,main,2,8192,zipf,1,eas_k2_adaptive,eas,2,adaptive,29,3,native,ok,491,56.627244000000005,56.851738,0.108148445592297,0.0,0.21046229296399732,519,1010,6.86678,63.494024,extra_commits_extra_time
l2-n8192-zipf-w1,main,2,8192,zipf,1,eas_k2_adaptive,eas,2,adaptive,29,3,accept_id,ok,82,50.813996,50.344093,0.199704274531411,0.11446694910189026,0.21735055741065126,928,1010,12.680028,63.494024,extra_commits_extra_time
l2-n8192-zipf-w1,main,2,8192,zipf,1,eas_k2_adaptive,eas,2,adaptive,29,3,accept_static_degree,ok,-5,48.627664,48.262732,0.23413794028867976,0.1510772810498775,0.23298455142058075,1015,1010,14.86636,63.494024,baseline_dominates
l2-n8192-zipf-w1,main,2,8192,zipf,1,eas_k1_adaptive,eas,1,adaptive,29,3,native,ok,494,69.680915,69.773642,0.08970590166039617,0.0,0.17509070979158478,519,1013,6.86678,76.547695,extra_commits_extra_time
l2-n8192-zipf-w1,main,2,8192,zipf,1,eas_k1_adaptive,eas,1,adaptive,29,3,accept_id,ok,85,63.867667000000004,63.265997,0.1656487239752941,0.09326795640107192,0.18082129028755559,928,1013,12.680028,76.547695,extra_commits_extra_time
l2-n8192-zipf-w1,main,2,8192,zipf,1,eas_k1_adaptive,eas,1,adaptive,29,3,accept_static_degree,ok,-2,61.681335000000004,61.184636,0.19421042005249145,0.12309814643185746,0.19382773942162543,1015,1013,14.86636,76.547695,baseline_dominates
l2-n8192-zipf-w1,main,2,8192,zipf,1,eas_k1_adaptive,eas,1,adaptive,29,3,eas_k1_graph,ok,0,-569.5323500000001,-569.348043,8.440228605185304,9.159930120890063,8.440228605164963,1013,1013,646.080045,76.547695,variant_dominates
l2-n8192-zipf-w1,main,2,8192,zipf,1,eas_k2_adaptive,eas,2,adaptive,47,1,native,ok,476,56.651129,56.684897,0.10825079662390637,0.0,0.19993652472481277,562,1038,6.876967,63.528096,extra_commits_extra_time
l2-n8192-zipf-w1,main,2,8192,zipf,1,eas_k2_adaptive,eas,2,adaptive,47,1,accept_id,ok,102,50.607254,50.151378,0.2033878364621537,0.11526031351878438,0.22555189556324168,936,1038,12.920842,63.528096,extra_commits_extra_time
l2-n8192-zipf-w1,main,2,8192,zipf,1,eas_k2_adaptive,eas,2,adaptive,47,1,accept_static_degree,ok,-4,48.745425,48.113315,0.2326950110388953,0.15121456426038843,0.23180174804005302,1042,1038,14.782671,63.528096,baseline_dominates
l2-n8192-zipf-w1,main,2,8192,zipf,1,accept_static_degree,accept_static_degree,,greedy,47,1,native,ok,480,7.905704000000001,8.571582,0.465204630475778,0.0,0.8625324287471109,562,1042,6.876967,14.782671,extra_commits_extra_time
l2-n8192-zipf-w1,main,2,8192,zipf,1,accept_static_degree,accept_static_degree,,greedy,47,1,accept_id,ok,106,1.8618290000000002,2.0380629999999993,0.87405327494605,0.7622302394120479,0.973037940698655,936,1042,12.920842,14.782671,extra_commits_extra_time
l2-n8192-zipf-w1,main,2,8192,zipf,1,eas_k1_profile,eas,1,profile,47,1,native,ok,479,63.586200999999996,63.631026,0.09759661955590757,0.0,0.18077950348342836,562,1041,6.876967,70.463168,extra_commits_extra_time
l2-n8192-zipf-w1,main,2,8192,zipf,1,eas_k1_profile,eas,1,profile,47,1,accept_id,ok,105,57.542325999999996,57.097507,0.183370154461406,0.10267819663948213,0.20394052435287022,936,1041,12.920842,70.463168,extra_commits_extra_time
l2-n8192-zipf-w1,main,2,8192,zipf,1,eas_k1_profile,eas,1,profile,47,1,accept_static_degree,ok,-1,55.680496999999995,55.059444,0.20979288072883695,0.1347075874589858,0.20959154399101648,1042,1041,14.782671,70.463168,baseline_dominates
l2-n8192-zipf-w1,main,2,8192,zipf,1,eas_k1_profile,eas,1,profile,47,1,eas_k1_graph,ok,0,-587.758014,-587.7358439999999,9.341350959411873,10.236623718750032,9.341350959434227,1041,1041,658.221182,70.463168,variant_dominates
l2-n8192-zipf-w1,main,2,8192,zipf,1,eas_k1_adaptive,eas,1,adaptive,47,1,native,ok,479,69.195329,69.327029,0.09040041331209459,0.0,0.16744987590367888,562,1041,6.876967,76.072296,extra_commits_extra_time
l2-n8192-zipf-w1,main,2,8192,zipf,1,eas_k1_adaptive,eas,1,adaptive,47,1,accept_id,ok,105,63.151453999999994,62.79351,0.1698495073686221,0.09424201634257254,0.1889031380028641,936,1041,12.920842,76.072296,extra_commits_extra_time
l2-n8192-zipf-w1,main,2,8192,zipf,1,eas_k1_adaptive,eas,1,adaptive,47,1,accept_static_degree,ok,-1,61.289624999999994,60.755447,0.19432397570858123,0.12363982884655277,0.19413748436903597,1042,1041,14.782671,76.072296,baseline_dominates
l2-n8192-zipf-w1,main,2,8192,zipf,1,eas_k1_adaptive,eas,1,adaptive,47,1,eas_k1_graph,ok,0,-582.148886,-582.0398409999999,8.652574151304702,9.39556879034871,8.652574151324407,1041,1041,658.221182,76.072296,variant_dominates
l2-n8192-zipf-w1,main,2,8192,zipf,1,native,native,,native,47,1,accept_id,ok,-374,-6.043875000000001,-6.533519,1.878857641748172,,1.12811751566496,936,562,12.920842,6.876967,tradeoff_or_tie
l2-n8192-zipf-w1,main,2,8192,zipf,1,native,native,,native,47,1,accept_static_degree,ok,-480,-7.905704000000001,-8.571582,2.149591673189649,,1.1593766989753307,1042,562,14.782671,6.876967,tradeoff_or_tie
l2-n8192-zipf-w1,main,2,8192,zipf,1,eas_k1_lazy,eas,1,lazy,47,1,native,ok,479,68.907577,69.081651,0.09074366139882031,0.0,0.1680856788540685,562,1041,6.876967,75.784544,extra_commits_extra_time
l2-n8192-zipf-w1,main,2,8192,zipf,1,eas_k1_lazy,eas,1,lazy,47,1,accept_id,ok,105,62.863701999999996,62.548131999999995,0.17049442165938217,0.09457676395140008,0.1896203984477101,936,1041,12.920842,75.784544,extra_commits_extra_time
l2-n8192-zipf-w1,main,2,8192,zipf,1,eas_k1_lazy,eas,1,lazy,47,1,accept_static_degree,ok,-1,61.001872999999996,60.510068999999994,0.19506181893764513,0.1240789974750314,0.1948746194948575,1042,1041,14.782671,75.784544,baseline_dominates
l2-n8192-zipf-w1,main,2,8192,zipf,1,eas_k1_lazy,eas,1,lazy,47,1,eas_k1_graph,ok,0,-582.436638,-582.285219,8.685427756878765,9.428941847379994,8.68542775688361,1041,1041,658.221182,75.784544,variant_dominates
l2-n8192-zipf-w1,main,2,8192,zipf,1,accept_id,accept_id,,greedy,47,1,native,ok,374,6.043875000000001,6.533519,0.5322383014976887,0.0,0.8864324736688072,562,936,6.876967,12.920842,extra_commits_extra_time
l2-n8192-zipf-w1,main,2,8192,zipf,1,accept_id,accept_id,,greedy,47,1,accept_static_degree,ok,-106,-1.8618290000000002,-2.0380629999999993,1.1440950210520335,1.311939553554524,1.0277091551866784,1042,936,14.782671,12.920842,tradeoff_or_tie
l2-n8192-zipf-w1,main,2,8192,zipf,1,eas_k1_graph,eas,1,graph,47,1,native,ok,479,651.344215,651.36687,0.010447805673929222,0.0,0.019352608018741814,562,1041,6.876967,658.221182,extra_commits_extra_time
l2-n8192-zipf-w1,main,2,8192,zipf,1,eas_k1_graph,eas,1,graph,47,1,accept_id,ok,105,645.30034,644.833351,0.01962993952996183,0.01003047483824285,0.021832016079740803,936,1041,12.920842,658.221182,extra_commits_extra_time
l2-n8192-zipf-w1,main,2,8192,zipf,1,eas_k1_graph,eas,1,graph,47,1,accept_static_degree,ok,-1,643.438511,642.7952879999999,0.022458516079781828,0.013159376681224208,0.022436962801332398,1042,1041,14.782671,658.221182,baseline_dominates
l2-n8192-zipf-w1,main,2,8192,zipf,1,accept_id,accept_id,,greedy,47,2,native,ok,374,5.9507699999999994,6.554148,0.5352639433429629,0.0,0.8914716209418282,562,936,6.853853,12.804623,extra_commits_extra_time
l2-n8192-zipf-w1,main,2,8192,zipf,1,accept_id,accept_id,,greedy,47,2,accept_static_degree,ok,-106,-2.02768,-2.059531,1.1583553065170291,1.314233215362241,1.0405187782154446,1042,936,14.832303,12.804623,tradeoff_or_tie
l2-n8192-zipf-w1,main,2,8192,zipf,1,eas_k2_adaptive,eas,2,adaptive,47,2,native,ok,476,56.8508,56.887953,0.10758794965887343,0.0,0.19871226289272628,562,1038,6.853853,63.704653,extra_commits_extra_time
l2-n8192-zipf-w1,main,2,8192,zipf,1,eas_k2_adaptive,eas,2,adaptive,47,2,accept_id,ok,102,50.90003,50.333805000000005,0.20099980765926156,0.11521152817715201,0.22290363285237208,936,1038,12.804623,63.704653,extra_commits_extra_time
l2-n8192-zipf-w1,main,2,8192,zipf,1,eas_k2_adaptive,eas,2,adaptive,47,2,accept_static_degree,ok,-4,48.87235,48.274274000000005,0.2328291938110078,0.1514148171230559,0.23193541571533424,1042,1038,14.832303,63.704653,baseline_dominates
l2-n8192-zipf-w1,main,2,8192,zipf,1,eas_k1_lazy,eas,1,lazy,47,2,native,ok,479,68.369965,68.583042,0.09111280419188508,0.0,0.16876944691107854,562,1041,6.853853,75.223818,extra_commits_extra_time
l2-n8192-zipf-w1,main,2,8192,zipf,1,eas_k1_lazy,eas,1,lazy,47,2,accept_id,ok,105,62.419194999999995,62.02889400000001,0.1702203283539796,0.0955651398490023,0.18931555749668824,936,1041,12.804623,75.223818,extra_commits_extra_time
l2-n8192-zipf-w1,main,2,8192,zipf,1,eas_k1_lazy,eas,1,lazy,47,2,accept_static_degree,ok,-1,60.391515,59.96936300000001,0.19717562062590335,0.1255948810202965,0.19698639258362982,1042,1041,14.832303,75.223818,baseline_dominates
l2-n8192-zipf-w1,main,2,8192,zipf,1,eas_k1_lazy,eas,1,lazy,47,2,eas_k1_graph,ok,0,-584.299751,-583.974514,8.767483312266867,9.514852899059216,8.767483312302167,1041,1041,659.523569,75.223818,variant_dominates
l2-n8192-zipf-w1,main,2,8192,zipf,1,eas_k1_profile,eas,1,profile,47,2,native,ok,479,63.653918000000004,63.771852,0.09720705821206573,0.0,0.18005791387645065,562,1041,6.853853,70.507771,extra_commits_extra_time
l2-n8192-zipf-w1,main,2,8192,zipf,1,eas_k1_profile,eas,1,profile,47,2,accept_id,ok,105,57.703148000000006,57.217704000000005,0.1816058402980857,0.1027749358760978,0.20197829033101672,936,1041,12.804623,70.507771,extra_commits_extra_time
l2-n8192-zipf-w1,main,2,8192,zipf,1,eas_k1_profile,eas,1,profile,47,2,accept_static_degree,ok,-1,55.67546800000001,55.158173000000005,0.2103640888037717,0.13507023443509214,0.2101622038812739,1042,1041,14.832303,70.507771,baseline_dominates
l2-n8192-zipf-w1,main,2,8192,zipf,1,eas_k1_profile,eas,1,profile,47,2,eas_k1_graph,ok,0,-589.0157979999999,-588.785704,9.353913187810177,10.232689431694723,9.3539131878028,1041,1041,659.523569,70.507771,variant_dominates
l2-n8192-zipf-w1,main,2,8192,zipf,1,eas_k1_graph,eas,1,graph,47,2,native,ok,479,652.669716,652.557556,0.010392127472248077,0.0,0.019249474552665336,562,1041,6.853853,659.523569,extra_commits_extra_time
l2-n8192-zipf-w1,main,2,8192,zipf,1,eas_k1_graph,eas,1,graph,47,2,accept_id,ok,105,646.718946,646.0034079999999,0.019414958921657583,0.010043785317842523,0.021592919057062652,936,1041,12.804623,659.523569,extra_commits_extra_time
l2-n8192-zipf-w1,main,2,8192,zipf,1,eas_k1_graph,eas,1,graph,47,2,accept_static_degree,ok,-1,644.6912659999999,643.9438769999999,0.022489420692712196,0.013199876272676244,0.022467837755359824,1042,1041,14.832303,659.523569,baseline_dominates
l2-n8192-zipf-w1,main,2,8192,zipf,1,accept_static_degree,accept_static_degree,,greedy,47,2,native,ok,480,7.97845,8.613679,0.4620896026733003,0.0,0.8567568789779635,562,1042,6.853853,14.832303,extra_commits_extra_time
l2-n8192-zipf-w1,main,2,8192,zipf,1,accept_static_degree,accept_static_degree,,greedy,47,2,accept_id,ok,106,2.02768,2.059531,0.8632929761480735,0.7608999592392519,0.9610590610532402,936,1042,12.804623,14.832303,extra_commits_extra_time
l2-n8192-zipf-w1,main,2,8192,zipf,1,eas_k1_adaptive,eas,1,adaptive,47,2,native,ok,479,69.330258,69.256627,0.089964336526812,0.0,0.16664212513214174,562,1041,6.853853,76.184111,extra_commits_extra_time
l2-n8192-zipf-w1,main,2,8192,zipf,1,eas_k1_adaptive,eas,1,adaptive,47,2,accept_id,ok,105,63.379488,62.702479,0.16807471836220547,0.0946356801349855,0.18692925407551,936,1041,12.804623,76.184111,extra_commits_extra_time
l2-n8192-zipf-w1,main,2,8192,zipf,1,eas_k1_adaptive,eas,1,adaptive,47,2,accept_static_degree,ok,-1,61.351808000000005,60.642948,0.19469024190621584,0.12437335419179453,0.1945033990633741,1042,1041,14.832303,76.184111,baseline_dominates
l2-n8192-zipf-w1,main,2,8192,zipf,1,eas_k1_adaptive,eas,1,adaptive,47,2,eas_k1_graph,ok,0,-583.3394579999999,-583.300929,8.656970073457968,9.42231212039824,8.656970073454188,1041,1041,659.523569,76.184111,variant_dominates
l2-n8192-zipf-w1,main,2,8192,zipf,1,native,native,,native,47,2,accept_id,ok,-374,-5.9507699999999994,-6.554148,1.8682371798753197,,1.121740699881745,936,562,12.804623,6.853853,tradeoff_or_tie
l2-n8192-zipf-w1,main,2,8192,zipf,1,native,native,,native,47,2,accept_static_degree,ok,-480,-7.97845,-8.613679,2.164082451140986,,1.1671922625154911,1042,562,14.832303,6.853853,tradeoff_or_tie
l2-n8192-zipf-w1,main,2,8192,zipf,1,native,native,,native,47,3,accept_id,ok,-374,-5.931037999999999,-6.542179,1.8651183903504107,,1.1198680933511886,936,562,12.786791,6.855753,tradeoff_or_tie
l2-n8192-zipf-w1,main,2,8192,zipf,1,native,native,,native,47,3,accept_static_degree,ok,-480,-8.04664,-8.597699,2.1737062289146065,,1.1723828221202734,1042,562,14.902393,6.855753,tradeoff_or_tie
l2-n8192-zipf-w1,main,2,8192,zipf,1,eas_k2_adaptive,eas,2,adaptive,47,3,native,ok,476,57.131157,57.162837,0.10714305472791232,0.0,0.19789055303811143,562,1038,6.855753,63.98691,extra_commits_extra_time
l2-n8192-zipf-w1,main,2,8192,zipf,1,eas_k2_adaptive,eas,2,adaptive,47,3,accept_id,ok,102,51.200119,50.620658000000006,0.19983448177134977,0.11444811600236006,0.2216113163230021,936,1038,12.786791,63.98691,extra_commits_extra_time
l2-n8192-zipf-w1,main,2,8192,zipf,1,eas_k2_adaptive,eas,2,adaptive,47,3,accept_static_degree,ok,-4,49.084517000000005,48.565138000000005,0.23289752544700157,0.15040714301846145,0.23200348504176274,1042,1038,14.902393,63.98691,baseline_dominates
l2-n8192-zipf-w1,main,2,8192,zipf,1,eas_k1_lazy,eas,1,lazy,47,3,native,ok,479,68.809123,68.956384,0.09060680942634465,0.0,0.16783218614360376,562,1041,6.855753,75.664876,extra_commits_extra_time
l2-n8192-zipf-w1,main,2,8192,zipf,1,eas_k1_lazy,eas,1,lazy,47,3,accept_id,ok,105,62.878085000000006,62.414205,0.16899242655205035,0.09487415987474053,0.18794991029959932,936,1041,12.786791,75.664876,extra_commits_extra_time
l2-n8192-zipf-w1,main,2,8192,zipf,1,eas_k1_lazy,eas,1,lazy,47,3,accept_static_degree,ok,-1,60.762483,60.358685,0.19695258603212407,0.12468314753859484,0.19676357203365322,1042,1041,14.902393,75.664876,baseline_dominates
l2-n8192-zipf-w1,main,2,8192,zipf,1,eas_k1_lazy,eas,1,lazy,47,3,eas_k1_graph,ok,0,-583.756492,-583.625364,8.715026084229622,9.463688641214132,8.715026084230912,1041,1041,659.421368,75.664876,variant_dominates
l2-n8192-zipf-w1,main,2,8192,zipf,1,eas_k1_adaptive,eas,1,adaptive,47,3,native,ok,479,69.13458600000001,69.105774,0.09021874478017528,0.0,0.16711336889047612,562,1041,6.855753,75.990339,extra_commits_extra_time
l2-n8192-zipf-w1,main,2,8192,zipf,1,eas_k1_adaptive,eas,1,adaptive,47,3,accept_id,ok,105,63.203548000000005,62.563595,0.16826864004383502,0.09466906484543534,0.1871449297928713,936,1041,12.786791,75.990339,extra_commits_extra_time
l2-n8192-zipf-w1,main,2,8192,zipf,1,eas_k1_adaptive,eas,1,adaptive,47,3,accept_static_degree,ok,-1,61.087946,60.508075,0.19610904749352412,0.12441361267439101,0.1959208430338427,1042,1041,14.902393,75.990339,baseline_dominates
l2-n8192-zipf-w1,main,2,8192,zipf,1,eas_k1_adaptive,eas,1,adaptive,47,3,eas_k1_graph,ok,0,-583.4310290000001,-583.475974,8.677700042896243,9.443230431078016,8.677700042934863,1041,1041,659.421368,75.990339,variant_dominates
l2-n8192-zipf-w1,main,2,8192,zipf,1,eas_k1_profile,eas,1,profile,47,3,native,ok,479,63.511700999999995,63.61928,0.09742789614073576,0.0,0.1804669748796849,562,1041,6.855753,70.367454,extra_commits_extra_time
l2-n8192-zipf-w1,main,2,8192,zipf,1,eas_k1_profile,eas,1,profile,47,3,accept_id,ok,105,57.580662999999994,57.077101000000006,0.18171456082523604,0.10283327632755353,0.20209920707136958,936,1041,12.786791,70.367454,extra_commits_extra_time
l2-n8192-zipf-w1,main,2,8192,zipf,1,eas_k1_profile,eas,1,profile,47,3,accept_static_degree,ok,-1,55.46506099999999,55.021581000000005,0.21177962471116266,0.13514297866935934,0.21157638130895348,1042,1041,14.902393,70.367454,baseline_dominates
l2-n8192-zipf-w1,main,2,8192,zipf,1,eas_k1_profile,eas,1,profile,47,3,eas_k1_graph,ok,0,-589.0539140000001,-588.962468,9.371113071676575,10.257609768611024,9.371113071678467,1041,1041,659.421368,70.367454,variant_dominates
l2-n8192-zipf-w1,main,2,8192,zipf,1,accept_static_degree,accept_static_degree,,greedy,47,3,native,ok,480,8.04664,8.597699,0.4600437661253464,0.0,0.8529637087239846,562,1042,6.855753,14.902393,extra_commits_extra_time
l2-n8192-zipf-w1,main,2,8192,zipf,1,accept_static_degree,accept_static_degree,,greedy,47,3,accept_id,ok,106,2.115602000000001,2.0555200000000005,0.858036088566447,0.760922079267953,0.9552068421864872,936,1042,12.786791,14.902393,extra_commits_extra_time
l2-n8192-zipf-w1,main,2,8192,zipf,1,accept_id,accept_id,,greedy,47,3,native,ok,374,5.931037999999999,6.542179,0.536158994074432,0.0,0.892962310415966,562,936,6.855753,12.786791,extra_commits_extra_time
l2-n8192-zipf-w1,main,2,8192,zipf,1,accept_id,accept_id,,greedy,47,3,accept_static_degree,ok,-106,-2.115602000000001,-2.0555200000000005,1.1654521451081825,1.314195010561466,1.0468936735325098,1042,936,14.902393,12.786791,tradeoff_or_tie
l2-n8192-zipf-w1,main,2,8192,zipf,1,eas_k1_graph,eas,1,graph,47,3,native,ok,479,652.565615,652.581748,0.010396619419223915,0.0,0.01925779504519001,562,1041,6.855753,659.421368,extra_commits_extra_time
l2-n8192-zipf-w1,main,2,8192,zipf,1,eas_k1_graph,eas,1,graph,47,3,accept_id,ok,105,646.634577,646.0395689999999,0.01939092607626873,0.010025071985310875,0.021566190219404903,936,1041,12.786791,659.421368,extra_commits_extra_time
l2-n8192-zipf-w1,main,2,8192,zipf,1,eas_k1_graph,eas,1,graph,47,3,accept_static_degree,ok,-1,644.5189750000001,643.9840489999999,0.02259919639122158,0.01317489958361508,0.022577508102893683,1042,1041,14.902393,659.421368,baseline_dominates
l2-n8192-zipf-w1,main,2,8192,zipf,1,eas_k1_graph,eas,1,graph,71,1,native,ok,505,648.603684,648.5137,0.010424235037256965,0.0,0.020209065323183752,538,1043,6.83242,655.436104,extra_commits_extra_time
l2-n8192-zipf-w1,main,2,8192,zipf,1,eas_k1_graph,eas,1,graph,71,1,accept_id,ok,89,642.699553,641.98974,0.019432177938125912,0.010059864579576345,0.02124503311267265,954,1043,12.736551,655.436104,extra_commits_extra_time
l2-n8192-zipf-w1,main,2,8192,zipf,1,eas_k1_graph,eas,1,graph,71,1,accept_static_degree,ok,-1,640.536788,639.89265,0.022731912247543812,0.013293551084580019,0.022710138385274664,1044,1043,14.899316,655.436104,baseline_dominates
l2-n8192-zipf-w1,main,2,8192,zipf,1,eas_k1_lazy,eas,1,lazy,71,1,native,ok,505,71.127107,71.346792,0.08764060356600163,0.0,0.16990548237732797,538,1043,6.83242,77.959527,extra_commits_extra_time
l2-n8192-zipf-w1,main,2,8192,zipf,1,eas_k1_lazy,eas,1,lazy,71,1,accept_id,ok,89,65.22297599999999,64.82283199999999,0.16337388758143698,0.09144013090315259,0.17861526703018668,954,1043,12.736551,77.959527,extra_commits_extra_time
l2-n8192-zipf-w1,main,2,8192,zipf,1,eas_k1_lazy,eas,1,lazy,71,1,accept_static_degree,ok,-1,63.060210999999995,62.725742,0.19111603896724516,0.12083304320115754,0.1909329776266011,1044,1043,14.899316,77.959527,baseline_dominates
l2-n8192-zipf-w1,main,2,8192,zipf,1,eas_k1_lazy,eas,1,lazy,71,1,eas_k1_graph,ok,0,-577.476577,-577.1669079999999,8.407389439394624,9.08959859050145,8.4073894393529,1043,1043,655.436104,77.959527,variant_dominates
l2-n8192-zipf-w1,main,2,8192,zipf,1,eas_k2_adaptive,eas,2,adaptive,71,1,native,ok,504,58.432311999999996,58.890886,0.10468778144986485,0.0,0.20275960645092483,538,1042,6.83242,65.264732,extra_commits_extra_time
l2-n8192-zipf-w1,main,2,8192,zipf,1,eas_k2_adaptive,eas,2,adaptive,71,1,accept_id,ok,88,52.528181,52.366926,0.19515212289541006,0.1107804694940402,0.2131535765793519,954,1042,12.736551,65.264732,extra_commits_extra_time
l2-n8192-zipf-w1,main,2,8192,zipf,1,eas_k2_adaptive,eas,2,adaptive,71,1,accept_static_degree,ok,-2,50.365415999999996,50.269836,0.22829046474901638,0.1463902241171919,0.22785312669368446,1044,1042,14.899316,65.264732,baseline_dominates
l2-n8192-zipf-w1,main,2,8192,zipf,1,eas_k1_profile,eas,1,profile,71,1,native,ok,505,61.491084,61.98285,0.10000101868311673,0.0,0.19386814588513201,538,1043,6.83242,68.323504,extra_commits_extra_time
l2-n8192-zipf-w1,main,2,8192,zipf,1,eas_k1_profile,eas,1,profile,71,1,accept_id,ok,89,55.586953,55.45889,0.18641536593322264,0.10525427598117866,0.20380631726184223,954,1043,12.736551,68.323504,extra_commits_extra_time
l2-n8192-zipf-w1,main,2,8192,zipf,1,eas_k1_profile,eas,1,profile,71,1,accept_static_degree,ok,-1,53.424188,53.3618,0.21807013879147652,0.1390876669917566,0.21786125934766135,1044,1043,14.899316,68.323504,baseline_dominates
l2-n8192-zipf-w1,main,2,8192,zipf,1,eas_k1_profile,eas,1,profile,71,1,eas_k1_graph,ok,0,-587.1126,-586.53085,9.593127776350581,10.46279253051449,9.59312777631172,1043,1043,655.436104,68.323504,variant_dominates
l2-n8192-zipf-w1,main,2,8192,zipf,1,accept_id,accept_id,,greedy,71,1,native,ok,416,5.9041310000000005,6.52396,0.5364419300013009,0.0,0.9512371769912213,538,954,6.83242,12.736551,extra_commits_extra_time
l2-n8192-zipf-w1,main,2,8192,zipf,1,accept_id,accept_id,,greedy,71,1,accept_static_degree,ok,-90,-2.1627650000000003,-2.0970900000000006,1.1698077446555193,1.321444337488274,1.0689622494270474,1044,954,14.899316,12.736551,tradeoff_or_tie
l2-n8192-zipf-w1,main,2,8192,zipf,1,native,native,,native,71,1,accept_id,ok,-416,-5.9041310000000005,-6.52396,1.864134669707073,,1.0512625286187995,954,538,12.736551,6.83242,tradeoff_or_tie
l2-n8192-zipf-w1,main,2,8192,zipf,1,native,native,,native,71,1,accept_static_degree,ok,-506,-8.066896,-8.62105,2.180679173704193,,1.123759957330718,1044,538,14.899316,6.83242,tradeoff_or_tie
l2-n8192-zipf-w1,main,2,8192,zipf,1,accept_static_degree,accept_static_degree,,greedy,71,1,native,ok,506,8.066896,8.62105,0.45857272911051755,0.0,0.8898697568609878,538,1044,6.83242,14.899316,extra_commits_extra_time
l2-n8192-zipf-w1,main,2,8192,zipf,1,accept_static_degree,accept_static_degree,,greedy,71,1,accept_id,ok,90,2.1627650000000003,2.0970900000000006,0.8548413229171057,0.7567477279449718,0.9354867307390784,954,1044,12.736551,14.899316,extra_commits_extra_time
l2-n8192-zipf-w1,main,2,8192,zipf,1,eas_k1_adaptive,eas,1,adaptive,71,1,native,ok,505,70.883804,71.317477,0.0879149764147059,0.0,0.1704373985142652,538,1043,6.83242,77.716224,extra_commits_extra_time
l2-n8192-zipf-w1,main,2,8192,zipf,1,eas_k1_adaptive,eas,1,adaptive,71,1,accept_id,ok,89,64.97967299999999,64.793517,0.1638853555211329,0.09147771730623618,0.1791744505333165,954,1043,12.736551,77.716224,extra_commits_extra_time
l2-n8192-zipf-w1,main,2,8192,zipf,1,eas_k1_adaptive,eas,1,adaptive,71,1,accept_static_degree,ok,-1,62.816908,62.696427,0.19171435812424445,0.12088271154067888,0.19153072368194923,1044,1043,14.899316,77.716224,baseline_dominates
l2-n8192-zipf-w1,main,2,8192,zipf,1,eas_k1_adaptive,eas,1,adaptive,71,1,eas_k1_graph,ok,0,-577.71988,-577.1962229999999,8.433710109230217,9.093334863766984,8.433710109232027,1043,1043,655.436104,77.716224,variant_dominates
l2-n8192-zipf-w1,main,2,8192,zipf,1,eas_k1_adaptive,eas,1,adaptive,71,2,native,ok,505,70.753407,71.366983,0.08837522168809525,0.0,0.17132965840212994,538,1043,6.859015,77.612422,extra_commits_extra_time
l2-n8192-zipf-w1,main,2,8192,zipf,1,eas_k1_adaptive,eas,1,adaptive,71,2,accept_id,ok,89,64.782922,64.783787,0.16530214712278918,0.09224428052395041,0.18072341661265334,954,1043,12.8295,77.612422,extra_commits_extra_time
l2-n8192-zipf-w1,main,2,8192,zipf,1,eas_k1_adaptive,eas,1,adaptive,71,2,accept_static_degree,ok,-1,62.772361999999994,62.79129400000001,0.19120727864928633,0.12016325532494487,0.19102412991430207,1044,1043,14.84006,77.612422,baseline_dominates
l2-n8192-zipf-w1,main,2,8192,zipf,1,eas_k1_adaptive,eas,1,adaptive,71,2,eas_k1_graph,ok,0,-573.037067,-572.364725,8.383316384585964,9.020021317140449,8.383316384552526,1043,1043,650.649489,77.612422,variant_dominates
l2-n8192-zipf-w1,main,2,8192,zipf,1,accept_static_degree,accept_static_degree,,greedy,71,2,native,ok,506,7.981044999999999,8.575689,0.4621959075637161,0.0,0.8969006087293395,538,1044,6.859015,14.84006,extra_commits_extra_time
l2-n8192-zipf-w1,main,2,8192,zipf,1,accept_static_degree,accept_static_degree,,greedy,71,2,accept_id,ok,90,2.01056,1.9924930000000005,0.8645180679862481,0.7676579689398717,0.9460763762867557,954,1044,12.8295,14.84006,extra_commits_extra_time
l2-n8192-zipf-w1,main,2,8192,zipf,1,eas_k1_profile,eas,1,profile,71,2,native,ok,505,61.705845,61.825565,0.10003688478325487,0.0,0.1939376781205147,538,1043,6.859015,68.56486,extra_commits_extra_time
l2-n8192-zipf-w1,main,2,8192,zipf,1,eas_k1_profile,eas,1,profile,71,2,accept_id,ok,89,55.73536,55.242369,0.1871147990384579,0.10648015913805237,0.20457100146432508,954,1043,12.8295,68.56486,extra_commits_extra_time
l2-n8192-zipf-w1,main,2,8192,zipf,1,eas_k1_profile,eas,1,profile,71,2,accept_static_degree,ok,-1,53.724799999999995,53.249876,0.21643827464972581,0.13870781447771646,0.21623095829455488,1044,1043,14.84006,68.56486,baseline_dominates
l2-n8192-zipf-w1,main,2,8192,zipf,1,eas_k1_profile,eas,1,profile,71,2,eas_k1_graph,ok,0,-582.0846290000001,-581.906143,9.489547400811437,10.412063488623193,9.48954740079942,1043,1043,650.649489,68.56486,variant_dominates
l2-n8192-zipf-w1,main,2,8192,zipf,1,eas_k1_lazy,eas,1,lazy,71,2,native,ok,505,71.759593,71.864424,0.08724416743679818,0.0,0.16913692683435014,538,1043,6.859015,78.618608,extra_commits_extra_time
l2-n8192-zipf-w1,main,2,8192,zipf,1,eas_k1_lazy,eas,1,lazy,71,2,accept_id,ok,89,65.789108,65.281228,0.16318655756408204,0.09160577144540949,0.17841046073368064,954,1043,12.8295,78.618608,extra_commits_extra_time
l2-n8192-zipf-w1,main,2,8192,zipf,1,eas_k1_lazy,eas,1,lazy,71,2,accept_static_degree,ok,-1,63.778547999999994,63.288735,0.18876014696164553,0.11933149286773663,0.1885793422238507,1044,1043,14.84006,78.618608,baseline_dominates
l2-n8192-zipf-w1,main,2,8192,zipf,1,eas_k1_lazy,eas,1,lazy,71,2,eas_k1_graph,ok,0,-572.030881,-571.867284,8.276024029832735,8.957585299786164,8.276024029857295,1043,1043,650.649489,78.618608,variant_dominates
l2-n8192-zipf-w1,main,2,8192,zipf,1,native,native,,native,71,2,accept_id,ok,-416,-5.970484999999999,-6.583196,1.8704580759773815,,1.0548285585702575,954,538,12.8295,6.859015,tradeoff_or_tie
l2-n8192-zipf-w1,main,2,8192,zipf,1,native,native,,native,71,2,accept_static_degree,ok,-506,-7.981044999999999,-8.575689,2.1635847129653456,,1.1149507428885836,1044,538,14.84006,6.859015,tradeoff_or_tie
l2-n8192-zipf-w1,main,2,8192,zipf,1,eas_k1_graph,eas,1,graph,71,2,native,ok,505,643.790474,643.731708,0.010541797259445785,0.0,0.020436978701869064,538,1043,6.859015,650.649489,extra_commits_extra_time
l2-n8192-zipf-w1,main,2,8192,zipf,1,eas_k1_graph,eas,1,graph,71,2,accept_id,ok,89,637.819989,637.148512,0.019717989819246596,0.010226614470263129,0.021557508785623597,954,1043,12.8295,650.649489,extra_commits_extra_time
l2-n8192-zipf-w1,main,2,8192,zipf,1,eas_k1_graph,eas,1,graph,71,2,accept_static_degree,ok,-1,635.809429,635.156019,0.022808071397716873,0.013321837177546644,0.022786224586047076,1044,1043,14.84006,650.649489,baseline_dominates
l2-n8192-zipf-w1,main,2,8192,zipf,1,accept_id,accept_id,,greedy,71,2,native,ok,416,5.970484999999999,6.583196,0.5346283954947583,0.0,0.9480213555797413,538,954,6.859015,12.8295,extra_commits_extra_time
l2-n8192-zipf-w1,main,2,8192,zipf,1,accept_id,accept_id,,greedy,71,2,accept_static_degree,ok,-90,-2.01056,-1.9924930000000005,1.1567138236096497,1.3026634783469915,1.0569971146778747,1044,954,14.84006,12.8295,tradeoff_or_tie
l2-n8192-zipf-w1,main,2,8192,zipf,1,eas_k2_adaptive,eas,2,adaptive,71,2,native,ok,504,59.262202,59.464288,0.10373394972448859,0.0,0.20091222232898556,538,1042,6.859015,66.121217,extra_commits_extra_time
l2-n8192-zipf-w1,main,2,8192,zipf,1,eas_k2_adaptive,eas,2,adaptive,71,2,accept_id,ok,88,53.291717000000006,52.881092,0.19403000401520135,0.11070839694574329,0.21192794987843094,954,1042,12.8295,66.121217,extra_commits_extra_time
l2-n8192-zipf-w1,main,2,8192,zipf,1,eas_k2_adaptive,eas,2,adaptive,71,2,accept_static_degree,ok,-2,51.281157,50.888599,0.2244371878394192,0.1442157854475614,0.22400723154109872,1044,1042,14.84006,66.121217,baseline_dominates
l2-n8192-zipf-w1,main,2,8192,zipf,1,accept_static_degree,accept_static_degree,,greedy,71,3,native,ok,506,8.249763,8.638839,0.45238823669588785,0.0,0.8778686228827352,538,1044,6.815222,15.064985,extra_commits_extra_time
l2-n8192-zipf-w1,main,2,8192,zipf,1,accept_static_degree,accept_static_degree,,greedy,71,3,accept_id,ok,90,2.3395399999999995,2.0747410000000004,0.8447034630303316,0.7598356677326664,0.9243924689775121,954,1044,12.725445,15.064985,extra_commits_extra_time
l2-n8192-zipf-w1,main,2,8192,zipf,1,native,native,,native,71,3,accept_id,ok,-416,-5.910223,-6.564098,1.8672091679478673,,1.0529963651531393,954,538,12.725445,6.815222,tradeoff_or_tie
l2-n8192-zipf-w1,main,2,8192,zipf,1,native,native,,native,71,3,accept_static_degree,ok,-506,-8.249763,-8.638839,2.2104907220923984,,1.139122613491084,1044,538,15.064985,6.815222,tradeoff_or_tie
l2-n8192-zipf-w1,main,2,8192,zipf,1,accept_id,accept_id,,greedy,71,3,native,ok,416,5.910223,6.564098,0.5355586386173529,0.0,0.9496708944997813,538,954,6.815222,12.725445,extra_commits_extra_time
l2-n8192-zipf-w1,main,2,8192,zipf,1,accept_id,accept_id,,greedy,71,3,accept_static_degree,ok,-90,-2.3395399999999995,-2.0747410000000004,1.1838474018000942,1.3160740439889838,1.0817915912990061,1044,954,15.064985,12.725445,tradeoff_or_tie
l2-n8192-zipf-w1,main,2,8192,zipf,1,eas_k1_graph,eas,1,graph,71,3,native,ok,505,646.7544270000001,646.61406,0.010427690469451405,0.0,0.020215764237302977,538,1043,6.815222,653.569649,extra_commits_extra_time
l2-n8192-zipf-w1,main,2,8192,zipf,1,eas_k1_graph,eas,1,graph,71,3,accept_id,ok,89,640.844204,640.049962,0.019470679245082265,0.010151492839484499,0.021287126260672858,954,1043,12.725445,653.569649,extra_commits_extra_time
l2-n8192-zipf-w1,main,2,8192,zipf,1,eas_k1_graph,eas,1,graph,71,3,accept_static_degree,ok,-1,638.504664,637.975221,0.023050313035573658,0.013360116233785576,0.023028234191716155,1044,1043,15.064985,653.569649,baseline_dominates
l2-n8192-zipf-w1,main,2,8192,zipf,1,eas_k2_adaptive,eas,2,adaptive,71,3,native,ok,504,59.20789200000001,59.29579,0.10322478882168447,0.0,0.19992607797758524,538,1042,6.815222,66.023114,extra_commits_extra_time
l2-n8192-zipf-w1,main,2,8192,zipf,1,eas_k2_adaptive,eas,2,adaptive,71,3,accept_id,ok,88,53.297669000000006,52.731691999999995,0.19274227204733177,0.1107009114812367,0.21052143340972032,954,1042,12.725445,66.023114,extra_commits_extra_time
l2-n8192-zipf-w1,main,2,8192,zipf,1,eas_k2_adaptive,eas,2,adaptive,71,3,accept_static_degree,ok,-2,50.95812900000001,50.65695099999999,0.22817743798028065,0.14569059624637773,0.2277403164508491,1044,1042,15.064985,66.023114,baseline_dominates
l2-n8192-zipf-w1,main,2,8192,zipf,1,eas_k1_lazy,eas,1,lazy,71,3,native,ok,505,70.791029,71.268968,0.08781795167505257,0.0,0.170249300365863,538,1043,6.815222,77.606251,extra_commits_extra_time
l2-n8192-zipf-w1,main,2,8192,zipf,1,eas_k1_lazy,eas,1,lazy,71,3,accept_id,ok,89,64.880806,64.70487,0.16397448447806093,0.09210317174790576,0.17927189445511874,954,1043,12.725445,77.606251,extra_commits_extra_time
l2-n8192-zipf-w1,main,2,8192,zipf,1,eas_k1_lazy,eas,1,lazy,71,3,accept_static_degree,ok,-1,62.541266,62.630129,0.19412076741086232,0.12121459370647826,0.19393482797779038,1044,1043,15.064985,77.606251,baseline_dominates
l2-n8192-zipf-w1,main,2,8192,zipf,1,eas_k1_lazy,eas,1,lazy,71,3,eas_k1_graph,ok,0,-575.963398,-575.345092,8.421610895751169,9.072869695545473,8.421610895704443,1043,1043,653.569649,77.606251,variant_dominates
l2-n8192-zipf-w1,main,2,8192,zipf,1,eas_k1_profile,eas,1,profile,71,3,native,ok,505,61.997282000000006,62.177744,0.09904045927466903,0.0,0.1920059461408876,538,1043,6.815222,68.812504,extra_commits_extra_time
l2-n8192-zipf-w1,main,2,8192,zipf,1,eas_k1_profile,eas,1,profile,71,3,accept_id,ok,89,56.087059,55.613645999999996,0.1849292535554294,0.10556989652117325,0.20218156337414403,954,1043,12.725445,68.812504,extra_commits_extra_time
l2-n8192-zipf-w1,main,2,8192,zipf,1,eas_k1_profile,eas,1,profile,71,3,accept_static_degree,ok,-1,53.747519000000004,53.538905,0.21892801633842593,0.13893780063811903,0.21871831517383614,1044,1043,15.064985,68.812504,baseline_dominates
l2-n8192-zipf-w1,main,2,8192,zipf,1,eas_k1_profile,eas,1,profile,71,3,eas_k1_graph,ok,0,-584.757145,-584.436316,9.497832675875303,10.399445499341372,9.49783267587728,1043,1043,653.569649,68.812504,variant_dominates
l2-n8192-zipf-w1,main,2,8192,zipf,1,eas_k1_adaptive,eas,1,adaptive,71,3,native,ok,505,71.66084099999999,71.793012,0.08684459616685919,0.0,0.16836229331248587,538,1043,6.815222,78.476063,extra_commits_extra_time
l2-n8192-zipf-w1,main,2,8192,zipf,1,eas_k1_adaptive,eas,1,adaptive,71,3,accept_id,ok,89,65.750618,65.228914,0.1621570261494897,0.09143087630868586,0.17728488288689428,954,1043,12.725445,78.476063,extra_commits_extra_time
l2-n8192-zipf-w1,main,2,8192,zipf,1,eas_k1_adaptive,eas,1,adaptive,71,3,accept_static_degree,ok,-1,63.411077999999996,63.154173,0.1919691740907033,0.12032980312902877,0.19178529557147134,1044,1043,15.064985,78.476063,baseline_dominates
l2-n8192-zipf-w1,main,2,8192,zipf,1,eas_k1_adaptive,eas,1,adaptive,71,3,eas_k1_graph,ok,0,-575.0935860000001,-574.821048,8.328267550832667,9.006643432093362,8.328267550816442,1043,1043,653.569649,78.476063,variant_dominates
l2-n8192-zipf-w1,main,2,8192,zipf,1,native,native,,native,101,1,accept_id,ok,-388,-6.0333380000000005,-6.485105,1.9243054194844555,,1.116263749830827,924,536,12.560767,6.527429,tradeoff_or_tie
l2-n8192-zipf-w1,main,2,8192,zipf,1,native,native,,native,101,1,accept_static_degree,ok,-478,-8.349165000000001,-8.638646,2.279089362749101,,1.204725738100189,1014,536,14.876594,6.527429,tradeoff_or_tie
l2-n8192-zipf-w1,main,2,8192,zipf,1,eas_k1_profile,eas,1,profile,101,1,native,ok,479,63.116344999999995,63.039023,0.09372595172685501,0.0,0.1774847779905072,536,1015,6.527429,69.643774,extra_commits_extra_time
l2-n8192-zipf-w1,main,2,8192,zipf,1,eas_k1_profile,eas,1,profile,101,1,accept_id,ok,91,57.083006999999995,56.553918,0.18035735685432558,0.10287445286073041,0.19811982381757537,924,1015,12.560767,69.643774,extra_commits_extra_time
l2-n8192-zipf-w1,main,2,8192,zipf,1,eas_k1_profile,eas,1,profile,101,1,accept_static_degree,ok,1,54.767179999999996,54.400377,0.213609819594211,0.1370364829416852,0.21382048016616192,1014,1015,14.876594,69.643774,extra_commits_extra_time
l2-n8192-zipf-w1,main,2,8192,zipf,1,eas_k1_profile,eas,1,profile,101,1,eas_k1_graph,ok,0,-594.448654,-594.243673,9.535560608763104,10.426600298040785,9.535560608746344,1015,1015,664.092428,69.643774,variant_dominates
l2-n8192-zipf-w1,main,2,8192,zipf,1,eas_k1_lazy,eas,1,lazy,101,1,native,ok,479,69.121532,69.022584,0.08628577198832908,0.0,0.16339563165666598,536,1015,6.527429,75.648961,extra_commits_extra_time
l2-n8192-zipf-w1,main,2,8192,zipf,1,eas_k1_lazy,eas,1,lazy,101,1,accept_id,ok,91,63.088194,62.537479,0.1660401786615417,0.09395627668764184,0.18239262049904653,924,1015,12.560767,75.648961,extra_commits_extra_time
l2-n8192-zipf-w1,main,2,8192,zipf,1,eas_k1_lazy,eas,1,lazy,101,1,accept_static_degree,ok,1,60.772367,60.38393799999999,0.19665298509519516,0.12515680374991467,0.1968469229499235,1014,1015,14.876594,75.648961,extra_commits_extra_time
l2-n8192-zipf-w1,main,2,8192,zipf,1,eas_k1_lazy,eas,1,lazy,101,1,eas_k1_graph,ok,0,-588.443467,-588.2601119999999,8.778606067041688,9.522719346467818,8.778606066993897,1015,1015,664.092428,75.648961,variant_dominates
l2-n8192-zipf-w1,main,2,8192,zipf,1,accept_id,accept_id,,greedy,101,1,native,ok,388,6.0333380000000005,6.485105,0.5196680266420036,0.0,0.8958456280171715,536,924,6.527429,12.560767,extra_commits_extra_time
l2-n8192-zipf-w1,main,2,8192,zipf,1,accept_id,accept_id,,greedy,101,1,accept_static_degree,ok,-90,-2.3158270000000005,-2.1535409999999997,1.1843698716806068,1.3320749625487944,1.0792482854368142,1014,924,14.876594,12.560767,tradeoff_or_tie
l2-n8192-zipf-w1,main,2,8192,zipf,1,eas_k2_adaptive,eas,2,adaptive,101,1,native,ok,476,56.208902,56.398193,0.10404543740372703,0.0,0.19644399748645427,536,1012,6.527429,62.736331,extra_commits_extra_time
l2-n8192-zipf-w1,main,2,8192,zipf,1,eas_k2_adaptive,eas,2,adaptive,101,1,accept_id,ok,88,50.175564,49.913088,0.20021519906862262,0.1149878153011037,0.219283313265987,924,1012,12.560767,62.736331,extra_commits_extra_time
l2-n8192-zipf-w1,main,2,8192,zipf,1,eas_k2_adaptive,eas,2,adaptive,101,1,accept_static_degree,ok,-2,47.859736999999996,47.759547,0.23712884962941172,0.15317238976078543,0.2366611398672203,1014,1012,14.876594,62.736331,baseline_dominates
l2-n8192-zipf-w1,main,2,8192,zipf,1,accept_static_degree,accept_static_degree,,greedy,101,1,native,ok,478,8.349165000000001,8.638646,0.43877173767059846,0.0,0.830064444026045,536,1014,6.527429,14.876594,extra_commits_extra_time
l2-n8192-zipf-w1,main,2,8192,zipf,1,accept_static_degree,accept_static_degree,,greedy,101,1,accept_id,ok,90,2.3158270000000005,2.1535409999999997,0.8443308327161445,0.7507085022351883,0.9265708488897535,924,1014,12.560767,14.876594,extra_commits_extra_time
l2-n8192-zipf-w1,main,2,8192,zipf,1,eas_k1_adaptive,eas,1,adaptive,101,1,native,ok,479,68.562785,68.607572,0.08692782524231453,0.0,0.16461146011395134,536,1015,6.527429,75.090214,extra_commits_extra_time
l2-n8192-zipf-w1,main,2,8192,zipf,1,eas_k1_adaptive,eas,1,adaptive,101,1,accept_id,ok,91,62.529447000000005,62.12246700000001,0.1672756852177835,0.09452462477465315,0.18374980573192692,924,1015,12.560767,75.090214,extra_commits_extra_time
l2-n8192-zipf-w1,main,2,8192,zipf,1,eas_k1_adaptive,eas,1,adaptive,101,1,accept_static_degree,ok,1,60.213620000000006,59.968926,0.19811628183667182,0.12591388600663495,0.19831166278552984,1014,1015,14.876594,75.090214,extra_commits_extra_time
l2-n8192-zipf-w1,main,2,8192,zipf,1,eas_k1_adaptive,eas,1,adaptive,101,1,eas_k1_graph,ok,0,-589.0022140000001,-588.675124,8.843927758682376,9.580322941613499,8.84392775866541,1015,1015,664.092428,75.090214,variant_dominates
l2-n8192-zipf-w1,main,2,8192,zipf,1,eas_k1_graph,eas,1,graph,101,1,native,ok,479,657.5649990000001,657.282696,0.009829097162962984,0.0,0.01861293585903193,536,1015,6.527429,664.092428,extra_commits_extra_time
l2-n8192-zipf-w1,main,2,8192,zipf,1,eas_k1_graph,eas,1,graph,101,1,accept_id,ok,91,651.531661,650.797591,0.018914184939328955,0.009866538461252903,0.020776945577363648,924,1015,12.560767,664.092428,extra_commits_extra_time
l2-n8192-zipf-w1,main,2,8192,zipf,1,eas_k1_graph,eas,1,graph,101,1,accept_static_degree,ok,1,649.2158340000001,648.64405,0.0224013907895363,0.013142968851259701,0.02242348289098372,1014,1015,14.876594,664.092428,extra_commits_extra_time
l2-n8192-zipf-w1,main,2,8192,zipf,1,accept_static_degree,accept_static_degree,,greedy,101,2,native,ok,478,7.987459,8.530777,0.4585543696903315,0.0,0.8674890501226094,536,1014,6.764639,14.752098,extra_commits_extra_time
l2-n8192-zipf-w1,main,2,8192,zipf,1,accept_static_degree,accept_static_degree,,greedy,101,2,accept_id,ok,90,2.1616029999999995,2.033062,0.8534714858862787,0.7616791530243963,0.9366018254203744,924,1014,12.590495,14.752098,extra_commits_extra_time
l2-n8192-zipf-w1,main,2,8192,zipf,1,accept_id,accept_id,,greedy,101,2,native,ok,388,5.825856000000001,6.497715,0.5372814174502273,0.0,0.9262090106788494,536,924,6.764639,12.590495,extra_commits_extra_time
l2-n8192-zipf-w1,main,2,8192,zipf,1,accept_id,accept_id,,greedy,101,2,accept_static_degree,ok,-90,-2.1616029999999995,-2.033062,1.171685307051073,1.3128887616646776,1.0676895697391693,1014,924,14.752098,12.590495,tradeoff_or_tie
l2-n8192-zipf-w1,main,2,8192,zipf,1,eas_k2_adaptive,eas,2,adaptive,101,2,native,ok,476,57.271609,57.232796,0.10563765384880139,0.0,0.19945019719230644,536,1012,6.764639,64.036248,extra_commits_extra_time
l2-n8192-zipf-w1,main,2,8192,zipf,1,eas_k2_adaptive,eas,2,adaptive,101,2,accept_id,ok,88,51.445752999999996,50.735081,0.19661512648273835,0.11353132214613454,0.21534037662419497,924,1012,12.590495,64.036248,extra_commits_extra_time
l2-n8192-zipf-w1,main,2,8192,zipf,1,eas_k2_adaptive,eas,2,adaptive,101,2,accept_static_degree,ok,-2,49.28415,48.702019,0.23037105484381284,0.14905399694259217,0.2299166740653574,1014,1012,14.752098,64.036248,baseline_dominates
l2-n8192-zipf-w1,main,2,8192,zipf,1,eas_k1_adaptive,eas,1,adaptive,101,2,native,ok,479,68.20389899999999,68.579764,0.09023303882490012,0.0,0.17087040001396148,536,1015,6.764639,74.968538,extra_commits_extra_time
l2-n8192-zipf-w1,main,2,8192,zipf,1,eas_k1_adaptive,eas,1,adaptive,101,2,accept_id,ok,91,62.37804299999999,62.082049,0.16794371793671636,0.09474682648368403,0.18448362955217298,924,1015,12.590495,74.968538,extra_commits_extra_time
l2-n8192-zipf-w1,main,2,8192,zipf,1,eas_k1_adaptive,eas,1,adaptive,101,2,accept_static_degree,ok,1,60.21643999999999,60.048987,0.1967771867179803,0.124392043693822,0.19697124706047986,1014,1015,14.752098,74.968538,extra_commits_extra_time
l2-n8192-zipf-w1,main,2,8192,zipf,1,eas_k1_adaptive,eas,1,adaptive,101,2,eas_k1_graph,ok,0,-590.384312,-589.9310740000001,8.875094376256877,9.602115836969052,8.875094376269505,1015,1015,665.35285,74.968538,variant_dominates
l2-n8192-zipf-w1,main,2,8192,zipf,1,eas_k1_profile,eas,1,profile,101,2,native,ok,479,61.800343,62.297804,0.09866026071442707,0.0,0.18682866534500617,536,1015,6.764639,68.564982,extra_commits_extra_time
l2-n8192-zipf-w1,main,2,8192,zipf,1,eas_k1_profile,eas,1,profile,101,2,accept_id,ok,91,55.974486999999996,55.800089,0.18362864880501245,0.10430086749125218,0.20171328845966768,924,1015,12.590495,68.564982,extra_commits_extra_time
l2-n8192-zipf-w1,main,2,8192,zipf,1,eas_k1_profile,eas,1,profile,101,2,accept_static_degree,ok,1,53.812884,53.767027,0.21515498975847466,0.1369354367611417,0.2153671741661755,1014,1015,14.752098,68.564982,extra_commits_extra_time
l2-n8192-zipf-w1,main,2,8192,zipf,1,eas_k1_profile,eas,1,profile,101,2,eas_k1_graph,ok,0,-596.787868,-596.213034,9.703974690753947,10.570369992496044,9.703974690724197,1015,1015,665.35285,68.564982,variant_dominates
l2-n8192-zipf-w1,main,2,8192,zipf,1,eas_k1_lazy,eas,1,lazy,101,2,native,ok,479,68.57912499999999,68.64243,0.0897836614586975,0.0,0.17001943354527002,536,1015,6.764639,75.343764,extra_commits_extra_time
l2-n8192-zipf-w1,main,2,8192,zipf,1,eas_k1_lazy,eas,1,lazy,101,2,accept_id,ok,91,62.75326899999999,62.144715000000005,0.16710732689171198,0.09466032889569906,0.1835648666607736,924,1015,12.590495,75.343764,extra_commits_extra_time
l2-n8192-zipf-w1,main,2,8192,zipf,1,eas_k1_lazy,eas,1,lazy,101,2,accept_static_degree,ok,1,60.59166599999999,60.111653000000004,0.1957971996195996,0.12427848198264543,0.19599029350426933,1014,1015,14.752098,75.343764,extra_commits_extra_time
l2-n8192-zipf-w1,main,2,8192,zipf,1,eas_k1_lazy,eas,1,lazy,101,2,eas_k1_graph,ok,0,-590.009086,-589.868408,8.830894750625944,9.593349740095157,8.830894750587934,1015,1015,665.35285,75.343764,variant_dominates
l2-n8192-zipf-w1,main,2,8192,zipf,1,native,native,,native,101,2,accept_id,ok,-388,-5.825856000000001,-6.497715,1.8612220105167476,,1.079669910862848,924,536,12.590495,6.764639,tradeoff_or_tie
l2-n8192-zipf-w1,main,2,8192,zipf,1,native,native,,native,101,2,accept_static_degree,ok,-478,-7.987459,-8.530777,2.180766482882531,,1.1527523025894815,1014,536,14.752098,6.764639,tradeoff_or_tie
l2-n8192-zipf-w1,main,2,8192,zipf,1,eas_k1_graph,eas,1,graph,101,2,native,ok,479,658.588211,658.510838,0.010166994850927594,0.0,0.019252798085262045,536,1015,6.764639,665.35285,extra_commits_extra_time
l2-n8192-zipf-w1,main,2,8192,zipf,1,eas_k1_graph,eas,1,graph,101,2,accept_id,ok,91,652.762355,652.0131230000001,0.018923034597356878,0.009867286345255261,0.020786666792575285,924,1015,12.590495,665.35285,extra_commits_extra_time
l2-n8192-zipf-w1,main,2,8192,zipf,1,eas_k1_graph,eas,1,graph,101,2,accept_static_degree,ok,1,650.6007519999999,649.980061,0.02217184160254217,0.012954649350812962,0.022193707324076183,1014,1015,14.752098,665.35285,extra_commits_extra_time
l2-n8192-zipf-w1,main,2,8192,zipf,1,accept_id,accept_id,,greedy,101,3,native,ok,388,6.166835999999999,6.527092,0.5195506857511476,0.0,0.8956433463325436,536,924,6.668724,12.83556,extra_commits_extra_time
l2-n8192-zipf-w1,main,2,8192,zipf,1,accept_id,accept_id,,greedy,101,3,accept_static_degree,ok,-90,-2.179616000000001,-2.2033500000000004,1.1698107445253656,1.337569931602006,1.0659813885019043,1014,924,15.015176,12.83556,tradeoff_or_tie
l2-n8192-zipf-w1,main,2,8192,zipf,1,accept_static_degree,accept_static_degree,,greedy,101,3,native,ok,478,8.346452,8.730442,0.4441322565915977,0.0,0.8402054257169084,536,1014,6.668724,15.015176,extra_commits_extra_time
l2-n8192-zipf-w1,main,2,8192,zipf,1,accept_static_degree,accept_static_degree,,greedy,101,3,accept_id,ok,90,2.179616000000001,2.2033500000000004,0.8548391307567756,0.747624461625196,0.938102682454304,924,1014,12.83556,15.015176,extra_commits_extra_time
l2-n8192-zipf-w1,main,2,8192,zipf,1,eas_k1_lazy,eas,1,lazy,101,3,native,ok,479,68.211392,68.393689,0.08905867613773462,0.0,0.16864656022415395,536,1015,6.668724,74.880116,extra_commits_extra_time
l2-n8192-zipf-w1,main,2,8192,zipf,1,eas_k1_lazy,eas,1,lazy,101,3,accept_id,ok,91,62.044556,61.866597,0.1714147985561347,0.09543412697039927,0.18829655902064518,924,1015,12.83556,74.880116,extra_commits_extra_time
l2-n8192-zipf-w1,main,2,8192,zipf,1,eas_k1_lazy,eas,1,lazy,101,3,accept_static_degree,ok,1,59.864940000000004,59.663247,0.20052287312161748,0.12764981868429412,0.20072062743495814,1014,1015,15.015176,74.880116,extra_commits_extra_time
l2-n8192-zipf-w1,main,2,8192,zipf,1,eas_k1_lazy,eas,1,lazy,101,3,eas_k1_graph,ok,0,-587.8603099999999,-587.439201,8.850686422547742,9.589084893490686,8.85068642256679,1015,1015,662.740426,74.880116,variant_dominates
l2-n8192-zipf-w1,main,2,8192,zipf,1,eas_k1_graph,eas,1,graph,101,3,native,ok,479,656.071702,655.83289,0.010062346792769815,0.0,0.019054630587086684,536,1015,6.668724,662.740426,extra_commits_extra_time
l2-n8192-zipf-w1,main,2,8192,zipf,1,eas_k1_graph,eas,1,graph,101,3,accept_id,ok,91,649.904866,649.305798,0.019367401619770814,0.009952370641246735,0.021274797233866667,924,1015,12.83556,662.740426,extra_commits_extra_time
l2-n8192-zipf-w1,main,2,8192,zipf,1,eas_k1_graph,eas,1,graph,101,3,accept_static_degree,ok,1,647.72525,647.102448,0.02265619450834587,0.013311991717890208,0.02267853789545366,1014,1015,15.015176,662.740426,extra_commits_extra_time
l2-n8192-zipf-w1,main,2,8192,zipf,1,eas_k1_adaptive,eas,1,adaptive,101,3,native,ok,479,68.734733,68.755682,0.08844056049048254,0.0,0.16747606137710858,536,1015,6.668724,75.403457,extra_commits_extra_time
l2-n8192-zipf-w1,main,2,8192,zipf,1,eas_k1_adaptive,eas,1,adaptive,101,3,accept_id,ok,91,62.567897,62.22859,0.1702250866296488,0.09493167415603558,0.18698967849522366,924,1015,12.83556,75.403457,extra_commits_extra_time
l2-n8192-zipf-w1,main,2,8192,zipf,1,eas_k1_adaptive,eas,1,adaptive,101,3,accept_static_degree,ok,1,60.388281000000006,60.02524,0.19913113532712431,0.12697775290775243,0.19932751711786317,1014,1015,15.015176,75.403457,extra_commits_extra_time
l2-n8192-zipf-w1,main,2,8192,zipf,1,eas_k1_adaptive,eas,1,adaptive,101,3,eas_k1_graph,ok,0,-587.336969,-587.077208,8.789257845300115,9.538599151703565,8.789257845313834,1015,1015,662.740426,75.403457,variant_dominates
l2-n8192-zipf-w1,main,2,8192,zipf,1,native,native,,native,101,3,accept_id,ok,-388,-6.166835999999999,-6.527092,1.9247400252282145,,1.1165158587899673,924,536,12.83556,6.668724,tradeoff_or_tie
l2-n8192-zipf-w1,main,2,8192,zipf,1,native,native,,native,101,3,accept_static_degree,ok,-478,-8.346452,-8.730442,2.2515815619299886,,1.1901851254373255,1014,536,15.015176,6.668724,tradeoff_or_tie
l2-n8192-zipf-w1,main,2,8192,zipf,1,eas_k1_profile,eas,1,profile,101,3,native,ok,479,62.550825,62.669397,0.09634162742088943,0.0,0.18243796983692953,536,1015,6.668724,69.219549,extra_commits_extra_time
l2-n8192-zipf-w1,main,2,8192,zipf,1,eas_k1_profile,eas,1,profile,101,3,accept_id,ok,91,56.383989,56.14230499999999,0.18543258639260998,0.10415118562573691,0.20369488656837753,924,1015,12.83556,69.219549,extra_commits_extra_time
l2-n8192-zipf-w1,main,2,8192,zipf,1,eas_k1_profile,eas,1,profile,101,3,accept_static_degree,ok,1,54.204373000000004,53.93895499999999,0.21692103194720325,0.13930949423368474,0.21713495801489696,1014,1015,15.015176,69.219549,extra_commits_extra_time
l2-n8192-zipf-w1,main,2,8192,zipf,1,eas_k1_profile,eas,1,profile,101,3,eas_k1_graph,ok,0,-593.5208769999999,-593.163493,9.574468998635053,10.46496250793669,9.57446899865735,1015,1015,662.740426,69.219549,variant_dominates
l2-n8192-zipf-w1,main,2,8192,zipf,1,eas_k2_adaptive,eas,2,adaptive,101,3,native,ok,476,56.820985,56.772611,0.10503629808730106,0.0,0.19831480161219522,536,1012,6.668724,63.489709,extra_commits_extra_time
l2-n8192-zipf-w1,main,2,8192,zipf,1,eas_k2_adaptive,eas,2,adaptive,101,3,accept_id,ok,88,50.654149,50.245519,0.20216756703043007,0.11496902969637947,0.22142162103280214,924,1012,12.83556,63.489709,extra_commits_extra_time
l2-n8192-zipf-w1,main,2,8192,zipf,1,eas_k2_adaptive,eas,2,adaptive,101,3,accept_static_degree,ok,-2,48.474532999999994,48.042169,0.23649779210674915,0.15377911718733528,0.2360313270328889,1014,1012,15.015176,63.489709,baseline_dominates
l2-n32768-uniform-w1,main,2,32768,uniform,1,eas_k2_adaptive,eas,2,adaptive,11,1,native,ok,1753,122.60675,122.708156,0.20228201667697038,0.0,0.34282913329728376,2523,4276,31.090111,153.696861,extra_commits_extra_time
l2-n32768-uniform-w1,main,2,32768,uniform,1,eas_k2_adaptive,eas,2,adaptive,11,1,accept_id,ok,-49,97.16496400000001,95.115431,0.3678142587440351,0.22486463735955742,0.3636471145406516,4325,4276,56.531897,153.696861,baseline_dominates
l2-n32768-uniform-w1,main,2,32768,uniform,1,eas_k2_adaptive,eas,2,adaptive,11,1,accept_static_degree,ok,-551,86.67576900000002,84.941506,0.4360602523951351,0.3077762003040776,0.38628415977581576,4827,4276,67.021092,153.696861,baseline_dominates
l2-n32768-uniform-w1,main,2,32768,uniform,1,eas_k1_adaptive,eas,1,adaptive,11,1,native,ok,1758,120.773956,121.672875,0.20472328717497076,0.0,0.3473723315085263,2523,4281,31.090111,151.864067,extra_commits_extra_time
l2-n32768-uniform-w1,main,2,32768,uniform,1,eas_k1_adaptive,eas,1,adaptive,11,1,accept_id,ok,-44,95.33217,94.08015,0.3722532796385599,0.2267779486594691,0.36846619425075305,4325,4281,56.531897,151.864067,baseline_dominates
l2-n32768-uniform-w1,main,2,32768,uniform,1,eas_k1_adaptive,eas,1,adaptive,11,1,accept_static_degree,ok,-546,84.84297500000001,83.906225,0.44132291017861386,0.3103949832696893,0.3914032273616006,4827,4281,67.021092,151.864067,baseline_dominates
l2-n32768-uniform-w1,main,2,32768,uniform,1,accept_static_degree,accept_static_degree,,greedy,11,1,native,ok,2304,35.930980999999996,37.76665,0.4638854735461488,0.0,0.8875050260829965,2523,4827,31.090111,67.021092,extra_commits_extra_time
l2-n32768-uniform-w1,main,2,32768,uniform,1,accept_static_degree,accept_static_degree,,greedy,11,1,accept_id,ok,502,10.489194999999995,10.173924999999997,0.8434941197317406,0.7306108696429258,0.9413979458844446,4325,4827,56.531897,67.021092,extra_commits_extra_time
l2-n32768-uniform-w1,main,2,32768,uniform,1,accept_id,accept_id,,greedy,11,1,native,ok,1802,25.441786,27.592725,0.5499569738478792,0.0,0.9427522441098852,2523,4325,31.090111,56.531897,extra_commits_extra_time
l2-n32768-uniform-w1,main,2,32768,uniform,1,accept_id,accept_id,,greedy,11,1,accept_static_degree,ok,-502,-10.489194999999995,-10.173924999999997,1.1855447200011702,1.3687176601803555,1.0622500339752692,4827,4325,67.021092,56.531897,tradeoff_or_tie
l2-n32768-uniform-w1,main,2,32768,uniform,1,native,native,,native,11,1,accept_id,ok,-1802,-25.441786,-27.592725,1.818324064523282,,1.0607240727855982,4325,2523,56.531897,31.090111,tradeoff_or_tie
l2-n32768-uniform-w1,main,2,32768,uniform,1,native,native,,native,11,1,accept_static_degree,ok,-2304,-35.930980999999996,-37.76665,2.155704493946644,,1.1267541823548877,4827,2523,67.021092,31.090111,tradeoff_or_tie
l2-n32768-uniform-w1,main,2,32768,uniform,1,accept_static_degree,accept_static_degree,,greedy,11,2,native,ok,2304,36.305811999999996,37.993867,0.46849771270277285,0.0,0.8963291554561892,2523,4827,32.002101,68.307913,extra_commits_extra_time
l2-n32768-uniform-w1,main,2,32768,uniform,1,accept_static_degree,accept_static_degree,,greedy,11,2,accept_id,ok,502,11.116937999999998,10.357033000000001,0.8372525595973047,0.7274025041989013,0.9344319318320764,4325,4827,57.190975,68.307913,extra_commits_extra_time
l2-n32768-uniform-w1,main,2,32768,uniform,1,accept_id,accept_id,,greedy,11,2,native,ok,1802,25.188874,27.636834,0.5595655783102143,0.0,0.9592235934176804,2523,4325,32.002101,57.190975,extra_commits_extra_time
l2-n32768-uniform-w1,main,2,32768,uniform,1,accept_id,accept_id,,greedy,11,2,accept_static_degree,ok,-502,-11.116937999999998,-10.357033000000001,1.194382732590238,1.3747546842738934,1.070168907904687,4827,4325,68.307913,57.190975,tradeoff_or_tie
l2-n32768-uniform-w1,main,2,32768,uniform,1,native,native,,native,11,2,accept_id,ok,-1802,-25.188874,-27.636834,1.787100634423971,,1.042509803618398,4325,2523,57.190975,32.002101,tradeoff_or_tie
l2-n32768-uniform-w1,main,2,32768,uniform,1,native,native,,native,11,2,accept_static_degree,ok,-2304,-36.305811999999996,-37.993867,2.1344821391570505,,1.1156615780182306,4827,2523,68.307913,32.002101,tradeoff_or_tie
l2-n32768-uniform-w1,main,2,32768,uniform,1,eas_k1_adaptive,eas,1,adaptive,11,2,native,ok,1758,120.869553,122.72107,0.2093396660704672,0.0,0.3552053549137105,2523,4281,32.002101,152.871654,extra_commits_extra_time
l2-n32768-uniform-w1,main,2,32768,uniform,1,eas_k1_adaptive,eas,1,adaptive,11,2,accept_id,ok,-44,95.680679,95.084236,0.3741110500446342,0.2252003995727873,0.37030506479529574,4325,4281,57.190975,152.871654,baseline_dominates
l2-n32768-uniform-w1,main,2,32768,uniform,1,eas_k1_adaptive,eas,1,adaptive,11,2,accept_static_degree,ok,-546,84.56374100000001,84.727203,0.44683177824451353,0.3095953042130418,0.39628896678355596,4827,4281,68.307913,152.871654,baseline_dominates
l2-n32768-uniform-w1,main,2,32768,uniform,1,eas_k2_adaptive,eas,2,adaptive,11,2,native,ok,1753,116.999414,118.255982,0.2147770175356942,0.0,0.36400575782126415,2523,4276,32.002101,149.001515,extra_commits_extra_time
l2-n32768-uniform-w1,main,2,32768,uniform,1,eas_k2_adaptive,eas,2,adaptive,11,2,accept_id,ok,-49,91.81054,90.619148,0.38382814429772744,0.23370347556709647,0.3794795711022122,4325,4276,57.190975,149.001515,baseline_dominates
l2-n32768-uniform-w1,main,2,32768,uniform,1,eas_k2_adaptive,eas,2,adaptive,11,2,accept_static_degree,ok,-551,80.69360200000001,80.262115,0.45843770783135995,0.32128494776695526,0.40610723817859345,4827,4276,68.307913,149.001515,baseline_dominates
l2-n32768-uniform-w1,main,2,32768,uniform,1,native,native,,native,11,3,accept_id,ok,-1802,-24.925216000000002,-27.771017,1.7900528438549606,,1.0442319826702098,4325,2523,56.474012,31.548796,tradeoff_or_tie
l2-n32768-uniform-w1,main,2,32768,uniform,1,native,native,,native,11,3,accept_static_degree,ok,-2304,-35.436497,-37.756838,2.1232281891201175,,1.1097793082980363,4827,2523,66.985293,31.548796,tradeoff_or_tie
l2-n32768-uniform-w1,main,2,32768,uniform,1,eas_k2_adaptive,eas,2,adaptive,11,3,native,ok,1753,118.702691,119.455081,0.2099732696821829,0.0,0.3558643286405544,2523,4276,31.548796,150.251487,extra_commits_extra_time
l2-n32768-uniform-w1,main,2,32768,uniform,1,eas_k2_adaptive,eas,2,adaptive,11,3,accept_id,ok,-49,93.777475,91.684064,0.3758632485281161,0.23248083520197854,0.3716049134579292,4325,4276,56.474012,150.251487,baseline_dominates
l2-n32768-uniform-w1,main,2,32768,uniform,1,eas_k2_adaptive,eas,2,adaptive,11,3,accept_static_degree,ok,-551,83.266194,81.698243,0.44582116515093123,0.3160756133931214,0.3949308684866595,4827,4276,66.985293,150.251487,baseline_dominates
l2-n32768-uniform-w1,main,2,32768,uniform,1,accept_id,accept_id,,greedy,11,3,native,ok,1802,24.925216000000002,27.771017,0.5586427257904042,0.0,0.9576416127792754,2523,4325,31.548796,56.474012,extra_commits_extra_time
l2-n32768-uniform-w1,main,2,32768,uniform,1,accept_id,accept_id,,greedy,11,3,accept_static_degree,ok,-502,-10.511280999999997,-9.985821000000001,1.1861259830450863,1.3595770727445813,1.0627708466276002,4827,4325,66.985293,56.474012,tradeoff_or_tie
l2-n32768-uniform-w1,main,2,32768,uniform,1,accept_static_degree,accept_static_degree,,greedy,11,3,native,ok,2304,35.436497,37.756838,0.4709809360690562,0.0,0.9010800548566774,2523,4827,31.548796,66.985293,extra_commits_extra_time
l2-n32768-uniform-w1,main,2,32768,uniform,1,accept_static_degree,accept_static_degree,,greedy,11,3,accept_id,ok,502,10.511280999999997,9.985821000000001,0.8430807640118855,0.7355228475435364,0.9409366122275695,4325,4827,56.474012,66.985293,extra_commits_extra_time
l2-n32768-uniform-w1,main,2,32768,uniform,1,eas_k1_adaptive,eas,1,adaptive,11,3,native,ok,1758,120.724622,121.781754,0.20718518316834525,0.0,0.35154965086902623,2523,4281,31.548796,152.273418,extra_commits_extra_time
l2-n32768-uniform-w1,main,2,32768,uniform,1,eas_k1_adaptive,eas,1,adaptive,11,3,accept_id,ok,-44,95.79940599999999,94.010737,0.3708724263351073,0.22803922663160198,0.3670993889339833,4325,4281,56.474012,152.273418,baseline_dominates
l2-n32768-uniform-w1,main,2,32768,uniform,1,eas_k1_adaptive,eas,1,adaptive,11,3,accept_static_degree,ok,-546,85.288125,84.024916,0.4399014212710455,0.31003690421473157,0.3901425283738441,4827,4281,66.985293,152.273418,baseline_dominates
l2-n32768-uniform-w1,main,2,32768,uniform,1,eas_k2_adaptive,eas,2,adaptive,29,1,native,ok,1792,116.98520300000001,117.914586,0.21140411415998522,0.0,0.36149768491071055,2524,4316,31.360997,148.3462,extra_commits_extra_time
l2-n32768-uniform-w1,main,2,32768,uniform,1,eas_k2_adaptive,eas,2,adaptive,29,1,accept_id,ok,-14,91.87938000000001,90.079739,0.3806421735103427,0.23605940489838975,0.3794114597851195,4330,4316,56.46682,148.3462,baseline_dominates
l2-n32768-uniform-w1,main,2,32768,uniform,1,eas_k2_adaptive,eas,2,adaptive,29,1,accept_static_degree,ok,-511,79.86441800000001,79.76544899999999,0.4616348918947704,0.323531958972404,0.41276490437461943,4827,4316,68.481782,148.3462,baseline_dominates
l2-n32768-uniform-w1,main,2,32768,uniform,1,accept_static_degree,accept_static_degree,,greedy,29,1,native,ok,2303,37.120785,38.149137,0.45794656745351636,0.0,0.875795594730652,2524,4827,31.360997,68.481782,extra_commits_extra_time
l2-n32768-uniform-w1,main,2,32768,uniform,1,accept_static_degree,accept_static_degree,,greedy,29,1,accept_id,ok,497,12.014961999999997,10.314290000000003,0.8245524335216627,0.7296324160622558,0.9191950569537064,4330,4827,56.46682,68.481782,extra_commits_extra_time
l2-n32768-uniform-w1,main,2,32768,uniform,1,eas_k1_adaptive,eas,1,adaptive,29,1,native,ok,1786,124.138365,124.696597,0.20167926476765868,0.0,0.34438891883878053,2524,4310,31.360997,155.499362,extra_commits_extra_time
l2-n32768-uniform-w1,main,2,32768,uniform,1,eas_k1_adaptive,eas,1,adaptive,29,1,accept_id,ok,-20,99.03254199999999,96.86175,0.3631321651338994,0.2232205823547855,0.3614548803063977,4330,4310,56.46682,155.499362,baseline_dominates
l2-n32768-uniform-w1,main,2,32768,uniform,1,eas_k1_adaptive,eas,1,adaptive,29,1,accept_static_degree,ok,-517,87.01758,86.54746,0.4403991188079601,0.30593567040165504,0.39322979118740164,4827,4310,68.481782,155.499362,baseline_dominates
l2-n32768-uniform-w1,main,2,32768,uniform,1,accept_id,accept_id,,greedy,29,1,native,ok,1806,25.105822999999997,27.834847,0.5553880491233614,0.0,0.9527853616109686,2524,4330,31.360997,56.46682,extra_commits_extra_time
l2-n32768-uniform-w1,main,2,32768,uniform,1,accept_id,accept_id,,greedy,29,1,accept_static_degree,ok,-497,-12.014961999999997,-10.314290000000003,1.2127791506587409,1.3705531415351413,1.0879083742182951,4827,4330,68.481782,56.46682,tradeoff_or_tie
l2-n32768-uniform-w1,main,2,32768,uniform,1,native,native,,native,29,1,accept_id,ok,-1806,-25.105822999999997,-27.834847,1.8005428845262794,,1.0495543280694415,4330,2524,56.46682,31.360997,tradeoff_or_tie
l2-n32768-uniform-w1,main,2,32768,uniform,1,native,native,,native,29,1,accept_static_degree,ok,-2303,-37.120785,-38.149137,2.1836608702204203,,1.1418189427038012,4827,2524,68.481782,31.360997,tradeoff_or_tie
l2-n32768-uniform-w1,main,2,32768,uniform,1,accept_static_degree,accept_static_degree,,greedy,29,2,native,ok,2303,38.813708000000005,38.069989,0.4467341876313613,0.0,0.8543525846656714,2524,4827,31.340108,70.153816,extra_commits_extra_time
l2-n32768-uniform-w1,main,2,32768,uniform,1,accept_static_degree,accept_static_degree,,greedy,29,2,accept_id,ok,497,12.989774000000004,10.279088999999999,0.8148386682201293,0.7299949574453515,0.9083663398373663,4330,4827,57.164042,70.153816,extra_commits_extra_time
l2-n32768-uniform-w1,main,2,32768,uniform,1,eas_k1_adaptive,eas,1,adaptive,29,2,native,ok,1786,119.79095399999999,120.516889,0.2073703948431197,0.0,0.35410713223959106,2524,4310,31.340108,151.131062,extra_commits_extra_time
l2-n32768-uniform-w1,main,2,32768,uniform,1,eas_k1_adaptive,eas,1,adaptive,29,2,accept_id,ok,-20,93.96701999999999,92.725989,0.37824151596314465,0.2305975555011215,0.37649444198574805,4330,4310,57.164042,151.131062,baseline_dominates
l2-n32768-uniform-w1,main,2,32768,uniform,1,eas_k1_adaptive,eas,1,adaptive,29,2,accept_static_degree,ok,-517,80.97724599999998,82.4469,0.46419190781574743,0.31588924436972476,0.414474232998501,4827,4310,70.153816,151.131062,baseline_dominates
l2-n32768-uniform-w1,main,2,32768,uniform,1,eas_k2_adaptive,eas,2,adaptive,29,2,native,ok,1792,120.52889800000001,120.461517,0.2063627650265914,0.0,0.35287705778708994,2524,4316,31.340108,151.869006,extra_commits_extra_time
l2-n32768-uniform-w1,main,2,32768,uniform,1,eas_k2_adaptive,eas,2,adaptive,29,2,accept_id,ok,-14,94.70496400000002,92.670617,0.3764036093052456,0.23070355323517966,0.3751865999446508,4330,4316,57.164042,151.869006,baseline_dominates
l2-n32768-uniform-w1,main,2,32768,uniform,1,eas_k2_adaptive,eas,2,adaptive,29,2,accept_static_degree,ok,-511,81.71519,82.391528,0.4619363611295382,0.31603444774815515,0.4130344592158976,4827,4316,70.153816,151.869006,baseline_dominates
l2-n32768-uniform-w1,main,2,32768,uniform,1,accept_id,accept_id,,greedy,29,2,native,ok,1806,25.823934,27.7909,0.5482486350422876,0.0,0.9405374761229425,2524,4330,31.340108,57.164042,extra_commits_extra_time
l2-n32768-uniform-w1,main,2,32768,uniform,1,accept_id,accept_id,,greedy,29,2,accept_static_degree,ok,-497,-12.989774000000004,-10.279088999999999,1.2272368003648169,1.3698724762422232,1.1008774281299767,4827,4330,70.153816,57.164042,tradeoff_or_tie
l2-n32768-uniform-w1,main,2,32768,uniform,1,native,native,,native,29,2,accept_id,ok,-1806,-25.823934,-27.7909,1.8239899492369331,,1.063221854935725,4330,2524,57.164042,31.340108,tradeoff_or_tie
l2-n32768-uniform-w1,main,2,32768,uniform,1,native,native,,native,29,2,accept_static_degree,ok,-2303,-38.813708000000005,-38.069989,2.2384675891991184,,1.1704769411932239,4827,2524,70.153816,31.340108,tradeoff_or_tie
l2-n32768-uniform-w1,main,2,32768,uniform,1,accept_id,accept_id,,greedy,29,3,native,ok,1806,24.950424,27.559694,0.5586090757595638,0.0,0.9583111323453213,2524,4330,31.576393,56.526817,extra_commits_extra_time
l2-n32768-uniform-w1,main,2,32768,uniform,1,accept_id,accept_id,,greedy,29,3,accept_static_degree,ok,-497,-12.763905000000001,-10.497154000000002,1.2258026486791216,1.3808879010049968,1.0995909402896529,4827,4330,69.290722,56.526817,tradeoff_or_tie
l2-n32768-uniform-w1,main,2,32768,uniform,1,eas_k1_adaptive,eas,1,adaptive,29,3,native,ok,1786,121.159481,121.716606,0.20673854918982557,0.0,0.3530281881966336,2524,4310,31.576393,152.735874,extra_commits_extra_time
l2-n32768-uniform-w1,main,2,32768,uniform,1,eas_k1_adaptive,eas,1,adaptive,29,3,accept_id,ok,-20,96.209057,94.156912,0.3700952207207064,0.22642509437044278,0.3683857739736891,4330,4310,56.526817,152.735874,baseline_dominates
l2-n32768-uniform-w1,main,2,32768,uniform,1,eas_k1_adaptive,eas,1,adaptive,29,3,accept_static_degree,ok,-517,83.445152,83.659758,0.45366370182292604,0.312667673300059,0.4050736595930603,4827,4310,69.290722,152.735874,baseline_dominates
l2-n32768-uniform-w1,main,2,32768,uniform,1,native,native,,native,29,3,accept_id,ok,-1806,-24.950424,-27.559694,1.7901606747800485,,1.043502434906137,4330,2524,56.526817,31.576393,tradeoff_or_tie
l2-n32768-uniform-w1,main,2,32768,uniform,1,native,native,,native,29,3,accept_static_degree,ok,-2303,-37.714329000000006,-38.056848,2.1943836967065873,,1.1474258235929813,4827,2524,69.290722,31.576393,tradeoff_or_tie
l2-n32768-uniform-w1,main,2,32768,uniform,1,accept_static_degree,accept_static_degree,,greedy,29,3,native,ok,2303,37.714329000000006,38.056848,0.45570881769712257,0.0,0.8715160313096834,2524,4827,31.576393,69.290722,extra_commits_extra_time
l2-n32768-uniform-w1,main,2,32768,uniform,1,accept_static_degree,accept_static_degree,,greedy,29,3,accept_id,ok,497,12.763905000000001,10.497154000000002,0.815792004591899,0.7241717443336347,0.9094291007313877,4330,4827,56.526817,69.290722,extra_commits_extra_time
l2-n32768-uniform-w1,main,2,32768,uniform,1,eas_k2_adaptive,eas,2,adaptive,29,3,native,ok,1792,119.55683400000001,120.492489,0.208930846159991,0.0,0.3572684358266656,2524,4316,31.576393,151.133227,extra_commits_extra_time
l2-n32768-uniform-w1,main,2,32768,uniform,1,eas_k2_adaptive,eas,2,adaptive,29,3,accept_id,ok,-14,94.60641000000001,92.932795,0.37401978454413604,0.22872541042786493,0.37281048270023254,4330,4316,56.526817,151.133227,baseline_dominates
l2-n32768-uniform-w1,main,2,32768,uniform,1,eas_k2_adaptive,eas,2,adaptive,29,3,accept_static_degree,ok,-511,81.842505,82.435641,0.45847444255259634,0.3158441519122408,0.40993902922218806,4827,4316,69.290722,151.133227,baseline_dominates
l2-n32768-uniform-w1,main,2,32768,uniform,1,accept_static_degree,accept_static_degree,,greedy,47,1,native,ok,2310,36.224971999999994,38.136808,0.46618062663737897,0.0,0.8947032082270884,2513,4823,31.635008,67.85998,extra_commits_extra_time
l2-n32768-uniform-w1,main,2,32768,uniform,1,accept_static_degree,accept_static_degree,,greedy,47,1,accept_id,ok,482,11.130676999999991,9.949808,0.8359758284632564,0.739102234250963,0.9287978393644859,4341,4823,56.729303,67.85998,extra_commits_extra_time
l2-n32768-uniform-w1,main,2,32768,uniform,1,accept_id,accept_id,,greedy,47,1,native,ok,1828,25.094295000000002,28.187,0.5576484519825671,0.0,0.9632916554147819,2513,4341,31.635008,56.729303,extra_commits_extra_time
l2-n32768-uniform-w1,main,2,32768,uniform,1,accept_id,accept_id,,greedy,47,1,accept_static_degree,ok,-482,-11.130676999999991,-9.949808,1.1962068351165884,1.3529927980984142,1.0766605580006872,4823,4341,67.85998,56.729303,tradeoff_or_tie
l2-n32768-uniform-w1,main,2,32768,uniform,1,eas_k2_adaptive,eas,2,adaptive,47,1,native,ok,1785,116.78662800000001,117.796795,0.21314283316483587,0.0,0.36453955310125513,2513,4298,31.635008,148.421636,extra_commits_extra_time
l2-n32768-uniform-w1,main,2,32768,uniform,1,eas_k2_adaptive,eas,2,adaptive,47,1,accept_id,ok,-43,91.692333,89.609795,0.3822172058526561,0.23928494828743008,0.37843113355351216,4341,4298,56.729303,148.421636,baseline_dominates
l2-n32768-uniform-w1,main,2,32768,uniform,1,eas_k2_adaptive,eas,2,adaptive,47,1,accept_static_degree,ok,-525,80.56165600000001,79.659987,0.45721083414011143,0.32375081172624437,0.40744187541655696,4823,4298,67.85998,148.421636,baseline_dominates
l2-n32768-uniform-w1,main,2,32768,uniform,1,eas_k1_adaptive,eas,1,adaptive,47,1,native,ok,1791,121.899553,122.742488,0.20604486568988203,0.0,0.35289180339481624,2513,4304,31.635008,153.534561,extra_commits_extra_time
l2-n32768-uniform-w1,main,2,32768,uniform,1,eas_k1_adaptive,eas,1,adaptive,47,1,accept_id,ok,-37,96.805258,94.555488,0.3694888149645994,0.22964338151594257,0.366339520757984,4341,4304,56.729303,153.534561,baseline_dominates
l2-n32768-uniform-w1,main,2,32768,uniform,1,eas_k1_adaptive,eas,1,adaptive,47,1,accept_static_degree,ok,-519,85.674581,84.60567999999999,0.4419850459597823,0.31070584132203677,0.39442331283699533,4823,4304,67.85998,153.534561,baseline_dominates
l2-n32768-uniform-w1,main,2,32768,uniform,1,native,native,,native,47,1,accept_id,ok,-1828,-25.094295000000002,-28.187,1.793244465119149,,1.0381071966925863,4341,2513,56.729303,31.635008,tradeoff_or_tie
l2-n32768-uniform-w1,main,2,32768,uniform,1,native,native,,native,47,1,accept_static_degree,ok,-2310,-36.224971999999994,-38.136808,2.145091286210517,,1.117689073655569,4823,2513,67.85998,31.635008,tradeoff_or_tie
l2-n32768-uniform-w1,main,2,32768,uniform,1,eas_k1_adaptive,eas,1,adaptive,47,2,native,ok,1791,123.050124,123.668857,0.2041635739780727,0.0,0.34966972638339633,2513,4304,31.567232,154.617356,extra_commits_extra_time
l2-n32768-uniform-w1,main,2,32768,uniform,1,eas_k1_adaptive,eas,1,adaptive,47,2,accept_id,ok,-37,97.87160800000001,96.016362,0.3670076210590485,0.223601120531097,0.36387947501440376,4341,4304,56.745748,154.617356,baseline_dominates
l2-n32768-uniform-w1,main,2,32768,uniform,1,eas_k1_adaptive,eas,1,adaptive,47,2,accept_static_degree,ok,-519,86.364776,85.639498,0.44142896868576637,0.30750958586121646,0.3939270746889397,4823,4304,68.25258,154.617356,baseline_dominates
l2-n32768-uniform-w1,main,2,32768,uniform,1,native,native,,native,47,2,accept_id,ok,-1828,-25.178516,-27.652495,1.7976155780779257,,1.0406376290506405,4341,2513,56.745748,31.567232,tradeoff_or_tie
l2-n32768-uniform-w1,main,2,32768,uniform,1,native,native,,native,47,2,accept_static_degree,ok,-2310,-36.68534799999999,-38.029359,2.162133822819815,,1.1265690020216887,4823,2513,68.25258,31.567232,tradeoff_or_tie
l2-n32768-uniform-w1,main,2,32768,uniform,1,eas_k2_adaptive,eas,2,adaptive,47,2,native,ok,1785,116.34066399999999,117.423395,0.21342492763199067,0.0,0.36502202107578274,2513,4298,31.567232,147.907896,extra_commits_extra_time
l2-n32768-uniform-w1,main,2,32768,uniform,1,eas_k2_adaptive,eas,2,adaptive,47,2,accept_id,ok,-43,91.162148,89.7709,0.3836559746614204,0.23549391499027938,0.3798556505635755,4341,4298,56.745748,147.907896,baseline_dominates
l2-n32768-uniform-w1,main,2,32768,uniform,1,eas_k2_adaptive,eas,2,adaptive,47,2,accept_static_degree,ok,-525,79.655316,79.394036,0.46145325466599835,0.3238652655205549,0.4112224939992844,4823,4298,68.25258,147.907896,baseline_dominates
l2-n32768-uniform-w1,main,2,32768,uniform,1,accept_static_degree,accept_static_degree,,greedy,47,2,native,ok,2310,36.68534799999999,38.029359,0.4625060620419038,0.0,0.8876509101576967,2513,4823,31.567232,68.25258,extra_commits_extra_time
l2-n32768-uniform-w1,main,2,32768,uniform,1,accept_static_degree,accept_static_degree,,greedy,47,2,accept_id,ok,482,11.506831999999996,10.376864000000001,0.8314081020820019,0.727135448167822,0.9237229385711486,4341,4823,56.745748,68.25258,extra_commits_extra_time
l2-n32768-uniform-w1,main,2,32768,uniform,1,accept_id,accept_id,,greedy,47,2,native,ok,1828,25.178516,27.652495,0.5562924644151311,0.0,0.9609492988565926,2513,4341,31.567232,56.745748,extra_commits_extra_time
l2-n32768-uniform-w1,main,2,32768,uniform,1,accept_id,accept_id,,greedy,47,2,accept_static_degree,ok,-482,-11.506831999999996,-10.376864000000001,1.2027787526917435,1.375259592308036,1.082575692606313,4823,4341,68.25258,56.745748,tradeoff_or_tie
l2-n32768-uniform-w1,main,2,32768,uniform,1,eas_k1_adaptive,eas,1,adaptive,47,3,native,ok,1791,123.24965700000001,123.992989,0.20169086167577774,0.0,0.34543472688092197,2513,4304,31.138726,154.388383,extra_commits_extra_time
l2-n32768-uniform-w1,main,2,32768,uniform,1,eas_k1_adaptive,eas,1,adaptive,47,3,accept_id,ok,-37,97.555941,96.16490499999999,0.36811346097199554,0.2244327217565503,0.3649758894315333,4341,4304,56.832442,154.388383,baseline_dominates
l2-n32768-uniform-w1,main,2,32768,uniform,1,eas_k1_adaptive,eas,1,adaptive,47,3,accept_static_degree,ok,-519,86.209365,86.053617,0.44160717714104175,0.30597997762599305,0.3940861062434676,4823,4304,68.179018,154.388383,baseline_dominates
l2-n32768-uniform-w1,main,2,32768,uniform,1,accept_id,accept_id,,greedy,47,3,native,ok,1828,25.693716000000002,27.828084,0.5479040650760705,0.0,0.9464590316334386,2513,4341,31.138726,56.832442,extra_commits_extra_time
l2-n32768-uniform-w1,main,2,32768,uniform,1,accept_id,accept_id,,greedy,47,3,accept_static_degree,ok,-482,-11.346575999999999,-10.111287999999998,1.1996496296956587,1.3633483354441505,1.079759287270386,4823,4341,68.179018,56.832442,tradeoff_or_tie
l2-n32768-uniform-w1,main,2,32768,uniform,1,native,native,,native,47,3,accept_id,ok,-1828,-25.693716000000002,-27.828084,1.8251370335446608,,1.0565697685552835,4341,2513,56.832442,31.138726,tradeoff_or_tie
l2-n32768-uniform-w1,main,2,32768,uniform,1,native,native,,native,47,3,accept_static_degree,ok,-2310,-37.040292,-37.939372,2.1895249664356853,,1.1408410202466897,4823,2513,68.179018,31.138726,tradeoff_or_tie
l2-n32768-uniform-w1,main,2,32768,uniform,1,accept_static_degree,accept_static_degree,,greedy,47,3,native,ok,2310,37.040292,37.939372,0.4567200718555377,0.0,0.8765463217510929,2513,4823,31.138726,68.179018,extra_commits_extra_time
l2-n32768-uniform-w1,main,2,32768,uniform,1,accept_static_degree,accept_static_degree,,greedy,47,3,accept_id,ok,482,11.346575999999999,10.111287999999998,0.8335767171067204,0.7334882612184515,0.9261323443005374,4341,4823,56.832442,68.179018,extra_commits_extra_time
l2-n32768-uniform-w1,main,2,32768,uniform,1,eas_k2_adaptive,eas,2,adaptive,47,3,native,ok,1785,118.61869300000001,118.87568,0.20792776884062084,0.0,0.35562019517572474,2513,4298,31.138726,149.757419,extra_commits_extra_time
l2-n32768-uniform-w1,main,2,32768,uniform,1,eas_k2_adaptive,eas,2,adaptive,47,3,accept_id,ok,-43,92.924977,91.047596,0.3794966712133307,0.23409400476194964,0.3757375473104002,4341,4298,56.832442,149.757419,baseline_dominates
l2-n32768-uniform-w1,main,2,32768,uniform,1,eas_k2_adaptive,eas,2,adaptive,47,3,accept_static_degree,ok,-525,81.578401,80.936308,0.45526304109180726,0.3191516717296591,0.4057061062846007,4823,4298,68.179018,149.757419,baseline_dominates
l2-n32768-uniform-w1,main,2,32768,uniform,1,eas_k2_adaptive,eas,2,adaptive,71,1,native,ok,1813,119.03685899999999,119.640979,0.2066859650640312,0.0,0.3574793874623439,2485,4298,31.013252,150.050111,extra_commits_extra_time
l2-n32768-uniform-w1,main,2,32768,uniform,1,eas_k2_adaptive,eas,2,adaptive,71,1,accept_id,ok,-29,93.55676399999999,92.02529,0.3764965358806033,0.2308213225169279,0.37397321728986127,4327,4298,56.493347,150.050111,baseline_dominates
l2-n32768-uniform-w1,main,2,32768,uniform,1,eas_k2_adaptive,eas,2,adaptive,71,1,accept_static_degree,ok,-521,81.750785,81.801005,0.45517677757665903,0.3162793744775358,0.40596592447015417,4819,4298,68.299326,150.050111,baseline_dominates
l2-n32768-uniform-w1,main,2,32768,uniform,1,eas_k1_adaptive,eas,1,adaptive,71,1,native,ok,1816,122.654833,123.146404,0.20181973374627532,0.0,0.34930650899068627,2485,4301,31.013252,153.668085,extra_commits_extra_time
l2-n32768-uniform-w1,main,2,32768,uniform,1,eas_k1_adaptive,eas,1,adaptive,71,1,accept_id,ok,-26,97.17473799999999,95.530715,0.3676322705524703,0.2242508762172219,0.3654232483580531,4327,4301,56.493347,153.668085,baseline_dominates
l2-n32768-uniform-w1,main,2,32768,uniform,1,eas_k1_adaptive,eas,1,adaptive,71,1,accept_static_degree,ok,-518,85.368759,85.30643,0.44446005818319395,0.30727632128015686,0.3966845217356309,4819,4301,68.299326,153.668085,baseline_dominates
l2-n32768-uniform-w1,main,2,32768,uniform,1,accept_static_degree,accept_static_degree,,greedy,71,1,native,ok,2334,37.28607399999999,37.839974,0.45407844873901104,0.0,0.8805650078363291,2485,4819,31.013252,68.299326,extra_commits_extra_time
l2-n32768-uniform-w1,main,2,32768,uniform,1,accept_static_degree,accept_static_degree,,greedy,71,1,accept_id,ok,492,11.805978999999994,10.224284999999998,0.8271435504356223,0.7298020077920773,0.9211936144097608,4327,4819,56.493347,68.299326,extra_commits_extra_time
l2-n32768-uniform-w1,main,2,32768,uniform,1,accept_id,accept_id,,greedy,71,1,native,ok,1842,25.480095,27.615689,0.5489717576832543,0.0,0.9558956923518583,2485,4327,31.013252,56.493347,extra_commits_extra_time
l2-n32768-uniform-w1,main,2,32768,uniform,1,accept_id,accept_id,,greedy,71,1,accept_static_degree,ok,-492,-11.805978999999994,-10.224284999999998,1.208979988386951,1.3702346517590054,1.085548124039845,4819,4327,68.299326,56.493347,tradeoff_or_tie
l2-n32768-uniform-w1,main,2,32768,uniform,1,native,native,,native,71,1,accept_id,ok,-1842,-25.480095,-27.615689,1.821587333053625,,1.0461392472013642,4327,2485,56.493347,31.013252,tradeoff_or_tie
l2-n32768-uniform-w1,main,2,32768,uniform,1,native,native,,native,71,1,accept_static_degree,ok,-2334,-37.28607399999999,-37.839974,2.2022626327609887,,1.1356344972838965,4819,2485,68.299326,31.013252,tradeoff_or_tie
l2-n32768-uniform-w1,main,2,32768,uniform,1,accept_id,accept_id,,greedy,71,2,native,ok,1842,27.338600999999997,29.013948,0.5313843616056211,0.0,0.9252716831656166,2485,4327,31.00047,58.339071,extra_commits_extra_time
l2-n32768-uniform-w1,main,2,32768,uniform,1,accept_id,accept_id,,greedy,71,2,accept_static_degree,ok,-492,-9.60541,-8.621039000000003,1.1646479766535878,1.2971342955464042,1.0457422276362014,4819,4327,67.944481,58.339071,tradeoff_or_tie
l2-n32768-uniform-w1,main,2,32768,uniform,1,eas_k1_adaptive,eas,1,adaptive,71,2,native,ok,1816,124.04310099999998,124.123816,0.19994682656012872,0.0,0.3460649098735261,2485,4301,31.00047,155.043571,extra_commits_extra_time
l2-n32768-uniform-w1,main,2,32768,uniform,1,eas_k1_adaptive,eas,1,adaptive,71,2,accept_id,ok,-26,96.7045,95.109868,0.3762753310164664,0.23375004841939437,0.37401437455595743,4327,4301,58.339071,155.043571,baseline_dominates
l2-n32768-uniform-w1,main,2,32768,uniform,1,eas_k1_adaptive,eas,1,adaptive,71,2,accept_static_degree,ok,-518,87.09908999999999,86.48882900000001,0.43822830293298654,0.303205204390429,0.3911226252161075,4819,4301,67.944481,155.043571,baseline_dominates
l2-n32768-uniform-w1,main,2,32768,uniform,1,native,native,,native,71,2,accept_id,ok,-1842,-27.338600999999997,-29.013948,1.8818769844457195,,1.0807636483359315,4327,2485,58.339071,31.00047,tradeoff_or_tie
l2-n32768-uniform-w1,main,2,32768,uniform,1,native,native,,native,71,2,accept_static_degree,ok,-2334,-36.944010999999996,-37.634987,2.1917242222456625,,1.1302001851590453,4819,2485,67.944481,31.00047,tradeoff_or_tie
l2-n32768-uniform-w1,main,2,32768,uniform,1,accept_static_degree,accept_static_degree,,greedy,71,2,native,ok,2334,36.944010999999996,37.634987,0.45626178232195197,0.0,0.8847990056374632,2485,4819,31.00047,67.944481,extra_commits_extra_time
l2-n32768-uniform-w1,main,2,32768,uniform,1,accept_static_degree,accept_static_degree,,greedy,71,2,accept_id,ok,492,9.60541,8.621039000000003,0.8586285470338643,0.7709301985410543,0.9562586013767492,4327,4819,58.339071,67.944481,extra_commits_extra_time
l2-n32768-uniform-w1,main,2,32768,uniform,1,eas_k2_adaptive,eas,2,adaptive,71,2,native,ok,1813,118.41235599999999,118.76947,0.20748198685432803,0.0,0.358856168812558,2485,4298,31.00047,149.412826,extra_commits_extra_time
l2-n32768-uniform-w1,main,2,32768,uniform,1,eas_k2_adaptive,eas,2,adaptive,71,2,accept_id,ok,-29,91.073755,89.755522,0.39045557574822926,0.24428793022314574,0.3878387022337151,4327,4298,58.339071,149.412826,baseline_dominates
l2-n32768-uniform-w1,main,2,32768,uniform,1,eas_k2_adaptive,eas,2,adaptive,71,2,accept_static_degree,ok,-521,81.468345,81.13448299999999,0.4547432962682869,0.31687425228048927,0.40557930843741863,4819,4298,67.944481,149.412826,baseline_dominates
l2-n32768-uniform-w1,main,2,32768,uniform,1,accept_static_degree,accept_static_degree,,greedy,71,3,native,ok,2334,37.009868000000004,37.884734,0.4647378494009909,0.0,0.9012360950764896,2485,4819,32.133575,69.143443,extra_commits_extra_time
l2-n32768-uniform-w1,main,2,32768,uniform,1,accept_static_degree,accept_static_degree,,greedy,71,3,accept_id,ok,492,12.015693000000006,10.103587000000001,0.8262207885713762,0.7333071680007044,0.9201659302351828,4327,4819,57.12775,69.143443,extra_commits_extra_time
l2-n32768-uniform-w1,main,2,32768,uniform,1,eas_k1_adaptive,eas,1,adaptive,71,3,native,ok,1816,121.372649,122.994899,0.2093307630314716,0.0,0.36230648362143675,2485,4301,32.133575,153.506224,extra_commits_extra_time
l2-n32768-uniform-w1,main,2,32768,uniform,1,eas_k1_adaptive,eas,1,adaptive,71,3,accept_id,ok,-26,96.37847400000001,95.213752,0.372152662682915,0.2258723510151425,0.3699164784378311,4327,4301,57.12775,153.506224,baseline_dominates
l2-n32768-uniform-w1,main,2,32768,uniform,1,eas_k1_adaptive,eas,1,adaptive,71,3,accept_static_degree,ok,-518,84.362781,85.110165,0.4504276191433124,0.3080187414926858,0.4020106225224891,4819,4301,69.143443,153.506224,baseline_dominates
l2-n32768-uniform-w1,main,2,32768,uniform,1,accept_id,accept_id,,greedy,71,3,native,ok,1842,24.994175,27.781147,0.5624862698075804,0.0,0.9794278025987607,2485,4327,32.133575,57.12775,extra_commits_extra_time
l2-n32768-uniform-w1,main,2,32768,uniform,1,accept_id,accept_id,,greedy,71,3,accept_static_degree,ok,-492,-12.015693000000006,-10.103587000000001,1.2103302335554964,1.3636850199165642,1.086760514752391,4819,4327,69.143443,57.12775,tradeoff_or_tie
l2-n32768-uniform-w1,main,2,32768,uniform,1,native,native,,native,71,3,accept_id,ok,-1842,-24.994175,-27.781147,1.7778211730254103,,1.0210043020492723,4327,2485,57.12775,32.133575,tradeoff_or_tie
l2-n32768-uniform-w1,main,2,32768,uniform,1,native,native,,native,71,3,accept_static_degree,ok,-2334,-37.009868000000004,-37.884734,2.151750715567751,,1.1095871608594727,4819,2485,69.143443,32.133575,tradeoff_or_tie
l2-n32768-uniform-w1,main,2,32768,uniform,1,eas_k2_adaptive,eas,2,adaptive,71,3,native,ok,1813,119.240498,121.016343,0.2122792520750895,0.0,0.36715341063190937,2485,4298,32.133575,151.374073,extra_commits_extra_time
l2-n32768-uniform-w1,main,2,32768,uniform,1,eas_k2_adaptive,eas,2,adaptive,71,3,accept_id,ok,-29,94.24632300000002,93.235196,0.3773945489330924,0.22956524971176825,0.37486521176724247,4327,4298,57.12775,151.374073,baseline_dominates
l2-n32768-uniform-w1,main,2,32768,uniform,1,eas_k2_adaptive,eas,2,adaptive,71,3,accept_static_degree,ok,-521,82.23063,83.131609,0.4567720325527609,0.31305469212534376,0.4073887105029325,4819,4298,69.143443,151.374073,baseline_dominates
l2-n32768-uniform-w1,main,2,32768,uniform,1,eas_k2_adaptive,eas,2,adaptive,101,1,native,ok,1813,119.18637199999999,119.8285,0.2072972692338788,0.0,0.35817239935012934,2491,4304,31.168064,150.354436,extra_commits_extra_time
l2-n32768-uniform-w1,main,2,32768,uniform,1,eas_k2_adaptive,eas,2,adaptive,101,1,accept_id,ok,-42,92.26354799999999,92.06695300000001,0.38635965486246115,0.23167733051819892,0.38262585239906377,4346,4304,58.090888,150.354436,baseline_dominates
l2-n32768-uniform-w1,main,2,32768,uniform,1,eas_k2_adaptive,eas,2,adaptive,101,1,accept_static_degree,ok,-521,82.004814,81.817626,0.4545899929417447,0.3172106301923165,0.40550369525747343,4825,4304,68.349622,150.354436,baseline_dominates
l2-n32768-uniform-w1,main,2,32768,uniform,1,eas_k1_adaptive,eas,1,adaptive,101,1,native,ok,1799,120.81915299999999,121.924036,0.2050702987738765,0.0,0.35317205208391217,2491,4290,31.168064,151.987217,extra_commits_extra_time
l2-n32768-uniform-w1,main,2,32768,uniform,1,eas_k1_adaptive,eas,1,adaptive,101,1,accept_id,ok,-56,93.89632899999998,94.162489,0.3822090380140325,0.22769543980647097,0.37728411713833704,4346,4290,58.090888,151.987217,baseline_dominates
l2-n32768-uniform-w1,main,2,32768,uniform,1,eas_k1_adaptive,eas,1,adaptive,101,1,accept_static_degree,ok,-535,83.63759499999999,83.913162,0.4497063855047757,0.3117586593015999,0.3998425686667571,4825,4290,68.349622,151.987217,baseline_dominates
l2-n32768-uniform-w1,main,2,32768,uniform,1,accept_id,accept_id,,greedy,101,1,native,ok,1855,26.922824,27.761547,0.5365396376794929,0.0,0.9360904316955813,2491,4346,31.168064,58.090888,extra_commits_extra_time
l2-n32768-uniform-w1,main,2,32768,uniform,1,accept_id,accept_id,,greedy,101,1,accept_static_degree,ok,-479,-10.258733999999997,-10.249327000000001,1.1765979889995828,1.3691914935432092,1.0597916808677865,4825,4346,68.349622,58.090888,tradeoff_or_tie
l2-n32768-uniform-w1,main,2,32768,uniform,1,native,native,,native,101,1,accept_id,ok,-1855,-26.922824,-27.761547,1.8637951975457956,,1.0682728571305409,4346,2491,58.090888,31.168064,tradeoff_or_tie
l2-n32768-uniform-w1,main,2,32768,uniform,1,native,native,,native,101,1,accept_static_degree,ok,-2334,-37.181557999999995,-38.010874,2.192937681339463,,1.1321466868838088,4825,2491,68.349622,31.168064,tradeoff_or_tie
l2-n32768-uniform-w1,main,2,32768,uniform,1,accept_static_degree,accept_static_degree,,greedy,101,1,native,ok,2334,37.181557999999995,38.010874,0.4560093104830924,0.0,0.8832777692018535,2491,4825,31.168064,68.349622,extra_commits_extra_time
l2-n32768-uniform-w1,main,2,32768,uniform,1,accept_static_degree,accept_static_degree,,greedy,101,1,accept_id,ok,479,10.258733999999997,10.249327000000001,0.8499079629145572,0.7303580285999212,0.9435816661451546,4346,4825,58.090888,68.349622,extra_commits_extra_time
l2-n32768-uniform-w1,main,2,32768,uniform,1,accept_static_degree,accept_static_degree,,greedy,101,2,native,ok,2334,36.898258999999996,37.699608,0.4555386972807848,0.0,0.8823662040872134,2491,4825,30.871955,67.770214,extra_commits_extra_time
l2-n32768-uniform-w1,main,2,32768,uniform,1,accept_static_degree,accept_static_degree,,greedy,101,2,accept_id,ok,479,10.420108999999997,9.996694999999999,0.846243528167109,0.7348329192176216,0.9395133509907626,4346,4825,57.350105,67.770214,extra_commits_extra_time
l2-n32768-uniform-w1,main,2,32768,uniform,1,eas_k1_adaptive,eas,1,adaptive,101,2,native,ok,1799,120.57515400000001,120.734794,0.2038464464844951,0.0,0.35106433376962515,2491,4290,30.871955,151.447109,extra_commits_extra_time
l2-n32768-uniform-w1,main,2,32768,uniform,1,eas_k1_adaptive,eas,1,adaptive,101,2,accept_id,ok,-56,94.09700400000001,93.031881,0.37868075117894784,0.229452605021217,0.3738012937320518,4346,4290,57.350105,151.447109,baseline_dominates
l2-n32768-uniform-w1,main,2,32768,uniform,1,eas_k1_adaptive,eas,1,adaptive,101,2,accept_static_degree,ok,-535,83.67689500000002,83.035186,0.44748436894889815,0.31225139622965686,0.39786693114883376,4825,4290,67.770214,151.447109,baseline_dominates
l2-n32768-uniform-w1,main,2,32768,uniform,1,eas_k2_adaptive,eas,2,adaptive,101,2,native,ok,1813,120.07935300000001,120.402788,0.20451598206754193,0.0,0.35336683533517904,2491,4304,30.871955,150.951308,extra_commits_extra_time
l2-n32768-uniform-w1,main,2,32768,uniform,1,eas_k2_adaptive,eas,2,adaptive,101,2,accept_id,ok,-42,93.60120300000001,92.699875,0.3799245316907091,0.2300853116457735,0.3762529186373289,4346,4304,57.350105,150.951308,baseline_dominates
l2-n32768-uniform-w1,main,2,32768,uniform,1,eas_k2_adaptive,eas,2,adaptive,101,2,accept_static_degree,ok,-521,83.18109400000002,82.70318,0.4489541355945057,0.3131124172971808,0.40047639369951676,4825,4304,67.770214,150.951308,baseline_dominates
l2-n32768-uniform-w1,main,2,32768,uniform,1,native,native,,native,101,2,accept_id,ok,-1855,-26.47815,-27.702913,1.8576764898756817,,1.0647657929767,4346,2491,57.350105,30.871955,tradeoff_or_tie
l2-n32768-uniform-w1,main,2,32768,uniform,1,native,native,,native,101,2,accept_static_degree,ok,-2334,-36.898258999999996,-37.699608,2.195203186840613,,1.1333162981173739,4825,2491,67.770214,30.871955,tradeoff_or_tie
l2-n32768-uniform-w1,main,2,32768,uniform,1,accept_id,accept_id,,greedy,101,2,native,ok,1855,26.47815,27.702913,0.538306860990054,0.0,0.9391736723663536,2491,4346,30.871955,57.350105,extra_commits_extra_time
l2-n32768-uniform-w1,main,2,32768,uniform,1,accept_id,accept_id,,greedy,101,2,accept_static_degree,ok,-479,-10.420108999999997,-9.996694999999999,1.1816929367435334,1.3608535679984266,1.0643808296555353,4825,4346,67.770214,57.350105,tradeoff_or_tie
l2-n32768-uniform-w1,main,2,32768,uniform,1,accept_id,accept_id,,greedy,101,3,native,ok,1855,25.07465,27.706392,0.5572537902959411,0.0,0.9722300171122592,2491,4346,31.559714,56.634364,extra_commits_extra_time
l2-n32768-uniform-w1,main,2,32768,uniform,1,accept_id,accept_id,,greedy,101,3,accept_static_degree,ok,-479,-11.239619999999995,-10.092112,1.1984593664722711,1.3642521191499781,1.0794827785875734,4825,4346,67.873984,56.634364,tradeoff_or_tie
l2-n32768-uniform-w1,main,2,32768,uniform,1,eas_k1_adaptive,eas,1,adaptive,101,3,native,ok,1799,118.26465700000001,119.51876,0.2106447288205201,0.0,0.36277233506260576,2491,4290,31.559714,149.824371,extra_commits_extra_time
l2-n32768-uniform-w1,main,2,32768,uniform,1,eas_k1_adaptive,eas,1,adaptive,101,3,accept_id,ok,-56,93.19000700000001,91.81236799999999,0.37800501762159905,0.23181626047659798,0.3731342672797954,4346,4290,56.634364,149.824371,baseline_dominates
l2-n32768-uniform-w1,main,2,32768,uniform,1,eas_k1_adaptive,eas,1,adaptive,101,3,accept_static_degree,ok,-535,81.95038700000002,81.720256,0.45302365394212124,0.3162558246086221,0.4027920156294317,4825,4290,67.873984,149.824371,baseline_dominates
l2-n32768-uniform-w1,main,2,32768,uniform,1,accept_static_degree,accept_static_degree,,greedy,101,3,native,ok,2334,36.31426999999999,37.798504,0.4649751221322149,0.0,0.9006443052147189,2491,4825,31.559714,67.873984,extra_commits_extra_time
l2-n32768-uniform-w1,main,2,32768,uniform,1,accept_static_degree,accept_static_degree,,greedy,101,3,accept_id,ok,479,11.239619999999995,10.092112,0.8344045930764872,0.7330023431615177,0.9263695723876477,4346,4825,56.634364,67.873984,extra_commits_extra_time
l2-n32768-uniform-w1,main,2,32768,uniform,1,eas_k2_adaptive,eas,2,adaptive,101,3,native,ok,1813,115.99673700000001,117.243006,0.2138823059657351,0.0,0.36955015852181794,2491,4304,31.559714,147.556451,extra_commits_extra_time
l2-n32768-uniform-w1,main,2,32768,uniform,1,eas_k2_adaptive,eas,2,adaptive,101,3,accept_id,ok,-42,90.922087,89.53661399999999,0.38381489671366514,0.23631594706809209,0.38010568694377966,4346,4304,56.634364,147.556451,baseline_dominates
l2-n32768-uniform-w1,main,2,32768,uniform,1,eas_k2_adaptive,eas,2,adaptive,101,3,accept_static_degree,ok,-521,79.68246700000002,79.444502,0.4599865579580793,0.32239453157657866,0.41031754309900953,4825,4304,67.873984,147.556451,baseline_dominates
l2-n32768-uniform-w1,main,2,32768,uniform,1,native,native,,native,101,3,accept_id,ok,-1855,-25.07465,-27.706392,1.7945144876788173,,1.0285631819620462,4346,2491,56.634364,31.559714,tradeoff_or_tie
l2-n32768-uniform-w1,main,2,32768,uniform,1,native,native,,native,101,3,accept_static_degree,ok,-2334,-36.31426999999999,-37.798504,2.1506526960288674,,1.1103162416172654,4825,2491,67.873984,31.559714,tradeoff_or_tie
l2-n32768-zipf-w1,main,2,32768,zipf,1,native,native,,native,11,1,accept_id,ok,-1129,-23.369954,-26.276387,1.870374534034933,,0.7246052182868442,1843,714,50.220411,26.850457,tradeoff_or_tie
l2-n32768-zipf-w1,main,2,32768,zipf,1,native,native,,native,11,1,accept_static_degree,ok,-1411,-33.808428,-35.874777,2.259137898472268,,0.759070333887034,2125,714,60.658885,26.850457,tradeoff_or_tie
l2-n32768-zipf-w1,main,2,32768,zipf,1,eas_k2_adaptive,eas,2,adaptive,11,1,native,ok,1406,420.559323,422.08727,0.06001312041055517,0.0,0.17819021746538952,714,2120,26.850457,447.40978,extra_commits_extra_time
l2-n32768-zipf-w1,main,2,32768,zipf,1,eas_k2_adaptive,eas,2,adaptive,11,1,accept_id,ok,277,397.189369,395.810883,0.11224701212387445,0.062253445833606876,0.12911756142308883,1843,2120,50.220411,447.40978,extra_commits_extra_time
l2-n32768-zipf-w1,main,2,32768,zipf,1,eas_k2_adaptive,eas,2,adaptive,11,1,accept_static_degree,ok,-5,386.750895,386.212493,0.13557791472506478,0.08499374311857356,0.13525890786685643,2125,2120,60.658885,447.40978,baseline_dominates
l2-n32768-zipf-w1,main,2,32768,zipf,1,eas_k1_adaptive,eas,1,adaptive,11,1,native,ok,1409,518.831922,520.503211,0.04920528503999943,0.0,0.14630647078423756,714,2123,26.850457,545.682379,extra_commits_extra_time
l2-n32768-zipf-w1,main,2,32768,zipf,1,eas_k1_adaptive,eas,1,adaptive,11,1,accept_id,ok,280,495.46196799999996,494.22682399999997,0.09203231207874499,0.050482660711193963,0.10601443219939025,1843,2123,50.220411,545.682379,extra_commits_extra_time
l2-n32768-zipf-w1,main,2,32768,zipf,1,eas_k1_adaptive,eas,1,adaptive,11,1,accept_static_degree,ok,-2,485.02349399999997,484.62843399999997,0.11116152423899325,0.06892325780483995,0.11105690162802478,2125,2123,60.658885,545.682379,baseline_dominates
l2-n32768-zipf-w1,main,2,32768,zipf,1,accept_id,accept_id,,greedy,11,1,native,ok,1129,23.369954,26.276387,0.5346522751476486,0.0,1.3800618250642203,714,1843,26.850457,50.220411,extra_commits_extra_time
l2-n32768-zipf-w1,main,2,32768,zipf,1,accept_id,accept_id,,greedy,11,1,accept_static_degree,ok,-282,-10.438474,-9.598390000000002,1.2078532172904757,1.3652857601769985,1.0475639903362473,2125,1843,60.658885,50.220411,tradeoff_or_tie
l2-n32768-zipf-w1,main,2,32768,zipf,1,accept_static_degree,accept_static_degree,,greedy,11,1,native,ok,1411,33.808428,35.874777,0.4426467285048184,0.0,1.317400977692301,714,2125,26.850457,60.658885,extra_commits_extra_time
l2-n32768-zipf-w1,main,2,32768,zipf,1,accept_static_degree,accept_static_degree,,greedy,11,1,accept_id,ok,282,10.438474,9.598390000000002,0.827915168569287,0.7324473961190058,0.9545956230120317,1843,2125,50.220411,60.658885,extra_commits_extra_time
l2-n32768-zipf-w1,main,2,32768,zipf,1,eas_k2_adaptive,eas,2,adaptive,11,2,native,ok,1406,420.860974,421.934955,0.05938760709856175,0.0,0.17633295104928806,714,2120,26.571972,447.432946,extra_commits_extra_time
l2-n32768-zipf-w1,main,2,32768,zipf,1,eas_k2_adaptive,eas,2,adaptive,11,2,accept_id,ok,277,396.787117,395.449206,0.11319199771221138,0.06277211377284443,0.13020457685828066,1843,2120,50.645829,447.432946,extra_commits_extra_time
l2-n32768-zipf-w1,main,2,32768,zipf,1,eas_k2_adaptive,eas,2,adaptive,11,2,accept_static_degree,ok,-5,386.530226,386.253044,0.13611585947003554,0.0845673262600393,0.13579558685966375,2125,2120,60.90272,447.432946,baseline_dominates
l2-n32768-zipf-w1,main,2,32768,zipf,1,accept_id,accept_id,,greedy,11,2,native,ok,1129,24.073857,26.485749,0.5246625936362893,0.0,1.3542761345571992,714,1843,26.571972,50.645829,extra_commits_extra_time
l2-n32768-zipf-w1,main,2,32768,zipf,1,accept_id,accept_id,,greedy,11,2,accept_static_degree,ok,-282,-10.256891000000003,-9.196162000000001,1.2025219292984621,1.347211702414004,1.0429401956236037,2125,1843,60.90272,50.645829,tradeoff_or_tie
l2-n32768-zipf-w1,main,2,32768,zipf,1,eas_k1_adaptive,eas,1,adaptive,11,2,native,ok,1409,519.206617,520.664563,0.04868635841630643,0.0,0.14476349988505743,714,2123,26.571972,545.778589,extra_commits_extra_time
l2-n32768-zipf-w1,main,2,32768,zipf,1,eas_k1_adaptive,eas,1,adaptive,11,2,accept_id,ok,280,495.13276,494.17881400000005,0.09279555853005439,0.05086912166134878,0.10689363578897447,1843,2123,50.645829,545.778589,extra_commits_extra_time
l2-n32768-zipf-w1,main,2,32768,zipf,1,eas_k1_adaptive,eas,1,adaptive,11,2,accept_static_degree,ok,-2,484.875869,484.98265200000003,0.11158869407388937,0.06853147599369078,0.11148366942067128,2125,2123,60.90272,545.778589,baseline_dominates
l2-n32768-zipf-w1,main,2,32768,zipf,1,accept_static_degree,accept_static_degree,,greedy,11,2,native,ok,1411,34.330748,35.681911,0.4363018925919893,0.0,1.2985175374772462,714,2125,26.571972,60.90272,extra_commits_extra_time
l2-n32768-zipf-w1,main,2,32768,zipf,1,accept_static_degree,accept_static_degree,,greedy,11,2,accept_id,ok,282,10.256891000000003,9.196162000000001,0.8315856664529925,0.7422738372953175,0.958827748893187,1843,2125,50.645829,60.90272,extra_commits_extra_time
l2-n32768-zipf-w1,main,2,32768,zipf,1,native,native,,native,11,2,accept_id,ok,-1129,-24.073857,-26.485749,1.9059868420755524,,0.738401847660828,1843,714,50.645829,26.571972,tradeoff_or_tie
l2-n32768-zipf-w1,main,2,32768,zipf,1,native,native,,native,11,2,accept_static_degree,ok,-1411,-34.330748,-35.681911,2.2919909745501768,,0.7701089674482143,2125,714,60.90272,26.571972,tradeoff_or_tie
l2-n32768-zipf-w1,main,2,32768,zipf,1,native,native,,native,11,3,accept_id,ok,-1129,-23.897552999999995,-26.36845,1.9005592932802426,,0.7362991510591195,1843,714,50.433899,26.536346,tradeoff_or_tie
l2-n32768-zipf-w1,main,2,32768,zipf,1,native,native,,native,11,3,accept_static_degree,ok,-1411,-34.045578,-36.019985,2.282979126063551,,0.767080986357855,2125,714,60.581924,26.536346,tradeoff_or_tie
l2-n32768-zipf-w1,main,2,32768,zipf,1,eas_k1_adaptive,eas,1,adaptive,11,3,native,ok,1409,519.760031,520.939051,0.04857499906136116,0.0,0.14443238516437779,714,2123,26.536346,546.296377,extra_commits_extra_time
l2-n32768-zipf-w1,main,2,32768,zipf,1,eas_k1_adaptive,eas,1,adaptive,11,3,accept_id,ok,280,495.862478,494.57060099999995,0.09231966588714902,0.05061714983620992,0.10634544258197512,1843,2123,50.433899,546.296377,extra_commits_extra_time
l2-n32768-zipf-w1,main,2,32768,zipf,1,eas_k1_adaptive,eas,1,adaptive,11,3,accept_static_degree,ok,-2,485.714453,484.91906599999993,0.11089570890564408,0.06914433642641239,0.11079133647390854,2125,2123,60.581924,546.296377,baseline_dominates
l2-n32768-zipf-w1,main,2,32768,zipf,1,accept_static_degree,accept_static_degree,,greedy,11,3,native,ok,1411,34.045578,36.019985,0.4380241538713759,0.0,1.3036433150925275,714,2125,26.536346,60.581924,extra_commits_extra_time
l2-n32768-zipf-w1,main,2,32768,zipf,1,accept_static_degree,accept_static_degree,,greedy,11,3,accept_id,ok,282,10.148025000000004,9.651534999999999,0.8324908763214585,0.7320505547128906,0.9598714661865241,1843,2125,50.433899,60.581924,extra_commits_extra_time
l2-n32768-zipf-w1,main,2,32768,zipf,1,eas_k2_adaptive,eas,2,adaptive,11,3,native,ok,1406,418.65542200000004,420.064012,0.059606551395173145,0.0,0.17698303775607077,714,2120,26.536346,445.191768,extra_commits_extra_time
l2-n32768-zipf-w1,main,2,32768,zipf,1,eas_k2_adaptive,eas,2,adaptive,11,3,accept_id,ok,277,394.757869,393.695562,0.11328578519448274,0.06277245668929143,0.13031246045165898,1843,2120,50.433899,445.191768,extra_commits_extra_time
l2-n32768-zipf-w1,main,2,32768,zipf,1,eas_k2_adaptive,eas,2,adaptive,11,3,accept_static_degree,ok,-5,384.609844,384.04402699999997,0.1360805126118145,0.08574880011382646,0.13576032317053627,2125,2120,60.581924,445.191768,baseline_dominates
l2-n32768-zipf-w1,main,2,32768,zipf,1,accept_id,accept_id,,greedy,11,3,native,ok,1129,23.897552999999995,26.36845,0.5261609061793934,0.0,1.3581436275752372,714,1843,26.536346,50.433899,extra_commits_extra_time
l2-n32768-zipf-w1,main,2,32768,zipf,1,accept_id,accept_id,,greedy,11,3,accept_static_degree,ok,-282,-10.148025000000004,-9.651534999999999,1.2012143657582375,1.366025875620296,1.0418061534560483,2125,1843,60.581924,50.433899,tradeoff_or_tie
l2-n32768-zipf-w1,main,2,32768,zipf,1,accept_static_degree,accept_static_degree,,greedy,29,1,native,ok,1426,33.824774000000005,35.768321,0.4400407338530011,0.0,1.3351877901647475,701,2127,26.581002,60.405776,extra_commits_extra_time
l2-n32768-zipf-w1,main,2,32768,zipf,1,accept_static_degree,accept_static_degree,,greedy,29,1,accept_id,ok,306,9.982318000000006,9.635973,0.8347456375694933,0.7306003544309503,0.9750159094511507,1821,2127,50.423458,60.405776,extra_commits_extra_time
l2-n32768-zipf-w1,main,2,32768,zipf,1,eas_k2_adaptive,eas,2,adaptive,29,1,native,ok,1415,441.586239,442.642583,0.05677672351278419,0.0,0.17138309123128145,701,2116,26.581002,468.167241,extra_commits_extra_time
l2-n32768-zipf-w1,main,2,32768,zipf,1,eas_k2_adaptive,eas,2,adaptive,29,1,accept_id,ok,295,417.743783,416.510235,0.10770394334361381,0.05903713064135992,0.12515186387436852,1821,2116,50.423458,468.167241,extra_commits_extra_time
l2-n32768-zipf-w1,main,2,32768,zipf,1,eas_k2_adaptive,eas,2,adaptive,29,1,accept_static_degree,ok,-11,407.761465,406.874262,0.12902606314566978,0.08080632630864618,0.12835879154507146,2127,2116,60.405776,468.167241,baseline_dominates
l2-n32768-zipf-w1,main,2,32768,zipf,1,native,native,,native,29,1,accept_id,ok,-1120,-23.842455999999995,-26.132348,1.8969735602894124,,0.7302462744441697,1821,701,50.423458,26.581002,tradeoff_or_tie
l2-n32768-zipf-w1,main,2,32768,zipf,1,native,native,,native,29,1,accept_static_degree,ok,-1426,-33.824774000000005,-35.768321,2.2725168900705848,,0.7489583168496553,2127,701,60.405776,26.581002,tradeoff_or_tie
l2-n32768-zipf-w1,main,2,32768,zipf,1,eas_k1_adaptive,eas,1,adaptive,29,1,native,ok,1418,548.54407,549.779813,0.04621777643524468,0.0,0.139708228625294,701,2119,26.581002,575.125072,extra_commits_extra_time
l2-n32768-zipf-w1,main,2,32768,zipf,1,eas_k1_adaptive,eas,1,adaptive,29,1,accept_id,ok,298,524.7016140000001,523.647465,0.08767389991302621,0.04753238911665896,0.10202141346281524,1821,2119,50.423458,575.125072,extra_commits_extra_time
l2-n32768-zipf-w1,main,2,32768,zipf,1,eas_k1_adaptive,eas,1,adaptive,29,1,accept_static_degree,ok,-8,514.719296,514.011492,0.1050306775705998,0.065059356771981,0.10463563976124701,2127,2119,60.405776,575.125072,baseline_dominates
l2-n32768-zipf-w1,main,2,32768,zipf,1,accept_id,accept_id,,greedy,29,1,native,ok,1120,23.842455999999995,26.132348,0.5271554759294772,0.0,1.3694010294830392,701,1821,26.581002,50.423458,extra_commits_extra_time
l2-n32768-zipf-w1,main,2,32768,zipf,1,accept_id,accept_id,,greedy,29,1,accept_static_degree,ok,-306,-9.982318000000006,-9.635973,1.1979697227429347,1.368737359536158,1.0256242901338022,2127,1821,60.405776,50.423458,tradeoff_or_tie
l2-n32768-zipf-w1,main,2,32768,zipf,1,accept_id,accept_id,,greedy,29,2,native,ok,1120,24.110517,26.341418,0.5231203542069752,0.0,1.358918922981781,701,1821,26.448397,50.558914,extra_commits_extra_time
l2-n32768-zipf-w1,main,2,32768,zipf,1,accept_id,accept_id,,greedy,29,2,accept_static_degree,ok,-306,-10.483979999999995,-9.622843999999997,1.2073616533772857,1.365312300195836,1.0336650544435066,2127,1821,61.042894,50.558914,tradeoff_or_tie
l2-n32768-zipf-w1,main,2,32768,zipf,1,eas_k1_adaptive,eas,1,adaptive,29,2,native,ok,1418,547.403991,548.394806,0.04608919916178862,0.0,0.13931956208819282,701,2119,26.448397,573.852388,extra_commits_extra_time
l2-n32768-zipf-w1,main,2,32768,zipf,1,eas_k1_adaptive,eas,1,adaptive,29,2,accept_id,ok,298,523.2934740000001,522.053388,0.08810438896352558,0.04803367521318209,0.10252235047437092,1821,2119,50.558914,573.852388,extra_commits_extra_time
l2-n32768-zipf-w1,main,2,32768,zipf,1,eas_k1_adaptive,eas,1,adaptive,29,2,accept_static_degree,ok,-8,512.809494,512.430544,0.10637386072879773,0.06558096759216935,0.10597377098476687,2127,2119,61.042894,573.852388,baseline_dominates
l2-n32768-zipf-w1,main,2,32768,zipf,1,accept_static_degree,accept_static_degree,,greedy,29,2,native,ok,1426,34.594497,35.964262,0.43327560780457103,0.0,1.314660795719152,701,2127,26.448397,61.042894,extra_commits_extra_time
l2-n32768-zipf-w1,main,2,32768,zipf,1,accept_static_degree,accept_static_degree,,greedy,29,2,accept_id,ok,306,10.483979999999995,9.622843999999997,0.8282522450524709,0.732433158228021,0.9674313702501718,1821,2127,50.558914,61.042894,extra_commits_extra_time
l2-n32768-zipf-w1,main,2,32768,zipf,1,native,native,,native,29,2,accept_id,ok,-1120,-24.110517,-26.341418,1.9116059850432523,,0.735879074967747,1821,701,50.558914,26.448397,tradeoff_or_tie
l2-n32768-zipf-w1,main,2,32768,zipf,1,native,native,,native,29,2,accept_static_degree,ok,-1426,-34.594497,-35.964262,2.307999762707736,,0.7606524840903734,2127,701,61.042894,26.448397,tradeoff_or_tie
l2-n32768-zipf-w1,main,2,32768,zipf,1,eas_k2_adaptive,eas,2,adaptive,29,2,native,ok,1415,442.383427,443.450938,0.05641339953065985,0.0,0.17028638146474984,701,2116,26.448397,468.831824,extra_commits_extra_time
l2-n32768-zipf-w1,main,2,32768,zipf,1,eas_k2_adaptive,eas,2,adaptive,29,2,accept_id,ok,295,418.27290999999997,417.10952000000003,0.10784019217944557,0.059400974815392096,0.125310184871885,1821,2116,50.558914,468.831824,extra_commits_extra_time
l2-n32768-zipf-w1,main,2,32768,zipf,1,eas_k2_adaptive,eas,2,adaptive,29,2,accept_static_degree,ok,-11,407.78893,407.486676,0.13020211273029964,0.0811008815590779,0.12952875906792288,2127,2116,61.042894,468.831824,baseline_dominates
l2-n32768-zipf-w1,main,2,32768,zipf,1,accept_static_degree,accept_static_degree,,greedy,29,3,native,ok,1426,33.787600000000005,35.975083,0.4424610076988089,0.0,1.3425314741449454,701,2127,26.813722,60.601322,extra_commits_extra_time
l2-n32768-zipf-w1,main,2,32768,zipf,1,accept_static_degree,accept_static_degree,,greedy,29,3,accept_id,ok,306,10.128179000000003,9.547061999999997,0.8328719792614425,0.7346201536213274,0.9728274024644045,1821,2127,50.473143,60.601322,extra_commits_extra_time
l2-n32768-zipf-w1,main,2,32768,zipf,1,eas_k2_adaptive,eas,2,adaptive,29,3,native,ok,1415,440.10335100000003,441.673714,0.05742716116101412,0.0,0.17334646650033605,701,2116,26.813722,466.917073,extra_commits_extra_time
l2-n32768-zipf-w1,main,2,32768,zipf,1,eas_k2_adaptive,eas,2,adaptive,29,3,accept_id,ok,295,416.44393,415.245693,0.10809873084251087,0.059836073921302003,0.1256106065143156,1821,2116,50.473143,466.917073,extra_commits_extra_time
l2-n32768-zipf-w1,main,2,32768,zipf,1,eas_k2_adaptive,eas,2,adaptive,29,3,accept_static_degree,ok,-11,406.31575100000003,405.69863100000003,0.12979033216889888,0.08145171845114603,0.1291191080721142,2127,2116,60.601322,466.917073,baseline_dominates
l2-n32768-zipf-w1,main,2,32768,zipf,1,accept_id,accept_id,,greedy,29,3,native,ok,1120,23.659421000000002,26.428021,0.5312473209762268,0.0,1.3800304871593791,701,1821,26.813722,50.473143,extra_commits_extra_time
l2-n32768-zipf-w1,main,2,32768,zipf,1,accept_id,accept_id,,greedy,29,3,accept_static_degree,ok,-306,-10.128179000000003,-9.547061999999997,1.2006647178678769,1.3612477074995513,1.0279315708693657,2127,1821,60.601322,50.473143,tradeoff_or_tie
l2-n32768-zipf-w1,main,2,32768,zipf,1,native,native,,native,29,3,accept_id,ok,-1120,-23.659421000000002,-26.428021,1.8823624336822766,,0.7246216727127351,1821,701,50.473143,26.813722,tradeoff_or_tie
l2-n32768-zipf-w1,main,2,32768,zipf,1,native,native,,native,29,3,accept_static_degree,ok,-1426,-33.787600000000005,-35.975083,2.2600861603622207,,0.7448614943175892,2127,701,60.601322,26.813722,tradeoff_or_tie
l2-n32768-zipf-w1,main,2,32768,zipf,1,eas_k1_adaptive,eas,1,adaptive,29,3,native,ok,1418,547.643838,549.276036,0.04667659348063937,0.0,0.14109515204797837,701,2119,26.813722,574.45756,extra_commits_extra_time
l2-n32768-zipf-w1,main,2,32768,zipf,1,eas_k1_adaptive,eas,1,adaptive,29,3,accept_id,ok,298,523.9844169999999,522.848015,0.08786226610021462,0.0481142800120266,0.10224060508866378,1821,2119,50.473143,574.45756,extra_commits_extra_time
l2-n32768-zipf-w1,main,2,32768,zipf,1,eas_k1_adaptive,eas,1,adaptive,29,3,accept_static_degree,ok,-8,513.856238,513.3009529999999,0.10549312293844651,0.06549545336436269,0.10509634579542462,2127,2119,60.601322,574.45756,baseline_dominates
l2-n32768-zipf-w1,main,2,32768,zipf,1,accept_id,accept_id,,greedy,47,1,native,ok,1098,24.157813,26.401125,0.520126582839202,0.0,1.339493853940109,697,1795,26.18424,50.342053,extra_commits_extra_time
l2-n32768-zipf-w1,main,2,32768,zipf,1,accept_id,accept_id,,greedy,47,1,accept_static_degree,ok,-299,-9.536957999999998,-9.265419999999999,1.189443167921658,1.350947923620679,1.0196038617093492,2094,1795,59.879011,50.342053,tradeoff_or_tie
l2-n32768-zipf-w1,main,2,32768,zipf,1,eas_k1_adaptive,eas,1,adaptive,47,1,native,ok,1390,561.5945989999999,562.404538,0.044547775902493834,0.0,0.13338767332631926,697,2087,26.18424,587.778839,extra_commits_extra_time
l2-n32768-zipf-w1,main,2,32768,zipf,1,eas_k1_adaptive,eas,1,adaptive,47,1,accept_id,ok,292,537.436786,536.003413,0.08564795065716886,0.04694330009122366,0.09958065349382578,1795,2087,50.342053,587.778839,extra_commits_extra_time
l2-n32768-zipf-w1,main,2,32768,zipf,1,eas_k1_adaptive,eas,1,adaptive,47,1,accept_static_degree,ok,-7,527.899828,526.737993,0.10187336975566078,0.06341795378614104,0.10153281885384535,2094,2087,59.879011,587.778839,baseline_dominates
l2-n32768-zipf-w1,main,2,32768,zipf,1,eas_k2_adaptive,eas,2,adaptive,47,1,native,ok,1387,451.86780300000004,452.537487,0.05477278129737016,0.0,0.16376825857070343,697,2084,26.18424,478.052043,extra_commits_extra_time
l2-n32768-zipf-w1,main,2,32768,zipf,1,eas_k2_adaptive,eas,2,adaptive,47,1,accept_id,ok,289,427.70999,426.136362,0.10530663708511752,0.05834019447763451,0.12226129898915221,1795,2084,50.342053,478.052043,extra_commits_extra_time
l2-n32768-zipf-w1,main,2,32768,zipf,1,eas_k2_adaptive,eas,2,adaptive,47,1,accept_static_degree,ok,-10,418.17303200000003,416.870942,0.12525626001769852,0.07881456459318695,0.12465809258694094,2094,2084,59.879011,478.052043,baseline_dominates
l2-n32768-zipf-w1,main,2,32768,zipf,1,accept_static_degree,accept_static_degree,,greedy,47,1,native,ok,1397,33.694771,35.666545,0.43728577948623765,0.0,1.3137394867203323,697,2094,26.18424,59.879011,extra_commits_extra_time
l2-n32768-zipf-w1,main,2,32768,zipf,1,accept_static_degree,accept_static_degree,,greedy,47,1,accept_id,ok,299,9.536957999999998,9.265419999999999,0.8407295337593335,0.7402209829968112,0.9807730605526703,1795,2094,50.342053,59.879011,extra_commits_extra_time
l2-n32768-zipf-w1,main,2,32768,zipf,1,native,native,,native,47,1,accept_id,ok,-1098,-24.157813,-26.401125,1.9226089052040465,,0.7465506445277887,1795,697,50.342053,26.18424,tradeoff_or_tie
l2-n32768-zipf-w1,main,2,32768,zipf,1,native,native,,native,47,1,accept_static_degree,ok,-1397,-33.694771,-35.666545,2.2868340268802916,,0.761185920122137,2094,697,59.879011,26.18424,tradeoff_or_tie
l2-n32768-zipf-w1,main,2,32768,zipf,1,eas_k2_adaptive,eas,2,adaptive,47,2,native,ok,1387,450.45795,452.14326,0.05624725541086828,0.0,0.16817687270649492,697,2084,26.847099,477.305049,extra_commits_extra_time
l2-n32768-zipf-w1,main,2,32768,zipf,1,eas_k2_adaptive,eas,2,adaptive,47,2,accept_id,ok,289,426.556937,425.764197,0.1063221772037027,0.05834226744859582,0.12344034389550931,1795,2084,50.748112,477.305049,extra_commits_extra_time
l2-n32768-zipf-w1,main,2,32768,zipf,1,eas_k2_adaptive,eas,2,adaptive,47,2,accept_static_degree,ok,-10,417.120728,416.518497,0.12609194293270506,0.07879087482140064,0.12548978465715854,2094,2084,60.184321,477.305049,baseline_dominates
l2-n32768-zipf-w1,main,2,32768,zipf,1,accept_id,accept_id,,greedy,47,2,native,ok,1098,23.901013,26.379063,0.5290265576776532,0.0,1.3624141621709553,697,1795,26.847099,50.748112,extra_commits_extra_time
l2-n32768-zipf-w1,main,2,32768,zipf,1,accept_id,accept_id,,greedy,47,2,accept_static_degree,ok,-299,-9.436208999999998,-9.245700000000003,1.1859420701207564,1.350493874630801,1.0166026818864347,2094,1795,60.184321,50.748112,tradeoff_or_tie
l2-n32768-zipf-w1,main,2,32768,zipf,1,accept_static_degree,accept_static_degree,,greedy,47,2,native,ok,1397,33.337222,35.624763,0.4460812808704779,0.0,1.3401638481248386,697,2094,26.847099,60.184321,extra_commits_extra_time
l2-n32768-zipf-w1,main,2,32768,zipf,1,accept_static_degree,accept_static_degree,,greedy,47,2,accept_id,ok,299,9.436208999999998,9.245700000000003,0.8432115068640552,0.7404698523889127,0.9836684653874548,1795,2094,50.748112,60.184321,extra_commits_extra_time
l2-n32768-zipf-w1,main,2,32768,zipf,1,native,native,,native,47,2,accept_id,ok,-1098,-23.901013,-26.379063,1.8902642702662213,,0.7339911957510321,1795,697,50.748112,26.847099,tradeoff_or_tie
l2-n32768-zipf-w1,main,2,32768,zipf,1,native,native,,native,47,2,accept_static_degree,ok,-1397,-33.337222,-35.624763,2.241743921754823,,0.7461774180815302,2094,697,60.184321,26.847099,tradeoff_or_tie
l2-n32768-zipf-w1,main,2,32768,zipf,1,eas_k1_adaptive,eas,1,adaptive,47,2,native,ok,1390,560.555332,562.281293,0.04570478020374417,0.0,0.13685204632025932,697,2087,26.847099,587.402431,extra_commits_extra_time
l2-n32768-zipf-w1,main,2,32768,zipf,1,eas_k1_adaptive,eas,1,adaptive,47,2,accept_id,ok,292,536.654319,535.90223,0.08639411299950851,0.04691435288422444,0.10044819711958276,1795,2087,50.748112,587.402431,extra_commits_extra_time
l2-n32768-zipf-w1,main,2,32768,zipf,1,eas_k1_adaptive,eas,1,adaptive,47,2,accept_static_degree,ok,-7,527.21811,526.65653,0.10245841321688368,0.06335754620241296,0.10211590658242507,2094,2087,60.184321,587.402431,baseline_dominates
l2-n32768-zipf-w1,main,2,32768,zipf,1,accept_id,accept_id,,greedy,47,3,native,ok,1098,23.624188999999998,26.41766,0.5289036552668007,0.0,1.362097648783796,697,1795,26.523067,50.147256,extra_commits_extra_time
l2-n32768-zipf-w1,main,2,32768,zipf,1,accept_id,accept_id,,greedy,47,3,accept_static_degree,ok,-299,-9.952970999999998,-9.405078,1.1984748876389169,1.3560148022194245,1.027345951915082,2094,1795,60.100227,50.147256,tradeoff_or_tie
l2-n32768-zipf-w1,main,2,32768,zipf,1,native,native,,native,47,3,accept_id,ok,-1098,-23.624188999999998,-26.41766,1.8907035147933682,,0.7341617547705853,1795,697,50.147256,26.523067,tradeoff_or_tie
l2-n32768-zipf-w1,main,2,32768,zipf,1,native,native,,native,47,3,accept_static_degree,ok,-1397,-33.57715999999999,-35.822738,2.265960682450487,,0.7542381068144339,2094,697,60.100227,26.523067,tradeoff_or_tie
l2-n32768-zipf-w1,main,2,32768,zipf,1,eas_k2_adaptive,eas,2,adaptive,47,3,native,ok,1387,450.39543,451.517272,0.05561341647858125,0.0,0.16628172157976023,697,2084,26.523067,476.918497,extra_commits_extra_time
l2-n32768-zipf-w1,main,2,32768,zipf,1,eas_k2_adaptive,eas,2,adaptive,47,3,accept_id,ok,289,426.77124100000003,425.099612,0.10514848200572098,0.058508636630848536,0.12207768050127069,1795,2084,50.147256,476.918497,extra_commits_extra_time
l2-n32768-zipf-w1,main,2,32768,zipf,1,eas_k2_adaptive,eas,2,adaptive,47,3,accept_static_degree,ok,-10,416.81827,415.694534,0.12601781515720914,0.07933857732910825,0.12541601088216317,2094,2084,60.100227,476.918497,baseline_dominates
l2-n32768-zipf-w1,main,2,32768,zipf,1,eas_k1_adaptive,eas,1,adaptive,47,3,native,ok,1390,559.810294,561.221009,0.04523547313556324,0.0,0.1354468184128111,697,2087,26.523067,586.333361,extra_commits_extra_time
l2-n32768-zipf-w1,main,2,32768,zipf,1,eas_k1_adaptive,eas,1,adaptive,47,3,accept_id,ok,292,536.186105,534.803349,0.0855268680507504,0.047071758854986136,0.09943987388404223,1795,2087,50.147256,586.333361,extra_commits_extra_time
l2-n32768-zipf-w1,main,2,32768,zipf,1,eas_k1_adaptive,eas,1,adaptive,47,3,accept_static_degree,ok,-7,526.233134,525.398271,0.10250180357723156,0.06383000177386446,0.10215915189371705,2094,2087,60.100227,586.333361,baseline_dominates
l2-n32768-zipf-w1,main,2,32768,zipf,1,accept_static_degree,accept_static_degree,,greedy,47,3,native,ok,1397,33.57715999999999,35.822738,0.4413139238226172,0.0,1.3258412575089251,697,2094,26.523067,60.100227,extra_commits_extra_time
l2-n32768-zipf-w1,main,2,32768,zipf,1,accept_static_degree,accept_static_degree,,greedy,47,3,accept_id,ok,299,9.952970999999998,9.405078,0.8343937868986752,0.7374550767169166,0.9733819441599919,1795,2094,50.147256,60.100227,extra_commits_extra_time
l2-n32768-zipf-w1,main,2,32768,zipf,1,native,native,,native,71,1,accept_id,ok,-1134,-24.287817,-26.262129,1.9224969835739378,,0.7415047953995936,1846,712,50.61616,26.328343,tradeoff_or_tie
l2-n32768-zipf-w1,main,2,32768,zipf,1,native,native,,native,71,1,accept_static_degree,ok,-1411,-34.798488000000006,-35.886622,2.3217120424175577,,0.7786429459279852,2123,712,61.126831,26.328343,tradeoff_or_tie
l2-n32768-zipf-w1,main,2,32768,zipf,1,eas_k1_adaptive,eas,1,adaptive,71,1,native,ok,1402,553.16022,554.436168,0.04543375776684656,0.0,0.1348974212345285,712,2114,26.328343,579.488563,extra_commits_extra_time
l2-n32768-zipf-w1,main,2,32768,zipf,1,eas_k1_adaptive,eas,1,adaptive,71,1,accept_id,ok,268,528.872403,528.174039,0.08734626225919147,0.04736727240348433,0.10002708473244185,1846,2114,50.61616,579.488563,extra_commits_extra_time
l2-n32768-zipf-w1,main,2,32768,zipf,1,eas_k1_adaptive,eas,1,adaptive,71,1,accept_static_degree,ok,-9,518.361732,518.549546,0.10548410253956989,0.06472633654015156,0.10503692546814161,2123,2114,61.126831,579.488563,baseline_dominates
l2-n32768-zipf-w1,main,2,32768,zipf,1,eas_k2_adaptive,eas,2,adaptive,71,1,native,ok,1398,446.765384,447.80042,0.055651431201496356,0.0,0.16492207841986536,712,2110,26.328343,473.093727,extra_commits_extra_time
l2-n32768-zipf-w1,main,2,32768,zipf,1,eas_k2_adaptive,eas,2,adaptive,71,1,accept_id,ok,264,422.477567,421.53829099999996,0.10698970861644927,0.058646950353463276,0.12229051201559799,1846,2110,50.61616,473.093727,extra_commits_extra_time
l2-n32768-zipf-w1,main,2,32768,zipf,1,eas_k2_adaptive,eas,2,adaptive,71,1,accept_static_degree,ok,-13,411.966896,411.913798,0.1292065979982863,0.08013976851562579,0.12841541298941017,2123,2110,61.126831,473.093727,baseline_dominates
l2-n32768-zipf-w1,main,2,32768,zipf,1,accept_id,accept_id,,greedy,71,1,native,ok,1134,24.287817,26.262129,0.5201568629465372,0.0,1.3486089452207852,712,1846,26.328343,50.61616,extra_commits_extra_time
l2-n32768-zipf-w1,main,2,32768,zipf,1,accept_id,accept_id,,greedy,71,1,accept_static_degree,ok,-277,-10.510671000000002,-9.624493000000001,1.2076544526491144,1.3664780185947605,1.050084842011545,2123,1846,61.126831,50.61616,tradeoff_or_tie
l2-n32768-zipf-w1,main,2,32768,zipf,1,accept_static_degree,accept_static_degree,,greedy,71,1,native,ok,1411,34.798488000000006,35.886622,0.43071663571108404,0.0,1.2842856988939928,712,2123,26.328343,61.126831,extra_commits_extra_time
l2-n32768-zipf-w1,main,2,32768,zipf,1,accept_static_degree,accept_static_degree,,greedy,71,1,accept_id,ok,277,10.510671000000002,9.624493000000001,0.8280514329296736,0.731808332364077,0.9523040043930142,1846,2123,50.61616,61.126831,extra_commits_extra_time
l2-n32768-zipf-w1,main,2,32768,zipf,1,eas_k1_adaptive,eas,1,adaptive,71,2,native,ok,1402,555.443916,556.5176,0.045430576320062,0.0,0.1348879751977349,712,2114,26.435099,581.879015,extra_commits_extra_time
l2-n32768-zipf-w1,main,2,32768,zipf,1,eas_k1_adaptive,eas,1,adaptive,71,2,accept_id,ok,268,531.465149,530.255766,0.08663977339000617,0.04718958394128056,0.09921802868188172,1846,2114,50.413866,581.879015,extra_commits_extra_time
l2-n32768-zipf-w1,main,2,32768,zipf,1,eas_k1_adaptive,eas,1,adaptive,71,2,accept_static_degree,ok,-9,520.5314099999999,520.685471,0.10543017262789586,0.06438633567024656,0.1049832241805609,2123,2114,61.347605,581.879015,baseline_dominates
l2-n32768-zipf-w1,main,2,32768,zipf,1,native,native,,native,71,2,accept_id,ok,-1134,-23.978766999999998,-26.261834,1.9070806581810038,,0.7355587370663403,1846,712,50.413866,26.435099,tradeoff_or_tie
l2-n32768-zipf-w1,main,2,32768,zipf,1,native,native,,native,71,2,accept_static_degree,ok,-1411,-34.912506,-35.832129,2.32068754499463,,0.7782993556442963,2123,712,61.347605,26.435099,tradeoff_or_tie
l2-n32768-zipf-w1,main,2,32768,zipf,1,eas_k2_adaptive,eas,2,adaptive,71,2,native,ok,1398,448.180134,449.315247,0.05569795733884505,0.0,0.1650599578444014,712,2110,26.435099,474.615233,extra_commits_extra_time
l2-n32768-zipf-w1,main,2,32768,zipf,1,eas_k2_adaptive,eas,2,adaptive,71,2,accept_id,ok,264,424.201367,423.053413,0.10622049714110209,0.05844857074258154,0.12141129413225125,1846,2110,50.413866,474.615233,extra_commits_extra_time
l2-n32768-zipf-w1,main,2,32768,zipf,1,eas_k2_adaptive,eas,2,adaptive,71,2,accept_static_degree,ok,-13,413.267628,413.483118,0.12925755587789994,0.07974830420121488,0.12846605883297232,2123,2110,61.347605,474.615233,baseline_dominates
l2-n32768-zipf-w1,main,2,32768,zipf,1,accept_static_degree,accept_static_degree,,greedy,71,2,native,ok,1411,34.912506,35.832129,0.43090678112046915,0.0,1.284852663371633,712,2123,26.435099,61.347605,extra_commits_extra_time
l2-n32768-zipf-w1,main,2,32768,zipf,1,accept_static_degree,accept_static_degree,,greedy,71,2,accept_id,ok,277,10.933739000000003,9.570295000000002,0.8217739877538821,0.732913023393056,0.945084602385962,1846,2123,50.413866,61.347605,extra_commits_extra_time
l2-n32768-zipf-w1,main,2,32768,zipf,1,accept_id,accept_id,,greedy,71,2,native,ok,1134,23.978766999999998,26.261834,0.5243616706562437,0.0,1.3595107359996046,712,1846,26.435099,50.413866,extra_commits_extra_time
l2-n32768-zipf-w1,main,2,32768,zipf,1,accept_id,accept_id,,greedy,71,2,accept_static_degree,ok,-277,-10.933739000000003,-9.570295000000002,1.2168795981645208,1.3644183799196965,1.0581063298199953,2123,1846,61.347605,50.413866,tradeoff_or_tie
l2-n32768-zipf-w1,main,2,32768,zipf,1,eas_k2_adaptive,eas,2,adaptive,71,3,native,ok,1398,448.779132,450.055556,0.055878269718108727,0.0,0.16559431054090817,712,2110,26.561195,475.340327,extra_commits_extra_time
l2-n32768-zipf-w1,main,2,32768,zipf,1,eas_k2_adaptive,eas,2,adaptive,71,3,accept_id,ok,264,424.790999,423.730179,0.10634344516702451,0.05849361628589693,0.1215518251909138,1846,2110,50.549328,475.340327,extra_commits_extra_time
l2-n32768-zipf-w1,main,2,32768,zipf,1,eas_k2_adaptive,eas,2,adaptive,71,3,accept_static_degree,ok,-13,414.19575,414.007356,0.12863326237413894,0.08009722248601682,0.12784558813444313,2123,2110,61.144577,475.340327,baseline_dominates
l2-n32768-zipf-w1,main,2,32768,zipf,1,eas_k1_adaptive,eas,1,adaptive,71,3,native,ok,1402,552.535006,553.888221,0.04586663658669037,0.0,0.13618268222496271,712,2114,26.561195,579.096201,extra_commits_extra_time
l2-n32768-zipf-w1,main,2,32768,zipf,1,eas_k1_adaptive,eas,1,adaptive,71,3,accept_id,ok,268,528.546873,527.562844,0.08729003559807502,0.047528320700649086,0.09996269515400495,1846,2114,50.549328,579.096201,extra_commits_extra_time
l2-n32768-zipf-w1,main,2,32768,zipf,1,eas_k1_adaptive,eas,1,adaptive,71,3,accept_static_degree,ok,-9,517.9516239999999,517.8400210000001,0.10558621675364782,0.06508208449516747,0.10513860679093383,2123,2114,61.144577,579.096201,baseline_dominates
l2-n32768-zipf-w1,main,2,32768,zipf,1,native,native,,native,71,3,accept_id,ok,-1134,-23.988133,-26.325377,1.9031270242170957,,0.7340338251590222,1846,712,50.549328,26.561195,tradeoff_or_tie
l2-n32768-zipf-w1,main,2,32768,zipf,1,native,native,,native,71,3,accept_static_degree,ok,-1411,-34.583382,-36.0482,2.3020265842707754,,0.7720409458322564,2123,712,61.144577,26.561195,tradeoff_or_tie
l2-n32768-zipf-w1,main,2,32768,zipf,1,accept_id,accept_id,,greedy,71,3,native,ok,1134,23.988133,26.325377,0.5254510010499052,0.0,1.3623350392379514,712,1846,26.561195,50.549328,extra_commits_extra_time
l2-n32768-zipf-w1,main,2,32768,zipf,1,accept_id,accept_id,,greedy,71,3,accept_static_degree,ok,-277,-10.595248999999995,-9.722823000000002,1.2096021731485727,1.3693327164887326,1.051778432233692,2123,1846,61.144577,50.549328,tradeoff_or_tie
l2-n32768-zipf-w1,main,2,32768,zipf,1,accept_static_degree,accept_static_degree,,greedy,71,3,native,ok,1411,34.583382,36.0482,0.43439984873883425,0.0,1.2952680883032763,712,2123,26.561195,61.144577,extra_commits_extra_time
l2-n32768-zipf-w1,main,2,32768,zipf,1,accept_static_degree,accept_static_degree,,greedy,71,3,accept_id,ok,277,10.595248999999995,9.722823000000002,0.8267180914506941,0.730282704822987,0.950770589463668,1846,2123,50.549328,61.144577,extra_commits_extra_time
l2-n32768-zipf-w1,main,2,32768,zipf,1,accept_id,accept_id,,greedy,101,1,native,ok,1118,23.777901999999997,26.411941,0.5280330995098019,0.0,1.3583298720167598,711,1829,26.602542,50.380444,extra_commits_extra_time
l2-n32768-zipf-w1,main,2,32768,zipf,1,accept_id,accept_id,,greedy,101,1,accept_static_degree,ok,-306,-9.747635000000002,-9.384315,1.193480529865914,1.3553057687051475,1.0224243040402397,2135,1829,60.128079,50.380444,tradeoff_or_tie
l2-n32768-zipf-w1,main,2,32768,zipf,1,eas_k1_adaptive,eas,1,adaptive,101,1,native,ok,1412,541.7319570000001,543.128675,0.046807895784626644,0.0,0.139765348454108,711,2123,26.602542,568.334499,extra_commits_extra_time
l2-n32768-zipf-w1,main,2,32768,zipf,1,eas_k1_adaptive,eas,1,adaptive,101,1,accept_id,ok,294,517.954055,516.7167340000001,0.08864576070719929,0.048629251622555186,0.10289499725614774,1829,2123,50.380444,568.334499,extra_commits_extra_time
l2-n32768-zipf-w1,main,2,32768,zipf,1,eas_k1_adaptive,eas,1,adaptive,101,1,accept_static_degree,ok,-12,508.20642000000004,507.3324190000001,0.10579698945919522,0.06590750525186319,0.10520234595883922,2135,2123,60.128079,568.334499,baseline_dominates
l2-n32768-zipf-w1,main,2,32768,zipf,1,native,native,,native,101,1,accept_id,ok,-1118,-23.777901999999997,-26.411941,1.893820673227393,,0.7361981950049181,1829,711,50.380444,26.602542,tradeoff_or_tie
l2-n32768-zipf-w1,main,2,32768,zipf,1,native,native,,native,101,1,accept_static_degree,ok,-1424,-33.525537,-35.796256,2.2602381005544507,,0.752706927163584,2135,711,60.128079,26.602542,tradeoff_or_tie
l2-n32768-zipf-w1,main,2,32768,zipf,1,accept_static_degree,accept_static_degree,,greedy,101,1,native,ok,1424,33.525537,35.796256,0.4424312641020845,0.0,1.3285383246946953,711,2135,26.602542,60.128079,extra_commits_extra_time
l2-n32768-zipf-w1,main,2,32768,zipf,1,accept_static_degree,accept_static_degree,,greedy,101,1,accept_id,ok,306,9.747635000000002,9.384315,0.8378854744386561,0.737840879224911,0.9780675166350926,1829,2135,50.380444,60.128079,extra_commits_extra_time
l2-n32768-zipf-w1,main,2,32768,zipf,1,eas_k2_adaptive,eas,2,adaptive,101,1,native,ok,1409,438.74595899999997,439.99003,0.057166923161529645,0.0,0.17045552335086836,711,2120,26.602542,465.348501,extra_commits_extra_time
l2-n32768-zipf-w1,main,2,32768,zipf,1,eas_k2_adaptive,eas,2,adaptive,101,1,accept_id,ok,291,414.968057,413.578089,0.10826390090810671,0.0600284988275757,0.12548904861952795,1829,2120,50.380444,465.348501,extra_commits_extra_time
l2-n32768-zipf-w1,main,2,32768,zipf,1,eas_k2_adaptive,eas,2,adaptive,101,1,accept_static_degree,ok,-15,405.220422,404.19377399999996,0.129210857821158,0.08135697074772354,0.12830305319949267,2135,2120,60.128079,465.348501,baseline_dominates
l2-n32768-zipf-w1,main,2,32768,zipf,1,eas_k2_adaptive,eas,2,adaptive,101,2,native,ok,1409,438.557681,440.043863,0.05735973961170431,0.0,0.17103044722495092,711,2120,26.686272,465.243953,extra_commits_extra_time
l2-n32768-zipf-w1,main,2,32768,zipf,1,eas_k2_adaptive,eas,2,adaptive,101,2,accept_id,ok,291,414.651552,413.640646,0.10874381208776292,0.06000132991287735,0.12604531526848514,1829,2120,50.592401,465.243953,extra_commits_extra_time
l2-n32768-zipf-w1,main,2,32768,zipf,1,eas_k2_adaptive,eas,2,adaptive,101,2,accept_static_degree,ok,-15,404.66450299999997,404.07503199999996,0.130210074971141,0.08173919471295979,0.12929525008873252,2135,2120,60.57945,465.243953,baseline_dominates
l2-n32768-zipf-w1,main,2,32768,zipf,1,eas_k1_adaptive,eas,1,adaptive,101,2,native,ok,1412,539.732801,541.058405,0.04711400669941776,0.0,0.14067937584078652,711,2123,26.686272,566.419073,extra_commits_extra_time
l2-n32768-zipf-w1,main,2,32768,zipf,1,eas_k1_adaptive,eas,1,adaptive,101,2,accept_id,ok,294,515.826672,514.655188,0.08931973411848722,0.0487991994136012,0.10367730756327466,1829,2123,50.592401,566.419073,extra_commits_extra_time
l2-n32768-zipf-w1,main,2,32768,zipf,1,eas_k1_adaptive,eas,1,adaptive,101,2,accept_static_degree,ok,-12,505.839623,505.08957399999997,0.1069516421457086,0.06647864753159134,0.10635050879413094,2135,2123,60.57945,566.419073,baseline_dominates
l2-n32768-zipf-w1,main,2,32768,zipf,1,accept_id,accept_id,,greedy,101,2,native,ok,1118,23.906129000000004,26.403217,0.5274758950459774,0.0,1.3568965007596225,711,1829,26.686272,50.592401,extra_commits_extra_time
l2-n32768-zipf-w1,main,2,32768,zipf,1,accept_id,accept_id,,greedy,101,2,accept_static_degree,ok,-306,-9.987048999999999,-9.565614,1.1974021553157757,1.3622897164387202,1.0257838604578424,2135,1829,60.57945,50.592401,tradeoff_or_tie
l2-n32768-zipf-w1,main,2,32768,zipf,1,native,native,,native,101,2,accept_id,ok,-1118,-23.906129000000004,-26.403217,1.8958212297319013,,0.7369758853679529,1829,711,50.592401,26.686272,tradeoff_or_tie
l2-n32768-zipf-w1,main,2,32768,zipf,1,native,native,,native,101,2,accept_static_degree,ok,-1424,-33.893178000000006,-35.968831,2.2700604265743825,,0.755977968757075,2135,711,60.57945,26.686272,tradeoff_or_tie
l2-n32768-zipf-w1,main,2,32768,zipf,1,accept_static_degree,accept_static_degree,,greedy,101,2,native,ok,1424,33.893178000000006,35.968831,0.4405169079613631,0.0,1.3227898713029012,711,2135,26.686272,60.57945,extra_commits_extra_time
l2-n32768-zipf-w1,main,2,32768,zipf,1,accept_static_degree,accept_static_degree,,greedy,101,2,accept_id,ok,306,9.987048999999999,9.565614,0.8351413061690062,0.7340582461520643,0.9748642365592162,1829,2135,50.592401,60.57945,extra_commits_extra_time
l2-n32768-zipf-w1,main,2,32768,zipf,1,native,native,,native,101,3,accept_id,ok,-1118,-23.734928999999998,-26.137484,1.8998062804353701,,0.7385250220818657,1829,711,50.11275,26.377821,tradeoff_or_tie
l2-n32768-zipf-w1,main,2,32768,zipf,1,native,native,,native,101,3,accept_static_degree,ok,-1424,-33.949994000000004,-35.819777,2.287065902827986,,0.761641150776684,2135,711,60.327815,26.377821,tradeoff_or_tie
l2-n32768-zipf-w1,main,2,32768,zipf,1,accept_id,accept_id,,greedy,101,3,native,ok,1118,23.734928999999998,26.137484,0.5263694568747475,0.0,1.3540502624827109,711,1829,26.377821,50.11275,extra_commits_extra_time
l2-n32768-zipf-w1,main,2,32768,zipf,1,accept_id,accept_id,,greedy,101,3,accept_static_degree,ok,-306,-10.215065000000003,-9.682293000000001,1.2038416371083207,1.3704370703775468,1.031300400126803,2135,1829,60.327815,50.11275,tradeoff_or_tie
l2-n32768-zipf-w1,main,2,32768,zipf,1,eas_k2_adaptive,eas,2,adaptive,101,3,native,ok,1409,439.87299,440.836418,0.05657431660746216,0.0,0.1686885389704383,711,2120,26.377821,466.250811,extra_commits_extra_time
l2-n32768-zipf-w1,main,2,32768,zipf,1,eas_k2_adaptive,eas,2,adaptive,101,3,accept_id,ok,291,416.138061,414.698934,0.10748024200219568,0.05929066413927717,0.12458070696810061,1829,2120,50.11275,466.250811,extra_commits_extra_time
l2-n32768-zipf-w1,main,2,32768,zipf,1,eas_k2_adaptive,eas,2,adaptive,101,3,accept_static_degree,ok,-15,405.922996,405.016641,0.12938919048872174,0.08125412406377007,0.12848013294428215,2135,2120,60.327815,466.250811,baseline_dominates
l2-n32768-zipf-w1,main,2,32768,zipf,1,accept_static_degree,accept_static_degree,,greedy,101,3,native,ok,1424,33.949994000000004,35.819777,0.4372414449288442,0.0,1.3129542685295423,711,2135,26.377821,60.327815,extra_commits_extra_time
l2-n32768-zipf-w1,main,2,32768,zipf,1,accept_static_degree,accept_static_degree,,greedy,101,3,accept_id,ok,306,10.215065000000003,9.682293000000001,0.8306740431424542,0.729694213339184,0.96964958015826,1829,2135,50.11275,60.327815,extra_commits_extra_time
l2-n32768-zipf-w1,main,2,32768,zipf,1,eas_k1_adaptive,eas,1,adaptive,101,3,native,ok,1412,540.472776,541.490859,0.046533991742448495,0.0,0.13894748870513093,711,2123,26.377821,566.850597,extra_commits_extra_time
l2-n32768-zipf-w1,main,2,32768,zipf,1,eas_k1_adaptive,eas,1,adaptive,101,3,accept_id,ok,294,516.737847,515.353375,0.08840556976603131,0.04826948334505495,0.1026161971641766,1829,2123,50.11275,566.850597,extra_commits_extra_time
l2-n32768-zipf-w1,main,2,32768,zipf,1,eas_k1_adaptive,eas,1,adaptive,101,3,accept_static_degree,ok,-12,506.522782,505.671082,0.106426305836633,0.0661502893440349,0.10582812519490623,2135,2123,60.327815,566.850597,baseline_dominates
l1-n8192-uniform-w1,arity,1,8192,uniform,1,eas_k1_adaptive,eas,1,adaptive,11,1,native,ok,0,11.308391999999998,12.064071,0.3848010543974673,0.0,0.38480105439743795,5514,5514,7.073291,18.381683,baseline_dominates
l1-n8192-uniform-w1,arity,1,8192,uniform,1,eas_k1_adaptive,eas,1,adaptive,11,1,accept_id,ok,0,6.279418,6.547674,0.6583872107902198,0.45725833344316363,0.658387210790269,5514,5514,12.102265,18.381683,baseline_dominates
l1-n8192-uniform-w1,arity,1,8192,uniform,1,eas_k1_adaptive,eas,1,adaptive,11,1,accept_static_degree,ok,0,5.905391999999999,5.742154,0.6787349667601166,0.5240284975113293,0.6787349667601454,5514,5514,12.476291,18.381683,baseline_dominates
l1-n8192-uniform-w1,arity,1,8192,uniform,1,eas_k2_adaptive,eas,2,adaptive,11,1,native,ok,-4,11.21951,11.97198,0.38667074550256136,0.0,0.3863902444173084,5514,5510,7.073291,18.292801,baseline_dominates
l1-n8192-uniform-w1,arity,1,8192,uniform,1,eas_k2_adaptive,eas,2,adaptive,11,1,accept_id,ok,-4,6.190536000000002,6.455583,0.6615862163481688,0.46077566116882923,0.6611062843807419,5514,5510,12.102265,18.292801,baseline_dominates
l1-n8192-uniform-w1,arity,1,8192,uniform,1,eas_k2_adaptive,eas,2,adaptive,11,1,accept_static_degree,ok,-4,5.816510000000001,5.650063,0.6820328390387016,0.5280594354484388,0.6815380745556825,5514,5510,12.476291,18.292801,baseline_dominates
l1-n8192-uniform-w1,arity,1,8192,uniform,1,native,native,,native,11,1,accept_id,ok,0,-5.028973999999999,-5.516397,1.7109807867370364,,1.7109807867372946,5514,5514,12.102265,7.073291,variant_dominates
l1-n8192-uniform-w1,arity,1,8192,uniform,1,native,native,,native,11,1,accept_static_degree,ok,0,-5.403,-6.321917,1.763859425548871,,1.7638594255490805,5514,5514,12.476291,7.073291,variant_dominates
l1-n8192-uniform-w1,arity,1,8192,uniform,1,accept_static_degree,accept_static_degree,,greedy,11,1,native,ok,0,5.403,6.321917,0.5669386037885779,0.0,0.5669386037885106,5514,5514,7.073291,12.476291,baseline_dominates
l1-n8192-uniform-w1,arity,1,8192,uniform,1,accept_static_degree,accept_static_degree,,greedy,11,1,accept_id,ok,0,0.37402600000000064,0.8055199999999996,0.970021058341778,0.8725829522912117,0.9700210583418092,5514,5514,12.102265,12.476291,baseline_dominates
l1-n8192-uniform-w1,arity,1,8192,uniform,1,accept_id,accept_id,,greedy,11,1,native,ok,0,5.028973999999999,5.516397,0.5844600989979976,0.0,0.5844600989979093,5514,5514,7.073291,12.102265,baseline_dominates
l1-n8192-uniform-w1,arity,1,8192,uniform,1,accept_id,accept_id,,greedy,11,1,accept_static_degree,ok,0,-0.37402600000000064,-0.8055199999999996,1.0309054544748442,1.1460228478842258,1.030905454474811,5514,5514,12.476291,12.102265,variant_dominates
l1-n8192-uniform-w1,arity,1,8192,uniform,1,eas_k1_adaptive,eas,1,adaptive,11,2,native,ok,0,11.900193999999999,12.233701,0.37113155105760476,0.0,0.37113155105786344,5514,5514,7.022991,18.923185,baseline_dominates
l1-n8192-uniform-w1,arity,1,8192,uniform,1,eas_k1_adaptive,eas,1,adaptive,11,2,accept_id,ok,0,6.932568,6.703956,0.6336468728705025,0.4520091671359305,0.6336468728700856,5514,5514,11.990617,18.923185,baseline_dominates
l1-n8192-uniform-w1,arity,1,8192,uniform,1,eas_k1_adaptive,eas,1,adaptive,11,2,accept_static_degree,ok,0,6.298202,5.894475,0.6671700879106768,0.5181772874782538,0.6671700879103469,5514,5514,12.624983,18.923185,baseline_dominates
l1-n8192-uniform-w1,arity,1,8192,uniform,1,eas_k2_adaptive,eas,2,adaptive,11,2,native,ok,-4,11.305667999999997,11.87853,0.3831699307625288,0.0,0.38289196926073615,5514,5510,7.022991,18.328659,baseline_dominates
l1-n8192-uniform-w1,arity,1,8192,uniform,1,eas_k2_adaptive,eas,2,adaptive,11,2,accept_id,ok,-4,6.338041999999998,6.3487849999999995,0.6542004518715745,0.46552435360267647,0.6537258777314452,5514,5510,11.990617,18.328659,baseline_dominates
l1-n8192-uniform-w1,arity,1,8192,uniform,1,eas_k2_adaptive,eas,2,adaptive,11,2,accept_static_degree,ok,-4,5.703675999999998,5.539304,0.6888110581357862,0.5336709171926156,0.6883113765555954,5514,5510,12.624983,18.328659,baseline_dominates
l1-n8192-uniform-w1,arity,1,8192,uniform,1,native,native,,native,11,2,accept_id,ok,0,-4.967626,-5.529745,1.707337657132125,,1.7073376571298118,5514,5514,11.990617,7.022991,variant_dominates
l1-n8192-uniform-w1,arity,1,8192,uniform,1,native,native,,native,11,2,accept_static_degree,ok,0,-5.601992,-6.339226,1.7976646987017355,,1.7976646986995939,5514,5514,12.624983,7.022991,variant_dominates
l1-n8192-uniform-w1,arity,1,8192,uniform,1,accept_id,accept_id,,greedy,11,2,native,ok,0,4.967626,5.529745,0.5857072242404207,0.0,0.5857072242412142,5514,5514,7.022991,11.990617,baseline_dominates
l1-n8192-uniform-w1,arity,1,8192,uniform,1,accept_id,accept_id,,greedy,11,2,accept_static_degree,ok,0,-0.634366,-0.8094809999999999,1.0529052007915856,1.146386677866701,1.0529052007917579,5514,5514,12.624983,11.990617,variant_dominates
l1-n8192-uniform-w1,arity,1,8192,uniform,1,accept_static_degree,accept_static_degree,,greedy,11,2,native,ok,0,5.601992,6.339226,0.556277263898098,0.0,0.5562772638987606,5514,5514,7.022991,12.624983,baseline_dominates
l1-n8192-uniform-w1,arity,1,8192,uniform,1,accept_static_degree,accept_static_degree,,greedy,11,2,accept_id,ok,0,0.634366,0.8094809999999999,0.9497531204596473,0.872306019693887,0.949753120459492,5514,5514,11.990617,12.624983,baseline_dominates
l1-n8192-uniform-w1,arity,1,8192,uniform,1,accept_id,accept_id,,greedy,11,3,native,ok,0,4.895557999999999,5.588121,0.5928614923805167,0.0,0.5928614923806949,5514,5514,7.128748,12.024306,baseline_dominates
l1-n8192-uniform-w1,arity,1,8192,uniform,1,accept_id,accept_id,,greedy,11,3,accept_static_degree,ok,0,-0.6088130000000014,-0.723211,1.050631861830529,1.1294193522294882,1.0506318618308914,5514,5514,12.633119,12.024306,variant_dominates
l1-n8192-uniform-w1,arity,1,8192,uniform,1,eas_k1_adaptive,eas,1,adaptive,11,3,native,ok,0,11.464379,12.185716,0.3834076968333514,0.0,0.383407696833835,5514,5514,7.128748,18.593127,baseline_dominates
l1-n8192-uniform-w1,arity,1,8192,uniform,1,eas_k1_adaptive,eas,1,adaptive,11,3,accept_id,ok,0,6.568821,6.597594999999999,0.6467070331956534,0.4585796189571463,0.6467070331962748,5514,5514,12.024306,18.593127,baseline_dominates
l1-n8192-uniform-w1,arity,1,8192,uniform,1,eas_k1_adaptive,eas,1,adaptive,11,3,accept_static_degree,ok,0,5.960007999999998,5.874383999999999,0.6794510143452471,0.5179286961882257,0.6794510143461342,5514,5514,12.633119,18.593127,baseline_dominates
l1-n8192-uniform-w1,arity,1,8192,uniform,1,accept_static_degree,accept_static_degree,,greedy,11,3,native,ok,0,5.504371000000001,6.311332,0.5642904179086732,0.0,0.5642904179086482,5514,5514,7.128748,12.633119,baseline_dominates
l1-n8192-uniform-w1,arity,1,8192,uniform,1,accept_static_degree,accept_static_degree,,greedy,11,3,accept_id,ok,0,0.6088130000000014,0.723211,0.9518081797535508,0.8854107183713359,0.9518081797532226,5514,5514,12.024306,12.633119,baseline_dominates
l1-n8192-uniform-w1,arity,1,8192,uniform,1,eas_k2_adaptive,eas,2,adaptive,11,3,native,ok,-4,11.084563000000001,11.915821,0.3914031885800445,0.0,0.39111925445784707,5514,5510,7.128748,18.213311,baseline_dominates
l1-n8192-uniform-w1,arity,1,8192,uniform,1,eas_k2_adaptive,eas,2,adaptive,11,3,accept_id,ok,-4,6.189005000000002,6.327699999999999,0.6601933058739292,0.46896651099408093,0.6597143843619669,5514,5510,12.024306,18.213311,baseline_dominates
l1-n8192-uniform-w1,arity,1,8192,uniform,1,eas_k2_adaptive,eas,2,adaptive,11,3,accept_static_degree,ok,-4,5.580192,5.604488999999999,0.6936201221183782,0.5296598530642581,0.6931169519188336,5514,5510,12.633119,18.213311,baseline_dominates
l1-n8192-uniform-w1,arity,1,8192,uniform,1,native,native,,native,11,3,accept_id,ok,0,-4.895557999999999,-5.588121,1.6867346131466563,,1.6867346131461494,5514,5514,12.024306,7.128748,variant_dominates
l1-n8192-uniform-w1,arity,1,8192,uniform,1,native,native,,native,11,3,accept_static_degree,ok,0,-5.504371000000001,-6.311332,1.7721371270242687,,1.7721371270243471,5514,5514,12.633119,7.128748,variant_dominates
l1-n8192-uniform-w1,arity,1,8192,uniform,1,eas_k1_adaptive,eas,1,adaptive,29,1,native,ok,0,10.894584000000002,11.853812,0.3937157279094854,0.0,0.3937157279096003,5595,5595,7.074848,17.969432,baseline_dominates
l1-n8192-uniform-w1,arity,1,8192,uniform,1,eas_k1_adaptive,eas,1,adaptive,29,1,accept_id,ok,0,5.864754000000001,6.275579,0.6736260778860456,0.47058558040232124,0.6736260778862273,5595,5595,12.104678,17.969432,baseline_dominates
l1-n8192-uniform-w1,arity,1,8192,uniform,1,eas_k1_adaptive,eas,1,adaptive,29,1,accept_static_degree,ok,0,5.1818300000000015,5.461829,0.7116308406409284,0.5392343829984818,0.7116308406410885,5595,5595,12.787602,17.969432,baseline_dominates
l1-n8192-uniform-w1,arity,1,8192,uniform,1,eas_k2_adaptive,eas,2,adaptive,29,1,native,ok,-1,11.075381,11.742303,0.38979386981839187,0.0,0.38972420156625964,5595,5594,7.074848,18.150229,baseline_dominates
l1-n8192-uniform-w1,arity,1,8192,uniform,1,eas_k2_adaptive,eas,2,adaptive,29,1,accept_id,ok,-1,6.045551,6.16407,0.6669159931811329,0.47505442501355993,0.6667967946119217,5595,5594,12.104678,18.150229,baseline_dominates
l1-n8192-uniform-w1,arity,1,8192,uniform,1,eas_k2_adaptive,eas,2,adaptive,29,1,accept_static_degree,ok,-1,5.362627,5.35032,0.70454218511513,0.5443551405546254,0.704416261578591,5595,5594,12.787602,18.150229,baseline_dominates
l1-n8192-uniform-w1,arity,1,8192,uniform,1,accept_id,accept_id,,greedy,29,1,native,ok,0,5.02983,5.578233,0.5844722180961774,0.0,0.5844722180961902,5595,5595,7.074848,12.104678,baseline_dominates
l1-n8192-uniform-w1,arity,1,8192,uniform,1,accept_id,accept_id,,greedy,29,1,accept_static_degree,ok,0,-0.6829239999999999,-0.8137499999999998,1.0564181880757175,1.1458795285173637,1.05641818807567,5595,5595,12.787602,12.104678,variant_dominates
l1-n8192-uniform-w1,arity,1,8192,uniform,1,native,native,,native,29,1,accept_id,ok,0,-5.02983,-5.578233,1.710945309355056,,1.7109453093550184,5595,5595,12.104678,7.074848,variant_dominates
l1-n8192-uniform-w1,arity,1,8192,uniform,1,native,native,,native,29,1,accept_static_degree,ok,0,-5.712753999999999,-6.391983,1.8074737436055162,,1.8074737436053956,5595,5595,12.787602,7.074848,variant_dominates
l1-n8192-uniform-w1,arity,1,8192,uniform,1,accept_static_degree,accept_static_degree,,greedy,29,1,native,ok,0,5.712753999999999,6.391983,0.5532583826115327,0.0,0.5532583826115697,5595,5595,7.074848,12.787602,baseline_dominates
l1-n8192-uniform-w1,arity,1,8192,uniform,1,accept_static_degree,accept_static_degree,,greedy,29,1,accept_id,ok,0,0.6829239999999999,0.8137499999999998,0.9465948345905667,0.8726920894501754,0.9465948345906092,5595,5595,12.104678,12.787602,baseline_dominates
l1-n8192-uniform-w1,arity,1,8192,uniform,1,native,native,,native,29,2,accept_id,ok,0,-4.872935000000001,-5.5704,1.6644906228936098,,1.6644906228919771,5595,5595,12.206274,7.333339,variant_dominates
l1-n8192-uniform-w1,arity,1,8192,uniform,1,native,native,,native,29,2,accept_static_degree,ok,0,-5.263593000000001,-6.248561,1.717762127183811,,1.7177621271831232,5595,5595,12.596932,7.333339,variant_dominates
l1-n8192-uniform-w1,arity,1,8192,uniform,1,accept_static_degree,accept_static_degree,,greedy,29,2,native,ok,0,5.263593000000001,6.248561,0.5821527813280248,0.0,0.582152781328258,5595,5595,7.333339,12.596932,baseline_dominates
l1-n8192-uniform-w1,arity,1,8192,uniform,1,accept_static_degree,accept_static_degree,,greedy,29,2,accept_id,ok,0,0.39065800000000017,0.6781609999999993,0.9689878456119315,0.891469251880553,0.9689878456113692,5595,5595,12.206274,12.596932,baseline_dominates
l1-n8192-uniform-w1,arity,1,8192,uniform,1,eas_k1_adaptive,eas,1,adaptive,29,2,native,ok,0,10.915424000000002,11.879948,0.4018540325171629,0.0,0.4018540325172483,5595,5595,7.333339,18.248763,baseline_dominates
l1-n8192-uniform-w1,arity,1,8192,uniform,1,eas_k1_adaptive,eas,1,adaptive,29,2,accept_id,ok,0,6.042489,6.309548,0.6688822688968014,0.4688909412734803,0.6688822688962875,5595,5595,12.206274,18.248763,baseline_dominates
l1-n8192-uniform-w1,arity,1,8192,uniform,1,eas_k1_adaptive,eas,1,adaptive,29,2,accept_static_degree,ok,0,5.651831,5.631387000000001,0.6902896377140741,0.5259754503975943,0.6902896377139444,5595,5595,12.596932,18.248763,baseline_dominates
l1-n8192-uniform-w1,arity,1,8192,uniform,1,eas_k2_adaptive,eas,2,adaptive,29,2,native,ok,-1,10.756530000000001,11.829073,0.40538375374636487,0.0,0.40531129909881014,5595,5594,7.333339,18.089869,baseline_dominates
l1-n8192-uniform-w1,arity,1,8192,uniform,1,eas_k2_adaptive,eas,2,adaptive,29,2,accept_id,ok,-1,5.883595,6.258672999999999,0.6747574567842366,0.4709075681585531,0.674636856702135,5595,5594,12.206274,18.089869,baseline_dominates
l1-n8192-uniform-w1,arity,1,8192,uniform,1,eas_k2_adaptive,eas,2,adaptive,29,2,accept_static_degree,ok,-1,5.4929369999999995,5.580512,0.6963528591611139,0.5282375888626268,0.6962283993113272,5595,5594,12.596932,18.089869,baseline_dominates
l1-n8192-uniform-w1,arity,1,8192,uniform,1,accept_id,accept_id,,greedy,29,2,native,ok,0,4.872935000000001,5.5704,0.6007843998914001,0.0,0.6007843998919893,5595,5595,7.333339,12.206274,baseline_dominates
l1-n8192-uniform-w1,arity,1,8192,uniform,1,accept_id,accept_id,,greedy,29,2,accept_static_degree,ok,0,-0.39065800000000017,-0.6781609999999993,1.0320046887363008,1.1217436808846761,1.0320046887368997,5595,5595,12.596932,12.206274,variant_dominates
l1-n8192-uniform-w1,arity,1,8192,uniform,1,eas_k1_adaptive,eas,1,adaptive,29,3,native,ok,0,11.029592000000001,11.898636,0.39918645856722623,0.0,0.39918645856771673,5595,5595,7.32817,18.357762,baseline_dominates
l1-n8192-uniform-w1,arity,1,8192,uniform,1,eas_k1_adaptive,eas,1,adaptive,29,3,accept_id,ok,0,6.494930000000002,6.391598,0.6462025164069563,0.46282935287708604,0.6462025164083436,5595,5595,11.862832,18.357762,baseline_dominates
l1-n8192-uniform-w1,arity,1,8192,uniform,1,eas_k1_adaptive,eas,1,adaptive,29,3,accept_static_degree,ok,0,5.604116000000001,5.554003,0.6947277124520952,0.5332235560445752,0.6947277124532736,5595,5595,12.753646,18.357762,baseline_dominates
l1-n8192-uniform-w1,arity,1,8192,uniform,1,eas_k2_adaptive,eas,2,adaptive,29,3,native,ok,-1,10.764925000000002,11.764284,0.40502578469852724,0.0,0.4049533940307507,5595,5594,7.32817,18.093095,baseline_dominates
l1-n8192-uniform-w1,arity,1,8192,uniform,1,eas_k2_adaptive,eas,2,adaptive,29,3,accept_id,ok,-1,6.2302630000000025,6.257246,0.655655209901899,0.4681150166044954,0.6555380239842974,5595,5594,11.862832,18.093095,baseline_dominates
l1-n8192-uniform-w1,arity,1,8192,uniform,1,eas_k2_adaptive,eas,2,adaptive,29,3,accept_static_degree,ok,-1,5.339449000000002,5.419651,0.7048902357501576,0.5393131447693714,0.704764250006362,5595,5594,12.753646,18.093095,baseline_dominates
l1-n8192-uniform-w1,arity,1,8192,uniform,1,native,native,,native,29,3,accept_id,ok,0,-4.534661999999999,-5.507038,1.6187986905325613,,1.6187986905340475,5595,5595,11.862832,7.32817,variant_dominates
l1-n8192-uniform-w1,arity,1,8192,uniform,1,native,native,,native,29,3,accept_static_degree,ok,0,-5.425476,-6.344633,1.7403589163461,,1.7403589163469135,5595,5595,12.753646,7.32817,variant_dominates
l1-n8192-uniform-w1,arity,1,8192,uniform,1,accept_id,accept_id,,greedy,29,3,native,ok,0,4.534661999999999,5.507038,0.6177420366401548,0.0,0.6177420366395876,5595,5595,7.32817,11.862832,baseline_dominates
l1-n8192-uniform-w1,arity,1,8192,uniform,1,accept_id,accept_id,,greedy,29,3,accept_static_degree,ok,0,-0.8908140000000007,-0.8375950000000003,1.0750928614684925,1.1520953732296746,1.075092861468008,5595,5595,12.753646,11.862832,variant_dominates
l1-n8192-uniform-w1,arity,1,8192,uniform,1,accept_static_degree,accept_static_degree,,greedy,29,3,native,ok,0,5.425476,6.344633,0.5745941199873354,0.0,0.5745941199870669,5595,5595,7.32817,12.753646,baseline_dominates
l1-n8192-uniform-w1,arity,1,8192,uniform,1,accept_static_degree,accept_static_degree,,greedy,29,3,accept_id,ok,0,0.8908140000000007,0.8375950000000003,0.9301522090232079,0.8679836958260627,0.9301522090236272,5595,5595,11.862832,12.753646,baseline_dominates
l1-n8192-uniform-w1,arity,1,8192,uniform,1,native,native,,native,47,1,accept_id,ok,0,-4.399572,-5.569835,1.590850726514924,,1.5908507265128602,5670,5670,11.845737,7.446165,variant_dominates
l1-n8192-uniform-w1,arity,1,8192,uniform,1,native,native,,native,47,1,accept_static_degree,ok,0,-5.174144000000001,-6.277084,1.6948736698689864,,1.6948736698666913,5670,5670,12.620309,7.446165,variant_dominates
l1-n8192-uniform-w1,arity,1,8192,uniform,1,eas_k1_adaptive,eas,1,adaptive,47,1,native,ok,0,10.579854999999998,11.762772,0.4130787051162708,0.0,0.4130787051170008,5670,5670,7.446165,18.02602,baseline_dominates
l1-n8192-uniform-w1,arity,1,8192,uniform,1,eas_k1_adaptive,eas,1,adaptive,47,1,accept_id,ok,0,6.180282999999999,6.192937,0.6571465581420636,0.47351381120028513,0.6571465581423723,5670,5670,11.845737,18.02602,baseline_dominates
l1-n8192-uniform-w1,arity,1,8192,uniform,1,eas_k1_adaptive,eas,1,adaptive,47,1,accept_static_degree,ok,0,5.405710999999998,5.485688,0.7001162208851428,0.5336398597201408,0.700116220885432,5670,5670,12.620309,18.02602,baseline_dominates
l1-n8192-uniform-w1,arity,1,8192,uniform,1,accept_static_degree,accept_static_degree,,greedy,47,1,native,ok,0,5.174144000000001,6.277084,0.5900144758737682,0.0,0.5900144758745671,5670,5670,7.446165,12.620309,baseline_dominates
l1-n8192-uniform-w1,arity,1,8192,uniform,1,accept_static_degree,accept_static_degree,,greedy,47,1,accept_id,ok,0,0.7745720000000009,0.707249,0.9386249575981063,0.887328415550915,0.9386249575981596,5670,5670,11.845737,12.620309,baseline_dominates
l1-n8192-uniform-w1,arity,1,8192,uniform,1,accept_id,accept_id,,greedy,47,1,native,ok,0,4.399572,5.569835,0.6285944893086854,0.0,0.628594489309501,5670,5670,7.446165,11.845737,baseline_dominates
l1-n8192-uniform-w1,arity,1,8192,uniform,1,accept_id,accept_id,,greedy,47,1,accept_static_degree,ok,0,-0.7745720000000009,-0.707249,1.0653882489540332,1.1269784472969127,1.0653882489539725,5670,5670,12.620309,11.845737,variant_dominates
l1-n8192-uniform-w1,arity,1,8192,uniform,1,eas_k2_adaptive,eas,2,adaptive,47,1,native,ok,-2,10.592616,11.648108,0.41278648485172026,0.0,0.412640881153885,5670,5668,7.446165,18.038781,baseline_dominates
l1-n8192-uniform-w1,arity,1,8192,uniform,1,eas_k2_adaptive,eas,2,adaptive,47,1,accept_id,ok,-2,6.193044,6.078273,0.6566816793219009,0.47817508216785076,0.6564500455725648,5670,5668,11.845737,18.038781,baseline_dominates
l1-n8192-uniform-w1,arity,1,8192,uniform,1,eas_k2_adaptive,eas,2,adaptive,47,1,accept_static_degree,ok,-2,5.4184719999999995,5.371024,0.6996209444529539,0.5388930116375982,0.6993741645783103,5670,5668,12.620309,18.038781,baseline_dominates
l1-n8192-uniform-w1,arity,1,8192,uniform,1,accept_static_degree,accept_static_degree,,greedy,47,2,native,ok,0,5.514875000000001,6.347176,0.5697987845194571,0.0,0.5697987845198508,5670,5670,7.304417,12.819292,baseline_dominates
l1-n8192-uniform-w1,arity,1,8192,uniform,1,accept_static_degree,accept_static_degree,,greedy,47,2,accept_id,ok,0,0.6288830000000001,0.7528800000000002,0.9509424545442915,0.8813834688056547,0.9509424545451033,5670,5670,12.190409,12.819292,baseline_dominates
l1-n8192-uniform-w1,arity,1,8192,uniform,1,eas_k1_adaptive,eas,1,adaptive,47,2,native,ok,0,10.880219999999998,11.764043,0.4016806604388089,0.0,0.4016806604393895,5670,5670,7.304417,18.184637,baseline_dominates
l1-n8192-uniform-w1,arity,1,8192,uniform,1,eas_k1_adaptive,eas,1,adaptive,47,2,accept_id,ok,0,5.994227999999998,6.169746999999999,0.6703685644096169,0.47554195441142133,0.6703685644106948,5670,5670,12.190409,18.184637,baseline_dominates
l1-n8192-uniform-w1,arity,1,8192,uniform,1,eas_k1_adaptive,eas,1,adaptive,47,2,accept_static_degree,ok,0,5.365344999999998,5.416866999999999,0.7049517678026788,0.5395403604016069,0.7049517678032106,5670,5670,12.819292,18.184637,baseline_dominates
l1-n8192-uniform-w1,arity,1,8192,uniform,1,accept_id,accept_id,,greedy,47,2,native,ok,0,4.885992000000001,5.594296,0.5991937596187298,0.0,0.5991937596186323,5670,5670,7.304417,12.190409,baseline_dominates
l1-n8192-uniform-w1,arity,1,8192,uniform,1,accept_id,accept_id,,greedy,47,2,accept_static_degree,ok,0,-0.6288830000000001,-0.7528800000000002,1.051588342934187,1.1345799364209546,1.0515883429332893,5670,5670,12.819292,12.190409,variant_dominates
l1-n8192-uniform-w1,arity,1,8192,uniform,1,eas_k2_adaptive,eas,2,adaptive,47,2,native,ok,-2,11.257203,11.726907,0.3935226020142638,0.0,0.39338379333606666,5670,5668,7.304417,18.56162,baseline_dominates
l1-n8192-uniform-w1,arity,1,8192,uniform,1,eas_k2_adaptive,eas,2,adaptive,47,2,accept_id,ok,-2,6.371211000000001,6.132611000000001,0.6567535053513648,0.477047869485108,0.6565218462662944,5670,5668,12.190409,18.56162,baseline_dominates
l1-n8192-uniform-w1,arity,1,8192,uniform,1,eas_k2_adaptive,eas,2,adaptive,47,2,accept_static_degree,ok,-2,5.7423280000000005,5.3797310000000005,0.6906343304086604,0.5412489414301657,0.6903907204146762,5670,5668,12.819292,18.56162,baseline_dominates
l1-n8192-uniform-w1,arity,1,8192,uniform,1,native,native,,native,47,2,accept_id,ok,0,-4.885992000000001,-5.594296,1.6689092366988358,,1.6689092366991072,5670,5670,12.190409,7.304417,variant_dominates
l1-n8192-uniform-w1,arity,1,8192,uniform,1,native,native,,native,47,2,accept_static_degree,ok,0,-5.514875000000001,-6.347176,1.7550054987276877,,1.755005498726475,5670,5670,12.819292,7.304417,variant_dominates
l1-n8192-uniform-w1,arity,1,8192,uniform,1,native,native,,native,47,3,accept_id,ok,0,-4.949159000000001,-5.58405,1.6978257694025711,,1.6978257694035819,5670,5670,12.041415,7.092256,variant_dominates
l1-n8192-uniform-w1,arity,1,8192,uniform,1,native,native,,native,47,3,accept_static_degree,ok,0,-5.3996710000000006,-6.25606,1.7613474471310682,,1.761347447130656,5670,5670,12.491927,7.092256,variant_dominates
l1-n8192-uniform-w1,arity,1,8192,uniform,1,eas_k1_adaptive,eas,1,adaptive,47,3,native,ok,0,11.001033,11.733124,0.3919826848507201,0.0,0.3919826848513046,5670,5670,7.092256,18.093289,baseline_dominates
l1-n8192-uniform-w1,arity,1,8192,uniform,1,eas_k1_adaptive,eas,1,adaptive,47,3,accept_id,ok,0,6.051873999999998,6.149074,0.6655183034991594,0.47592184315106534,0.665518303500548,5670,5670,12.041415,18.093289,baseline_dominates
l1-n8192-uniform-w1,arity,1,8192,uniform,1,eas_k1_adaptive,eas,1,adaptive,47,3,accept_static_degree,ok,0,5.601361999999998,5.477064,0.6904177012813978,0.5331964445274762,0.6904177012822659,5670,5670,12.491927,18.093289,baseline_dominates
l1-n8192-uniform-w1,arity,1,8192,uniform,1,eas_k2_adaptive,eas,2,adaptive,47,3,native,ok,-2,11.079260000000001,11.676729,0.3902952290827028,0.0,0.39015755880773845,5670,5668,7.092256,18.171516,baseline_dominates
l1-n8192-uniform-w1,arity,1,8192,uniform,1,eas_k2_adaptive,eas,2,adaptive,47,3,accept_id,ok,-2,6.130101,6.0926789999999995,0.6626532976114926,0.4782203988805427,0.6624195574713718,5670,5668,12.041415,18.171516,baseline_dominates
l1-n8192-uniform-w1,arity,1,8192,uniform,1,eas_k2_adaptive,eas,2,adaptive,47,3,accept_static_degree,ok,-2,5.679589,5.420669,0.687445505372254,0.5357716189182775,0.6872030201847389,5670,5668,12.491927,18.171516,baseline_dominates
l1-n8192-uniform-w1,arity,1,8192,uniform,1,accept_static_degree,accept_static_degree,,greedy,47,3,native,ok,0,5.3996710000000006,6.25606,0.5677471538218243,0.0,0.5677471538219571,5670,5670,7.092256,12.491927,baseline_dominates
l1-n8192-uniform-w1,arity,1,8192,uniform,1,accept_static_degree,accept_static_degree,,greedy,47,3,accept_id,ok,0,0.4505119999999998,0.6720099999999993,0.9639357482636586,0.892582551957622,0.963935748264458,5670,5670,12.041415,12.491927,baseline_dominates
l1-n8192-uniform-w1,arity,1,8192,uniform,1,accept_id,accept_id,,greedy,47,3,native,ok,0,4.949159000000001,5.58405,0.588988586474264,0.0,0.5889885864739133,5670,5670,7.092256,12.041415,baseline_dominates
l1-n8192-uniform-w1,arity,1,8192,uniform,1,accept_id,accept_id,,greedy,47,3,accept_static_degree,ok,0,-0.4505119999999998,-0.6720099999999993,1.0374135431757812,1.1203445527887463,1.037413543174921,5670,5670,12.491927,12.041415,variant_dominates
l1-n8192-uniform-w1,arity,1,8192,uniform,1,native,native,,native,71,1,accept_id,ok,0,-4.60736,-5.548958,1.637501973445074,,1.6375019734474736,5552,5552,11.834569,7.227209,variant_dominates
l1-n8192-uniform-w1,arity,1,8192,uniform,1,native,native,,native,71,1,accept_static_degree,ok,0,-5.497761000000001,-6.322126,1.7607031981502126,,1.7607031981529904,5552,5552,12.72497,7.227209,variant_dominates
l1-n8192-uniform-w1,arity,1,8192,uniform,1,eas_k1_adaptive,eas,1,adaptive,71,1,native,ok,0,11.074433999999998,11.851085,0.39489399940759423,0.0,0.3948939994077865,5552,5552,7.227209,18.301643,baseline_dominates
l1-n8192-uniform-w1,arity,1,8192,uniform,1,eas_k1_adaptive,eas,1,adaptive,71,1,accept_id,ok,0,6.467073999999998,6.302127,0.6466397033315534,0.46822362678185164,0.6466397033328158,5552,5552,11.834569,18.301643,baseline_dominates
l1-n8192-uniform-w1,arity,1,8192,uniform,1,eas_k1_adaptive,eas,1,adaptive,71,1,accept_static_degree,ok,0,5.576672999999998,5.5289589999999995,0.6952911276872793,0.5334638980312774,0.6952911276887148,5552,5552,12.72497,18.301643,baseline_dominates
l1-n8192-uniform-w1,arity,1,8192,uniform,1,accept_id,accept_id,,greedy,71,1,native,ok,0,4.60736,5.548958,0.6106862869277284,0.0,0.6106862869268336,5552,5552,7.227209,11.834569,baseline_dominates
l1-n8192-uniform-w1,arity,1,8192,uniform,1,accept_id,accept_id,,greedy,71,1,accept_static_degree,ok,0,-0.8904010000000007,-0.7731680000000001,1.07523729846013,1.139335709515192,1.0752372984602505,5552,5552,12.72497,11.834569,variant_dominates
l1-n8192-uniform-w1,arity,1,8192,uniform,1,eas_k2_adaptive,eas,2,adaptive,71,1,native,ok,-2,10.94665,11.75895,0.39767057728355876,0.0,0.39752732419317227,5552,5550,7.227209,18.173859,baseline_dominates
l1-n8192-uniform-w1,arity,1,8192,uniform,1,eas_k2_adaptive,eas,2,adaptive,71,1,accept_id,ok,-2,6.33929,6.209992000000001,0.6511863550828693,0.4718923033093941,0.6509517778656132,5552,5550,11.834569,18.173859,baseline_dominates
l1-n8192-uniform-w1,arity,1,8192,uniform,1,eas_k2_adaptive,eas,2,adaptive,71,1,accept_static_degree,ok,-2,5.448888999999999,5.4368240000000005,0.7001798572334033,0.5376437522057667,0.699927631060119,5552,5550,12.72497,18.173859,baseline_dominates
l1-n8192-uniform-w1,arity,1,8192,uniform,1,accept_static_degree,accept_static_degree,,greedy,71,1,native,ok,0,5.497761000000001,6.322126,0.5679548949820706,0.0,0.5679548949811747,5552,5552,7.227209,12.72497,baseline_dominates
l1-n8192-uniform-w1,arity,1,8192,uniform,1,accept_static_degree,accept_static_degree,,greedy,71,1,accept_id,ok,0,0.8904010000000007,0.7731680000000001,0.9300272613609305,0.8777044304400133,0.9300272613608261,5552,5552,11.834569,12.72497,baseline_dominates
l1-n8192-uniform-w1,arity,1,8192,uniform,1,accept_static_degree,accept_static_degree,,greedy,71,2,native,ok,0,5.74217,6.334048,0.5529238900760995,0.0,0.5529238900757798,5552,5552,7.101661,12.843831,baseline_dominates
l1-n8192-uniform-w1,arity,1,8192,uniform,1,accept_static_degree,accept_static_degree,,greedy,71,2,accept_id,ok,0,1.1554909999999996,0.8217179999999997,0.9100353313586889,0.8702696916726871,0.910035331357711,5552,5552,11.68834,12.843831,baseline_dominates
l1-n8192-uniform-w1,arity,1,8192,uniform,1,native,native,,native,71,2,accept_id,ok,0,-4.586679,-5.51233,1.6458600318995795,,1.6458600318987626,5552,5552,11.68834,7.101661,variant_dominates
l1-n8192-uniform-w1,arity,1,8192,uniform,1,native,native,,native,71,2,accept_static_degree,ok,0,-5.74217,-6.334048,1.808567178861396,,1.8085671788624418,5552,5552,12.843831,7.101661,variant_dominates
l1-n8192-uniform-w1,arity,1,8192,uniform,1,accept_id,accept_id,,greedy,71,2,native,ok,0,4.586679,5.51233,0.6075850805161382,0.0,0.6075850805164399,5552,5552,7.101661,11.68834,baseline_dominates
l1-n8192-uniform-w1,arity,1,8192,uniform,1,accept_id,accept_id,,greedy,71,2,accept_static_degree,ok,0,-1.1554909999999996,-0.8217179999999997,1.0988584349873463,1.1490690869378284,1.098858434988527,5552,5552,12.843831,11.68834,variant_dominates
l1-n8192-uniform-w1,arity,1,8192,uniform,1,eas_k1_adaptive,eas,1,adaptive,71,2,native,ok,0,11.395814000000001,11.979902,0.3839259682740482,0.0,0.38392596827455616,5552,5552,7.101661,18.497475,baseline_dominates
l1-n8192-uniform-w1,arity,1,8192,uniform,1,eas_k1_adaptive,eas,1,adaptive,71,2,accept_id,ok,0,6.809135000000001,6.467571999999999,0.631888406390602,0.4601314768685087,0.6318884063911243,5552,5552,11.68834,18.497475,baseline_dominates
l1-n8192-uniform-w1,arity,1,8192,uniform,1,eas_k1_adaptive,eas,1,adaptive,71,2,accept_static_degree,ok,0,5.653644000000002,5.645853999999999,0.6943559053330252,0.5287228559966518,0.6943559053343453,5552,5552,12.843831,18.497475,baseline_dominates
l1-n8192-uniform-w1,arity,1,8192,uniform,1,eas_k2_adaptive,eas,2,adaptive,71,2,native,ok,-2,11.094869,11.813455,0.39027556352777154,0.0,0.39013497434751804,5552,5550,7.101661,18.19653,baseline_dominates
l1-n8192-uniform-w1,arity,1,8192,uniform,1,eas_k2_adaptive,eas,2,adaptive,71,2,accept_id,ok,-2,6.508189999999999,6.301124999999999,0.6423389514374445,0.46661455095058985,0.642107561324429,5552,5550,11.68834,18.19653,baseline_dominates
l1-n8192-uniform-w1,arity,1,8192,uniform,1,eas_k2_adaptive,eas,2,adaptive,71,2,accept_static_degree,ok,-2,5.352698999999999,5.479406999999999,0.7058395749079632,0.5361723560126991,0.7055853099312618,5552,5550,12.843831,18.19653,baseline_dominates
l1-n8192-uniform-w1,arity,1,8192,uniform,1,accept_static_degree,accept_static_degree,,greedy,71,3,native,ok,0,5.601408,6.358794,0.564772293655439,0.0,0.5647722936559997,5552,5552,7.268655,12.870063,baseline_dominates
l1-n8192-uniform-w1,arity,1,8192,uniform,1,accept_static_degree,accept_static_degree,,greedy,71,3,accept_id,ok,0,0.7790510000000008,0.7918639999999995,0.939467973078298,0.875469467952571,0.9394679730777564,5552,5552,12.091012,12.870063,baseline_dominates
l1-n8192-uniform-w1,arity,1,8192,uniform,1,accept_id,accept_id,,greedy,71,3,native,ok,0,4.822356999999999,5.56693,0.6011618382315723,0.0,0.6011618382325158,5552,5552,7.268655,12.091012,baseline_dominates
l1-n8192-uniform-w1,arity,1,8192,uniform,1,accept_id,accept_id,,greedy,71,3,accept_static_degree,ok,0,-0.7790510000000008,-0.7918639999999995,1.0644322410729556,1.142244289042614,1.0644322410735694,5552,5552,12.870063,12.091012,variant_dominates
l1-n8192-uniform-w1,arity,1,8192,uniform,1,eas_k1_adaptive,eas,1,adaptive,71,3,native,ok,0,11.161796000000002,11.959017,0.39438291553473104,0.0,0.3943829155347989,5552,5552,7.268655,18.430451,baseline_dominates
l1-n8192-uniform-w1,arity,1,8192,uniform,1,eas_k1_adaptive,eas,1,adaptive,71,3,accept_id,ok,0,6.339439000000002,6.392086999999999,0.656034515921504,0.4655006343748822,0.6560345159205873,5552,5552,12.091012,18.430451,baseline_dominates
l1-n8192-uniform-w1,arity,1,8192,uniform,1,eas_k1_adaptive,eas,1,adaptive,71,3,accept_static_degree,ok,0,5.560388000000001,5.600223,0.6983042900035381,0.5317154411604231,0.698304290002965,5552,5552,12.870063,18.430451,baseline_dominates
l1-n8192-uniform-w1,arity,1,8192,uniform,1,native,native,,native,71,3,accept_id,ok,0,-4.822356999999999,-5.56693,1.6634455755569633,,1.663445575554353,5552,5552,12.091012,7.268655,variant_dominates
l1-n8192-uniform-w1,arity,1,8192,uniform,1,native,native,,native,71,3,accept_static_degree,ok,0,-5.601408,-6.358794,1.7706251018929913,,1.7706251018912333,5552,5552,12.870063,7.268655,variant_dominates
l1-n8192-uniform-w1,arity,1,8192,uniform,1,eas_k2_adaptive,eas,2,adaptive,71,3,native,ok,-2,10.875563,11.814825,0.400604479068759,0.0,0.4004601690982751,5552,5550,7.268655,18.144218,baseline_dominates
l1-n8192-uniform-w1,arity,1,8192,uniform,1,eas_k2_adaptive,eas,2,adaptive,71,3,accept_id,ok,-2,6.053205999999999,6.247895000000001,0.6663837482552293,0.4711817568182347,0.6661436964722737,5552,5550,12.091012,18.144218,baseline_dominates
l1-n8192-uniform-w1,arity,1,8192,uniform,1,eas_k2_adaptive,eas,2,adaptive,71,3,accept_static_degree,ok,-2,5.274154999999999,5.456031000000001,0.70932034656991,0.5382046708266943,0.7090648277130138,5552,5550,12.870063,18.144218,baseline_dominates
l1-n8192-uniform-w1,arity,1,8192,uniform,1,native,native,,native,101,1,accept_id,ok,0,-4.783518000000001,-5.539647,1.6654595186924073,,1.6654595186927492,5537,5537,11.971811,7.188293,variant_dominates
l1-n8192-uniform-w1,arity,1,8192,uniform,1,native,native,,native,101,1,accept_static_degree,ok,0,-5.657382999999999,-6.36542,1.7870273234549565,,1.7870273234533973,5537,5537,12.845676,7.188293,variant_dominates
l1-n8192-uniform-w1,arity,1,8192,uniform,1,eas_k1_adaptive,eas,1,adaptive,101,1,native,ok,0,10.968137,11.858052,0.39590894245179253,0.0,0.39590894245220026,5537,5537,7.188293,18.15643,baseline_dominates
l1-n8192-uniform-w1,arity,1,8192,uniform,1,eas_k1_adaptive,eas,1,adaptive,101,1,accept_id,ok,0,6.184619,6.318405,0.6593703167417824,0.4671633249710829,0.6593703167425968,5537,5537,11.971811,18.15643,baseline_dominates
l1-n8192-uniform-w1,arity,1,8192,uniform,1,eas_k1_adaptive,eas,1,adaptive,101,1,accept_static_degree,ok,0,5.310754000000001,5.492632,0.7075000977615092,0.5368014915097353,0.7075000977616206,5537,5537,12.845676,18.15643,baseline_dominates
l1-n8192-uniform-w1,arity,1,8192,uniform,1,eas_k2_adaptive,eas,2,adaptive,101,1,native,ok,-3,11.068468000000001,11.844464,0.39373320382514726,0.0,0.39351987537834965,5537,5534,7.188293,18.256761,baseline_dominates
l1-n8192-uniform-w1,arity,1,8192,uniform,1,eas_k2_adaptive,eas,2,adaptive,101,1,accept_id,ok,-3,6.28495,6.304817,0.6557467121358493,0.4676992559562003,0.6553914222436569,5537,5534,11.971811,18.256761,baseline_dominates
l1-n8192-uniform-w1,arity,1,8192,uniform,1,eas_k2_adaptive,eas,2,adaptive,101,1,accept_static_degree,ok,-3,5.411085000000002,5.479044,0.7036119933869978,0.5374173115811741,0.7032307696230866,5537,5534,12.845676,18.256761,baseline_dominates
l1-n8192-uniform-w1,arity,1,8192,uniform,1,accept_static_degree,accept_static_degree,,greedy,101,1,native,ok,0,5.657382999999999,6.36542,0.5595885339160042,0.0,0.5595885339164924,5537,5537,7.188293,12.845676,baseline_dominates
l1-n8192-uniform-w1,arity,1,8192,uniform,1,accept_static_degree,accept_static_degree,,greedy,101,1,accept_id,ok,0,0.8738649999999986,0.8257729999999999,0.9319720503615381,0.8702720323246542,0.9319720503625426,5537,5537,11.971811,12.845676,baseline_dominates
l1-n8192-uniform-w1,arity,1,8192,uniform,1,accept_id,accept_id,,greedy,101,1,native,ok,0,4.783518000000001,5.539647,0.6004348882554192,0.0,0.600434888255296,5537,5537,7.188293,11.971811,baseline_dominates
l1-n8192-uniform-w1,arity,1,8192,uniform,1,accept_id,accept_id,,greedy,101,1,accept_static_degree,ok,0,-0.8738649999999986,-0.8257729999999999,1.0729935512680577,1.1490659964434558,1.0729935512669013,5537,5537,12.845676,11.971811,variant_dominates
l1-n8192-uniform-w1,arity,1,8192,uniform,1,native,native,,native,101,2,accept_id,ok,0,-4.755951,-5.535813,1.6601462441650159,,1.6601462441644623,5537,5537,11.960341,7.20439,variant_dominates
l1-n8192-uniform-w1,arity,1,8192,uniform,1,native,native,,native,101,2,accept_static_degree,ok,0,-5.679281,-6.383817,1.788308378641356,,1.7883083786402676,5537,5537,12.883671,7.20439,variant_dominates
l1-n8192-uniform-w1,arity,1,8192,uniform,1,accept_id,accept_id,,greedy,101,2,native,ok,0,4.755951,5.535813,0.6023565716061106,0.0,0.6023565716063115,5537,5537,7.20439,11.960341,baseline_dominates
l1-n8192-uniform-w1,arity,1,8192,uniform,1,accept_id,accept_id,,greedy,101,2,accept_static_degree,ok,0,-0.92333,-0.8480039999999995,1.0771993039328895,1.1531850877188228,1.077199303932593,5537,5537,12.883671,11.960341,variant_dominates
l1-n8192-uniform-w1,arity,1,8192,uniform,1,eas_k2_adaptive,eas,2,adaptive,101,2,native,ok,-3,11.234784999999999,11.843631,0.39071108116279607,0.0,0.39049939013081275,5537,5534,7.20439,18.439175,baseline_dominates
l1-n8192-uniform-w1,arity,1,8192,uniform,1,eas_k2_adaptive,eas,2,adaptive,101,2,accept_id,ok,-3,6.478833999999999,6.307818,0.6486375339460686,0.4674084324308989,0.6482860958741818,5537,5534,11.960341,18.439175,baseline_dominates
l1-n8192-uniform-w1,arity,1,8192,uniform,1,eas_k2_adaptive,eas,2,adaptive,101,2,accept_static_degree,ok,-3,5.555503999999999,5.459814000000001,0.6987119000714511,0.5390084341533437,0.698333331224847,5537,5534,12.883671,18.439175,baseline_dominates
l1-n8192-uniform-w1,arity,1,8192,uniform,1,eas_k1_adaptive,eas,1,adaptive,101,2,native,ok,0,11.172509000000002,11.903301,0.39203513062786055,0.0,0.3920351306278448,5537,5537,7.20439,18.376899,baseline_dominates
l1-n8192-uniform-w1,arity,1,8192,uniform,1,eas_k1_adaptive,eas,1,adaptive,101,2,accept_id,ok,0,6.416558000000002,6.367488000000001,0.6508356496925841,0.4650653629610811,0.6508356496923409,5537,5537,11.960341,18.376899,baseline_dominates
l1-n8192-uniform-w1,arity,1,8192,uniform,1,eas_k1_adaptive,eas,1,adaptive,101,2,accept_static_degree,ok,0,5.493228000000002,5.519484000000001,0.7010797088235615,0.5363064413812605,0.7010797088231066,5537,5537,12.883671,18.376899,baseline_dominates
l1-n8192-uniform-w1,arity,1,8192,uniform,1,accept_static_degree,accept_static_degree,,greedy,101,2,native,ok,0,5.679281,6.383817,0.5591876725197344,0.0,0.5591876725200748,5537,5537,7.20439,12.883671,baseline_dominates
l1-n8192-uniform-w1,arity,1,8192,uniform,1,accept_static_degree,accept_static_degree,,greedy,101,2,accept_id,ok,0,0.92333,0.8480039999999995,0.9283333143170142,0.86716348541946,0.9283333143172696,5537,5537,11.960341,12.883671,baseline_dominates
l1-n8192-uniform-w1,arity,1,8192,uniform,1,accept_static_degree,accept_static_degree,,greedy,101,3,native,ok,0,5.838215000000001,6.396373,0.5507729798128443,0.0,0.5507729798136294,5537,5537,7.15792,12.996135,baseline_dominates
l1-n8192-uniform-w1,arity,1,8192,uniform,1,accept_static_degree,accept_static_degree,,greedy,101,3,accept_id,ok,0,0.8095740000000013,0.6905039999999998,0.9377065566031746,0.8920475713345672,0.937706556603451,5537,5537,12.186561,12.996135,baseline_dominates
l1-n8192-uniform-w1,arity,1,8192,uniform,1,eas_k1_adaptive,eas,1,adaptive,101,3,native,ok,0,11.274918,11.991249,0.3883243589511284,0.0,0.3883243589517799,5537,5537,7.15792,18.432838,baseline_dominates
l1-n8192-uniform-w1,arity,1,8192,uniform,1,eas_k1_adaptive,eas,1,adaptive,101,3,accept_id,ok,0,6.246277000000001,6.28538,0.6611331906676552,0.47583608679963196,0.6611331906680168,5537,5537,12.186561,18.432838,baseline_dominates
l1-n8192-uniform-w1,arity,1,8192,uniform,1,eas_k1_adaptive,eas,1,adaptive,101,3,accept_static_degree,ok,0,5.436703,5.594876,0.7050533943823518,0.5334200799266198,0.7050533943825297,5537,5537,12.996135,18.432838,baseline_dominates
l1-n8192-uniform-w1,arity,1,8192,uniform,1,native,native,,native,101,3,accept_id,ok,0,-5.0286409999999995,-5.705869,1.7025282484297113,,1.7025282484277864,5537,5537,12.186561,7.15792,variant_dominates
l1-n8192-uniform-w1,arity,1,8192,uniform,1,native,native,,native,101,3,accept_static_degree,ok,0,-5.838215000000001,-6.396373,1.8156300992467087,,1.8156300992441206,5537,5537,12.996135,7.15792,variant_dominates
l1-n8192-uniform-w1,arity,1,8192,uniform,1,eas_k2_adaptive,eas,2,adaptive,101,3,native,ok,-3,10.943970999999998,11.780666,0.39542388140553936,0.0,0.39520963693327554,5537,5534,7.15792,18.101891,baseline_dominates
l1-n8192-uniform-w1,arity,1,8192,uniform,1,eas_k2_adaptive,eas,2,adaptive,101,3,accept_id,ok,-3,5.915329999999999,6.074797,0.6732203281966509,0.4843418020678967,0.672855570929791,5537,5534,12.186561,18.101891,baseline_dominates
l1-n8192-uniform-w1,arity,1,8192,uniform,1,eas_k2_adaptive,eas,2,adaptive,101,3,accept_static_degree,ok,-3,5.105755999999998,5.384293,0.7179435010408582,0.5429551266456413,0.717554512327396,5537,5534,12.996135,18.101891,baseline_dominates
l1-n8192-uniform-w1,arity,1,8192,uniform,1,accept_id,accept_id,,greedy,101,3,native,ok,0,5.0286409999999995,5.705869,0.58736176678556,0.0,0.5873617667862241,5537,5537,7.15792,12.186561,baseline_dominates
l1-n8192-uniform-w1,arity,1,8192,uniform,1,accept_id,accept_id,,greedy,101,3,accept_static_degree,ok,0,-0.8095740000000013,-0.6905039999999998,1.0664317029225883,1.121016448151894,1.066431702922274,5537,5537,12.996135,12.186561,variant_dominates
l1-n8192-zipf-w1,arity,1,8192,zipf,1,native,native,,native,11,1,accept_id,ok,0,-4.328908,-5.147919,1.7328720323046158,,1.7328720323045774,2540,2540,10.23568,5.906772,variant_dominates
l1-n8192-zipf-w1,arity,1,8192,zipf,1,native,native,,native,11,1,accept_static_degree,ok,0,-5.039884000000001,-6.006539,1.8532382831096241,,1.8532382831055536,2540,2540,10.946656,5.906772,variant_dominates
l1-n8192-zipf-w1,arity,1,8192,zipf,1,accept_static_degree,accept_static_degree,,greedy,11,1,native,ok,0,5.039884000000001,6.006539,0.539596019094781,0.0,0.5395960190959662,2540,2540,5.906772,10.946656,baseline_dominates
l1-n8192-zipf-w1,arity,1,8192,zipf,1,accept_static_degree,accept_static_degree,,greedy,11,1,accept_id,ok,0,0.7109760000000005,0.8586200000000002,0.9350508502322535,0.8570524556654007,0.9350508502342867,2540,2540,10.23568,10.946656,baseline_dominates
l1-n8192-zipf-w1,arity,1,8192,zipf,1,eas_k2_adaptive,eas,2,adaptive,11,1,native,ok,-6,11.701791,12.512243,0.33544883815902526,0.0,0.33465643932915434,2540,2534,5.906772,17.608563,baseline_dominates
l1-n8192-zipf-w1,arity,1,8192,zipf,1,eas_k2_adaptive,eas,2,adaptive,11,1,accept_id,ok,-6,7.372883,7.364324,0.5812899099148522,0.4114305484636128,0.5799167841441253,2540,2534,10.23568,17.608563,baseline_dominates
l1-n8192-zipf-w1,arity,1,8192,zipf,1,eas_k2_adaptive,eas,2,adaptive,11,1,accept_static_degree,ok,-6,6.661906999999999,6.505704,0.6216666289009501,0.4800529369514323,0.6201981250525799,2540,2534,10.946656,17.608563,baseline_dominates
l1-n8192-zipf-w1,arity,1,8192,zipf,1,accept_id,accept_id,,greedy,11,1,native,ok,0,4.328908,5.147919,0.5770766573398153,0.0,0.5770766573398279,2540,2540,5.906772,10.23568,baseline_dominates
l1-n8192-zipf-w1,arity,1,8192,zipf,1,accept_id,accept_id,,greedy,11,1,accept_static_degree,ok,0,-0.7109760000000005,-0.8586200000000002,1.06946055367108,1.166789726100974,1.0694605536687547,2540,2540,10.946656,10.23568,variant_dominates
l1-n8192-zipf-w1,arity,1,8192,zipf,1,eas_k1_adaptive,eas,1,adaptive,11,1,native,ok,0,12.204833,13.051052,0.3261318916793956,0.0,0.32613189167974016,2540,2540,5.906772,18.111605,baseline_dominates
l1-n8192-zipf-w1,arity,1,8192,zipf,1,eas_k1_adaptive,eas,1,adaptive,11,1,accept_id,ok,0,7.8759250000000005,7.903133,0.5651448339338231,0.39444475433857745,0.5651448339344077,2540,2540,10.23568,18.111605,baseline_dominates
l1-n8192-zipf-w1,arity,1,8192,zipf,1,eas_k1_adaptive,eas,1,adaptive,11,1,accept_static_degree,ok,0,7.164949,7.044513,0.604400107003217,0.4602340868766748,0.6044001070025281,2540,2540,10.946656,18.111605,baseline_dominates
l1-n8192-zipf-w1,arity,1,8192,zipf,1,accept_id,accept_id,,greedy,11,2,native,ok,0,4.577823,5.164337,0.5535417997291304,0.0,0.5535417997287276,2540,2540,5.67582,10.253643,baseline_dominates
l1-n8192-zipf-w1,arity,1,8192,zipf,1,accept_id,accept_id,,greedy,11,2,accept_static_degree,ok,0,-0.8102809999999998,-0.8585760000000002,1.0790237186919809,1.1662509630955533,1.0790237186900717,2540,2540,11.063924,10.253643,variant_dominates
l1-n8192-zipf-w1,arity,1,8192,zipf,1,accept_static_degree,accept_static_degree,,greedy,11,2,native,ok,0,5.388104,6.022913,0.5130024392792286,0.0,0.5130024392797631,2540,2540,5.67582,11.063924,baseline_dominates
l1-n8192-zipf-w1,arity,1,8192,zipf,1,accept_static_degree,accept_static_degree,,greedy,11,2,accept_id,ok,0,0.8102809999999998,0.8585760000000002,0.9267636870969107,0.8574483808748358,0.9267636870985504,2540,2540,10.253643,11.063924,baseline_dominates
l1-n8192-zipf-w1,arity,1,8192,zipf,1,eas_k1_adaptive,eas,1,adaptive,11,2,native,ok,0,12.366363999999999,12.90715,0.31458608336995125,0.0,0.3145860833709976,2540,2540,5.67582,18.042184,baseline_dominates
l1-n8192-zipf-w1,arity,1,8192,zipf,1,eas_k1_adaptive,eas,1,adaptive,11,2,accept_id,ok,0,7.788540999999999,7.742813,0.5683149556616871,0.40011443269815566,0.5683149556639909,2540,2540,10.253643,18.042184,baseline_dominates
l1-n8192-zipf-w1,arity,1,8192,zipf,1,eas_k1_adaptive,eas,1,adaptive,11,2,accept_static_degree,ok,0,6.978259999999999,6.884237,0.613225316846342,0.466633842482655,0.6132253168477427,2540,2540,11.063924,18.042184,baseline_dominates
l1-n8192-zipf-w1,arity,1,8192,zipf,1,eas_k2_adaptive,eas,2,adaptive,11,2,native,ok,-6,11.817559999999999,12.412487,0.3244553082366015,0.0,0.3236888783742783,2540,2534,5.67582,17.49338,baseline_dominates
l1-n8192-zipf-w1,arity,1,8192,zipf,1,eas_k2_adaptive,eas,2,adaptive,11,2,accept_id,ok,-6,7.239736999999998,7.248150000000001,0.5861441871153545,0.4160598113818769,0.5847595945471641,2540,2534,10.253643,17.49338,baseline_dominates
l1-n8192-zipf-w1,arity,1,8192,zipf,1,eas_k2_adaptive,eas,2,adaptive,11,2,accept_static_degree,ok,-6,6.429455999999998,6.3895740000000005,0.6324634804708982,0.4852301557294682,0.6309694722479796,2540,2534,11.063924,17.49338,baseline_dominates
l1-n8192-zipf-w1,arity,1,8192,zipf,1,native,native,,native,11,2,accept_id,ok,0,-4.577823,-5.164337,1.8065483049145323,,1.8065483049158466,2540,2540,10.253643,5.67582,variant_dominates
l1-n8192-zipf-w1,arity,1,8192,zipf,1,native,native,,native,11,2,accept_static_degree,ok,0,-5.388104,-6.022913,1.9493084699655734,,1.9493084699635426,2540,2540,11.063924,5.67582,variant_dominates
l1-n8192-zipf-w1,arity,1,8192,zipf,1,eas_k1_adaptive,eas,1,adaptive,11,3,native,ok,0,12.132228999999999,12.902883,0.32134133134520454,0.0,0.3213413313453804,2540,2540,5.744547,17.876776,baseline_dominates
l1-n8192-zipf-w1,arity,1,8192,zipf,1,eas_k1_adaptive,eas,1,adaptive,11,3,accept_id,ok,0,7.647095,7.720850999999999,0.572232991004642,0.4016181499901999,0.5722329910046589,2540,2540,10.229681,17.876776,baseline_dominates
l1-n8192-zipf-w1,arity,1,8192,zipf,1,eas_k1_adaptive,eas,1,adaptive,11,3,accept_static_degree,ok,0,6.991263,6.892494999999999,0.6089192480791839,0.4658174456049861,0.6089192480802362,2540,2540,10.885513,17.876776,baseline_dominates
l1-n8192-zipf-w1,arity,1,8192,zipf,1,accept_static_degree,accept_static_degree,,greedy,11,3,native,ok,0,5.140966,6.010388,0.5277240493856376,0.0,0.5277240493850144,2540,2540,5.744547,10.885513,baseline_dominates
l1-n8192-zipf-w1,arity,1,8192,zipf,1,accept_static_degree,accept_static_degree,,greedy,11,3,accept_id,ok,0,0.6558320000000002,0.8283559999999994,0.9397518518419848,0.8621792802727545,0.9397518518403883,2540,2540,10.229681,10.885513,baseline_dominates
l1-n8192-zipf-w1,arity,1,8192,zipf,1,accept_id,accept_id,,greedy,11,3,native,ok,0,4.4851339999999995,5.182032,0.5615568070988725,0.0,0.5615568070991632,2540,2540,5.744547,10.229681,baseline_dominates
l1-n8192-zipf-w1,arity,1,8192,zipf,1,accept_id,accept_id,,greedy,11,3,accept_static_degree,ok,0,-0.6558320000000002,-0.8283559999999994,1.064110699053079,1.1598515794576334,1.0641106990548868,2540,2540,10.885513,10.229681,variant_dominates
l1-n8192-zipf-w1,arity,1,8192,zipf,1,eas_k2_adaptive,eas,2,adaptive,11,3,native,ok,-6,11.630230000000001,12.415034,0.33062565349759593,0.0,0.32984464801671975,2540,2534,5.744547,17.374777,baseline_dominates
l1-n8192-zipf-w1,arity,1,8192,zipf,1,eas_k2_adaptive,eas,2,adaptive,11,3,accept_id,ok,-6,7.145096000000002,7.233002,0.5887661752435728,0.4173997429245865,0.5873753890022273,2540,2534,10.229681,17.374777,baseline_dominates
l1-n8192-zipf-w1,arity,1,8192,zipf,1,eas_k2_adaptive,eas,2,adaptive,11,3,accept_static_degree,ok,-6,6.489264000000002,6.4046460000000005,0.6265123863172459,0.4841217510962918,0.6250324357987962,2540,2534,10.885513,17.374777,baseline_dominates
l1-n8192-zipf-w1,arity,1,8192,zipf,1,native,native,,native,11,3,accept_id,ok,0,-4.4851339999999995,-5.182032,1.7807637399432887,,1.7807637399423666,2540,2540,10.229681,5.744547,variant_dominates
l1-n8192-zipf-w1,arity,1,8192,zipf,1,native,native,,native,11,3,accept_static_degree,ok,0,-5.140966,-6.010388,1.8949297481594283,,1.894929748161666,2540,2540,10.885513,5.744547,variant_dominates
l1-n8192-zipf-w1,arity,1,8192,zipf,1,accept_id,accept_id,,greedy,29,1,native,ok,0,4.210648,5.103914,0.5748734559730578,0.0,0.5748734559720123,2501,2501,5.69381,9.904458,baseline_dominates
l1-n8192-zipf-w1,arity,1,8192,zipf,1,accept_id,accept_id,,greedy,29,1,accept_static_degree,ok,0,-1.0225570000000008,-0.8330660000000005,1.1032420956300688,1.1632210103853633,1.1032420956265596,2501,2501,10.927015,9.904458,variant_dominates
l1-n8192-zipf-w1,arity,1,8192,zipf,1,eas_k2_adaptive,eas,2,adaptive,29,1,native,ok,-7,11.625392000000002,12.318312,0.32875706398019955,0.0,0.3278369122610012,2501,2494,5.69381,17.319202,baseline_dominates
l1-n8192-zipf-w1,arity,1,8192,zipf,1,eas_k2_adaptive,eas,2,adaptive,29,1,accept_id,ok,-7,7.414744000000001,7.214398000000001,0.5718772724055069,0.4143355031111405,0.5702766562889657,2501,2494,9.904458,17.319202,baseline_dominates
l1-n8192-zipf-w1,arity,1,8192,zipf,1,eas_k2_adaptive,eas,2,adaptive,29,1,accept_static_degree,ok,-7,6.392187,6.3813320000000004,0.6309190804518592,0.48196376256746865,0.6291532133711458,2501,2494,10.927015,17.319202,baseline_dominates
l1-n8192-zipf-w1,arity,1,8192,zipf,1,eas_k1_adaptive,eas,1,adaptive,29,1,native,ok,0,12.038645000000002,12.784069,0.32109541515825074,0.0,0.3210954151583344,2501,2501,5.69381,17.732455,baseline_dominates
l1-n8192-zipf-w1,arity,1,8192,zipf,1,eas_k1_adaptive,eas,1,adaptive,29,1,accept_id,ok,0,7.827997000000002,7.680155000000001,0.5585497326794288,0.3992401793200584,0.5585497326805899,2501,2501,9.904458,17.732455,baseline_dominates
l1-n8192-zipf-w1,arity,1,8192,zipf,1,eas_k1_adaptive,eas,1,adaptive,29,1,accept_static_degree,ok,0,6.805440000000001,6.847089,0.6162155775948677,0.4644045647751119,0.6162155775941887,2501,2501,10.927015,17.732455,baseline_dominates
l1-n8192-zipf-w1,arity,1,8192,zipf,1,native,native,,native,29,1,accept_id,ok,0,-4.210648,-5.103914,1.7395132608920916,,1.739513260895255,2501,2501,9.904458,5.69381,variant_dominates
l1-n8192-zipf-w1,arity,1,8192,zipf,1,native,native,,native,29,1,accept_static_degree,ok,0,-5.233205000000001,-5.93698,1.9191042553228859,,1.9191042553202715,2501,2501,10.927015,5.69381,variant_dominates
l1-n8192-zipf-w1,arity,1,8192,zipf,1,accept_static_degree,accept_static_degree,,greedy,29,1,native,ok,0,5.233205000000001,5.93698,0.5210764330423268,0.0,0.5210764330430365,2501,2501,5.69381,10.927015,baseline_dominates
l1-n8192-zipf-w1,arity,1,8192,zipf,1,accept_static_degree,accept_static_degree,,greedy,29,1,accept_id,ok,0,1.0225570000000008,0.8330660000000005,0.9064193652154774,0.8596818584532876,0.9064193652183605,2501,2501,9.904458,10.927015,baseline_dominates
l1-n8192-zipf-w1,arity,1,8192,zipf,1,accept_static_degree,accept_static_degree,,greedy,29,2,native,ok,0,5.297834,6.015941,0.5175330064937466,0.0,0.5175330064948834,2501,2501,5.682884,10.980718,baseline_dominates
l1-n8192-zipf-w1,arity,1,8192,zipf,1,accept_static_degree,accept_static_degree,,greedy,29,2,accept_id,ok,0,0.8710950000000004,0.823531,0.920670488031839,0.8631085311508208,0.9206704880334675,2501,2501,10.109623,10.980718,baseline_dominates
l1-n8192-zipf-w1,arity,1,8192,zipf,1,eas_k1_adaptive,eas,1,adaptive,29,2,native,ok,0,12.488424,13.079073,0.31273940213880036,0.0,0.312739402138085,2501,2501,5.682884,18.171308,baseline_dominates
l1-n8192-zipf-w1,arity,1,8192,zipf,1,eas_k1_adaptive,eas,1,adaptive,29,2,accept_id,ok,0,8.061685,7.8866629999999995,0.5563508691834401,0.3970013776970279,0.5563508691819294,2501,2501,10.109623,18.171308,baseline_dominates
l1-n8192-zipf-w1,arity,1,8192,zipf,1,eas_k1_adaptive,eas,1,adaptive,29,2,accept_static_degree,ok,0,7.19059,7.0631319999999995,0.6042888051867262,0.4599669257905358,0.6042888051840165,2501,2501,10.980718,18.171308,baseline_dominates
l1-n8192-zipf-w1,arity,1,8192,zipf,1,accept_id,accept_id,,greedy,29,2,native,ok,0,4.4267389999999995,5.19241,0.5621262039148245,0.0,0.5621262039150652,2501,2501,5.682884,10.109623,baseline_dominates
l1-n8192-zipf-w1,arity,1,8192,zipf,1,accept_id,accept_id,,greedy,29,2,accept_static_degree,ok,0,-0.8710950000000004,-0.823531,1.0861649341424502,1.1586028453069,1.086164934140529,2501,2501,10.980718,10.109623,variant_dominates
l1-n8192-zipf-w1,arity,1,8192,zipf,1,eas_k2_adaptive,eas,2,adaptive,29,2,native,ok,-7,11.470805,12.339966,0.33129223690600895,0.0,0.3303649895425811,2501,2494,5.682884,17.153689,baseline_dominates
l1-n8192-zipf-w1,arity,1,8192,zipf,1,eas_k2_adaptive,eas,2,adaptive,29,2,accept_id,ok,-7,7.044066000000001,7.147556000000001,0.5893556190741245,0.4207799275946141,0.5877060831565465,2501,2494,10.109623,17.153689,baseline_dominates
l1-n8192-zipf-w1,arity,1,8192,zipf,1,eas_k2_adaptive,eas,2,adaptive,29,2,accept_static_degree,ok,-7,6.172971,6.324025000000001,0.6401374071781294,0.4875168213591512,0.6383457391057187,2501,2494,10.980718,17.153689,baseline_dominates
l1-n8192-zipf-w1,arity,1,8192,zipf,1,native,native,,native,29,2,accept_id,ok,0,-4.4267389999999995,-5.19241,1.778959943577944,,1.7789599435771823,2501,2501,10.109623,5.682884,variant_dominates
l1-n8192-zipf-w1,arity,1,8192,zipf,1,native,native,,native,29,2,accept_static_degree,ok,0,-5.297834,-6.015941,1.9322439099583943,,1.9322439099541497,2501,2501,10.980718,5.682884,variant_dominates
l1-n8192-zipf-w1,arity,1,8192,zipf,1,accept_id,accept_id,,greedy,29,3,native,ok,0,4.288856999999999,5.114394,0.5742160086418467,0.0,0.5742160086426912,2501,2501,5.78399,10.072847,baseline_dominates
l1-n8192-zipf-w1,arity,1,8192,zipf,1,accept_id,accept_id,,greedy,29,3,accept_static_degree,ok,0,-0.8377510000000008,-0.8654460000000004,1.0831692370587978,1.1692177020385994,1.0831692370621882,2501,2501,10.910598,10.072847,variant_dominates
l1-n8192-zipf-w1,arity,1,8192,zipf,1,eas_k1_adaptive,eas,1,adaptive,29,3,native,ok,0,12.081167,12.787659,0.3237581399368615,0.0,0.32375813993636726,2501,2501,5.78399,17.865157,baseline_dominates
l1-n8192-zipf-w1,arity,1,8192,zipf,1,eas_k1_adaptive,eas,1,adaptive,29,3,accept_id,ok,0,7.7923100000000005,7.673265,0.5638263912262288,0.39994763701471864,0.563826391224539,2501,2501,10.072847,17.865157,baseline_dominates
l1-n8192-zipf-w1,arity,1,8192,zipf,1,eas_k1_adaptive,eas,1,adaptive,29,3,accept_static_degree,ok,0,6.954559,6.807818999999999,0.6107194020181295,0.4676258570861172,0.6107194020182107,2501,2501,10.910598,17.865157,baseline_dominates
l1-n8192-zipf-w1,arity,1,8192,zipf,1,accept_static_degree,accept_static_degree,,greedy,29,3,native,ok,0,5.126608,5.97984,0.5301258464476466,0.0,0.5301258464467669,2501,2501,5.78399,10.910598,baseline_dominates
l1-n8192-zipf-w1,arity,1,8192,zipf,1,accept_static_degree,accept_static_degree,,greedy,29,3,accept_id,ok,0,0.8377510000000008,0.8654460000000004,0.9232167659371191,0.8552727163268582,0.9232167659342294,2501,2501,10.072847,10.910598,baseline_dominates
l1-n8192-zipf-w1,arity,1,8192,zipf,1,native,native,,native,29,3,accept_id,ok,0,-4.288856999999999,-5.114394,1.7415049126986732,,1.7415049126961126,2501,2501,10.072847,5.78399,variant_dominates
l1-n8192-zipf-w1,arity,1,8192,zipf,1,native,native,,native,29,3,accept_static_degree,ok,0,-5.126608,-5.97984,1.8863445476219702,,1.8863445476251006,2501,2501,10.910598,5.78399,variant_dominates
l1-n8192-zipf-w1,arity,1,8192,zipf,1,eas_k2_adaptive,eas,2,adaptive,29,3,native,ok,-7,11.650901000000001,12.363758,0.3317479874121381,0.0,0.33081946445633464,2501,2494,5.78399,17.434891,baseline_dominates
l1-n8192-zipf-w1,arity,1,8192,zipf,1,eas_k2_adaptive,eas,2,adaptive,29,3,accept_id,ok,-7,7.362044000000001,7.249364000000001,0.5777407498561361,0.4136601509023389,0.5761237225662038,2501,2494,10.072847,17.434891,baseline_dominates
l1-n8192-zipf-w1,arity,1,8192,zipf,1,eas_k2_adaptive,eas,2,adaptive,29,3,accept_static_degree,ok,-7,6.524293,6.383918,0.6257910072394488,0.4836587710629729,0.6240394930254627,2501,2494,10.910598,17.434891,baseline_dominates
l1-n8192-zipf-w1,arity,1,8192,zipf,1,accept_static_degree,accept_static_degree,,greedy,47,1,native,ok,0,5.4800249999999995,6.044548,0.5044710433368841,0.0,0.5044710433354569,2481,2481,5.578915,11.05894,baseline_dominates
l1-n8192-zipf-w1,arity,1,8192,zipf,1,accept_static_degree,accept_static_degree,,greedy,47,1,accept_id,ok,0,0.8569960000000005,0.9105059999999998,0.9225064970060421,0.8493673968673919,0.9225064970032414,2481,2481,10.201944,11.05894,baseline_dominates
l1-n8192-zipf-w1,arity,1,8192,zipf,1,eas_k2_adaptive,eas,2,adaptive,47,1,native,ok,-3,11.818246,12.35413,0.3206796212324528,0.0,0.3202918586919076,2481,2478,5.578915,17.397161,baseline_dominates
l1-n8192-zipf-w1,arity,1,8192,zipf,1,eas_k2_adaptive,eas,2,adaptive,47,1,accept_id,ok,-3,7.195217000000001,7.220088,0.5864143005861703,0.41557292986232136,0.5857052143705502,2481,2478,10.201944,17.397161,baseline_dominates
l1-n8192-zipf-w1,arity,1,8192,zipf,1,eas_k2_adaptive,eas,2,adaptive,47,1,accept_static_degree,ok,-3,6.338221000000001,6.309582,0.635674981682356,0.4892734656345692,0.6349063299534596,2481,2478,11.05894,17.397161,baseline_dominates
l1-n8192-zipf-w1,arity,1,8192,zipf,1,native,native,,native,47,1,accept_id,ok,0,-4.623028999999999,-5.134042,1.828660949306451,,1.8286609493060726,2481,2481,10.201944,5.578915,variant_dominates
l1-n8192-zipf-w1,arity,1,8192,zipf,1,native,native,,native,47,1,accept_static_degree,ok,0,-5.4800249999999995,-6.044548,1.9822743311199398,,1.982274331125548,2481,2481,11.05894,5.578915,variant_dominates
l1-n8192-zipf-w1,arity,1,8192,zipf,1,eas_k1_adaptive,eas,1,adaptive,47,1,native,ok,0,12.145442000000001,12.785232,0.3147597963638399,0.0,0.3147597963645177,2481,2481,5.578915,17.724357,baseline_dominates
l1-n8192-zipf-w1,arity,1,8192,zipf,1,eas_k1_adaptive,eas,1,adaptive,47,1,accept_id,ok,0,7.522413000000002,7.651190000000001,0.5755889480222046,0.40156033148244785,0.575588948023325,2481,2481,10.201944,17.724357,baseline_dominates
l1-n8192-zipf-w1,arity,1,8192,zipf,1,eas_k1_adaptive,eas,1,adaptive,47,1,accept_static_degree,ok,0,6.6654170000000015,6.740684000000001,0.6239402648005792,0.47277577755335215,0.623940264803688,2481,2481,11.05894,17.724357,baseline_dominates
l1-n8192-zipf-w1,arity,1,8192,zipf,1,accept_id,accept_id,,greedy,47,1,native,ok,0,4.623028999999999,5.134042,0.546848228141617,0.0,0.5468482281417302,2481,2481,5.578915,10.201944,baseline_dominates
l1-n8192-zipf-w1,arity,1,8192,zipf,1,accept_id,accept_id,,greedy,47,1,accept_static_degree,ok,0,-0.8569960000000005,-0.9105059999999998,1.084003205663548,1.1773468156279203,1.0840032056668392,2481,2481,11.05894,10.201944,variant_dominates
l1-n8192-zipf-w1,arity,1,8192,zipf,1,accept_id,accept_id,,greedy,47,2,native,ok,0,4.45071,5.140252,0.5577757302913952,0.0,0.5577757302921391,2481,2481,5.613663,10.064373,baseline_dominates
l1-n8192-zipf-w1,arity,1,8192,zipf,1,accept_id,accept_id,,greedy,47,2,accept_static_degree,ok,0,-1.0684660000000008,-0.8956539999999995,1.1061631956605742,1.1742432083096315,1.106163195661712,2481,2481,11.132839,10.064373,variant_dominates
l1-n8192-zipf-w1,arity,1,8192,zipf,1,eas_k1_adaptive,eas,1,adaptive,47,2,native,ok,0,12.082182,12.714977,0.31723057022707873,0.0,0.3172305702280405,2481,2481,5.613663,17.695845,baseline_dominates
l1-n8192-zipf-w1,arity,1,8192,zipf,1,eas_k1_adaptive,eas,1,adaptive,47,2,accept_id,ok,0,7.631471999999999,7.574724999999999,0.5687421538784952,0.4042675028039768,0.568742153879461,2481,2481,10.064373,17.695845,baseline_dominates
l1-n8192-zipf-w1,arity,1,8192,zipf,1,eas_k1_adaptive,eas,1,adaptive,47,2,accept_static_degree,ok,0,6.563005999999998,6.6790709999999995,0.6291216384411144,0.47470836950786466,0.6291216384428296,2481,2481,11.132839,17.695845,baseline_dominates
l1-n8192-zipf-w1,arity,1,8192,zipf,1,accept_static_degree,accept_static_degree,,greedy,47,2,native,ok,0,5.519176000000001,6.035906,0.5042436165653702,0.0,0.5042436165655242,2481,2481,5.613663,11.132839,baseline_dominates
l1-n8192-zipf-w1,arity,1,8192,zipf,1,accept_static_degree,accept_static_degree,,greedy,47,2,accept_id,ok,0,1.0684660000000008,0.8956539999999995,0.9040257386278557,0.8516123345857276,0.904025738626926,2481,2481,10.064373,11.132839,baseline_dominates
l1-n8192-zipf-w1,arity,1,8192,zipf,1,eas_k2_adaptive,eas,2,adaptive,47,2,native,ok,-3,11.82554,12.359585,0.32189905696951865,0.0,0.3215098198995842,2481,2478,5.613663,17.439203,baseline_dominates
l1-n8192-zipf-w1,arity,1,8192,zipf,1,eas_k2_adaptive,eas,2,adaptive,47,2,accept_id,ok,-3,7.374829999999999,7.219332999999999,0.5771119815509917,0.41589195753740926,0.5764141436042604,2481,2478,10.064373,17.439203,baseline_dominates
l1-n8192-zipf-w1,arity,1,8192,zipf,1,eas_k2_adaptive,eas,2,adaptive,47,2,accept_static_degree,ok,-3,6.3063639999999985,6.323678999999999,0.6383800337664515,0.48835830652890044,0.6376081111138975,2481,2478,11.132839,17.439203,baseline_dominates
l1-n8192-zipf-w1,arity,1,8192,zipf,1,native,native,,native,47,2,accept_id,ok,0,-4.45071,-5.140252,1.7928352663848899,,1.7928352663824987,2481,2481,10.064373,5.613663,variant_dominates
l1-n8192-zipf-w1,arity,1,8192,zipf,1,native,native,,native,47,2,accept_static_degree,ok,0,-5.519176000000001,-6.035906,1.9831683875572867,,1.9831683875566812,2481,2481,11.132839,5.613663,variant_dominates
l1-n8192-zipf-w1,arity,1,8192,zipf,1,accept_static_degree,accept_static_degree,,greedy,47,3,native,ok,0,5.146989,5.951159,0.5228088935929239,0.0,0.5228088935934468,2481,2481,5.639023,10.786012,baseline_dominates
l1-n8192-zipf-w1,arity,1,8192,zipf,1,accept_static_degree,accept_static_degree,,greedy,47,3,accept_id,ok,0,0.5593109999999992,0.7723469999999999,0.94814478233475,0.8702190615307035,0.9481447823329624,2481,2481,10.226701,10.786012,baseline_dominates
l1-n8192-zipf-w1,arity,1,8192,zipf,1,eas_k1_adaptive,eas,1,adaptive,47,3,native,ok,0,12.271839000000002,12.824541,0.3148381691512111,0.0,0.3148381691525815,2481,2481,5.639023,17.910862,baseline_dominates
l1-n8192-zipf-w1,arity,1,8192,zipf,1,eas_k1_adaptive,eas,1,adaptive,47,3,accept_id,ok,0,7.684161000000001,7.645729,0.570977600073073,0.4038204564202337,0.5709776000739106,2481,2481,10.226701,17.910862,baseline_dominates
l1-n8192-zipf-w1,arity,1,8192,zipf,1,eas_k1_adaptive,eas,1,adaptive,47,3,accept_static_degree,ok,0,7.124850000000002,6.873382,0.6022050753336159,0.46404460011473314,0.6022050753356347,2481,2481,10.786012,17.910862,baseline_dominates
l1-n8192-zipf-w1,arity,1,8192,zipf,1,accept_id,accept_id,,greedy,47,3,native,ok,0,4.587678,5.178812,0.5514019623728121,0.0,0.5514019623744032,2481,2481,5.639023,10.226701,baseline_dominates
l1-n8192-zipf-w1,arity,1,8192,zipf,1,accept_id,accept_id,,greedy,47,3,accept_static_degree,ok,0,-0.5593109999999992,-0.7723469999999999,1.054691244028744,1.1491359408296729,1.0546912440307323,2481,2481,10.786012,10.226701,variant_dominates
l1-n8192-zipf-w1,arity,1,8192,zipf,1,eas_k2_adaptive,eas,2,adaptive,47,3,native,ok,-3,11.778235,12.385475,0.3237606631307867,0.0,0.32336917502609386,2481,2478,5.639023,17.417258,baseline_dominates
l1-n8192-zipf-w1,arity,1,8192,zipf,1,eas_k2_adaptive,eas,2,adaptive,47,3,accept_id,ok,-3,7.190557,7.206663,0.5871590694700624,0.4181359213110519,0.5864490826866615,2481,2478,10.226701,17.417258,baseline_dominates
l1-n8192-zipf-w1,arity,1,8192,zipf,1,eas_k2_adaptive,eas,2,adaptive,47,3,accept_static_degree,ok,-3,6.631246000000001,6.434316,0.6192715294221398,0.48049501533045763,0.6185227125794769,2481,2478,10.786012,17.417258,baseline_dominates
l1-n8192-zipf-w1,arity,1,8192,zipf,1,native,native,,native,47,3,accept_id,ok,0,-4.587678,-5.178812,1.8135590154535637,,1.8135590154483303,2481,2481,10.226701,5.639023,variant_dominates
l1-n8192-zipf-w1,arity,1,8192,zipf,1,native,native,,native,47,3,accept_static_degree,ok,0,-5.146989,-5.951159,1.912744814128263,,1.9127448141263494,2481,2481,10.786012,5.639023,variant_dominates
l1-n8192-zipf-w1,arity,1,8192,zipf,1,accept_static_degree,accept_static_degree,,greedy,71,1,native,ok,0,5.395675000000001,6.024948,0.5137821681394956,0.0,0.5137821681380607,2573,2573,5.701563,11.097238,baseline_dominates
l1-n8192-zipf-w1,arity,1,8192,zipf,1,accept_static_degree,accept_static_degree,,greedy,71,1,accept_id,ok,0,0.8366790000000002,0.8412940000000004,0.9246047530025039,0.8603649359297374,0.9246047530007794,2573,2573,10.260559,11.097238,baseline_dominates
l1-n8192-zipf-w1,arity,1,8192,zipf,1,accept_id,accept_id,,greedy,71,1,native,ok,0,4.5589960000000005,5.183654,0.5556776195137126,0.0,0.5556776195131972,2573,2573,5.701563,10.260559,baseline_dominates
l1-n8192-zipf-w1,arity,1,8192,zipf,1,accept_id,accept_id,,greedy,71,1,accept_static_degree,ok,0,-0.8366790000000002,-0.8412940000000004,1.0815432180644349,1.1622974835897613,1.0815432180664521,2573,2573,11.097238,10.260559,variant_dominates
l1-n8192-zipf-w1,arity,1,8192,zipf,1,eas_k2_adaptive,eas,2,adaptive,71,1,native,ok,-1,12.016876,12.510256,0.3217869813475104,0.0,0.3216619183925062,2573,2572,5.701563,17.718439,baseline_dominates
l1-n8192-zipf-w1,arity,1,8192,zipf,1,eas_k2_adaptive,eas,2,adaptive,71,1,accept_id,ok,-1,7.457879999999999,7.326602,0.5790893317407928,0.4143523521820816,0.5788642678722583,2573,2572,10.260559,17.718439,baseline_dominates
l1-n8192-zipf-w1,arity,1,8192,zipf,1,eas_k2_adaptive,eas,2,adaptive,71,1,accept_static_degree,ok,-1,6.621200999999999,6.485308,0.6263101393977202,0.481600696260732,0.626066723098243,2573,2572,11.097238,17.718439,baseline_dominates
l1-n8192-zipf-w1,arity,1,8192,zipf,1,native,native,,native,71,1,accept_id,ok,0,-4.5589960000000005,-5.183654,1.799604599651008,,1.7996045996526775,2573,2573,10.260559,5.701563,variant_dominates
l1-n8192-zipf-w1,arity,1,8192,zipf,1,native,native,,native,71,1,accept_static_degree,ok,0,-5.395675000000001,-6.024948,1.9463501499501104,,1.946350149955546,2573,2573,11.097238,5.701563,variant_dominates
l1-n8192-zipf-w1,arity,1,8192,zipf,1,eas_k1_adaptive,eas,1,adaptive,71,1,native,ok,0,12.19068,12.832278,0.3186611650646596,0.0,0.31866116506453807,2573,2573,5.701563,17.892243,baseline_dominates
l1-n8192-zipf-w1,arity,1,8192,zipf,1,eas_k1_adaptive,eas,1,adaptive,71,1,accept_id,ok,0,7.631684,7.648624000000001,0.5734640983805105,0.4039543095933551,0.5734640983808238,2573,2573,10.260559,17.892243,baseline_dominates
l1-n8192-zipf-w1,arity,1,8192,zipf,1,eas_k1_adaptive,eas,1,adaptive,71,1,accept_static_degree,ok,0,6.795005,6.80733,0.620226206406877,0.469515077525596,0.6202262064083727,2573,2573,11.097238,17.892243,baseline_dominates
l1-n8192-zipf-w1,arity,1,8192,zipf,1,accept_static_degree,accept_static_degree,,greedy,71,2,native,ok,0,5.352076,6.045377,0.5167902616924578,0.0,0.5167902616922992,2573,2573,5.724017,11.076093,baseline_dominates
l1-n8192-zipf-w1,arity,1,8192,zipf,1,accept_static_degree,accept_static_degree,,greedy,71,2,accept_id,ok,0,0.9535599999999995,0.8779120000000002,0.9139082707232596,0.854779610932453,0.9139082707219663,2573,2573,10.122533,11.076093,baseline_dominates
l1-n8192-zipf-w1,arity,1,8192,zipf,1,eas_k1_adaptive,eas,1,adaptive,71,2,native,ok,0,12.350403,12.916406,0.31669160061567675,0.0,0.3166916006154167,2573,2573,5.724017,18.07442,baseline_dominates
l1-n8192-zipf-w1,arity,1,8192,zipf,1,eas_k1_adaptive,eas,1,adaptive,71,2,accept_id,ok,0,7.951886999999999,7.748941,0.5600474593375611,0.4000698801199033,0.5600474593364805,2573,2573,10.122533,18.07442,baseline_dominates
l1-n8192-zipf-w1,arity,1,8192,zipf,1,eas_k1_adaptive,eas,1,adaptive,71,2,accept_static_degree,ok,0,6.998327,6.871029,0.6128048922178416,0.4680386324183368,0.6128048922175264,2573,2573,11.076093,18.07442,baseline_dominates
l1-n8192-zipf-w1,arity,1,8192,zipf,1,accept_id,accept_id,,greedy,71,2,native,ok,0,4.398516000000001,5.167465,0.565472792234908,0.0,0.5654727922355346,2573,2573,5.724017,10.122533,baseline_dominates
l1-n8192-zipf-w1,arity,1,8192,zipf,1,accept_id,accept_id,,greedy,71,2,accept_static_degree,ok,0,-0.9535599999999995,-0.8779120000000002,1.0942017180877552,1.169892200527725,1.0942017180893038,2573,2573,11.076093,10.122533,variant_dominates
l1-n8192-zipf-w1,arity,1,8192,zipf,1,native,native,,native,71,2,accept_id,ok,0,-4.398516000000001,-5.167465,1.7684316800596505,,1.7684316800576907,2573,2573,10.122533,5.724017,variant_dominates
l1-n8192-zipf-w1,arity,1,8192,zipf,1,native,native,,native,71,2,accept_static_degree,ok,0,-5.352076,-6.045377,1.9350209826420852,,1.935020982642679,2573,2573,11.076093,5.724017,variant_dominates
l1-n8192-zipf-w1,arity,1,8192,zipf,1,eas_k2_adaptive,eas,2,adaptive,71,2,native,ok,-1,11.792829999999999,12.455975,0.32677210687516994,0.0,0.3266451064460839,2573,2572,5.724017,17.516847,baseline_dominates
l1-n8192-zipf-w1,arity,1,8192,zipf,1,eas_k2_adaptive,eas,2,adaptive,71,2,accept_id,ok,-1,7.394313999999998,7.2885100000000005,0.5778741459578886,0.41485833104192965,0.5776495543750714,2573,2572,10.122533,17.516847,baseline_dominates
l1-n8192-zipf-w1,arity,1,8192,zipf,1,eas_k2_adaptive,eas,2,adaptive,71,2,accept_static_degree,ok,-1,6.440753999999998,6.410598,0.6323108833456159,0.4853395258099025,0.6320651348507238,2573,2572,11.076093,17.516847,baseline_dominates
l1-n8192-zipf-w1,arity,1,8192,zipf,1,accept_id,accept_id,,greedy,71,3,native,ok,0,4.448844000000001,5.123649,0.5595248880135182,0.0,0.5595248880128779,2573,2573,5.651259,10.100103,baseline_dominates
l1-n8192-zipf-w1,arity,1,8192,zipf,1,accept_id,accept_id,,greedy,71,3,accept_static_degree,ok,0,-1.0341419999999992,-0.874962,1.1023892528620747,1.1707693091388578,1.1023892528612977,2573,2573,11.134245,10.100103,variant_dominates
l1-n8192-zipf-w1,arity,1,8192,zipf,1,eas_k2_adaptive,eas,2,adaptive,71,3,native,ok,-1,11.825142,12.495581,0.32336514823618434,0.0,0.3232394719261154,2573,2572,5.651259,17.476401,baseline_dominates
l1-n8192-zipf-w1,arity,1,8192,zipf,1,eas_k2_adaptive,eas,2,adaptive,71,3,accept_id,ok,-1,7.3762979999999985,7.371931999999999,0.5779280871387651,0.41003687623648716,0.5777034745926722,2573,2572,10.100103,17.476401,baseline_dominates
l1-n8192-zipf-w1,arity,1,8192,zipf,1,eas_k2_adaptive,eas,2,adaptive,71,3,accept_static_degree,ok,-1,6.342155999999999,6.496969999999999,0.6371017121889112,0.4800585903128474,0.6368541017315915,2573,2572,11.134245,17.476401,baseline_dominates
l1-n8192-zipf-w1,arity,1,8192,zipf,1,eas_k1_adaptive,eas,1,adaptive,71,3,native,ok,0,12.549164000000001,12.974842,0.3105015196624825,0.0,0.31050151966164996,2573,2573,5.651259,18.200423,baseline_dominates
l1-n8192-zipf-w1,arity,1,8192,zipf,1,eas_k1_adaptive,eas,1,adaptive,71,3,accept_id,ok,0,8.10032,7.851193,0.5549378165551427,0.39489105146713926,0.5549378165542896,2573,2573,10.100103,18.200423,baseline_dominates
l1-n8192-zipf-w1,arity,1,8192,zipf,1,eas_k1_adaptive,eas,1,adaptive,71,3,accept_static_degree,ok,0,7.066178000000001,6.976231,0.6117574849771349,0.4623263235112998,0.6117574849757632,2573,2573,11.134245,18.200423,baseline_dominates
l1-n8192-zipf-w1,arity,1,8192,zipf,1,native,native,,native,71,3,accept_id,ok,0,-4.448844000000001,-5.123649,1.7872305976420477,,1.7872305976440928,2573,2573,10.100103,5.651259,variant_dominates
l1-n8192-zipf-w1,arity,1,8192,zipf,1,native,native,,native,71,3,accept_static_degree,ok,0,-5.482986,-5.998611,1.9702238032268564,,1.970223803227722,2573,2573,11.134245,5.651259,variant_dominates
l1-n8192-zipf-w1,arity,1,8192,zipf,1,accept_static_degree,accept_static_degree,,greedy,71,3,native,ok,0,5.482986,5.998611,0.5075565518811558,0.0,0.5075565518809327,2573,2573,5.651259,11.134245,baseline_dominates
l1-n8192-zipf-w1,arity,1,8192,zipf,1,accept_static_degree,accept_static_degree,,greedy,71,3,accept_id,ok,0,1.0341419999999992,0.874962,0.9071205995556951,0.8541392332324933,0.9071205995563345,2573,2573,10.100103,11.134245,baseline_dominates
l1-n8192-zipf-w1,arity,1,8192,zipf,1,native,native,,native,101,1,accept_id,ok,0,-4.6579690000000005,-5.175605,1.8318883240535555,,1.83188832404939,2485,2485,10.257241,5.599272,variant_dominates
l1-n8192-zipf-w1,arity,1,8192,zipf,1,native,native,,native,101,1,accept_static_degree,ok,0,-5.2480780000000005,-6.051511,1.9372786319364375,,1.937278631931429,2485,2485,10.84735,5.599272,variant_dominates
l1-n8192-zipf-w1,arity,1,8192,zipf,1,accept_static_degree,accept_static_degree,,greedy,101,1,native,ok,0,5.2480780000000005,6.051511,0.5161880090529023,0.0,0.5161880090542369,2485,2485,5.599272,10.84735,baseline_dominates
l1-n8192-zipf-w1,arity,1,8192,zipf,1,accept_static_degree,accept_static_degree,,greedy,101,1,accept_id,ok,0,0.590109,0.8759059999999996,0.9455987868004628,0.8552582982993835,0.9455987868007573,2485,2485,10.257241,10.84735,baseline_dominates
l1-n8192-zipf-w1,arity,1,8192,zipf,1,eas_k2_adaptive,eas,2,adaptive,101,1,native,ok,-3,11.923636000000002,12.50471,0.3195401128625454,0.0,0.3191543501515898,2485,2482,5.599272,17.522908,baseline_dominates
l1-n8192-zipf-w1,arity,1,8192,zipf,1,eas_k2_adaptive,eas,2,adaptive,101,1,accept_id,ok,-3,7.2656670000000005,7.329104999999999,0.5853618018196522,0.41389244532660097,0.584655127612268,2485,2482,10.257241,17.522908,baseline_dominates
l1-n8192-zipf-w1,arity,1,8192,zipf,1,eas_k2_adaptive,eas,2,adaptive,101,1,accept_static_degree,ok,-3,6.6755580000000005,6.453199,0.6190382326951668,0.48393853196115705,0.6182909028366362,2485,2482,10.84735,17.522908,baseline_dominates
l1-n8192-zipf-w1,arity,1,8192,zipf,1,accept_id,accept_id,,greedy,101,1,native,ok,0,4.6579690000000005,5.175605,0.5458848046955317,0.0,0.545884804696773,2485,2485,5.599272,10.257241,baseline_dominates
l1-n8192-zipf-w1,arity,1,8192,zipf,1,accept_id,accept_id,,greedy,101,1,accept_static_degree,ok,0,-0.590109,-0.8759059999999996,1.057530967635449,1.1692374128242011,1.0575309676351197,2485,2485,10.84735,10.257241,variant_dominates
l1-n8192-zipf-w1,arity,1,8192,zipf,1,eas_k1_adaptive,eas,1,adaptive,101,1,native,ok,0,12.467166000000002,12.942694,0.30992672711687824,0.0,0.30992672711769903,2485,2485,5.599272,18.066438,baseline_dominates
l1-n8192-zipf-w1,arity,1,8192,zipf,1,eas_k1_adaptive,eas,1,adaptive,101,1,accept_id,ok,0,7.809197000000001,7.7670889999999995,0.5677511527175417,0.399886221523896,0.5677511527177542,2485,2485,10.257241,18.066438,baseline_dominates
l1-n8192-zipf-w1,arity,1,8192,zipf,1,eas_k1_adaptive,eas,1,adaptive,101,1,accept_static_degree,ok,0,7.219088000000001,6.891183,0.6004144259095234,0.4675619310786456,0.6004144259095613,2485,2485,10.84735,18.066438,baseline_dominates
l1-n8192-zipf-w1,arity,1,8192,zipf,1,accept_static_degree,accept_static_degree,,greedy,101,2,native,ok,0,5.525249,6.129197,0.5002367549939928,0.0,0.5002367549947551,2485,2485,5.530484,11.055733,baseline_dominates
l1-n8192-zipf-w1,arity,1,8192,zipf,1,accept_static_degree,accept_static_degree,,greedy,101,2,accept_id,ok,0,0.7983689999999992,0.8558639999999995,0.927786877631723,0.8603627848803033,0.9277868776345972,2485,2485,10.257364,11.055733,baseline_dominates
l1-n8192-zipf-w1,arity,1,8192,zipf,1,accept_id,accept_id,,greedy,101,2,native,ok,0,4.72688,5.273333,0.5391720523908482,0.0,0.5391720523899994,2485,2485,5.530484,10.257364,baseline_dominates
l1-n8192-zipf-w1,arity,1,8192,zipf,1,accept_id,accept_id,,greedy,101,2,accept_static_degree,ok,0,-0.7983689999999992,-0.8558639999999995,1.0778337397405415,1.1623003895259412,1.0778337397372022,2485,2485,11.055733,10.257364,variant_dominates
l1-n8192-zipf-w1,arity,1,8192,zipf,1,native,native,,native,101,2,accept_id,ok,0,-4.72688,-5.273333,1.8546955384013406,,1.8546955384042603,2485,2485,10.257364,5.530484,variant_dominates
l1-n8192-zipf-w1,arity,1,8192,zipf,1,native,native,,native,101,2,accept_static_degree,ok,0,-5.525249,-6.129197,1.999053428235214,,1.9990534282321677,2485,2485,11.055733,5.530484,variant_dominates
l1-n8192-zipf-w1,arity,1,8192,zipf,1,eas_k1_adaptive,eas,1,adaptive,101,2,native,ok,0,12.325147999999999,12.88865,0.3097333099158854,0.0,0.30973330991676523,2485,2485,5.530484,17.855632,baseline_dominates
l1-n8192-zipf-w1,arity,1,8192,zipf,1,eas_k1_adaptive,eas,1,adaptive,101,2,accept_id,ok,0,7.598267999999999,7.615317,0.5744609879952723,0.40914548847241566,0.5744609879978085,2485,2485,10.257364,17.855632,baseline_dominates
l1-n8192-zipf-w1,arity,1,8192,zipf,1,eas_k1_adaptive,eas,1,adaptive,101,2,accept_static_degree,ok,0,6.799899,6.759453000000001,0.6191734350259906,0.47554996062427013,0.619173435026806,2485,2485,11.055733,17.855632,baseline_dominates
l1-n8192-zipf-w1,arity,1,8192,zipf,1,eas_k2_adaptive,eas,2,adaptive,101,2,native,ok,-3,12.074005,12.500061,0.3141519188656939,0.0,0.3137726610149983,2485,2482,5.530484,17.604489,baseline_dominates
l1-n8192-zipf-w1,arity,1,8192,zipf,1,eas_k2_adaptive,eas,2,adaptive,101,2,accept_id,ok,-3,7.347125,7.2267280000000005,0.5826561623004224,0.42186458130084326,0.5819527544577497,2485,2482,10.257364,17.604489,baseline_dominates
l1-n8192-zipf-w1,arity,1,8192,zipf,1,eas_k2_adaptive,eas,2,adaptive,101,2,accept_static_degree,ok,-3,6.548756000000001,6.370864000000001,0.6280064703951361,0.49033336717316817,0.6272483136875622,2485,2482,11.055733,17.604489,baseline_dominates
l1-n8192-zipf-w1,arity,1,8192,zipf,1,accept_static_degree,accept_static_degree,,greedy,101,3,native,ok,0,5.538829000000001,6.101379,0.5056056887717166,0.0,0.5056056887723679,2485,2485,5.664433,11.203262,baseline_dominates
l1-n8192-zipf-w1,arity,1,8192,zipf,1,accept_static_degree,accept_static_degree,,greedy,101,3,accept_id,ok,0,0.9972510000000003,0.8388159999999996,0.9109856575700899,0.8625202597642271,0.91098565757271,2485,2485,10.206011,11.203262,baseline_dominates
l1-n8192-zipf-w1,arity,1,8192,zipf,1,eas_k2_adaptive,eas,2,adaptive,101,3,native,ok,-3,11.923835,12.517927,0.3220574646690624,0.0,0.32166866290072105,2485,2482,5.664433,17.588268,baseline_dominates
l1-n8192-zipf-w1,arity,1,8192,zipf,1,eas_k2_adaptive,eas,2,adaptive,101,3,accept_id,ok,-3,7.382256999999999,7.255364,0.5802737938721425,0.42040211610117234,0.579573262129725,2485,2482,10.206011,17.588268,baseline_dominates
l1-n8192-zipf-w1,arity,1,8192,zipf,1,eas_k2_adaptive,eas,2,adaptive,101,3,accept_static_degree,ok,-3,6.385005999999999,6.416548000000001,0.6369735780691994,0.4874112942182839,0.6362045958813206,2485,2482,11.203262,17.588268,baseline_dominates
l1-n8192-zipf-w1,arity,1,8192,zipf,1,accept_id,accept_id,,greedy,101,3,native,ok,0,4.541578,5.262563,0.5550094939149095,0.0,0.5550094939140281,2485,2485,5.664433,10.206011,baseline_dominates
l1-n8192-zipf-w1,arity,1,8192,zipf,1,accept_id,accept_id,,greedy,101,3,accept_static_degree,ok,0,-0.9972510000000003,-0.8388159999999996,1.0977121227872477,1.159393056197142,1.0977121227840905,2485,2485,11.203262,10.206011,variant_dominates
l1-n8192-zipf-w1,arity,1,8192,zipf,1,native,native,,native,101,3,accept_id,ok,0,-4.541578,-5.262563,1.8017709804317574,,1.8017709804346187,2485,2485,10.206011,5.664433,variant_dominates
l1-n8192-zipf-w1,arity,1,8192,zipf,1,native,native,,native,101,3,accept_static_degree,ok,0,-5.538829000000001,-6.101379,1.9778258477062047,,1.9778258477036572,2485,2485,11.203262,5.664433,variant_dominates
l1-n8192-zipf-w1,arity,1,8192,zipf,1,eas_k1_adaptive,eas,1,adaptive,101,3,native,ok,0,12.305150000000001,12.832065,0.31522339722630177,0.0,0.3152233972258006,2485,2485,5.664433,17.969583,baseline_dominates
l1-n8192-zipf-w1,arity,1,8192,zipf,1,eas_k1_adaptive,eas,1,adaptive,101,3,accept_id,ok,0,7.763572,7.569502,0.567960369475463,0.4101103758436386,0.5679603694754621,2485,2485,10.206011,17.969583,baseline_dominates
l1-n8192-zipf-w1,arity,1,8192,zipf,1,eas_k1_adaptive,eas,1,adaptive,101,3,accept_static_degree,ok,0,6.766321,6.730686,0.6234569828359401,0.47547912202751463,0.6234569828341459,2485,2485,11.203262,17.969583,baseline_dominates
l3-n8192-uniform-w1,arity,3,8192,uniform,1,eas_k1_adaptive,eas,1,adaptive,11,1,native,ok,1076,47.464933,47.320016,0.1710600980094237,0.0,0.33265857514589386,1139,2215,9.794867,57.2598,extra_commits_extra_time
l3-n8192-uniform-w1,arity,3,8192,uniform,1,eas_k1_adaptive,eas,1,adaptive,11,1,accept_id,ok,259,39.242357999999996,38.431786,0.3146612806890698,0.18783235407190055,0.35632655251712614,1956,2215,18.017442,57.2598,extra_commits_extra_time
l3-n8192-uniform-w1,arity,3,8192,uniform,1,eas_k1_adaptive,eas,1,adaptive,11,1,accept_static_degree,ok,-59,8.150151000000001,7.764797999999999,0.8576636488426435,0.8359088044264398,0.8354111619105226,2274,2215,49.109649,57.2598,baseline_dominates
l3-n8192-uniform-w1,arity,3,8192,uniform,1,accept_static_degree,accept_static_degree,,greedy,11,1,native,ok,1135,39.314781999999994,39.555218,0.19944893110516837,0.0,0.3981974269832937,1139,2274,9.794867,49.109649,extra_commits_extra_time
l3-n8192-uniform-w1,arity,3,8192,uniform,1,accept_static_degree,accept_static_degree,,greedy,11,1,accept_id,ok,318,31.092207,30.666988000000003,0.366881913572626,0.22470436138160077,0.426528359642974,1956,2274,18.017442,49.109649,extra_commits_extra_time
l3-n8192-uniform-w1,arity,3,8192,uniform,1,accept_id,accept_id,,greedy,11,1,native,ok,817,8.222574999999999,8.88823,0.543632497887325,0.0,0.9335778453667307,1139,1956,9.794867,18.017442,extra_commits_extra_time
l3-n8192-uniform-w1,arity,3,8192,uniform,1,accept_id,accept_id,,greedy,11,1,accept_static_degree,ok,-318,-31.092207,-30.666988000000003,2.7256726565291567,4.450291902887302,2.3445099895281314,2274,1956,49.109649,18.017442,tradeoff_or_tie
l3-n8192-uniform-w1,arity,3,8192,uniform,1,eas_k2_adaptive,eas,2,adaptive,11,1,native,ok,1075,46.752278000000004,46.658343,0.17321594220185652,0.0,0.33669894296382674,1139,2214,9.794867,56.547145,extra_commits_extra_time
l3-n8192-uniform-w1,arity,3,8192,uniform,1,eas_k2_adaptive,eas,2,adaptive,11,1,accept_id,ok,258,38.529703,37.770113,0.3186269085733683,0.19049604912030416,0.36065438424319474,1956,2214,18.017442,56.547145,extra_commits_extra_time
l3-n8192-uniform-w1,arity,3,8192,uniform,1,eas_k2_adaptive,eas,2,adaptive,11,1,accept_static_degree,ok,-60,7.437496000000003,7.103124999999999,0.8684726523328454,0.8477630249321113,0.8455578066252872,2274,2214,49.109649,56.547145,baseline_dominates
l3-n8192-uniform-w1,arity,3,8192,uniform,1,native,native,,native,11,1,accept_id,ok,-817,-8.222574999999999,-8.88823,1.8394779633046574,,1.0711479551093857,1956,1139,18.017442,9.794867,tradeoff_or_tie
l3-n8192-uniform-w1,arity,3,8192,uniform,1,native,native,,native,11,1,accept_static_degree,ok,-1135,-39.314781999999994,-39.555218,5.013814786867448,,2.5113170810165855,2274,1139,49.109649,9.794867,tradeoff_or_tie
l3-n8192-uniform-w1,arity,3,8192,uniform,1,eas_k2_adaptive,eas,2,adaptive,11,2,native,ok,1075,47.050261,47.02235,0.174657429476842,0.0,0.3395009208632408,1139,2214,9.956687,57.006948,extra_commits_extra_time
l3-n8192-uniform-w1,arity,3,8192,uniform,1,eas_k2_adaptive,eas,2,adaptive,11,2,accept_id,ok,258,38.962120999999996,38.090296,0.31653732804639884,0.189953373236344,0.3582891841990586,1956,2214,18.044827,57.006948,extra_commits_extra_time
l3-n8192-uniform-w1,arity,3,8192,uniform,1,eas_k2_adaptive,eas,2,adaptive,11,2,accept_static_degree,ok,-60,7.479191,7.255415000000006,0.868802115138667,0.8457028413084415,0.8458785764809198,2274,2214,49.527757,57.006948,baseline_dominates
l3-n8192-uniform-w1,arity,3,8192,uniform,1,eas_k1_adaptive,eas,1,adaptive,11,2,native,ok,1076,47.397039,47.392782,0.1736013977540012,0.0,0.33760061108596334,1139,2215,9.956687,57.353726,extra_commits_extra_time
l3-n8192-uniform-w1,arity,3,8192,uniform,1,eas_k1_adaptive,eas,1,adaptive,11,2,accept_id,ok,259,39.308899,38.460727999999996,0.3146234474809884,0.18846865752679387,0.35628370969815,1956,2215,18.044827,57.353726,extra_commits_extra_time
l3-n8192-uniform-w1,arity,3,8192,uniform,1,eas_k1_adaptive,eas,1,adaptive,11,2,accept_static_degree,ok,-59,7.825969000000001,7.625847,0.8635490743879483,0.8390926491717663,0.8411438873225251,2274,2215,49.527757,57.353726,baseline_dominates
l3-n8192-uniform-w1,arity,3,8192,uniform,1,accept_static_degree,accept_static_degree,,greedy,11,2,native,ok,1135,39.57107,39.766935,0.2010324634729572,0.0,0.40135893058747873,1139,2274,9.956687,49.527757,extra_commits_extra_time
l3-n8192-uniform-w1,arity,3,8192,uniform,1,accept_static_degree,accept_static_degree,,greedy,11,2,accept_id,ok,318,31.48293,30.834880999999996,0.364337658174183,0.22461006864119656,0.4235704676309891,1956,2274,18.044827,49.527757,extra_commits_extra_time
l3-n8192-uniform-w1,arity,3,8192,uniform,1,native,native,,native,11,2,accept_id,ok,-817,-8.088140000000001,-8.932054,1.8123324555647877,,1.0553408317363184,1956,1139,18.044827,9.956687,tradeoff_or_tie
l3-n8192-uniform-w1,arity,3,8192,uniform,1,native,native,,native,11,2,accept_static_degree,ok,-1135,-39.57107,-39.766935,4.974320976445277,,2.4915354406996153,2274,1139,49.527757,9.956687,tradeoff_or_tie
l3-n8192-uniform-w1,arity,3,8192,uniform,1,accept_id,accept_id,,greedy,11,2,native,ok,817,8.088140000000001,8.932054,0.5517751430922557,0.0,0.9475611763781867,1139,1956,9.956687,18.044827,extra_commits_extra_time
l3-n8192-uniform-w1,arity,3,8192,uniform,1,accept_id,accept_id,,greedy,11,2,accept_static_degree,ok,-318,-31.48293,-30.834880999999996,2.744706668564902,4.452160163832417,2.3608822531772713,2274,1956,49.527757,18.044827,tradeoff_or_tie
l3-n8192-uniform-w1,arity,3,8192,uniform,1,native,native,,native,11,3,accept_id,ok,-817,-8.403364999999999,-8.982652,1.8507398574204517,,1.0777058781200248,1956,1139,18.281079,9.877714,tradeoff_or_tie
l3-n8192-uniform-w1,arity,3,8192,uniform,1,native,native,,native,11,3,accept_static_degree,ok,-1135,-39.568905,-39.870158,5.005876764603633,,2.507341088343233,2274,1139,49.446619,9.877714,tradeoff_or_tie
l3-n8192-uniform-w1,arity,3,8192,uniform,1,accept_id,accept_id,,greedy,11,3,native,ok,817,8.403364999999999,8.982652,0.5403244524023992,0.0,0.9278969525010139,1139,1956,9.877714,18.281079,extra_commits_extra_time
l3-n8192-uniform-w1,arity,3,8192,uniform,1,accept_id,accept_id,,greedy,11,3,accept_static_degree,ok,-318,-31.16554,-30.887506000000002,2.7047976216283516,4.438573151893228,2.326554154754261,2274,1956,49.446619,18.281079,tradeoff_or_tie
l3-n8192-uniform-w1,arity,3,8192,uniform,1,eas_k1_adaptive,eas,1,adaptive,11,3,native,ok,1076,47.909589000000004,48.146992,0.17093225478960317,0.0,0.3324099599279567,1139,2215,9.877714,57.787303,extra_commits_extra_time
l3-n8192-uniform-w1,arity,3,8192,uniform,1,eas_k1_adaptive,eas,1,adaptive,11,3,accept_id,ok,259,39.506224,39.164339999999996,0.3163511368578665,0.1865672522179579,0.35824016776000084,1956,2215,18.281079,57.787303,extra_commits_extra_time
l3-n8192-uniform-w1,arity,3,8192,uniform,1,eas_k1_adaptive,eas,1,adaptive,11,3,accept_static_degree,ok,-59,8.340684000000003,8.276833999999994,0.8556658025725824,0.8280923967171201,0.8334651507018935,2274,2215,49.446619,57.787303,baseline_dominates
l3-n8192-uniform-w1,arity,3,8192,uniform,1,accept_static_degree,accept_static_degree,,greedy,11,3,native,ok,1135,39.568905,39.870158,0.19976520538239428,0.0,0.3988288648277871,1139,2274,9.877714,49.446619,extra_commits_extra_time
l3-n8192-uniform-w1,arity,3,8192,uniform,1,accept_static_degree,accept_static_degree,,greedy,11,3,accept_id,ok,318,31.16554,30.887506000000002,0.3697134277269796,0.22529762736330264,0.42982021198884296,1956,2274,18.281079,49.446619,extra_commits_extra_time
l3-n8192-uniform-w1,arity,3,8192,uniform,1,eas_k2_adaptive,eas,2,adaptive,11,3,native,ok,1075,46.964487000000005,47.024691,0.17377430546716513,0.0,0.33778429526190973,1139,2214,9.877714,56.842201,extra_commits_extra_time
l3-n8192-uniform-w1,arity,3,8192,uniform,1,eas_k2_adaptive,eas,2,adaptive,11,3,accept_id,ok,258,38.561122000000005,38.042038999999995,0.3216110333236392,0.1910199048410547,0.3640321205403901,1956,2214,18.281079,56.842201,extra_commits_extra_time
l3-n8192-uniform-w1,arity,3,8192,uniform,1,eas_k2_adaptive,eas,2,adaptive,11,3,accept_static_degree,ok,-60,7.3955820000000045,7.154532999999994,0.8698927580232159,0.8478558211047045,0.8469404425072486,2274,2214,49.446619,56.842201,baseline_dominates
l3-n8192-uniform-w1,arity,3,8192,uniform,1,eas_k2_adaptive,eas,2,adaptive,29,1,native,ok,1122,46.966666000000004,46.915473,0.17109449872295016,0.0,0.34497858166534207,1104,2226,9.694396,56.661062,extra_commits_extra_time
l3-n8192-uniform-w1,arity,3,8192,uniform,1,eas_k2_adaptive,eas,2,adaptive,29,1,accept_id,ok,242,38.745537,38.112767,0.31618759634261706,0.1876290579016437,0.3547548333980202,1984,2226,17.915525,56.661062,extra_commits_extra_time
l3-n8192-uniform-w1,arity,3,8192,uniform,1,eas_k2_adaptive,eas,2,adaptive,29,1,accept_static_degree,ok,-47,7.532136999999999,7.302562000000002,0.8670667874174331,0.844346405715658,0.8491379977092675,2273,2226,49.128925,56.661062,baseline_dominates
l3-n8192-uniform-w1,arity,3,8192,uniform,1,accept_id,accept_id,,greedy,29,1,native,ok,880,8.221129,8.802706,0.5411170479235189,0.0,0.9724422310500007,1104,1984,9.694396,17.915525,extra_commits_extra_time
l3-n8192-uniform-w1,arity,3,8192,uniform,1,accept_id,accept_id,,greedy,29,1,accept_static_degree,ok,-289,-31.213400000000004,-30.810204999999996,2.742254273876987,4.500083383450497,2.3935910599886596,2273,1984,49.128925,17.915525,tradeoff_or_tie
l3-n8192-uniform-w1,arity,3,8192,uniform,1,native,native,,native,29,1,accept_id,ok,-880,-8.221129,-8.802706,1.848029005623455,,1.028338720872132,1984,1104,17.915525,9.694396,tradeoff_or_tie
l3-n8192-uniform-w1,arity,3,8192,uniform,1,native,native,,native,29,1,accept_static_degree,ok,-1169,-39.434529000000005,-39.612911,5.067765438919558,,2.4614223689197083,2273,1104,49.128925,9.694396,tradeoff_or_tie
l3-n8192-uniform-w1,arity,3,8192,uniform,1,accept_static_degree,accept_static_degree,,greedy,29,1,native,ok,1169,39.434529000000005,39.612911,0.19732562843579415,0.0,0.40626916072063207,1104,2273,9.694396,49.128925,extra_commits_extra_time
l3-n8192-uniform-w1,arity,3,8192,uniform,1,accept_static_degree,accept_static_degree,,greedy,29,1,accept_id,ok,289,31.213400000000004,30.810204999999996,0.36466348490222406,0.22221810459726127,0.4177823090652494,1984,2273,17.915525,49.128925,extra_commits_extra_time
l3-n8192-uniform-w1,arity,3,8192,uniform,1,eas_k1_adaptive,eas,1,adaptive,29,1,native,ok,1126,47.571729000000005,47.37004,0.16928674674600383,0.0,0.34194696127218277,1104,2230,9.694396,57.266125,extra_commits_extra_time
l3-n8192-uniform-w1,arity,3,8192,uniform,1,eas_k1_adaptive,eas,1,adaptive,29,1,accept_id,ok,246,39.3506,38.567334,0.31284681825424715,0.18582855323744712,0.3516373007607489,1984,2230,17.915525,57.266125,extra_commits_extra_time
l3-n8192-uniform-w1,arity,3,8192,uniform,1,eas_k1_adaptive,eas,1,adaptive,29,1,accept_static_degree,ok,-43,8.1372,7.757129000000006,0.8579055244265261,0.836243984594482,0.841675899459472,2273,2230,49.128925,57.266125,baseline_dominates
l3-n8192-uniform-w1,arity,3,8192,uniform,1,native,native,,native,29,2,accept_id,ok,-880,-7.955283,-8.853291,1.7822620739404587,,0.9917426056585156,1984,1104,18.124871,10.169588,tradeoff_or_tie
l3-n8192-uniform-w1,arity,3,8192,uniform,1,native,native,,native,29,2,accept_static_degree,ok,-1169,-38.887100000000004,-39.467752,4.823861890963528,,2.342957997187513,2273,1104,49.056688,10.169588,tradeoff_or_tie
l3-n8192-uniform-w1,arity,3,8192,uniform,1,eas_k2_adaptive,eas,2,adaptive,29,2,native,ok,1122,47.288539,47.312328,0.1769912896743049,0.0,0.35686830689816823,1104,2226,10.169588,57.458127,extra_commits_extra_time
l3-n8192-uniform-w1,arity,3,8192,uniform,1,eas_k2_adaptive,eas,2,adaptive,29,2,accept_id,ok,242,39.333256,38.459037,0.3154448630043231,0.18712440021974822,0.3539215045601322,1984,2226,18.124871,57.458127,extra_commits_extra_time
l3-n8192-uniform-w1,arity,3,8192,uniform,1,eas_k2_adaptive,eas,2,adaptive,29,2,accept_static_degree,ok,-47,8.401438999999996,7.8445760000000035,0.853781537292366,0.8341959414890765,0.8361274535898311,2273,2226,49.056688,57.458127,baseline_dominates
l3-n8192-uniform-w1,arity,3,8192,uniform,1,eas_k1_adaptive,eas,1,adaptive,29,2,native,ok,1126,47.575419000000004,47.731573,0.17611198834905326,0.0,0.3557334547275506,1104,2230,10.169588,57.745007,extra_commits_extra_time
l3-n8192-uniform-w1,arity,3,8192,uniform,1,eas_k1_adaptive,eas,1,adaptive,29,2,accept_id,ok,246,39.620136,38.878282,0.31387771760076155,0.1854808137163215,0.3527960233114066,1984,2230,18.124871,57.745007,extra_commits_extra_time
l3-n8192-uniform-w1,arity,3,8192,uniform,1,eas_k1_adaptive,eas,1,adaptive,29,2,accept_static_degree,ok,-43,8.688319,8.263821,0.849539909138811,0.8268688735650929,0.8334685426210569,2273,2230,49.056688,57.745007,baseline_dominates
l3-n8192-uniform-w1,arity,3,8192,uniform,1,accept_id,accept_id,,greedy,29,2,native,ok,880,7.955283,8.853291,0.561084710616699,0.0,1.0083261466174498,1104,1984,10.169588,18.124871,extra_commits_extra_time
l3-n8192-uniform-w1,arity,3,8192,uniform,1,accept_id,accept_id,,greedy,29,2,accept_static_degree,ok,-289,-30.931817000000002,-30.614461,2.7065951531461936,4.457975232035182,2.3624658089906228,2273,1984,49.056688,18.124871,tradeoff_or_tie
l3-n8192-uniform-w1,arity,3,8192,uniform,1,accept_static_degree,accept_static_degree,,greedy,29,2,native,ok,1169,38.887100000000004,39.467752,0.2073027840770661,0.0,0.4268108951165151,1104,2273,10.169588,49.056688,extra_commits_extra_time
l3-n8192-uniform-w1,arity,3,8192,uniform,1,accept_static_degree,accept_static_degree,,greedy,29,2,accept_id,ok,289,30.931817000000002,30.614461,0.36946788988282286,0.22431708296940756,0.4232865492462961,1984,2273,18.124871,49.056688,extra_commits_extra_time
l3-n8192-uniform-w1,arity,3,8192,uniform,1,eas_k2_adaptive,eas,2,adaptive,29,3,native,ok,1122,47.044303,46.838704,0.17211097337100234,0.0,0.3470281039168068,1104,2226,9.780104,56.824407,extra_commits_extra_time
l3-n8192-uniform-w1,arity,3,8192,uniform,1,eas_k2_adaptive,eas,2,adaptive,29,3,accept_id,ok,242,38.745406,37.969511,0.3181555594588079,0.18935607185032274,0.35696284040003073,1984,2226,18.079001,56.824407,extra_commits_extra_time
l3-n8192-uniform-w1,arity,3,8192,uniform,1,eas_k2_adaptive,eas,2,adaptive,29,3,accept_static_degree,ok,-47,7.0142859999999985,6.619129999999998,0.8765620906523495,0.8586824690964977,0.8584369616323295,2273,2226,49.810121,56.824407,baseline_dominates
l3-n8192-uniform-w1,arity,3,8192,uniform,1,accept_static_degree,accept_static_degree,,greedy,29,3,native,ok,1169,40.030017,40.219574,0.19634772619805518,0.0,0.40425578047912586,1104,2273,9.780104,49.810121,extra_commits_extra_time
l3-n8192-uniform-w1,arity,3,8192,uniform,1,accept_static_degree,accept_static_degree,,greedy,29,3,accept_id,ok,289,31.73112,31.350381000000002,0.36295838349800436,0.22051931728565793,0.41582883351301775,1984,2273,18.079001,49.810121,extra_commits_extra_time
l3-n8192-uniform-w1,arity,3,8192,uniform,1,native,native,,native,29,3,accept_id,ok,-880,-8.298897000000002,-8.869193,1.8485489520356841,,1.0286280458876196,1984,1104,18.079001,9.780104,tradeoff_or_tie
l3-n8192-uniform-w1,arity,3,8192,uniform,1,native,native,,native,29,3,accept_static_degree,ok,-1169,-40.030017,-40.219574,5.09300524820595,,2.4736813875977117,2273,1104,49.810121,9.780104,tradeoff_or_tie
l3-n8192-uniform-w1,arity,3,8192,uniform,1,accept_id,accept_id,,greedy,29,3,native,ok,880,8.298897000000002,8.869193,0.5409648464536286,0.0,0.9721687095718686,1104,1984,9.780104,18.079001,extra_commits_extra_time
l3-n8192-uniform-w1,arity,3,8192,uniform,1,accept_id,accept_id,,greedy,29,3,accept_static_degree,ok,-289,-31.73112,-31.350381000000002,2.7551368020832565,4.534750117626261,2.4048356424728166,2273,1984,49.810121,18.079001,tradeoff_or_tie
l3-n8192-uniform-w1,arity,3,8192,uniform,1,eas_k1_adaptive,eas,1,adaptive,29,3,native,ok,1126,47.637819,47.680107,0.1703319014169147,0.0,0.3440580979711505,1104,2230,9.780104,57.417923,extra_commits_extra_time
l3-n8192-uniform-w1,arity,3,8192,uniform,1,eas_k1_adaptive,eas,1,adaptive,29,3,accept_id,ok,246,39.338922,38.810914,0.31486685786248314,0.18601453641872068,0.3539078089878757,1984,2230,18.079001,57.417923,extra_commits_extra_time
l3-n8192-uniform-w1,arity,3,8192,uniform,1,eas_k1_adaptive,eas,1,adaptive,29,3,accept_static_degree,ok,-43,7.6078019999999995,7.460532999999998,0.8675012678532451,0.8435294409049879,0.851090113203505,2273,2230,49.810121,57.417923,baseline_dominates
l3-n8192-uniform-w1,arity,3,8192,uniform,1,native,native,,native,47,1,accept_id,ok,-830,-8.291044,-8.90862,1.8486619851808905,,1.0650105818631952,1958,1128,18.060592,9.769548,tradeoff_or_tie
l3-n8192-uniform-w1,arity,3,8192,uniform,1,native,native,,native,47,1,accept_static_degree,ok,-1169,-39.470998,-39.758292,5.040207182563615,,2.4751213330225204,2297,1128,49.240546,9.769548,tradeoff_or_tie
l3-n8192-uniform-w1,arity,3,8192,uniform,1,accept_id,accept_id,,greedy,47,1,native,ok,830,8.291044,8.90862,0.540931770121378,0.0,0.9389578066450178,1128,1958,9.769548,18.060592,extra_commits_extra_time
l3-n8192-uniform-w1,arity,3,8192,uniform,1,accept_id,accept_id,,greedy,47,1,accept_static_degree,ok,-339,-31.179954000000002,-30.849671999999998,2.7264081930426203,4.462901324784309,2.324034498035118,2297,1958,49.240546,18.060592,tradeoff_or_tie
l3-n8192-uniform-w1,arity,3,8192,uniform,1,eas_k2_adaptive,eas,2,adaptive,47,1,native,ok,1078,47.720055,47.065487,0.16993590997662655,0.0,0.3323391998288442,1128,2206,9.769548,57.489603,extra_commits_extra_time
l3-n8192-uniform-w1,arity,3,8192,uniform,1,eas_k2_adaptive,eas,2,adaptive,47,1,accept_id,ok,248,39.429011,38.156867,0.31415405669091157,0.18928137299418576,0.35394476458566604,1958,2206,18.060592,57.489603,extra_commits_extra_time
l3-n8192-uniform-w1,arity,3,8192,uniform,1,eas_k2_adaptive,eas,2,adaptive,47,1,accept_static_degree,ok,-91,8.249057,7.307195,0.856512194039677,0.8447440902927447,0.8225798432960064,2297,2206,49.240546,57.489603,baseline_dominates
l3-n8192-uniform-w1,arity,3,8192,uniform,1,accept_static_degree,accept_static_degree,,greedy,47,1,native,ok,1169,39.470998,39.758292,0.19840454246790845,0.0,0.40402059755949,1128,2297,9.769548,49.240546,extra_commits_extra_time
l3-n8192-uniform-w1,arity,3,8192,uniform,1,accept_static_degree,accept_static_degree,,greedy,47,1,accept_id,ok,339,31.179954000000002,30.849671999999998,0.36678293534762996,0.22406948467504595,0.4302862116915483,1958,2297,18.060592,49.240546,extra_commits_extra_time
l3-n8192-uniform-w1,arity,3,8192,uniform,1,eas_k1_adaptive,eas,1,adaptive,47,1,native,ok,1077,47.61271,47.603471,0.17025380911291432,0.0,0.33280997259932493,1128,2205,9.769548,57.382258,extra_commits_extra_time
l3-n8192-uniform-w1,arity,3,8192,uniform,1,eas_k1_adaptive,eas,1,adaptive,47,1,accept_id,ok,247,39.321666,38.694851,0.31474174473928856,0.18714223590964618,0.3544461425678811,1958,2205,18.060592,57.382258,extra_commits_extra_time
l3-n8192-uniform-w1,arity,3,8192,uniform,1,eas_k1_adaptive,eas,1,adaptive,47,1,accept_static_degree,ok,-92,8.141711999999998,7.845179000000002,0.8581144715497254,0.8351973325642578,0.8237450630232295,2297,2205,49.240546,57.382258,baseline_dominates
l3-n8192-uniform-w1,arity,3,8192,uniform,1,accept_id,accept_id,,greedy,47,2,native,ok,830,8.339339,8.84171,0.5337833965990213,0.0,0.9265495483512511,1128,1958,9.547924,17.887263,extra_commits_extra_time
l3-n8192-uniform-w1,arity,3,8192,uniform,1,accept_id,accept_id,,greedy,47,2,accept_static_degree,ok,-339,-31.150432,-30.670862,2.7414867774907763,4.468883507828236,2.3368877276107813,2297,1958,49.037695,17.887263,tradeoff_or_tie
l3-n8192-uniform-w1,arity,3,8192,uniform,1,native,native,,native,47,2,accept_id,ok,-830,-8.339339,-8.84171,1.873419080419995,,1.07927309638157,1958,1128,17.887263,9.547924,tradeoff_or_tie
l3-n8192-uniform-w1,arity,3,8192,uniform,1,native,native,,native,47,2,accept_static_degree,ok,-1169,-39.489771,-39.512572,5.135953637670346,,2.522140053674579,2297,1128,49.037695,9.547924,tradeoff_or_tie
l3-n8192-uniform-w1,arity,3,8192,uniform,1,accept_static_degree,accept_static_degree,,greedy,47,2,native,ok,1169,39.489771,39.512572,0.1947058074405822,0.0,0.396488687669454,1128,2297,9.547924,49.037695,extra_commits_extra_time
l3-n8192-uniform-w1,arity,3,8192,uniform,1,accept_static_degree,accept_static_degree,,greedy,47,2,accept_id,ok,339,31.150432,30.670862,0.3647655747277681,0.2237695384648714,0.4279195736212768,1958,2297,17.887263,49.037695,extra_commits_extra_time
l3-n8192-uniform-w1,arity,3,8192,uniform,1,eas_k2_adaptive,eas,2,adaptive,47,2,native,ok,1078,47.332349,47.191331,0.16786002415986997,0.0,0.32827944441183177,1128,2206,9.547924,56.880273,extra_commits_extra_time
l3-n8192-uniform-w1,arity,3,8192,uniform,1,eas_k2_adaptive,eas,2,adaptive,47,2,accept_id,ok,248,38.99301,38.349621,0.31447217210086176,0.18735877570395293,0.3543031724487792,1958,2206,17.887263,56.880273,extra_commits_extra_time
l3-n8192-uniform-w1,arity,3,8192,uniform,1,eas_k2_adaptive,eas,2,adaptive,47,2,accept_static_degree,ok,-91,7.842578000000003,7.6787589999999994,0.8621213017033164,0.837284542790285,0.8279667355491184,2297,2206,49.037695,56.880273,baseline_dominates
l3-n8192-uniform-w1,arity,3,8192,uniform,1,eas_k1_adaptive,eas,1,adaptive,47,2,native,ok,1077,48.273804999999996,48.04123,0.16512691967409,0.0,0.32278799457623747,1128,2205,9.547924,57.821729,extra_commits_extra_time
l3-n8192-uniform-w1,arity,3,8192,uniform,1,eas_k1_adaptive,eas,1,adaptive,47,2,accept_id,ok,247,39.934466,39.19952,0.3093519220084201,0.18404420536276864,0.34837639838109324,1958,2205,17.887263,57.821729,extra_commits_extra_time
l3-n8192-uniform-w1,arity,3,8192,uniform,1,eas_k1_adaptive,eas,1,adaptive,47,2,accept_static_degree,ok,-92,8.784033999999998,8.528658,0.8480842037774415,0.8224721140570298,0.8141165299660212,2297,2205,49.037695,57.821729,baseline_dominates
l3-n8192-uniform-w1,arity,3,8192,uniform,1,eas_k2_adaptive,eas,2,adaptive,47,3,native,ok,1078,47.653559,47.550632,0.1693116724591447,0.0,0.33111839489653816,1128,2206,9.712793,57.366352,extra_commits_extra_time
l3-n8192-uniform-w1,arity,3,8192,uniform,1,eas_k2_adaptive,eas,2,adaptive,47,3,accept_id,ok,248,39.378301,38.668214,0.3135644916030219,0.18679915758007168,0.35328052526875753,1958,2206,17.988051,57.366352,extra_commits_extra_time
l3-n8192-uniform-w1,arity,3,8192,uniform,1,eas_k2_adaptive,eas,2,adaptive,47,3,accept_static_degree,ok,-91,8.019126999999997,7.829031999999998,0.8602120106922609,0.835353776160115,0.8261330847134186,2297,2206,49.347225,57.366352,baseline_dominates
l3-n8192-uniform-w1,arity,3,8192,uniform,1,accept_id,accept_id,,greedy,47,3,native,ok,830,8.275258,8.882418,0.5399580532654705,0.0,0.9372676137317234,1128,1958,9.712793,17.988051,extra_commits_extra_time
l3-n8192-uniform-w1,arity,3,8192,uniform,1,accept_id,accept_id,,greedy,47,3,accept_static_degree,ok,-339,-31.359174000000003,-30.839182,2.7433336162989534,4.4719354572144665,2.3384620029222933,2297,1958,49.347225,17.988051,tradeoff_or_tie
l3-n8192-uniform-w1,arity,3,8192,uniform,1,native,native,,native,47,3,accept_id,ok,-830,-8.275258,-8.882418,1.8519957132824718,,1.0669311361549216,1958,1128,17.988051,9.712793,tradeoff_or_tie
l3-n8192-uniform-w1,arity,3,8192,uniform,1,native,native,,native,47,3,accept_static_degree,ok,-1169,-39.634432000000004,-39.7216,5.080642097489363,,2.4949779216329966,2297,1128,49.347225,9.712793,tradeoff_or_tie
l3-n8192-uniform-w1,arity,3,8192,uniform,1,eas_k1_adaptive,eas,1,adaptive,47,3,native,ok,1077,47.68538,47.50882,0.16921780768178804,0.0,0.330784810228165,1128,2205,9.712793,57.398173,extra_commits_extra_time
l3-n8192-uniform-w1,arity,3,8192,uniform,1,eas_k1_adaptive,eas,1,adaptive,47,3,accept_id,ok,247,39.410122,38.626402,0.31339065443772923,0.18696355750363827,0.3529246133995263,1958,2205,17.988051,57.398173,extra_commits_extra_time
l3-n8192-uniform-w1,arity,3,8192,uniform,1,eas_k1_adaptive,eas,1,adaptive,47,3,accept_static_degree,ok,-92,8.050947999999998,7.787219999999998,0.8597351173529513,0.8360889620074757,0.8253007983308324,2297,2205,49.347225,57.398173,baseline_dominates
l3-n8192-uniform-w1,arity,3,8192,uniform,1,accept_static_degree,accept_static_degree,,greedy,47,3,native,ok,1169,39.634432000000004,39.7216,0.1968255155178432,0.0,0.4008051499491773,1128,2297,9.712793,49.347225,extra_commits_extra_time
l3-n8192-uniform-w1,arity,3,8192,uniform,1,accept_static_degree,accept_static_degree,,greedy,47,3,accept_id,ok,339,31.359174000000003,30.839182,0.3645200110036582,0.22361682308869732,0.42763149401201955,1958,2297,17.988051,49.347225,extra_commits_extra_time
l3-n8192-uniform-w1,arity,3,8192,uniform,1,accept_static_degree,accept_static_degree,,greedy,71,1,native,ok,1150,39.742175,39.836467,0.1981635884343667,0.0,0.3998344970185424,1130,2280,9.821769,49.563944,extra_commits_extra_time
l3-n8192-uniform-w1,arity,3,8192,uniform,1,accept_static_degree,accept_static_degree,,greedy,71,1,accept_id,ok,351,31.479751999999998,30.922886,0.3648658791156733,0.22375430532029864,0.43125671559762857,1929,2280,18.084192,49.563944,extra_commits_extra_time
l3-n8192-uniform-w1,arity,3,8192,uniform,1,eas_k1_adaptive,eas,1,adaptive,71,1,native,ok,1065,48.554913,47.968761,0.1682481542887278,0.0,0.3268183174019465,1130,2195,9.821769,58.376682,extra_commits_extra_time
l3-n8192-uniform-w1,arity,3,8192,uniform,1,eas_k1_adaptive,eas,1,adaptive,71,1,accept_id,ok,266,40.29249,39.05518,0.30978451293274945,0.1858205384958765,0.3525023358686594,1929,2195,18.084192,58.376682,extra_commits_extra_time
l3-n8192-uniform-w1,arity,3,8192,uniform,1,eas_k1_adaptive,eas,1,adaptive,71,1,accept_static_degree,ok,-85,8.812738000000003,8.132294000000002,0.8490366752944266,0.8304668740558048,0.8173839922241383,2280,2195,49.563944,58.376682,baseline_dominates
l3-n8192-uniform-w1,arity,3,8192,uniform,1,native,native,,native,71,1,accept_id,ok,-799,-8.262423000000002,-8.913581,1.8412357285128578,,1.0785880628444848,1929,1130,18.084192,9.821769,tradeoff_or_tie
l3-n8192-uniform-w1,arity,3,8192,uniform,1,native,native,,native,71,1,accept_static_degree,ok,-1150,-39.742175,-39.836467,5.046335746646047,,2.5010348217993426,2280,1130,49.563944,9.821769,tradeoff_or_tie
l3-n8192-uniform-w1,arity,3,8192,uniform,1,accept_id,accept_id,,greedy,71,1,native,ok,799,8.262423000000002,8.913581,0.5431135104073215,0.0,0.9271380190902262,1130,1929,9.821769,18.084192,extra_commits_extra_time
l3-n8192-uniform-w1,arity,3,8192,uniform,1,accept_id,accept_id,,greedy,71,1,accept_static_degree,ok,-351,-31.479751999999998,-30.922886,2.7407331220548863,4.469187748448126,2.3188044703587196,2280,1929,49.563944,18.084192,tradeoff_or_tie
l3-n8192-uniform-w1,arity,3,8192,uniform,1,eas_k2_adaptive,eas,2,adaptive,71,1,native,ok,1058,47.08591199999999,46.956247,0.17259127111505387,0.0,0.3341855762830244,1130,2188,9.821769,56.907681,extra_commits_extra_time
l3-n8192-uniform-w1,arity,3,8192,uniform,1,eas_k2_adaptive,eas,2,adaptive,71,1,accept_id,ok,259,38.823488999999995,38.042666,0.31778121480648636,0.18982737270293346,0.36044857335367514,1929,2188,18.084192,56.907681,extra_commits_extra_time
l3-n8192-uniform-w1,arity,3,8192,uniform,1,eas_k2_adaptive,eas,2,adaptive,71,1,accept_static_degree,ok,-92,7.343736999999997,7.119779999999999,0.8709535009869758,0.8483741684040464,0.8358097632269247,2280,2188,49.563944,56.907681,baseline_dominates
l3-n8192-uniform-w1,arity,3,8192,uniform,1,native,native,,native,71,2,accept_id,ok,-799,-8.19303,-8.869357,1.8354315916794866,,1.0751880241601872,1929,1130,17.999973,9.806943,tradeoff_or_tie
l3-n8192-uniform-w1,arity,3,8192,uniform,1,native,native,,native,71,2,accept_static_degree,ok,-1150,-39.016450000000006,-39.317396,4.978451796854535,,2.4673905835392316,2280,1130,48.823393,9.806943,tradeoff_or_tie
l3-n8192-uniform-w1,arity,3,8192,uniform,1,accept_id,accept_id,,greedy,71,2,native,ok,799,8.19303,8.869357,0.5448309839131426,0.0,0.9300698831547018,1130,1929,9.806943,17.999973,extra_commits_extra_time
l3-n8192-uniform-w1,arity,3,8192,uniform,1,accept_id,accept_id,,greedy,71,2,accept_static_degree,ok,-351,-30.823420000000002,-30.448039,2.7124147908444085,4.432947732287696,2.2948456717293446,2280,1929,48.823393,17.999973,tradeoff_or_tie
l3-n8192-uniform-w1,arity,3,8192,uniform,1,eas_k1_adaptive,eas,1,adaptive,71,2,native,ok,1065,47.325057,47.60358,0.17165411678218864,0.0,0.33343432419090163,1130,2195,9.806943,57.132,extra_commits_extra_time
l3-n8192-uniform-w1,arity,3,8192,uniform,1,eas_k1_adaptive,eas,1,adaptive,71,2,accept_id,ok,266,39.132026999999994,38.734223,0.31505938878386897,0.18631701649329738,0.3585045922140028,1929,2195,17.999973,57.132,extra_commits_extra_time
l3-n8192-uniform-w1,arity,3,8192,uniform,1,eas_k1_adaptive,eas,1,adaptive,71,2,accept_static_degree,ok,-85,8.308606999999995,8.286183999999999,0.8545717461317651,0.8259335957505717,0.8227127117373981,2280,2195,48.823393,57.132,baseline_dominates
l3-n8192-uniform-w1,arity,3,8192,uniform,1,accept_static_degree,accept_static_degree,,greedy,71,2,native,ok,1150,39.016450000000006,39.317396,0.200865658804172,0.0,0.4052864620102413,1130,2280,9.806943,48.823393,extra_commits_extra_time
l3-n8192-uniform-w1,arity,3,8192,uniform,1,accept_static_degree,accept_static_degree,,greedy,71,2,accept_id,ok,351,30.823420000000002,30.448039,0.3686751758526901,0.22558353050644556,0.43575915030766416,1929,2280,17.999973,48.823393,extra_commits_extra_time
l3-n8192-uniform-w1,arity,3,8192,uniform,1,eas_k2_adaptive,eas,2,adaptive,71,2,native,ok,1058,47.02970499999999,46.805538,0.1725461184832716,0.0,0.33409814799937354,1130,2188,9.806943,56.836648,extra_commits_extra_time
l3-n8192-uniform-w1,arity,3,8192,uniform,1,eas_k2_adaptive,eas,2,adaptive,71,2,accept_id,ok,259,38.836675,37.936181,0.31669659688586843,0.1894937517863805,0.35921832762302425,1929,2188,17.999973,56.836648,extra_commits_extra_time
l3-n8192-uniform-w1,arity,3,8192,uniform,1,eas_k2_adaptive,eas,2,adaptive,71,2,accept_static_degree,ok,-92,8.013254999999994,7.488141999999996,0.8590125336033189,0.840015897264123,0.8243506243515508,2280,2188,48.823393,56.836648,baseline_dominates
l3-n8192-uniform-w1,arity,3,8192,uniform,1,eas_k1_adaptive,eas,1,adaptive,71,3,native,ok,1065,46.866221,47.100224,0.17579328642778735,0.0,0.34147456965537526,1130,2195,9.995996,56.862217,extra_commits_extra_time
l3-n8192-uniform-w1,arity,3,8192,uniform,1,eas_k1_adaptive,eas,1,adaptive,71,3,accept_id,ok,266,38.977641000000006,38.250935,0.3145247748606073,0.18788210009362166,0.357896257553876,1929,2195,17.884576,56.862217,extra_commits_extra_time
l3-n8192-uniform-w1,arity,3,8192,uniform,1,eas_k1_adaptive,eas,1,adaptive,71,3,accept_static_degree,ok,-85,7.980619000000004,7.595053,0.8596498796380028,0.8387469877001009,0.8276015288627206,2280,2195,48.881598,56.862217,baseline_dominates
l3-n8192-uniform-w1,arity,3,8192,uniform,1,native,native,,native,71,3,accept_id,ok,-799,-7.888579999999999,-8.849289,1.7891739852636994,,1.048090514954229,1929,1130,17.884576,9.995996,tradeoff_or_tie
l3-n8192-uniform-w1,arity,3,8192,uniform,1,native,native,,native,71,3,accept_static_degree,ok,-1150,-38.885602,-39.505171,4.890117803168389,,2.423611016474688,2280,1130,48.881598,9.995996,tradeoff_or_tie
l3-n8192-uniform-w1,arity,3,8192,uniform,1,accept_id,accept_id,,greedy,71,3,native,ok,799,7.888579999999999,8.849289,0.5589171361960161,0.0,0.9541160670113218,1130,1929,9.995996,17.884576,extra_commits_extra_time
l3-n8192-uniform-w1,arity,3,8192,uniform,1,accept_id,accept_id,,greedy,71,3,accept_static_degree,ok,-351,-30.997021999999998,-30.655882,2.733170638208029,4.464219780820809,2.312406211004141,2280,1929,48.881598,17.884576,tradeoff_or_tie
l3-n8192-uniform-w1,arity,3,8192,uniform,1,accept_static_degree,accept_static_degree,,greedy,71,3,native,ok,1150,38.885602,39.505171,0.2044940511151047,0.0,0.41260746596810327,1130,2280,9.995996,48.881598,extra_commits_extra_time
l3-n8192-uniform-w1,arity,3,8192,uniform,1,accept_static_degree,accept_static_degree,,greedy,71,3,accept_id,ok,351,30.997021999999998,30.655882,0.3658754363963306,0.2240033083263961,0.4324499714804689,1929,2280,17.884576,48.881598,extra_commits_extra_time
l3-n8192-uniform-w1,arity,3,8192,uniform,1,eas_k2_adaptive,eas,2,adaptive,71,3,native,ok,1058,46.436025,46.609712,0.17713340445489273,0.0,0.34298043269816014,1130,2188,9.995996,56.432021,extra_commits_extra_time
l3-n8192-uniform-w1,arity,3,8192,uniform,1,eas_k2_adaptive,eas,2,adaptive,71,3,accept_id,ok,259,38.547444999999996,37.760423,0.31692247917188715,0.18985933661207777,0.359474538325839,1929,2188,17.884576,56.432021,extra_commits_extra_time
l3-n8192-uniform-w1,arity,3,8192,uniform,1,eas_k2_adaptive,eas,2,adaptive,71,3,accept_static_degree,ok,-92,7.550423000000002,7.104541000000005,0.8662032146606976,0.8475738060771539,0.8312511551225162,2280,2188,48.881598,56.432021,baseline_dominates
l3-n8192-uniform-w1,arity,3,8192,uniform,1,accept_static_degree,accept_static_degree,,greedy,101,1,native,ok,1141,39.36319400000001,39.441351,0.19879138857746306,0.0,0.39654289194883413,1147,2288,9.766575,49.129769,extra_commits_extra_time
l3-n8192-uniform-w1,arity,3,8192,uniform,1,accept_static_degree,accept_static_degree,,greedy,101,1,accept_id,ok,306,30.814847000000004,30.269701999999995,0.37278664998404526,0.23253891581959252,0.43034099654916436,1982,2288,18.314922,49.129769,extra_commits_extra_time
l3-n8192-uniform-w1,arity,3,8192,uniform,1,eas_k1_adaptive,eas,1,adaptive,101,1,native,ok,1057,48.377661,48.087956,0.1679715079582437,0.0,0.32276303708810294,1147,2204,9.766575,58.144236,extra_commits_extra_time
l3-n8192-uniform-w1,arity,3,8192,uniform,1,eas_k1_adaptive,eas,1,adaptive,101,1,accept_id,ok,222,39.829314,38.916306999999996,0.3149911884644937,0.19072653036032558,0.3502727443861259,1982,2204,18.314922,58.144236,extra_commits_extra_time
l3-n8192-uniform-w1,arity,3,8192,uniform,1,eas_k1_adaptive,eas,1,adaptive,101,1,accept_static_degree,ok,-84,9.014466999999996,8.646605000000001,0.8449637037108889,0.8201918792306331,0.813942308994279,2288,2204,49.129769,58.144236,baseline_dominates
l3-n8192-uniform-w1,arity,3,8192,uniform,1,native,native,,native,101,1,accept_id,ok,-835,-8.548347,-9.171649,1.8752655869637003,,1.0852319012307279,1982,1147,18.314922,9.766575,tradeoff_or_tie
l3-n8192-uniform-w1,arity,3,8192,uniform,1,native,native,,native,101,1,accept_static_degree,ok,-1141,-39.36319400000001,-39.441351,5.03039898838641,,2.5217952970621647,2288,1147,49.129769,9.766575,tradeoff_or_tie
l3-n8192-uniform-w1,arity,3,8192,uniform,1,eas_k2_adaptive,eas,2,adaptive,101,1,native,ok,1057,47.316816,46.827377,0.17109311183002424,0.0,0.3287613064287209,1147,2204,9.766575,57.083391,extra_commits_extra_time
l3-n8192-uniform-w1,arity,3,8192,uniform,1,eas_k2_adaptive,eas,2,adaptive,101,1,accept_id,ok,222,38.768468999999996,37.655727999999996,0.32084502478137644,0.19586083158149134,0.35678225762673876,1982,2204,18.314922,57.083391,extra_commits_extra_time
l3-n8192-uniform-w1,arity,3,8192,uniform,1,eas_k2_adaptive,eas,2,adaptive,101,1,accept_static_degree,ok,-84,7.953621999999996,7.386026000000001,0.860666616669637,0.842271199601891,0.8290687164079618,2288,2204,49.129769,57.083391,baseline_dominates
l3-n8192-uniform-w1,arity,3,8192,uniform,1,accept_id,accept_id,,greedy,101,1,native,ok,835,8.548347,9.171649,0.5332577992961149,0.0,0.9214620385430349,1147,1982,9.766575,18.314922,extra_commits_extra_time
l3-n8192-uniform-w1,arity,3,8192,uniform,1,accept_id,accept_id,,greedy,101,1,accept_static_degree,ok,-306,-30.814847000000004,-30.269701999999995,2.68249949412834,4.300355475880073,2.3237386352191405,2288,1982,49.129769,18.314922,tradeoff_or_tie
l3-n8192-uniform-w1,arity,3,8192,uniform,1,accept_id,accept_id,,greedy,101,2,native,ok,835,8.102904999999998,8.835295,0.5447627921160734,0.0,0.9413425056452877,1147,1982,9.696398,17.799303,extra_commits_extra_time
l3-n8192-uniform-w1,arity,3,8192,uniform,1,accept_id,accept_id,,greedy,101,2,accept_static_degree,ok,-306,-31.764392000000004,-30.948625,2.7845862840808997,4.502840029676428,2.412172209368709,2288,1982,49.563695,17.799303,tradeoff_or_tie
l3-n8192-uniform-w1,arity,3,8192,uniform,1,native,native,,native,101,2,accept_id,ok,-835,-8.102904999999998,-8.835295,1.8356613455842055,,1.0623125950469035,1982,1147,17.799303,9.696398,tradeoff_or_tie
l3-n8192-uniform-w1,arity,3,8192,uniform,1,native,native,,native,101,2,accept_static_degree,ok,-1141,-39.867297,-39.78392,5.111557405131267,,2.562480919434496,2288,1147,49.563695,9.696398,tradeoff_or_tie
l3-n8192-uniform-w1,arity,3,8192,uniform,1,eas_k2_adaptive,eas,2,adaptive,101,2,native,ok,1057,47.843595,47.595355,0.16851580082743492,0.0,0.32380891458146,1147,2204,9.696398,57.539993,extra_commits_extra_time
l3-n8192-uniform-w1,arity,3,8192,uniform,1,eas_k2_adaptive,eas,2,adaptive,101,2,accept_id,ok,222,39.74069,38.760059999999996,0.3093379416990891,0.18563355604764373,0.3439862883483519,1982,2204,17.799303,57.539993,extra_commits_extra_time
l3-n8192-uniform-w1,arity,3,8192,uniform,1,eas_k2_adaptive,eas,2,adaptive,101,2,accept_static_degree,ok,-84,7.976298,7.811434999999996,0.8613781896011006,0.8358782070225131,0.8297541651577858,2288,2204,49.563695,57.539993,baseline_dominates
l3-n8192-uniform-w1,arity,3,8192,uniform,1,accept_static_degree,accept_static_degree,,greedy,101,2,native,ok,1141,39.867297,39.78392,0.19563509137081084,0.0,0.3902468082457707,1147,2288,9.696398,49.563695,extra_commits_extra_time
l3-n8192-uniform-w1,arity,3,8192,uniform,1,accept_static_degree,accept_static_degree,,greedy,101,2,accept_id,ok,306,31.764392000000004,30.948625,0.3591197750692316,0.22208206230054756,0.414564099576336,1982,2288,17.799303,49.563695,extra_commits_extra_time
l3-n8192-uniform-w1,arity,3,8192,uniform,1,eas_k1_adaptive,eas,1,adaptive,101,2,native,ok,1057,48.37012,48.062776,0.16698776392963668,0.0,0.3208727390597919,1147,2204,9.696398,58.066518,extra_commits_extra_time
l3-n8192-uniform-w1,arity,3,8192,uniform,1,eas_k1_adaptive,eas,1,adaptive,101,2,accept_id,ok,222,40.26721500000001,39.227481,0.3065329834311745,0.1838282291476464,0.34086715211041546,1982,2204,17.799303,58.066518,extra_commits_extra_time
l3-n8192-uniform-w1,arity,3,8192,uniform,1,eas_k1_adaptive,eas,1,adaptive,101,2,accept_static_degree,ok,-84,8.502823,8.278855999999998,0.8535675412808462,0.8277491087905535,0.8222302714074007,2288,2204,49.563695,58.066518,baseline_dominates
l3-n8192-uniform-w1,arity,3,8192,uniform,1,accept_id,accept_id,,greedy,101,3,native,ok,835,8.339756000000001,8.854251,0.5384904932624004,0.0,0.930504060724981,1147,1982,9.730849,18.070605,extra_commits_extra_time
l3-n8192-uniform-w1,arity,3,8192,uniform,1,accept_id,accept_id,,greedy,101,3,accept_static_degree,ok,-306,-31.813639000000002,-30.799498,2.760518754076026,4.478498407149289,2.3913235011353335,2288,1982,49.884244,18.070605,tradeoff_or_tie
l3-n8192-uniform-w1,arity,3,8192,uniform,1,eas_k1_adaptive,eas,1,adaptive,101,3,native,ok,1057,47.984187,47.873288,0.16860162748577337,0.0,0.32397383346059394,1147,2204,9.730849,57.715036,extra_commits_extra_time
l3-n8192-uniform-w1,arity,3,8192,uniform,1,eas_k1_adaptive,eas,1,adaptive,101,3,accept_id,ok,222,39.644431,39.019037000000004,0.3131004717730749,0.18495180443841666,0.3481702521622282,1982,2204,18.070605,57.715036,extra_commits_extra_time
l3-n8192-uniform-w1,arity,3,8192,uniform,1,eas_k1_adaptive,eas,1,adaptive,101,3,accept_static_degree,ok,-84,7.830791999999995,8.219539000000005,0.8643197242396246,0.8283063615768358,0.8325877063917515,2288,2204,49.884244,57.715036,baseline_dominates
l3-n8192-uniform-w1,arity,3,8192,uniform,1,native,native,,native,101,3,accept_id,ok,-835,-8.339756000000001,-8.854251,1.8570429979953447,,1.0746863363722161,1982,1147,18.070605,9.730849,tradeoff_or_tie
l3-n8192-uniform-w1,arity,3,8192,uniform,1,native,native,,native,101,3,accept_static_degree,ok,-1141,-40.153395,-39.653749,5.126402023091717,,2.5699226925159127,2288,1147,49.884244,9.730849,tradeoff_or_tie
l3-n8192-uniform-w1,arity,3,8192,uniform,1,accept_static_degree,accept_static_degree,,greedy,101,3,native,ok,1141,40.153395,39.653749,0.19506858718756967,0.0,0.38911676328326295,1147,2288,9.730849,49.884244,extra_commits_extra_time
l3-n8192-uniform-w1,arity,3,8192,uniform,1,accept_static_degree,accept_static_degree,,greedy,101,3,accept_id,ok,306,31.813639000000002,30.799498,0.36225075396552064,0.22328912708858878,0.4181784687539047,1982,2288,18.070605,49.884244,extra_commits_extra_time
l3-n8192-uniform-w1,arity,3,8192,uniform,1,eas_k2_adaptive,eas,2,adaptive,101,3,native,ok,1057,47.692805,47.349376,0.16945715436360073,0.0,0.3256177578188609,1147,2204,9.730849,57.423654,extra_commits_extra_time
l3-n8192-uniform-w1,arity,3,8192,uniform,1,eas_k2_adaptive,eas,2,adaptive,101,3,accept_id,ok,222,39.353049,38.495125,0.314689221971141,0.18699826160327856,0.34993695520808715,1982,2204,18.070605,57.423654,extra_commits_extra_time
l3-n8192-uniform-w1,arity,3,8192,uniform,1,eas_k2_adaptive,eas,2,adaptive,101,3,accept_static_degree,ok,-84,7.539409999999997,7.695627000000002,0.8687054989569282,0.8374714167299692,0.8368124649048413,2288,2204,49.884244,57.423654,baseline_dominates
l3-n8192-zipf-w1,arity,3,8192,zipf,1,native,native,,native,11,1,accept_id,ok,-316,-7.739096999999999,-8.173173,1.9474834584243126,,0.545650262836979,439,123,15.907152,8.168055,tradeoff_or_tie
l3-n8192-zipf-w1,arity,3,8192,zipf,1,native,native,,native,11,1,accept_static_degree,ok,-394,-34.966943,-35.554534,5.2809387302117825,,1.2563935470319623,517,123,43.134998,8.168055,tradeoff_or_tie
l3-n8192-zipf-w1,arity,3,8192,zipf,1,accept_static_degree,accept_static_degree,,greedy,11,1,native,ok,394,34.966943,35.554534,0.18936027306643205,0.0,0.7959289526457273,123,517,8.168055,43.134998,extra_commits_extra_time
l3-n8192-zipf-w1,arity,3,8192,zipf,1,accept_static_degree,accept_static_degree,,greedy,11,1,accept_id,ok,78,27.227846000000003,27.381361,0.3687759994795873,0.22987709528129383,0.43429884221070253,439,517,15.907152,43.134998,extra_commits_extra_time
l3-n8192-zipf-w1,arity,3,8192,zipf,1,accept_id,accept_id,,greedy,11,1,native,ok,316,7.739096999999999,8.173173,0.5134831803958371,0.0,1.8326757414185733,123,439,8.168055,15.907152,extra_commits_extra_time
l3-n8192-zipf-w1,arity,3,8192,zipf,1,accept_id,accept_id,,greedy,11,1,accept_static_degree,ok,-78,-27.227846000000003,-27.381361,2.7116732146646996,4.350150669758244,2.302561975320313,517,439,43.134998,15.907152,tradeoff_or_tie
l3-n8192-zipf-w1,arity,3,8192,zipf,1,eas_k2_adaptive,eas,2,adaptive,11,1,native,ok,393,65.06844500000001,65.564,0.1115298382637073,0.0,0.4678812727170856,123,516,8.168055,73.2365,extra_commits_extra_time
l3-n8192-zipf-w1,arity,3,8192,zipf,1,eas_k2_adaptive,eas,2,adaptive,11,1,accept_id,ok,77,57.32934800000001,57.390826999999994,0.21720251513930894,0.124659462509914,0.255299539434578,439,516,15.907152,73.2365,extra_commits_extra_time
l3-n8192-zipf-w1,arity,3,8192,zipf,1,eas_k2_adaptive,eas,2,adaptive,11,1,accept_static_degree,ok,-1,30.101502000000004,30.009465999999996,0.5889822424610679,0.5422874443292051,0.587843011818848,517,516,43.134998,73.2365,baseline_dominates
l3-n8192-zipf-w1,arity,3,8192,zipf,1,eas_k1_adaptive,eas,1,adaptive,11,1,native,ok,395,70.163365,70.368371,0.10427558953993175,0.0,0.4391443526975699,123,518,8.168055,78.33142,extra_commits_extra_time
l3-n8192-zipf-w1,arity,3,8192,zipf,1,eas_k1_adaptive,eas,1,adaptive,11,1,accept_id,ok,79,62.424268,62.195198,0.20307498574646038,0.11614839002028342,0.23961923147280406,439,518,15.907152,78.33142,extra_commits_extra_time
l3-n8192-zipf-w1,arity,3,8192,zipf,1,eas_k1_adaptive,eas,1,adaptive,11,1,accept_static_degree,ok,1,35.19642199999999,34.813837,0.5506729994170922,0.5052629966380776,0.551738130944755,517,518,43.134998,78.33142,extra_commits_extra_time
l3-n8192-zipf-w1,arity,3,8192,zipf,1,native,native,,native,11,2,accept_id,ok,-316,-7.697363000000001,-8.165775,1.9575183915842869,,0.5484618728130776,439,123,15.73623,8.038867,tradeoff_or_tie
l3-n8192-zipf-w1,arity,3,8192,zipf,1,native,native,,native,11,2,accept_static_degree,ok,-394,-35.218203,-35.634292,5.380990878440954,,1.280197056190127,517,123,43.25707,8.038867,tradeoff_or_tie
l3-n8192-zipf-w1,arity,3,8192,zipf,1,eas_k1_adaptive,eas,1,adaptive,11,2,native,ok,395,69.36346400000001,69.7653,0.10385820292673097,0.0,0.43738657817939963,123,518,8.038867,77.402331,extra_commits_extra_time
l3-n8192-zipf-w1,arity,3,8192,zipf,1,eas_k1_adaptive,eas,1,adaptive,11,2,accept_id,ok,79,61.666101000000005,61.599525,0.2033043423459689,0.11704636832350754,0.2398898618115771,439,518,15.73623,77.402331,extra_commits_extra_time
l3-n8192-zipf-w1,arity,3,8192,zipf,1,eas_k1_adaptive,eas,1,adaptive,11,2,accept_static_degree,ok,1,34.145261000000005,34.131007999999994,0.558860042600009,0.5107738660910224,0.5599410098023403,517,518,43.25707,77.402331,extra_commits_extra_time
l3-n8192-zipf-w1,arity,3,8192,zipf,1,accept_static_degree,accept_static_degree,,greedy,11,2,native,ok,394,35.218203,35.634292,0.18583937839525425,0.0,0.781129744959737,123,517,8.038867,43.25707,extra_commits_extra_time
l3-n8192-zipf-w1,arity,3,8192,zipf,1,accept_static_degree,accept_static_degree,,greedy,11,2,accept_id,ok,78,27.52084,27.468517000000002,0.36378400108930176,0.22915496679434516,0.428419882830619,439,517,15.73623,43.25707,extra_commits_extra_time
l3-n8192-zipf-w1,arity,3,8192,zipf,1,accept_id,accept_id,,greedy,11,2,native,ok,316,7.697363000000001,8.165775,0.5108508835979139,0.0,1.8232807959302069,123,439,8.038867,15.73623,extra_commits_extra_time
l3-n8192-zipf-w1,arity,3,8192,zipf,1,accept_id,accept_id,,greedy,11,2,accept_static_degree,ok,-78,-27.52084,-27.468517000000002,2.748883944883876,4.363859156050712,2.3341587075578425,517,439,43.25707,15.73623,tradeoff_or_tie
l3-n8192-zipf-w1,arity,3,8192,zipf,1,eas_k2_adaptive,eas,2,adaptive,11,2,native,ok,393,65.206404,65.448684,0.10975271017838134,0.0,0.4604260036751402,123,516,8.038867,73.245271,extra_commits_extra_time
l3-n8192-zipf-w1,arity,3,8192,zipf,1,eas_k2_adaptive,eas,2,adaptive,11,2,accept_id,ok,77,57.509041,57.282909000000004,0.21484294870040144,0.12476606863477958,0.2525261082675084,439,516,15.73623,73.245271,extra_commits_extra_time
l3-n8192-zipf-w1,arity,3,8192,zipf,1,eas_k2_adaptive,eas,2,adaptive,11,2,accept_static_degree,ok,-1,29.988201000000004,29.814391999999998,0.5905783323540437,0.5444615509763344,0.5894360144982991,517,516,43.25707,73.245271,baseline_dominates
l3-n8192-zipf-w1,arity,3,8192,zipf,1,accept_static_degree,accept_static_degree,,greedy,11,3,native,ok,394,34.945479,35.741677,0.19380768351535912,0.0,0.8146225396549411,123,517,8.400852,43.346331,extra_commits_extra_time
l3-n8192-zipf-w1,arity,3,8192,zipf,1,accept_static_degree,accept_static_degree,,greedy,11,3,accept_id,ok,78,27.876981999999998,27.663783000000002,0.35687793275975305,0.22600769404300755,0.4202867681941803,439,517,15.469349,43.346331,extra_commits_extra_time
l3-n8192-zipf-w1,arity,3,8192,zipf,1,native,native,,native,11,3,accept_id,ok,-316,-7.068496999999999,-8.077894,1.84140239585223,,0.5159282339182586,439,123,15.469349,8.400852,tradeoff_or_tie
l3-n8192-zipf-w1,arity,3,8192,zipf,1,native,native,,native,11,3,accept_static_degree,ok,-394,-34.945479,-35.741677,5.159754153507286,,1.2275624001560053,517,123,43.346331,8.400852,tradeoff_or_tie
l3-n8192-zipf-w1,arity,3,8192,zipf,1,eas_k2_adaptive,eas,2,adaptive,11,3,native,ok,393,64.522363,65.164505,0.11520133883290802,0.0,0.48328366534805894,123,516,8.400852,72.923215,extra_commits_extra_time
l3-n8192-zipf-w1,arity,3,8192,zipf,1,eas_k2_adaptive,eas,2,adaptive,11,3,accept_id,ok,77,57.453866,57.086611000000005,0.21213202133230138,0.12396156465855146,0.24933968794456676,439,516,15.469349,72.923215,extra_commits_extra_time
l3-n8192-zipf-w1,arity,3,8192,zipf,1,eas_k2_adaptive,eas,2,adaptive,11,3,accept_static_degree,ok,-1,29.576884,29.422828000000003,0.5944105865326974,0.5484838256655215,0.5932608561908548,517,516,43.346331,72.923215,baseline_dominates
l3-n8192-zipf-w1,arity,3,8192,zipf,1,accept_id,accept_id,,greedy,11,3,native,ok,316,7.068496999999999,8.077894,0.5430643526110892,0.0,1.9382540715118832,123,439,8.400852,15.469349,extra_commits_extra_time
l3-n8192-zipf-w1,arity,3,8192,zipf,1,accept_id,accept_id,,greedy,11,3,accept_static_degree,ok,-78,-27.876981999999998,-27.663783000000002,2.8020785490068136,4.4246281270836185,2.3793278201372767,517,439,43.346331,15.469349,tradeoff_or_tie
l3-n8192-zipf-w1,arity,3,8192,zipf,1,eas_k1_adaptive,eas,1,adaptive,11,3,native,ok,395,69.513238,70.377357,0.10782198701159187,0.0,0.4540795875772629,123,518,8.400852,77.91409,extra_commits_extra_time
l3-n8192-zipf-w1,arity,3,8192,zipf,1,eas_k1_adaptive,eas,1,adaptive,11,3,accept_id,ok,79,62.444741,62.299463,0.1985436652086933,0.11477972950873958,0.2342724796770685,439,518,15.469349,77.91409,extra_commits_extra_time
l3-n8192-zipf-w1,arity,3,8192,zipf,1,eas_k1_adaptive,eas,1,adaptive,11,3,accept_static_degree,ok,1,34.567759,34.63568,0.5563349453224699,0.5078576196034188,0.5574110283881938,517,518,43.346331,77.91409,extra_commits_extra_time
l3-n8192-zipf-w1,arity,3,8192,zipf,1,eas_k1_adaptive,eas,1,adaptive,29,1,native,ok,407,70.30061900000001,70.710321,0.1042914826450995,0.0,0.44938606343040377,123,530,8.185426,78.486045,extra_commits_extra_time
l3-n8192-zipf-w1,arity,3,8192,zipf,1,eas_k1_adaptive,eas,1,adaptive,29,1,accept_id,ok,78,62.907922000000006,62.63336699999999,0.19848271116221997,0.11422595578373915,0.23273415246916918,452,530,15.578123,78.486045,extra_commits_extra_time
l3-n8192-zipf-w1,arity,3,8192,zipf,1,eas_k1_adaptive,eas,1,adaptive,29,1,accept_static_degree,ok,4,35.630998000000005,35.47382999999999,0.5460212321821032,0.4983217513607385,0.5501734848985393,526,530,42.855047,78.486045,extra_commits_extra_time
l3-n8192-zipf-w1,arity,3,8192,zipf,1,native,native,,native,29,1,accept_id,ok,-329,-7.392697,-8.076954,1.9031536049559303,,0.5178935694903066,452,123,15.578123,8.185426,tradeoff_or_tie
l3-n8192-zipf-w1,arity,3,8192,zipf,1,native,native,,native,29,1,accept_static_degree,ok,-403,-34.669621,-35.236491,5.2355304415432995,,1.2242780310069505,526,123,42.855047,8.185426,tradeoff_or_tie
l3-n8192-zipf-w1,arity,3,8192,zipf,1,accept_static_degree,accept_static_degree,,greedy,29,1,native,ok,403,34.669621,35.236491,0.1910026139978332,0.0,0.8168079265275346,123,526,8.185426,42.855047,extra_commits_extra_time
l3-n8192-zipf-w1,arity,3,8192,zipf,1,accept_static_degree,accept_static_degree,,greedy,29,1,accept_id,ok,74,27.276924,27.159537,0.3635073133859823,0.22922129221096393,0.42301957265732104,452,526,15.578123,42.855047,extra_commits_extra_time
l3-n8192-zipf-w1,arity,3,8192,zipf,1,eas_k2_adaptive,eas,2,adaptive,29,1,native,ok,405,65.57450800000001,65.967918,0.11097387912521721,0.0,0.4763756762446563,123,528,8.185426,73.759934,extra_commits_extra_time
l3-n8192-zipf-w1,arity,3,8192,zipf,1,eas_k2_adaptive,eas,2,adaptive,29,1,accept_id,ok,76,58.181811,57.890964,0.2112003381131008,0.12243760671664673,0.24671189938870378,452,528,15.578123,73.759934,extra_commits_extra_time
l3-n8192-zipf-w1,arity,3,8192,zipf,1,eas_k2_adaptive,eas,2,adaptive,29,1,accept_static_degree,ok,2,30.904887000000002,30.731426999999996,0.5810071223762212,0.534145870724615,0.5832162749324125,526,528,42.855047,73.759934,extra_commits_extra_time
l3-n8192-zipf-w1,arity,3,8192,zipf,1,accept_id,accept_id,,greedy,29,1,native,ok,329,7.392697,8.076954,0.5254436622435193,0.0,1.9308986612522843,123,452,8.185426,15.578123,extra_commits_extra_time
l3-n8192-zipf-w1,arity,3,8192,zipf,1,accept_id,accept_id,,greedy,29,1,accept_static_degree,ok,-74,-27.276924,-27.159537,2.7509762889919407,4.362596468916376,2.3639568110719034,526,452,42.855047,15.578123,tradeoff_or_tie
l3-n8192-zipf-w1,arity,3,8192,zipf,1,eas_k1_adaptive,eas,1,adaptive,29,2,native,ok,407,70.036968,70.642681,0.10570222256919685,0.0,0.4554648614783564,123,530,8.278074,78.315042,extra_commits_extra_time
l3-n8192-zipf-w1,arity,3,8192,zipf,1,eas_k1_adaptive,eas,1,adaptive,29,2,accept_id,ok,78,62.922932,62.59879299999999,0.19654091483472613,0.11386725257496953,0.23045726739485528,452,530,15.39211,78.315042,extra_commits_extra_time
l3-n8192-zipf-w1,arity,3,8192,zipf,1,eas_k1_adaptive,eas,1,adaptive,29,2,accept_static_degree,ok,4,35.27586300000001,35.119704,0.549564654514263,0.5028543155093448,0.5537438534089191,526,530,43.039179,78.315042,extra_commits_extra_time
l3-n8192-zipf-w1,arity,3,8192,zipf,1,accept_static_degree,accept_static_degree,,greedy,29,2,native,ok,403,34.761105,35.522977,0.19233810198842316,0.0,0.8225190377725289,123,526,8.278074,43.039179,extra_commits_extra_time
l3-n8192-zipf-w1,arity,3,8192,zipf,1,accept_static_degree,accept_static_degree,,greedy,29,2,accept_id,ok,74,27.647068999999995,27.479088999999995,0.3576301955016382,0.22644183228224374,0.4161802717558496,452,526,15.39211,43.039179,extra_commits_extra_time
l3-n8192-zipf-w1,arity,3,8192,zipf,1,eas_k2_adaptive,eas,2,adaptive,29,2,native,ok,405,65.53900399999999,65.948368,0.11214307344975102,0.0,0.48139465676117377,123,528,8.278074,73.817078,extra_commits_extra_time
l3-n8192-zipf-w1,arity,3,8192,zipf,1,eas_k2_adaptive,eas,2,adaptive,29,2,accept_id,ok,76,58.42496799999999,57.90448,0.2085169234143893,0.12197251037356983,0.2435772910682294,452,528,15.39211,73.817078,extra_commits_extra_time
l3-n8192-zipf-w1,arity,3,8192,zipf,1,eas_k2_adaptive,eas,2,adaptive,29,2,accept_static_degree,ok,2,30.777898999999998,30.425391000000005,0.5830517837620178,0.5386483104479552,0.5852687106973754,526,528,43.039179,73.817078,extra_commits_extra_time
l3-n8192-zipf-w1,arity,3,8192,zipf,1,accept_id,accept_id,,greedy,29,2,native,ok,329,7.1140360000000005,8.043888,0.5378128144874225,0.0,1.9763527816980624,123,452,8.278074,15.39211,extra_commits_extra_time
l3-n8192-zipf-w1,arity,3,8192,zipf,1,accept_id,accept_id,,greedy,29,2,accept_static_degree,ok,-74,-27.647068999999995,-27.479088999999995,2.7961844737336206,4.416145152692329,2.4028049089906065,526,452,43.039179,15.39211,tradeoff_or_tie
l3-n8192-zipf-w1,arity,3,8192,zipf,1,native,native,,native,29,2,accept_id,ok,-329,-7.1140360000000005,-8.043888,1.8593829917442148,,0.5059825397876638,452,123,15.39211,8.278074,tradeoff_or_tie
l3-n8192-zipf-w1,arity,3,8192,zipf,1,native,native,,native,29,2,accept_static_degree,ok,-403,-34.761105,-35.522977,5.199177852239543,,1.2157773304653336,526,123,43.039179,8.278074,tradeoff_or_tie
l3-n8192-zipf-w1,arity,3,8192,zipf,1,eas_k1_adaptive,eas,1,adaptive,29,3,native,ok,407,70.20006699999999,70.654736,0.10608431162782898,0.0,0.45711126148687387,123,530,8.330904,78.530971,extra_commits_extra_time
l3-n8192-zipf-w1,arity,3,8192,zipf,1,eas_k1_adaptive,eas,1,adaptive,29,3,accept_id,ok,78,62.80392799999999,62.584055,0.20026548506575834,0.11422703497186658,0.23482457319636368,452,530,15.727043,78.530971,extra_commits_extra_time
l3-n8192-zipf-w1,arity,3,8192,zipf,1,eas_k1_adaptive,eas,1,adaptive,29,3,accept_static_degree,ok,4,35.19975699999999,34.891778,0.5517722937616549,0.5061650502805644,0.5559682807885579,526,530,43.331214,78.530971,extra_commits_extra_time
l3-n8192-zipf-w1,arity,3,8192,zipf,1,accept_id,accept_id,,greedy,29,3,native,ok,329,7.396139,8.070681,0.5297183965224741,0.0,1.9466074408858005,123,452,8.330904,15.727043,extra_commits_extra_time
l3-n8192-zipf-w1,arity,3,8192,zipf,1,accept_id,accept_id,,greedy,29,3,accept_static_degree,ok,-74,-27.604171,-27.692276999999997,2.7552041410454593,4.431219372937673,2.367589870263063,526,452,43.331214,15.727043,tradeoff_or_tie
l3-n8192-zipf-w1,arity,3,8192,zipf,1,accept_static_degree,accept_static_degree,,greedy,29,3,native,ok,403,35.00031,35.762958,0.19226103381271523,0.0,0.8221894616695217,123,526,8.330904,43.331214,extra_commits_extra_time
l3-n8192-zipf-w1,arity,3,8192,zipf,1,accept_static_degree,accept_static_degree,,greedy,29,3,accept_id,ok,74,27.604171,27.692276999999997,0.3629495125615451,0.22567151743991648,0.4223704504568141,452,526,15.727043,43.331214,extra_commits_extra_time
l3-n8192-zipf-w1,arity,3,8192,zipf,1,native,native,,native,29,3,accept_id,ok,-329,-7.396139,-8.070681,1.887795490141286,,0.5137142594836438,452,123,15.727043,8.330904,tradeoff_or_tie
l3-n8192-zipf-w1,arity,3,8192,zipf,1,native,native,,native,29,3,accept_static_degree,ok,-403,-35.00031,-35.762958,5.201261951884214,,1.2162646769631658,526,123,43.331214,8.330904,tradeoff_or_tie
l3-n8192-zipf-w1,arity,3,8192,zipf,1,eas_k2_adaptive,eas,2,adaptive,29,3,native,ok,405,65.496389,65.883296,0.11284314596229339,0.0,0.48439984608298864,123,528,8.330904,73.827293,extra_commits_extra_time
l3-n8192-zipf-w1,arity,3,8192,zipf,1,eas_k2_adaptive,eas,2,adaptive,29,3,accept_id,ok,76,58.100249999999996,57.812615,0.2130247820409723,0.1224996545406593,0.24884310822451355,452,528,15.727043,73.827293,extra_commits_extra_time
l3-n8192-zipf-w1,arity,3,8192,zipf,1,eas_k2_adaptive,eas,2,adaptive,29,3,accept_static_degree,ok,2,30.496078999999995,30.120338000000004,0.5869267616245932,0.5428228423787419,0.5891584223171334,526,528,43.331214,73.827293,extra_commits_extra_time
l3-n8192-zipf-w1,arity,3,8192,zipf,1,accept_id,accept_id,,greedy,47,1,native,ok,344,7.376238000000001,8.100581,0.5306669595237492,0.0,1.8345914886429757,140,484,8.340188,15.716426,extra_commits_extra_time
l3-n8192-zipf-w1,arity,3,8192,zipf,1,accept_id,accept_id,,greedy,47,1,accept_static_degree,ok,-82,-27.189633999999998,-27.285581,2.7300138084829206,4.368348640671576,2.334499440468299,566,484,42.90606,15.716426,tradeoff_or_tie
l3-n8192-zipf-w1,arity,3,8192,zipf,1,eas_k1_adaptive,eas,1,adaptive,47,1,native,ok,425,69.195159,69.685184,0.1075662690978864,0.0,0.434106728860023,140,565,8.340188,77.535347,extra_commits_extra_time
l3-n8192-zipf-w1,arity,3,8192,zipf,1,eas_k1_adaptive,eas,1,adaptive,47,1,accept_id,ok,81,61.818921,61.58460300000001,0.2027001439743347,0.11624538438472085,0.23662310195340885,484,565,15.716426,77.535347,extra_commits_extra_time
l3-n8192-zipf-w1,arity,3,8192,zipf,1,eas_k1_adaptive,eas,1,adaptive,47,1,accept_static_degree,ok,-1,34.629287000000005,34.29902200000001,0.5533741920314098,0.5078003668613402,0.5523964991121062,566,565,42.90606,77.535347,baseline_dominates
l3-n8192-zipf-w1,arity,3,8192,zipf,1,native,native,,native,47,1,accept_id,ok,-344,-7.376238000000001,-8.100581,1.884421070604164,,0.5450804749670388,484,140,15.716426,8.340188,tradeoff_or_tie
l3-n8192-zipf-w1,arity,3,8192,zipf,1,native,native,,native,47,1,accept_static_degree,ok,-426,-34.565872,-35.386162,5.144495543745537,,1.2724900638207466,566,140,42.90606,8.340188,tradeoff_or_tie
l3-n8192-zipf-w1,arity,3,8192,zipf,1,eas_k2_adaptive,eas,2,adaptive,47,1,native,ok,424,65.235175,65.685797,0.11335571664118055,0.0,0.45666160132632244,140,564,8.340188,73.575363,extra_commits_extra_time
l3-n8192-zipf-w1,arity,3,8192,zipf,1,eas_k2_adaptive,eas,2,adaptive,47,1,accept_id,ok,80,57.858937,57.585215999999996,0.2136099009120757,0.12332317441470643,0.24891732255016036,484,564,15.716426,73.575363,extra_commits_extra_time
l3-n8192-zipf-w1,arity,3,8192,zipf,1,eas_k2_adaptive,eas,2,adaptive,47,1,accept_static_degree,ok,-2,30.669303,30.299634999999995,0.5831579791186351,0.5387186213177866,0.5810973502162164,566,564,42.90606,73.575363,baseline_dominates
l3-n8192-zipf-w1,arity,3,8192,zipf,1,accept_static_degree,accept_static_degree,,greedy,47,1,native,ok,426,34.565872,35.386162,0.19438251846009633,0.0,0.7858607532049604,140,566,8.340188,42.90606,extra_commits_extra_time
l3-n8192-zipf-w1,arity,3,8192,zipf,1,accept_static_degree,accept_static_degree,,greedy,47,1,accept_id,ok,82,27.189633999999998,27.285581,0.3662985135433084,0.22891945727259147,0.42835735261491464,484,566,15.716426,42.90606,extra_commits_extra_time
l3-n8192-zipf-w1,arity,3,8192,zipf,1,native,native,,native,47,2,accept_id,ok,-344,-7.384425,-8.236236,1.8697828400685799,,0.540846276051808,484,140,15.874389,8.489964,tradeoff_or_tie
l3-n8192-zipf-w1,arity,3,8192,zipf,1,native,native,,native,47,2,accept_static_degree,ok,-426,-34.881675,-35.696786,5.1085774922013805,,1.2636057401198364,566,140,43.371639,8.489964,tradeoff_or_tie
l3-n8192-zipf-w1,arity,3,8192,zipf,1,eas_k2_adaptive,eas,2,adaptive,47,2,native,ok,424,64.591876,65.14651,0.11617063828715862,0.0,0.46800171424409504,140,564,8.489964,73.08184,extra_commits_extra_time
l3-n8192-zipf-w1,arity,3,8192,zipf,1,eas_k2_adaptive,eas,2,adaptive,47,2,accept_id,ok,80,57.207451,56.91027400000001,0.21721386598914313,0.12642635806584265,0.2531169843347812,484,564,15.874389,73.08184,extra_commits_extra_time
l3-n8192-zipf-w1,arity,3,8192,zipf,1,eas_k2_adaptive,eas,2,adaptive,47,2,accept_static_degree,ok,-2,29.710200999999998,29.449724000000003,0.5934667080084465,0.5479462522244093,0.5913696525047618,566,564,43.371639,73.08184,baseline_dominates
l3-n8192-zipf-w1,arity,3,8192,zipf,1,accept_static_degree,accept_static_degree,,greedy,47,2,native,ok,426,34.881675,35.696786,0.19574920837093568,0.0,0.7913860852714734,140,566,8.489964,43.371639,extra_commits_extra_time
l3-n8192-zipf-w1,arity,3,8192,zipf,1,accept_static_degree,accept_static_degree,,greedy,47,2,accept_id,ok,82,27.49725,27.460550000000005,0.36600851076898433,0.23072766270890605,0.428018217138295,484,566,15.874389,43.371639,extra_commits_extra_time
l3-n8192-zipf-w1,arity,3,8192,zipf,1,accept_id,accept_id,,greedy,47,2,native,ok,344,7.384425,8.236236,0.5348214661994235,0.0,1.8489542117217226,140,484,8.489964,15.874389,extra_commits_extra_time
l3-n8192-zipf-w1,arity,3,8192,zipf,1,accept_id,accept_id,,greedy,47,2,accept_static_degree,ok,-82,-27.49725,-27.460550000000005,2.732176904572516,4.334114029758254,2.336349155150316,566,484,43.371639,15.874389,tradeoff_or_tie
l3-n8192-zipf-w1,arity,3,8192,zipf,1,eas_k1_adaptive,eas,1,adaptive,47,2,native,ok,425,68.769862,69.330863,0.10988846907317654,0.0,0.44347846447498535,140,565,8.489964,77.259826,extra_commits_extra_time
l3-n8192-zipf-w1,arity,3,8192,zipf,1,eas_k1_adaptive,eas,1,adaptive,47,2,accept_id,ok,81,61.385437,61.094626999999996,0.2054675737944323,0.11879609806674411,0.2398536760204699,484,565,15.874389,77.259826,extra_commits_extra_time
l3-n8192-zipf-w1,arity,3,8192,zipf,1,eas_k1_adaptive,eas,1,adaptive,47,2,accept_static_degree,ok,-1,33.888187,33.63407699999999,0.561373759759697,0.5148758353116131,0.5603819333301224,566,565,43.371639,77.259826,baseline_dominates
l3-n8192-zipf-w1,arity,3,8192,zipf,1,eas_k2_adaptive,eas,2,adaptive,47,3,native,ok,424,64.682912,65.46605,0.11631385910920058,0.0,0.4685786895554593,140,564,8.513791,73.196703,extra_commits_extra_time
l3-n8192-zipf-w1,arity,3,8192,zipf,1,eas_k2_adaptive,eas,2,adaptive,47,3,accept_id,ok,80,57.651742999999996,57.373895,0.21237240699215645,0.12360841993674584,0.247475284181423,484,564,15.54496,73.196703,extra_commits_extra_time
l3-n8192-zipf-w1,arity,3,8192,zipf,1,eas_k2_adaptive,eas,2,adaptive,47,3,accept_static_degree,ok,-2,29.592335999999996,29.634649999999993,0.5957149053557782,0.5473279661748341,0.5936099056914759,566,564,43.604367,73.196703,baseline_dominates
l3-n8192-zipf-w1,arity,3,8192,zipf,1,accept_id,accept_id,,greedy,47,3,native,ok,344,7.031169,8.092155,0.5476881896125818,0.0,1.8934363126620208,140,484,8.513791,15.54496,extra_commits_extra_time
l3-n8192-zipf-w1,arity,3,8192,zipf,1,accept_id,accept_id,,greedy,47,3,accept_static_degree,ok,-82,-28.059407000000004,-27.739245000000004,2.805048517332949,4.427918150356735,2.398663396447716,566,484,43.604367,15.54496,tradeoff_or_tie
l3-n8192-zipf-w1,arity,3,8192,zipf,1,accept_static_degree,accept_static_degree,,greedy,47,3,native,ok,426,35.090576000000006,35.8314,0.19525087934426383,0.0,0.7893714122065197,140,566,8.513791,43.604367,extra_commits_extra_time
l3-n8192-zipf-w1,arity,3,8192,zipf,1,accept_static_degree,accept_static_degree,,greedy,47,3,accept_id,ok,82,28.059407000000004,27.739245000000004,0.35650007257300625,0.22583976623855054,0.41689884519893167,484,566,15.54496,43.604367,extra_commits_extra_time
l3-n8192-zipf-w1,arity,3,8192,zipf,1,native,native,,native,47,3,accept_id,ok,-344,-7.031169,-8.092155,1.8258564251812148,,0.5281402882751729,484,140,15.54496,8.513791,tradeoff_or_tie
l3-n8192-zipf-w1,arity,3,8192,zipf,1,native,native,,native,47,3,accept_static_degree,ok,-426,-35.090576000000006,-35.8314,5.121615858317406,,1.266830777675002,566,140,43.604367,8.513791,tradeoff_or_tie
l3-n8192-zipf-w1,arity,3,8192,zipf,1,eas_k1_adaptive,eas,1,adaptive,47,3,native,ok,425,68.695457,69.384,0.11026905740618013,0.0,0.44501441024725513,140,565,8.513791,77.209248,extra_commits_extra_time
l3-n8192-zipf-w1,arity,3,8192,zipf,1,eas_k1_adaptive,eas,1,adaptive,47,3,accept_id,ok,81,61.664288,61.291845,0.20133546696375024,0.11662854548599101,0.23503003891459134,484,565,15.54496,77.209248,extra_commits_extra_time
l3-n8192-zipf-w1,arity,3,8192,zipf,1,eas_k1_adaptive,eas,1,adaptive,47,3,accept_static_degree,ok,-1,33.604881,33.5526,0.5647557530932046,0.5164216534071255,0.5637579514101125,566,565,43.604367,77.209248,baseline_dominates
l3-n8192-zipf-w1,arity,3,8192,zipf,1,accept_static_degree,accept_static_degree,,greedy,71,1,native,ok,401,34.665868,35.603974,0.19512391739737941,0.0,0.806410564871355,128,529,8.403952,43.06982,extra_commits_extra_time
l3-n8192-zipf-w1,arity,3,8192,zipf,1,accept_static_degree,accept_static_degree,,greedy,71,1,accept_id,ok,79,27.400168999999998,27.476629000000003,0.36381974663465044,0.22827072618354344,0.4276903243782485,450,529,15.669651,43.06982,extra_commits_extra_time
l3-n8192-zipf-w1,arity,3,8192,zipf,1,eas_k2_adaptive,eas,2,adaptive,71,1,native,ok,398,66.793733,67.353787,0.1117581212772707,0.0,0.45925602962495565,128,526,8.403952,75.197685,extra_commits_extra_time
l3-n8192-zipf-w1,arity,3,8192,zipf,1,eas_k2_adaptive,eas,2,adaptive,71,1,accept_id,ok,76,59.528034000000005,59.226442,0.20837943348920912,0.12066648902755832,0.24357240447897424,450,526,15.669651,75.197685,extra_commits_extra_time
l3-n8192-zipf-w1,arity,3,8192,zipf,1,eas_k2_adaptive,eas,2,adaptive,71,1,accept_static_degree,ok,-3,32.12786500000001,31.749812999999996,0.5727546000917448,0.5286113162426933,0.5695064643631248,529,526,43.06982,75.197685,baseline_dominates
l3-n8192-zipf-w1,arity,3,8192,zipf,1,eas_k1_adaptive,eas,1,adaptive,71,1,native,ok,401,70.533137,71.234757,0.10646392090795241,0.0,0.4399954231285598,128,529,8.403952,78.937089,extra_commits_extra_time
l3-n8192-zipf-w1,arity,3,8192,zipf,1,eas_k1_adaptive,eas,1,adaptive,71,1,accept_id,ok,79,63.267438,63.107412000000004,0.19850809294474997,0.11409240856959756,0.23335729148441736,450,529,15.669651,78.937089,extra_commits_extra_time
l3-n8192-zipf-w1,arity,3,8192,zipf,1,eas_k1_adaptive,eas,1,adaptive,71,1,accept_static_degree,ok,0,35.867269,35.630783,0.5456220966040437,0.4998118264094029,0.5456220966037956,529,529,43.06982,78.937089,baseline_dominates
l3-n8192-zipf-w1,arity,3,8192,zipf,1,native,native,,native,71,1,accept_id,ok,-322,-7.265699,-8.127345,1.8645574129885558,,0.530362997471985,450,128,15.669651,8.403952,tradeoff_or_tie
l3-n8192-zipf-w1,arity,3,8192,zipf,1,native,native,,native,71,1,accept_static_degree,ok,-401,-34.665868,-35.603974,5.1249483576298385,,1.2400631186665168,529,128,43.06982,8.403952,tradeoff_or_tie
l3-n8192-zipf-w1,arity,3,8192,zipf,1,accept_id,accept_id,,greedy,71,1,native,ok,322,7.265699,8.127345,0.5363203047725824,0.0,1.885501071467231,128,450,8.403952,15.669651,extra_commits_extra_time
l3-n8192-zipf-w1,arity,3,8192,zipf,1,accept_id,accept_id,,greedy,71,1,accept_static_degree,ok,-79,-27.400168999999998,-27.476629000000003,2.7486138651077807,4.380763213570976,2.3381403389327136,529,450,43.06982,15.669651,tradeoff_or_tie
l3-n8192-zipf-w1,arity,3,8192,zipf,1,native,native,,native,71,2,accept_id,ok,-322,-7.509391000000001,-8.141652,1.9154996046330233,,0.5448532208736586,450,128,15.711897,8.202506,tradeoff_or_tie
l3-n8192-zipf-w1,arity,3,8192,zipf,1,native,native,,native,71,2,accept_static_degree,ok,-401,-34.689062,-35.487405,5.22908096623154,,1.265259666690961,529,128,42.891568,8.202506,tradeoff_or_tie
l3-n8192-zipf-w1,arity,3,8192,zipf,1,eas_k1_adaptive,eas,1,adaptive,71,2,native,ok,401,71.471758,71.844249,0.10295050858580884,0.0,0.42547514876419784,128,529,8.202506,79.674264,extra_commits_extra_time
l3-n8192-zipf-w1,arity,3,8192,zipf,1,eas_k1_adaptive,eas,1,adaptive,71,2,accept_id,ok,79,63.96236699999999,63.702597000000004,0.1972016584928855,0.11332364264814014,0.23182150520587225,450,529,15.711897,79.674264,extra_commits_extra_time
l3-n8192-zipf-w1,arity,3,8192,zipf,1,eas_k1_adaptive,eas,1,adaptive,71,2,accept_static_degree,ok,0,36.782695999999994,36.356844,0.5383365449099097,0.49394913989566513,0.538336544910676,529,529,42.891568,79.674264,baseline_dominates
l3-n8192-zipf-w1,arity,3,8192,zipf,1,eas_k2_adaptive,eas,2,adaptive,71,2,native,ok,398,65.498621,66.180792,0.11129417328991455,0.0,0.4573494933622486,128,526,8.202506,73.701127,extra_commits_extra_time
l3-n8192-zipf-w1,arity,3,8192,zipf,1,eas_k2_adaptive,eas,2,adaptive,71,2,accept_id,ok,76,57.98923,58.039139999999996,0.21318394493479048,0.12302137454021404,0.24918834452335709,450,526,15.711897,73.701127,extra_commits_extra_time
l3-n8192-zipf-w1,arity,3,8192,zipf,1,eas_k2_adaptive,eas,2,adaptive,71,2,accept_static_degree,ok,-3,30.809559,30.693386999999994,0.5819662432027668,0.5362191041775385,0.5786658675327985,529,526,42.891568,73.701127,baseline_dominates
l3-n8192-zipf-w1,arity,3,8192,zipf,1,accept_static_degree,accept_static_degree,,greedy,71,2,native,ok,401,34.689062,35.487405,0.19123819394991576,0.0,0.7903515984314148,128,529,8.202506,42.891568,extra_commits_extra_time
l3-n8192-zipf-w1,arity,3,8192,zipf,1,accept_static_degree,accept_static_degree,,greedy,71,2,accept_id,ok,79,27.179671,27.345753000000002,0.36631668490179703,0.22942370680527358,0.43062561402800076,450,529,15.711897,42.891568,extra_commits_extra_time
l3-n8192-zipf-w1,arity,3,8192,zipf,1,accept_id,accept_id,,greedy,71,2,native,ok,322,7.509391000000001,8.141652,0.5220570119572449,0.0,1.835356682661295,128,450,8.202506,15.711897,extra_commits_extra_time
l3-n8192-zipf-w1,arity,3,8192,zipf,1,accept_id,accept_id,,greedy,71,2,accept_static_degree,ok,-79,-27.179671,-27.345753000000002,2.7298783845133405,4.358747463045583,2.322202784563058,529,450,42.891568,15.711897,tradeoff_or_tie
l3-n8192-zipf-w1,arity,3,8192,zipf,1,native,native,,native,71,3,accept_id,ok,-322,-7.711047000000001,-8.200329,1.9539325509097005,,0.5557852589244245,450,128,15.794477,8.08343,tradeoff_or_tie
l3-n8192-zipf-w1,arity,3,8192,zipf,1,native,native,,native,71,3,accept_static_degree,ok,-401,-35.031242,-35.499184,5.333710071096057,,1.2905763499054048,529,128,43.114672,8.08343,tradeoff_or_tie
l3-n8192-zipf-w1,arity,3,8192,zipf,1,accept_id,accept_id,,greedy,71,3,native,ok,322,7.711047000000001,8.200329,0.5117883928666963,0.0,1.7992560686752213,128,450,8.08343,15.794477,extra_commits_extra_time
l3-n8192-zipf-w1,arity,3,8192,zipf,1,accept_id,accept_id,,greedy,71,3,accept_static_degree,ok,-79,-27.320195,-27.298855,2.7297309053031635,4.3289950927578635,2.3220773296560155,529,450,43.114672,15.794477,tradeoff_or_tie
l3-n8192-zipf-w1,arity,3,8192,zipf,1,accept_static_degree,accept_static_degree,,greedy,71,3,native,ok,401,35.031242,35.499184,0.18748675624854574,0.0,0.7748476098088245,128,529,8.08343,43.114672,extra_commits_extra_time
l3-n8192-zipf-w1,arity,3,8192,zipf,1,accept_static_degree,accept_static_degree,,greedy,71,3,accept_id,ok,79,27.320195,27.298855,0.3663364758985062,0.23100049285639918,0.430648879444569,450,529,15.794477,43.114672,extra_commits_extra_time
l3-n8192-zipf-w1,arity,3,8192,zipf,1,eas_k1_adaptive,eas,1,adaptive,71,3,native,ok,401,71.818773,71.937234,0.10116654731034137,0.0,0.4181023713066442,128,529,8.08343,79.902203,extra_commits_extra_time
l3-n8192-zipf-w1,arity,3,8192,zipf,1,eas_k1_adaptive,eas,1,adaptive,71,3,accept_id,ok,79,64.107726,63.73690500000001,0.1976726098528222,0.11399283158426692,0.2323751346935791,450,529,15.794477,79.902203,extra_commits_extra_time
l3-n8192-zipf-w1,arity,3,8192,zipf,1,eas_k1_adaptive,eas,1,adaptive,71,3,accept_static_degree,ok,0,36.787531,36.438050000000004,0.5395930322471835,0.49347440853786506,0.539593032247723,529,529,43.114672,79.902203,baseline_dominates
l3-n8192-zipf-w1,arity,3,8192,zipf,1,eas_k2_adaptive,eas,2,adaptive,71,3,native,ok,398,65.69289800000001,66.161973,0.10956671630499147,0.0,0.45025072481683887,128,526,8.08343,73.776328,extra_commits_extra_time
l3-n8192-zipf-w1,arity,3,8192,zipf,1,eas_k2_adaptive,eas,2,adaptive,71,3,accept_id,ok,76,57.981851000000006,57.96164400000001,0.21408597348461147,0.12394323548966715,0.2502427156732366,450,526,15.794477,73.776328,extra_commits_extra_time
l3-n8192-zipf-w1,arity,3,8192,zipf,1,eas_k2_adaptive,eas,2,adaptive,71,3,accept_static_degree,ok,-3,30.661656000000008,30.662789000000004,0.5843970982128576,0.5365496582153014,0.5810829369763787,529,526,43.114672,73.776328,baseline_dominates
l3-n8192-zipf-w1,arity,3,8192,zipf,1,accept_static_degree,accept_static_degree,,greedy,101,1,native,ok,420,34.692311000000004,35.244889,0.19184598733418862,0.0,0.7843115364515095,136,556,8.235535,42.927846,extra_commits_extra_time
l3-n8192-zipf-w1,arity,3,8192,zipf,1,accept_static_degree,accept_static_degree,,greedy,101,1,accept_id,ok,81,27.201403000000003,27.120164000000003,0.36634596108083317,0.23052207654846069,0.4288175881275888,475,556,15.726443,42.927846,extra_commits_extra_time
l3-n8192-zipf-w1,arity,3,8192,zipf,1,accept_id,accept_id,,greedy,101,1,native,ok,339,7.490907999999999,8.124725,0.5236743617104008,0.0,1.8290097192052404,136,475,8.235535,15.726443,extra_commits_extra_time
l3-n8192-zipf-w1,arity,3,8192,zipf,1,accept_id,accept_id,,greedy,101,1,accept_static_degree,ok,-81,-27.201403000000003,-27.120164000000003,2.729660228953235,4.337979316223011,2.3319939006383845,556,475,42.927846,15.726443,tradeoff_or_tie
l3-n8192-zipf-w1,arity,3,8192,zipf,1,eas_k1_adaptive,eas,1,adaptive,101,1,native,ok,413,69.525948,69.983597,0.1059076381040727,0.0,0.42752421558096665,136,549,8.235535,77.761483,extra_commits_extra_time
l3-n8192-zipf-w1,arity,3,8192,zipf,1,eas_k1_adaptive,eas,1,adaptive,101,1,accept_id,ok,74,62.035039999999995,61.858872000000005,0.2022394943265164,0.1160947043062105,0.23374627870580084,475,549,15.726443,77.761483,extra_commits_extra_time
l3-n8192-zipf-w1,arity,3,8192,zipf,1,eas_k1_adaptive,eas,1,adaptive,101,1,accept_static_degree,ok,-7,34.833636999999996,34.738708,0.5520451043867052,0.5036164260033676,0.5450948962388474,556,549,42.927846,77.761483,baseline_dominates
l3-n8192-zipf-w1,arity,3,8192,zipf,1,eas_k2_adaptive,eas,2,adaptive,101,1,native,ok,412,64.576195,65.113852,0.11310725620720728,0.0,0.4557557088339733,136,548,8.235535,72.81173,extra_commits_extra_time
l3-n8192-zipf-w1,arity,3,8192,zipf,1,eas_k2_adaptive,eas,2,adaptive,101,1,accept_id,ok,73,57.085286999999994,56.989126999999996,0.215987767355617,0.12477721330324615,0.2491816768650157,475,548,15.726443,72.81173,extra_commits_extra_time
l3-n8192-zipf-w1,arity,3,8192,zipf,1,eas_k2_adaptive,eas,2,adaptive,101,1,accept_static_degree,ok,-8,29.883883999999995,29.868962999999994,0.5895732184910316,0.5412809704454284,0.5810901506000615,556,548,42.927846,72.81173,baseline_dominates
l3-n8192-zipf-w1,arity,3,8192,zipf,1,native,native,,native,101,1,accept_id,ok,-339,-7.490907999999999,-8.124725,1.9095836518210412,,0.5467439508383422,475,136,15.726443,8.235535,tradeoff_or_tie
l3-n8192-zipf-w1,arity,3,8192,zipf,1,native,native,,native,101,1,accept_static_degree,ok,-420,-34.692311000000004,-35.244889,5.212514548235179,,1.275003558565947,556,136,42.927846,8.235535,tradeoff_or_tie
l3-n8192-zipf-w1,arity,3,8192,zipf,1,eas_k2_adaptive,eas,2,adaptive,101,2,native,ok,412,65.03542,65.469372,0.11213281276952143,0.0,0.45182927498258224,136,548,8.213621,73.249041,extra_commits_extra_time
l3-n8192-zipf-w1,arity,3,8192,zipf,1,eas_k2_adaptive,eas,2,adaptive,101,2,accept_id,ok,73,57.55332000000001,57.38573600000001,0.21427885997852175,0.12347202597269452,0.24721013740679765,475,548,15.695721,73.249041,extra_commits_extra_time
l3-n8192-zipf-w1,arity,3,8192,zipf,1,eas_k2_adaptive,eas,2,adaptive,101,2,accept_static_degree,ok,-8,29.97083200000001,29.91140200000001,0.5908365271294131,0.5431237373103257,0.5823352821343752,556,548,43.278209,73.249041,baseline_dominates
l3-n8192-zipf-w1,arity,3,8192,zipf,1,native,native,,native,101,2,accept_id,ok,-339,-7.482100000000001,-8.083636,1.910938062518346,,0.5471317400058406,475,136,15.695721,8.213621,tradeoff_or_tie
l3-n8192-zipf-w1,arity,3,8192,zipf,1,native,native,,native,101,2,accept_static_degree,ok,-420,-35.064588,-35.55797,5.269077913383147,,1.2888392018353036,556,136,43.278209,8.213621,tradeoff_or_tie
l3-n8192-zipf-w1,arity,3,8192,zipf,1,eas_k1_adaptive,eas,1,adaptive,101,2,native,ok,413,69.505788,69.729572,0.10568300898942759,0.0,0.4266174406995173,136,549,8.213621,77.719409,extra_commits_extra_time
l3-n8192-zipf-w1,arity,3,8192,zipf,1,eas_k1_adaptive,eas,1,adaptive,101,2,accept_id,ok,74,62.023688,61.645936000000006,0.20195368443936573,0.11592837541007708,0.23341594264676543,475,549,15.695721,77.719409,extra_commits_extra_time
l3-n8192-zipf-w1,arity,3,8192,zipf,1,eas_k1_adaptive,eas,1,adaptive,101,2,accept_static_degree,ok,-7,34.4412,34.17160200000001,0.5568520084860655,0.5099410333394846,0.5498412817601859,556,549,43.278209,77.719409,baseline_dominates
l3-n8192-zipf-w1,arity,3,8192,zipf,1,accept_id,accept_id,,greedy,101,2,native,ok,339,7.482100000000001,8.083636,0.5233031983685235,0.0,1.8277133766528058,136,475,8.213621,15.695721,extra_commits_extra_time
l3-n8192-zipf-w1,arity,3,8192,zipf,1,accept_id,accept_id,,greedy,101,2,accept_static_degree,ok,-81,-27.582487999999998,-27.474334,2.7573253245263465,4.3987594196472966,2.35562864954891,556,475,43.278209,15.695721,tradeoff_or_tie
l3-n8192-zipf-w1,arity,3,8192,zipf,1,accept_static_degree,accept_static_degree,,greedy,101,2,native,ok,420,35.064588,35.55797,0.1897865274415584,0.0,0.7758919798342591,136,556,8.213621,43.278209,extra_commits_extra_time
l3-n8192-zipf-w1,arity,3,8192,zipf,1,accept_static_degree,accept_static_degree,,greedy,101,2,accept_id,ok,81,27.582487999999998,27.474334,0.3626702990412566,0.22733682490873355,0.42451512898329474,475,556,15.695721,43.278209,extra_commits_extra_time
l3-n8192-zipf-w1,arity,3,8192,zipf,1,accept_static_degree,accept_static_degree,,greedy,101,3,native,ok,420,35.177616,35.838634,0.19146600962124122,0.0,0.7827580981561589,136,556,8.330284,43.5079,extra_commits_extra_time
l3-n8192-zipf-w1,arity,3,8192,zipf,1,accept_static_degree,accept_static_degree,,greedy,101,3,accept_id,ok,81,27.956455,27.697539,0.35743956844619024,0.22715974609969788,0.4183924211702396,475,556,15.551445,43.5079,extra_commits_extra_time
l3-n8192-zipf-w1,arity,3,8192,zipf,1,native,native,,native,101,3,accept_id,ok,-339,-7.221160999999999,-8.141095,1.8668565201378486,,0.534510498397643,475,136,15.551445,8.330284,tradeoff_or_tie
l3-n8192-zipf-w1,arity,3,8192,zipf,1,native,native,,native,101,3,accept_static_degree,ok,-420,-35.177616,-35.838634,5.222859148619662,,1.2775338924701891,556,136,43.5079,8.330284,tradeoff_or_tie
l3-n8192-zipf-w1,arity,3,8192,zipf,1,accept_id,accept_id,,greedy,101,3,native,ok,339,7.221160999999999,8.141095,0.5356598052463936,0.0,1.870870643322821,136,475,8.330284,15.551445,extra_commits_extra_time
l3-n8192-zipf-w1,arity,3,8192,zipf,1,accept_id,accept_id,,greedy,101,3,accept_static_degree,ok,-81,-27.956455,-27.697539,2.7976757143789532,4.402188403402736,2.3901006552724104,556,475,43.5079,15.551445,tradeoff_or_tie
l3-n8192-zipf-w1,arity,3,8192,zipf,1,eas_k2_adaptive,eas,2,adaptive,101,3,native,ok,412,64.641899,65.209936,0.11415697951642752,0.0,0.45998547628680564,136,548,8.330284,72.972183,extra_commits_extra_time
l3-n8192-zipf-w1,arity,3,8192,zipf,1,eas_k2_adaptive,eas,2,adaptive,101,3,accept_id,ok,73,57.420738,57.068841,0.21311470152948556,0.1248443948787191,0.24586706618573767,475,548,15.551445,72.972183,extra_commits_extra_time
l3-n8192-zipf-w1,arity,3,8192,zipf,1,eas_k2_adaptive,eas,2,adaptive,101,3,accept_static_degree,ok,-8,29.464283000000002,29.371302,0.5962258248461609,0.5495885473649291,0.5876470360004367,556,548,43.5079,72.972183,baseline_dominates
l3-n8192-zipf-w1,arity,3,8192,zipf,1,eas_k1_adaptive,eas,1,adaptive,101,3,native,ok,413,69.47667999999999,69.893937,0.1070634757063648,0.0,0.4321900600207451,136,549,8.330284,77.806964,extra_commits_extra_time
l3-n8192-zipf-w1,arity,3,8192,zipf,1,eas_k1_adaptive,eas,1,adaptive,101,3,accept_id,ok,74,62.25551899999999,61.752841999999994,0.1998721476910473,0.11647784270615634,0.2310101243841957,475,549,15.551445,77.806964,extra_commits_extra_time
l3-n8192-zipf-w1,arity,3,8192,zipf,1,eas_k1_adaptive,eas,1,adaptive,101,3,accept_static_degree,ok,-7,34.299063999999994,34.055302999999995,0.5591774535760065,0.5127574084144094,0.5521374496652272,556,549,43.5079,77.806964,baseline_dominates
l4-n8192-uniform-w1,arity,4,8192,uniform,1,accept_static_degree,accept_static_degree,,greedy,11,1,native,ok,962,88.939616,88.322112,0.1063398029258746,0.0,0.2684616577825917,631,1593,10.583241,99.522857,extra_commits_extra_time
l4-n8192-uniform-w1,arity,4,8192,uniform,1,accept_static_degree,accept_static_degree,,greedy,11,1,accept_id,ok,248,79.663613,78.671899,0.19954455286588085,0.10926157427032543,0.23633789792952528,1345,1593,19.859244,99.522857,extra_commits_extra_time
l4-n8192-uniform-w1,arity,4,8192,uniform,1,accept_id,accept_id,,greedy,11,1,native,ok,714,9.276003000000001,9.650213,0.5329125821708016,0.0,1.135923015878924,631,1345,10.583241,19.859244,extra_commits_extra_time
l4-n8192-uniform-w1,arity,4,8192,uniform,1,accept_id,accept_id,,greedy,11,1,accept_static_degree,ok,-248,-79.663613,-78.671899,5.011412166545716,9.152348450754403,4.231229983682916,1593,1345,99.522857,19.859244,tradeoff_or_tie
l4-n8192-uniform-w1,arity,4,8192,uniform,1,eas_k1_adaptive,eas,1,adaptive,11,1,native,ok,906,98.00977,97.443324,0.09745784652752652,0.0,0.23738939796056566,631,1537,10.583241,108.593011,extra_commits_extra_time
l4-n8192-uniform-w1,arity,4,8192,uniform,1,eas_k1_adaptive,eas,1,adaptive,11,1,accept_id,ok,192,88.733767,87.79311100000001,0.1828777360266767,0.09903411135687448,0.20898370280567372,1345,1537,19.859244,108.593011,extra_commits_extra_time
l4-n8192-uniform-w1,arity,4,8192,uniform,1,eas_k1_adaptive,eas,1,adaptive,11,1,accept_static_degree,ok,-56,9.070154000000002,9.121212,0.9164757113144233,0.9063946956489293,0.8842581094124462,1593,1537,99.522857,108.593011,baseline_dominates
l4-n8192-uniform-w1,arity,4,8192,uniform,1,native,native,,native,11,1,accept_id,ok,-714,-9.276003000000001,-9.650213,1.876480371183081,,0.8803413488600254,1345,631,19.859244,10.583241,tradeoff_or_tie
l4-n8192-uniform-w1,arity,4,8192,uniform,1,native,native,,native,11,1,accept_static_degree,ok,-962,-88.939616,-88.322112,9.403816562431112,,3.7249267111724014,1593,631,99.522857,10.583241,tradeoff_or_tie
l4-n8192-uniform-w1,arity,4,8192,uniform,1,eas_k2_adaptive,eas,2,adaptive,11,1,native,ok,899,96.303,95.700757,0.09901406299806165,0.0,0.24008164245216168,631,1530,10.583241,106.886241,extra_commits_extra_time
l4-n8192-uniform-w1,arity,4,8192,uniform,1,eas_k2_adaptive,eas,2,adaptive,11,1,accept_id,ok,185,87.026997,86.050544,0.18579794568694769,0.10083737373153695,0.21135379695286632,1345,1530,19.859244,106.886241,extra_commits_extra_time
l4-n8192-uniform-w1,arity,4,8192,uniform,1,eas_k2_adaptive,eas,2,adaptive,11,1,accept_static_degree,ok,-63,7.363383999999996,7.378644999999992,0.9311100855347697,0.9228987812499749,0.894286522832199,1593,1530,99.522857,106.886241,baseline_dominates
l4-n8192-uniform-w1,arity,4,8192,uniform,1,eas_k1_adaptive,eas,1,adaptive,11,2,native,ok,906,96.179386,95.566326,0.10026716473280715,0.0,0.24423238065565173,631,1537,10.718331,106.897717,extra_commits_extra_time
l4-n8192-uniform-w1,arity,4,8192,uniform,1,eas_k1_adaptive,eas,1,adaptive,11,2,accept_id,ok,192,87.083805,85.91194300000001,0.18535393043052545,0.10102285401240599,0.21181337626082736,1345,1537,19.813912,106.897717,extra_commits_extra_time
l4-n8192-uniform-w1,arity,4,8192,uniform,1,eas_k1_adaptive,eas,1,adaptive,11,2,accept_static_degree,ok,-56,7.454352,7.361440999999999,0.930266499517478,0.9229703462702961,0.8975640990265338,1593,1537,99.443365,106.897717,baseline_dominates
l4-n8192-uniform-w1,arity,4,8192,uniform,1,accept_id,accept_id,,greedy,11,2,native,ok,714,9.095581,9.654383,0.540949762974621,0.0,1.1530545660860603,631,1345,10.718331,19.813912,extra_commits_extra_time
l4-n8192-uniform-w1,arity,4,8192,uniform,1,accept_id,accept_id,,greedy,11,2,accept_static_degree,ok,-248,-79.629453,-78.55050200000001,5.0188657848081695,9.13625293299427,4.2375232144039465,1593,1345,99.443365,19.813912,tradeoff_or_tie
l4-n8192-uniform-w1,arity,4,8192,uniform,1,native,native,,native,11,2,accept_id,ok,-714,-9.095581,-9.654383,1.8486004957301654,,0.8672616452093934,1345,631,19.813912,10.718331,tradeoff_or_tie
l4-n8192-uniform-w1,arity,4,8192,uniform,1,native,native,,native,11,2,accept_static_degree,ok,-962,-88.725034,-88.204885,9.277877777799548,,3.6750413545369645,1593,631,99.443365,10.718331,tradeoff_or_tie
l4-n8192-uniform-w1,arity,4,8192,uniform,1,eas_k2_adaptive,eas,2,adaptive,11,2,native,ok,899,97.06520800000001,96.78393,0.09944311626286458,0.0,0.24112197762655335,631,1530,10.718331,107.783539,extra_commits_extra_time
l4-n8192-uniform-w1,arity,4,8192,uniform,1,eas_k2_adaptive,eas,2,adaptive,11,2,accept_id,ok,185,87.969627,87.129547,0.18383059402048393,0.09975192162583188,0.20911584301254724,1345,1530,19.813912,107.783539,extra_commits_extra_time
l4-n8192-uniform-w1,arity,4,8192,uniform,1,eas_k2_adaptive,eas,2,adaptive,11,2,accept_static_degree,ok,-63,8.340174000000005,8.579044999999994,0.9226210785303681,0.911358786525821,0.8861332392653203,1593,1530,99.443365,107.783539,baseline_dominates
l4-n8192-uniform-w1,arity,4,8192,uniform,1,accept_static_degree,accept_static_degree,,greedy,11,2,native,ok,962,88.725034,88.204885,0.10778326940163377,0.0,0.2721057815486799,631,1593,10.718331,99.443365,extra_commits_extra_time
l4-n8192-uniform-w1,arity,4,8192,uniform,1,accept_static_degree,accept_static_degree,,greedy,11,2,accept_id,ok,248,79.629453,78.55050200000001,0.19924820524727818,0.10945406254993699,0.235986907776896,1345,1593,19.813912,99.443365,extra_commits_extra_time
l4-n8192-uniform-w1,arity,4,8192,uniform,1,eas_k1_adaptive,eas,1,adaptive,11,3,native,ok,906,98.37696,97.298562,0.09568273797856067,0.0,0.2330655598621051,631,1537,10.408932,108.785892,extra_commits_extra_time
l4-n8192-uniform-w1,arity,4,8192,uniform,1,eas_k1_adaptive,eas,1,adaptive,11,3,accept_id,ok,192,89.133435,87.648116,0.18065262543418772,0.099183850219698,0.20644095560759892,1345,1537,19.652457,108.785892,extra_commits_extra_time
l4-n8192-uniform-w1,arity,4,8192,uniform,1,eas_k1_adaptive,eas,1,adaptive,11,3,accept_static_degree,ok,-56,9.348239000000007,9.076515999999998,0.9140675428758721,0.9067147981077048,0.8819345972380332,1593,1537,99.437653,108.785892,baseline_dominates
l4-n8192-uniform-w1,arity,4,8192,uniform,1,accept_static_degree,accept_static_degree,,greedy,11,3,native,ok,962,89.02872099999999,88.222046,0.1046779734433193,0.0,0.26426626259135283,631,1593,10.408932,99.437653,extra_commits_extra_time
l4-n8192-uniform-w1,arity,4,8192,uniform,1,accept_static_degree,accept_static_degree,,greedy,11,3,accept_id,ok,248,79.785196,78.5716,0.19763596994792304,0.10938814545289507,0.23407739786386988,1345,1593,19.652457,99.437653,extra_commits_extra_time
l4-n8192-uniform-w1,arity,4,8192,uniform,1,eas_k2_adaptive,eas,2,adaptive,11,3,native,ok,899,97.58663100000001,96.586613,0.09638295973326237,0.0,0.23370194673884137,631,1530,10.408932,107.995563,extra_commits_extra_time
l4-n8192-uniform-w1,arity,4,8192,uniform,1,eas_k2_adaptive,eas,2,adaptive,11,3,accept_id,ok,185,88.343106,86.936167,0.18197467057049369,0.09991494369928886,0.20700464384642456,1345,1530,19.652457,107.995563,extra_commits_extra_time
l4-n8192-uniform-w1,arity,4,8192,uniform,1,eas_k2_adaptive,eas,2,adaptive,11,3,accept_static_degree,ok,-63,8.557910000000007,8.364566999999994,0.9207568370193134,0.9133982780822846,0.8843427248230529,1593,1530,99.437653,107.995563,baseline_dominates
l4-n8192-uniform-w1,arity,4,8192,uniform,1,accept_id,accept_id,,greedy,11,3,native,ok,714,9.243524999999998,9.650446,0.5296504147038714,0.0,1.128969584432238,631,1345,10.408932,19.652457,extra_commits_extra_time
l4-n8192-uniform-w1,arity,4,8192,uniform,1,accept_id,accept_id,,greedy,11,3,accept_static_degree,ok,-248,-79.785196,-78.5716,5.059807687150772,9.141758422356853,4.27209123617121,1593,1345,99.437653,19.652457,tradeoff_or_tie
l4-n8192-uniform-w1,arity,4,8192,uniform,1,native,native,,native,11,3,accept_id,ok,-714,-9.243524999999998,-9.650446,1.888037792926306,,0.8857634552687288,1345,631,19.652457,10.408932,tradeoff_or_tie
l4-n8192-uniform-w1,arity,4,8192,uniform,1,native,native,,native,11,3,accept_static_degree,ok,-962,-89.02872099999999,-88.222046,9.5531081382797,,3.7840622945742655,1593,631,99.437653,10.408932,tradeoff_or_tie
l4-n8192-uniform-w1,arity,4,8192,uniform,1,accept_static_degree,accept_static_degree,,greedy,29,1,native,ok,962,88.93059600000001,88.430858,0.1071711426796511,0.0,0.27372791046344513,619,1581,10.674827,99.605423,extra_commits_extra_time
l4-n8192-uniform-w1,arity,4,8192,uniform,1,accept_static_degree,accept_static_degree,,greedy,29,1,accept_id,ok,216,80.211916,78.85501,0.1947033245368578,0.10828627264930529,0.2255135209474112,1365,1581,19.393507,99.605423,extra_commits_extra_time
l4-n8192-uniform-w1,arity,4,8192,uniform,1,native,native,,native,29,1,accept_id,ok,-746,-8.718679999999999,-9.575848,1.8167514096481374,,0.8238601630560698,1365,619,19.393507,10.674827,tradeoff_or_tie
l4-n8192-uniform-w1,arity,4,8192,uniform,1,native,native,,native,29,1,accept_static_degree,ok,-962,-88.93059600000001,-88.430858,9.330869999110993,,3.653262826968989,1581,619,99.605423,10.674827,tradeoff_or_tie
l4-n8192-uniform-w1,arity,4,8192,uniform,1,eas_k2_adaptive,eas,2,adaptive,29,1,native,ok,915,98.167384,97.602079,0.09807616826159476,0.0,0.2430514412174967,619,1534,10.674827,108.842211,extra_commits_extra_time
l4-n8192-uniform-w1,arity,4,8192,uniform,1,eas_k2_adaptive,eas,2,adaptive,29,1,accept_id,ok,169,89.448704,88.026231,0.1781800169421402,0.0981111068341075,0.20024039999245957,1365,1534,19.393507,108.842211,extra_commits_extra_time
l4-n8192-uniform-w1,arity,4,8192,uniform,1,eas_k2_adaptive,eas,2,adaptive,29,1,accept_static_degree,ok,-47,9.236788000000004,9.171221000000003,0.9151359760598762,0.9060345733004315,0.8879307952411191,1581,1534,99.605423,108.842211,baseline_dominates
l4-n8192-uniform-w1,arity,4,8192,uniform,1,accept_id,accept_id,,greedy,29,1,native,ok,746,8.718679999999999,9.575848,0.5504330392641208,0.0,1.2137982206719984,619,1365,10.674827,19.393507,extra_commits_extra_time
l4-n8192-uniform-w1,arity,4,8192,uniform,1,accept_id,accept_id,,greedy,29,1,accept_static_degree,ok,-216,-80.211916,-78.85501,5.136019132589067,9.234780877891962,4.434323919022114,1581,1365,99.605423,19.393507,tradeoff_or_tie
l4-n8192-uniform-w1,arity,4,8192,uniform,1,eas_k1_adaptive,eas,1,adaptive,29,1,native,ok,902,96.45948100000001,95.814631,0.0996396691151447,0.0,0.2448335003618122,619,1521,10.674827,107.134308,extra_commits_extra_time
l4-n8192-uniform-w1,arity,4,8192,uniform,1,eas_k1_adaptive,eas,1,adaptive,29,1,accept_id,ok,156,87.740801,86.23878300000001,0.18102050932181313,0.09994139621536506,0.2017085675296709,1365,1521,19.393507,107.134308,extra_commits_extra_time
l4-n8192-uniform-w1,arity,4,8192,uniform,1,eas_k1_adaptive,eas,1,adaptive,29,1,accept_static_degree,ok,-60,7.5288850000000025,7.383773000000005,0.9297247992678498,0.9229368946794775,0.8944411256685071,1581,1521,99.605423,107.134308,baseline_dominates
l4-n8192-uniform-w1,arity,4,8192,uniform,1,eas_k2_adaptive,eas,2,adaptive,29,2,native,ok,915,96.67109300000001,96.056753,0.09782594656464925,0.0,0.2424313441526479,619,1534,10.482391,107.153484,extra_commits_extra_time
l4-n8192-uniform-w1,arity,4,8192,uniform,1,eas_k2_adaptive,eas,2,adaptive,29,2,accept_id,ok,169,87.40805,86.397597,0.18427244045559918,0.10055676148037192,0.20708712355994802,1365,1534,19.745434,107.153484,extra_commits_extra_time
l4-n8192-uniform-w1,arity,4,8192,uniform,1,eas_k2_adaptive,eas,2,adaptive,29,2,accept_static_degree,ok,-47,6.919736,7.140457999999995,0.9354222024176088,0.9256641748029939,0.9076139522542168,1581,1534,100.233748,107.153484,baseline_dominates
l4-n8192-uniform-w1,arity,4,8192,uniform,1,accept_static_degree,accept_static_degree,,greedy,29,2,native,ok,962,89.75135700000001,88.916295,0.1045794576094271,0.0,0.26710843696323483,619,1581,10.482391,100.233748,extra_commits_extra_time
l4-n8192-uniform-w1,arity,4,8192,uniform,1,accept_static_degree,accept_static_degree,,greedy,29,2,accept_id,ok,216,80.488314,79.25713900000001,0.19699387076695962,0.10863201171393835,0.22816652723948458,1365,1581,19.745434,100.233748,extra_commits_extra_time
l4-n8192-uniform-w1,arity,4,8192,uniform,1,eas_k1_adaptive,eas,1,adaptive,29,2,native,ok,902,98.028009,97.322572,0.09660263900971704,0.0,0.23737094335103667,619,1521,10.482391,108.5104,extra_commits_extra_time
l4-n8192-uniform-w1,arity,4,8192,uniform,1,eas_k1_adaptive,eas,1,adaptive,29,2,accept_id,ok,156,88.764966,87.663416,0.1819681247143131,0.09924887722860427,0.2027644818251141,1365,1521,19.745434,108.5104,extra_commits_extra_time
l4-n8192-uniform-w1,arity,4,8192,uniform,1,eas_k1_adaptive,eas,1,adaptive,29,2,accept_static_degree,ok,-60,8.276651999999999,8.406276999999989,0.9237248042583937,0.9136245906037092,0.888668834461821,1581,1521,100.233748,108.5104,baseline_dominates
l4-n8192-uniform-w1,arity,4,8192,uniform,1,accept_id,accept_id,,greedy,29,2,native,ok,746,9.263043,9.659156,0.5308767080024678,0.0,1.1706731929301646,619,1365,10.482391,19.745434,extra_commits_extra_time
l4-n8192-uniform-w1,arity,4,8192,uniform,1,accept_id,accept_id,,greedy,29,2,accept_static_degree,ok,-216,-80.488314,-79.25713900000001,5.076300070183315,9.20538968415046,4.382763817719834,1581,1365,100.233748,19.745434,tradeoff_or_tie
l4-n8192-uniform-w1,arity,4,8192,uniform,1,native,native,,native,29,2,accept_id,ok,-746,-9.263043,-9.659156,1.8836765390644177,,0.8542093609378941,1365,619,19.745434,10.482391,tradeoff_or_tie
l4-n8192-uniform-w1,arity,4,8192,uniform,1,native,native,,native,29,2,accept_static_degree,ok,-962,-89.75135700000001,-88.916295,9.562107347455367,,3.7437978798761846,1581,619,100.233748,10.482391,tradeoff_or_tie
l4-n8192-uniform-w1,arity,4,8192,uniform,1,eas_k1_adaptive,eas,1,adaptive,29,3,native,ok,902,97.272956,96.939961,0.09910231844488096,0.0,0.2435131281988836,619,1521,10.700411,107.973367,extra_commits_extra_time
l4-n8192-uniform-w1,arity,4,8192,uniform,1,eas_k1_adaptive,eas,1,adaptive,29,3,accept_id,ok,156,88.406002,87.303484,0.1812239957285022,0.099406652329889,0.20193530952660013,1365,1521,19.567365,107.973367,extra_commits_extra_time
l4-n8192-uniform-w1,arity,4,8192,uniform,1,eas_k1_adaptive,eas,1,adaptive,29,3,accept_static_degree,ok,-60,7.654977000000002,7.879314999999991,0.9291031000265093,0.918719639262079,0.8938430203296823,1581,1521,100.31839,107.973367,baseline_dominates
l4-n8192-uniform-w1,arity,4,8192,uniform,1,accept_static_degree,accept_static_degree,,greedy,29,3,native,ok,962,89.61797899999999,89.060646,0.10666450089559852,0.0,0.27243388677920977,619,1581,10.700411,100.31839,extra_commits_extra_time
l4-n8192-uniform-w1,arity,4,8192,uniform,1,accept_static_degree,accept_static_degree,,greedy,29,3,accept_id,ok,216,80.751025,79.424169,0.19505262195695125,0.10820129240921965,0.2259180918055599,1365,1581,19.567365,100.31839,extra_commits_extra_time
l4-n8192-uniform-w1,arity,4,8192,uniform,1,native,native,,native,29,3,accept_id,ok,-746,-8.866953999999998,-9.636477,1.8286554600566274,,0.8292584100914437,1365,619,19.567365,10.700411,tradeoff_or_tie
l4-n8192-uniform-w1,arity,4,8192,uniform,1,native,native,,native,29,3,accept_static_degree,ok,-962,-89.61797899999999,-89.060646,9.375190354837772,,3.6706153255099134,1581,619,100.31839,10.700411,tradeoff_or_tie
l4-n8192-uniform-w1,arity,4,8192,uniform,1,accept_id,accept_id,,greedy,29,3,native,ok,746,8.866953999999998,9.636477,0.546849869668195,0.0,1.205896723905071,619,1365,10.700411,19.567365,extra_commits_extra_time
l4-n8192-uniform-w1,arity,4,8192,uniform,1,accept_id,accept_id,,greedy,29,3,accept_static_degree,ok,-216,-80.751025,-79.424169,5.126821623657555,9.242033784753495,4.426382995748151,1581,1365,100.31839,19.567365,tradeoff_or_tie
l4-n8192-uniform-w1,arity,4,8192,uniform,1,eas_k2_adaptive,eas,2,adaptive,29,3,native,ok,915,98.127583,97.7419,0.09832406724321317,0.0,0.24366578214990742,619,1534,10.700411,108.827994,extra_commits_extra_time
l4-n8192-uniform-w1,arity,4,8192,uniform,1,eas_k2_adaptive,eas,2,adaptive,29,3,accept_id,ok,169,89.26062900000001,88.105423,0.17980084241927677,0.09859105460401321,0.20206189909932032,1365,1534,19.567365,108.827994,extra_commits_extra_time
l4-n8192-uniform-w1,arity,4,8192,uniform,1,eas_k2_adaptive,eas,2,adaptive,29,3,accept_static_degree,ok,-47,8.50960400000001,8.681253999999996,0.9218068468669927,0.9111818575247668,0.8944033542618101,1581,1534,100.31839,108.827994,baseline_dominates
l4-n8192-uniform-w1,arity,4,8192,uniform,1,accept_id,accept_id,,greedy,47,1,native,ok,748,9.255116000000001,9.697832,0.5343712941664422,0.0,1.1658242610488174,633,1381,10.621485,19.876601,extra_commits_extra_time
l4-n8192-uniform-w1,arity,4,8192,uniform,1,accept_id,accept_id,,greedy,47,1,accept_static_degree,ok,-220,-79.86992000000001,-78.83049899999999,5.018288639994333,9.128672367184748,4.328704941816337,1601,1381,99.746521,19.876601,tradeoff_or_tie
l4-n8192-uniform-w1,arity,4,8192,uniform,1,eas_k1_adaptive,eas,1,adaptive,47,1,native,ok,915,97.91646600000001,97.463198,0.09785964173950547,0.0,0.23931552197853653,633,1548,10.621485,108.537951,extra_commits_extra_time
l4-n8192-uniform-w1,arity,4,8192,uniform,1,eas_k1_adaptive,eas,1,adaptive,47,1,accept_id,ok,167,88.66135,87.765366,0.18313042412234223,0.09950250144675121,0.20527581212218013,1381,1548,19.876601,108.537951,extra_commits_extra_time
l4-n8192-uniform-w1,arity,4,8192,uniform,1,eas_k1_adaptive,eas,1,adaptive,47,1,accept_static_degree,ok,-53,8.791430000000005,8.934867000000011,0.9190013270104942,0.9083257354227181,0.8885784223686432,1601,1548,99.746521,108.537951,baseline_dominates
l4-n8192-uniform-w1,arity,4,8192,uniform,1,accept_static_degree,accept_static_degree,,greedy,47,1,native,ok,968,89.125036,88.528331,0.1064847665213306,0.0,0.26932403033218383,633,1601,10.621485,99.746521,extra_commits_extra_time
l4-n8192-uniform-w1,arity,4,8192,uniform,1,accept_static_degree,accept_static_degree,,greedy,47,1,accept_id,ok,220,79.86992000000001,78.83049899999999,0.1992711204433887,0.10954495459764176,0.2310159767046624,1381,1601,19.876601,99.746521,extra_commits_extra_time
l4-n8192-uniform-w1,arity,4,8192,uniform,1,native,native,,native,47,1,accept_id,ok,-748,-9.255116000000001,-9.697832,1.8713580069076972,,0.8577622146071691,1381,633,19.876601,10.621485,tradeoff_or_tie
l4-n8192-uniform-w1,arity,4,8192,uniform,1,native,native,,native,47,1,accept_static_degree,ok,-968,-89.125036,-88.528331,9.391014627427333,,3.7129995372733786,1601,633,99.746521,10.621485,tradeoff_or_tie
l4-n8192-uniform-w1,arity,4,8192,uniform,1,eas_k2_adaptive,eas,2,adaptive,47,1,native,ok,917,95.36500000000001,94.870565,0.10021546615117956,0.0,0.24539332153963897,633,1550,10.621485,105.986485,extra_commits_extra_time
l4-n8192-uniform-w1,arity,4,8192,uniform,1,eas_k2_adaptive,eas,2,adaptive,47,1,accept_id,ok,169,86.109884,85.172733,0.18753901499799716,0.10222171650395463,0.21048911893364985,1381,1550,19.876601,105.986485,extra_commits_extra_time
l4-n8192-uniform-w1,arity,4,8192,uniform,1,eas_k2_adaptive,eas,2,adaptive,47,1,accept_static_degree,ok,-51,6.2399640000000005,6.342234000000005,0.9411249085201759,0.9331485587758437,0.9111452893266568,1601,1550,99.746521,105.986485,baseline_dominates
l4-n8192-uniform-w1,arity,4,8192,uniform,1,accept_id,accept_id,,greedy,47,2,native,ok,748,8.622701,9.581576,0.558071645410182,0.0,1.2175307145514516,633,1381,10.888835,19.511536,extra_commits_extra_time
l4-n8192-uniform-w1,arity,4,8192,uniform,1,accept_id,accept_id,,greedy,47,2,accept_static_degree,ok,-220,-80.228881,-78.956241,5.111869050186515,9.240423182992027,4.409426082637489,1601,1381,99.740417,19.511536,tradeoff_or_tie
l4-n8192-uniform-w1,arity,4,8192,uniform,1,eas_k1_adaptive,eas,1,adaptive,47,2,native,ok,915,96.43428,96.409361,0.10145843232373566,0.0,0.24811635582393682,633,1548,10.888835,107.323115,extra_commits_extra_time
l4-n8192-uniform-w1,arity,4,8192,uniform,1,eas_k1_adaptive,eas,1,adaptive,47,2,accept_id,ok,167,87.811579,86.827785,0.1818018047649847,0.09938429111671013,0.2037865269915141,1381,1548,19.511536,107.323115,extra_commits_extra_time
l4-n8192-uniform-w1,arity,4,8192,uniform,1,eas_k1_adaptive,eas,1,adaptive,47,2,accept_static_degree,ok,-53,7.582698000000008,7.871544,0.9293470190461766,0.9183529076600767,0.8985816274064908,1601,1548,99.740417,107.323115,baseline_dominates
l4-n8192-uniform-w1,arity,4,8192,uniform,1,eas_k2_adaptive,eas,2,adaptive,47,2,native,ok,917,96.23923,96.150544,0.10164315952127016,0.0,0.24888925317116542,633,1550,10.888835,107.128065,extra_commits_extra_time
l4-n8192-uniform-w1,arity,4,8192,uniform,1,eas_k2_adaptive,eas,2,adaptive,47,2,accept_id,ok,169,87.61652900000001,86.568968,0.18213281458971559,0.09965181268241187,0.20442133426002174,1381,1550,19.511536,107.128065,extra_commits_extra_time
l4-n8192-uniform-w1,arity,4,8192,uniform,1,eas_k2_adaptive,eas,2,adaptive,47,2,accept_static_degree,ok,-51,7.387648000000013,7.6127269999999925,0.931039097924526,0.9208249201377374,0.9013807631336964,1601,1550,99.740417,107.128065,baseline_dominates
l4-n8192-uniform-w1,arity,4,8192,uniform,1,accept_static_degree,accept_static_degree,,greedy,47,2,native,ok,968,88.851582,88.537817,0.10917174128116991,0.0,0.2761199965105636,633,1601,10.888835,99.740417,extra_commits_extra_time
l4-n8192-uniform-w1,arity,4,8192,uniform,1,accept_static_degree,accept_static_degree,,greedy,47,2,accept_id,ok,220,80.228881,78.956241,0.19562316447904965,0.10822015184765624,0.22678688365762378,1381,1601,19.511536,99.740417,extra_commits_extra_time
l4-n8192-uniform-w1,arity,4,8192,uniform,1,native,native,,native,47,2,accept_id,ok,-748,-8.622701,-9.581576,1.7918846231024714,,0.8213345158757727,1381,633,19.511536,10.888835,tradeoff_or_tie
l4-n8192-uniform-w1,arity,4,8192,uniform,1,native,native,,native,47,2,accept_static_degree,ok,-968,-88.851582,-88.537817,9.159879546342651,,3.6216138368730664,1601,633,99.740417,10.888835,tradeoff_or_tie
l4-n8192-uniform-w1,arity,4,8192,uniform,1,eas_k2_adaptive,eas,2,adaptive,47,3,native,ok,917,98.051367,97.765255,0.09867289178254113,0.0,0.24161608572299373,633,1550,10.734185,108.785552,extra_commits_extra_time
l4-n8192-uniform-w1,arity,4,8192,uniform,1,eas_k2_adaptive,eas,2,adaptive,47,3,accept_id,ok,169,88.768811,87.97919399999999,0.18400183325815178,0.10009753465073047,0.206519074257444,1381,1550,20.016741,108.785552,extra_commits_extra_time
l4-n8192-uniform-w1,arity,4,8192,uniform,1,eas_k2_adaptive,eas,2,adaptive,47,3,accept_static_degree,ok,-51,8.700057000000001,8.853624999999994,0.9200256206816876,0.9094399641263147,0.8907181212101654,1601,1550,100.085495,108.785552,baseline_dominates
l4-n8192-uniform-w1,arity,4,8192,uniform,1,accept_static_degree,accept_static_degree,,greedy,47,3,native,ok,968,89.35131,88.91163,0.10725015647871852,0.0,0.27125987444234817,633,1601,10.734185,100.085495,extra_commits_extra_time
l4-n8192-uniform-w1,arity,4,8192,uniform,1,accept_static_degree,accept_static_degree,,greedy,47,3,accept_id,ok,220,80.068754,79.125569,0.19999642305810647,0.1100650274885299,0.2318568235446461,1381,1601,20.016741,100.085495,extra_commits_extra_time
l4-n8192-uniform-w1,arity,4,8192,uniform,1,eas_k1_adaptive,eas,1,adaptive,47,3,native,ok,915,97.760052,97.327018,0.09893783574882416,0.0,0.24195224287333197,633,1548,10.734185,108.494237,extra_commits_extra_time
l4-n8192-uniform-w1,arity,4,8192,uniform,1,eas_k1_adaptive,eas,1,adaptive,47,3,accept_id,ok,167,88.477496,87.54095699999999,0.18449589170344596,0.1005482465310917,0.20680640141649942,1381,1548,20.016741,108.494237,extra_commits_extra_time
l4-n8192-uniform-w1,arity,4,8192,uniform,1,eas_k1_adaptive,eas,1,adaptive,47,3,accept_static_degree,ok,-53,8.408742000000004,8.415387999999993,0.9224959570894073,0.9135349240844922,0.8919573651308864,1601,1548,100.085495,108.494237,baseline_dominates
l4-n8192-uniform-w1,arity,4,8192,uniform,1,accept_id,accept_id,,greedy,47,3,native,ok,748,9.282556,9.786061,0.5362603732545673,0.0,1.1699456168479538,633,1381,10.734185,20.016741,extra_commits_extra_time
l4-n8192-uniform-w1,arity,4,8192,uniform,1,accept_id,accept_id,,greedy,47,3,accept_static_degree,ok,-220,-80.068754,-79.125569,5.0000894251466805,9.08553809341675,4.313006555993988,1601,1381,100.085495,20.016741,tradeoff_or_tie
l4-n8192-uniform-w1,arity,4,8192,uniform,1,native,native,,native,47,3,accept_id,ok,-748,-9.282556,-9.786061,1.8647657926521668,,0.8547405841770507,1381,633,20.016741,10.734185,tradeoff_or_tie
l4-n8192-uniform-w1,arity,4,8192,uniform,1,native,native,,native,47,3,accept_static_degree,ok,-968,-89.35131,-88.91163,9.323995720215368,,3.686501743229751,1601,633,100.085495,10.734185,tradeoff_or_tie
l4-n8192-uniform-w1,arity,4,8192,uniform,1,accept_id,accept_id,,greedy,71,1,native,ok,731,8.618690999999998,9.638187,0.5572190447949179,0.0,1.2089424395866752,625,1356,10.846218,19.464909,extra_commits_extra_time
l4-n8192-uniform-w1,arity,4,8192,uniform,1,accept_id,accept_id,,greedy,71,1,accept_static_degree,ok,-249,-80.29925,-78.905825,5.125333953526318,9.186791250263145,4.330188685970582,1605,1356,99.764159,19.464909,tradeoff_or_tie
l4-n8192-uniform-w1,arity,4,8192,uniform,1,eas_k1_adaptive,eas,1,adaptive,71,1,native,ok,910,97.472317,97.282398,0.10013261349961944,0.0,0.24592569875535236,625,1535,10.846218,108.318535,extra_commits_extra_time
l4-n8192-uniform-w1,arity,4,8192,uniform,1,eas_k1_adaptive,eas,1,adaptive,71,1,accept_id,ok,179,88.85362599999999,87.644211,0.17970063018300605,0.09907431558173556,0.20342217354817307,1356,1535,19.464909,108.318535,extra_commits_extra_time
l4-n8192-uniform-w1,arity,4,8192,uniform,1,eas_k1_adaptive,eas,1,adaptive,71,1,accept_static_degree,ok,-70,8.55437599999999,8.738386000000006,0.9210257413470373,0.9101750555120979,0.8808563943738432,1605,1535,99.764159,108.318535,baseline_dominates
l4-n8192-uniform-w1,arity,4,8192,uniform,1,eas_k2_adaptive,eas,2,adaptive,71,1,native,ok,919,97.596495,97.180014,0.10001795141366485,0.0,0.24708434717153532,625,1544,10.846218,108.442713,extra_commits_extra_time
l4-n8192-uniform-w1,arity,4,8192,uniform,1,eas_k2_adaptive,eas,2,adaptive,71,1,accept_id,ok,188,88.97780399999999,87.541827,0.17949485457819558,0.09917869532309391,0.20438057187901426,1356,1544,19.464909,108.442713,extra_commits_extra_time
l4-n8192-uniform-w1,arity,4,8192,uniform,1,eas_k2_adaptive,eas,2,adaptive,71,1,accept_static_degree,ok,-61,8.678553999999991,8.636002000000005,0.9199710726528947,0.9111339704067134,0.8850064399827048,1605,1544,99.764159,108.442713,baseline_dominates
l4-n8192-uniform-w1,arity,4,8192,uniform,1,native,native,,native,71,1,accept_id,ok,-731,-8.618690999999998,-9.638187,1.7946263849758504,,0.827169240863022,1356,625,19.464909,10.846218,tradeoff_or_tie
l4-n8192-uniform-w1,arity,4,8192,uniform,1,native,native,,native,71,1,accept_static_degree,ok,-980,-88.91794100000001,-88.544012,9.198059544810919,,3.581798888167933,1605,625,99.764159,10.846218,tradeoff_or_tie
l4-n8192-uniform-w1,arity,4,8192,uniform,1,accept_static_degree,accept_static_degree,,greedy,71,1,native,ok,980,88.91794100000001,88.544012,0.10871858299331727,0.0,0.27918932112670725,625,1605,10.846218,99.764159,extra_commits_extra_time
l4-n8192-uniform-w1,arity,4,8192,uniform,1,accept_static_degree,accept_static_degree,,greedy,71,1,accept_id,ok,249,80.29925,78.905825,0.19510923757699394,0.10885193456108586,0.23093681881344091,1356,1605,19.464909,99.764159,extra_commits_extra_time
l4-n8192-uniform-w1,arity,4,8192,uniform,1,accept_static_degree,accept_static_degree,,greedy,71,2,native,ok,980,89.07646700000001,88.410304,0.10726044727103509,0.0,0.27544482859131225,625,1605,10.702317,99.778784,extra_commits_extra_time
l4-n8192-uniform-w1,arity,4,8192,uniform,1,accept_static_degree,accept_static_degree,,greedy,71,2,accept_id,ok,249,80.037565,78.79364699999999,0.1978498655585941,0.10877303396671954,0.23418070370241584,1356,1605,19.741219,99.778784,extra_commits_extra_time
l4-n8192-uniform-w1,arity,4,8192,uniform,1,accept_id,accept_id,,greedy,71,2,native,ok,731,9.038902,9.616657,0.5421305036938195,0.0,1.1762063408150512,625,1356,10.702317,19.741219,extra_commits_extra_time
l4-n8192-uniform-w1,arity,4,8192,uniform,1,accept_id,accept_id,,greedy,71,2,accept_static_degree,ok,-249,-80.037565,-78.79364699999999,5.054337525965342,9.193455064478227,4.27020665746545,1605,1356,99.778784,19.741219,tradeoff_or_tie
l4-n8192-uniform-w1,arity,4,8192,uniform,1,eas_k1_adaptive,eas,1,adaptive,71,2,native,ok,910,97.63541799999999,96.967634,0.09878660468580039,0.0,0.24261990110883846,625,1535,10.702317,108.337735,extra_commits_extra_time
l4-n8192-uniform-w1,arity,4,8192,uniform,1,eas_k1_adaptive,eas,1,adaptive,71,2,accept_id,ok,179,88.596516,87.350977,0.18221923321546277,0.09917388517492341,0.20627324703989883,1356,1535,19.741219,108.337735,extra_commits_extra_time
l4-n8192-uniform-w1,arity,4,8192,uniform,1,eas_k1_adaptive,eas,1,adaptive,71,2,accept_static_degree,ok,-70,8.558950999999993,8.557330000000007,0.9209975083935437,0.9117506569253818,0.8808293927667913,1605,1535,99.778784,108.337735,baseline_dominates
l4-n8192-uniform-w1,arity,4,8192,uniform,1,eas_k2_adaptive,eas,2,adaptive,71,2,native,ok,919,97.70961,97.028079,0.09871899980156243,0.0,0.2438754171102684,625,1544,10.702317,108.411927,extra_commits_extra_time
l4-n8192-uniform-w1,arity,4,8192,uniform,1,eas_k2_adaptive,eas,2,adaptive,71,2,accept_id,ok,188,88.670708,87.411422,0.18209453098273956,0.09911210341493001,0.20734067539652534,1356,1544,19.741219,108.411927,extra_commits_extra_time
l4-n8192-uniform-w1,arity,4,8192,uniform,1,eas_k2_adaptive,eas,2,adaptive,71,2,accept_static_degree,ok,-61,8.633143000000004,8.617775000000009,0.9203672212191192,0.9111826690910781,0.8853875324416253,1605,1544,99.778784,108.411927,baseline_dominates
l4-n8192-uniform-w1,arity,4,8192,uniform,1,native,native,,native,71,2,accept_id,ok,-731,-9.038902,-9.616657,1.8445743104039993,,0.8501909616530811,1356,625,19.741219,10.702317,tradeoff_or_tie
l4-n8192-uniform-w1,arity,4,8192,uniform,1,native,native,,native,71,2,accept_static_degree,ok,-980,-89.07646700000001,-88.410304,9.323101156506576,,3.6304911045679398,1605,625,99.778784,10.702317,tradeoff_or_tie
l4-n8192-uniform-w1,arity,4,8192,uniform,1,native,native,,native,71,3,accept_id,ok,-731,-8.955017999999999,-9.688996,1.850356056801961,,0.8528558521397176,1356,625,19.485922,10.530904,tradeoff_or_tie
l4-n8192-uniform-w1,arity,4,8192,uniform,1,native,native,,native,71,3,accept_static_degree,ok,-980,-88.80452500000001,-87.986627,9.432754206096648,,3.673190890227914,1605,625,99.335429,10.530904,tradeoff_or_tie
l4-n8192-uniform-w1,arity,4,8192,uniform,1,accept_id,accept_id,,greedy,71,3,native,ok,731,8.955017999999999,9.688996,0.540436526431749,0.0,1.1725310877460882,625,1356,10.530904,19.485922,extra_commits_extra_time
l4-n8192-uniform-w1,arity,4,8192,uniform,1,accept_id,accept_id,,greedy,71,3,accept_static_degree,ok,-249,-79.849507,-78.297631,5.097804917827343,9.081088174667427,4.306930510017958,1605,1356,99.335429,19.485922,tradeoff_or_tie
l4-n8192-uniform-w1,arity,4,8192,uniform,1,eas_k2_adaptive,eas,2,adaptive,71,3,native,ok,919,97.873703,97.493683,0.09714443224723834,0.0,0.23998560542371836,625,1544,10.530904,108.404607,extra_commits_extra_time
l4-n8192-uniform-w1,arity,4,8192,uniform,1,eas_k2_adaptive,eas,2,adaptive,71,3,accept_id,ok,188,88.918685,87.804687,0.1797517885932652,0.09938075680246893,0.20467312801491133,1356,1544,19.485922,108.404607,extra_commits_extra_time
l4-n8192-uniform-w1,arity,4,8192,uniform,1,eas_k2_adaptive,eas,2,adaptive,71,3,accept_static_degree,ok,-61,9.069177999999994,9.507056000000006,0.9163395518790083,0.9024854153884,0.881512939628233,1605,1544,99.335429,108.404607,baseline_dominates
l4-n8192-uniform-w1,arity,4,8192,uniform,1,accept_static_degree,accept_static_degree,,greedy,71,3,native,ok,980,88.80452500000001,87.986627,0.1060135754786945,0.0,0.27224286182903823,625,1605,10.530904,99.335429,extra_commits_extra_time
l4-n8192-uniform-w1,arity,4,8192,uniform,1,accept_static_degree,accept_static_degree,,greedy,71,3,accept_id,ok,249,79.849507,78.297631,0.19616286149023424,0.11011896160083509,0.2321839179141598,1356,1605,19.485922,99.335429,extra_commits_extra_time
l4-n8192-uniform-w1,arity,4,8192,uniform,1,eas_k1_adaptive,eas,1,adaptive,71,3,native,ok,910,96.427167,95.670568,0.09845824538103347,0.0,0.24181345065672305,625,1535,10.530904,106.958071,extra_commits_extra_time
l4-n8192-uniform-w1,arity,4,8192,uniform,1,eas_k1_adaptive,eas,1,adaptive,71,3,accept_id,ok,179,87.472149,85.981572,0.18218281068288897,0.10127457380623056,0.20623201651868509,1356,1535,19.485922,106.958071,extra_commits_extra_time
l4-n8192-uniform-w1,arity,4,8192,uniform,1,eas_k1_adaptive,eas,1,adaptive,71,3,accept_static_degree,ok,-70,7.622641999999999,7.683941000000004,0.9287324282428392,0.9196833345862439,0.8882269640868523,1605,1535,99.335429,106.958071,baseline_dominates
l4-n8192-uniform-w1,arity,4,8192,uniform,1,native,native,,native,101,1,accept_id,ok,-733,-9.302600000000002,-9.728974,1.8714081438901622,,0.8568059475349045,1352,619,19.977965,10.675365,tradeoff_or_tie
l4-n8192-uniform-w1,arity,4,8192,uniform,1,native,native,,native,101,1,accept_static_degree,ok,-977,-88.629427,-88.262328,9.30223856514508,,3.607823102639022,1596,619,99.304792,10.675365,tradeoff_or_tie
l4-n8192-uniform-w1,arity,4,8192,uniform,1,accept_static_degree,accept_static_degree,,greedy,101,1,native,ok,977,88.629427,88.262328,0.1075010055909487,0.0,0.27717545221896495,619,1596,10.675365,99.304792,extra_commits_extra_time
l4-n8192-uniform-w1,arity,4,8192,uniform,1,accept_static_degree,accept_static_degree,,greedy,101,1,accept_id,ok,244,79.32682700000001,78.533354,0.2011782573392833,0.11022793325822994,0.23748557597188588,1352,1596,19.977965,99.304792,extra_commits_extra_time
l4-n8192-uniform-w1,arity,4,8192,uniform,1,accept_id,accept_id,,greedy,101,1,native,ok,733,9.302600000000002,9.728974,0.5343569778002915,0.0,1.1671254183950004,619,1352,10.675365,19.977965,extra_commits_extra_time
l4-n8192-uniform-w1,arity,4,8192,uniform,1,accept_id,accept_id,,greedy,101,1,accept_static_degree,ok,-244,-79.32682700000001,-78.533354,4.9707160864482445,9.072110584322663,4.2107820481627165,1596,1352,99.304792,19.977965,tradeoff_or_tie
l4-n8192-uniform-w1,arity,4,8192,uniform,1,eas_k1_adaptive,eas,1,adaptive,101,1,native,ok,922,98.882719,98.336427,0.09744023088246048,0.0,0.242577376073537,619,1541,10.675365,109.558084,extra_commits_extra_time
l4-n8192-uniform-w1,arity,4,8192,uniform,1,eas_k1_adaptive,eas,1,adaptive,101,1,accept_id,ok,189,89.580119,88.607453,0.18235044161597425,0.09893560602928962,0.20784173855721771,1352,1541,19.977965,109.558084,extra_commits_extra_time
l4-n8192-uniform-w1,arity,4,8192,uniform,1,eas_k1_adaptive,eas,1,adaptive,101,1,accept_static_degree,ok,-55,10.253291999999988,10.074099000000004,0.9064122735114646,0.8975547586246956,0.8751762615756611,1596,1541,99.304792,109.558084,baseline_dominates
l4-n8192-uniform-w1,arity,4,8192,uniform,1,eas_k2_adaptive,eas,2,adaptive,101,1,native,ok,923,97.102204,96.519022,0.09904997022154025,0.0,0.2467448369655289,619,1542,10.675365,107.777569,extra_commits_extra_time
l4-n8192-uniform-w1,arity,4,8192,uniform,1,eas_k2_adaptive,eas,2,adaptive,101,1,accept_id,ok,190,87.799604,86.79004800000001,0.1853629209246685,0.10079851410015321,0.21141244383559551,1352,1542,19.977965,107.777569,extra_commits_extra_time
l4-n8192-uniform-w1,arity,4,8192,uniform,1,eas_k2_adaptive,eas,2,adaptive,101,1,accept_static_degree,ok,-54,8.472776999999994,8.25669400000001,0.9213864528712835,0.9144552666519973,0.8902117232611341,1596,1542,99.304792,107.777569,baseline_dominates
l4-n8192-uniform-w1,arity,4,8192,uniform,1,accept_static_degree,accept_static_degree,,greedy,101,2,native,ok,977,88.87743300000001,88.623821,0.10738946198635724,0.0,0.2768878535222631,619,1596,10.692793,99.570226,extra_commits_extra_time
l4-n8192-uniform-w1,arity,4,8192,uniform,1,accept_static_degree,accept_static_degree,,greedy,101,2,accept_id,ok,244,79.828449,78.97918100000001,0.19826988240440468,0.10882672278370846,0.234052316803203,1352,1596,19.741777,99.570226,extra_commits_extra_time
l4-n8192-uniform-w1,arity,4,8192,uniform,1,accept_id,accept_id,,greedy,101,2,native,ok,733,9.048983999999999,9.64464,0.5416327517021391,0.0,1.183016931018364,619,1352,10.692793,19.741777,extra_commits_extra_time
l4-n8192-uniform-w1,arity,4,8192,uniform,1,accept_id,accept_id,,greedy,101,2,accept_static_degree,ok,-244,-79.828449,-78.97918100000001,5.043630368228757,9.18891954494932,4.272549033730885,1596,1352,99.570226,19.741777,tradeoff_or_tie
l4-n8192-uniform-w1,arity,4,8192,uniform,1,eas_k2_adaptive,eas,2,adaptive,101,2,native,ok,923,96.961105,96.299342,0.09932564634120356,0.0,0.24743157779989194,619,1542,10.692793,107.653898,extra_commits_extra_time
l4-n8192-uniform-w1,arity,4,8192,uniform,1,eas_k2_adaptive,eas,2,adaptive,101,2,accept_id,ok,190,87.912121,86.654702,0.183381905966842,0.10015270924696454,0.20915303180563782,1352,1542,19.741777,107.653898,extra_commits_extra_time
l4-n8192-uniform-w1,arity,4,8192,uniform,1,eas_k2_adaptive,eas,2,adaptive,101,2,accept_static_degree,ok,-54,8.083671999999993,7.675520999999989,0.9249105499180346,0.9202951874790589,0.893616583943063,1596,1542,99.570226,107.653898,baseline_dominates
l4-n8192-uniform-w1,arity,4,8192,uniform,1,native,native,,native,101,2,accept_id,ok,-733,-9.048983999999999,-9.64464,1.8462694452235258,,0.8452964397890573,1352,619,19.741777,10.692793,tradeoff_or_tie
l4-n8192-uniform-w1,arity,4,8192,uniform,1,native,native,,native,101,2,accept_static_degree,ok,-977,-88.87743300000001,-88.623821,9.311900641862234,,3.6115704870368948,1596,619,99.570226,10.692793,tradeoff_or_tie
l4-n8192-uniform-w1,arity,4,8192,uniform,1,eas_k1_adaptive,eas,1,adaptive,101,2,native,ok,922,98.659406,98.083278,0.09778306332916085,0.0,0.24343085717238472,619,1541,10.692793,109.352199,extra_commits_extra_time
l4-n8192-uniform-w1,arity,4,8192,uniform,1,eas_k1_adaptive,eas,1,adaptive,101,2,accept_id,ok,189,89.610422,88.43863800000001,0.1805338820849867,0.0983311344875729,0.20577123690261534,1352,1541,19.741777,109.352199,extra_commits_extra_time
l4-n8192-uniform-w1,arity,4,8192,uniform,1,eas_k1_adaptive,eas,1,adaptive,101,2,accept_static_degree,ok,-55,9.781972999999994,9.459457,0.9105461701780685,0.9035568835698986,0.8791676993978783,1596,1541,99.570226,109.352199,baseline_dominates
l4-n8192-uniform-w1,arity,4,8192,uniform,1,accept_id,accept_id,,greedy,101,3,native,ok,733,8.857812000000001,9.687637,0.5495522837085499,0.0,1.20031451950489,619,1352,10.80665,19.664462,extra_commits_extra_time
l4-n8192-uniform-w1,arity,4,8192,uniform,1,accept_id,accept_id,,greedy,101,3,accept_static_degree,ok,-244,-80.833904,-79.60668100000001,5.110659320351607,9.217347635961174,4.329330451824059,1596,1352,100.498366,19.664462,tradeoff_or_tie
l4-n8192-uniform-w1,arity,4,8192,uniform,1,accept_static_degree,accept_static_degree,,greedy,101,3,native,ok,977,89.691716,89.294318,0.10753060402992023,0.0,0.2772517674180234,619,1596,10.80665,100.498366,extra_commits_extra_time
l4-n8192-uniform-w1,arity,4,8192,uniform,1,accept_static_degree,accept_static_degree,,greedy,101,3,accept_id,ok,244,80.833904,79.60668100000001,0.19566946988968956,0.10849108002594297,0.2309825990711044,1352,1596,19.664462,100.498366,extra_commits_extra_time
l4-n8192-uniform-w1,arity,4,8192,uniform,1,native,native,,native,101,3,accept_id,ok,-733,-8.857812000000001,-9.687637,1.8196630778270788,,0.8331149742423207,1352,619,19.664462,10.80665,tradeoff_or_tie
l4-n8192-uniform-w1,arity,4,8192,uniform,1,native,native,,native,101,3,accept_static_degree,ok,-977,-89.691716,-89.294318,9.299678068596652,,3.6068300278578955,1596,619,100.498366,10.80665,tradeoff_or_tie
l4-n8192-uniform-w1,arity,4,8192,uniform,1,eas_k2_adaptive,eas,2,adaptive,101,3,native,ok,923,95.960213,95.497839,0.10121726625985067,0.0,0.2521438199871858,619,1542,10.80665,106.766863,extra_commits_extra_time
l4-n8192-uniform-w1,arity,4,8192,uniform,1,eas_k2_adaptive,eas,2,adaptive,101,3,accept_id,ok,190,87.102401,85.810202,0.18418132225164283,0.10144352062249283,0.21006479209398465,1352,1542,19.664462,106.766863,extra_commits_extra_time
l4-n8192-uniform-w1,arity,4,8192,uniform,1,eas_k2_adaptive,eas,2,adaptive,101,3,accept_static_degree,ok,-54,6.268496999999996,6.203520999999995,0.9412879912000411,0.9350401949933129,0.9094399012685777,1596,1542,100.498366,106.766863,baseline_dominates
l4-n8192-uniform-w1,arity,4,8192,uniform,1,eas_k1_adaptive,eas,1,adaptive,101,3,native,ok,922,99.457892,98.84947,0.09800657404444667,0.0,0.24398728691754645,619,1541,10.80665,110.264542,extra_commits_extra_time
l4-n8192-uniform-w1,arity,4,8192,uniform,1,eas_k1_adaptive,eas,1,adaptive,101,3,accept_id,ok,189,90.60008,89.161833,0.1783389441730053,0.09800393466955362,0.20326946225576542,1352,1541,19.664462,110.264542,extra_commits_extra_time
l4-n8192-uniform-w1,arity,4,8192,uniform,1,eas_k1_adaptive,eas,1,adaptive,101,3,accept_static_degree,ok,-55,9.766176000000002,9.555151999999993,0.9114295872194345,0.9033363355413034,0.8800206728697865,1596,1541,100.498366,110.264542,baseline_dominates
l4-n8192-zipf-w1,arity,4,8192,zipf,1,eas_k2_adaptive,eas,2,adaptive,11,1,native,ok,281,109.621723,110.193775,0.0774012965985923,0.0,0.6350875618345242,39,320,9.1967,118.818423,extra_commits_extra_time
l4-n8192-zipf-w1,arity,4,8192,zipf,1,eas_k2_adaptive,eas,2,adaptive,11,1,accept_id,ok,61,101.77662799999999,101.384976,0.1434272107785844,0.07993917079254251,0.17720736466870649,259,320,17.041795,118.818423,extra_commits_extra_time
l4-n8192-zipf-w1,arity,4,8192,zipf,1,eas_k2_adaptive,eas,2,adaptive,11,1,accept_static_degree,ok,-5,24.346040000000002,24.381224000000003,0.7950987785791434,0.7787422746883842,0.782866489677786,325,320,94.472383,118.818423,baseline_dominates
l4-n8192-zipf-w1,arity,4,8192,zipf,1,accept_id,accept_id,,greedy,11,1,native,ok,220,7.845095000000001,8.808799,0.5396555937916164,0.0,3.583866635688849,39,259,9.1967,17.041795,extra_commits_extra_time
l4-n8192-zipf-w1,arity,4,8192,zipf,1,accept_id,accept_id,,greedy,11,1,accept_static_degree,ok,-66,-77.430588,-77.00375199999999,5.543569970182131,9.741685671338397,4.4177988377705075,325,259,94.472383,17.041795,tradeoff_or_tie
l4-n8192-zipf-w1,arity,4,8192,zipf,1,eas_k1_adaptive,eas,1,adaptive,11,1,native,ok,284,113.70348899999999,114.369572,0.07483064163554703,0.0,0.6197512114939099,39,323,9.1967,122.900189,extra_commits_extra_time
l4-n8192-zipf-w1,arity,4,8192,zipf,1,eas_k1_adaptive,eas,1,adaptive,11,1,accept_id,ok,64,105.858394,105.56077300000001,0.13866370050903665,0.07702047708983295,0.17292808982407584,259,323,17.041795,122.900189,extra_commits_extra_time
l4-n8192-zipf-w1,arity,4,8192,zipf,1,eas_k1_adaptive,eas,1,adaptive,11,1,accept_static_degree,ok,-2,28.427806000000004,28.557021000000006,0.7686919260962243,0.7503092780656729,0.7639615142426762,325,323,94.472383,122.900189,baseline_dominates
l4-n8192-zipf-w1,arity,4,8192,zipf,1,native,native,,native,11,1,accept_id,ok,-220,-7.845095000000001,-8.808799,1.8530336968695293,,0.2790282400694834,259,39,17.041795,9.1967,tradeoff_or_tie
l4-n8192-zipf-w1,arity,4,8192,zipf,1,native,native,,native,11,1,accept_static_degree,ok,-286,-85.27568299999999,-85.812551,10.272421955701502,,1.232690634684114,325,39,94.472383,9.1967,tradeoff_or_tie
l4-n8192-zipf-w1,arity,4,8192,zipf,1,accept_static_degree,accept_static_degree,,greedy,11,1,native,ok,286,85.27568299999999,85.812551,0.09734802603634969,0.0,0.8112335503029577,39,325,9.1967,94.472383,extra_commits_extra_time
l4-n8192-zipf-w1,arity,4,8192,zipf,1,accept_static_degree,accept_static_degree,,greedy,11,1,accept_id,ok,66,77.430588,77.00375199999999,0.18038917256908826,0.10265163891934644,0.226357069826353,259,325,17.041795,94.472383,extra_commits_extra_time
l4-n8192-zipf-w1,arity,4,8192,zipf,1,accept_id,accept_id,,greedy,11,2,native,ok,220,8.283684,8.856534,0.5176526138327066,0.0,3.437744281604655,39,259,8.890005,17.173689,extra_commits_extra_time
l4-n8192-zipf-w1,arity,4,8192,zipf,1,accept_id,accept_id,,greedy,11,2,accept_static_degree,ok,-66,-77.04390000000001,-76.857453,5.486159030829079,9.678050916984004,4.37204673534266,325,259,94.217589,17.173689,tradeoff_or_tie
l4-n8192-zipf-w1,arity,4,8192,zipf,1,native,native,,native,11,2,accept_id,ok,-220,-8.283684,-8.856534,1.9317974511825358,,0.2908884192902284,259,39,17.173689,8.890005,tradeoff_or_tie
l4-n8192-zipf-w1,arity,4,8192,zipf,1,native,native,,native,11,2,accept_static_degree,ok,-286,-85.327584,-85.713987,10.598148032537665,,1.27177776390683,325,39,94.217589,8.890005,tradeoff_or_tie
l4-n8192-zipf-w1,arity,4,8192,zipf,1,eas_k1_adaptive,eas,1,adaptive,11,2,native,ok,284,112.676941,113.05192,0.07312847194499729,0.0,0.6056537548269835,39,323,8.890005,121.566946,extra_commits_extra_time
l4-n8192-zipf-w1,arity,4,8192,zipf,1,eas_k1_adaptive,eas,1,adaptive,11,2,accept_id,ok,64,104.393257,104.195386,0.14126939571221933,0.0783404120867651,0.17617766337881274,259,323,17.173689,121.566946,extra_commits_extra_time
l4-n8192-zipf-w1,arity,4,8192,zipf,1,eas_k1_adaptive,eas,1,adaptive,11,2,accept_static_degree,ok,-2,27.349356999999998,27.337932999999992,0.7750263710663589,0.7581824970332216,0.7702569780156363,325,323,94.217589,121.566946,baseline_dominates
l4-n8192-zipf-w1,arity,4,8192,zipf,1,eas_k2_adaptive,eas,2,adaptive,11,2,native,ok,281,110.987256,111.271212,0.07415922691126552,0.0,0.6084859644005087,39,320,8.890005,119.877261,extra_commits_extra_time
l4-n8192-zipf-w1,arity,4,8192,zipf,1,eas_k2_adaptive,eas,2,adaptive,11,2,accept_id,ok,61,102.70357200000001,102.41467800000001,0.14326060552885003,0.07959411819833506,0.1770015203447542,259,320,17.173689,119.877261,extra_commits_extra_time
l4-n8192-zipf-w1,arity,4,8192,zipf,1,eas_k2_adaptive,eas,2,adaptive,11,2,accept_static_degree,ok,-5,25.659672,25.557225000000003,0.7859504647841429,0.7703159286159299,0.7738589191739699,325,320,94.217589,119.877261,baseline_dominates
l4-n8192-zipf-w1,arity,4,8192,zipf,1,accept_static_degree,accept_static_degree,,greedy,11,2,native,ok,286,85.327584,85.713987,0.09435610796621001,0.0,0.7863008997169885,39,325,8.890005,94.217589,extra_commits_extra_time
l4-n8192-zipf-w1,arity,4,8192,zipf,1,accept_static_degree,accept_static_degree,,greedy,11,2,accept_id,ok,66,77.04390000000001,76.857453,0.18227688887262863,0.10332659009316647,0.22872582580515918,259,325,17.173689,94.217589,extra_commits_extra_time
l4-n8192-zipf-w1,arity,4,8192,zipf,1,eas_k2_adaptive,eas,2,adaptive,11,3,native,ok,281,109.74123399999999,110.182826,0.0756556790591315,0.0,0.6207645461258793,39,320,8.982094,118.723328,extra_commits_extra_time
l4-n8192-zipf-w1,arity,4,8192,zipf,1,eas_k2_adaptive,eas,2,adaptive,11,3,accept_id,ok,61,101.64739,101.350159,0.1438296776855851,0.08016373622509919,0.17770462107870158,259,320,17.075938,118.723328,extra_commits_extra_time
l4-n8192-zipf-w1,arity,4,8192,zipf,1,eas_k2_adaptive,eas,2,adaptive,11,3,accept_static_degree,ok,-5,23.864814999999993,23.752548000000004,0.7989879882747223,0.7844260411327624,0.7866958653770393,325,320,94.858513,118.723328,baseline_dominates
l4-n8192-zipf-w1,arity,4,8192,zipf,1,accept_id,accept_id,,greedy,11,3,native,ok,220,8.093844,8.832667,0.5260088201304081,0.0,3.4932380618901067,39,259,8.982094,17.075938,extra_commits_extra_time
l4-n8192-zipf-w1,arity,4,8192,zipf,1,accept_id,accept_id,,greedy,11,3,accept_static_degree,ok,-66,-77.78257500000001,-77.597611,5.555098232378215,9.785297917378749,4.426985975950668,325,259,94.858513,17.075938,tradeoff_or_tie
l4-n8192-zipf-w1,arity,4,8192,zipf,1,native,native,,native,11,3,accept_id,ok,-220,-8.093844,-8.832667,1.9011088060311996,,0.28626734917085045,259,39,17.075938,8.982094,tradeoff_or_tie
l4-n8192-zipf-w1,arity,4,8192,zipf,1,native,native,,native,11,3,accept_static_degree,ok,-286,-85.876419,-86.430278,10.560846167942575,,1.2673015401519279,325,39,94.858513,8.982094,tradeoff_or_tie
l4-n8192-zipf-w1,arity,4,8192,zipf,1,eas_k1_adaptive,eas,1,adaptive,11,3,native,ok,284,114.511718,115.100666,0.07273315038651491,0.0,0.6023796814079065,39,323,8.982094,123.493812,extra_commits_extra_time
l4-n8192-zipf-w1,arity,4,8192,zipf,1,eas_k1_adaptive,eas,1,adaptive,11,3,accept_id,ok,64,106.41787400000001,106.267999,0.13827363269019505,0.07673862634296139,0.17244163459102282,259,323,17.075938,123.493812,extra_commits_extra_time
l4-n8192-zipf-w1,arity,4,8192,zipf,1,eas_k1_adaptive,eas,1,adaptive,11,3,accept_static_degree,ok,-2,28.635299000000003,28.670388000000003,0.768123612541817,0.750910320536286,0.7633966980044676,325,323,94.858513,123.493812,baseline_dominates
l4-n8192-zipf-w1,arity,4,8192,zipf,1,accept_static_degree,accept_static_degree,,greedy,11,3,native,ok,286,85.876419,86.430278,0.09468938228032311,0.0,0.7890781856700948,39,325,8.982094,94.858513,extra_commits_extra_time
l4-n8192-zipf-w1,arity,4,8192,zipf,1,accept_static_degree,accept_static_degree,,greedy,11,3,accept_id,ok,66,77.78257500000001,77.597611,0.18001481849077688,0.10219412923790434,0.22588732050032218,259,325,17.075938,94.858513,extra_commits_extra_time
l4-n8192-zipf-w1,arity,4,8192,zipf,1,accept_static_degree,accept_static_degree,,greedy,29,1,native,ok,287,84.776073,85.211038,0.09681394831880877,0.0,0.9140375708911325,34,321,9.087282,93.863355,extra_commits_extra_time
l4-n8192-zipf-w1,arity,4,8192,zipf,1,accept_static_degree,accept_static_degree,,greedy,29,1,accept_id,ok,66,76.763515,76.38141900000001,0.18217801824790944,0.1036206013591807,0.22932997591137114,255,321,17.09984,93.863355,extra_commits_extra_time
l4-n8192-zipf-w1,arity,4,8192,zipf,1,accept_id,accept_id,,greedy,29,1,native,ok,221,8.012558,8.829619,0.5314249723974025,0.0,3.9856872929877225,34,255,9.087282,17.09984,extra_commits_extra_time
l4-n8192-zipf-w1,arity,4,8192,zipf,1,accept_id,accept_id,,greedy,29,1,accept_static_degree,ok,-66,-76.763515,-76.38141900000001,5.489136448060332,9.650590586071722,4.360528954079988,321,255,93.863355,17.09984,tradeoff_or_tie
l4-n8192-zipf-w1,arity,4,8192,zipf,1,eas_k2_adaptive,eas,2,adaptive,29,1,native,ok,284,109.148903,109.631355,0.07685702985088702,0.0,0.7188392791932949,34,318,9.087282,118.236185,extra_commits_extra_time
l4-n8192-zipf-w1,arity,4,8192,zipf,1,eas_k2_adaptive,eas,2,adaptive,29,1,accept_id,ok,63,101.136345,100.801736,0.14462442271796913,0.08053917604137976,0.18035516244789082,255,318,17.09984,118.236185,extra_commits_extra_time
l4-n8192-zipf-w1,arity,4,8192,zipf,1,eas_k2_adaptive,eas,2,adaptive,29,1,accept_static_degree,ok,-3,24.372830000000008,24.420316999999997,0.7938631900208891,0.7772506141149127,0.7864439078718276,321,318,93.863355,118.236185,baseline_dominates
l4-n8192-zipf-w1,arity,4,8192,zipf,1,native,native,,native,29,1,accept_id,ok,-221,-8.012558,-8.829619,1.8817331739017233,,0.2508977565197763,255,34,17.09984,9.087282,tradeoff_or_tie
l4-n8192-zipf-w1,arity,4,8192,zipf,1,native,native,,native,29,1,accept_static_degree,ok,-287,-84.776073,-85.211038,10.329090150388202,,1.0940469318181956,321,34,93.863355,9.087282,tradeoff_or_tie
l4-n8192-zipf-w1,arity,4,8192,zipf,1,eas_k1_adaptive,eas,1,adaptive,29,1,native,ok,287,112.10272499999999,112.512856,0.07498375670528677,0.0,0.7079348794816415,34,321,9.087282,121.190007,extra_commits_extra_time
l4-n8192-zipf-w1,arity,4,8192,zipf,1,eas_k1_adaptive,eas,1,adaptive,29,1,accept_id,ok,66,104.090167,103.683237,0.1410994224961139,0.07847653427267014,0.17761927302404207,255,321,17.09984,121.190007,extra_commits_extra_time
l4-n8192-zipf-w1,arity,4,8192,zipf,1,eas_k1_adaptive,eas,1,adaptive,29,1,accept_static_degree,ok,0,27.326651999999996,27.301817999999997,0.7745139828236829,0.7573449028793652,0.774513982823974,321,321,93.863355,121.190007,baseline_dominates
l4-n8192-zipf-w1,arity,4,8192,zipf,1,accept_static_degree,accept_static_degree,,greedy,29,2,native,ok,287,85.987837,86.493011,0.09613445274625732,0.0,0.9076223332820679,34,321,9.145601,95.133438,extra_commits_extra_time
l4-n8192-zipf-w1,arity,4,8192,zipf,1,accept_static_degree,accept_static_degree,,greedy,29,2,accept_id,ok,66,78.232838,77.67131699999999,0.17765152143455595,0.10199314254419933,0.2236319152183272,255,321,16.9006,95.133438,extra_commits_extra_time
l4-n8192-zipf-w1,arity,4,8192,zipf,1,eas_k1_adaptive,eas,1,adaptive,29,2,native,ok,287,114.09033600000001,114.553415,0.07421212693826476,0.0,0.7006497866815443,34,321,9.145601,123.235937,extra_commits_extra_time
l4-n8192-zipf-w1,arity,4,8192,zipf,1,eas_k1_adaptive,eas,1,adaptive,29,2,accept_id,ok,66,106.33533700000001,105.731721,0.13714019150112033,0.07700943703860771,0.17263529988988413,255,321,16.9006,123.235937,extra_commits_extra_time
l4-n8192-zipf-w1,arity,4,8192,zipf,1,eas_k1_adaptive,eas,1,adaptive,29,2,accept_static_degree,ok,0,28.10249900000001,28.060404000000005,0.7719618182478702,0.7550452424312274,0.7719618182464872,321,321,95.133438,123.235937,baseline_dominates
l4-n8192-zipf-w1,arity,4,8192,zipf,1,eas_k2_adaptive,eas,2,adaptive,29,2,native,ok,284,110.989125,111.476547,0.07612787163638263,0.0,0.7120195053047202,34,318,9.145601,120.134726,extra_commits_extra_time
l4-n8192-zipf-w1,arity,4,8192,zipf,1,eas_k2_adaptive,eas,2,adaptive,29,2,accept_id,ok,63,103.234126,102.654853,0.1406803891157999,0.07913497715353528,0.17543672054466228,255,318,16.9006,120.134726,extra_commits_extra_time
l4-n8192-zipf-w1,arity,4,8192,zipf,1,eas_k2_adaptive,eas,2,adaptive,29,2,accept_static_degree,ok,-3,25.001288000000002,24.983536,0.791889582367716,0.7758852720832841,0.7844887451479681,321,318,95.133438,120.134726,baseline_dominates
l4-n8192-zipf-w1,arity,4,8192,zipf,1,native,native,,native,29,2,accept_id,ok,-221,-7.7549990000000015,-8.821694,1.8479485383191332,,0.24639313844299995,255,34,16.9006,9.145601,tradeoff_or_tie
l4-n8192-zipf-w1,arity,4,8192,zipf,1,native,native,,native,29,2,accept_static_degree,ok,-287,-85.987837,-86.493011,10.402098014116296,,1.1017798519609845,321,34,95.133438,9.145601,tradeoff_or_tie
l4-n8192-zipf-w1,arity,4,8192,zipf,1,accept_id,accept_id,,greedy,29,2,native,ok,221,7.7549990000000015,8.821694,0.5411406103925304,0.0,4.058554577936584,34,255,9.145601,16.9006,extra_commits_extra_time
l4-n8192-zipf-w1,arity,4,8192,zipf,1,accept_id,accept_id,,greedy,29,2,accept_static_degree,ok,-66,-78.232838,-77.67131699999999,5.62899766872182,9.804580730186288,4.471633662054545,321,255,95.133438,16.9006,tradeoff_or_tie
l4-n8192-zipf-w1,arity,4,8192,zipf,1,native,native,,native,29,3,accept_id,ok,-221,-8.347826999999999,-8.828643,1.93347718960737,,0.257796958613463,255,34,17.290549,8.942722,tradeoff_or_tie
l4-n8192-zipf-w1,arity,4,8192,zipf,1,native,native,,native,29,3,accept_static_degree,ok,-287,-85.126053,-85.430092,10.519031565556885,,1.1141653371606026,321,34,94.068775,8.942722,tradeoff_or_tie
l4-n8192-zipf-w1,arity,4,8192,zipf,1,eas_k1_adaptive,eas,1,adaptive,29,3,native,ok,287,112.595613,113.094571,0.073579434834285,0.0,0.694676428876614,34,321,8.942722,121.538335,extra_commits_extra_time
l4-n8192-zipf-w1,arity,4,8192,zipf,1,eas_k1_adaptive,eas,1,adaptive,29,3,accept_id,ok,66,104.247786,104.265928,0.14226415887629199,0.07806425120088213,0.17908547058485275,255,321,17.290549,121.538335,extra_commits_extra_time
l4-n8192-zipf-w1,arity,4,8192,zipf,1,eas_k1_adaptive,eas,1,adaptive,29,3,accept_static_degree,ok,0,27.46956,27.664479,0.7739843975976798,0.7553863217713607,0.773984397596836,321,321,94.068775,121.538335,baseline_dominates
l4-n8192-zipf-w1,arity,4,8192,zipf,1,eas_k2_adaptive,eas,2,adaptive,29,3,native,ok,284,108.93788599999999,109.161256,0.07586253711891272,0.0,0.7095378471711163,34,318,8.942722,117.880608,extra_commits_extra_time
l4-n8192-zipf-w1,arity,4,8192,zipf,1,eas_k2_adaptive,eas,2,adaptive,29,3,accept_id,ok,63,100.590059,100.332613,0.14667848506516015,0.08087707418829992,0.18291669902185792,255,318,17.290549,117.880608,extra_commits_extra_time
l4-n8192-zipf-w1,arity,4,8192,zipf,1,eas_k2_adaptive,eas,2,adaptive,29,3,accept_static_degree,ok,-3,23.811832999999993,23.731163999999993,0.7980004225970738,0.7826045167527205,0.790542474721615,321,318,94.068775,117.880608,baseline_dominates
l4-n8192-zipf-w1,arity,4,8192,zipf,1,accept_id,accept_id,,greedy,29,3,native,ok,221,8.347826999999999,8.828643,0.5172028950613425,0.0,3.8790217129729037,34,255,8.942722,17.290549,extra_commits_extra_time
l4-n8192-zipf-w1,arity,4,8192,zipf,1,accept_id,accept_id,,greedy,29,3,accept_static_degree,ok,-66,-76.778226,-76.601449,5.4404735789476675,9.676469192377583,4.321871534687753,321,255,94.068775,17.290549,tradeoff_or_tie
l4-n8192-zipf-w1,arity,4,8192,zipf,1,accept_static_degree,accept_static_degree,,greedy,29,3,native,ok,287,85.126053,85.430092,0.09506578564459886,0.0,0.8975328585867268,34,321,8.942722,94.068775,extra_commits_extra_time
l4-n8192-zipf-w1,arity,4,8192,zipf,1,accept_static_degree,accept_static_degree,,greedy,29,3,accept_id,ok,66,76.778226,76.601449,0.18380752805593564,0.1033434799531762,0.23138124119930556,255,321,17.290549,94.068775,extra_commits_extra_time
l4-n8192-zipf-w1,arity,4,8192,zipf,1,native,native,,native,47,1,accept_id,ok,-210,-7.940670999999998,-8.957367,1.849003937377458,,0.28331511943595206,248,38,17.293597,9.352926,tradeoff_or_tie
l4-n8192-zipf-w1,arity,4,8192,zipf,1,native,native,,native,47,1,accept_static_degree,ok,-281,-85.697624,-86.569201,10.16265391172773,,1.2105982716180015,319,38,95.05055,9.352926,tradeoff_or_tie
l4-n8192-zipf-w1,arity,4,8192,zipf,1,eas_k2_adaptive,eas,2,adaptive,47,1,native,ok,278,108.70921200000001,109.673493,0.07922036783714691,0.0,0.6587799009612157,38,316,9.352926,118.062138,extra_commits_extra_time
l4-n8192-zipf-w1,arity,4,8192,zipf,1,eas_k2_adaptive,eas,2,adaptive,47,1,accept_id,ok,68,100.768541,100.71612599999999,0.14647877205137516,0.08167303470493094,0.1866423063228315,248,316,17.293597,118.062138,extra_commits_extra_time
l4-n8192-zipf-w1,arity,4,8192,zipf,1,eas_k2_adaptive,eas,2,adaptive,47,1,accept_static_degree,ok,-3,23.011588000000003,23.104291999999987,0.8050891810886908,0.7893356784031672,0.797517809480326,319,316,95.05055,118.062138,baseline_dominates
l4-n8192-zipf-w1,arity,4,8192,zipf,1,eas_k1_adaptive,eas,1,adaptive,47,1,native,ok,281,114.205439,114.868935,0.07569642087769614,0.0,0.6354515331584272,38,319,9.352926,123.558365,extra_commits_extra_time
l4-n8192-zipf-w1,arity,4,8192,zipf,1,eas_k1_adaptive,eas,1,adaptive,47,1,accept_id,ok,71,106.264768,105.91156799999999,0.1399629802482414,0.07797902017634271,0.18003302701253865,248,319,17.293597,123.558365,extra_commits_extra_time
l4-n8192-zipf-w1,arity,4,8192,zipf,1,eas_k1_adaptive,eas,1,adaptive,47,1,accept_static_degree,ok,0,28.507814999999994,28.299733999999987,0.7692765277365075,0.7536345749179272,0.7692765277386011,319,319,95.05055,123.558365,baseline_dominates
l4-n8192-zipf-w1,arity,4,8192,zipf,1,accept_static_degree,accept_static_degree,,greedy,47,1,native,ok,281,85.697624,86.569201,0.09839949374306618,0.0,0.8260378553683787,38,319,9.352926,95.05055,extra_commits_extra_time
l4-n8192-zipf-w1,arity,4,8192,zipf,1,accept_static_degree,accept_static_degree,,greedy,47,1,accept_id,ok,71,77.75695300000001,77.611834,0.1819410513668779,0.10347059804791313,0.2340290136523099,248,319,17.293597,95.05055,extra_commits_extra_time
l4-n8192-zipf-w1,arity,4,8192,zipf,1,accept_id,accept_id,,greedy,47,1,native,ok,210,7.940670999999998,8.957367,0.5408317309579956,0.0,3.529638665210969,38,248,9.352926,17.293597,extra_commits_extra_time
l4-n8192-zipf-w1,arity,4,8192,zipf,1,accept_id,accept_id,,greedy,47,1,accept_static_degree,ok,-71,-77.75695300000001,-77.611834,5.496285706206755,9.664581232409034,4.272974467540469,319,248,95.05055,17.293597,tradeoff_or_tie
l4-n8192-zipf-w1,arity,4,8192,zipf,1,eas_k2_adaptive,eas,2,adaptive,47,2,native,ok,278,108.953152,109.464844,0.07612584228259829,0.0,0.6330464779295006,38,316,8.977576,117.930728,extra_commits_extra_time
l4-n8192-zipf-w1,arity,4,8192,zipf,1,eas_k2_adaptive,eas,2,adaptive,47,2,accept_id,ok,68,100.571173,100.522192,0.14720128752194253,0.08169428350895928,0.1875629308742611,248,316,17.359555,117.930728,extra_commits_extra_time
l4-n8192-zipf-w1,arity,4,8192,zipf,1,eas_k2_adaptive,eas,2,adaptive,47,2,accept_static_degree,ok,-3,22.804625,23.030841999999993,0.806626946286637,0.7896051265555177,0.7990411129369539,319,316,95.126103,117.930728,baseline_dominates
l4-n8192-zipf-w1,arity,4,8192,zipf,1,accept_static_degree,accept_static_degree,,greedy,47,2,native,ok,281,86.148527,86.434002,0.09437552592688464,0.0,0.7922577044911697,38,319,8.977576,95.126103,extra_commits_extra_time
l4-n8192-zipf-w1,arity,4,8192,zipf,1,accept_static_degree,accept_static_degree,,greedy,47,2,accept_id,ok,71,77.766548,77.49135000000001,0.18248992077390155,0.10346219998004952,0.23473501905910094,248,319,17.359555,95.126103,extra_commits_extra_time
l4-n8192-zipf-w1,arity,4,8192,zipf,1,accept_id,accept_id,,greedy,47,2,native,ok,210,8.381979000000001,8.942652,0.517154731212868,0.0,3.3751150879268565,38,248,8.977576,17.359555,extra_commits_extra_time
l4-n8192-zipf-w1,arity,4,8192,zipf,1,accept_id,accept_id,,greedy,47,2,accept_static_degree,ok,-71,-77.766548,-77.49135000000001,5.479754694172748,9.66536571030607,4.260122771661193,319,248,95.126103,17.359555,tradeoff_or_tie
l4-n8192-zipf-w1,arity,4,8192,zipf,1,native,native,,native,47,2,accept_id,ok,-210,-8.381979000000001,-8.942652,1.9336572589304732,,0.2962861928996453,248,38,17.359555,8.977576,tradeoff_or_tie
l4-n8192-zipf-w1,arity,4,8192,zipf,1,native,native,,native,47,2,accept_static_degree,ok,-281,-86.148527,-86.434002,10.59596744154547,,1.26221555730058,319,38,95.126103,8.977576,tradeoff_or_tie
l4-n8192-zipf-w1,arity,4,8192,zipf,1,eas_k1_adaptive,eas,1,adaptive,47,2,native,ok,281,112.63241000000001,113.010662,0.07382268755462236,0.0,0.6197220349994003,38,319,8.977576,121.609986,extra_commits_extra_time
l4-n8192-zipf-w1,arity,4,8192,zipf,1,eas_k1_adaptive,eas,1,adaptive,47,2,accept_id,ok,71,104.250431,104.06801,0.14274777566375182,0.0791310469449334,0.18361508240599309,248,319,17.359555,121.609986,extra_commits_extra_time
l4-n8192-zipf-w1,arity,4,8192,zipf,1,eas_k1_adaptive,eas,1,adaptive,47,2,accept_static_degree,ok,0,26.483883000000006,26.57665999999999,0.7822227937761624,0.7648305077621792,0.7822227937782176,319,319,95.126103,121.609986,baseline_dominates
l4-n8192-zipf-w1,arity,4,8192,zipf,1,native,native,,native,47,3,accept_id,ok,-210,-8.172225,-8.93521,1.8947256978137301,,0.29032087305246707,248,38,17.306002,9.133777,tradeoff_or_tie
l4-n8192-zipf-w1,arity,4,8192,zipf,1,native,native,,native,47,3,accept_static_degree,ok,-281,-84.761452,-85.349982,10.280000157656575,,1.2245768212896322,319,38,93.895229,9.133777,tradeoff_or_tie
l4-n8192-zipf-w1,arity,4,8192,zipf,1,accept_static_degree,accept_static_degree,,greedy,47,3,native,ok,281,84.761452,85.349982,0.09727626309958731,0.0,0.8166086297035047,38,319,9.133777,93.895229,extra_commits_extra_time
l4-n8192-zipf-w1,arity,4,8192,zipf,1,accept_static_degree,accept_static_degree,,greedy,47,3,accept_id,ok,71,76.589227,76.414772,0.18431183548207758,0.10468906718691516,0.23707853031770026,248,319,17.306002,93.895229,extra_commits_extra_time
l4-n8192-zipf-w1,arity,4,8192,zipf,1,accept_id,accept_id,,greedy,47,3,native,ok,210,8.172225,8.93521,0.5277808820315634,0.0,3.4444647037806306,38,248,9.133777,17.306002,extra_commits_extra_time
l4-n8192-zipf-w1,arity,4,8192,zipf,1,accept_id,accept_id,,greedy,47,3,accept_static_degree,ok,-71,-76.589227,-76.414772,5.425587550492598,9.552095809723554,4.218011638000019,319,248,93.895229,17.306002,tradeoff_or_tie
l4-n8192-zipf-w1,arity,4,8192,zipf,1,eas_k2_adaptive,eas,2,adaptive,47,3,native,ok,278,110.415914,110.940825,0.07640151073247024,0.0,0.6353388787223714,38,316,9.133777,119.549691,extra_commits_extra_time
l4-n8192-zipf-w1,arity,4,8192,zipf,1,eas_k2_adaptive,eas,2,adaptive,47,3,accept_id,ok,68,102.24368899999999,102.005615,0.14475990573660286,0.08054032408718792,0.18445213795485438,248,316,17.306002,119.549691,extra_commits_extra_time
l4-n8192-zipf-w1,arity,4,8192,zipf,1,eas_k2_adaptive,eas,2,adaptive,47,3,accept_static_degree,ok,-3,25.654461999999995,25.590843000000007,0.7854075423749945,0.7693288922270047,0.7780212645475607,319,316,93.895229,119.549691,baseline_dominates
l4-n8192-zipf-w1,arity,4,8192,zipf,1,eas_k1_adaptive,eas,1,adaptive,47,3,native,ok,281,113.334435,113.806253,0.07458079815846418,0.0,0.6260861740136947,38,319,9.133777,122.468212,extra_commits_extra_time
l4-n8192-zipf-w1,arity,4,8192,zipf,1,eas_k1_adaptive,eas,1,adaptive,47,3,accept_id,ok,71,105.16220999999999,104.871043,0.141310154834301,0.07851246978494231,0.18176588464573468,248,319,17.306002,122.468212,extra_commits_extra_time
l4-n8192-zipf-w1,arity,4,8192,zipf,1,eas_k1_adaptive,eas,1,adaptive,47,3,accept_static_degree,ok,0,28.572982999999994,28.456271,0.766690616827165,0.7499586336437946,0.7666906168270777,319,319,93.895229,122.468212,baseline_dominates
l4-n8192-zipf-w1,arity,4,8192,zipf,1,eas_k2_adaptive,eas,2,adaptive,71,1,native,ok,270,111.684089,112.125171,0.07428848852410898,0.0,0.5301496681048756,44,314,8.962665,120.646754,extra_commits_extra_time
l4-n8192-zipf-w1,arity,4,8192,zipf,1,eas_k2_adaptive,eas,2,adaptive,71,1,accept_id,ok,53,103.440129,103.309344,0.14261987521023564,0.07862487005705437,0.17158099929522502,261,314,17.206625,120.646754,extra_commits_extra_time
l4-n8192-zipf-w1,arity,4,8192,zipf,1,eas_k2_adaptive,eas,2,adaptive,71,1,accept_static_degree,ok,-5,26.967599000000007,26.96486999999999,0.7764747238868938,0.7595110022173345,0.7643042736712918,319,314,93.679155,120.646754,baseline_dominates
l4-n8192-zipf-w1,arity,4,8192,zipf,1,accept_static_degree,accept_static_degree,,greedy,71,1,native,ok,275,84.71649,85.160301,0.09567405897288463,0.0,0.6936369275528607,44,319,8.962665,93.679155,extra_commits_extra_time
l4-n8192-zipf-w1,arity,4,8192,zipf,1,accept_static_degree,accept_static_degree,,greedy,71,1,accept_id,ok,58,76.47252999999999,76.344474,0.18367613371405836,0.10352038328281625,0.2244930523167763,261,319,17.206625,93.679155,extra_commits_extra_time
l4-n8192-zipf-w1,arity,4,8192,zipf,1,accept_id,accept_id,,greedy,71,1,native,ok,217,8.24396,8.815827,0.5208845430175877,0.0,3.089792402902909,44,261,8.962665,17.206625,extra_commits_extra_time
l4-n8192-zipf-w1,arity,4,8192,zipf,1,accept_id,accept_id,,greedy,71,1,accept_static_degree,ok,-58,-76.47252999999999,-76.344474,5.444365469695539,9.659933322194275,4.454480838849864,319,261,93.679155,17.206625,tradeoff_or_tie
l4-n8192-zipf-w1,arity,4,8192,zipf,1,native,native,,native,71,1,accept_id,ok,-217,-8.24396,-8.815827,1.9198112391794182,,0.3236463391716816,261,44,17.206625,8.962665,tradeoff_or_tie
l4-n8192-zipf-w1,arity,4,8192,zipf,1,native,native,,native,71,1,accept_static_degree,ok,-275,-84.71649,-85.160301,10.452154018921828,,1.4416764164041598,319,44,93.679155,8.962665,tradeoff_or_tie
l4-n8192-zipf-w1,arity,4,8192,zipf,1,eas_k1_adaptive,eas,1,adaptive,71,1,native,ok,273,112.465185,112.942495,0.07381062087486519,0.0,0.5317719731209412,44,317,8.962665,121.42785,extra_commits_extra_time
l4-n8192-zipf-w1,arity,4,8192,zipf,1,eas_k1_adaptive,eas,1,adaptive,71,1,accept_id,ok,56,104.221225,104.126668,0.14170245952637717,0.07805589030063485,0.17210605237469448,261,317,17.206625,121.42785,extra_commits_extra_time
l4-n8192-zipf-w1,arity,4,8192,zipf,1,eas_k1_adaptive,eas,1,adaptive,71,1,accept_static_degree,ok,-2,27.748695000000012,27.78219399999999,0.7714799776163375,0.7540146957086437,0.7666431125531676,319,317,93.679155,121.42785,baseline_dominates
l4-n8192-zipf-w1,arity,4,8192,zipf,1,native,native,,native,71,2,accept_id,ok,-217,-7.927110000000001,-8.815058,1.8692012297376512,,0.31511438355603705,261,44,17.047104,9.119994,tradeoff_or_tie
l4-n8192-zipf-w1,arity,4,8192,zipf,1,native,native,,native,71,2,accept_static_degree,ok,-275,-85.364584,-85.909274,10.360157912384592,,1.4289872982576013,319,44,94.484578,9.119994,tradeoff_or_tie
l4-n8192-zipf-w1,arity,4,8192,zipf,1,eas_k2_adaptive,eas,2,adaptive,71,2,native,ok,270,110.955085,111.498308,0.07595242972940289,0.0,0.5420241576147664,44,314,9.119994,120.075079,extra_commits_extra_time
l4-n8192-zipf-w1,arity,4,8192,zipf,1,eas_k2_adaptive,eas,2,adaptive,71,2,accept_id,ok,53,103.027975,102.68324999999999,0.1419703750517624,0.07906001587037537,0.1707996082992574,261,314,17.047104,120.075079,extra_commits_extra_time
l4-n8192-zipf-w1,arity,4,8192,zipf,1,eas_k2_adaptive,eas,2,adaptive,71,2,accept_static_degree,ok,-5,25.590501000000003,25.589033999999998,0.786879165825908,0.7704984545595077,0.7745456365802773,319,314,94.484578,120.075079,baseline_dominates
l4-n8192-zipf-w1,arity,4,8192,zipf,1,accept_static_degree,accept_static_degree,,greedy,71,2,native,ok,275,85.364584,85.909274,0.09652362526295032,0.0,0.699796283157537,44,319,9.119994,94.484578,extra_commits_extra_time
l4-n8192-zipf-w1,arity,4,8192,zipf,1,accept_static_degree,accept_static_degree,,greedy,71,2,accept_id,ok,58,77.437474,77.09421599999999,0.18042207904024296,0.10260892205886876,0.2205158743819932,261,319,17.047104,94.484578,extra_commits_extra_time
l4-n8192-zipf-w1,arity,4,8192,zipf,1,accept_id,accept_id,,greedy,71,2,native,ok,217,7.927110000000001,8.815058,0.5349878782929933,0.0,3.1734508235234817,44,261,9.119994,17.047104,extra_commits_extra_time
l4-n8192-zipf-w1,arity,4,8192,zipf,1,accept_id,accept_id,,greedy,71,2,accept_static_degree,ok,-58,-77.437474,-77.09421599999999,5.542558900326999,9.745741207828694,4.53482091846018,319,261,94.484578,17.047104,tradeoff_or_tie
l4-n8192-zipf-w1,arity,4,8192,zipf,1,eas_k1_adaptive,eas,1,adaptive,71,2,native,ok,273,112.80148,113.610305,0.07480219604300388,0.0,0.538915821492632,44,317,9.119994,121.921474,extra_commits_extra_time
l4-n8192-zipf-w1,arity,4,8192,zipf,1,eas_k1_adaptive,eas,1,adaptive,71,2,accept_id,ok,56,104.87437,104.79524699999999,0.13982035683065971,0.07759030309794522,0.16982012687824602,261,317,17.047104,121.921474,extra_commits_extra_time
l4-n8192-zipf-w1,arity,4,8192,zipf,1,eas_k1_adaptive,eas,1,adaptive,71,2,accept_static_degree,ok,-2,27.436896000000004,27.701031,0.77496256319867,0.756175014229563,0.7701038637430319,319,317,94.484578,121.921474,baseline_dominates
l4-n8192-zipf-w1,arity,4,8192,zipf,1,accept_id,accept_id,,greedy,71,3,native,ok,217,7.909279,8.785996,0.5348966620824428,0.0,3.172909745541308,44,261,9.096144,17.005423,extra_commits_extra_time
l4-n8192-zipf-w1,arity,4,8192,zipf,1,accept_id,accept_id,,greedy,71,3,accept_static_degree,ok,-58,-78.21934099999999,-77.888463,5.599670411021236,9.865069253389143,4.5815485181175895,319,261,95.224764,17.005423,tradeoff_or_tie
l4-n8192-zipf-w1,arity,4,8192,zipf,1,eas_k1_adaptive,eas,1,adaptive,71,3,native,ok,273,114.362423,114.815421,0.07367770597888117,0.0,0.5308143817123149,44,317,9.096144,123.458567,extra_commits_extra_time
l4-n8192-zipf-w1,arity,4,8192,zipf,1,eas_k1_adaptive,eas,1,adaptive,71,3,accept_id,ok,56,106.45314400000001,106.029425,0.13774194382152516,0.07652278695211161,0.16729577084826797,261,317,17.005423,123.458567,extra_commits_extra_time
l4-n8192-zipf-w1,arity,4,8192,zipf,1,eas_k1_adaptive,eas,1,adaptive,71,3,accept_static_degree,ok,-2,28.23380300000001,28.140962000000002,0.7713094871739439,0.754902592744924,0.7664736910172218,319,317,95.224764,123.458567,baseline_dominates
l4-n8192-zipf-w1,arity,4,8192,zipf,1,eas_k2_adaptive,eas,2,adaptive,71,3,native,ok,270,110.590534,111.036208,0.07599963631708452,0.0,0.5423610409904674,44,314,9.096144,119.686678,extra_commits_extra_time
l4-n8192-zipf-w1,arity,4,8192,zipf,1,eas_k2_adaptive,eas,2,adaptive,71,3,accept_id,ok,53,102.681255,102.250212,0.14208283899399396,0.07912730593249366,0.17093490974731113,261,314,17.005423,119.686678,extra_commits_extra_time
l4-n8192-zipf-w1,arity,4,8192,zipf,1,eas_k2_adaptive,eas,2,adaptive,71,3,accept_static_degree,ok,-5,24.461914000000007,24.361749000000003,0.7956170694285624,0.7805963528581595,0.7831465824473571,319,314,95.224764,119.686678,baseline_dominates
l4-n8192-zipf-w1,arity,4,8192,zipf,1,accept_static_degree,accept_static_degree,,greedy,71,3,native,ok,275,86.12862,86.674459,0.09552288310213089,0.0,0.6925409024905306,44,319,9.096144,95.224764,extra_commits_extra_time
l4-n8192-zipf-w1,arity,4,8192,zipf,1,accept_static_degree,accept_static_degree,,greedy,71,3,accept_id,ok,58,78.21934099999999,77.888463,0.17858193904266334,0.10136776279157395,0.21826681438503412,261,319,17.005423,95.224764,extra_commits_extra_time
l4-n8192-zipf-w1,arity,4,8192,zipf,1,native,native,,native,71,3,accept_id,ok,-217,-7.909279,-8.785996,1.8695199856114855,,0.3151681201790368,261,44,17.005423,9.096144,tradeoff_or_tie
l4-n8192-zipf-w1,arity,4,8192,zipf,1,native,native,,native,71,3,accept_static_degree,ok,-275,-86.12862,-86.674459,10.468695746241483,,1.4439580339641722,319,44,95.224764,9.096144,tradeoff_or_tie
l4-n8192-zipf-w1,arity,4,8192,zipf,1,eas_k1_adaptive,eas,1,adaptive,101,1,native,ok,262,112.669803,113.230106,0.07394387396363128,0.0,0.5582762484256079,40,302,8.996476,121.666279,extra_commits_extra_time
l4-n8192-zipf-w1,arity,4,8192,zipf,1,eas_k1_adaptive,eas,1,adaptive,101,1,accept_id,ok,65,104.70778100000001,104.385243,0.13938535919225406,0.0781140574044857,0.1776134112914291,237,302,16.958498,121.666279,extra_commits_extra_time
l4-n8192-zipf-w1,arity,4,8192,zipf,1,eas_k1_adaptive,eas,1,adaptive,101,1,accept_static_degree,ok,-4,27.76678100000001,27.86752700000001,0.7717791550113897,0.7538858879104113,0.7616905386071923,306,302,93.899498,121.666279,baseline_dominates
l4-n8192-zipf-w1,arity,4,8192,zipf,1,native,native,,native,101,1,accept_id,ok,-197,-7.962021999999999,-8.844863,1.885015643903235,,0.3181461002367839,237,40,16.958498,8.996476,tradeoff_or_tie
l4-n8192-zipf-w1,arity,4,8192,zipf,1,native,native,,native,101,1,accept_static_degree,ok,-266,-84.90302199999999,-85.362579,10.437364363557464,,1.3643613547150395,306,40,93.899498,8.996476,tradeoff_or_tie
l4-n8192-zipf-w1,arity,4,8192,zipf,1,accept_static_degree,accept_static_degree,,greedy,101,1,native,ok,266,84.90302199999999,85.362579,0.09580962829002558,0.0,0.7329436564178117,40,306,8.996476,93.899498,extra_commits_extra_time
l4-n8192-zipf-w1,arity,4,8192,zipf,1,accept_static_degree,accept_static_degree,,greedy,101,1,accept_id,ok,69,76.941,76.517716,0.18060264816325217,0.10361522699542619,0.233183165982616,237,306,16.958498,93.899498,extra_commits_extra_time
l4-n8192-zipf-w1,arity,4,8192,zipf,1,eas_k2_adaptive,eas,2,adaptive,101,1,native,ok,260,109.888271,110.166669,0.07567392981035657,0.0,0.5675544735779449,40,300,8.996476,118.884747,extra_commits_extra_time
l4-n8192-zipf-w1,arity,4,8192,zipf,1,eas_k2_adaptive,eas,2,adaptive,101,1,accept_id,ok,63,101.92624900000001,101.321806,0.1426465415281575,0.08028619799696404,0.18056524244076394,237,300,16.958498,118.884747,extra_commits_extra_time
l4-n8192-zipf-w1,arity,4,8192,zipf,1,eas_k2_adaptive,eas,2,adaptive,101,1,accept_static_degree,ok,-6,24.98524900000001,24.804090000000002,0.7898363782529645,0.7748494147535676,0.774349390445386,306,300,93.899498,118.884747,baseline_dominates
l4-n8192-zipf-w1,arity,4,8192,zipf,1,accept_id,accept_id,,greedy,101,1,native,ok,197,7.962021999999999,8.844863,0.5304995760827403,0.0,3.143209988290721,40,237,8.996476,16.958498,extra_commits_extra_time
l4-n8192-zipf-w1,arity,4,8192,zipf,1,accept_id,accept_id,,greedy,101,1,accept_static_degree,ok,-69,-76.941,-76.517716,5.537017370288336,9.651091147483008,4.288474237778171,306,237,93.899498,16.958498,tradeoff_or_tie
l4-n8192-zipf-w1,arity,4,8192,zipf,1,accept_id,accept_id,,greedy,101,2,native,ok,197,8.247563999999999,8.959579,0.5187326641527561,0.0,3.073491035115562,40,237,8.889614,17.137178,extra_commits_extra_time
l4-n8192-zipf-w1,arity,4,8192,zipf,1,accept_id,accept_id,,greedy,101,2,accept_static_degree,ok,-69,-77.577224,-77.28667499999999,5.526837732560169,9.62615029121346,4.280590008561727,306,237,94.714402,17.137178,tradeoff_or_tie
l4-n8192-zipf-w1,arity,4,8192,zipf,1,native,native,,native,101,2,accept_id,ok,-197,-8.247563999999999,-8.959579,1.9277752667326162,,0.3253629142153656,237,40,17.137178,8.889614,tradeoff_or_tie
l4-n8192-zipf-w1,arity,4,8192,zipf,1,native,native,,native,101,2,accept_static_degree,ok,-266,-85.82478800000001,-86.246254,10.654501084074068,,1.39274523974682,306,40,94.714402,8.889614,tradeoff_or_tie
l4-n8192-zipf-w1,arity,4,8192,zipf,1,accept_static_degree,accept_static_degree,,greedy,101,2,native,ok,266,85.82478800000001,86.246254,0.09385704615439582,0.0,0.7180064030818621,40,306,8.889614,94.714402,extra_commits_extra_time
l4-n8192-zipf-w1,arity,4,8192,zipf,1,accept_static_degree,accept_static_degree,,greedy,101,2,accept_id,ok,69,77.577224,77.28667499999999,0.18093529218502585,0.1038836886759163,0.23361265573200712,237,306,17.137178,94.714402,extra_commits_extra_time
l4-n8192-zipf-w1,arity,4,8192,zipf,1,eas_k1_adaptive,eas,1,adaptive,101,2,native,ok,262,113.31281800000001,113.537507,0.07274498432240693,0.0,0.5492246316340399,40,302,8.889614,122.202432,extra_commits_extra_time
l4-n8192-zipf-w1,arity,4,8192,zipf,1,eas_k1_adaptive,eas,1,adaptive,101,2,accept_id,ok,65,105.06525400000001,104.577928,0.140235981555588,0.07891294460076527,0.1786973267073119,237,302,17.137178,122.202432,extra_commits_extra_time
l4-n8192-zipf-w1,arity,4,8192,zipf,1,eas_k1_adaptive,eas,1,adaptive,101,2,accept_static_degree,ok,-4,27.488029999999995,27.29125300000001,0.7750615143240358,0.7596278646491682,0.7649299912600098,306,302,94.714402,122.202432,baseline_dominates
l4-n8192-zipf-w1,arity,4,8192,zipf,1,eas_k2_adaptive,eas,2,adaptive,101,2,native,ok,260,110.837107,111.182121,0.07424920624026779,0.0,0.5568690468030132,40,300,8.889614,119.726721,extra_commits_extra_time
l4-n8192-zipf-w1,arity,4,8192,zipf,1,eas_k2_adaptive,eas,2,adaptive,101,2,accept_id,ok,63,102.58954299999999,102.22254199999999,0.14313578336451727,0.08058471019814419,0.1811845359041612,237,300,17.137178,119.726721,extra_commits_extra_time
l4-n8192-zipf-w1,arity,4,8192,zipf,1,eas_k2_adaptive,eas,2,adaptive,101,2,accept_static_degree,ok,-6,25.01231899999999,24.935867000000002,0.7910882483785722,0.7757205315412178,0.7755767140972457,306,300,94.714402,119.726721,baseline_dominates
l4-n8192-zipf-w1,arity,4,8192,zipf,1,accept_static_degree,accept_static_degree,,greedy,101,3,native,ok,266,85.701719,86.275309,0.09645099395039158,0.0,0.7378501037195508,40,306,9.148387,94.850106,extra_commits_extra_time
l4-n8192-zipf-w1,arity,4,8192,zipf,1,accept_static_degree,accept_static_degree,,greedy,101,3,accept_id,ok,69,77.517752,77.43933299999999,0.18273415529973155,0.10241604582372463,0.23593523848775103,237,306,17.332354,94.850106,extra_commits_extra_time
l4-n8192-zipf-w1,arity,4,8192,zipf,1,accept_id,accept_id,,greedy,101,3,native,ok,197,8.183966999999999,8.835976,0.5278213796002551,0.0,3.127341674134267,40,237,9.148387,17.332354,extra_commits_extra_time
l4-n8192-zipf-w1,arity,4,8192,zipf,1,accept_id,accept_id,,greedy,101,3,accept_static_degree,ok,-69,-77.517752,-77.43933299999999,5.472430692334117,9.764094990751445,4.238451222503232,306,237,94.850106,17.332354,tradeoff_or_tie
l4-n8192-zipf-w1,arity,4,8192,zipf,1,eas_k1_adaptive,eas,1,adaptive,101,3,native,ok,262,113.787947,114.416962,0.07441564834689149,0.0,0.5618381450174641,40,302,9.148387,122.936334,extra_commits_extra_time
l4-n8192-zipf-w1,arity,4,8192,zipf,1,eas_k1_adaptive,eas,1,adaptive,101,3,accept_id,ok,65,105.60398,105.580986,0.14098642310254672,0.07722610219278503,0.17965358555617245,237,302,17.332354,122.936334,extra_commits_extra_time
l4-n8192-zipf-w1,arity,4,8192,zipf,1,eas_k1_adaptive,eas,1,adaptive,101,3,accept_static_degree,ok,-4,28.086228000000006,28.141653000000005,0.7715384289887804,0.7540429975758314,0.7614529593276481,306,302,94.850106,122.936334,baseline_dominates
l4-n8192-zipf-w1,arity,4,8192,zipf,1,native,native,,native,101,3,accept_id,ok,-197,-8.183966999999999,-8.835976,1.8945803232854053,,0.3197603921153985,237,40,17.332354,9.148387,tradeoff_or_tie
l4-n8192-zipf-w1,arity,4,8192,zipf,1,native,native,,native,101,3,accept_static_degree,ok,-266,-85.701719,-86.275309,10.367959510239347,,1.3552888248696235,306,40,94.850106,9.148387,tradeoff_or_tie
l4-n8192-zipf-w1,arity,4,8192,zipf,1,eas_k2_adaptive,eas,2,adaptive,101,3,native,ok,260,110.058931,110.703926,0.07674350160281267,0.0,0.57557626201954,40,300,9.148387,119.207318,extra_commits_extra_time
l4-n8192-zipf-w1,arity,4,8192,zipf,1,eas_k2_adaptive,eas,2,adaptive,101,3,accept_id,ok,63,101.874964,101.86795,0.14539672807671086,0.07981628402230288,0.18404649123568345,237,300,17.332354,119.207318,extra_commits_extra_time
l4-n8192-zipf-w1,arity,4,8192,zipf,1,eas_k2_adaptive,eas,2,adaptive,101,3,accept_static_degree,ok,-6,24.357212000000004,24.428617000000003,0.7956735172919501,0.7793337790025622,0.780072075775313,306,300,94.850106,119.207318,baseline_dominates
l2-n8192-zipf-w2,scale,2,8192,zipf,2,native,native,,native,11,1,accept_id,ok,-411,-6.092017,-6.535094,2.3647731351027543,,1.3523546366421562,960,549,10.555775,4.463758,tradeoff_or_tie
l2-n8192-zipf-w2,scale,2,8192,zipf,2,native,native,,native,11,1,accept_static_degree,ok,-520,-8.421866,-8.587711,2.886721009517093,,1.482516215370437,1069,549,12.885624,4.463758,tradeoff_or_tie
l2-n8192-zipf-w2,scale,2,8192,zipf,2,eas_k1_adaptive,eas,1,adaptive,11,1,native,ok,518,68.912869,69.130862,0.060833513102203515,0.0,0.1182319826587302,549,1067,4.463758,73.376627,extra_commits_extra_time
l2-n8192-zipf-w2,scale,2,8192,zipf,2,eas_k1_adaptive,eas,1,adaptive,11,1,accept_id,ok,107,62.820852,62.59576799999999,0.1438574574980123,0.0945322220920665,0.15989156994792877,960,1067,10.555775,73.376627,extra_commits_extra_time
l2-n8192-zipf-w2,scale,2,8192,zipf,2,eas_k1_adaptive,eas,1,adaptive,11,1,accept_static_degree,ok,-2,60.491003,60.543150999999995,0.17560938035486423,0.12422398262587846,0.17528083146696383,1069,1067,12.885624,73.376627,baseline_dominates
l2-n8192-zipf-w2,scale,2,8192,zipf,2,eas_k2_adaptive,eas,2,adaptive,11,1,native,ok,517,56.603823,56.956415,0.07309537936339743,0.0,0.1419301901660153,549,1066,4.463758,61.067581,extra_commits_extra_time
l2-n8192-zipf-w2,scale,2,8192,zipf,2,eas_k2_adaptive,eas,2,adaptive,11,1,accept_id,ok,106,50.51180599999999,50.421321,0.17285398941870647,0.11473850662827005,0.19193995075051373,960,1066,10.555775,61.067581,extra_commits_extra_time
l2-n8192-zipf-w2,scale,2,8192,zipf,2,eas_k2_adaptive,eas,2,adaptive,11,1,accept_static_degree,ok,-3,48.181957,48.368704,0.2110059673069415,0.1507768879063052,0.21041380837172743,1069,1066,12.885624,61.067581,baseline_dominates
l2-n8192-zipf-w2,scale,2,8192,zipf,2,accept_static_degree,accept_static_degree,,greedy,11,1,native,ok,520,8.421866,8.587711,0.3464138019237563,0.0,0.6745288784245301,549,1069,4.463758,12.885624,extra_commits_extra_time
l2-n8192-zipf-w2,scale,2,8192,zipf,2,accept_static_degree,accept_static_degree,,greedy,11,1,accept_id,ok,109,2.3298489999999994,2.0526170000000006,0.8191900524181057,0.7609820591307741,0.9122022562864465,960,1069,10.555775,12.885624,extra_commits_extra_time
l2-n8192-zipf-w2,scale,2,8192,zipf,2,accept_id,accept_id,,greedy,11,1,native,ok,411,6.092017,6.535094,0.42287354552365886,0.0,0.7394510085630801,549,960,4.463758,10.555775,extra_commits_extra_time
l2-n8192-zipf-w2,scale,2,8192,zipf,2,accept_id,accept_id,,greedy,11,1,accept_static_degree,ok,-109,-2.3298489999999994,-2.0526170000000006,1.2207179482321289,1.3140914269940112,1.09624811066679,1069,960,12.885624,10.555775,tradeoff_or_tie
l2-n8192-zipf-w2,scale,2,8192,zipf,2,eas_k1_adaptive,eas,1,adaptive,11,2,native,ok,518,68.358857,68.707559,0.061640694869154695,0.0,0.11980076762321251,549,1067,4.490484,72.849341,extra_commits_extra_time
l2-n8192-zipf-w2,scale,2,8192,zipf,2,eas_k1_adaptive,eas,1,adaptive,11,2,accept_id,ok,107,62.244288999999995,62.154921,0.1455751260673724,0.09536997231993062,0.16180068699313407,960,1067,10.605052,72.849341,extra_commits_extra_time
l2-n8192-zipf-w2,scale,2,8192,zipf,2,eas_k1_adaptive,eas,1,adaptive,11,2,accept_static_degree,ok,-2,59.877281999999994,60.03806,0.17806693680317576,0.12617969734596451,0.17773379005467646,1069,1067,12.972059,72.849341,baseline_dominates
l2-n8192-zipf-w2,scale,2,8192,zipf,2,accept_static_degree,accept_static_degree,,greedy,11,2,native,ok,520,8.481575,8.669499,0.34616586310623476,0.0,0.6740460977417859,549,1069,4.490484,12.972059,extra_commits_extra_time
l2-n8192-zipf-w2,scale,2,8192,zipf,2,accept_static_degree,accept_static_degree,,greedy,11,2,accept_id,ok,109,2.367006999999999,2.116861,0.8175303550500349,0.7558266054359081,0.9103541141127928,960,1069,10.605052,12.972059,extra_commits_extra_time
l2-n8192-zipf-w2,scale,2,8192,zipf,2,eas_k2_adaptive,eas,2,adaptive,11,2,native,ok,517,56.635743,56.839935,0.0734624762624397,0.0,0.14264298669522107,549,1066,4.490484,61.126227,extra_commits_extra_time
l2-n8192-zipf-w2,scale,2,8192,zipf,2,eas_k2_adaptive,eas,2,adaptive,11,2,accept_id,ok,106,50.521175,50.287296999999995,0.17349430057248585,0.11528229228270581,0.19265096292728046,960,1066,10.605052,61.126227,extra_commits_extra_time
l2-n8192-zipf-w2,scale,2,8192,zipf,2,eas_k2_adaptive,eas,2,adaptive,11,2,accept_static_degree,ok,-3,48.154168,48.170435999999995,0.21221756415621726,0.1525247873700067,0.21162200504254658,1069,1066,12.972059,61.126227,baseline_dominates
l2-n8192-zipf-w2,scale,2,8192,zipf,2,accept_id,accept_id,,greedy,11,2,native,ok,411,6.114568,6.552638,0.4234287582936887,0.0,0.7404218724256478,549,960,4.490484,10.605052,extra_commits_extra_time
l2-n8192-zipf-w2,scale,2,8192,zipf,2,accept_id,accept_id,,greedy,11,2,accept_static_degree,ok,-109,-2.367006999999999,-2.116861,1.2231961710324475,1.323054775801746,1.0984736428357593,1069,960,12.972059,10.605052,tradeoff_or_tie
l2-n8192-zipf-w2,scale,2,8192,zipf,2,native,native,,native,11,2,accept_id,ok,-411,-6.114568,-6.552638,2.3616723720650157,,1.3505813877755464,960,549,10.605052,4.490484,tradeoff_or_tie
l2-n8192-zipf-w2,scale,2,8192,zipf,2,native,native,,native,11,2,accept_static_degree,ok,-520,-8.481575,-8.669499,2.8887886027430447,,1.4835780569759796,1069,549,12.972059,4.490484,tradeoff_or_tie
l2-n8192-zipf-w2,scale,2,8192,zipf,2,native,native,,native,11,3,accept_id,ok,-411,-6.074337000000001,-6.471361,2.3672166215867345,,1.3537520054653753,960,549,10.517186,4.442849,tradeoff_or_tie
l2-n8192-zipf-w2,scale,2,8192,zipf,2,native,native,,native,11,3,accept_static_degree,ok,-520,-8.234582,-8.588501,2.8534462908822698,,1.4654275151444893,1069,549,12.677431,4.442849,tradeoff_or_tie
l2-n8192-zipf-w2,scale,2,8192,zipf,2,accept_id,accept_id,,greedy,11,3,native,ok,411,6.074337000000001,6.471361,0.4224370473242557,0.0,0.7386877330284973,549,960,4.442849,10.517186,extra_commits_extra_time
l2-n8192-zipf-w2,scale,2,8192,zipf,2,accept_id,accept_id,,greedy,11,3,accept_static_degree,ok,-109,-2.1602449999999997,-2.117140000000001,1.2054014258186552,1.3271552923720376,1.0824933290796668,1069,960,12.677431,10.517186,tradeoff_or_tie
l2-n8192-zipf-w2,scale,2,8192,zipf,2,eas_k1_adaptive,eas,1,adaptive,11,3,native,ok,518,68.548069,68.813489,0.06086851791616048,0.0,0.11830001569504792,549,1067,4.442849,72.990918,extra_commits_extra_time
l2-n8192-zipf-w2,scale,2,8192,zipf,2,eas_k1_adaptive,eas,1,adaptive,11,3,accept_id,ok,107,62.47373199999999,62.342128,0.14408896734248502,0.09404204167005686,0.1601488834937565,960,1067,10.517186,72.990918,extra_commits_extra_time
l2-n8192-zipf-w2,scale,2,8192,zipf,2,eas_k1_adaptive,eas,1,adaptive,11,3,accept_static_degree,ok,-2,60.313486999999995,60.224988,0.1736850466793691,0.12480839330788765,0.17336009804154814,1069,1067,12.677431,72.990918,baseline_dominates
l2-n8192-zipf-w2,scale,2,8192,zipf,2,eas_k2_adaptive,eas,2,adaptive,11,3,native,ok,517,56.670933,56.94543,0.07269798815592855,0.0,0.14115857080960836,549,1066,4.442849,61.113782,extra_commits_extra_time
l2-n8192-zipf-w2,scale,2,8192,zipf,2,eas_k2_adaptive,eas,2,adaptive,11,3,accept_id,ok,106,50.596596,50.474069,0.17209188591862962,0.11364144585439077,0.1910936983221335,960,1066,10.517186,61.113782,extra_commits_extra_time
l2-n8192-zipf-w2,scale,2,8192,zipf,2,eas_k2_adaptive,eas,2,adaptive,11,3,accept_static_degree,ok,-3,48.436351,48.356929,0.20743980465813752,0.15081984629846504,0.20685765366287182,1069,1066,12.677431,61.113782,baseline_dominates
l2-n8192-zipf-w2,scale,2,8192,zipf,2,accept_static_degree,accept_static_degree,,greedy,11,3,native,ok,520,8.234582,8.588501,0.3504534159957171,0.0,0.6823947207661112,549,1069,4.442849,12.677431,extra_commits_extra_time
l2-n8192-zipf-w2,scale,2,8192,zipf,2,accept_static_degree,accept_static_degree,,greedy,11,3,accept_id,ok,109,2.1602449999999997,2.117140000000001,0.8295991514369118,0.7534913252033154,0.9237932217561079,960,1069,10.517186,12.677431,extra_commits_extra_time
l2-n8192-zipf-w2,scale,2,8192,zipf,2,eas_k1_adaptive,eas,1,adaptive,29,1,native,ok,494,68.989469,69.059843,0.05850972446574861,0.0,0.11420106143305613,519,1013,4.28741,73.276879,extra_commits_extra_time
l2-n8192-zipf-w2,scale,2,8192,zipf,2,eas_k1_adaptive,eas,1,adaptive,29,1,accept_id,ok,85,62.714910999999994,62.546104,0.14413779822691414,0.09432021153016522,0.1573400750045289,928,1013,10.561968,73.276879,extra_commits_extra_time
l2-n8192-zipf-w2,scale,2,8192,zipf,2,eas_k1_adaptive,eas,1,adaptive,29,1,accept_static_degree,ok,-2,60.74969999999999,60.455182,0.17095677614763044,0.1245971700225267,0.17061991550539687,1015,1013,12.527179,73.276879,baseline_dominates
l2-n8192-zipf-w2,scale,2,8192,zipf,2,native,native,,native,29,1,accept_id,ok,-409,-6.274558,-6.513739,2.463484481306896,,1.3777461700455433,928,519,10.561968,4.28741,tradeoff_or_tie
l2-n8192-zipf-w2,scale,2,8192,zipf,2,native,native,,native,29,1,accept_static_degree,ok,-496,-8.239768999999999,-8.604661,2.921852353752032,,1.4940309079825242,1015,519,12.527179,4.28741,tradeoff_or_tie
l2-n8192-zipf-w2,scale,2,8192,zipf,2,accept_id,accept_id,,greedy,29,1,native,ok,409,6.274558,6.513739,0.4059290844282051,0.0,0.7258231027903663,519,928,4.28741,10.561968,extra_commits_extra_time
l2-n8192-zipf-w2,scale,2,8192,zipf,2,accept_id,accept_id,,greedy,29,1,accept_static_degree,ok,-87,-1.965211,-2.090922,1.1860648507929583,1.3210018086386328,1.084402149296584,1015,928,12.527179,10.561968,tradeoff_or_tie
l2-n8192-zipf-w2,scale,2,8192,zipf,2,accept_static_degree,accept_static_degree,,greedy,29,1,native,ok,496,8.239768999999999,8.604661,0.3422486419328725,0.0,0.6693301956854142,519,1015,4.28741,12.527179,extra_commits_extra_time
l2-n8192-zipf-w2,scale,2,8192,zipf,2,accept_static_degree,accept_static_degree,,greedy,29,1,accept_id,ok,87,1.965211,2.090922,0.843124218149992,0.7570012345634535,0.9221671136014136,928,1015,10.561968,12.527179,extra_commits_extra_time
l2-n8192-zipf-w2,scale,2,8192,zipf,2,eas_k2_adaptive,eas,2,adaptive,29,1,native,ok,491,56.655372,56.797758,0.0703513994487485,0.0,0.13690734767408813,519,1010,4.28741,60.942782,extra_commits_extra_time
l2-n8192-zipf-w2,scale,2,8192,zipf,2,eas_k2_adaptive,eas,2,adaptive,29,1,accept_id,ok,82,50.380814,50.284019,0.17330958078021447,0.11468303027031454,0.18862357390906853,928,1010,10.561968,60.942782,extra_commits_extra_time
l2-n8192-zipf-w2,scale,2,8192,zipf,2,eas_k2_adaptive,eas,2,adaptive,29,1,accept_static_degree,ok,-5,48.415603000000004,48.193097,0.20555640206907522,0.15149649040724458,0.204543808954997,1015,1010,12.527179,60.942782,baseline_dominates
l2-n8192-zipf-w2,scale,2,8192,zipf,2,eas_k2_adaptive,eas,2,adaptive,29,2,native,ok,491,56.744961,56.703947,0.06955310528686535,0.0,0.13535382724364511,519,1010,4.24182,60.986781,extra_commits_extra_time
l2-n8192-zipf-w2,scale,2,8192,zipf,2,eas_k2_adaptive,eas,2,adaptive,29,2,accept_id,ok,82,50.311193,50.063753,0.17504757301422416,0.11710285352799163,0.19051513873263565,928,1010,10.675588,60.986781,extra_commits_extra_time
l2-n8192-zipf-w2,scale,2,8192,zipf,2,eas_k2_adaptive,eas,2,adaptive,29,2,accept_static_degree,ok,-5,48.453365,48.139514,0.20551037117371387,0.15103768702379747,0.20449800481291958,1015,1010,12.533416,60.986781,baseline_dominates
l2-n8192-zipf-w2,scale,2,8192,zipf,2,accept_id,accept_id,,greedy,29,2,native,ok,409,6.433768,6.640194,0.39733830117835195,0.0,0.7104623188690397,519,928,4.24182,10.675588,extra_commits_extra_time
l2-n8192-zipf-w2,scale,2,8192,zipf,2,accept_id,accept_id,,greedy,29,2,accept_static_degree,ok,-87,-1.8578280000000014,-1.9242389999999991,1.1740258241513255,1.2897865634648624,1.0733950392252405,1015,928,12.533416,10.675588,tradeoff_or_tie
l2-n8192-zipf-w2,scale,2,8192,zipf,2,accept_static_degree,accept_static_degree,,greedy,29,2,native,ok,496,8.291596000000002,8.564433,0.33844085283692804,0.0,0.6618833634463599,519,1015,4.24182,12.533416,extra_commits_extra_time
l2-n8192-zipf-w2,scale,2,8192,zipf,2,accept_static_degree,accept_static_degree,,greedy,29,2,accept_id,ok,87,1.8578280000000014,1.9242389999999991,0.8517700202402919,0.7753220791148697,0.9316234596368026,928,1015,10.675588,12.533416,extra_commits_extra_time
l2-n8192-zipf-w2,scale,2,8192,zipf,2,eas_k1_adaptive,eas,1,adaptive,29,2,native,ok,494,68.77353699999999,68.911465,0.05809490187112281,0.0,0.11339139806434781,519,1013,4.24182,73.015357,extra_commits_extra_time
l2-n8192-zipf-w2,scale,2,8192,zipf,2,eas_k1_adaptive,eas,1,adaptive,29,2,accept_id,ok,85,62.339769,62.271271000000006,0.1462101732927225,0.09635833456740471,0.1596022689068882,928,1013,10.675588,73.015357,extra_commits_extra_time
l2-n8192-zipf-w2,scale,2,8192,zipf,2,eas_k1_adaptive,eas,1,adaptive,29,2,accept_static_degree,ok,-2,60.48194099999999,60.347032000000006,0.1716545191992967,0.12428168520289039,0.17131628369374663,1015,1013,12.533416,73.015357,baseline_dominates
l2-n8192-zipf-w2,scale,2,8192,zipf,2,native,native,,native,29,2,accept_id,ok,-409,-6.433768,-6.640194,2.5167470566879313,,1.4075341836451867,928,519,10.675588,4.24182,tradeoff_or_tie
l2-n8192-zipf-w2,scale,2,8192,zipf,2,native,native,,native,29,2,accept_static_degree,ok,-496,-8.291596000000002,-8.564433,2.9547260374084714,,1.510840210264692,1015,519,12.533416,4.24182,tradeoff_or_tie
l2-n8192-zipf-w2,scale,2,8192,zipf,2,native,native,,native,29,3,accept_id,ok,-409,-6.0905190000000005,-6.510252,2.38538486647188,,1.3340676139049723,928,519,10.486784,4.396265,tradeoff_or_tie
l2-n8192-zipf-w2,scale,2,8192,zipf,2,native,native,,native,29,3,accept_static_degree,ok,-496,-8.146978,-8.604108,2.853158988368536,,1.4589059260765989,1015,519,12.543243,4.396265,tradeoff_or_tie
l2-n8192-zipf-w2,scale,2,8192,zipf,2,eas_k2_adaptive,eas,2,adaptive,29,3,native,ok,491,56.426817,56.757499,0.0722795500563421,0.0,0.14065962534997176,519,1010,4.396265,60.823082,extra_commits_extra_time
l2-n8192-zipf-w2,scale,2,8192,zipf,2,eas_k2_adaptive,eas,2,adaptive,29,3,accept_id,ok,82,50.336298,50.247247,0.17241454485979518,0.11470293995864758,0.18764945076340417,928,1010,10.486784,60.823082,extra_commits_extra_time
l2-n8192-zipf-w2,scale,2,8192,zipf,2,eas_k2_adaptive,eas,2,adaptive,29,3,accept_static_degree,ok,-5,48.279838999999996,48.153391,0.20622504791848595,0.15159420608015162,0.20520916098278802,1015,1010,12.543243,60.823082,baseline_dominates
l2-n8192-zipf-w2,scale,2,8192,zipf,2,eas_k1_adaptive,eas,1,adaptive,29,3,native,ok,494,68.520298,68.826349,0.060291720003313926,0.0,0.11767921457280528,519,1013,4.396265,72.916563,extra_commits_extra_time
l2-n8192-zipf-w2,scale,2,8192,zipf,2,eas_k1_adaptive,eas,1,adaptive,29,3,accept_id,ok,85,62.429778999999996,62.31609699999999,0.14381895646946496,0.09458952994877007,0.15699202899135356,928,1013,10.486784,72.916563,extra_commits_extra_time
l2-n8192-zipf-w2,scale,2,8192,zipf,2,eas_k1_adaptive,eas,1,adaptive,29,3,accept_static_degree,ok,-2,60.37331999999999,60.222241,0.17202186285165416,0.1250118323143946,0.17168290351630527,1015,1013,12.543243,72.916563,baseline_dominates
l2-n8192-zipf-w2,scale,2,8192,zipf,2,accept_id,accept_id,,greedy,29,3,native,ok,409,6.0905190000000005,6.510252,0.4192195624511766,0.0,0.7495871945147389,519,928,4.396265,10.486784,extra_commits_extra_time
l2-n8192-zipf-w2,scale,2,8192,zipf,2,accept_id,accept_id,,greedy,29,3,accept_static_degree,ok,-87,-2.0564590000000003,-2.0938559999999997,1.1961000627074994,1.3216244163820385,1.0935772001886848,1015,928,12.543243,10.486784,tradeoff_or_tie
l2-n8192-zipf-w2,scale,2,8192,zipf,2,accept_static_degree,accept_static_degree,,greedy,29,3,native,ok,496,8.146978,8.604108,0.3504887053531531,0.0,0.6854451559390647,519,1015,4.396265,12.543243,extra_commits_extra_time
l2-n8192-zipf-w2,scale,2,8192,zipf,2,accept_static_degree,accept_static_degree,,greedy,29,3,accept_id,ok,87,2.0564590000000003,2.0938559999999997,0.8360504536187332,0.7566446167342391,0.9144301836463498,928,1015,10.486784,12.543243,extra_commits_extra_time
l2-n8192-zipf-w2,scale,2,8192,zipf,2,eas_k1_adaptive,eas,1,adaptive,47,1,native,ok,479,68.242126,68.517557,0.060793491094283385,0.0,0.11260858403748909,562,1041,4.417215,72.659341,extra_commits_extra_time
l2-n8192-zipf-w2,scale,2,8192,zipf,2,eas_k1_adaptive,eas,1,adaptive,47,1,accept_id,ok,105,62.389478999999994,62.086245999999996,0.14134262516914378,0.09386369394343701,0.15719836837703616,936,1041,10.269862,72.659341,extra_commits_extra_time
l2-n8192-zipf-w2,scale,2,8192,zipf,2,eas_k1_adaptive,eas,1,adaptive,47,1,accept_static_degree,ok,-1,60.018643,60.036075,0.17397209809541214,0.12378552843032627,0.17380513830826994,1042,1041,12.640698,72.659341,baseline_dominates
l2-n8192-zipf-w2,scale,2,8192,zipf,2,eas_k2_adaptive,eas,2,adaptive,47,1,native,ok,476,56.299372,56.681088,0.07275137187800099,0.0,0.13436997154673389,562,1038,4.417215,60.716587,extra_commits_extra_time
l2-n8192-zipf-w2,scale,2,8192,zipf,2,eas_k2_adaptive,eas,2,adaptive,47,1,accept_id,ok,102,50.446725,50.249777,0.16914425707097142,0.11346484739319047,0.18757664405924207,936,1038,10.269862,60.716587,extra_commits_extra_time
l2-n8192-zipf-w2,scale,2,8192,zipf,2,eas_k2_adaptive,eas,2,adaptive,47,1,accept_static_degree,ok,-4,48.075889,48.199606,0.208191840559154,0.14963513050419922,0.2073926396355665,1042,1038,12.640698,60.716587,baseline_dominates
l2-n8192-zipf-w2,scale,2,8192,zipf,2,accept_static_degree,accept_static_degree,,greedy,47,1,native,ok,480,8.223483000000002,8.481482,0.34944391520151813,0.0,0.6479013516721271,562,1042,4.417215,12.640698,extra_commits_extra_time
l2-n8192-zipf-w2,scale,2,8192,zipf,2,accept_static_degree,accept_static_degree,,greedy,47,1,accept_id,ok,106,2.3708360000000006,2.0501709999999997,0.8124442178746775,0.7582767964372265,0.9044517895565368,936,1042,10.269862,12.640698,extra_commits_extra_time
l2-n8192-zipf-w2,scale,2,8192,zipf,2,native,native,,native,47,1,accept_id,ok,-374,-5.852647,-6.431311,2.3249631272193,,1.3959714503176992,936,562,10.269862,4.417215,tradeoff_or_tie
l2-n8192-zipf-w2,scale,2,8192,zipf,2,native,native,,native,47,1,accept_static_degree,ok,-480,-8.223483000000002,-8.481482,2.8616895487314973,,1.543444842982908,1042,562,12.640698,4.417215,tradeoff_or_tie
l2-n8192-zipf-w2,scale,2,8192,zipf,2,accept_id,accept_id,,greedy,47,1,native,ok,374,5.852647,6.431311,0.4301143481772199,0.0,0.7163470282808557,562,936,4.417215,10.269862,extra_commits_extra_time
l2-n8192-zipf-w2,scale,2,8192,zipf,2,accept_id,accept_id,,greedy,47,1,accept_static_degree,ok,-106,-2.3708360000000006,-2.0501709999999997,1.2308537349382105,1.3187796391746567,1.105642126586218,1042,936,12.640698,10.269862,tradeoff_or_tie
l2-n8192-zipf-w2,scale,2,8192,zipf,2,accept_id,accept_id,,greedy,47,2,native,ok,374,5.98919,6.504196,0.4237925064615642,0.0,0.7058181246425655,562,936,4.404965,10.394155,extra_commits_extra_time
l2-n8192-zipf-w2,scale,2,8192,zipf,2,accept_id,accept_id,,greedy,47,2,accept_static_degree,ok,-106,-2.264215,-2.0523369999999996,1.2178354084579266,1.315540460342831,1.0939481212261886,1042,936,12.65837,10.394155,tradeoff_or_tie
l2-n8192-zipf-w2,scale,2,8192,zipf,2,accept_static_degree,accept_static_degree,,greedy,47,2,native,ok,480,8.253405,8.556533,0.34798832709108674,0.0,0.6452025566362558,562,1042,4.404965,12.65837,extra_commits_extra_time
l2-n8192-zipf-w2,scale,2,8192,zipf,2,accept_static_degree,accept_static_degree,,greedy,47,2,accept_id,ok,106,2.264215,2.0523369999999996,0.8211290237210636,0.7601438573310008,0.9141201311074206,936,1042,10.394155,12.65837,extra_commits_extra_time
l2-n8192-zipf-w2,scale,2,8192,zipf,2,eas_k1_adaptive,eas,1,adaptive,47,2,native,ok,479,68.375782,68.511132,0.06052376736391562,0.0,0.11210897122050231,562,1041,4.404965,72.780747,extra_commits_extra_time
l2-n8192-zipf-w2,scale,2,8192,zipf,2,eas_k1_adaptive,eas,1,adaptive,47,2,accept_id,ok,105,62.38659200000001,62.006936,0.14281462376306744,0.0949363382289465,0.15883549501831734,936,1041,10.394155,72.780747,extra_commits_extra_time
l2-n8192-zipf-w2,scale,2,8192,zipf,2,eas_k1_adaptive,eas,1,adaptive,47,2,accept_static_degree,ok,-1,60.12237700000001,59.954599,0.17392470566426035,0.12489259409697098,0.17375779135931987,1042,1041,12.65837,72.780747,baseline_dominates
l2-n8192-zipf-w2,scale,2,8192,zipf,2,eas_k2_adaptive,eas,2,adaptive,47,2,native,ok,476,57.097862000000006,57.133509,0.07162215486452354,0.0,0.13228433585340416,562,1038,4.404965,61.502827,extra_commits_extra_time
l2-n8192-zipf-w2,scale,2,8192,zipf,2,eas_k2_adaptive,eas,2,adaptive,47,2,accept_id,ok,102,51.108672000000006,50.629312999999996,0.1690028817699713,0.11384205370617094,0.18741986247575387,936,1038,10.394155,61.502827,extra_commits_extra_time
l2-n8192-zipf-w2,scale,2,8192,zipf,2,eas_k2_adaptive,eas,2,adaptive,47,2,accept_static_degree,ok,-4,48.844457000000006,48.576975999999995,0.20581769355089968,0.14976382773898939,0.2050276064358216,1042,1038,12.65837,61.502827,baseline_dominates
l2-n8192-zipf-w2,scale,2,8192,zipf,2,native,native,,native,47,2,accept_id,ok,-374,-5.98919,-6.504196,2.359645309327089,,1.4167955810236688,936,562,10.394155,4.404965,tradeoff_or_tie
l2-n8192-zipf-w2,scale,2,8192,zipf,2,native,native,,native,47,2,accept_static_degree,ok,-480,-8.253405,-8.556533,2.873659609100186,,1.5499008640224088,1042,562,12.65837,4.404965,tradeoff_or_tie
l2-n8192-zipf-w2,scale,2,8192,zipf,2,native,native,,native,47,3,accept_id,ok,-374,-6.3012500000000005,-6.554317,2.43221977985012,,1.4603712780695297,936,562,10.700889,4.399639,tradeoff_or_tie
l2-n8192-zipf-w2,scale,2,8192,zipf,2,native,native,,native,47,3,accept_static_degree,ok,-480,-8.108732,-8.469821,2.8430448498160876,,1.5333888729309426,1042,562,12.508371,4.399639,tradeoff_or_tie
l2-n8192-zipf-w2,scale,2,8192,zipf,2,accept_static_degree,accept_static_degree,,greedy,47,3,native,ok,480,8.108732,8.469821,0.35173556972366743,0.0,0.6521502911968996,562,1042,4.399639,12.508371,extra_commits_extra_time
l2-n8192-zipf-w2,scale,2,8192,zipf,2,accept_static_degree,accept_static_degree,,greedy,47,3,accept_id,ok,106,1.8074820000000003,1.9155039999999994,0.8554982099587548,0.7738436266834919,0.9523815542486324,936,1042,10.700889,12.508371,extra_commits_extra_time
l2-n8192-zipf-w2,scale,2,8192,zipf,2,accept_id,accept_id,,greedy,47,3,native,ok,374,6.3012500000000005,6.554317,0.4111470551652297,0.0,0.6847573730167466,562,936,4.399639,10.700889,extra_commits_extra_time
l2-n8192-zipf-w2,scale,2,8192,zipf,2,accept_id,accept_id,,greedy,47,3,accept_static_degree,ok,-106,-1.8074820000000003,-1.9155039999999994,1.1689095177045572,1.2922507410001682,1.0499993364413023,1042,936,12.508371,10.700889,tradeoff_or_tie
l2-n8192-zipf-w2,scale,2,8192,zipf,2,eas_k1_adaptive,eas,1,adaptive,47,3,native,ok,479,68.299513,68.55674,0.06051843630858307,0.0,0.112099096436659,562,1041,4.399639,72.699152,extra_commits_extra_time
l2-n8192-zipf-w2,scale,2,8192,zipf,2,eas_k1_adaptive,eas,1,adaptive,47,3,accept_id,ok,105,61.998262999999994,62.00242300000001,0.14719413783533541,0.09560426881441561,0.16370630073364317,936,1041,10.700889,72.699152,extra_commits_extra_time
l2-n8192-zipf-w2,scale,2,8192,zipf,2,eas_k1_adaptive,eas,1,adaptive,47,3,accept_static_degree,ok,-1,60.190781,60.08691900000001,0.17205662866604002,0.12354468721820785,0.17189150714158558,1042,1041,12.508371,72.699152,baseline_dominates
l2-n8192-zipf-w2,scale,2,8192,zipf,2,eas_k2_adaptive,eas,2,adaptive,47,3,native,ok,476,56.555837,56.780686,0.07217791228469776,0.0,0.13331080596379355,562,1038,4.399639,60.955476,extra_commits_extra_time
l2-n8192-zipf-w2,scale,2,8192,zipf,2,eas_k2_adaptive,eas,2,adaptive,47,3,accept_id,ok,102,50.254587,50.226369000000005,0.17555254592712885,0.1154321559271052,0.19468327208582428,936,1038,10.700889,60.955476,extra_commits_extra_time
l2-n8192-zipf-w2,scale,2,8192,zipf,2,eas_k2_adaptive,eas,2,adaptive,47,3,accept_static_degree,ok,-4,48.44710499999999,48.31086500000001,0.2052050417914873,0.14916728903204868,0.20441730650633697,1042,1038,12.508371,60.955476,baseline_dominates
l2-n8192-zipf-w2,scale,2,8192,zipf,2,eas_k1_adaptive,eas,1,adaptive,71,1,native,ok,505,70.77932,70.998164,0.058628208887699096,0.0,0.11366026369846281,538,1043,4.408104,75.187424,extra_commits_extra_time
l2-n8192-zipf-w2,scale,2,8192,zipf,2,eas_k1_adaptive,eas,1,adaptive,71,1,accept_id,ok,89,64.714395,64.513311,0.1392922970735106,0.09133831967823844,0.1522870711188819,954,1043,10.473029,75.187424,extra_commits_extra_time
l2-n8192-zipf-w2,scale,2,8192,zipf,2,eas_k1_adaptive,eas,1,adaptive,71,1,accept_static_degree,ok,-1,62.43363399999999,62.395768000000004,0.16962663862509775,0.1211636402315981,0.1694641610016028,1044,1043,12.75379,75.187424,baseline_dominates
l2-n8192-zipf-w2,scale,2,8192,zipf,2,native,native,,native,71,1,accept_id,ok,-416,-6.064925000000001,-6.484853,2.37585796523857,,1.339844429033658,954,538,10.473029,4.408104,tradeoff_or_tie
l2-n8192-zipf-w2,scale,2,8192,zipf,2,native,native,,native,71,1,accept_static_degree,ok,-506,-8.345686,-8.602396,2.8932597778999773,,1.4909710349712546,1044,538,12.75379,4.408104,tradeoff_or_tie
l2-n8192-zipf-w2,scale,2,8192,zipf,2,accept_id,accept_id,,greedy,71,1,native,ok,416,6.064925000000001,6.484853,0.42090058186604845,0.0,0.7463553068778549,538,954,4.408104,10.473029,extra_commits_extra_time
l2-n8192-zipf-w2,scale,2,8192,zipf,2,accept_id,accept_id,,greedy,71,1,accept_static_degree,ok,-90,-2.280761,-2.1175430000000004,1.2177747240077346,1.3265367773178514,1.1127941443519636,1044,954,12.75379,10.473029,tradeoff_or_tie
l2-n8192-zipf-w2,scale,2,8192,zipf,2,eas_k2_adaptive,eas,2,adaptive,71,1,native,ok,504,58.398941,58.734497,0.07018486540801275,0.0,0.1359342560500856,538,1042,4.408104,62.807045,extra_commits_extra_time
l2-n8192-zipf-w2,scale,2,8192,zipf,2,eas_k2_adaptive,eas,2,adaptive,71,1,accept_id,ok,88,52.334016000000005,52.249643999999996,0.16674927151882404,0.11040961157801352,0.18213075568354203,954,1042,10.473029,62.807045,extra_commits_extra_time
l2-n8192-zipf-w2,scale,2,8192,zipf,2,eas_k2_adaptive,eas,2,adaptive,71,1,accept_static_degree,ok,-2,50.053255,50.132101,0.20306304810232673,0.14646241032761378,0.20267403843104367,1044,1042,12.75379,62.807045,baseline_dominates
l2-n8192-zipf-w2,scale,2,8192,zipf,2,accept_static_degree,accept_static_degree,,greedy,71,1,native,ok,506,8.345686,8.602396,0.34563090657757417,0.0,0.6707038410167906,538,1044,4.408104,12.75379,extra_commits_extra_time
l2-n8192-zipf-w2,scale,2,8192,zipf,2,accept_static_degree,accept_static_degree,,greedy,71,1,accept_id,ok,90,2.280761,2.1175430000000004,0.8211699424249576,0.7538426503499722,0.8986388049178231,954,1044,10.473029,12.75379,extra_commits_extra_time
l2-n8192-zipf-w2,scale,2,8192,zipf,2,eas_k1_adaptive,eas,1,adaptive,71,2,native,ok,505,71.095247,71.322058,0.05904880680140109,0.0,0.11447566076957376,538,1043,4.461538,75.556785,extra_commits_extra_time
l2-n8192-zipf-w2,scale,2,8192,zipf,2,eas_k1_adaptive,eas,1,adaptive,71,2,accept_id,ok,89,64.95860900000001,64.805926,0.14026769402642,0.09136208604636731,0.1533534642243046,954,1043,10.598176,75.556785,extra_commits_extra_time
l2-n8192-zipf-w2,scale,2,8192,zipf,2,eas_k1_adaptive,eas,1,adaptive,71,2,accept_static_degree,ok,-1,62.727991,62.733824,0.16979009893022842,0.12041483716019524,0.16962746473626453,1044,1043,12.828794,75.556785,baseline_dominates
l2-n8192-zipf-w2,scale,2,8192,zipf,2,eas_k2_adaptive,eas,2,adaptive,71,2,native,ok,504,58.328688,58.752737,0.07105465745576389,0.0,0.13761887187493121,538,1042,4.461538,62.790226,extra_commits_extra_time
l2-n8192-zipf-w2,scale,2,8192,zipf,2,eas_k2_adaptive,eas,2,adaptive,71,2,accept_id,ok,88,52.192049999999995,52.236605000000004,0.16878703382911858,0.110907718222557,0.18435648768293197,954,1042,10.598176,62.790226,extra_commits_extra_time
l2-n8192-zipf-w2,scale,2,8192,zipf,2,eas_k2_adaptive,eas,2,adaptive,71,2,accept_static_degree,ok,-2,49.961431999999995,50.164503,0.20431195772412097,0.14617589645227932,0.2039205555056638,1044,1042,12.828794,62.790226,baseline_dominates
l2-n8192-zipf-w2,scale,2,8192,zipf,2,accept_static_degree,accept_static_degree,,greedy,71,2,native,ok,506,8.367256000000001,8.588234,0.34777532478890844,0.0,0.6748651284009911,538,1044,4.461538,12.828794,extra_commits_extra_time
l2-n8192-zipf-w2,scale,2,8192,zipf,2,accept_static_degree,accept_static_degree,,greedy,71,2,accept_id,ok,90,2.2306179999999998,2.072102,0.8261241080026697,0.7587278129589855,0.9040603446071507,954,1044,10.598176,12.828794,extra_commits_extra_time
l2-n8192-zipf-w2,scale,2,8192,zipf,2,native,native,,native,71,2,accept_id,ok,-416,-6.1366380000000005,-6.516132,2.375453487115878,,1.3396163271159216,954,538,10.598176,4.461538,tradeoff_or_tie
l2-n8192-zipf-w2,scale,2,8192,zipf,2,native,native,,native,71,2,accept_static_degree,ok,-506,-8.367256000000001,-8.588234,2.8754196422847906,,1.481777555123311,1044,538,12.828794,4.461538,tradeoff_or_tie
l2-n8192-zipf-w2,scale,2,8192,zipf,2,accept_id,accept_id,,greedy,71,2,native,ok,416,6.1366380000000005,6.516132,0.4209722503193002,0.0,0.7464823918299903,538,954,4.461538,10.598176,extra_commits_extra_time
l2-n8192-zipf-w2,scale,2,8192,zipf,2,accept_id,accept_id,,greedy,71,2,accept_static_degree,ok,-90,-2.2306179999999998,-2.072102,1.2104718774249454,1.3179957066554207,1.1061208535084446,1044,954,12.828794,10.598176,tradeoff_or_tie
l2-n8192-zipf-w2,scale,2,8192,zipf,2,native,native,,native,71,3,accept_id,ok,-416,-5.954415999999999,-6.396023,2.3528803386645,,1.3268863964362179,954,538,10.355704,4.401288,tradeoff_or_tie
l2-n8192-zipf-w2,scale,2,8192,zipf,2,native,native,,native,71,3,accept_static_degree,ok,-506,-8.410416999999999,-8.666551,2.9108990368274013,,1.500060997904395,1044,538,12.811705,4.401288,tradeoff_or_tie
l2-n8192-zipf-w2,scale,2,8192,zipf,2,accept_static_degree,accept_static_degree,,greedy,71,3,native,ok,506,8.410416999999999,8.666551,0.3435364769950604,0.0,0.6666395575893335,538,1044,4.401288,12.811705,extra_commits_extra_time
l2-n8192-zipf-w2,scale,2,8192,zipf,2,accept_static_degree,accept_static_degree,,greedy,71,3,accept_id,ok,90,2.4560010000000005,2.2705280000000005,0.8083002223357468,0.7380125034745656,0.8845549602915452,954,1044,10.355704,12.811705,extra_commits_extra_time
l2-n8192-zipf-w2,scale,2,8192,zipf,2,accept_id,accept_id,,greedy,71,3,native,ok,416,5.954415999999999,6.396023,0.42501098911285995,0.0,0.7536440215875474,538,954,4.401288,10.355704,extra_commits_extra_time
l2-n8192-zipf-w2,scale,2,8192,zipf,2,accept_id,accept_id,,greedy,71,3,accept_static_degree,ok,-90,-2.4560010000000005,-2.2705280000000005,1.2371640788496852,1.3549905933734137,1.130512003087298,1044,954,12.811705,10.355704,tradeoff_or_tie
l2-n8192-zipf-w2,scale,2,8192,zipf,2,eas_k1_adaptive,eas,1,adaptive,71,3,native,ok,505,70.190413,70.657887,0.059005062775013,0.0,0.11439085590070737,538,1043,4.401288,74.591701,extra_commits_extra_time
l2-n8192-zipf-w2,scale,2,8192,zipf,2,eas_k1_adaptive,eas,1,adaptive,71,3,accept_id,ok,89,64.235997,64.261864,0.13883185208499266,0.09052100581496302,0.15178367057134426,954,1043,10.355704,74.591701,extra_commits_extra_time
l2-n8192-zipf-w2,scale,2,8192,zipf,2,eas_k1_adaptive,eas,1,adaptive,71,3,accept_static_degree,ok,-1,61.779996,61.991336000000004,0.1717577803997257,0.12265511138197495,0.17159326145355294,1044,1043,12.811705,74.591701,baseline_dominates
l2-n8192-zipf-w2,scale,2,8192,zipf,2,eas_k2_adaptive,eas,2,adaptive,71,3,native,ok,504,57.674511,58.114489,0.07090183406257888,0.0,0.13732288307266893,538,1042,4.401288,62.075799,extra_commits_extra_time
l2-n8192-zipf-w2,scale,2,8192,zipf,2,eas_k2_adaptive,eas,2,adaptive,71,3,accept_id,ok,88,51.720095,51.718466,0.16682353134109476,0.11005900783193671,0.1822118654685258,954,1042,10.355704,62.075799,extra_commits_extra_time
l2-n8192-zipf-w2,scale,2,8192,zipf,2,eas_k2_adaptive,eas,2,adaptive,71,3,accept_static_degree,ok,-2,49.264094,49.447938,0.2063880804820571,0.1491289203282851,0.20599270101709635,1044,1042,12.811705,62.075799,baseline_dominates
l2-n8192-zipf-w2,scale,2,8192,zipf,2,native,native,,native,101,1,accept_id,ok,-388,-6.024153999999999,-6.316616,2.4058600742911778,,1.395607142664505,924,536,10.309185,4.285031,tradeoff_or_tie
l2-n8192-zipf-w2,scale,2,8192,zipf,2,native,native,,native,101,1,accept_static_degree,ok,-478,-8.011836,-8.352242,2.869726496727795,,1.5169362941309024,1014,536,12.296867,4.285031,tradeoff_or_tie
l2-n8192-zipf-w2,scale,2,8192,zipf,2,eas_k1_adaptive,eas,1,adaptive,101,1,native,ok,479,67.513104,67.912585,0.059681647719679626,0.0,0.1130165530512013,536,1015,4.285031,71.798135,extra_commits_extra_time
l2-n8192-zipf-w2,scale,2,8192,zipf,2,eas_k1_adaptive,eas,1,adaptive,101,1,accept_id,ok,91,61.48895,61.59596900000001,0.1435856934166883,0.09301097874569196,0.15772670867757846,924,1015,10.309185,71.798135,extra_commits_extra_time
l2-n8192-zipf-w2,scale,2,8192,zipf,2,eas_k1_adaptive,eas,1,adaptive,101,1,accept_static_degree,ok,1,59.501268,59.560343,0.1712700058295386,0.12298518750243419,0.17143891116093782,1014,1015,12.296867,71.798135,extra_commits_extra_time
l2-n8192-zipf-w2,scale,2,8192,zipf,2,eas_k2_adaptive,eas,2,adaptive,101,1,native,ok,476,55.73895400000001,56.068838,0.07138864572220588,0.0,0.13478602513213364,536,1012,4.285031,60.023985,extra_commits_extra_time
l2-n8192-zipf-w2,scale,2,8192,zipf,2,eas_k2_adaptive,eas,2,adaptive,101,1,accept_id,ok,88,49.714800000000004,49.752222,0.1717510925007728,0.1126582291575224,0.1881083394057632,924,1012,10.309185,60.023985,extra_commits_extra_time
l2-n8192-zipf-w2,scale,2,8192,zipf,2,eas_k2_adaptive,eas,2,adaptive,101,1,accept_static_degree,ok,-2,47.727118000000004,47.716595999999996,0.20486588819452758,0.14896406449514793,0.20446181346457348,1014,1012,12.296867,60.023985,baseline_dominates
l2-n8192-zipf-w2,scale,2,8192,zipf,2,accept_id,accept_id,,greedy,101,1,native,ok,388,6.024153999999999,6.316616,0.41565177072678394,0.0,0.7165340226697261,536,924,4.285031,10.309185,extra_commits_extra_time
l2-n8192-zipf-w2,scale,2,8192,zipf,2,accept_id,accept_id,,greedy,101,1,accept_static_degree,ok,-90,-1.9876820000000013,-2.0356260000000006,1.1928068998664785,1.322265276217519,1.0869364649673223,1014,924,12.296867,10.309185,tradeoff_or_tie
l2-n8192-zipf-w2,scale,2,8192,zipf,2,accept_static_degree,accept_static_degree,,greedy,101,1,native,ok,478,8.011836,8.352242,0.3484652635504637,0.0,0.6592234649991875,536,1014,4.285031,12.296867,extra_commits_extra_time
l2-n8192-zipf-w2,scale,2,8192,zipf,2,accept_static_degree,accept_static_degree,,greedy,101,1,accept_id,ok,90,1.9876820000000013,2.0356260000000006,0.8383586648534134,0.7562778952046647,0.9200169763649102,924,1014,10.309185,12.296867,extra_commits_extra_time
l2-n8192-zipf-w2,scale,2,8192,zipf,2,eas_k2_adaptive,eas,2,adaptive,101,2,native,ok,476,55.521791,56.019587,0.07422430644721445,0.0,0.14013992187370744,536,1012,4.451474,59.973265,extra_commits_extra_time
l2-n8192-zipf-w2,scale,2,8192,zipf,2,eas_k2_adaptive,eas,2,adaptive,101,2,accept_id,ok,88,49.72421,49.724999000000004,0.17089373073151845,0.11236405580783736,0.18716932413446516,924,1012,10.249055,59.973265,extra_commits_extra_time
l2-n8192-zipf-w2,scale,2,8192,zipf,2,eas_k2_adaptive,eas,2,adaptive,101,2,accept_static_degree,ok,-2,47.34236,47.464844,0.21060892716112756,0.15270985485844443,0.21019352493783056,1014,1012,12.630905,59.973265,baseline_dominates
l2-n8192-zipf-w2,scale,2,8192,zipf,2,accept_id,accept_id,,greedy,101,2,native,ok,388,5.797581,6.294588,0.43433018946624835,0.0,0.7487333863161727,536,924,4.451474,10.249055,extra_commits_extra_time
l2-n8192-zipf-w2,scale,2,8192,zipf,2,accept_id,accept_id,,greedy,101,2,accept_static_degree,ok,-90,-2.38185,-2.260155,1.2323970356291385,1.3590632143040975,1.1230126833541616,1014,924,12.630905,10.249055,tradeoff_or_tie
l2-n8192-zipf-w2,scale,2,8192,zipf,2,eas_k1_adaptive,eas,1,adaptive,101,2,native,ok,479,68.650809,68.778259,0.06089377536950522,0.0,0.11531190671625255,536,1015,4.451474,73.102283,extra_commits_extra_time
l2-n8192-zipf-w2,scale,2,8192,zipf,2,eas_k1_adaptive,eas,1,adaptive,101,2,accept_id,ok,91,62.853228,62.48367100000001,0.14020157209043663,0.09152002524518685,0.15400930267527702,924,1015,10.249055,73.102283,extra_commits_extra_time
l2-n8192-zipf-w2,scale,2,8192,zipf,2,eas_k1_adaptive,eas,1,adaptive,101,2,accept_static_degree,ok,1,60.471378,60.223516000000004,0.17278400183479906,0.12438149968291579,0.17295440025886608,1014,1015,12.630905,73.102283,extra_commits_extra_time
l2-n8192-zipf-w2,scale,2,8192,zipf,2,accept_static_degree,accept_static_degree,,greedy,101,2,native,ok,478,8.179431000000001,8.554743,0.35242716179086137,0.0,0.6667185486097014,536,1014,4.451474,12.630905,extra_commits_extra_time
l2-n8192-zipf-w2,scale,2,8192,zipf,2,accept_static_degree,accept_static_degree,,greedy,101,2,accept_id,ok,90,2.38185,2.260155,0.8114268138347965,0.7358009469133088,0.8904618931045791,924,1014,10.249055,12.630905,extra_commits_extra_time
l2-n8192-zipf-w2,scale,2,8192,zipf,2,native,native,,native,101,2,accept_id,ok,-388,-5.797581,-6.294588,2.302395790697643,,1.335588900236009,924,536,10.249055,4.451474,tradeoff_or_tie
l2-n8192-zipf-w2,scale,2,8192,zipf,2,native,native,,native,101,2,accept_static_degree,ok,-478,-8.179431000000001,-8.554743,2.8374657473007816,,1.499883274712074,1014,536,12.630905,4.451474,tradeoff_or_tie
l2-n8192-zipf-w2,scale,2,8192,zipf,2,eas_k1_adaptive,eas,1,adaptive,101,3,native,ok,479,68.98026200000001,69.065233,0.05993493051844378,0.0,0.11349618372507599,536,1015,4.397916,73.378178,extra_commits_extra_time
l2-n8192-zipf-w2,scale,2,8192,zipf,2,eas_k1_adaptive,eas,1,adaptive,101,3,accept_id,ok,91,62.88717200000001,62.60749700000001,0.14297174290699885,0.0935019794981362,0.15705229334524962,924,1015,10.491006,73.378178,extra_commits_extra_time
l2-n8192-zipf-w2,scale,2,8192,zipf,2,eas_k1_adaptive,eas,1,adaptive,101,3,accept_static_degree,ok,1,60.240494000000005,60.201944000000005,0.17904074968991462,0.12833213782106548,0.17921731847720562,1014,1015,13.137684,73.378178,extra_commits_extra_time
l2-n8192-zipf-w2,scale,2,8192,zipf,2,eas_k2_adaptive,eas,2,adaptive,101,3,native,ok,476,56.675017999999994,56.68286,0.07201088455976261,0.0,0.13596084920659038,536,1012,4.397916,61.072934,extra_commits_extra_time
l2-n8192-zipf-w2,scale,2,8192,zipf,2,eas_k2_adaptive,eas,2,adaptive,101,3,accept_id,ok,88,50.581928,50.225124,0.17177832000014934,0.11392749060297945,0.1881381600000435,924,1012,10.491006,61.072934,extra_commits_extra_time
l2-n8192-zipf-w2,scale,2,8192,zipf,2,eas_k2_adaptive,eas,2,adaptive,101,3,accept_static_degree,ok,-2,47.935249999999996,47.819570999999996,0.21511466929032755,0.15636629838367366,0.2146903800017838,1014,1012,13.137684,61.072934,baseline_dominates
l2-n8192-zipf-w2,scale,2,8192,zipf,2,accept_id,accept_id,,greedy,101,3,native,ok,388,6.09309,6.457736,0.4192082246449959,0.0,0.7226649245775495,536,924,4.397916,10.491006,extra_commits_extra_time
l2-n8192-zipf-w2,scale,2,8192,zipf,2,accept_id,accept_id,,greedy,101,3,accept_static_degree,ok,-90,-2.6466779999999996,-2.4055530000000003,1.2522806678406246,1.3725071758895069,1.1411314961395083,1014,924,13.137684,10.491006,tradeoff_or_tie
l2-n8192-zipf-w2,scale,2,8192,zipf,2,native,native,,native,101,3,accept_id,ok,-388,-6.09309,-6.457736,2.385449381025013,,1.383767173402768,924,536,10.491006,4.397916,tradeoff_or_tie
l2-n8192-zipf-w2,scale,2,8192,zipf,2,native,native,,native,101,3,accept_static_degree,ok,-478,-8.739768,-8.863289,2.9872521439700073,,1.5790603048938388,1014,536,13.137684,4.397916,tradeoff_or_tie
l2-n8192-zipf-w2,scale,2,8192,zipf,2,accept_static_degree,accept_static_degree,,greedy,101,3,native,ok,478,8.739768,8.863289,0.3347558062745306,0.0,0.6332880364991701,536,1014,4.397916,13.137684,extra_commits_extra_time
l2-n8192-zipf-w2,scale,2,8192,zipf,2,accept_static_degree,accept_static_degree,,greedy,101,3,accept_id,ok,90,2.6466779999999996,2.4055530000000003,0.7985430308721081,0.7285936405774425,0.8763231962162454,924,1014,10.491006,13.137684,extra_commits_extra_time
l2-n8192-zipf-w4,scale,2,8192,zipf,4,accept_static_degree,accept_static_degree,,greedy,11,1,native,ok,520,8.569461,8.838899,0.2619339099051426,0.0,0.5100316023474201,549,1069,3.041235,11.610696,extra_commits_extra_time
l2-n8192-zipf-w4,scale,2,8192,zipf,4,accept_static_degree,accept_static_degree,,greedy,11,1,accept_id,ok,109,1.9602350000000008,1.9668589999999995,0.8311698971362267,0.777476923313639,0.9255423125401588,960,1069,9.650461,11.610696,extra_commits_extra_time
l2-n8192-zipf-w4,scale,2,8192,zipf,4,native,native,,native,11,1,accept_id,ok,-411,-6.609226,-6.87204,3.1732046356167807,,1.8146764009923133,960,549,9.650461,3.041235,tradeoff_or_tie
l2-n8192-zipf-w4,scale,2,8192,zipf,4,native,native,,native,11,1,accept_static_degree,ok,-520,-8.569461,-8.838899,3.8177569309836303,,1.9606628204948493,1069,549,11.610696,3.041235,tradeoff_or_tie
l2-n8192-zipf-w4,scale,2,8192,zipf,4,eas_k1_adaptive,eas,1,adaptive,11,1,native,ok,518,69.100558,69.191579,0.042156354500365686,0.0,0.08193229554079627,549,1067,3.041235,72.141793,extra_commits_extra_time
l2-n8192-zipf-w4,scale,2,8192,zipf,4,eas_k1_adaptive,eas,1,adaptive,11,1,accept_id,ok,107,62.49133200000001,62.319539000000006,0.13377073952126473,0.09931902262268072,0.1486806031970107,960,1067,9.650461,72.141793,extra_commits_extra_time
l2-n8192-zipf-w4,scale,2,8192,zipf,4,eas_k1_adaptive,eas,1,adaptive,11,1,accept_static_degree,ok,-2,60.531097,60.35268000000001,0.16094271457877404,0.1277452997567811,0.16064160566463517,1069,1067,11.610696,72.141793,baseline_dominates
l2-n8192-zipf-w4,scale,2,8192,zipf,4,accept_id,accept_id,,greedy,11,1,native,ok,411,6.609226,6.87204,0.31513883119158764,0.0,0.5510624370566418,549,960,3.041235,9.650461,extra_commits_extra_time
l2-n8192-zipf-w4,scale,2,8192,zipf,4,accept_id,accept_id,,greedy,11,1,accept_static_degree,ok,-109,-1.9602350000000008,-1.9668589999999995,1.2031234570037639,1.2862118090115888,1.0804476321082408,1069,960,11.610696,9.650461,tradeoff_or_tie
l2-n8192-zipf-w4,scale,2,8192,zipf,4,eas_k2_adaptive,eas,2,adaptive,11,1,native,ok,517,57.314512,57.59841,0.0503884907596289,0.0,0.09783994744949821,549,1066,3.041235,60.355747,extra_commits_extra_time
l2-n8192-zipf-w4,scale,2,8192,zipf,4,eas_k2_adaptive,eas,2,adaptive,11,1,accept_id,ok,106,50.705286,50.72637,0.15989299246018776,0.11930954344052205,0.1775478437109325,960,1066,9.650461,60.355747,extra_commits_extra_time
l2-n8192-zipf-w4,scale,2,8192,zipf,4,eas_k2_adaptive,eas,2,adaptive,11,1,accept_static_degree,ok,-3,48.745051000000004,48.759511,0.19237100983937785,0.15345734370098063,0.191831147323401,1069,1066,11.610696,60.355747,baseline_dominates
l2-n8192-zipf-w4,scale,2,8192,zipf,4,accept_static_degree,accept_static_degree,,greedy,11,2,native,ok,520,8.545004,8.82636,0.25353744029940256,0.0,0.4936821924954146,549,1069,2.902327,11.447331,extra_commits_extra_time
l2-n8192-zipf-w4,scale,2,8192,zipf,4,accept_static_degree,accept_static_degree,,greedy,11,2,accept_id,ok,109,2.151554000000001,2.171055999999999,0.8120475419117347,0.7540258951594996,0.9042487732299814,960,1069,9.295777,11.447331,extra_commits_extra_time
l2-n8192-zipf-w4,scale,2,8192,zipf,4,accept_id,accept_id,,greedy,11,2,native,ok,411,6.39345,6.655304,0.312219946756468,0.0,0.5459583768435529,549,960,2.902327,9.295777,extra_commits_extra_time
l2-n8192-zipf-w4,scale,2,8192,zipf,4,accept_id,accept_id,,greedy,11,2,accept_static_degree,ok,-109,-2.151554000000001,-2.171055999999999,1.2314549929500247,1.3262143998230582,1.1058903584994588,1069,960,11.447331,9.295777,tradeoff_or_tie
l2-n8192-zipf-w4,scale,2,8192,zipf,4,eas_k2_adaptive,eas,2,adaptive,11,2,native,ok,517,56.717803,57.06122,0.04868031988524681,0.0,0.09452317121629238,549,1066,2.902327,59.62013,extra_commits_extra_time
l2-n8192-zipf-w4,scale,2,8192,zipf,4,eas_k2_adaptive,eas,2,adaptive,11,2,accept_id,ok,106,50.324353,50.405916,0.1559167516072172,0.11663444980671638,0.17313255959689847,960,1066,9.295777,59.62013,extra_commits_extra_time
l2-n8192-zipf-w4,scale,2,8192,zipf,4,eas_k2_adaptive,eas,2,adaptive,11,2,accept_static_degree,ok,-3,48.172799000000005,48.23486,0.1920044622512564,0.15468228684910698,0.19146562840054296,1069,1066,11.447331,59.62013,baseline_dominates
l2-n8192-zipf-w4,scale,2,8192,zipf,4,eas_k1_adaptive,eas,1,adaptive,11,2,native,ok,518,68.515228,68.752437,0.040638845729176816,0.0,0.07898296610733693,549,1067,2.902327,71.417555,extra_commits_extra_time
l2-n8192-zipf-w4,scale,2,8192,zipf,4,eas_k1_adaptive,eas,1,adaptive,11,2,accept_id,ok,107,62.12177799999999,62.097133,0.1301609527237386,0.09680099048707175,0.14466847557862436,960,1067,9.295777,71.417555,extra_commits_extra_time
l2-n8192-zipf-w4,scale,2,8192,zipf,4,eas_k1_adaptive,eas,1,adaptive,11,2,accept_static_degree,ok,-2,59.970223999999995,59.926077,0.16028735511877998,0.12837886750108946,0.1599874723212151,1069,1067,11.447331,71.417555,baseline_dominates
l2-n8192-zipf-w4,scale,2,8192,zipf,4,native,native,,native,11,2,accept_id,ok,-411,-6.39345,-6.655304,3.2028703175072963,,1.8316414628189779,960,549,9.295777,2.902327,tradeoff_or_tie
l2-n8192-zipf-w4,scale,2,8192,zipf,4,native,native,,native,11,2,accept_static_degree,ok,-520,-8.545004,-8.82636,3.944190644265791,,2.0255946339593525,1069,549,11.447331,2.902327,tradeoff_or_tie
l2-n8192-zipf-w4,scale,2,8192,zipf,4,eas_k2_adaptive,eas,2,adaptive,11,3,native,ok,517,56.660685,57.070575,0.04980539273696189,0.0,0.09670773890243346,549,1066,2.969926,59.630611,extra_commits_extra_time
l2-n8192-zipf-w4,scale,2,8192,zipf,4,eas_k2_adaptive,eas,2,adaptive,11,3,accept_id,ok,106,50.41528,50.495162,0.15454027462505793,0.1152154678658836,0.17160409661512396,960,1066,9.215331,59.630611,extra_commits_extra_time
l2-n8192-zipf-w4,scale,2,8192,zipf,4,eas_k2_adaptive,eas,2,adaptive,11,3,accept_static_degree,ok,-3,48.336949000000004,48.399749,0.18939369915226928,0.15193163902764253,0.1888621920448738,1069,1066,11.293662,59.630611,baseline_dominates
l2-n8192-zipf-w4,scale,2,8192,zipf,4,accept_id,accept_id,,greedy,11,3,native,ok,411,6.245405000000001,6.575413,0.32228099023247236,0.0,0.5635514583275416,549,960,2.969926,9.215331,extra_commits_extra_time
l2-n8192-zipf-w4,scale,2,8192,zipf,4,accept_id,accept_id,,greedy,11,3,accept_static_degree,ok,-109,-2.0783309999999986,-2.0954129999999997,1.2255297178148021,1.3186739753077106,1.1005692507939164,1069,960,11.293662,9.215331,tradeoff_or_tie
l2-n8192-zipf-w4,scale,2,8192,zipf,4,accept_static_degree,accept_static_degree,,greedy,11,3,native,ok,520,8.323736,8.670826,0.2629728072258582,0.0,0.5120545189873451,549,1069,2.969926,11.293662,extra_commits_extra_time
l2-n8192-zipf-w4,scale,2,8192,zipf,4,accept_static_degree,accept_static_degree,,greedy,11,3,accept_id,ok,109,2.0783309999999986,2.0954129999999997,0.8159736850633569,0.758337556306631,0.9086206972243056,960,1069,9.215331,11.293662,extra_commits_extra_time
l2-n8192-zipf-w4,scale,2,8192,zipf,4,native,native,,native,11,3,accept_id,ok,-411,-6.245405000000001,-6.575413,3.1028823613787013,,1.7744608504212054,960,549,9.215331,2.969926,tradeoff_or_tie
l2-n8192-zipf-w4,scale,2,8192,zipf,4,native,native,,native,11,3,accept_static_degree,ok,-520,-8.323736,-8.670826,3.802674544752967,,1.9529170487112018,1069,549,11.293662,2.969926,tradeoff_or_tie
l2-n8192-zipf-w4,scale,2,8192,zipf,4,eas_k1_adaptive,eas,1,adaptive,11,3,native,ok,518,68.374966,68.763125,0.041627731386852475,0.0,0.0809048987061162,549,1067,2.969926,71.344892,extra_commits_extra_time
l2-n8192-zipf-w4,scale,2,8192,zipf,4,eas_k1_adaptive,eas,1,adaptive,11,3,accept_id,ok,107,62.129561,62.187712000000005,0.12916595346447507,0.09562411539615165,0.14356257536129644,960,1067,9.215331,71.344892,extra_commits_extra_time
l2-n8192-zipf-w4,scale,2,8192,zipf,4,eas_k1_adaptive,eas,1,adaptive,11,3,accept_static_degree,ok,-2,60.051230000000004,60.092299000000004,0.158296714500598,0.12609703238472655,0.15800055600742718,1069,1067,11.293662,71.344892,baseline_dominates
l2-n8192-zipf-w4,scale,2,8192,zipf,4,native,native,,native,29,1,accept_id,ok,-409,-6.355935000000001,-6.629499,3.2121935013889003,,1.7964745982872725,928,519,9.229072,2.873137,tradeoff_or_tie
l2-n8192-zipf-w4,scale,2,8192,zipf,4,native,native,,native,29,1,accept_static_degree,ok,-496,-8.202475,-8.510066,3.854884747925351,,1.9711184080478306,1015,519,11.075612,2.873137,tradeoff_or_tie
l2-n8192-zipf-w4,scale,2,8192,zipf,4,accept_static_degree,accept_static_degree,,greedy,29,1,native,ok,496,8.202475,8.510066,0.25941112780043213,0.0,0.5073261940617696,519,1015,2.873137,11.075612,extra_commits_extra_time
l2-n8192-zipf-w4,scale,2,8192,zipf,4,accept_static_degree,accept_static_degree,,greedy,29,1,accept_id,ok,87,1.8465399999999992,1.880567,0.8332787389085137,0.779018517600216,0.9113986206777284,928,1015,9.229072,11.075612,extra_commits_extra_time
l2-n8192-zipf-w4,scale,2,8192,zipf,4,eas_k1_adaptive,eas,1,adaptive,29,1,native,ok,494,67.889572,68.145607,0.040602416733367286,0.0,0.07924903304635714,519,1013,2.873137,70.762709,extra_commits_extra_time
l2-n8192-zipf-w4,scale,2,8192,zipf,4,eas_k1_adaptive,eas,1,adaptive,29,1,accept_id,ok,85,61.533637,61.516107999999996,0.13042281917160634,0.09728431944263113,0.1423688748066092,928,1013,9.229072,70.762709,extra_commits_extra_time
l2-n8192-zipf-w4,scale,2,8192,zipf,4,eas_k1_adaptive,eas,1,adaptive,29,1,accept_static_degree,ok,-2,59.687097,59.635540999999996,0.1565176369943666,0.12488062510030912,0.1562092278576654,1015,1013,11.075612,70.762709,baseline_dominates
l2-n8192-zipf-w4,scale,2,8192,zipf,4,accept_id,accept_id,,greedy,29,1,native,ok,409,6.355935000000001,6.629499,0.31131374855456756,0.0,0.5566457777657322,519,928,2.873137,9.229072,extra_commits_extra_time
l2-n8192-zipf-w4,scale,2,8192,zipf,4,accept_id,accept_id,,greedy,29,1,accept_static_degree,ok,-87,-1.8465399999999992,-1.880567,1.2000786211224703,1.2836665334740982,1.0972147393161364,1015,928,11.075612,9.229072,tradeoff_or_tie
l2-n8192-zipf-w4,scale,2,8192,zipf,4,eas_k2_adaptive,eas,2,adaptive,29,1,native,ok,491,56.018406,56.270761,0.048786920050642925,0.0,0.09494179046493052,519,1010,2.873137,58.891543,extra_commits_extra_time
l2-n8192-zipf-w4,scale,2,8192,zipf,4,eas_k2_adaptive,eas,2,adaptive,29,1,accept_id,ok,82,49.662471,49.641262,0.15671302753945504,0.11781427658317967,0.17056051488616045,928,1010,9.229072,58.891543,extra_commits_extra_time
l2-n8192-zipf-w4,scale,2,8192,zipf,4,eas_k2_adaptive,eas,2,adaptive,29,1,accept_static_degree,ok,-5,47.815931,47.760695,0.1880679540014769,0.15123424401528887,0.18714151087844455,1015,1010,11.075612,58.891543,baseline_dominates
l2-n8192-zipf-w4,scale,2,8192,zipf,4,accept_id,accept_id,,greedy,29,2,native,ok,409,6.36298,6.65834,0.30969487397742196,0.0,0.5537511426785178,519,928,2.854654,9.217634,extra_commits_extra_time
l2-n8192-zipf-w4,scale,2,8192,zipf,4,accept_id,accept_id,,greedy,29,2,accept_static_degree,ok,-87,-1.956230999999999,-1.879969,1.212227020513073,1.2823480026553165,1.1083218473229928,1015,928,11.173865,9.217634,tradeoff_or_tie
l2-n8192-zipf-w4,scale,2,8192,zipf,4,accept_static_degree,accept_static_degree,,greedy,29,2,native,ok,496,8.319211,8.538309,0.2554759700425949,0.0,0.4996302689656724,519,1015,2.854654,11.173865,extra_commits_extra_time
l2-n8192-zipf-w4,scale,2,8192,zipf,4,accept_static_degree,accept_static_degree,,greedy,29,2,accept_id,ok,87,1.956230999999999,1.879969,0.8249279904491419,0.779819516955875,0.902264989556391,928,1015,9.217634,11.173865,extra_commits_extra_time
l2-n8192-zipf-w4,scale,2,8192,zipf,4,native,native,,native,29,2,accept_id,ok,-409,-6.36298,-6.65834,3.2289846685447694,,1.8058653480387554,928,519,9.217634,2.854654,tradeoff_or_tie
l2-n8192-zipf-w4,scale,2,8192,zipf,4,native,native,,native,29,2,accept_static_degree,ok,-496,-8.319211,-8.538309,3.914262464032418,,2.0014800185548927,1015,519,11.173865,2.854654,tradeoff_or_tie
l2-n8192-zipf-w4,scale,2,8192,zipf,4,eas_k2_adaptive,eas,2,adaptive,29,2,native,ok,491,56.290403,56.593242,0.048265301358996066,0.0,0.09392669435947312,519,1010,2.854654,59.145057,extra_commits_extra_time
l2-n8192-zipf-w4,scale,2,8192,zipf,4,eas_k2_adaptive,eas,2,adaptive,29,2,accept_id,ok,82,49.927423000000005,49.934901999999994,0.15584791811089133,0.11765256353399935,0.16961896259959974,928,1010,9.217634,59.145057,extra_commits_extra_time
l2-n8192-zipf-w4,scale,2,8192,zipf,4,eas_k2_adaptive,eas,2,adaptive,29,2,accept_static_degree,ok,-5,47.971192,48.054933,0.18892305742473117,0.1508715298551018,0.18799240196939798,1015,1010,11.173865,59.145057,baseline_dominates
l2-n8192-zipf-w4,scale,2,8192,zipf,4,eas_k1_adaptive,eas,1,adaptive,29,2,native,ok,494,68.46106400000001,68.630154,0.04002839878860926,0.0,0.0781286473466915,519,1013,2.854654,71.315718,extra_commits_extra_time
l2-n8192-zipf-w4,scale,2,8192,zipf,4,eas_k1_adaptive,eas,1,adaptive,29,2,accept_id,ok,85,62.098084,61.971814,0.12925108599481533,0.09701770449181855,0.14108981693253025,928,1013,9.217634,71.315718,extra_commits_extra_time
l2-n8192-zipf-w4,scale,2,8192,zipf,4,eas_k1_adaptive,eas,1,adaptive,29,2,accept_static_degree,ok,-2,60.141853000000005,60.091845000000006,0.15668165887357396,0.12441045957728726,0.15637292654112478,1015,1013,11.173865,71.315718,baseline_dominates
l2-n8192-zipf-w4,scale,2,8192,zipf,4,eas_k2_adaptive,eas,2,adaptive,29,3,native,ok,491,56.352778,56.717122,0.04963481467190323,0.0,0.09659183587392002,519,1010,2.943142,59.29592,extra_commits_extra_time
l2-n8192-zipf-w4,scale,2,8192,zipf,4,eas_k2_adaptive,eas,2,adaptive,29,3,accept_id,ok,82,50.184245000000004,50.204599,0.15366445111231936,0.11482463796382333,0.16724255993848422,928,1010,9.111675,59.29592,extra_commits_extra_time
l2-n8192-zipf-w4,scale,2,8192,zipf,4,eas_k2_adaptive,eas,2,adaptive,29,3,accept_static_degree,ok,-5,48.016429,48.065540000000006,0.19022372871523033,0.1525391573994181,0.18928666601171076,1015,1010,11.279491,59.29592,baseline_dominates
l2-n8192-zipf-w4,scale,2,8192,zipf,4,eas_k1_adaptive,eas,1,adaptive,29,3,native,ok,494,67.79527300000001,68.105078,0.0416059930095974,0.0,0.08120784377410684,519,1013,2.943142,70.738415,extra_commits_extra_time
l2-n8192-zipf-w4,scale,2,8192,zipf,4,eas_k1_adaptive,eas,1,adaptive,29,3,accept_id,ok,85,61.626740000000005,61.592555000000004,0.128808017538985,0.09562463169045925,0.14060616569700307,928,1013,9.111675,70.738415,extra_commits_extra_time
l2-n8192-zipf-w4,scale,2,8192,zipf,4,eas_k1_adaptive,eas,1,adaptive,29,3,accept_static_degree,ok,-2,59.458924,59.45349600000001,0.15945354444257762,0.12703284768281153,0.15913935026625678,1015,1013,11.279491,70.738415,baseline_dominates
l2-n8192-zipf-w4,scale,2,8192,zipf,4,native,native,,native,29,3,accept_id,ok,-409,-6.168533,-6.512523,3.095900571566034,,1.7314357722404572,928,519,9.111675,2.943142,tradeoff_or_tie
l2-n8192-zipf-w4,scale,2,8192,zipf,4,native,native,,native,29,3,accept_static_degree,ok,-496,-8.336349,-8.651582,3.8324657797686963,,1.959654915957742,1015,519,11.279491,2.943142,tradeoff_or_tie
l2-n8192-zipf-w4,scale,2,8192,zipf,4,accept_static_degree,accept_static_degree,,greedy,29,3,native,ok,496,8.336349,8.651582,0.26092861814420526,0.0,0.5102939256584724,519,1015,2.943142,11.279491,extra_commits_extra_time
l2-n8192-zipf-w4,scale,2,8192,zipf,4,accept_static_degree,accept_static_degree,,greedy,29,3,accept_id,ok,87,2.167816,2.1390589999999996,0.8078090580505805,0.7527551608480392,0.8835411572420916,928,1015,9.111675,11.279491,extra_commits_extra_time
l2-n8192-zipf-w4,scale,2,8192,zipf,4,accept_id,accept_id,,greedy,29,3,native,ok,409,6.168533,6.512523,0.323007789456933,0.0,0.5775553537894229,519,928,2.943142,9.111675,extra_commits_extra_time
l2-n8192-zipf-w4,scale,2,8192,zipf,4,accept_id,accept_id,,greedy,29,3,accept_static_degree,ok,-87,-2.167816,-2.1390589999999996,1.2379162996924276,1.3284531970175,1.1318091882911556,1015,928,11.279491,9.111675,tradeoff_or_tie
l2-n8192-zipf-w4,scale,2,8192,zipf,4,accept_id,accept_id,,greedy,47,1,native,ok,374,6.267702,6.525549,0.3136347658110785,0.0,0.5223525636973284,562,936,2.864028,9.13173,extra_commits_extra_time
l2-n8192-zipf-w4,scale,2,8192,zipf,4,accept_id,accept_id,,greedy,47,1,accept_static_degree,ok,-106,-2.1762760000000014,-2.072922,1.2383202306682306,1.317662467939479,1.1123490747623161,1042,936,11.308006,9.13173,tradeoff_or_tie
l2-n8192-zipf-w4,scale,2,8192,zipf,4,native,native,,native,47,1,accept_id,ok,-374,-6.267702,-6.525549,3.1884220405666426,,1.9144157978698835,936,562,9.13173,2.864028,tradeoff_or_tie
l2-n8192-zipf-w4,scale,2,8192,zipf,4,native,native,,native,47,1,accept_static_degree,ok,-480,-8.443978000000001,-8.598471,3.9482875167421554,,2.129498641470926,1042,562,11.308006,2.864028,tradeoff_or_tie
l2-n8192-zipf-w4,scale,2,8192,zipf,4,eas_k2_adaptive,eas,2,adaptive,47,1,native,ok,476,56.620839000000004,56.8685,0.04814716993483401,0.0,0.08892662347390155,562,1038,2.864028,59.484867,extra_commits_extra_time
l2-n8192-zipf-w4,scale,2,8192,zipf,4,eas_k2_adaptive,eas,2,adaptive,47,1,accept_id,ok,102,50.353137000000004,50.342951,0.15351349781113235,0.11474804153441712,0.17024253282966395,936,1038,9.13173,59.484867,extra_commits_extra_time
l2-n8192-zipf-w4,scale,2,8192,zipf,4,eas_k2_adaptive,eas,2,adaptive,47,1,accept_static_degree,ok,-4,48.176861,48.270028999999994,0.19009887002016834,0.1511991875994619,0.1893691238782699,1042,1038,11.308006,59.484867,baseline_dominates
l2-n8192-zipf-w4,scale,2,8192,zipf,4,accept_static_degree,accept_static_degree,,greedy,47,1,native,ok,480,8.443978000000001,8.598471,0.25327436154526267,0.0,0.4695941009425871,562,1042,2.864028,11.308006,extra_commits_extra_time
l2-n8192-zipf-w4,scale,2,8192,zipf,4,accept_static_degree,accept_static_degree,,greedy,47,1,accept_id,ok,106,2.1762760000000014,2.072922,0.80754555666136,0.7589196963041452,0.8989983654309934,936,1042,9.13173,11.308006,extra_commits_extra_time
l2-n8192-zipf-w4,scale,2,8192,zipf,4,eas_k1_adaptive,eas,1,adaptive,47,1,native,ok,479,68.61515399999999,68.843353,0.040068001897391604,0.0,0.07421848750018435,562,1041,2.864028,71.479182,extra_commits_extra_time
l2-n8192-zipf-w4,scale,2,8192,zipf,4,eas_k1_adaptive,eas,1,adaptive,47,1,accept_id,ok,105,62.347452,62.317803999999995,0.12775370037110945,0.09478836685947009,0.1420850449643614,936,1041,9.13173,71.479182,extra_commits_extra_time
l2-n8192-zipf-w4,scale,2,8192,zipf,4,eas_k1_adaptive,eas,1,adaptive,47,1,accept_static_degree,ok,-1,60.171175999999996,60.24488199999999,0.15819999171227228,0.12489907340800209,0.15804816830366947,1042,1041,11.308006,71.479182,baseline_dominates
l2-n8192-zipf-w4,scale,2,8192,zipf,4,native,native,,native,47,2,accept_id,ok,-374,-6.275512,-6.549342,3.183833503501852,,1.9116607147093703,936,562,9.149134,2.873622,tradeoff_or_tie
l2-n8192-zipf-w4,scale,2,8192,zipf,4,native,native,,native,47,2,accept_static_degree,ok,-480,-8.348154999999998,-8.577457,3.9050985133048113,,2.1062047643707116,1042,562,11.221777,2.873622,tradeoff_or_tie
l2-n8192-zipf-w4,scale,2,8192,zipf,4,accept_id,accept_id,,greedy,47,2,native,ok,374,6.275512,6.549342,0.3140867758631582,0.0,0.5231053775941773,562,936,2.873622,9.149134,extra_commits_extra_time
l2-n8192-zipf-w4,scale,2,8192,zipf,4,accept_id,accept_id,,greedy,47,2,accept_static_degree,ok,-106,-2.0726429999999993,-2.0281150000000006,1.2265398014719207,1.3096669863934423,1.1017670385567964,1042,936,11.221777,9.149134,tradeoff_or_tie
l2-n8192-zipf-w4,scale,2,8192,zipf,4,eas_k1_adaptive,eas,1,adaptive,47,2,native,ok,479,68.430905,68.724744,0.04030069507368025,0.0,0.07464950813489327,562,1041,2.873622,71.304527,extra_commits_extra_time
l2-n8192-zipf-w4,scale,2,8192,zipf,4,eas_k1_adaptive,eas,1,adaptive,47,2,accept_id,ok,105,62.15539299999999,62.175402,0.12831070318999524,0.09529816509756661,0.142704532073853,936,1041,9.149134,71.304527,extra_commits_extra_time
l2-n8192-zipf-w4,scale,2,8192,zipf,4,eas_k1_adaptive,eas,1,adaptive,47,2,accept_static_degree,ok,-1,60.08274999999999,60.147287,0.15737818441737927,0.12480886069215479,0.1572271496916424,1042,1041,11.221777,71.304527,baseline_dominates
l2-n8192-zipf-w4,scale,2,8192,zipf,4,eas_k2_adaptive,eas,2,adaptive,47,2,native,ok,476,56.839454,57.044745,0.04812383136986612,0.0,0.08888351772593553,562,1038,2.873622,59.713076,extra_commits_extra_time
l2-n8192-zipf-w4,scale,2,8192,zipf,4,eas_k2_adaptive,eas,2,adaptive,47,2,accept_id,ok,102,50.563942,50.495402999999996,0.1532182666322532,0.11481061051285268,0.16991512902184489,936,1038,9.149134,59.713076,extra_commits_extra_time
l2-n8192-zipf-w4,scale,2,8192,zipf,4,eas_k2_adaptive,eas,2,adaptive,47,2,accept_static_degree,ok,-4,48.491299,48.467287999999996,0.18792830233699565,0.15036366627635903,0.187206888508394,1042,1038,11.221777,59.713076,baseline_dominates
l2-n8192-zipf-w4,scale,2,8192,zipf,4,accept_static_degree,accept_static_degree,,greedy,47,2,native,ok,480,8.348154999999998,8.577457,0.2560754860838885,0.0,0.47478764501740095,562,1042,2.873622,11.221777,extra_commits_extra_time
l2-n8192-zipf-w4,scale,2,8192,zipf,4,accept_static_degree,accept_static_degree,,greedy,47,2,accept_id,ok,106,2.0726429999999993,2.0281150000000006,0.8153017120194066,0.7635528805332396,0.9076328888091434,936,1042,9.149134,11.221777,extra_commits_extra_time
l2-n8192-zipf-w4,scale,2,8192,zipf,4,accept_static_degree,accept_static_degree,,greedy,47,3,native,ok,480,8.1529,8.514593,0.26897470135461465,0.0,0.4987039836516176,562,1042,2.999792,11.152692,extra_commits_extra_time
l2-n8192-zipf-w4,scale,2,8192,zipf,4,accept_static_degree,accept_static_degree,,greedy,47,3,accept_id,ok,106,2.010612,2.0087649999999995,0.8197195798108654,0.7640797393369243,0.9125510706848741,936,1042,9.14208,11.152692,extra_commits_extra_time
l2-n8192-zipf-w4,scale,2,8192,zipf,4,eas_k2_adaptive,eas,2,adaptive,47,3,native,ok,476,56.561313,56.926921,0.05036494873626001,0.0,0.09302280567339101,562,1038,2.999792,59.561105,extra_commits_extra_time
l2-n8192-zipf-w4,scale,2,8192,zipf,4,eas_k2_adaptive,eas,2,adaptive,47,3,accept_id,ok,102,50.419025,50.421093,0.15349077220780238,0.11428385526067711,0.17021733071750367,936,1038,9.14208,59.561105,extra_commits_extra_time
l2-n8192-zipf-w4,scale,2,8192,zipf,4,eas_k2_adaptive,eas,2,adaptive,47,3,accept_static_degree,ok,-4,48.408412999999996,48.412328,0.18724790280502687,0.149570587174388,0.1865291008751485,1042,1038,11.152692,59.561105,baseline_dominates
l2-n8192-zipf-w4,scale,2,8192,zipf,4,native,native,,native,47,3,accept_id,ok,-374,-6.142288000000001,-6.505828,3.0475712982766807,,1.8298451598541066,936,562,9.14208,2.999792,tradeoff_or_tie
l2-n8192-zipf-w4,scale,2,8192,zipf,4,native,native,,native,47,3,accept_static_degree,ok,-480,-8.1529,-8.514593,3.7178217689759827,,2.005197537580882,1042,562,11.152692,2.999792,tradeoff_or_tie
l2-n8192-zipf-w4,scale,2,8192,zipf,4,accept_id,accept_id,,greedy,47,3,native,ok,374,6.142288000000001,6.505828,0.32813014106199023,0.0,0.546494327465243,562,936,2.999792,9.14208,extra_commits_extra_time
l2-n8192-zipf-w4,scale,2,8192,zipf,4,accept_id,accept_id,,greedy,47,3,accept_static_degree,ok,-106,-2.010612,-2.0087649999999995,1.2199293814974272,1.3087639267438365,1.0958290797352253,1042,936,11.152692,9.14208,tradeoff_or_tie
l2-n8192-zipf-w4,scale,2,8192,zipf,4,eas_k1_adaptive,eas,1,adaptive,47,3,native,ok,479,68.504184,68.79547,0.04195279993940477,0.0,0.07770972373139413,562,1041,2.999792,71.503976,extra_commits_extra_time
l2-n8192-zipf-w4,scale,2,8192,zipf,4,eas_k1_adaptive,eas,1,adaptive,47,3,accept_id,ok,105,62.361895999999994,62.28964199999999,0.12785414897767364,0.09456768011033286,0.14219676184349136,936,1041,9.14208,71.503976,extra_commits_extra_time
l2-n8192-zipf-w4,scale,2,8192,zipf,4,eas_k1_adaptive,eas,1,adaptive,47,3,accept_static_degree,ok,-1,60.35128399999999,60.280877,0.15597303288421333,0.12376676836425422,0.15582334667228215,1042,1041,11.152692,71.503976,baseline_dominates
l2-n8192-zipf-w4,scale,2,8192,zipf,4,accept_static_degree,accept_static_degree,,greedy,71,1,native,ok,506,8.362242,8.698814,0.2596932711677819,0.0,0.5039401024140124,538,1044,2.933403,11.295645,extra_commits_extra_time
l2-n8192-zipf-w4,scale,2,8192,zipf,4,accept_static_degree,accept_static_degree,,greedy,71,1,accept_id,ok,90,2.0337060000000005,2.1060040000000004,0.8199566293027091,0.757897570864258,0.8973110282957263,954,1044,9.261939,11.295645,extra_commits_extra_time
l2-n8192-zipf-w4,scale,2,8192,zipf,4,native,native,,native,71,1,accept_id,ok,-416,-6.328536,-6.59281,3.1574042161953195,,1.780590637651892,954,538,9.261939,2.933403,tradeoff_or_tie
l2-n8192-zipf-w4,scale,2,8192,zipf,4,native,native,,native,71,1,accept_static_degree,ok,-506,-8.362242,-8.698814,3.8506966141372323,,1.9843628145680874,1044,538,11.295645,2.933403,tradeoff_or_tie
l2-n8192-zipf-w4,scale,2,8192,zipf,4,eas_k1_adaptive,eas,1,adaptive,71,1,native,ok,505,71.181191,71.465858,0.03957928987643109,0.0,0.07673085379389824,538,1043,2.933403,74.114594,extra_commits_extra_time
l2-n8192-zipf-w4,scale,2,8192,zipf,4,eas_k1_adaptive,eas,1,adaptive,71,1,accept_id,ok,89,64.852655,64.873048,0.12496781672986025,0.09225118377505521,0.13662623988445136,954,1043,9.261939,74.114594,extra_commits_extra_time
l2-n8192-zipf-w4,scale,2,8192,zipf,4,eas_k1_adaptive,eas,1,adaptive,71,1,accept_static_degree,ok,-1,62.818948999999996,62.767044,0.15240783751712922,0.12171985677412564,0.15226185299867231,1044,1043,11.295645,74.114594,baseline_dominates
l2-n8192-zipf-w4,scale,2,8192,zipf,4,eas_k2_adaptive,eas,2,adaptive,71,1,native,ok,504,58.486117,58.756981,0.04776010948962155,0.0,0.09250192209678998,538,1042,2.933403,61.41952,extra_commits_extra_time
l2-n8192-zipf-w4,scale,2,8192,zipf,4,eas_k2_adaptive,eas,2,adaptive,71,1,accept_id,ok,88,52.157581,52.164171,0.15079797106848117,0.11220470976886984,0.16470805645034892,954,1042,9.261939,61.41952,extra_commits_extra_time
l2-n8192-zipf-w4,scale,2,8192,zipf,4,eas_k2_adaptive,eas,2,adaptive,71,1,accept_static_degree,ok,-2,50.123875,50.058167000000005,0.1839096919025092,0.14804732734651566,0.18355737448494414,1044,1042,11.295645,61.41952,baseline_dominates
l2-n8192-zipf-w4,scale,2,8192,zipf,4,accept_id,accept_id,,greedy,71,1,native,ok,416,6.328536,6.59281,0.3167158626287649,0.0,0.5616113995290485,538,954,2.933403,9.261939,extra_commits_extra_time
l2-n8192-zipf-w4,scale,2,8192,zipf,4,accept_id,accept_id,,greedy,71,1,accept_static_degree,ok,-90,-2.0337060000000005,-2.1060040000000004,1.2195766998681379,1.3194395106183858,1.1144407774629852,1044,954,11.295645,9.261939,tradeoff_or_tie
l2-n8192-zipf-w4,scale,2,8192,zipf,4,accept_id,accept_id,,greedy,71,2,native,ok,416,6.435478000000001,6.657832,0.30051357076787794,0.0,0.532880941475516,538,954,2.764812,9.20029,extra_commits_extra_time
l2-n8192-zipf-w4,scale,2,8192,zipf,4,accept_id,accept_id,,greedy,71,2,accept_static_degree,ok,-90,-1.9334669999999985,-1.9109980000000002,1.2101528321389867,1.287030072251748,1.1058293121308655,1044,954,11.133757,9.20029,tradeoff_or_tie
l2-n8192-zipf-w4,scale,2,8192,zipf,4,eas_k2_adaptive,eas,2,adaptive,71,2,native,ok,504,58.436173000000004,58.647741,0.04517593957025365,0.0,0.0874968941121452,538,1042,2.764812,61.200985,extra_commits_extra_time
l2-n8192-zipf-w4,scale,2,8192,zipf,4,eas_k2_adaptive,eas,2,adaptive,71,2,accept_id,ok,88,52.000695,51.989909000000004,0.1503291164349724,0.11352239466478342,0.1641959531708367,954,1042,9.20029,61.200985,extra_commits_extra_time
l2-n8192-zipf-w4,scale,2,8192,zipf,4,eas_k2_adaptive,eas,2,adaptive,71,2,accept_static_degree,ok,-2,50.067228,50.078911000000005,0.18192120600673337,0.14610673580760766,0.18157269794957817,1044,1042,11.133757,61.200985,baseline_dominates
l2-n8192-zipf-w4,scale,2,8192,zipf,4,eas_k1_adaptive,eas,1,adaptive,71,2,native,ok,505,71.27104299999999,71.419192,0.03734423003556858,0.0,0.07239782886078076,538,1043,2.764812,74.035855,extra_commits_extra_time
l2-n8192-zipf-w4,scale,2,8192,zipf,4,eas_k1_adaptive,eas,1,adaptive,71,2,accept_id,ok,89,64.835565,64.76136,0.1242680320231326,0.09322188915270843,0.13586117127836367,954,1043,9.20029,74.035855,extra_commits_extra_time
l2-n8192-zipf-w4,scale,2,8192,zipf,4,eas_k1_adaptive,eas,1,adaptive,71,2,accept_static_degree,ok,-1,62.902097999999995,62.850362,0.1503833108971322,0.11997937473165478,0.15023926558004658,1044,1043,11.133757,74.035855,baseline_dominates
l2-n8192-zipf-w4,scale,2,8192,zipf,4,accept_static_degree,accept_static_degree,,greedy,71,2,native,ok,506,8.368945,8.56883,0.24832695737835847,0.0,0.4818835381101329,538,1044,2.764812,11.133757,extra_commits_extra_time
l2-n8192-zipf-w4,scale,2,8192,zipf,4,accept_static_degree,accept_static_degree,,greedy,71,2,accept_id,ok,90,1.9334669999999985,1.9109980000000002,0.8263419077675219,0.7769826218982054,0.904298691516018,954,1044,9.20029,11.133757,extra_commits_extra_time
l2-n8192-zipf-w4,scale,2,8192,zipf,4,native,native,,native,71,2,accept_id,ok,-416,-6.435478000000001,-6.657832,3.3276367434747827,,1.8765917903369913,954,538,9.20029,2.764812,tradeoff_or_tie
l2-n8192-zipf-w4,scale,2,8192,zipf,4,native,native,,native,71,2,accept_static_degree,ok,-506,-8.368945,-8.56883,4.026949029445763,,2.0751902086587846,1044,538,11.133757,2.764812,tradeoff_or_tie
l2-n8192-zipf-w4,scale,2,8192,zipf,4,accept_static_degree,accept_static_degree,,greedy,71,3,native,ok,506,8.460015,8.697802,0.25364699982946837,0.0,0.4922071892592613,538,1044,2.875124,11.335139,extra_commits_extra_time
l2-n8192-zipf-w4,scale,2,8192,zipf,4,accept_static_degree,accept_static_degree,,greedy,71,3,accept_id,ok,90,1.7846229999999998,1.7766179999999991,0.8425583488654176,0.7957394293408842,0.9220449855508034,954,1044,9.550516,11.335139,extra_commits_extra_time
l2-n8192-zipf-w4,scale,2,8192,zipf,4,accept_id,accept_id,,greedy,71,3,native,ok,416,6.675392,6.921184,0.3010438388878674,0.0,0.5338212310381264,538,954,2.875124,9.550516,extra_commits_extra_time
l2-n8192-zipf-w4,scale,2,8192,zipf,4,accept_id,accept_id,,greedy,71,3,accept_static_degree,ok,-90,-1.7846229999999998,-1.7766179999999991,1.1868614219378304,1.2566927855118428,1.08454578211564,1044,954,11.335139,9.550516,tradeoff_or_tie
l2-n8192-zipf-w4,scale,2,8192,zipf,4,eas_k1_adaptive,eas,1,adaptive,71,3,native,ok,505,70.970195,71.266901,0.038934410994960963,0.0,0.07548065179849484,538,1043,2.875124,73.845319,extra_commits_extra_time
l2-n8192-zipf-w4,scale,2,8192,zipf,4,eas_k1_adaptive,eas,1,adaptive,71,3,accept_id,ok,89,64.294803,64.34571700000001,0.12933136628470654,0.09711638787268159,0.14139687110553287,954,1043,9.550516,73.845319,extra_commits_extra_time
l2-n8192-zipf-w4,scale,2,8192,zipf,4,eas_k1_adaptive,eas,1,adaptive,71,3,accept_static_degree,ok,-1,62.510180000000005,62.56909900000001,0.1534984092898292,0.1220454639945688,0.15335138016185448,1044,1043,11.335139,73.845319,baseline_dominates
l2-n8192-zipf-w4,scale,2,8192,zipf,4,native,native,,native,71,3,accept_id,ok,-416,-6.675392,-6.921184,3.3217753390810274,,1.873286302336256,954,538,9.550516,2.875124,tradeoff_or_tie
l2-n8192-zipf-w4,scale,2,8192,zipf,4,native,native,,native,71,3,accept_static_degree,ok,-506,-8.460015,-8.697802,3.942487002299727,,2.03166475789379,1044,538,11.335139,2.875124,tradeoff_or_tie
l2-n8192-zipf-w4,scale,2,8192,zipf,4,eas_k2_adaptive,eas,2,adaptive,71,3,native,ok,504,58.234916,58.479344,0.04704830826489395,0.0,0.09112330336801402,538,1042,2.875124,61.11004,extra_commits_extra_time
l2-n8192-zipf-w4,scale,2,8192,zipf,4,eas_k2_adaptive,eas,2,adaptive,71,3,accept_id,ok,88,51.559523999999996,51.55816,0.15628391013980683,0.11835262721141332,0.1707000360229319,954,1042,9.550516,61.11004,extra_commits_extra_time
l2-n8192-zipf-w4,scale,2,8192,zipf,4,eas_k2_adaptive,eas,2,adaptive,71,3,accept_static_degree,ok,-2,49.774901,49.781542,0.18548734381453522,0.14873289276295576,0.18513200407565858,1044,1042,11.335139,61.11004,baseline_dominates
l2-n8192-zipf-w4,scale,2,8192,zipf,4,eas_k2_adaptive,eas,2,adaptive,101,1,native,ok,476,56.039365,56.276727,0.04861210898940681,0.0,0.0917825639874132,536,1012,2.863387,58.902752,extra_commits_extra_time
l2-n8192-zipf-w4,scale,2,8192,zipf,4,eas_k2_adaptive,eas,2,adaptive,101,1,accept_id,ok,88,49.679609,49.721731,0.15658254812949995,0.11647791812768359,0.17149517176071546,924,1012,9.223143,58.902752,extra_commits_extra_time
l2-n8192-zipf-w4,scale,2,8192,zipf,4,eas_k2_adaptive,eas,2,adaptive,101,1,accept_static_degree,ok,-2,47.804927,47.773417,0.1884092783984015,0.1510981617676522,0.18803766246495987,1014,1012,11.097825,58.902752,baseline_dominates
l2-n8192-zipf-w4,scale,2,8192,zipf,4,accept_static_degree,accept_static_degree,,greedy,101,1,native,ok,478,8.234438,8.50331,0.2580133494626199,0.0,0.488107343945081,536,1014,2.863387,11.097825,extra_commits_extra_time
l2-n8192-zipf-w4,scale,2,8192,zipf,4,accept_static_degree,accept_static_degree,,greedy,101,1,accept_id,ok,90,1.874682,1.9483140000000008,0.8310766298801793,0.7708758118897229,0.9120256522688532,924,1014,9.223143,11.097825,extra_commits_extra_time
l2-n8192-zipf-w4,scale,2,8192,zipf,4,native,native,,native,101,1,accept_id,ok,-388,-6.359756000000001,-6.554996,3.2210605831485584,,1.8684940179295255,924,536,9.223143,2.863387,tradeoff_or_tie
l2-n8192-zipf-w4,scale,2,8192,zipf,4,native,native,,native,101,1,accept_static_degree,ok,-478,-8.234438,-8.50331,3.875768451836933,,2.048729674742436,1014,536,11.097825,2.863387,tradeoff_or_tie
l2-n8192-zipf-w4,scale,2,8192,zipf,4,eas_k1_adaptive,eas,1,adaptive,101,1,native,ok,479,67.956814,68.2209,0.04043178301626114,0.0,0.0765639174655784,536,1015,2.863387,70.820201,extra_commits_extra_time
l2-n8192-zipf-w4,scale,2,8192,zipf,4,eas_k1_adaptive,eas,1,adaptive,101,1,accept_id,ok,91,61.597058,61.665904,0.13023322258009407,0.09608486548843537,0.14305922177368316,924,1015,9.223143,70.820201,extra_commits_extra_time
l2-n8192-zipf-w4,scale,2,8192,zipf,4,eas_k1_adaptive,eas,1,adaptive,101,1,accept_static_degree,ok,1,59.722376,59.71759,0.15670422906594123,0.12464376752578757,0.15685876972626114,1014,1015,11.097825,70.820201,extra_commits_extra_time
l2-n8192-zipf-w4,scale,2,8192,zipf,4,accept_id,accept_id,,greedy,101,1,native,ok,388,6.359756000000001,6.554996,0.3104567499387139,0.0,0.5351903674318947,536,924,2.863387,9.223143,extra_commits_extra_time
l2-n8192-zipf-w4,scale,2,8192,zipf,4,accept_id,accept_id,,greedy,101,1,accept_static_degree,ok,-90,-1.874682,-1.9483140000000008,1.2032584770722952,1.2972258106641104,1.0964603873940304,1014,924,11.097825,9.223143,tradeoff_or_tie
l2-n8192-zipf-w4,scale,2,8192,zipf,4,eas_k2_adaptive,eas,2,adaptive,101,2,native,ok,476,55.803139,56.00441,0.04868921691921865,0.0,0.09192814836246457,536,1012,2.856071,58.65921,extra_commits_extra_time
l2-n8192-zipf-w4,scale,2,8192,zipf,4,eas_k2_adaptive,eas,2,adaptive,101,2,accept_id,ok,88,49.477566,49.439549,0.1565251901619541,0.11722042960545427,0.17143235112968946,924,1012,9.181644,58.65921,extra_commits_extra_time
l2-n8192-zipf-w4,scale,2,8192,zipf,4,eas_k2_adaptive,eas,2,adaptive,101,2,accept_static_degree,ok,-2,47.365147,47.467287999999996,0.1925369093787659,0.15243660276038976,0.19215715216095067,1014,1012,11.294063,58.65921,baseline_dominates
l2-n8192-zipf-w4,scale,2,8192,zipf,4,native,native,,native,101,2,accept_id,ok,-388,-6.325573,-6.564861,3.214781425251683,,1.8648515626981506,924,536,9.181644,2.856071,tradeoff_or_tie
l2-n8192-zipf-w4,scale,2,8192,zipf,4,native,native,,native,101,2,accept_static_degree,ok,-478,-8.437992,-8.537122,3.954405545240297,,2.0902972112882336,1014,536,11.294063,2.856071,tradeoff_or_tie
l2-n8192-zipf-w4,scale,2,8192,zipf,4,accept_id,accept_id,,greedy,101,2,native,ok,388,6.325573,6.564861,0.3110631385838963,0.0,0.5362357090519073,536,924,2.856071,9.181644,extra_commits_extra_time
l2-n8192-zipf-w4,scale,2,8192,zipf,4,accept_id,accept_id,,greedy,101,2,accept_static_degree,ok,-90,-2.112418999999999,-1.9722610000000005,1.2300698001360104,1.3004269245000009,1.1208920072243702,1014,924,11.294063,9.181644,tradeoff_or_tie
l2-n8192-zipf-w4,scale,2,8192,zipf,4,eas_k1_adaptive,eas,1,adaptive,101,2,native,ok,479,67.743195,67.922646,0.04045468404728174,0.0,0.07660728415660457,536,1015,2.856071,70.599266,extra_commits_extra_time
l2-n8192-zipf-w4,scale,2,8192,zipf,4,eas_k1_adaptive,eas,1,adaptive,101,2,accept_id,ok,91,61.417622,61.357785,0.13005296683962692,0.09665202088858552,0.1428612135735053,924,1015,9.181644,70.599266,extra_commits_extra_time
l2-n8192-zipf-w4,scale,2,8192,zipf,4,eas_k1_adaptive,eas,1,adaptive,101,2,accept_static_degree,ok,1,59.305203,59.385524000000004,0.15997422692751506,0.12568889027085312,0.1601319924369158,1014,1015,11.294063,70.599266,extra_commits_extra_time
l2-n8192-zipf-w4,scale,2,8192,zipf,4,accept_static_degree,accept_static_degree,,greedy,101,2,native,ok,478,8.437992,8.537122,0.25288251004089496,0.0,0.47840086787644326,536,1014,2.856071,11.294063,extra_commits_extra_time
l2-n8192-zipf-w4,scale,2,8192,zipf,4,accept_static_degree,accept_static_degree,,greedy,101,2,accept_id,ok,90,2.112418999999999,1.9722610000000005,0.8129619960504914,0.768978234116837,0.8921466060555366,924,1014,9.181644,11.294063,extra_commits_extra_time
l2-n8192-zipf-w4,scale,2,8192,zipf,4,eas_k1_adaptive,eas,1,adaptive,101,3,native,ok,479,67.59280899999999,67.878621,0.042484849004266,0.0,0.08045171966256591,536,1015,2.999086,70.591895,extra_commits_extra_time
l2-n8192-zipf-w4,scale,2,8192,zipf,4,eas_k1_adaptive,eas,1,adaptive,101,3,accept_id,ok,91,61.50205,61.39348,0.1287661281794461,0.09554025854473384,0.14144764080239886,924,1015,9.089845,70.591895,extra_commits_extra_time
l2-n8192-zipf-w4,scale,2,8192,zipf,4,eas_k1_adaptive,eas,1,adaptive,101,3,accept_static_degree,ok,1,59.467656999999996,59.37011,0.15758520153057232,0.12534890772162272,0.15774061099918238,1014,1015,11.124238,70.591895,extra_commits_extra_time
l2-n8192-zipf-w4,scale,2,8192,zipf,4,accept_id,accept_id,,greedy,101,3,native,ok,388,6.090759,6.485141,0.32993807925217644,0.0,0.5687738530397708,536,924,2.999086,9.089845,extra_commits_extra_time
l2-n8192-zipf-w4,scale,2,8192,zipf,4,accept_id,accept_id,,greedy,101,3,accept_static_degree,ok,-90,-2.0343929999999997,-2.023370000000001,1.2238094268934179,1.312000926425501,1.115187288415398,1014,924,11.124238,9.089845,tradeoff_or_tie
l2-n8192-zipf-w4,scale,2,8192,zipf,4,eas_k2_adaptive,eas,2,adaptive,101,3,native,ok,476,55.830975,56.09225,0.05097880146682153,0.0,0.09625102067948392,536,1012,2.999086,58.830061,extra_commits_extra_time
l2-n8192-zipf-w4,scale,2,8192,zipf,4,eas_k2_adaptive,eas,2,adaptive,101,3,accept_id,ok,88,49.740216000000004,49.607109,0.15451020864996215,0.11561563317570608,0.16922546661573362,924,1012,9.089845,58.830061,extra_commits_extra_time
l2-n8192-zipf-w4,scale,2,8192,zipf,4,eas_k2_adaptive,eas,2,adaptive,101,3,accept_static_degree,ok,-2,47.705823,47.583739,0.18909104989709258,0.1516878178357973,0.18871808924603042,1014,1012,11.124238,58.830061,baseline_dominates
l2-n8192-zipf-w4,scale,2,8192,zipf,4,native,native,,native,101,3,accept_id,ok,-388,-6.090759,-6.485141,3.0308717389231252,,1.7581680217112163,924,536,9.089845,2.999086,tradeoff_or_tie
l2-n8192-zipf-w4,scale,2,8192,zipf,4,native,native,,native,101,3,accept_static_degree,ok,-478,-8.125152,-8.508511,3.7092094057989664,,1.9606866287107958,1014,536,11.124238,2.999086,tradeoff_or_tie
l2-n8192-zipf-w4,scale,2,8192,zipf,4,accept_static_degree,accept_static_degree,,greedy,101,3,native,ok,478,8.125152,8.508511,0.2695992300776017,0.0,0.510025409138189,536,1014,2.999086,11.124238,extra_commits_extra_time
l2-n8192-zipf-w4,scale,2,8192,zipf,4,accept_static_degree,accept_static_degree,,greedy,101,3,accept_id,ok,90,2.0343929999999997,2.023370000000001,0.8171206872776365,0.7621945837526682,0.8967103646069434,924,1014,9.089845,11.124238,extra_commits_extra_time
l2-n4096-identical-w1,control,2,4096,identical,1,eas_k1_lazy,eas,1,lazy,11,1,eas_k1_graph,ok,0,-602.3563490000001,-606.6449690000001,1.5927326801535608,1.6131810410867211,1.5927326801522192,1,1,1618.592452,1016.236103,variant_dominates
l2-n4096-identical-w1,control,2,4096,identical,1,eas_k1_profile,eas,1,profile,11,1,eas_k1_graph,ok,0,-1561.9741450000001,-1588.323114,28.587793202647337,208.28336854128165,28.587793202637013,1,1,1618.592452,56.618307,variant_dominates
l2-n4096-identical-w1,control,2,4096,identical,1,eas_k1_adaptive,eas,1,adaptive,11,1,eas_k1_graph,ok,0,-1507.1056520000002,-1545.843217,14.518242984819729,31.8290225893557,14.518242984805442,1,1,1618.592452,111.4868,variant_dominates
l2-n4096-identical-w1,control,2,4096,identical,1,eas_k1_profile,eas,1,profile,11,2,eas_k1_graph,ok,0,-1554.596517,-1554.618122,146.6604197889109,203.76957657051332,146.66041978899008,1,1,1565.269262,10.672745,variant_dominates
l2-n4096-identical-w1,control,2,4096,identical,1,eas_k1_adaptive,eas,1,adaptive,11,2,eas_k1_graph,ok,0,-1505.309794,-1528.119387,26.105456139137193,45.726769821916186,26.10545613922071,1,1,1565.269262,59.959468,variant_dominates
l2-n4096-identical-w1,control,2,4096,identical,1,eas_k1_lazy,eas,1,lazy,11,2,eas_k1_graph,ok,0,-591.076091,-618.5731979999999,1.6067339708337989,1.6554682999188892,1.6067339708323207,1,1,1565.269262,974.193171,variant_dominates
l2-n4096-identical-w1,control,2,4096,identical,1,eas_k1_adaptive,eas,1,adaptive,11,3,eas_k1_graph,ok,0,-1354.391951,-1354.951879,37.566998082705084,40.788948369524604,37.566998082716445,1,1,1391.430593,37.038642,variant_dominates
l2-n4096-identical-w1,control,2,4096,identical,1,eas_k1_profile,eas,1,profile,11,3,eas_k1_graph,ok,0,-1380.80862,-1381.366732,130.9954933043042,181.83982866015063,130.99549330428374,1,1,1391.430593,10.621973,variant_dominates
l2-n4096-identical-w1,control,2,4096,identical,1,eas_k1_lazy,eas,1,lazy,11,3,eas_k1_graph,ok,0,-350.53793399999995,-373.4784299999999,1.3367666502103748,1.3677681230394796,1.336766650210278,1,1,1391.430593,1040.892659,variant_dominates
l2-n4096-identical-w1,control,2,4096,identical,1,eas_k1_adaptive,eas,1,adaptive,29,1,eas_k1_graph,ok,0,-1361.919021,-1361.930537,42.32972554762866,45.58649715818606,42.329725547599026,1,1,1394.871551,32.95253,variant_dominates
l2-n4096-identical-w1,control,2,4096,identical,1,eas_k1_profile,eas,1,profile,29,1,eas_k1_graph,ok,0,-1386.1020839999999,-1386.127734,159.0600148218814,219.33562527860428,159.06001482207833,1,1,1394.871551,8.769467,variant_dominates
l2-n4096-identical-w1,control,2,4096,identical,1,eas_k1_lazy,eas,1,lazy,29,1,eas_k1_graph,ok,0,-559.5951399999999,-559.615962,1.6699520453714811,1.671920497234073,1.6699520453643366,1,1,1394.871551,835.276411,variant_dominates
l2-n4096-identical-w1,control,2,4096,identical,1,eas_k1_profile,eas,1,profile,29,2,eas_k1_graph,ok,0,-1391.033386,-1391.0264379999999,160.33116261766,220.84202303919574,160.3311626177325,1,1,1399.76384,8.730454,variant_dominates
l2-n4096-identical-w1,control,2,4096,identical,1,eas_k1_lazy,eas,1,lazy,29,2,eas_k1_graph,ok,0,-565.098379,-565.0777659999999,1.677035777092015,1.678954725626898,1.6770357770881001,1,1,1399.76384,834.665461,variant_dominates
l2-n4096-identical-w1,control,2,4096,identical,1,eas_k1_adaptive,eas,1,adaptive,29,2,eas_k1_graph,ok,0,-1366.806888,-1366.7713469999999,42.47249078130769,45.69131534190063,42.4724907813601,1,1,1399.76384,32.956952,variant_dominates
l2-n4096-identical-w1,control,2,4096,identical,1,eas_k1_adaptive,eas,1,adaptive,29,3,eas_k1_graph,ok,0,-1358.4659319999998,-1358.494677,42.275217503975014,45.5455966382223,42.27521750394848,1,1,1391.378319,32.912387,variant_dominates
l2-n4096-identical-w1,control,2,4096,identical,1,eas_k1_profile,eas,1,profile,29,3,eas_k1_graph,ok,0,-1382.67777,-1382.680241,159.91845100809155,220.08503019572638,159.91845100744789,1,1,1391.378319,8.700549,variant_dominates
l2-n4096-identical-w1,control,2,4096,identical,1,eas_k1_lazy,eas,1,lazy,29,3,eas_k1_graph,ok,0,-555.4196509999999,-555.4477,1.6644104215449083,1.6663690226035768,1.664410421540102,1,1,1391.378319,835.958668,variant_dominates
l2-n4096-identical-w1,control,2,4096,identical,1,eas_k1_adaptive,eas,1,adaptive,47,1,eas_k1_graph,ok,0,-1349.292328,-1349.263336,41.9171215094704,45.15576487942936,41.91712150944895,1,1,1382.268556,32.976228,variant_dominates
l2-n4096-identical-w1,control,2,4096,identical,1,eas_k1_lazy,eas,1,lazy,47,1,eas_k1_graph,ok,0,-545.631489,-545.5486409999999,1.652172262647311,1.6539221083585829,1.6521722626496795,1,1,1382.268556,836.637067,variant_dominates
l2-n4096-identical-w1,control,2,4096,identical,1,eas_k1_profile,eas,1,profile,47,1,eas_k1_graph,ok,0,-1373.538719,-1373.5188509999998,158.33841525334321,218.97091163753495,158.338415252837,1,1,1382.268556,8.729837,variant_dominates
l2-n4096-identical-w1,control,2,4096,identical,1,eas_k1_profile,eas,1,profile,47,2,eas_k1_graph,ok,0,-1372.568522,-1372.5115480000002,158.5622092275762,217.0347169984759,158.56220922719038,1,1,1381.279802,8.71128,variant_dominates
l2-n4096-identical-w1,control,2,4096,identical,1,eas_k1_adaptive,eas,1,adaptive,47,2,eas_k1_graph,ok,0,-1348.389913,-1348.366504,41.99709527751827,45.21128469597413,41.9970952775124,1,1,1381.279802,32.889889,variant_dominates
l2-n4096-identical-w1,control,2,4096,identical,1,eas_k1_lazy,eas,1,lazy,47,2,eas_k1_graph,ok,0,-546.516922,-546.480122,1.6546972021563777,1.6565235656533182,1.654697202157797,1,1,1381.279802,834.76288,variant_dominates
l2-n4096-identical-w1,control,2,4096,identical,1,eas_k1_profile,eas,1,profile,47,3,eas_k1_graph,ok,0,-1372.0135970000001,-1371.972123,157.21015123656986,215.28667062969697,157.2101512360626,1,1,1380.796724,8.783127,variant_dominates
l2-n4096-identical-w1,control,2,4096,identical,1,eas_k1_lazy,eas,1,lazy,47,3,eas_k1_graph,ok,0,-544.753329,-544.693057,1.6515849921881147,1.6533586371431546,1.6515849921830321,1,1,1380.796724,836.043395,variant_dominates
l2-n4096-identical-w1,control,2,4096,identical,1,eas_k1_adaptive,eas,1,adaptive,47,3,eas_k1_graph,ok,0,-1347.833954,-1347.821886,41.889584036778466,45.11459219130719,41.88958403671877,1,1,1380.796724,32.96277,variant_dominates
l2-n4096-identical-w1,control,2,4096,identical,1,eas_k1_adaptive,eas,1,adaptive,71,1,eas_k1_graph,ok,0,-1349.011844,-1348.987318,41.74721717677365,44.94946285530127,41.747217176768956,1,1,1382.11869,33.106846,variant_dominates
l2-n4096-identical-w1,control,2,4096,identical,1,eas_k1_profile,eas,1,profile,71,1,eas_k1_graph,ok,0,-1373.405828,-1373.335081,158.62970055074902,217.3995366429604,158.6297005504984,1,1,1382.11869,8.712862,variant_dominates
l2-n4096-identical-w1,control,2,4096,identical,1,eas_k1_lazy,eas,1,lazy,71,1,eas_k1_graph,ok,0,-547.91233,-547.8871539999999,1.656806704278783,1.658681125893516,1.6568067042769083,1,1,1382.11869,834.20636,variant_dominates
l2-n4096-identical-w1,control,2,4096,identical,1,eas_k1_profile,eas,1,profile,71,2,eas_k1_graph,ok,0,-1372.3015970000001,-1372.351247,157.1381811624049,217.0576063354799,157.1381811620604,1,1,1381.090617,8.78902,variant_dominates
l2-n4096-identical-w1,control,2,4096,identical,1,eas_k1_lazy,eas,1,lazy,71,2,eas_k1_graph,ok,0,-547.407041,-547.380249,1.6566124807525295,1.6584449035344735,1.65661248074554,1,1,1381.090617,833.683576,variant_dominates
l2-n4096-identical-w1,control,2,4096,identical,1,eas_k1_adaptive,eas,1,adaptive,71,2,eas_k1_graph,ok,0,-1348.2860680000001,-1348.310461,42.10058236130605,45.363160502714976,42.10058236132329,1,1,1381.090617,32.804549,variant_dominates
l2-n4096-identical-w1,control,2,4096,identical,1,eas_k1_profile,eas,1,profile,71,3,eas_k1_graph,ok,0,-1374.779542,-1374.75641,158.32412513473398,217.67682890309632,158.32412513465727,1,1,1383.518059,8.738517,variant_dominates
l2-n4096-identical-w1,control,2,4096,identical,1,eas_k1_lazy,eas,1,lazy,71,3,eas_k1_graph,ok,0,-548.541146,-548.5223189999999,1.656953668370469,1.6588232895757906,1.6569536683681272,1,1,1383.518059,834.976913,variant_dominates
l2-n4096-identical-w1,control,2,4096,identical,1,eas_k1_adaptive,eas,1,adaptive,71,3,eas_k1_graph,ok,0,-1350.534093,-1350.554852,41.945169934992045,45.21338408035804,41.945169934949725,1,1,1383.518059,32.983966,variant_dominates
l2-n4096-identical-w1,control,2,4096,identical,1,eas_k1_profile,eas,1,profile,101,1,eas_k1_graph,ok,0,-1377.546167,-1377.512207,158.4140044974902,217.7289010581154,158.41400449770111,1,1,1386.29727,8.751103,variant_dominates
l2-n4096-identical-w1,control,2,4096,identical,1,eas_k1_adaptive,eas,1,adaptive,101,1,eas_k1_graph,ok,0,-1353.442965,-1353.417774,42.195300433230905,45.44669789739076,42.19530043326964,1,1,1386.29727,32.854305,variant_dominates
l2-n4096-identical-w1,control,2,4096,identical,1,eas_k1_lazy,eas,1,lazy,101,1,eas_k1_graph,ok,0,-550.5843970000001,-550.5823650000001,1.6588200502686288,1.660736554163985,1.658820050272163,1,1,1386.29727,835.712873,variant_dominates
l2-n4096-identical-w1,control,2,4096,identical,1,eas_k1_lazy,eas,1,lazy,101,2,eas_k1_graph,ok,0,-555.507299,-555.481587,1.6645800630287586,1.666434891204383,1.664580063034429,1,1,1391.384464,835.877165,variant_dominates
l2-n4096-identical-w1,control,2,4096,identical,1,eas_k1_adaptive,eas,1,adaptive,101,2,eas_k1_graph,ok,0,-1358.460087,-1358.4932059999999,42.26000886820121,45.5399678949978,42.26000886811524,1,1,1391.384464,32.924377,variant_dominates
l2-n4096-identical-w1,control,2,4096,identical,1,eas_k1_profile,eas,1,profile,101,2,eas_k1_graph,ok,0,-1382.646071,-1382.651541,159.22658365216577,219.00791475145564,159.22658365175508,1,1,1391.384464,8.738393,variant_dominates
l2-n4096-identical-w1,control,2,4096,identical,1,eas_k1_lazy,eas,1,lazy,101,3,eas_k1_graph,ok,0,-547.669215,-547.5368809999999,1.6550902883159155,1.6567791871624296,1.6550902883219811,1,1,1383.69018,836.020965,variant_dominates
l2-n4096-identical-w1,control,2,4096,identical,1,eas_k1_adaptive,eas,1,adaptive,101,3,eas_k1_graph,ok,0,-1350.741815,-1350.651026,41.99571602414869,45.20318460360379,41.99571602418344,1,1,1383.69018,32.948365,variant_dominates
l2-n4096-identical-w1,control,2,4096,identical,1,eas_k1_profile,eas,1,profile,101,3,eas_k1_graph,ok,0,-1374.911933,-1374.846086,157.6271640567872,217.15533828245592,157.6271640568522,1,1,1383.69018,8.778247,variant_dominates
