condition,suite,arity,n,distribution,workers,variant,policy,policy_k,implementation,seed,repetition,status,trace_sha256,id,commit_count,abort_count,batch_ms,selector_ms,effective_commits_per_second,ms_per_commit,peak_rss_kib,runner_peak_rss_kib,read_wall_ms,commit_wall_ms,extract_ms,read_worker_ms,commit_worker_ms,reservation_worker_ms,dependency_worker_ms,apply_worker_ms,sync_wait_ms,selector_initial_core_size,selector_subsets,selector_incidences,selector_profiles,selector_heavy_subsets,selector_profile_links,selector_B,selector_degree_queries,selector_light_scans,selector_heavy_updates,selector_tree_updates,selector_trim_key_visits,selector_switches,selector_switch_round,selector_switch_remaining,selector_switch_queries,selector_graph_bytes,selector_index_payload_bytes,selector_normalize_ms,selector_build_ms,selector_trim_ms,selector_select_ms,selector_switch_ms,selector_certificate_ms,selector_kernel_ms,selector_total_ms,selector_count_ms,selector_sort_ms,selector_initial_degree_evaluations,selector_acceptance_key_visits,selector_degree_requeries
l2-n128-uniform-w1,main,2,128,uniform,1,native,native,,native,11,1,ok,0b32ab31bed4d253a439e316f733fb32ee3f375b9a0d5e135f580fd12721edcc,l2-n128-uniform-w1-s11-r1-measure-native,126,2,0.162788,0,774012.826498,0.00129196825397,8116,8116,0.124844,0.037885,0,0.123261,0.036781,0.017282,0.007047,0.014922,0.002687,4,0,0,0,0,0,0,0,0,0,0,0,0,0,0,0,0,0,0,0,0,0,0,0,0,0,0,0,0,0,0
l2-n128-uniform-w1,main,2,128,uniform,1,eas_k1_adaptive,eas,1,adaptive,11,1,ok,0b32ab31bed4d253a439e316f733fb32ee3f375b9a0d5e135f580fd12721edcc,l2-n128-uniform-w1-s11-r1-measure-eas_k1_adaptive,126,2,0.308454,0.150634,408488.78601,0.00244804761905,8128,8128,0.129314,0.028342,0.098018,0.127545,0.027121,0.017771,0,0.017566,0.00299,4,10,12,0,0,0,0,5,0,0,0,768,0,0,0,0,0,4928,0.098018,0.008432,0.014745,0.001476,0,0.004038,0.04606,0.150634,0,0,0,0,1
l2-n128-uniform-w1,main,2,128,uniform,1,accept_id,accept_id,,greedy,11,1,ok,0b32ab31bed4d253a439e316f733fb32ee3f375b9a0d5e135f580fd12721edcc,l2-n128-uniform-w1-s11-r1-measure-accept_id,126,2,0.288193,0.133592,437207.01058,0.00228724603175,8324,8324,0.125758,0.028658,0.095854,0.123932,0.027547,0.017398,0,0.017905,0.002937,0,0,0,0,0,0,0,0,0,0,0,0,0,0,0,0,0,0,0.095854,0,0,0.003997,0,0.002795,0.031327,0.133592,0,0.0002,0,506,0
l2-n128-uniform-w1,main,2,128,uniform,1,eas_k2_adaptive,eas,2,adaptive,11,1,ok,0b32ab31bed4d253a439e316f733fb32ee3f375b9a0d5e135f580fd12721edcc,l2-n128-uniform-w1-s11-r1-measure-eas_k2_adaptive,124,4,0.307196,0.151933,403651.089207,0.00247738709677,8208,8208,0.12721,0.027946,0.099731,0.125562,0.026533,0.017387,0,0.017165,0.003061,4,10,12,0,0,0,0,6,0,0,0,768,0,0,0,0,0,4928,0.099731,0.008187,0.014754,0.001622,0,0.00402,0.045557,0.151933,0,0,0,0,2
l2-n128-uniform-w1,main,2,128,uniform,1,accept_static_degree,accept_static_degree,,greedy,11,1,ok,0b32ab31bed4d253a439e316f733fb32ee3f375b9a0d5e135f580fd12721edcc,l2-n128-uniform-w1-s11-r1-measure-accept_static_degree,126,2,0.318017,0.156349,396205.234311,0.00252394444444,8012,8012,0.133854,0.027728,0.095233,0.132278,0.026646,0.017886,0,0.016944,0.002658,0,382,384,0,0,0,0,0,0,0,0,0,0,0,0,0,0,4080,0.095233,0,0,0.006403,0,0.00254,0.054347,0.156349,0.01596,0.005439,128,506,0
l2-n128-uniform-w1,main,2,128,uniform,1,eas_k1_adaptive,eas,1,adaptive,11,2,ok,0b32ab31bed4d253a439e316f733fb32ee3f375b9a0d5e135f580fd12721edcc,l2-n128-uniform-w1-s11-r2-measure-eas_k1_adaptive,126,2,0.312345,0.152712,403400.086443,0.00247892857143,8192,8192,0.127566,0.03198,0.099441,0.12512,0.030781,0.01769,0,0.020773,0.003645,4,10,12,0,0,0,0,5,0,0,0,768,0,0,0,0,0,4928,0.099441,0.009028,0.01476,0.001306,0,0.004198,0.046531,0.152712,0,0,0,0,1
l2-n128-uniform-w1,main,2,128,uniform,1,accept_id,accept_id,,greedy,11,2,ok,0b32ab31bed4d253a439e316f733fb32ee3f375b9a0d5e135f580fd12721edcc,l2-n128-uniform-w1-s11-r2-measure-accept_id,126,2,0.290034,0.13312,434431.825234,0.00230185714286,8188,8188,0.127468,0.029364,0.095687,0.125574,0.028082,0.019101,0,0.017557,0.003176,0,0,0,0,0,0,0,0,0,0,0,0,0,0,0,0,0,0,0.095687,0,0,0.00389,0,0.002771,0.030172,0.13312,0,0.000184,0,506,0
l2-n128-uniform-w1,main,2,128,uniform,1,eas_k2_adaptive,eas,2,adaptive,11,2,ok,0b32ab31bed4d253a439e316f733fb32ee3f375b9a0d5e135f580fd12721edcc,l2-n128-uniform-w1-s11-r2-measure-eas_k2_adaptive,124,4,0.313226,0.149766,395880.290908,0.00252601612903,8180,8180,0.130515,0.03284,0.096108,0.128905,0.031762,0.018383,0,0.021463,0.002688,4,10,12,0,0,0,0,6,0,0,0,768,0,0,0,0,0,4928,0.096108,0.008489,0.014043,0.001808,0,0.00412,0.047211,0.149766,0,0,0,0,2
l2-n128-uniform-w1,main,2,128,uniform,1,accept_static_degree,accept_static_degree,,greedy,11,2,ok,0b32ab31bed4d253a439e316f733fb32ee3f375b9a0d5e135f580fd12721edcc,l2-n128-uniform-w1-s11-r2-measure-accept_static_degree,126,2,0.321016,0.164131,392503.800434,0.00254774603175,8124,8124,0.126064,0.030631,0.102202,0.124071,0.029387,0.01816,0,0.019597,0.003237,0,382,384,0,0,0,0,0,0,0,0,0,0,0,0,0,0,4080,0.102202,0,0,0.006324,0,0.002768,0.055315,0.164131,0.016461,0.005386,128,506,0
l2-n128-uniform-w1,main,2,128,uniform,1,native,native,,native,11,2,ok,0b32ab31bed4d253a439e316f733fb32ee3f375b9a0d5e135f580fd12721edcc,l2-n128-uniform-w1-s11-r2-measure-native,126,2,0.167945,0,750245.616124,0.0013328968254,8124,8124,0.129727,0.038168,0,0.127377,0.036934,0.017307,0.007185,0.01487,0.003584,4,0,0,0,0,0,0,0,0,0,0,0,0,0,0,0,0,0,0,0,0,0,0,0,0,0,0,0,0,0,0
l2-n128-uniform-w1,main,2,128,uniform,1,eas_k1_adaptive,eas,1,adaptive,11,3,ok,0b32ab31bed4d253a439e316f733fb32ee3f375b9a0d5e135f580fd12721edcc,l2-n128-uniform-w1-s11-r3-measure-eas_k1_adaptive,126,2,0.311428,0.155165,404587.898326,0.00247165079365,8128,8128,0.127485,0.028693,0.101478,0.12565,0.027459,0.017812,0,0.017608,0.003069,4,10,12,0,0,0,0,5,0,0,0,768,0,0,0,0,0,4928,0.101478,0.009141,0.014633,0.001623,0,0.004099,0.047121,0.155165,0,0,0,0,1
l2-n128-uniform-w1,main,2,128,uniform,1,native,native,,native,11,3,ok,0b32ab31bed4d253a439e316f733fb32ee3f375b9a0d5e135f580fd12721edcc,l2-n128-uniform-w1-s11-r3-measure-native,126,2,0.164044,0,768086.610909,0.00130193650794,8276,8276,0.125962,0.038014,0,0.124085,0.037057,0.017956,0.006988,0.015083,0.002834,4,0,0,0,0,0,0,0,0,0,0,0,0,0,0,0,0,0,0,0,0,0,0,0,0,0,0,0,0,0,0
l2-n128-uniform-w1,main,2,128,uniform,1,accept_id,accept_id,,greedy,11,3,ok,0b32ab31bed4d253a439e316f733fb32ee3f375b9a0d5e135f580fd12721edcc,l2-n128-uniform-w1-s11-r3-measure-accept_id,126,2,0.29574,0.139959,426049.908704,0.00234714285714,8204,8204,0.126014,0.029585,0.100533,0.123867,0.028544,0.017341,0,0.019077,0.003188,0,0,0,0,0,0,0,0,0,0,0,0,0,0,0,0,0,0,0.100533,0,0,0.00384,0,0.002972,0.032532,0.139959,0,0.00019,0,506,0
l2-n128-uniform-w1,main,2,128,uniform,1,accept_static_degree,accept_static_degree,,greedy,11,3,ok,0b32ab31bed4d253a439e316f733fb32ee3f375b9a0d5e135f580fd12721edcc,l2-n128-uniform-w1-s11-r3-measure-accept_static_degree,126,2,0.306756,0.155834,410749.911982,0.00243457142857,8124,8124,0.122912,0.027912,0.094627,0.121014,0.026523,0.018072,0,0.01689,0.003287,0,382,384,0,0,0,0,0,0,0,0,0,0,0,0,0,0,4080,0.094627,0,0,0.006236,0,0.002658,0.054671,0.155834,0.015828,0.005689,128,506,0
l2-n128-uniform-w1,main,2,128,uniform,1,eas_k2_adaptive,eas,2,adaptive,11,3,ok,0b32ab31bed4d253a439e316f733fb32ee3f375b9a0d5e135f580fd12721edcc,l2-n128-uniform-w1-s11-r3-measure-eas_k2_adaptive,124,4,0.307871,0.151586,402766.093591,0.00248283064516,8040,8040,0.124195,0.031994,0.097563,0.122049,0.030952,0.018592,0,0.020771,0.003188,4,10,12,0,0,0,0,6,0,0,0,768,0,0,0,0,0,4928,0.097563,0.009647,0.014415,0.001861,0,0.00433,0.04744,0.151586,0,0,0,0,2
l2-n128-uniform-w1,main,2,128,uniform,1,eas_k1_adaptive,eas,1,adaptive,29,1,ok,d7d71431e5310b3d17d5a88751db5b8273ad34c15239c18dc931ac790029759b,l2-n128-uniform-w1-s29-r1-measure-eas_k1_adaptive,126,2,0.306324,0.15015,411329.180867,0.00243114285714,8052,8052,0.127096,0.028994,0.097302,0.125359,0.027739,0.017613,0,0.018254,0.002992,4,10,12,0,0,0,0,5,0,0,0,768,0,0,0,0,0,4928,0.097302,0.008444,0.014933,0.001361,0,0.003984,0.046173,0.15015,0,0,0,0,1
l2-n128-uniform-w1,main,2,128,uniform,1,accept_id,accept_id,,greedy,29,1,ok,d7d71431e5310b3d17d5a88751db5b8273ad34c15239c18dc931ac790029759b,l2-n128-uniform-w1-s29-r1-measure-accept_id,126,2,0.292494,0.133665,430778.067242,0.00232138095238,8048,8048,0.12672,0.031939,0.095764,0.124799,0.030759,0.01806,0,0.020771,0.003101,0,0,0,0,0,0,0,0,0,0,0,0,0,0,0,0,0,0,0.095764,0,0,0.00392,0,0.00293,0.031379,0.133665,0,0.000193,0,506,0
l2-n128-uniform-w1,main,2,128,uniform,1,native,native,,native,29,1,ok,d7d71431e5310b3d17d5a88751db5b8273ad34c15239c18dc931ac790029759b,l2-n128-uniform-w1-s29-r1-measure-native,126,2,0.167709,0,751301.361287,0.00133102380952,8256,8256,0.129537,0.038099,0,0.127632,0.036924,0.017252,0.007082,0.014929,0.00308,4,0,0,0,0,0,0,0,0,0,0,0,0,0,0,0,0,0,0,0,0,0,0,0,0,0,0,0,0,0,0
l2-n128-uniform-w1,main,2,128,uniform,1,eas_k2_adaptive,eas,2,adaptive,29,1,ok,d7d71431e5310b3d17d5a88751db5b8273ad34c15239c18dc931ac790029759b,l2-n128-uniform-w1-s29-r1-measure-eas_k2_adaptive,126,2,0.298225,0.147202,422499.790427,0.00236686507937,8008,8008,0.121978,0.028952,0.094725,0.12026,0.027934,0.017184,0,0.018509,0.002736,4,10,12,0,0,0,0,4,0,0,0,768,0,0,0,0,0,4928,0.094725,0.008306,0.014577,0.001287,0,0.004218,0.045965,0.147202,0,0,0,0,0
l2-n128-uniform-w1,main,2,128,uniform,1,accept_static_degree,accept_static_degree,,greedy,29,1,ok,d7d71431e5310b3d17d5a88751db5b8273ad34c15239c18dc931ac790029759b,l2-n128-uniform-w1-s29-r1-measure-accept_static_degree,126,2,0.322906,0.169564,390206.437787,0.00256274603175,8016,8016,0.12473,0.028516,0.105412,0.123098,0.027514,0.017706,0,0.017729,0.002634,0,382,384,0,0,0,0,0,0,0,0,0,0,0,0,0,0,4080,0.105412,0,0,0.006334,0,0.002603,0.057501,0.169564,0.016053,0.005229,128,506,0
l2-n128-uniform-w1,main,2,128,uniform,1,accept_id,accept_id,,greedy,29,2,ok,d7d71431e5310b3d17d5a88751db5b8273ad34c15239c18dc931ac790029759b,l2-n128-uniform-w1-s29-r2-measure-accept_id,126,2,0.286997,0.135474,439028.979397,0.00227775396825,8204,8204,0.120834,0.030607,0.098548,0.118781,0.029384,0.017301,0,0.019888,0.003276,0,0,0,0,0,0,0,0,0,0,0,0,0,0,0,0,0,0,0.098548,0,0,0.003952,0,0.002623,0.030254,0.135474,0,0.000179,0,506,0
l2-n128-uniform-w1,main,2,128,uniform,1,eas_k1_adaptive,eas,1,adaptive,29,2,ok,d7d71431e5310b3d17d5a88751db5b8273ad34c15239c18dc931ac790029759b,l2-n128-uniform-w1-s29-r2-measure-eas_k1_adaptive,126,2,0.308046,0.15002,409029.820222,0.00244480952381,8064,8064,0.125019,0.032891,0.095474,0.123113,0.031748,0.018041,0,0.022212,0.003049,4,10,12,0,0,0,0,5,0,0,0,768,0,0,0,0,0,4928,0.095474,0.00893,0.014763,0.001423,0,0.004155,0.048049,0.15002,0,0,0,0,1
l2-n128-uniform-w1,main,2,128,uniform,1,native,native,,native,29,2,ok,d7d71431e5310b3d17d5a88751db5b8273ad34c15239c18dc931ac790029759b,l2-n128-uniform-w1-s29-r2-measure-native,126,2,0.167393,0,752719.647775,0.00132851587302,8100,8100,0.129534,0.037794,0,0.127781,0.036846,0.017326,0.007199,0.014826,0.002701,4,0,0,0,0,0,0,0,0,0,0,0,0,0,0,0,0,0,0,0,0,0,0,0,0,0,0,0,0,0,0
l2-n128-uniform-w1,main,2,128,uniform,1,accept_static_degree,accept_static_degree,,greedy,29,2,ok,d7d71431e5310b3d17d5a88751db5b8273ad34c15239c18dc931ac790029759b,l2-n128-uniform-w1-s29-r2-measure-accept_static_degree,126,2,0.309979,0.155915,406479.148587,0.00246015079365,8044,8044,0.121943,0.032037,0.09469,0.120048,0.031193,0.017448,0,0.021478,0.002739,0,382,384,0,0,0,0,0,0,0,0,0,0,0,0,0,0,4080,0.09469,0,0,0.006297,0,0.002626,0.054689,0.155915,0.016213,0.00526,128,506,0
l2-n128-uniform-w1,main,2,128,uniform,1,eas_k2_adaptive,eas,2,adaptive,29,2,ok,d7d71431e5310b3d17d5a88751db5b8273ad34c15239c18dc931ac790029759b,l2-n128-uniform-w1-s29-r2-measure-eas_k2_adaptive,126,2,0.305066,0.149782,413025.378115,0.00242115873016,8048,8048,0.126945,0.028172,0.096378,0.12514,0.026826,0.018343,0,0.017428,0.003151,4,10,12,0,0,0,0,4,0,0,0,768,0,0,0,0,0,4928,0.096378,0.008939,0.014637,0.001439,0,0.00424,0.046851,0.149782,0,0,0,0,0
l2-n128-uniform-w1,main,2,128,uniform,1,accept_id,accept_id,,greedy,29,3,ok,d7d71431e5310b3d17d5a88751db5b8273ad34c15239c18dc931ac790029759b,l2-n128-uniform-w1-s29-r3-measure-accept_id,126,2,0.291866,0.133966,431704.960496,0.0023163968254,8320,8320,0.126032,0.031735,0.097356,0.123773,0.03039,0.017925,0,0.020577,0.003604,0,0,0,0,0,0,0,0,0,0,0,0,0,0,0,0,0,0,0.097356,0,0,0.003888,0,0.002542,0.030026,0.133966,0,0.000185,0,506,0
l2-n128-uniform-w1,main,2,128,uniform,1,eas_k1_adaptive,eas,1,adaptive,29,3,ok,d7d71431e5310b3d17d5a88751db5b8273ad34c15239c18dc931ac790029759b,l2-n128-uniform-w1-s29-r3-measure-eas_k1_adaptive,126,2,0.307885,0.152136,409243.711126,0.00244353174603,8088,8088,0.12735,0.028301,0.096969,0.125274,0.027304,0.017718,0,0.017525,0.003073,4,10,12,0,0,0,0,5,0,0,0,768,0,0,0,0,0,4928,0.096969,0.008493,0.014852,0.001288,0,0.004041,0.048523,0.152136,0,0,0,0,1
l2-n128-uniform-w1,main,2,128,uniform,1,native,native,,native,29,3,ok,d7d71431e5310b3d17d5a88751db5b8273ad34c15239c18dc931ac790029759b,l2-n128-uniform-w1-s29-r3-measure-native,126,2,0.163049,0,772773.828726,0.00129403968254,8188,8188,0.124727,0.038257,0,0.123136,0.037019,0.017281,0.007239,0.014862,0.002829,4,0,0,0,0,0,0,0,0,0,0,0,0,0,0,0,0,0,0,0,0,0,0,0,0,0,0,0,0,0,0
l2-n128-uniform-w1,main,2,128,uniform,1,eas_k2_adaptive,eas,2,adaptive,29,3,ok,d7d71431e5310b3d17d5a88751db5b8273ad34c15239c18dc931ac790029759b,l2-n128-uniform-w1-s29-r3-measure-eas_k2_adaptive,126,2,0.303814,0.149314,414727.431916,0.00241122222222,8028,8028,0.121903,0.032492,0.095475,0.119992,0.031287,0.017295,0,0.021625,0.003116,4,10,12,0,0,0,0,4,0,0,0,768,0,0,0,0,0,4928,0.095475,0.008489,0.014715,0.00109,0,0.004092,0.047177,0.149314,0,0,0,0,0
l2-n128-uniform-w1,main,2,128,uniform,1,accept_static_degree,accept_static_degree,,greedy,29,3,ok,d7d71431e5310b3d17d5a88751db5b8273ad34c15239c18dc931ac790029759b,l2-n128-uniform-w1-s29-r3-measure-accept_static_degree,126,2,0.309844,0.15394,406656.252824,0.00245907936508,8328,8328,0.123637,0.032181,0.09292,0.121865,0.030873,0.017416,0,0.021461,0.00308,0,382,384,0,0,0,0,0,0,0,0,0,0,0,0,0,0,4080,0.09292,0,0,0.006366,0,0.002824,0.054418,0.15394,0.01595,0.005214,128,506,0
l2-n128-uniform-w1,main,2,128,uniform,1,eas_k1_adaptive,eas,1,adaptive,47,1,ok,39076b57dbb878002df0ed7b8104acbb9a71cf096e0939e6c8b9347a3ff09945,l2-n128-uniform-w1-s47-r1-measure-eas_k1_adaptive,122,6,0.31973,0.163996,381571.951334,0.00262073770492,8044,8044,0.124288,0.031332,0.098925,0.122189,0.030176,0.017829,0,0.020787,0.003255,12,30,36,0,0,0,0,17,0,0,0,768,0,0,0,0,0,6976,0.098925,0.016282,0.014817,0.00266,0,0.005844,0.058406,0.163996,0,0,0,0,5
l2-n128-uniform-w1,main,2,128,uniform,1,native,native,,native,47,1,ok,39076b57dbb878002df0ed7b8104acbb9a71cf096e0939e6c8b9347a3ff09945,l2-n128-uniform-w1-s47-r1-measure-native,122,6,0.162514,0,750704.554685,0.00133208196721,8272,8272,0.125053,0.037408,0,0.123098,0.036529,0.017463,0.00742,0.014385,0.002834,12,0,0,0,0,0,0,0,0,0,0,0,0,0,0,0,0,0,0,0,0,0,0,0,0,0,0,0,0,0,0
l2-n128-uniform-w1,main,2,128,uniform,1,accept_static_degree,accept_static_degree,,greedy,47,1,ok,39076b57dbb878002df0ed7b8104acbb9a71cf096e0939e6c8b9347a3ff09945,l2-n128-uniform-w1-s47-r1-measure-accept_static_degree,122,6,0.320949,0.165676,380122.698622,0.0026307295082,8172,8172,0.126402,0.028692,0.097892,0.124399,0.02741,0.018454,0,0.017513,0.003285,0,378,384,0,0,0,0,0,0,0,0,0,0,0,0,0,0,4048,0.097892,0,0,0.006425,0,0.002835,0.061089,0.165676,0.017679,0.005024,128,494,0
l2-n128-uniform-w1,main,2,128,uniform,1,eas_k2_adaptive,eas,2,adaptive,47,1,ok,39076b57dbb878002df0ed7b8104acbb9a71cf096e0939e6c8b9347a3ff09945,l2-n128-uniform-w1-s47-r1-measure-eas_k2_adaptive,122,6,0.326789,0.1665,373329.579637,0.00267859836066,8328,8328,0.129257,0.030945,0.101132,0.1272,0.029817,0.017638,0,0.020185,0.003185,12,30,36,0,0,0,0,16,0,0,0,768,0,0,0,0,0,6976,0.101132,0.017026,0.014804,0.002741,0,0.006129,0.058675,0.1665,0,0,0,0,4
l2-n128-uniform-w1,main,2,128,uniform,1,accept_id,accept_id,,greedy,47,1,ok,39076b57dbb878002df0ed7b8104acbb9a71cf096e0939e6c8b9347a3ff09945,l2-n128-uniform-w1-s47-r1-measure-accept_id,122,6,0.28462,0.133842,428641.697702,0.00233295081967,8184,8184,0.121344,0.02932,0.096376,0.119612,0.028246,0.017264,0,0.018765,0.002806,0,0,0,0,0,0,0,0,0,0,0,0,0,0,0,0,0,0,0.096376,0,0,0.00413,0,0.002869,0.0311,0.133842,0,0.000201,0,494,0
l2-n128-uniform-w1,main,2,128,uniform,1,eas_k1_adaptive,eas,1,adaptive,47,2,ok,39076b57dbb878002df0ed7b8104acbb9a71cf096e0939e6c8b9347a3ff09945,l2-n128-uniform-w1-s47-r2-measure-eas_k1_adaptive,122,6,0.316676,0.164357,385251.803105,0.00259570491803,8148,8148,0.124072,0.028149,0.100311,0.122517,0.026962,0.017824,0,0.017297,0.002742,12,30,36,0,0,0,0,17,0,0,0,768,0,0,0,0,0,6976,0.100311,0.016692,0.015001,0.00252,0,0.005621,0.057413,0.164357,0,0,0,0,5
l2-n128-uniform-w1,main,2,128,uniform,1,native,native,,native,47,2,ok,39076b57dbb878002df0ed7b8104acbb9a71cf096e0939e6c8b9347a3ff09945,l2-n128-uniform-w1-s47-r2-measure-native,122,6,0.160473,0,760252.503536,0.00131535245902,8268,8268,0.122648,0.037748,0,0.120865,0.036414,0.017463,0.007233,0.014411,0.003117,12,0,0,0,0,0,0,0,0,0,0,0,0,0,0,0,0,0,0,0,0,0,0,0,0,0,0,0,0,0,0
l2-n128-uniform-w1,main,2,128,uniform,1,eas_k2_adaptive,eas,2,adaptive,47,2,ok,39076b57dbb878002df0ed7b8104acbb9a71cf096e0939e6c8b9347a3ff09945,l2-n128-uniform-w1-s47-r2-measure-eas_k2_adaptive,122,6,0.31771,0.163297,383997.985584,0.00260418032787,8016,8016,0.123568,0.030668,0.098209,0.121924,0.029557,0.017691,0,0.020241,0.002755,12,30,36,0,0,0,0,16,0,0,0,768,0,0,0,0,0,6976,0.098209,0.016759,0.015195,0.002792,0,0.005768,0.058622,0.163297,0,0,0,0,4
l2-n128-uniform-w1,main,2,128,uniform,1,accept_id,accept_id,,greedy,47,2,ok,39076b57dbb878002df0ed7b8104acbb9a71cf096e0939e6c8b9347a3ff09945,l2-n128-uniform-w1-s47-r2-measure-accept_id,122,6,0.292003,0.136189,417803.926672,0.00239346721311,8120,8120,0.125374,0.030322,0.096341,0.123555,0.029202,0.017551,0,0.019504,0.002939,0,0,0,0,0,0,0,0,0,0,0,0,0,0,0,0,0,0,0.096341,0,0,0.004178,0,0.00272,0.033362,0.136189,0,0.000204,0,494,0
l2-n128-uniform-w1,main,2,128,uniform,1,accept_static_degree,accept_static_degree,,greedy,47,2,ok,39076b57dbb878002df0ed7b8104acbb9a71cf096e0939e6c8b9347a3ff09945,l2-n128-uniform-w1-s47-r2-measure-accept_static_degree,122,6,0.327614,0.169978,372389.458326,0.00268536065574,8136,8136,0.127561,0.029888,0.10762,0.125682,0.028581,0.018182,0,0.018795,0.003186,0,378,384,0,0,0,0,0,0,0,0,0,0,0,0,0,0,4048,0.10762,0,0,0.006366,0,0.002761,0.055732,0.169978,0.017204,0.0048,128,494,0
l2-n128-uniform-w1,main,2,128,uniform,1,eas_k1_adaptive,eas,1,adaptive,47,3,ok,39076b57dbb878002df0ed7b8104acbb9a71cf096e0939e6c8b9347a3ff09945,l2-n128-uniform-w1-s47-r3-measure-eas_k1_adaptive,122,6,0.319216,0.16151,382186.356574,0.00261652459016,8048,8048,0.127008,0.030592,0.097378,0.124962,0.029372,0.017616,0,0.019683,0.003266,12,30,36,0,0,0,0,17,0,0,0,768,0,0,0,0,0,6976,0.097378,0.01607,0.014886,0.002563,0,0.005593,0.057704,0.16151,0,0,0,0,5
l2-n128-uniform-w1,main,2,128,uniform,1,accept_static_degree,accept_static_degree,,greedy,47,3,ok,39076b57dbb878002df0ed7b8104acbb9a71cf096e0939e6c8b9347a3ff09945,l2-n128-uniform-w1-s47-r3-measure-accept_static_degree,122,6,0.315424,0.155799,386780.96784,0.00258544262295,8016,8016,0.127392,0.03213,0.095076,0.125646,0.031116,0.017474,0,0.021417,0.00276,0,378,384,0,0,0,0,0,0,0,0,0,0,0,0,0,0,4048,0.095076,0,0,0.006389,0,0.002731,0.054255,0.155799,0.016891,0.004449,128,494,0
l2-n128-uniform-w1,main,2,128,uniform,1,eas_k2_adaptive,eas,2,adaptive,47,3,ok,39076b57dbb878002df0ed7b8104acbb9a71cf096e0939e6c8b9347a3ff09945,l2-n128-uniform-w1-s47-r3-measure-eas_k2_adaptive,122,6,0.317105,0.161213,384730.609735,0.00259922131148,7952,7952,0.125143,0.03062,0.09707,0.123638,0.029593,0.01719,0,0.02018,0.002532,12,30,36,0,0,0,0,16,0,0,0,768,0,0,0,0,0,6976,0.09707,0.016202,0.014868,0.002565,0,0.005806,0.05768,0.161213,0,0,0,0,4
l2-n128-uniform-w1,main,2,128,uniform,1,accept_id,accept_id,,greedy,47,3,ok,39076b57dbb878002df0ed7b8104acbb9a71cf096e0939e6c8b9347a3ff09945,l2-n128-uniform-w1-s47-r3-measure-accept_id,122,6,0.291676,0.133842,418272.329571,0.00239078688525,8184,8184,0.126669,0.031069,0.096234,0.124692,0.030083,0.018566,0,0.020454,0.002963,0,0,0,0,0,0,0,0,0,0,0,0,0,0,0,0,0,0,0.096234,0,0,0.004124,0,0.003091,0.031075,0.133842,0,0.000177,0,494,0
l2-n128-uniform-w1,main,2,128,uniform,1,native,native,,native,47,3,ok,39076b57dbb878002df0ed7b8104acbb9a71cf096e0939e6c8b9347a3ff09945,l2-n128-uniform-w1-s47-r3-measure-native,122,6,0.163316,0,747018.050895,0.0013386557377,8236,8236,0.125033,0.038229,0,0.123228,0.037115,0.01811,0.007502,0.014543,0.002919,12,0,0,0,0,0,0,0,0,0,0,0,0,0,0,0,0,0,0,0,0,0,0,0,0,0,0,0,0,0,0
l2-n128-uniform-w1,main,2,128,uniform,1,eas_k2_adaptive,eas,2,adaptive,71,1,ok,f648a3839bdc3e146d566b5697598236c46f064ebcad36ea9c54761b7993f704,l2-n128-uniform-w1-s71-r1-measure-eas_k2_adaptive,124,4,0.306839,0.148884,404120.727808,0.00247450806452,8192,8192,0.125315,0.032474,0.096287,0.1233,0.031182,0.017486,0,0.021473,0.003307,4,10,12,0,0,0,0,6,0,0,0,768,0,0,0,0,0,4928,0.096287,0.008546,0.014743,0.001904,0,0.004293,0.046169,0.148884,0,0,0,0,2
l2-n128-uniform-w1,main,2,128,uniform,1,native,native,,native,71,1,ok,f648a3839bdc3e146d566b5697598236c46f064ebcad36ea9c54761b7993f704,l2-n128-uniform-w1-s71-r1-measure-native,126,2,0.165835,0,759791.358881,0.00131615079365,8060,8060,0.127354,0.038333,0,0.125297,0.037008,0.017249,0.006844,0.015026,0.003382,4,0,0,0,0,0,0,0,0,0,0,0,0,0,0,0,0,0,0,0,0,0,0,0,0,0,0,0,0,0,0
l2-n128-uniform-w1,main,2,128,uniform,1,accept_id,accept_id,,greedy,71,1,ok,f648a3839bdc3e146d566b5697598236c46f064ebcad36ea9c54761b7993f704,l2-n128-uniform-w1-s71-r1-measure-accept_id,126,2,0.289551,0.134269,435156.500927,0.00229802380952,8180,8180,0.125881,0.029313,0.096671,0.123878,0.028271,0.01726,0,0.018578,0.003045,0,0,0,0,0,0,0,0,0,0,0,0,0,0,0,0,0,0,0.096671,0,0,0.003985,0,0.002764,0.030932,0.134269,0,0.000195,0,506,0
l2-n128-uniform-w1,main,2,128,uniform,1,eas_k1_adaptive,eas,1,adaptive,71,1,ok,f648a3839bdc3e146d566b5697598236c46f064ebcad36ea9c54761b7993f704,l2-n128-uniform-w1-s71-r1-measure-eas_k1_adaptive,126,2,0.306664,0.150977,410873.138027,0.00243384126984,8288,8288,0.124667,0.030914,0.098528,0.122852,0.029833,0.017226,0,0.02026,0.002896,4,10,12,0,0,0,0,5,0,0,0,768,0,0,0,0,0,4928,0.098528,0.008743,0.01475,0.001207,0,0.004425,0.046026,0.150977,0,0,0,0,1
l2-n128-uniform-w1,main,2,128,uniform,1,accept_static_degree,accept_static_degree,,greedy,71,1,ok,f648a3839bdc3e146d566b5697598236c46f064ebcad36ea9c54761b7993f704,l2-n128-uniform-w1-s71-r1-measure-accept_static_degree,126,2,0.314748,0.155849,400320.256205,0.002498,8316,8316,0.125975,0.032839,0.096721,0.124115,0.031855,0.017327,0,0.021943,0.002844,0,382,384,0,0,0,0,0,0,0,0,0,0,0,0,0,0,4080,0.096721,0,0,0.006203,0,0.00259,0.052557,0.155849,0.015914,0.00422,128,506,0
l2-n128-uniform-w1,main,2,128,uniform,1,native,native,,native,71,2,ok,f648a3839bdc3e146d566b5697598236c46f064ebcad36ea9c54761b7993f704,l2-n128-uniform-w1-s71-r2-measure-native,126,2,0.16556,0,761053.39454,0.00131396825397,8184,8184,0.12751,0.037978,0,0.125919,0.036965,0.017953,0.006931,0.014892,0.002604,4,0,0,0,0,0,0,0,0,0,0,0,0,0,0,0,0,0,0,0,0,0,0,0,0,0,0,0,0,0,0
l2-n128-uniform-w1,main,2,128,uniform,1,eas_k1_adaptive,eas,1,adaptive,71,2,ok,f648a3839bdc3e146d566b5697598236c46f064ebcad36ea9c54761b7993f704,l2-n128-uniform-w1-s71-r2-measure-eas_k1_adaptive,126,2,0.304087,0.149889,414355.102323,0.00241338888889,8136,8136,0.121173,0.032933,0.096711,0.119293,0.031527,0.017278,0,0.021707,0.003286,4,10,12,0,0,0,0,5,0,0,0,768,0,0,0,0,0,4928,0.096711,0.008816,0.015224,0.001196,0,0.004006,0.046719,0.149889,0,0,0,0,1
l2-n128-uniform-w1,main,2,128,uniform,1,eas_k2_adaptive,eas,2,adaptive,71,2,ok,f648a3839bdc3e146d566b5697598236c46f064ebcad36ea9c54761b7993f704,l2-n128-uniform-w1-s71-r2-measure-eas_k2_adaptive,124,4,0.309226,0.148686,401001.209471,0.00249375806452,8064,8064,0.127895,0.032556,0.096202,0.125873,0.031501,0.017416,0,0.021851,0.003077,4,10,12,0,0,0,0,6,0,0,0,768,0,0,0,0,0,4928,0.096202,0.008301,0.014878,0.001576,0,0.004113,0.04593,0.148686,0,0,0,0,2
l2-n128-uniform-w1,main,2,128,uniform,1,accept_id,accept_id,,greedy,71,2,ok,f648a3839bdc3e146d566b5697598236c46f064ebcad36ea9c54761b7993f704,l2-n128-uniform-w1-s71-r2-measure-accept_id,126,2,0.305371,0.147292,412612.854528,0.00242357936508,8248,8248,0.129496,0.028324,0.109941,0.127326,0.026913,0.019231,0,0.017535,0.003581,0,0,0,0,0,0,0,0,0,0,0,0,0,0,0,0,0,0,0.109941,0,0,0.003912,0,0.002995,0.030775,0.147292,0,0.000186,0,506,0
l2-n128-uniform-w1,main,2,128,uniform,1,accept_static_degree,accept_static_degree,,greedy,71,2,ok,f648a3839bdc3e146d566b5697598236c46f064ebcad36ea9c54761b7993f704,l2-n128-uniform-w1-s71-r2-measure-accept_static_degree,126,2,0.314481,0.153493,400660.13527,0.00249588095238,8056,8056,0.128454,0.032442,0.093549,0.126535,0.031506,0.017288,0,0.022056,0.002855,0,382,384,0,0,0,0,0,0,0,0,0,0,0,0,0,0,4080,0.093549,0,0,0.006266,0,0.002757,0.053434,0.153493,0.016108,0.00405,128,506,0
l2-n128-uniform-w1,main,2,128,uniform,1,eas_k1_adaptive,eas,1,adaptive,71,3,ok,f648a3839bdc3e146d566b5697598236c46f064ebcad36ea9c54761b7993f704,l2-n128-uniform-w1-s71-r3-measure-eas_k1_adaptive,126,2,0.310599,0.149472,405667.758106,0.00246507142857,8252,8252,0.128591,0.032451,0.096681,0.126656,0.031269,0.017702,0,0.021598,0.003117,4,10,12,0,0,0,0,5,0,0,0,768,0,0,0,0,0,4928,0.096681,0.008882,0.014776,0.001625,0,0.004246,0.046263,0.149472,0,0,0,0,1
l2-n128-uniform-w1,main,2,128,uniform,1,accept_static_degree,accept_static_degree,,greedy,71,3,ok,f648a3839bdc3e146d566b5697598236c46f064ebcad36ea9c54761b7993f704,l2-n128-uniform-w1-s71-r3-measure-accept_static_degree,126,2,0.322769,0.16855,390372.061753,0.00256165873016,8012,8012,0.125264,0.028855,0.10665,0.123169,0.02756,0.018642,0,0.017695,0.00339,0,382,384,0,0,0,0,0,0,0,0,0,0,0,0,0,0,4080,0.10665,0,0,0.006527,0,0.002753,0.055335,0.16855,0.016853,0.004152,128,506,0
l2-n128-uniform-w1,main,2,128,uniform,1,native,native,,native,71,3,ok,f648a3839bdc3e146d566b5697598236c46f064ebcad36ea9c54761b7993f704,l2-n128-uniform-w1-s71-r3-measure-native,126,2,0.163088,0,772589.031688,0.00129434920635,8252,8252,0.124617,0.038313,0,0.122706,0.037113,0.017348,0.007278,0.014866,0.003111,4,0,0,0,0,0,0,0,0,0,0,0,0,0,0,0,0,0,0,0,0,0,0,0,0,0,0,0,0,0,0
l2-n128-uniform-w1,main,2,128,uniform,1,accept_id,accept_id,,greedy,71,3,ok,f648a3839bdc3e146d566b5697598236c46f064ebcad36ea9c54761b7993f704,l2-n128-uniform-w1-s71-r3-measure-accept_id,126,2,0.291988,0.136254,431524.583202,0.00231736507937,8000,8000,0.126598,0.029034,0.098068,0.124708,0.027882,0.017212,0,0.018315,0.003042,0,0,0,0,0,0,0,0,0,0,0,0,0,0,0,0,0,0,0.098068,0,0,0.003937,0,0.002683,0.031629,0.136254,0,0.000188,0,506,0
l2-n128-uniform-w1,main,2,128,uniform,1,eas_k2_adaptive,eas,2,adaptive,71,3,ok,f648a3839bdc3e146d566b5697598236c46f064ebcad36ea9c54761b7993f704,l2-n128-uniform-w1-s71-r3-measure-eas_k2_adaptive,124,4,0.313365,0.155625,395704.68942,0.00252713709677,8212,8212,0.124177,0.033448,0.097594,0.122417,0.032187,0.018112,0,0.02238,0.003021,4,10,12,0,0,0,0,6,0,0,0,768,0,0,0,0,0,4928,0.097594,0.008702,0.01511,0.002152,0,0.004129,0.051401,0.155625,0,0,0,0,2
l2-n128-uniform-w1,main,2,128,uniform,1,native,native,,native,101,1,ok,cfa80a0115e1fb62f941619d2f5b592a516fe9e6eb9eb5c0489352686d69d2a1,l2-n128-uniform-w1-s101-r1-measure-native,126,2,0.163705,0,769677.16319,0.00129924603175,8204,8204,0.124788,0.038867,0,0.12285,0.037466,0.018117,0.007011,0.015243,0.003339,4,0,0,0,0,0,0,0,0,0,0,0,0,0,0,0,0,0,0,0,0,0,0,0,0,0,0,0,0,0,0
l2-n128-uniform-w1,main,2,128,uniform,1,eas_k2_adaptive,eas,2,adaptive,101,1,ok,cfa80a0115e1fb62f941619d2f5b592a516fe9e6eb9eb5c0489352686d69d2a1,l2-n128-uniform-w1-s101-r1-measure-eas_k2_adaptive,126,2,0.307772,0.152,409393.966963,0.00244263492063,8192,8192,0.123609,0.031969,0.095813,0.121604,0.030927,0.017398,0,0.021115,0.003047,4,10,12,0,0,0,0,4,0,0,0,768,0,0,0,0,0,4928,0.095813,0.009563,0.015289,0.001538,0,0.004073,0.049631,0.152,0,0,0,0,0
l2-n128-uniform-w1,main,2,128,uniform,1,accept_static_degree,accept_static_degree,,greedy,101,1,ok,cfa80a0115e1fb62f941619d2f5b592a516fe9e6eb9eb5c0489352686d69d2a1,l2-n128-uniform-w1-s101-r1-measure-accept_static_degree,126,2,0.310052,0.15513,406383.445358,0.00246073015873,8252,8252,0.125472,0.029365,0.094317,0.123458,0.028087,0.017608,0,0.018547,0.003292,0,382,384,0,0,0,0,0,0,0,0,0,0,0,0,0,0,4080,0.094317,0,0,0.005957,0,0.002501,0.054325,0.15513,0.016143,0.005495,128,506,0
l2-n128-uniform-w1,main,2,128,uniform,1,accept_id,accept_id,,greedy,101,1,ok,cfa80a0115e1fb62f941619d2f5b592a516fe9e6eb9eb5c0489352686d69d2a1,l2-n128-uniform-w1-s101-r1-measure-accept_id,126,2,0.289765,0.135502,434835.125015,0.00229972222222,8000,8000,0.126488,0.027576,0.098453,0.124423,0.02665,0.017788,0,0.017188,0.002991,0,0,0,0,0,0,0,0,0,0,0,0,0,0,0,0,0,0,0.098453,0,0,0.003819,0,0.002558,0.030317,0.135502,0,0.000192,0,506,0
l2-n128-uniform-w1,main,2,128,uniform,1,eas_k1_adaptive,eas,1,adaptive,101,1,ok,cfa80a0115e1fb62f941619d2f5b592a516fe9e6eb9eb5c0489352686d69d2a1,l2-n128-uniform-w1-s101-r1-measure-eas_k1_adaptive,126,2,0.29729,0.147933,423828.584883,0.00235944444444,8052,8052,0.121465,0.027749,0.093092,0.119443,0.026449,0.017374,0,0.016946,0.003322,4,10,12,0,0,0,0,5,0,0,0,768,0,0,0,0,0,4928,0.093092,0.009152,0.015427,0.001331,0,0.003968,0.048189,0.147933,0,0,0,0,1
l2-n128-uniform-w1,main,2,128,uniform,1,accept_static_degree,accept_static_degree,,greedy,101,2,ok,cfa80a0115e1fb62f941619d2f5b592a516fe9e6eb9eb5c0489352686d69d2a1,l2-n128-uniform-w1-s101-r2-measure-accept_static_degree,126,2,0.305895,0.151482,411906.046192,0.00242773809524,8044,8044,0.1249,0.029412,0.090559,0.123047,0.028049,0.017826,0,0.018567,0.003216,0,382,384,0,0,0,0,0,0,0,0,0,0,0,0,0,0,4080,0.090559,0,0,0.005995,0,0.002603,0.05447,0.151482,0.015852,0.005486,128,506,0
l2-n128-uniform-w1,main,2,128,uniform,1,accept_id,accept_id,,greedy,101,2,ok,cfa80a0115e1fb62f941619d2f5b592a516fe9e6eb9eb5c0489352686d69d2a1,l2-n128-uniform-w1-s101-r2-measure-accept_id,126,2,0.284707,0.133298,442560.246148,0.00225957936508,7948,7948,0.121273,0.03005,0.095824,0.119458,0.028831,0.017182,0,0.019321,0.003034,0,0,0,0,0,0,0,0,0,0,0,0,0,0,0,0,0,0,0.095824,0,0,0.00385,0,0.002585,0.030804,0.133298,0,0.000181,0,506,0
l2-n128-uniform-w1,main,2,128,uniform,1,eas_k1_adaptive,eas,1,adaptive,101,2,ok,cfa80a0115e1fb62f941619d2f5b592a516fe9e6eb9eb5c0489352686d69d2a1,l2-n128-uniform-w1-s101-r2-measure-eas_k1_adaptive,126,2,0.310324,0.15115,406027.24894,0.00246288888889,8252,8252,0.126494,0.032596,0.098967,0.12452,0.031528,0.017465,0,0.021552,0.003042,4,10,12,0,0,0,0,5,0,0,0,768,0,0,0,0,0,4928,0.098967,0.008542,0.01487,0.001288,0,0.004029,0.045607,0.15115,0,0,0,0,1
l2-n128-uniform-w1,main,2,128,uniform,1,native,native,,native,101,2,ok,cfa80a0115e1fb62f941619d2f5b592a516fe9e6eb9eb5c0489352686d69d2a1,l2-n128-uniform-w1-s101-r2-measure-native,126,2,0.16959,0,742968.335397,0.00134595238095,8188,8188,0.1315,0.037947,0,0.129523,0.037072,0.018329,0.007211,0.014955,0.002852,4,0,0,0,0,0,0,0,0,0,0,0,0,0,0,0,0,0,0,0,0,0,0,0,0,0,0,0,0,0,0
l2-n128-uniform-w1,main,2,128,uniform,1,eas_k2_adaptive,eas,2,adaptive,101,2,ok,cfa80a0115e1fb62f941619d2f5b592a516fe9e6eb9eb5c0489352686d69d2a1,l2-n128-uniform-w1-s101-r2-measure-eas_k2_adaptive,126,2,0.29411,0.144913,428411.13869,0.00233420634921,8048,8048,0.121708,0.027393,0.092165,0.119979,0.026448,0.017315,0,0.016859,0.002674,4,10,12,0,0,0,0,4,0,0,0,768,0,0,0,0,0,4928,0.092165,0.008995,0.014833,0.001183,0,0.004049,0.046159,0.144913,0,0,0,0,0
l2-n128-uniform-w1,main,2,128,uniform,1,eas_k2_adaptive,eas,2,adaptive,101,3,ok,cfa80a0115e1fb62f941619d2f5b592a516fe9e6eb9eb5c0489352686d69d2a1,l2-n128-uniform-w1-s101-r3-measure-eas_k2_adaptive,126,2,0.302719,0.147335,416227.590604,0.00240253174603,8096,8096,0.122348,0.032937,0.09656,0.120431,0.031809,0.017313,0,0.022164,0.003045,4,10,12,0,0,0,0,4,0,0,0,768,0,0,0,0,0,4928,0.09656,0.00806,0.014585,0.001025,0,0.00399,0.044192,0.147335,0,0,0,0,0
l2-n128-uniform-w1,main,2,128,uniform,1,accept_static_degree,accept_static_degree,,greedy,101,3,ok,cfa80a0115e1fb62f941619d2f5b592a516fe9e6eb9eb5c0489352686d69d2a1,l2-n128-uniform-w1-s101-r3-measure-accept_static_degree,126,2,0.311712,0.155639,404219.279335,0.0024739047619,8080,8080,0.124005,0.031966,0.093545,0.122392,0.030807,0.017228,0,0.021344,0.002772,0,382,384,0,0,0,0,0,0,0,0,0,0,0,0,0,0,4080,0.093545,0,0,0.006201,0,0.002781,0.055648,0.155639,0.016179,0.005412,128,506,0
l2-n128-uniform-w1,main,2,128,uniform,1,eas_k1_adaptive,eas,1,adaptive,101,3,ok,cfa80a0115e1fb62f941619d2f5b592a516fe9e6eb9eb5c0489352686d69d2a1,l2-n128-uniform-w1-s101-r3-measure-eas_k1_adaptive,126,2,0.304981,0.14704,413140.490719,0.00242048412698,8332,8332,0.126153,0.031687,0.09441,0.124219,0.030366,0.017165,0,0.020717,0.003255,4,10,12,0,0,0,0,5,0,0,0,768,0,0,0,0,0,4928,0.09441,0.008288,0.014397,0.00117,0,0.003985,0.046092,0.14704,0,0,0,0,1
l2-n128-uniform-w1,main,2,128,uniform,1,native,native,,native,101,3,ok,cfa80a0115e1fb62f941619d2f5b592a516fe9e6eb9eb5c0489352686d69d2a1,l2-n128-uniform-w1-s101-r3-measure-native,126,2,0.15819,0,796510.525318,0.00125547619048,8012,8012,0.119741,0.038384,0,0.117937,0.03726,0.017514,0.00726,0.014902,0.002928,4,0,0,0,0,0,0,0,0,0,0,0,0,0,0,0,0,0,0,0,0,0,0,0,0,0,0,0,0,0,0
l2-n128-uniform-w1,main,2,128,uniform,1,accept_id,accept_id,,greedy,101,3,ok,cfa80a0115e1fb62f941619d2f5b592a516fe9e6eb9eb5c0489352686d69d2a1,l2-n128-uniform-w1-s101-r3-measure-accept_id,126,2,0.285344,0.133313,441572.277672,0.00226463492063,8000,8000,0.123319,0.028612,0.095236,0.121352,0.027366,0.017388,0,0.017499,0.003213,0,0,0,0,0,0,0,0,0,0,0,0,0,0,0,0,0,0,0.095236,0,0,0.00389,0,0.003249,0.031303,0.133313,0,0.000194,0,506,0
l2-n128-zipf-w1,main,2,128,zipf,1,eas_k1_adaptive,eas,1,adaptive,11,1,ok,4aad40590f1fde84cfa7cfeeea398d92d40d8a219794b5b5fc8551aa70c6b5d8,l2-n128-zipf-w1-s11-r1-measure-eas_k1_adaptive,57,71,0.422459,0.293665,134924.335853,0.00741156140351,8032,8032,0.106803,0.021899,0.091024,0.104938,0.020673,0.016159,0,0.013199,0.003091,88,164,264,0,0,0,0,534,0,0,0,768,0,0,0,0,0,34152,0.091024,0.077516,0.01408,0.059078,0,0.020427,0.196061,0.293665,0,0,0,0,446
l2-n128-zipf-w1,main,2,128,zipf,1,native,native,,native,11,1,ok,4aad40590f1fde84cfa7cfeeea398d92d40d8a219794b5b5fc8551aa70c6b5d8,l2-n128-zipf-w1-s11-r1-measure-native,52,76,0.132154,0,393480.33355,0.00254142307692,8248,8248,0.106175,0.025848,0,0.104182,0.024722,0.015686,0.007915,0.005886,0.003119,88,0,0,0,0,0,0,0,0,0,0,0,0,0,0,0,0,0,0,0,0,0,0,0,0,0,0,0,0,0,0
l2-n128-zipf-w1,main,2,128,zipf,1,accept_id,accept_id,,greedy,11,1,ok,4aad40590f1fde84cfa7cfeeea398d92d40d8a219794b5b5fc8551aa70c6b5d8,l2-n128-zipf-w1-s11-r1-measure-accept_id,55,73,0.280013,0.129482,196419.451954,0.00509114545455,8180,8180,0.127297,0.023136,0.091502,0.125547,0.022113,0.016034,0,0.014215,0.002773,0,0,0,0,0,0,0,0,0,0,0,0,0,0,0,0,0,0,0.091502,0,0,0.004532,0,0.002325,0.03138,0.129482,0,0.0002,0,293,0
l2-n128-zipf-w1,main,2,128,zipf,1,eas_k2_adaptive,eas,2,adaptive,11,1,ok,4aad40590f1fde84cfa7cfeeea398d92d40d8a219794b5b5fc8551aa70c6b5d8,l2-n128-zipf-w1-s11-r1-measure-eas_k2_adaptive,54,74,0.412959,0.281211,130763.5867,0.00764738888889,7980,7980,0.107261,0.024393,0.095959,0.105019,0.023162,0.016078,0,0.014819,0.003473,88,164,264,0,0,0,0,436,0,0,0,768,0,0,0,0,0,34152,0.095959,0.073614,0.013301,0.048454,0,0.020927,0.178549,0.281211,0,0,0,0,348
l2-n128-zipf-w1,main,2,128,zipf,1,accept_static_degree,accept_static_degree,,greedy,11,1,ok,4aad40590f1fde84cfa7cfeeea398d92d40d8a219794b5b5fc8551aa70c6b5d8,l2-n128-zipf-w1-s11-r1-measure-accept_static_degree,57,71,0.286918,0.157052,198663.032643,0.00503364912281,8320,8320,0.109142,0.02057,0.090927,0.107325,0.019331,0.016162,0,0.012249,0.003056,0,284,384,0,0,0,0,0,0,0,0,0,0,0,0,0,0,3264,0.090927,0,0,0.006355,0,0.002306,0.059731,0.157052,0.017161,0.008948,128,299,0
l2-n128-zipf-w1,main,2,128,zipf,1,eas_k2_adaptive,eas,2,adaptive,11,2,ok,4aad40590f1fde84cfa7cfeeea398d92d40d8a219794b5b5fc8551aa70c6b5d8,l2-n128-zipf-w1-s11-r2-measure-eas_k2_adaptive,54,74,0.402451,0.276352,134177.825375,0.0074527962963,8048,8048,0.105218,0.020715,0.091967,0.103299,0.019388,0.016044,0,0.011839,0.003246,88,164,264,0,0,0,0,436,0,0,0,768,0,0,0,0,0,34152,0.091967,0.073991,0.013339,0.04861,0,0.020279,0.177705,0.276352,0,0,0,0,348
l2-n128-zipf-w1,main,2,128,zipf,1,native,native,,native,11,2,ok,4aad40590f1fde84cfa7cfeeea398d92d40d8a219794b5b5fc8551aa70c6b5d8,l2-n128-zipf-w1-s11-r2-measure-native,52,76,0.129707,0,400903.574981,0.00249436538462,8104,8104,0.10384,0.025753,0,0.101829,0.024701,0.015959,0.007805,0.006287,0.003063,88,0,0,0,0,0,0,0,0,0,0,0,0,0,0,0,0,0,0,0,0,0,0,0,0,0,0,0,0,0,0
l2-n128-zipf-w1,main,2,128,zipf,1,accept_id,accept_id,,greedy,11,2,ok,4aad40590f1fde84cfa7cfeeea398d92d40d8a219794b5b5fc8551aa70c6b5d8,l2-n128-zipf-w1-s11-r2-measure-accept_id,55,73,0.258517,0.130767,212751.966022,0.00470030909091,8316,8316,0.107445,0.020203,0.092348,0.105473,0.018929,0.015853,0,0.012045,0.003246,0,0,0,0,0,0,0,0,0,0,0,0,0,0,0,0,0,0,0.092348,0,0,0.004457,0,0.002548,0.031814,0.130767,0,0.000208,0,293,0
l2-n128-zipf-w1,main,2,128,zipf,1,eas_k1_adaptive,eas,1,adaptive,11,2,ok,4aad40590f1fde84cfa7cfeeea398d92d40d8a219794b5b5fc8551aa70c6b5d8,l2-n128-zipf-w1-s11-r2-measure-eas_k1_adaptive,57,71,0.430845,0.300086,132298.15827,0.00755868421053,7980,7980,0.109194,0.02145,0.095462,0.10715,0.020117,0.016275,0,0.012344,0.003377,88,164,264,0,0,0,0,534,0,0,0,768,0,0,0,0,0,34152,0.095462,0.079154,0.014137,0.059501,0,0.020328,0.198066,0.300086,0,0,0,0,446
l2-n128-zipf-w1,main,2,128,zipf,1,accept_static_degree,accept_static_degree,,greedy,11,2,ok,4aad40590f1fde84cfa7cfeeea398d92d40d8a219794b5b5fc8551aa70c6b5d8,l2-n128-zipf-w1-s11-r2-measure-accept_static_degree,57,71,0.288815,0.163564,197358.170455,0.00506692982456,8196,8196,0.103012,0.022043,0.096806,0.101311,0.020729,0.01604,0,0.0129,0.003015,0,284,384,0,0,0,0,0,0,0,0,0,0,0,0,0,0,3264,0.096806,0,0,0.006438,0,0.002275,0.060271,0.163564,0.017197,0.009279,128,299,0
l2-n128-zipf-w1,main,2,128,zipf,1,native,native,,native,11,3,ok,4aad40590f1fde84cfa7cfeeea398d92d40d8a219794b5b5fc8551aa70c6b5d8,l2-n128-zipf-w1-s11-r3-measure-native,52,76,0.137731,0,377547.538317,0.00264867307692,8048,8048,0.111203,0.026474,0,0.109141,0.025204,0.016079,0.007925,0.006554,0.003332,88,0,0,0,0,0,0,0,0,0,0,0,0,0,0,0,0,0,0,0,0,0,0,0,0,0,0,0,0,0,0
l2-n128-zipf-w1,main,2,128,zipf,1,accept_id,accept_id,,greedy,11,3,ok,4aad40590f1fde84cfa7cfeeea398d92d40d8a219794b5b5fc8551aa70c6b5d8,l2-n128-zipf-w1-s11-r3-measure-accept_id,55,73,0.255357,0.130674,215384.73588,0.00464285454545,8040,8040,0.103243,0.021273,0.091623,0.101209,0.020108,0.015883,0,0.012585,0.003199,0,0,0,0,0,0,0,0,0,0,0,0,0,0,0,0,0,0,0.091623,0,0,0.004642,0,0.002603,0.032335,0.130674,0,0.000184,0,293,0
l2-n128-zipf-w1,main,2,128,zipf,1,accept_static_degree,accept_static_degree,,greedy,11,3,ok,4aad40590f1fde84cfa7cfeeea398d92d40d8a219794b5b5fc8551aa70c6b5d8,l2-n128-zipf-w1-s11-r3-measure-accept_static_degree,57,71,0.285117,0.15794,199917.928429,0.00500205263158,8184,8184,0.105594,0.02149,0.091947,0.103709,0.020163,0.015784,0,0.012704,0.003212,0,284,384,0,0,0,0,0,0,0,0,0,0,0,0,0,0,3264,0.091947,0,0,0.006169,0,0.002336,0.059517,0.15794,0.016744,0.0096,128,299,0
l2-n128-zipf-w1,main,2,128,zipf,1,eas_k1_adaptive,eas,1,adaptive,11,3,ok,4aad40590f1fde84cfa7cfeeea398d92d40d8a219794b5b5fc8551aa70c6b5d8,l2-n128-zipf-w1-s11-r3-measure-eas_k1_adaptive,57,71,0.425798,0.292897,133866.293407,0.00747014035088,8020,8020,0.107943,0.024758,0.092214,0.105831,0.023671,0.016222,0,0.015435,0.003199,88,164,264,0,0,0,0,534,0,0,0,768,0,0,0,0,0,34152,0.092214,0.072437,0.014284,0.061903,0,0.020615,0.194152,0.292897,0,0,0,0,446
l2-n128-zipf-w1,main,2,128,zipf,1,eas_k2_adaptive,eas,2,adaptive,11,3,ok,4aad40590f1fde84cfa7cfeeea398d92d40d8a219794b5b5fc8551aa70c6b5d8,l2-n128-zipf-w1-s11-r3-measure-eas_k2_adaptive,54,74,0.412856,0.282122,130796.209816,0.00764548148148,8208,8208,0.108492,0.022154,0.09002,0.106594,0.020712,0.015699,0,0.013173,0.00334,88,164,264,0,0,0,0,436,0,0,0,768,0,0,0,0,0,34152,0.09002,0.081513,0.013288,0.049248,0,0.02023,0.1855,0.282122,0,0,0,0,348
l2-n128-zipf-w1,main,2,128,zipf,1,native,native,,native,29,1,ok,419078cb815fde347c779dc8222d3d1243758a3763e499e39b6eb0fe2cf8aaab,l2-n128-zipf-w1-s29-r1-measure-native,56,72,0.131118,0,427096.20342,0.00234139285714,8264,8264,0.105361,0.0257,0,0.103466,0.024599,0.016163,0.007397,0.006251,0.002996,90,0,0,0,0,0,0,0,0,0,0,0,0,0,0,0,0,0,0,0,0,0,0,0,0,0,0,0,0,0,0
l2-n128-zipf-w1,main,2,128,zipf,1,eas_k2_adaptive,eas,2,adaptive,29,1,ok,419078cb815fde347c779dc8222d3d1243758a3763e499e39b6eb0fe2cf8aaab,l2-n128-zipf-w1-s29-r1-measure-eas_k2_adaptive,62,66,0.40858,0.275694,151745.068285,0.00659,8208,8208,0.10559,0.027111,0.091415,0.103821,0.025894,0.01619,0,0.016769,0.002986,90,178,270,0,0,0,0,385,0,0,0,768,0,0,0,0,0,34272,0.091415,0.077571,0.013592,0.043382,0,0.022504,0.177731,0.275694,0,0,0,0,295
l2-n128-zipf-w1,main,2,128,zipf,1,eas_k1_adaptive,eas,1,adaptive,29,1,ok,419078cb815fde347c779dc8222d3d1243758a3763e499e39b6eb0fe2cf8aaab,l2-n128-zipf-w1-s29-r1-measure-eas_k1_adaptive,62,66,0.425158,0.29233,145828.139186,0.00685738709677,8216,8216,0.107935,0.024788,0.098561,0.106109,0.023748,0.016486,0,0.015267,0.002866,90,178,270,0,0,0,0,471,0,0,0,768,0,0,0,0,0,34272,0.098561,0.077438,0.014082,0.050933,0,0.021361,0.187333,0.29233,0,0,0,0,381
l2-n128-zipf-w1,main,2,128,zipf,1,accept_id,accept_id,,greedy,29,1,ok,419078cb815fde347c779dc8222d3d1243758a3763e499e39b6eb0fe2cf8aaab,l2-n128-zipf-w1-s29-r1-measure-accept_id,60,68,0.267588,0.135795,224225.301583,0.0044598,8168,8168,0.107369,0.024306,0.093696,0.105568,0.023151,0.01603,0,0.015216,0.002956,0,0,0,0,0,0,0,0,0,0,0,0,0,0,0,0,0,0,0.093696,0,0,0.004907,0,0.002666,0.03571,0.135795,0,0.000187,0,308,0
l2-n128-zipf-w1,main,2,128,zipf,1,accept_static_degree,accept_static_degree,,greedy,29,1,ok,419078cb815fde347c779dc8222d3d1243758a3763e499e39b6eb0fe2cf8aaab,l2-n128-zipf-w1-s29-r1-measure-accept_static_degree,62,66,0.295029,0.162159,210148.832827,0.00475853225806,8132,8132,0.106965,0.0258,0.093739,0.105244,0.024668,0.016149,0,0.016563,0.002853,0,292,384,0,0,0,0,0,0,0,0,0,0,0,0,0,0,3336,0.093739,0,0,0.006863,0,0.002498,0.061719,0.162159,0.016727,0.010016,128,315,0
l2-n128-zipf-w1,main,2,128,zipf,1,eas_k1_adaptive,eas,1,adaptive,29,2,ok,419078cb815fde347c779dc8222d3d1243758a3763e499e39b6eb0fe2cf8aaab,l2-n128-zipf-w1-s29-r2-measure-eas_k1_adaptive,62,66,0.430046,0.295612,144170.623608,0.00693622580645,8080,8080,0.107089,0.02714,0.096516,0.105436,0.025857,0.016222,0,0.017272,0.002936,90,178,270,0,0,0,0,471,0,0,0,768,0,0,0,0,0,34272,0.096516,0.080692,0.014246,0.051226,0,0.021126,0.19265,0.295612,0,0,0,0,381
l2-n128-zipf-w1,main,2,128,zipf,1,native,native,,native,29,2,ok,419078cb815fde347c779dc8222d3d1243758a3763e499e39b6eb0fe2cf8aaab,l2-n128-zipf-w1-s29-r2-measure-native,56,72,0.134421,0,416601.572671,0.002400375,8308,8308,0.10847,0.025806,0,0.106493,0.024788,0.015992,0.007529,0.006279,0.002995,90,0,0,0,0,0,0,0,0,0,0,0,0,0,0,0,0,0,0,0,0,0,0,0,0,0,0,0,0,0,0
l2-n128-zipf-w1,main,2,128,zipf,1,accept_id,accept_id,,greedy,29,2,ok,419078cb815fde347c779dc8222d3d1243758a3763e499e39b6eb0fe2cf8aaab,l2-n128-zipf-w1-s29-r2-measure-accept_id,60,68,0.264702,0.132042,226669.99116,0.0044117,8116,8116,0.108576,0.023904,0.092515,0.106612,0.022835,0.016402,0,0.014824,0.003033,0,0,0,0,0,0,0,0,0,0,0,0,0,0,0,0,0,0,0.092515,0,0,0.004952,0,0.002802,0.033038,0.132042,0,0.000196,0,308,0
l2-n128-zipf-w1,main,2,128,zipf,1,accept_static_degree,accept_static_degree,,greedy,29,2,ok,419078cb815fde347c779dc8222d3d1243758a3763e499e39b6eb0fe2cf8aaab,l2-n128-zipf-w1-s29-r2-measure-accept_static_degree,62,66,0.299051,0.163793,207322.496832,0.00482340322581,8132,8132,0.109785,0.025391,0.097124,0.107775,0.024097,0.016931,0,0.015552,0.003304,0,292,384,0,0,0,0,0,0,0,0,0,0,0,0,0,0,3336,0.097124,0,0,0.006532,0,0.002616,0.060131,0.163793,0.016597,0.01006,128,315,0
l2-n128-zipf-w1,main,2,128,zipf,1,eas_k2_adaptive,eas,2,adaptive,29,2,ok,419078cb815fde347c779dc8222d3d1243758a3763e499e39b6eb0fe2cf8aaab,l2-n128-zipf-w1-s29-r2-measure-eas_k2_adaptive,62,66,0.420372,0.285192,147488.415023,0.00678019354839,8240,8240,0.109454,0.025546,0.098264,0.107444,0.024492,0.01611,0,0.01607,0.003064,90,178,270,0,0,0,0,385,0,0,0,768,0,0,0,0,0,34272,0.098264,0.078768,0.014108,0.044417,0,0.021155,0.18031,0.285192,0,0,0,0,295
l2-n128-zipf-w1,main,2,128,zipf,1,eas_k1_adaptive,eas,1,adaptive,29,3,ok,419078cb815fde347c779dc8222d3d1243758a3763e499e39b6eb0fe2cf8aaab,l2-n128-zipf-w1-s29-r3-measure-eas_k1_adaptive,62,66,0.422339,0.288237,146801.503058,0.00681191935484,8080,8080,0.110877,0.023117,0.09363,0.109281,0.022119,0.016212,0,0.014047,0.002594,90,178,270,0,0,0,0,471,0,0,0,768,0,0,0,0,0,34272,0.09363,0.076833,0.014781,0.050682,0,0.021323,0.188117,0.288237,0,0,0,0,381
l2-n128-zipf-w1,main,2,128,zipf,1,accept_id,accept_id,,greedy,29,3,ok,419078cb815fde347c779dc8222d3d1243758a3763e499e39b6eb0fe2cf8aaab,l2-n128-zipf-w1-s29-r3-measure-accept_id,60,68,0.264391,0.131171,226936.620384,0.00440651666667,8200,8200,0.110159,0.022964,0.09212,0.108229,0.021695,0.016266,0,0.013848,0.003199,0,0,0,0,0,0,0,0,0,0,0,0,0,0,0,0,0,0,0.09212,0,0,0.005104,0,0.002693,0.032646,0.131171,0,0.000201,0,308,0
l2-n128-zipf-w1,main,2,128,zipf,1,native,native,,native,29,3,ok,419078cb815fde347c779dc8222d3d1243758a3763e499e39b6eb0fe2cf8aaab,l2-n128-zipf-w1-s29-r3-measure-native,56,72,0.134933,0,415020.788095,0.00240951785714,8104,8104,0.107954,0.026911,0,0.106232,0.025732,0.016263,0.007747,0.006771,0.002901,90,0,0,0,0,0,0,0,0,0,0,0,0,0,0,0,0,0,0,0,0,0,0,0,0,0,0,0,0,0,0
l2-n128-zipf-w1,main,2,128,zipf,1,eas_k2_adaptive,eas,2,adaptive,29,3,ok,419078cb815fde347c779dc8222d3d1243758a3763e499e39b6eb0fe2cf8aaab,l2-n128-zipf-w1-s29-r3-measure-eas_k2_adaptive,62,66,0.414231,0.280334,149674.939828,0.00668114516129,8280,8280,0.108619,0.025188,0.095171,0.106429,0.023982,0.016521,0,0.015351,0.003396,90,178,270,0,0,0,0,385,0,0,0,768,0,0,0,0,0,34272,0.095171,0.077688,0.013482,0.043281,0,0.021977,0.178441,0.280334,0,0,0,0,295
l2-n128-zipf-w1,main,2,128,zipf,1,accept_static_degree,accept_static_degree,,greedy,29,3,ok,419078cb815fde347c779dc8222d3d1243758a3763e499e39b6eb0fe2cf8aaab,l2-n128-zipf-w1-s29-r3-measure-accept_static_degree,62,66,0.292018,0.159725,212315.67917,0.00470996774194,8180,8180,0.107206,0.02498,0.092135,0.105206,0.023928,0.01596,0,0.015471,0.003052,0,292,384,0,0,0,0,0,0,0,0,0,0,0,0,0,0,3336,0.092135,0,0,0.006737,0,0.002611,0.061017,0.159725,0.017146,0.010279,128,315,0
l2-n128-zipf-w1,main,2,128,zipf,1,eas_k2_adaptive,eas,2,adaptive,47,1,ok,bdcc6704c8565733e7725d072de28a7995158ec34dc296fa7510d1f6eda423e5,l2-n128-zipf-w1-s47-r1-measure-eas_k2_adaptive,66,62,0.403679,0.264565,163496.243302,0.00611634848485,8044,8044,0.113158,0.025867,0.09217,0.111048,0.024693,0.016958,0,0.01585,0.003284,77,153,231,0,0,0,0,334,0,0,0,768,0,0,0,0,0,33584,0.09217,0.074244,0.013952,0.038103,0,0.019535,0.165799,0.264565,0,0,0,0,257
l2-n128-zipf-w1,main,2,128,zipf,1,native,native,,native,47,1,ok,bdcc6704c8565733e7725d072de28a7995158ec34dc296fa7510d1f6eda423e5,l2-n128-zipf-w1-s47-r1-measure-native,65,63,0.138827,0,468208.633767,0.0021358,8184,8184,0.110348,0.028416,0,0.108555,0.027241,0.016833,0.007863,0.00738,0.002968,77,0,0,0,0,0,0,0,0,0,0,0,0,0,0,0,0,0,0,0,0,0,0,0,0,0,0,0,0,0,0
l2-n128-zipf-w1,main,2,128,zipf,1,accept_static_degree,accept_static_degree,,greedy,47,1,ok,bdcc6704c8565733e7725d072de28a7995158ec34dc296fa7510d1f6eda423e5,l2-n128-zipf-w1-s47-r1-measure-accept_static_degree,70,58,0.297433,0.158256,235347.120192,0.00424904285714,8040,8040,0.111334,0.027745,0.092557,0.1095,0.026438,0.0166,0,0.017358,0.003141,0,306,384,0,0,0,0,0,0,0,0,0,0,0,0,0,0,3456,0.092557,0,0,0.006348,0,0.002925,0.059146,0.158256,0.016908,0.008951,128,339,0
l2-n128-zipf-w1,main,2,128,zipf,1,eas_k1_adaptive,eas,1,adaptive,47,1,ok,bdcc6704c8565733e7725d072de28a7995158ec34dc296fa7510d1f6eda423e5,l2-n128-zipf-w1-s47-r1-measure-eas_k1_adaptive,70,58,0.420346,0.282202,166529.478097,0.00600494285714,8044,8044,0.111549,0.026479,0.096179,0.109278,0.025151,0.017343,0,0.016467,0.003599,77,153,231,0,0,0,0,427,0,0,0,768,0,0,0,0,0,33584,0.096179,0.075585,0.014616,0.04761,0,0.019528,0.179667,0.282202,0,0,0,0,350
l2-n128-zipf-w1,main,2,128,zipf,1,accept_id,accept_id,,greedy,47,1,ok,bdcc6704c8565733e7725d072de28a7995158ec34dc296fa7510d1f6eda423e5,l2-n128-zipf-w1-s47-r1-measure-accept_id,69,59,0.269317,0.132344,256203.655915,0.00390314492754,8072,8072,0.110193,0.026674,0.094408,0.108087,0.025555,0.016804,0,0.016706,0.003225,0,0,0,0,0,0,0,0,0,0,0,0,0,0,0,0,0,0,0.094408,0,0,0.004605,0,0.002557,0.031592,0.132344,0,0.000181,0,335,0
l2-n128-zipf-w1,main,2,128,zipf,1,accept_id,accept_id,,greedy,47,2,ok,bdcc6704c8565733e7725d072de28a7995158ec34dc296fa7510d1f6eda423e5,l2-n128-zipf-w1-s47-r2-measure-accept_id,69,59,0.265373,0.13016,260011.380208,0.00384598550725,8052,8052,0.107508,0.027609,0.092398,0.105626,0.026437,0.016544,0,0.01748,0.003054,0,0,0,0,0,0,0,0,0,0,0,0,0,0,0,0,0,0,0.092398,0,0,0.004523,0,0.002668,0.031406,0.13016,0,0.000201,0,335,0
l2-n128-zipf-w1,main,2,128,zipf,1,native,native,,native,47,2,ok,bdcc6704c8565733e7725d072de28a7995158ec34dc296fa7510d1f6eda423e5,l2-n128-zipf-w1-s47-r2-measure-native,65,63,0.190433,0,341327.395987,0.00292973846154,7996,7996,0.107182,0.083197,0,0.10538,0.082274,0.0164,0.007975,0.007443,0.002725,77,0,0,0,0,0,0,0,0,0,0,0,0,0,0,0,0,0,0,0,0,0,0,0,0,0,0,0,0,0,0
l2-n128-zipf-w1,main,2,128,zipf,1,eas_k1_adaptive,eas,1,adaptive,47,2,ok,bdcc6704c8565733e7725d072de28a7995158ec34dc296fa7510d1f6eda423e5,l2-n128-zipf-w1-s47-r2-measure-eas_k1_adaptive,70,58,0.416017,0.275896,168262.354663,0.0059431,8008,8008,0.112515,0.027502,0.093159,0.110518,0.026349,0.016926,0,0.017546,0.00315,77,153,231,0,0,0,0,427,0,0,0,768,0,0,0,0,0,33584,0.093159,0.071086,0.014566,0.048385,0,0.020228,0.176321,0.275896,0,0,0,0,350
l2-n128-zipf-w1,main,2,128,zipf,1,eas_k2_adaptive,eas,2,adaptive,47,2,ok,bdcc6704c8565733e7725d072de28a7995158ec34dc296fa7510d1f6eda423e5,l2-n128-zipf-w1-s47-r2-measure-eas_k2_adaptive,66,62,0.396617,0.260493,166407.390505,0.00600934848485,8152,8152,0.110368,0.025651,0.093422,0.108333,0.024613,0.01718,0,0.015631,0.003073,77,153,231,0,0,0,0,334,0,0,0,768,0,0,0,0,0,33584,0.093422,0.069601,0.014059,0.037359,0,0.0196,0.160533,0.260493,0,0,0,0,257
l2-n128-zipf-w1,main,2,128,zipf,1,accept_static_degree,accept_static_degree,,greedy,47,2,ok,bdcc6704c8565733e7725d072de28a7995158ec34dc296fa7510d1f6eda423e5,l2-n128-zipf-w1-s47-r2-measure-accept_static_degree,70,58,0.298877,0.161286,234210.059657,0.00426967142857,8128,8128,0.110873,0.026598,0.094667,0.108891,0.02525,0.016878,0,0.016324,0.00333,0,306,384,0,0,0,0,0,0,0,0,0,0,0,0,0,0,3456,0.094667,0,0,0.006546,0,0.002692,0.060155,0.161286,0.017369,0.008933,128,339,0
l2-n128-zipf-w1,main,2,128,zipf,1,eas_k1_adaptive,eas,1,adaptive,47,3,ok,bdcc6704c8565733e7725d072de28a7995158ec34dc296fa7510d1f6eda423e5,l2-n128-zipf-w1-s47-r3-measure-eas_k1_adaptive,70,58,0.425916,0.286759,164351.656195,0.00608451428571,8220,8220,0.111641,0.027422,0.098426,0.109628,0.026287,0.017004,0,0.016928,0.003148,77,153,231,0,0,0,0,427,0,0,0,768,0,0,0,0,0,33584,0.098426,0.077587,0.014443,0.047988,0,0.019596,0.181977,0.286759,0,0,0,0,350
l2-n128-zipf-w1,main,2,128,zipf,1,accept_id,accept_id,,greedy,47,3,ok,bdcc6704c8565733e7725d072de28a7995158ec34dc296fa7510d1f6eda423e5,l2-n128-zipf-w1-s47-r3-measure-accept_id,69,59,0.273377,0.133905,252398.702159,0.00396198550725,8320,8320,0.111885,0.02742,0.095572,0.109935,0.026194,0.016563,0,0.01739,0.003176,0,0,0,0,0,0,0,0,0,0,0,0,0,0,0,0,0,0,0.095572,0,0,0.004843,0,0.00285,0.031944,0.133905,0,0.000199,0,335,0
l2-n128-zipf-w1,main,2,128,zipf,1,accept_static_degree,accept_static_degree,,greedy,47,3,ok,bdcc6704c8565733e7725d072de28a7995158ec34dc296fa7510d1f6eda423e5,l2-n128-zipf-w1-s47-r3-measure-accept_static_degree,70,58,0.301641,0.164437,232063.943562,0.00430915714286,8076,8076,0.110348,0.026767,0.096701,0.108414,0.025406,0.017269,0,0.016731,0.003295,0,306,384,0,0,0,0,0,0,0,0,0,0,0,0,0,0,3456,0.096701,0,0,0.006508,0,0.002873,0.061217,0.164437,0.017206,0.008997,128,339,0
l2-n128-zipf-w1,main,2,128,zipf,1,native,native,,native,47,3,ok,bdcc6704c8565733e7725d072de28a7995158ec34dc296fa7510d1f6eda423e5,l2-n128-zipf-w1-s47-r3-measure-native,65,63,0.138201,0,470329.447689,0.00212616923077,8248,8248,0.109432,0.028718,0,0.107453,0.027631,0.016436,0.008026,0.007669,0.003066,77,0,0,0,0,0,0,0,0,0,0,0,0,0,0,0,0,0,0,0,0,0,0,0,0,0,0,0,0,0,0
l2-n128-zipf-w1,main,2,128,zipf,1,eas_k2_adaptive,eas,2,adaptive,47,3,ok,bdcc6704c8565733e7725d072de28a7995158ec34dc296fa7510d1f6eda423e5,l2-n128-zipf-w1-s47-r3-measure-eas_k2_adaptive,66,62,0.403169,0.264373,163703.062487,0.00610862121212,7968,7968,0.113591,0.025113,0.094374,0.111831,0.023852,0.017072,0,0.015901,0.003021,77,153,231,0,0,0,0,334,0,0,0,768,0,0,0,0,0,33584,0.094374,0.072188,0.013757,0.036735,0,0.019984,0.163552,0.264373,0,0,0,0,257
l2-n128-zipf-w1,main,2,128,zipf,1,accept_static_degree,accept_static_degree,,greedy,71,1,ok,20a3235c9c38cdc8820062f33972f43eed49a3d172b226722649532db1d2041f,l2-n128-zipf-w1-s71-r1-measure-accept_static_degree,70,58,0.29337,0.160401,238606.537819,0.004191,8184,8184,0.107655,0.02523,0.094008,0.105779,0.024269,0.016499,0,0.015847,0.002837,0,303,384,0,0,0,0,0,0,0,0,0,0,0,0,0,0,3424,0.094008,0,0,0.006513,0,0.002833,0.059859,0.160401,0.016847,0.009601,128,339,0
l2-n128-zipf-w1,main,2,128,zipf,1,eas_k1_adaptive,eas,1,adaptive,71,1,ok,20a3235c9c38cdc8820062f33972f43eed49a3d172b226722649532db1d2041f,l2-n128-zipf-w1-s71-r1-measure-eas_k1_adaptive,70,58,0.413866,0.278889,169136.870388,0.00591237142857,8088,8088,0.107057,0.027803,0.097492,0.105262,0.026524,0.016759,0,0.017377,0.003074,81,162,243,0,0,0,0,383,0,0,0,768,0,0,0,0,0,33680,0.097492,0.075095,0.014657,0.040249,0,0.022257,0.1748,0.278889,0,0,0,0,302
l2-n128-zipf-w1,main,2,128,zipf,1,native,native,,native,71,1,ok,20a3235c9c38cdc8820062f33972f43eed49a3d172b226722649532db1d2041f,l2-n128-zipf-w1-s71-r1-measure-native,65,63,0.139288,0,466659.008673,0.00214289230769,8068,8068,0.110678,0.028549,0,0.10894,0.027367,0.016814,0.008083,0.007477,0.00292,81,0,0,0,0,0,0,0,0,0,0,0,0,0,0,0,0,0,0,0,0,0,0,0,0,0,0,0,0,0,0
l2-n128-zipf-w1,main,2,128,zipf,1,accept_id,accept_id,,greedy,71,1,ok,20a3235c9c38cdc8820062f33972f43eed49a3d172b226722649532db1d2041f,l2-n128-zipf-w1-s71-r1-measure-accept_id,68,60,0.284431,0.142615,239073.799973,0.00418280882353,8200,8200,0.115966,0.025719,0.095917,0.114264,0.024368,0.017025,0,0.015849,0.003053,0,0,0,0,0,0,0,0,0,0,0,0,0,0,0,0,0,0,0.095917,0,0,0.005068,0,0.003086,0.039936,0.142615,0,0.000195,0,333,0
l2-n128-zipf-w1,main,2,128,zipf,1,eas_k2_adaptive,eas,2,adaptive,71,1,ok,20a3235c9c38cdc8820062f33972f43eed49a3d172b226722649532db1d2041f,l2-n128-zipf-w1-s71-r1-measure-eas_k2_adaptive,68,60,0.413115,0.275657,164603.076625,0.00607522058824,8356,8356,0.109724,0.027529,0.09724,0.107829,0.026387,0.017114,0,0.017015,0.003037,81,162,243,0,0,0,0,312,0,0,0,768,0,0,0,0,0,33680,0.09724,0.079365,0.014364,0.035811,0,0.020512,0.171849,0.275657,0,0,0,0,231
l2-n128-zipf-w1,main,2,128,zipf,1,eas_k2_adaptive,eas,2,adaptive,71,2,ok,20a3235c9c38cdc8820062f33972f43eed49a3d172b226722649532db1d2041f,l2-n128-zipf-w1-s71-r2-measure-eas_k2_adaptive,68,60,0.40228,0.264414,169036.491996,0.00591588235294,8208,8208,0.111843,0.025924,0.094017,0.11026,0.024887,0.016665,0,0.016289,0.00262,81,162,243,0,0,0,0,312,0,0,0,768,0,0,0,0,0,33680,0.094017,0.073755,0.013774,0.035229,0,0.020679,0.163799,0.264414,0,0,0,0,231
l2-n128-zipf-w1,main,2,128,zipf,1,accept_static_degree,accept_static_degree,,greedy,71,2,ok,20a3235c9c38cdc8820062f33972f43eed49a3d172b226722649532db1d2041f,l2-n128-zipf-w1-s71-r2-measure-accept_static_degree,70,58,0.305607,0.164441,229052.345005,0.00436581428571,8248,8248,0.113232,0.027681,0.096768,0.111193,0.02656,0.016747,0,0.017301,0.00316,0,303,384,0,0,0,0,0,0,0,0,0,0,0,0,0,0,3424,0.096768,0,0,0.006373,0,0.00287,0.060813,0.164441,0.017481,0.009861,128,339,0
l2-n128-zipf-w1,main,2,128,zipf,1,eas_k1_adaptive,eas,1,adaptive,71,2,ok,20a3235c9c38cdc8820062f33972f43eed49a3d172b226722649532db1d2041f,l2-n128-zipf-w1-s71-r2-measure-eas_k1_adaptive,70,58,0.413318,0.275111,169361.121461,0.00590454285714,8100,8100,0.11157,0.02647,0.092606,0.109775,0.025133,0.016557,0,0.016317,0.003132,81,162,243,0,0,0,0,383,0,0,0,768,0,0,0,0,0,33680,0.092606,0.071919,0.014383,0.047565,0,0.020724,0.176044,0.275111,0,0,0,0,302
l2-n128-zipf-w1,main,2,128,zipf,1,accept_id,accept_id,,greedy,71,2,ok,20a3235c9c38cdc8820062f33972f43eed49a3d172b226722649532db1d2041f,l2-n128-zipf-w1-s71-r2-measure-accept_id,68,60,0.266433,0.132925,255223.639714,0.00391813235294,7996,7996,0.105757,0.027578,0.095478,0.103932,0.026125,0.016959,0,0.016718,0.003278,0,0,0,0,0,0,0,0,0,0,0,0,0,0,0,0,0,0,0.095478,0,0,0.004596,0,0.002813,0.030826,0.132925,0,0.000205,0,333,0
l2-n128-zipf-w1,main,2,128,zipf,1,native,native,,native,71,2,ok,20a3235c9c38cdc8820062f33972f43eed49a3d172b226722649532db1d2041f,l2-n128-zipf-w1-s71-r2-measure-native,65,63,0.134762,0,482331.814606,0.00207326153846,8116,8116,0.106513,0.028189,0,0.104735,0.027263,0.016437,0.007912,0.007605,0.002704,81,0,0,0,0,0,0,0,0,0,0,0,0,0,0,0,0,0,0,0,0,0,0,0,0,0,0,0,0,0,0
l2-n128-zipf-w1,main,2,128,zipf,1,eas_k1_adaptive,eas,1,adaptive,71,3,ok,20a3235c9c38cdc8820062f33972f43eed49a3d172b226722649532db1d2041f,l2-n128-zipf-w1-s71-r3-measure-eas_k1_adaptive,70,58,0.411136,0.273454,170259.96264,0.00587337142857,8208,8208,0.109612,0.027981,0.093246,0.107898,0.026803,0.016463,0,0.017333,0.002892,81,162,243,0,0,0,0,383,0,0,0,768,0,0,0,0,0,33680,0.093246,0.075153,0.014567,0.041069,0,0.020438,0.173568,0.273454,0,0,0,0,302
l2-n128-zipf-w1,main,2,128,zipf,1,eas_k2_adaptive,eas,2,adaptive,71,3,ok,20a3235c9c38cdc8820062f33972f43eed49a3d172b226722649532db1d2041f,l2-n128-zipf-w1-s71-r3-measure-eas_k2_adaptive,68,60,0.397224,0.260877,171188.045033,0.00584152941176,8044,8044,0.109586,0.02659,0.093257,0.107943,0.025527,0.016511,0,0.016759,0.002706,81,162,243,0,0,0,0,312,0,0,0,768,0,0,0,0,0,33680,0.093257,0.072118,0.013652,0.034806,0,0.020317,0.160971,0.260877,0,0,0,0,231
l2-n128-zipf-w1,main,2,128,zipf,1,accept_static_degree,accept_static_degree,,greedy,71,3,ok,20a3235c9c38cdc8820062f33972f43eed49a3d172b226722649532db1d2041f,l2-n128-zipf-w1-s71-r3-measure-accept_static_degree,70,58,0.292602,0.15886,239232.81454,0.00418002857143,8012,8012,0.109174,0.024454,0.093002,0.107296,0.023298,0.016209,0,0.01517,0.003034,0,303,384,0,0,0,0,0,0,0,0,0,0,0,0,0,0,3424,0.093002,0,0,0.006631,0,0.002737,0.059495,0.15886,0.016843,0.009529,128,339,0
l2-n128-zipf-w1,main,2,128,zipf,1,native,native,,native,71,3,ok,20a3235c9c38cdc8820062f33972f43eed49a3d172b226722649532db1d2041f,l2-n128-zipf-w1-s71-r3-measure-native,65,63,0.138955,0,467777.337987,0.00213776923077,8248,8248,0.110562,0.028325,0,0.108735,0.027271,0.016789,0.008155,0.00743,0.002881,81,0,0,0,0,0,0,0,0,0,0,0,0,0,0,0,0,0,0,0,0,0,0,0,0,0,0,0,0,0,0
l2-n128-zipf-w1,main,2,128,zipf,1,accept_id,accept_id,,greedy,71,3,ok,20a3235c9c38cdc8820062f33972f43eed49a3d172b226722649532db1d2041f,l2-n128-zipf-w1-s71-r3-measure-accept_id,68,60,0.273197,0.133602,248904.636581,0.00401760294118,8024,8024,0.11093,0.028563,0.09492,0.108795,0.027318,0.01711,0,0.01821,0.00338,0,0,0,0,0,0,0,0,0,0,0,0,0,0,0,0,0,0,0.09492,0,0,0.004513,0,0.003093,0.031936,0.133602,0,0.000179,0,333,0
l2-n128-zipf-w1,main,2,128,zipf,1,eas_k2_adaptive,eas,2,adaptive,101,1,ok,7441105e63b60140f0b1dc12459063dda99e26eb97b6c10f21e02263ce103aee,l2-n128-zipf-w1-s101-r1-measure-eas_k2_adaptive,68,60,0.421167,0.276303,161456.144475,0.00619363235294,8208,8208,0.116738,0.027916,0.098737,0.114541,0.026865,0.016648,0,0.018146,0.003248,83,158,249,0,0,0,0,331,0,0,0,768,0,0,0,0,0,33840,0.098737,0.076182,0.014168,0.038693,0,0.020742,0.170633,0.276303,0,0,0,0,248
l2-n128-zipf-w1,main,2,128,zipf,1,eas_k1_adaptive,eas,1,adaptive,101,1,ok,7441105e63b60140f0b1dc12459063dda99e26eb97b6c10f21e02263ce103aee,l2-n128-zipf-w1-s101-r1-measure-eas_k1_adaptive,69,59,0.412365,0.278198,167327.488996,0.00597630434783,8344,8344,0.10922,0.024844,0.093501,0.107206,0.023774,0.016527,0,0.015143,0.003084,83,158,249,0,0,0,0,390,0,0,0,768,0,0,0,0,0,33840,0.093501,0.074918,0.014785,0.045207,0,0.02112,0.177967,0.278198,0,0,0,0,307
l2-n128-zipf-w1,main,2,128,zipf,1,accept_id,accept_id,,greedy,101,1,ok,7441105e63b60140f0b1dc12459063dda99e26eb97b6c10f21e02263ce103aee,l2-n128-zipf-w1-s101-r1-measure-accept_id,67,61,0.265221,0.130882,252619.513538,0.00395852238806,8200,8200,0.107891,0.026345,0.092464,0.106328,0.025254,0.01632,0,0.016322,0.002654,0,0,0,0,0,0,0,0,0,0,0,0,0,0,0,0,0,0,0.092464,0,0,0.004699,0,0.002654,0.031944,0.130882,0,0.0002,0,329,0
l2-n128-zipf-w1,main,2,128,zipf,1,native,native,,native,101,1,ok,7441105e63b60140f0b1dc12459063dda99e26eb97b6c10f21e02263ce103aee,l2-n128-zipf-w1-s101-r1-measure-native,62,66,0.14009,0,442572.63188,0.00225951612903,8236,8236,0.112399,0.027617,0,0.110511,0.026467,0.01629,0.008102,0.006969,0.003038,83,0,0,0,0,0,0,0,0,0,0,0,0,0,0,0,0,0,0,0,0,0,0,0,0,0,0,0,0,0,0
l2-n128-zipf-w1,main,2,128,zipf,1,accept_static_degree,accept_static_degree,,greedy,101,1,ok,7441105e63b60140f0b1dc12459063dda99e26eb97b6c10f21e02263ce103aee,l2-n128-zipf-w1-s101-r1-measure-accept_static_degree,69,59,0.297194,0.160485,232171.578161,0.00430715942029,8172,8172,0.11118,0.025434,0.094888,0.10935,0.02435,0.016807,0,0.015886,0.002914,0,293,384,0,0,0,0,0,0,0,0,0,0,0,0,0,0,3320,0.094888,0,0,0.006336,0,0.00265,0.059113,0.160485,0.016254,0.009698,128,335,0
l2-n128-zipf-w1,main,2,128,zipf,1,accept_id,accept_id,,greedy,101,2,ok,7441105e63b60140f0b1dc12459063dda99e26eb97b6c10f21e02263ce103aee,l2-n128-zipf-w1-s101-r2-measure-accept_id,67,61,0.263518,0.131438,254252.081452,0.00393310447761,8200,8200,0.108725,0.023259,0.093699,0.106775,0.022088,0.016247,0,0.013888,0.003121,0,0,0,0,0,0,0,0,0,0,0,0,0,0,0,0,0,0,0.093699,0,0,0.00469,0,0.002803,0.031257,0.131438,0,0.000193,0,329,0
l2-n128-zipf-w1,main,2,128,zipf,1,eas_k1_adaptive,eas,1,adaptive,101,2,ok,7441105e63b60140f0b1dc12459063dda99e26eb97b6c10f21e02263ce103aee,l2-n128-zipf-w1-s101-r2-measure-eas_k1_adaptive,69,59,0.418105,0.278292,165030.315351,0.00605949275362,8076,8076,0.110961,0.028736,0.095296,0.108795,0.027511,0.017013,0,0.018082,0.003391,83,158,249,0,0,0,0,390,0,0,0,768,0,0,0,0,0,33840,0.095296,0.074285,0.014646,0.044278,0,0.020724,0.176296,0.278292,0,0,0,0,307
l2-n128-zipf-w1,main,2,128,zipf,1,native,native,,native,101,2,ok,7441105e63b60140f0b1dc12459063dda99e26eb97b6c10f21e02263ce103aee,l2-n128-zipf-w1-s101-r2-measure-native,62,66,0.138248,0,448469.417279,0.00222980645161,8136,8136,0.110028,0.028167,0,0.108395,0.026731,0.016647,0.008229,0.006987,0.003069,83,0,0,0,0,0,0,0,0,0,0,0,0,0,0,0,0,0,0,0,0,0,0,0,0,0,0,0,0,0,0
l2-n128-zipf-w1,main,2,128,zipf,1,accept_static_degree,accept_static_degree,,greedy,101,2,ok,7441105e63b60140f0b1dc12459063dda99e26eb97b6c10f21e02263ce103aee,l2-n128-zipf-w1-s101-r2-measure-accept_static_degree,69,59,0.303433,0.164582,227397.811049,0.00439757971014,8200,8200,0.111932,0.026784,0.095192,0.109923,0.025481,0.016842,0,0.016488,0.003312,0,293,384,0,0,0,0,0,0,0,0,0,0,0,0,0,0,3320,0.095192,0,0,0.008748,0,0.002805,0.062819,0.164582,0.016862,0.009957,128,335,0
l2-n128-zipf-w1,main,2,128,zipf,1,eas_k2_adaptive,eas,2,adaptive,101,2,ok,7441105e63b60140f0b1dc12459063dda99e26eb97b6c10f21e02263ce103aee,l2-n128-zipf-w1-s101-r2-measure-eas_k2_adaptive,68,60,0.403442,0.270103,168549.63043,0.00593297058824,8168,8168,0.107089,0.026159,0.096504,0.105289,0.025059,0.016749,0,0.016301,0.0029,83,158,249,0,0,0,0,331,0,0,0,768,0,0,0,0,0,33840,0.096504,0.073391,0.014,0.03847,0,0.02024,0.166943,0.270103,0,0,0,0,248
l2-n128-zipf-w1,main,2,128,zipf,1,native,native,,native,101,3,ok,7441105e63b60140f0b1dc12459063dda99e26eb97b6c10f21e02263ce103aee,l2-n128-zipf-w1-s101-r3-measure-native,62,66,0.139266,0,445191.216808,0.00224622580645,8180,8180,0.110529,0.028664,0,0.108925,0.027143,0.016625,0.008352,0.00718,0.003125,83,0,0,0,0,0,0,0,0,0,0,0,0,0,0,0,0,0,0,0,0,0,0,0,0,0,0,0,0,0,0
l2-n128-zipf-w1,main,2,128,zipf,1,accept_static_degree,accept_static_degree,,greedy,101,3,ok,7441105e63b60140f0b1dc12459063dda99e26eb97b6c10f21e02263ce103aee,l2-n128-zipf-w1-s101-r3-measure-accept_static_degree,69,59,0.299659,0.164871,230261.730834,0.00434288405797,8120,8120,0.108292,0.026404,0.098071,0.106764,0.025028,0.016531,0,0.016457,0.002904,0,293,384,0,0,0,0,0,0,0,0,0,0,0,0,0,0,3320,0.098071,0,0,0.006427,0,0.002644,0.060029,0.164871,0.01677,0.010264,128,335,0
l2-n128-zipf-w1,main,2,128,zipf,1,eas_k1_adaptive,eas,1,adaptive,101,3,ok,7441105e63b60140f0b1dc12459063dda99e26eb97b6c10f21e02263ce103aee,l2-n128-zipf-w1-s101-r3-measure-eas_k1_adaptive,69,59,0.412574,0.277768,167242.724941,0.00597933333333,8208,8208,0.108399,0.026321,0.094441,0.1067,0.025041,0.016713,0,0.016132,0.002979,83,158,249,0,0,0,0,390,0,0,0,768,0,0,0,0,0,33840,0.094441,0.074937,0.014817,0.044296,0,0.020589,0.176733,0.277768,0,0,0,0,307
l2-n128-zipf-w1,main,2,128,zipf,1,accept_id,accept_id,,greedy,101,3,ok,7441105e63b60140f0b1dc12459063dda99e26eb97b6c10f21e02263ce103aee,l2-n128-zipf-w1-s101-r3-measure-accept_id,67,61,0.266145,0.13393,251742.471209,0.00397231343284,8204,8204,0.107641,0.024457,0.095839,0.105721,0.023418,0.016361,0,0.014864,0.002959,0,0,0,0,0,0,0,0,0,0,0,0,0,0,0,0,0,0,0.095839,0,0,0.004778,0,0.003105,0.031637,0.13393,0,0.000189,0,329,0
l2-n128-zipf-w1,main,2,128,zipf,1,eas_k2_adaptive,eas,2,adaptive,101,3,ok,7441105e63b60140f0b1dc12459063dda99e26eb97b6c10f21e02263ce103aee,l2-n128-zipf-w1-s101-r3-measure-eas_k2_adaptive,68,60,0.405943,0.271359,167511.202312,0.00596975,8072,8072,0.110411,0.024067,0.094988,0.108396,0.022976,0.016414,0,0.014876,0.003106,83,158,249,0,0,0,0,331,0,0,0,768,0,0,0,0,0,33840,0.094988,0.075601,0.014212,0.038946,0,0.020664,0.169744,0.271359,0,0,0,0,248
l2-n512-uniform-w1,main,2,512,uniform,1,accept_id,accept_id,,greedy,11,1,ok,4a022f21d6106c6ec81bf03a54638eebc326dd005a83453c084d23f3e2d76e7a,l2-n512-uniform-w1-s11-r1-measure-accept_id,475,37,1.081605,0.495407,439162.171033,0.00227706315789,8668,8668,0.47003,0.116063,0.354436,0.468207,0.114759,0.070107,0,0.075919,0.003127,0,0,0,0,0,0,0,0,0,0,0,0,0,0,0,0,0,0,0.354436,0,0,0.012939,0,0.007357,0.117326,0.495407,0,0.000484,0,1937,0
l2-n512-uniform-w1,main,2,512,uniform,1,native,native,,native,11,1,ok,4a022f21d6106c6ec81bf03a54638eebc326dd005a83453c084d23f3e2d76e7a,l2-n512-uniform-w1-s11-r1-measure-native,474,38,0.624565,0,758928.214037,0.00131764767932,8608,8608,0.47942,0.145091,0,0.477398,0.14384,0.069993,0.027632,0.056839,0.003273,73,0,0,0,0,0,0,0,0,0,0,0,0,0,0,0,0,0,0,0,0,0,0,0,0,0,0,0,0,0,0
l2-n512-uniform-w1,main,2,512,uniform,1,eas_k1_adaptive,eas,1,adaptive,11,1,ok,4a022f21d6106c6ec81bf03a54638eebc326dd005a83453c084d23f3e2d76e7a,l2-n512-uniform-w1-s11-r1-measure-eas_k1_adaptive,478,34,1.197646,0.605545,399116.266409,0.00250553556485,8804,8804,0.480319,0.111697,0.35251,0.478088,0.11049,0.070775,0,0.07156,0.003438,73,179,219,0,0,0,0,108,0,0,0,3072,0,0,0,0,0,42424,0.35251,0.074217,0.060671,0.011438,0,0.018929,0.229235,0.605545,0,0,0,0,35
l2-n512-uniform-w1,main,2,512,uniform,1,eas_k2_adaptive,eas,2,adaptive,11,1,ok,4a022f21d6106c6ec81bf03a54638eebc326dd005a83453c084d23f3e2d76e7a,l2-n512-uniform-w1-s11-r1-measure-eas_k2_adaptive,476,36,1.210593,0.607869,393195.731348,0.00254326260504,8640,8640,0.483749,0.118861,0.354907,0.482,0.117165,0.071652,0,0.078367,0.003445,73,179,219,0,0,0,0,109,0,0,0,3072,0,0,0,0,0,42424,0.354907,0.075344,0.060577,0.011365,0,0.018953,0.22935,0.607869,0,0,0,0,36
l2-n512-uniform-w1,main,2,512,uniform,1,accept_static_degree,accept_static_degree,,greedy,11,1,ok,4a022f21d6106c6ec81bf03a54638eebc326dd005a83453c084d23f3e2d76e7a,l2-n512-uniform-w1-s11-r1-measure-accept_static_degree,478,34,1.16549,0.564393,410127.929026,0.00243826359833,8724,8724,0.484788,0.116126,0.349503,0.482714,0.114767,0.069886,0,0.075132,0.003433,0,1496,1536,0,0,0,0,0,0,0,0,0,0,0,0,0,0,16064,0.349503,0,0,0.022109,0,0.006879,0.19123,0.564393,0.048244,0.021025,512,1946,0
l2-n512-uniform-w1,main,2,512,uniform,1,eas_k2_adaptive,eas,2,adaptive,11,2,ok,4a022f21d6106c6ec81bf03a54638eebc326dd005a83453c084d23f3e2d76e7a,l2-n512-uniform-w1-s11-r2-measure-eas_k2_adaptive,476,36,1.230104,0.625681,386959.151421,0.00258425210084,8640,8640,0.488298,0.115858,0.365977,0.486143,0.114788,0.070287,0,0.075611,0.003225,73,179,219,0,0,0,0,109,0,0,0,3072,0,0,0,0,0,42424,0.365977,0.077257,0.060863,0.011501,0,0.019026,0.23611,0.625681,0,0,0,0,36
l2-n512-uniform-w1,main,2,512,uniform,1,native,native,,native,11,2,ok,4a022f21d6106c6ec81bf03a54638eebc326dd005a83453c084d23f3e2d76e7a,l2-n512-uniform-w1-s11-r2-measure-native,474,38,0.616532,0,768816.541558,0.00130070042194,8664,8664,0.472221,0.144255,0,0.470042,0.143338,0.071107,0.027464,0.056786,0.003096,73,0,0,0,0,0,0,0,0,0,0,0,0,0,0,0,0,0,0,0,0,0,0,0,0,0,0,0,0,0,0
l2-n512-uniform-w1,main,2,512,uniform,1,accept_id,accept_id,,greedy,11,2,ok,4a022f21d6106c6ec81bf03a54638eebc326dd005a83453c084d23f3e2d76e7a,l2-n512-uniform-w1-s11-r2-measure-accept_id,475,37,1.086714,0.496835,437097.5252,0.00228781894737,8588,8588,0.4729,0.116877,0.357801,0.47099,0.115371,0.069122,0,0.076376,0.003416,0,0,0,0,0,0,0,0,0,0,0,0,0,0,0,0,0,0,0.357801,0,0,0.012634,0,0.007388,0.115384,0.496835,0,0.000498,0,1937,0
l2-n512-uniform-w1,main,2,512,uniform,1,accept_static_degree,accept_static_degree,,greedy,11,2,ok,4a022f21d6106c6ec81bf03a54638eebc326dd005a83453c084d23f3e2d76e7a,l2-n512-uniform-w1-s11-r2-measure-accept_static_degree,478,34,1.175047,0.576239,406792.238949,0.00245825732218,8656,8656,0.484614,0.113942,0.359304,0.482245,0.112508,0.07014,0,0.072782,0.003803,0,1496,1536,0,0,0,0,0,0,0,0,0,0,0,0,0,0,16064,0.359304,0,0,0.021942,0,0.006781,0.193227,0.576239,0.050064,0.020984,512,1946,0
l2-n512-uniform-w1,main,2,512,uniform,1,eas_k1_adaptive,eas,1,adaptive,11,2,ok,4a022f21d6106c6ec81bf03a54638eebc326dd005a83453c084d23f3e2d76e7a,l2-n512-uniform-w1-s11-r2-measure-eas_k1_adaptive,478,34,1.194245,0.60517,400252.879434,0.00249842050209,8808,8808,0.475918,0.113063,0.35256,0.473888,0.11183,0.069718,0,0.072788,0.003263,73,179,219,0,0,0,0,108,0,0,0,3072,0,0,0,0,0,42424,0.35256,0.072618,0.061463,0.011658,0,0.01883,0.228759,0.60517,0,0,0,0,35
l2-n512-uniform-w1,main,2,512,uniform,1,accept_id,accept_id,,greedy,11,3,ok,4a022f21d6106c6ec81bf03a54638eebc326dd005a83453c084d23f3e2d76e7a,l2-n512-uniform-w1-s11-r3-measure-accept_id,475,37,1.084833,0.491497,437855.411847,0.00228385894737,8732,8732,0.477346,0.11589,0.355393,0.475278,0.114442,0.069541,0,0.075361,0.003516,0,0,0,0,0,0,0,0,0,0,0,0,0,0,0,0,0,0,0.355393,0,0,0.012356,0,0.007057,0.112225,0.491497,0,0.000497,0,1937,0
l2-n512-uniform-w1,main,2,512,uniform,1,native,native,,native,11,3,ok,4a022f21d6106c6ec81bf03a54638eebc326dd005a83453c084d23f3e2d76e7a,l2-n512-uniform-w1-s11-r3-measure-native,474,38,0.632215,0,749744.944362,0.00133378691983,8608,8608,0.487482,0.144661,0,0.485053,0.14374,0.071103,0.027172,0.056618,0.00335,73,0,0,0,0,0,0,0,0,0,0,0,0,0,0,0,0,0,0,0,0,0,0,0,0,0,0,0,0,0,0
l2-n512-uniform-w1,main,2,512,uniform,1,eas_k1_adaptive,eas,1,adaptive,11,3,ok,4a022f21d6106c6ec81bf03a54638eebc326dd005a83453c084d23f3e2d76e7a,l2-n512-uniform-w1-s11-r3-measure-eas_k1_adaptive,478,34,1.245421,0.631746,383805.957985,0.0026054832636,8636,8636,0.496872,0.116708,0.372257,0.494927,0.11501,0.070788,0,0.075545,0.003643,73,179,219,0,0,0,0,108,0,0,0,3072,0,0,0,0,0,42424,0.372257,0.078289,0.061328,0.011617,0,0.018598,0.235494,0.631746,0,0,0,0,35
l2-n512-uniform-w1,main,2,512,uniform,1,eas_k2_adaptive,eas,2,adaptive,11,3,ok,4a022f21d6106c6ec81bf03a54638eebc326dd005a83453c084d23f3e2d76e7a,l2-n512-uniform-w1-s11-r3-measure-eas_k2_adaptive,476,36,1.208612,0.608777,393840.206783,0.00253910084034,8656,8656,0.481409,0.118323,0.356942,0.479297,0.117192,0.071161,0,0.077876,0.003243,73,179,219,0,0,0,0,109,0,0,0,3072,0,0,0,0,0,42424,0.356942,0.073632,0.061182,0.011655,0,0.01891,0.227964,0.608777,0,0,0,0,36
l2-n512-uniform-w1,main,2,512,uniform,1,accept_static_degree,accept_static_degree,,greedy,11,3,ok,4a022f21d6106c6ec81bf03a54638eebc326dd005a83453c084d23f3e2d76e7a,l2-n512-uniform-w1-s11-r3-measure-accept_static_degree,478,34,1.174684,0.565491,406917.945592,0.00245749790795,8876,8876,0.489635,0.119372,0.348777,0.487745,0.118206,0.068882,0,0.078644,0.003056,0,1496,1536,0,0,0,0,0,0,0,0,0,0,0,0,0,0,16064,0.348777,0,0,0.021795,0,0.006448,0.192848,0.565491,0.049566,0.021065,512,1946,0
l2-n512-uniform-w1,main,2,512,uniform,1,accept_static_degree,accept_static_degree,,greedy,29,1,ok,f23bc37efbf4cb4b5bf1551456b9da184a82b2d23c8f395be5a7dc3e3963826e,l2-n512-uniform-w1-s29-r1-measure-accept_static_degree,465,47,1.187025,0.584018,391735.641625,0.00255274193548,8560,8560,0.488375,0.114302,0.354878,0.486361,0.113244,0.070337,0,0.074736,0.003072,0,1482,1536,0,0,0,0,0,0,0,0,0,0,0,0,0,0,15952,0.354878,0,0,0.022471,0,0.007441,0.205318,0.584018,0.055491,0.027304,512,1907,0
l2-n512-uniform-w1,main,2,512,uniform,1,eas_k2_adaptive,eas,2,adaptive,29,1,ok,f23bc37efbf4cb4b5bf1551456b9da184a82b2d23c8f395be5a7dc3e3963826e,l2-n512-uniform-w1-s29-r1-measure-eas_k2_adaptive,464,48,1.252075,0.64996,370584.829184,0.0026984375,8604,8604,0.486767,0.115263,0.363939,0.484802,0.114215,0.070237,0,0.075221,0.003013,100,246,300,0,0,0,0,148,0,0,0,3072,0,0,0,0,0,43720,0.363939,0.098629,0.062863,0.013818,0,0.022261,0.262319,0.64996,0,0,0,0,48
l2-n512-uniform-w1,main,2,512,uniform,1,accept_id,accept_id,,greedy,29,1,ok,f23bc37efbf4cb4b5bf1551456b9da184a82b2d23c8f395be5a7dc3e3963826e,l2-n512-uniform-w1-s29-r1-measure-accept_id,465,47,1.101147,0.502037,422286.942615,0.00236805806452,8624,8624,0.482569,0.116274,0.365243,0.480674,0.114882,0.071261,0,0.075033,0.003287,0,0,0,0,0,0,0,0,0,0,0,0,0,0,0,0,0,0,0.365243,0,0,0.012794,0,0.007512,0.113095,0.502037,0,0.000503,0,1907,0
l2-n512-uniform-w1,main,2,512,uniform,1,eas_k1_adaptive,eas,1,adaptive,29,1,ok,f23bc37efbf4cb4b5bf1551456b9da184a82b2d23c8f395be5a7dc3e3963826e,l2-n512-uniform-w1-s29-r1-measure-eas_k1_adaptive,465,47,1.231659,0.643762,377539.562493,0.00264872903226,8600,8600,0.478872,0.108921,0.352625,0.47657,0.107798,0.070983,0,0.070385,0.003425,100,246,300,0,0,0,0,148,0,0,0,3072,0,0,0,0,0,43720,0.352625,0.100686,0.063274,0.015078,0,0.022229,0.267537,0.643762,0,0,0,0,48
l2-n512-uniform-w1,main,2,512,uniform,1,native,native,,native,29,1,ok,f23bc37efbf4cb4b5bf1551456b9da184a82b2d23c8f395be5a7dc3e3963826e,l2-n512-uniform-w1-s29-r1-measure-native,461,51,0.63219,0,729211.154874,0.00137134490239,8744,8744,0.489228,0.142901,0,0.486978,0.141929,0.071789,0.028018,0.054929,0.003222,100,0,0,0,0,0,0,0,0,0,0,0,0,0,0,0,0,0,0,0,0,0,0,0,0,0,0,0,0,0,0
l2-n512-uniform-w1,main,2,512,uniform,1,native,native,,native,29,2,ok,f23bc37efbf4cb4b5bf1551456b9da184a82b2d23c8f395be5a7dc3e3963826e,l2-n512-uniform-w1-s29-r2-measure-native,461,51,0.627053,0,735185.064101,0.00136020173536,8784,8784,0.483856,0.143065,0,0.481667,0.142012,0.071296,0.02783,0.054798,0.003242,100,0,0,0,0,0,0,0,0,0,0,0,0,0,0,0,0,0,0,0,0,0,0,0,0,0,0,0,0,0,0
l2-n512-uniform-w1,main,2,512,uniform,1,eas_k1_adaptive,eas,1,adaptive,29,2,ok,f23bc37efbf4cb4b5bf1551456b9da184a82b2d23c8f395be5a7dc3e3963826e,l2-n512-uniform-w1-s29-r2-measure-eas_k1_adaptive,465,47,1.251506,0.639176,371552.353724,0.00269141075269,8928,8928,0.489443,0.122676,0.353181,0.48708,0.121096,0.07106,0,0.081709,0.003943,100,246,300,0,0,0,0,148,0,0,0,3072,0,0,0,0,0,43720,0.353181,0.093743,0.063273,0.015372,0,0.02304,0.2621,0.639176,0,0,0,0,48
l2-n512-uniform-w1,main,2,512,uniform,1,accept_id,accept_id,,greedy,29,2,ok,f23bc37efbf4cb4b5bf1551456b9da184a82b2d23c8f395be5a7dc3e3963826e,l2-n512-uniform-w1-s29-r2-measure-accept_id,465,47,1.089175,0.491452,426928.638649,0.00234231182796,8584,8584,0.486387,0.111219,0.354065,0.484444,0.110262,0.069635,0,0.072675,0.0029,0,0,0,0,0,0,0,0,0,0,0,0,0,0,0,0,0,0,0.354065,0,0,0.012917,0,0.007681,0.113521,0.491452,0,0.000492,0,1907,0
l2-n512-uniform-w1,main,2,512,uniform,1,accept_static_degree,accept_static_degree,,greedy,29,2,ok,f23bc37efbf4cb4b5bf1551456b9da184a82b2d23c8f395be5a7dc3e3963826e,l2-n512-uniform-w1-s29-r2-measure-accept_static_degree,465,47,1.193272,0.582749,389684.832963,0.00256617634409,8484,8484,0.490159,0.120183,0.361342,0.48851,0.118793,0.070795,0,0.080446,0.003039,0,1482,1536,0,0,0,0,0,0,0,0,0,0,0,0,0,0,15952,0.361342,0,0,0.022293,0,0.006863,0.197602,0.582749,0.048832,0.026562,512,1907,0
l2-n512-uniform-w1,main,2,512,uniform,1,eas_k2_adaptive,eas,2,adaptive,29,2,ok,f23bc37efbf4cb4b5bf1551456b9da184a82b2d23c8f395be5a7dc3e3963826e,l2-n512-uniform-w1-s29-r2-measure-eas_k2_adaptive,464,48,1.257841,0.647091,368886.051576,0.00271086422414,8808,8808,0.494618,0.115878,0.364542,0.492586,0.114206,0.072007,0,0.075211,0.003704,100,246,300,0,0,0,0,148,0,0,0,3072,0,0,0,0,0,43720,0.364542,0.093296,0.062118,0.014286,0,0.022366,0.258381,0.647091,0,0,0,0,48
l2-n512-uniform-w1,main,2,512,uniform,1,eas_k2_adaptive,eas,2,adaptive,29,3,ok,f23bc37efbf4cb4b5bf1551456b9da184a82b2d23c8f395be5a7dc3e3963826e,l2-n512-uniform-w1-s29-r3-measure-eas_k2_adaptive,464,48,1.239818,0.638268,374248.478406,0.00267202155172,8812,8812,0.485387,0.116047,0.35571,0.483277,0.114937,0.071273,0,0.075811,0.00322,100,246,300,0,0,0,0,148,0,0,0,3072,0,0,0,0,0,43720,0.35571,0.095015,0.062436,0.014629,0,0.021941,0.258784,0.638268,0,0,0,0,48
l2-n512-uniform-w1,main,2,512,uniform,1,native,native,,native,29,3,ok,f23bc37efbf4cb4b5bf1551456b9da184a82b2d23c8f395be5a7dc3e3963826e,l2-n512-uniform-w1-s29-r3-measure-native,461,51,0.672614,0,685385.674399,0.00145903253796,8912,8912,0.529511,0.143037,0,0.527389,0.141618,0.072305,0.027791,0.055074,0.003541,100,0,0,0,0,0,0,0,0,0,0,0,0,0,0,0,0,0,0,0,0,0,0,0,0,0,0,0,0,0,0
l2-n512-uniform-w1,main,2,512,uniform,1,eas_k1_adaptive,eas,1,adaptive,29,3,ok,f23bc37efbf4cb4b5bf1551456b9da184a82b2d23c8f395be5a7dc3e3963826e,l2-n512-uniform-w1-s29-r3-measure-eas_k1_adaptive,465,47,1.223625,0.629753,380018.387987,0.0026314516129,8604,8604,0.479574,0.114201,0.346063,0.477841,0.112761,0.069777,0,0.073063,0.003173,100,246,300,0,0,0,0,148,0,0,0,3072,0,0,0,0,0,43720,0.346063,0.091329,0.063047,0.014176,0,0.02293,0.259615,0.629753,0,0,0,0,48
l2-n512-uniform-w1,main,2,512,uniform,1,accept_static_degree,accept_static_degree,,greedy,29,3,ok,f23bc37efbf4cb4b5bf1551456b9da184a82b2d23c8f395be5a7dc3e3963826e,l2-n512-uniform-w1-s29-r3-measure-accept_static_degree,465,47,1.192025,0.588785,390092.489671,0.00256349462366,8516,8516,0.488377,0.114667,0.365021,0.486311,0.113659,0.072493,0,0.074368,0.003074,0,1482,1536,0,0,0,0,0,0,0,0,0,0,0,0,0,0,15952,0.365021,0,0,0.022179,0,0.006941,0.199756,0.588785,0.049426,0.027195,512,1907,0
l2-n512-uniform-w1,main,2,512,uniform,1,accept_id,accept_id,,greedy,29,3,ok,f23bc37efbf4cb4b5bf1551456b9da184a82b2d23c8f395be5a7dc3e3963826e,l2-n512-uniform-w1-s29-r3-measure-accept_id,465,47,1.099489,0.493017,422923.740028,0.00236449247312,8732,8732,0.489808,0.11657,0.356813,0.487446,0.115362,0.072533,0,0.075889,0.00357,0,0,0,0,0,0,0,0,0,0,0,0,0,0,0,0,0,0,0.356813,0,0,0.012841,0,0.007339,0.112596,0.493017,0,0.000509,0,1907,0
l2-n512-uniform-w1,main,2,512,uniform,1,eas_k2_adaptive,eas,2,adaptive,47,1,ok,a1ccb579074eae3d72bf7d4195a4537e6a555d2add8f3fff70a8118a64d8b720,l2-n512-uniform-w1-s47-r1-measure-eas_k2_adaptive,464,48,1.24507,0.650972,372669.80973,0.00268334051724,8732,8732,0.482358,0.111641,0.373765,0.480491,0.110199,0.070772,0,0.071584,0.003309,93,228,279,0,0,0,0,142,0,0,0,3072,0,0,0,0,0,43376,0.373765,0.093827,0.061301,0.014506,0,0.021233,0.253843,0.650972,0,0,0,0,49
l2-n512-uniform-w1,main,2,512,uniform,1,accept_id,accept_id,,greedy,47,1,ok,a1ccb579074eae3d72bf7d4195a4537e6a555d2add8f3fff70a8118a64d8b720,l2-n512-uniform-w1-s47-r1-measure-accept_id,467,45,1.09314,0.499383,427209.689518,0.00234077087794,8756,8756,0.486532,0.107022,0.363293,0.484847,0.105537,0.07202,0,0.066595,0.00317,0,0,0,0,0,0,0,0,0,0,0,0,0,0,0,0,0,0,0.363293,0,0,0.013156,0,0.0072,0.112752,0.499383,0,0.000494,0,1913,0
l2-n512-uniform-w1,main,2,512,uniform,1,eas_k1_adaptive,eas,1,adaptive,47,1,ok,a1ccb579074eae3d72bf7d4195a4537e6a555d2add8f3fff70a8118a64d8b720,l2-n512-uniform-w1-s47-r1-measure-eas_k1_adaptive,467,45,1.226929,0.62842,380625.121747,0.00262725695931,8788,8788,0.47856,0.119593,0.353091,0.476702,0.118095,0.070147,0,0.079255,0.003356,93,228,279,0,0,0,0,143,0,0,0,3072,0,0,0,0,0,43376,0.353091,0.088817,0.061363,0.014364,0,0.021999,0.252159,0.62842,0,0,0,0,50
l2-n512-uniform-w1,main,2,512,uniform,1,native,native,,native,47,1,ok,a1ccb579074eae3d72bf7d4195a4537e6a555d2add8f3fff70a8118a64d8b720,l2-n512-uniform-w1-s47-r1-measure-native,465,47,0.630172,0,737893.78138,0.00135520860215,8932,8932,0.486623,0.143346,0,0.484598,0.142235,0.071051,0.027833,0.05528,0.003136,93,0,0,0,0,0,0,0,0,0,0,0,0,0,0,0,0,0,0,0,0,0,0,0,0,0,0,0,0,0,0
l2-n512-uniform-w1,main,2,512,uniform,1,accept_static_degree,accept_static_degree,,greedy,47,1,ok,a1ccb579074eae3d72bf7d4195a4537e6a555d2add8f3fff70a8118a64d8b720,l2-n512-uniform-w1-s47-r1-measure-accept_static_degree,467,45,1.189161,0.583981,392713.854558,0.00254638329764,8600,8600,0.488159,0.116756,0.363893,0.485816,0.115399,0.071791,0,0.074905,0.0037,0,1485,1536,0,0,0,0,0,0,0,0,0,0,0,0,0,0,15976,0.363893,0,0,0.022442,0,0.007222,0.196357,0.583981,0.050028,0.022519,512,1914,0
l2-n512-uniform-w1,main,2,512,uniform,1,eas_k2_adaptive,eas,2,adaptive,47,2,ok,a1ccb579074eae3d72bf7d4195a4537e6a555d2add8f3fff70a8118a64d8b720,l2-n512-uniform-w1-s47-r2-measure-eas_k2_adaptive,464,48,1.20658,0.623521,384558.006929,0.00260038793103,8876,8876,0.473392,0.109557,0.353711,0.471422,0.107946,0.069501,0,0.069649,0.003581,93,228,279,0,0,0,0,142,0,0,0,3072,0,0,0,0,0,43376,0.353711,0.086562,0.061191,0.014269,0,0.021589,0.246519,0.623521,0,0,0,0,49
l2-n512-uniform-w1,main,2,512,uniform,1,eas_k1_adaptive,eas,1,adaptive,47,2,ok,a1ccb579074eae3d72bf7d4195a4537e6a555d2add8f3fff70a8118a64d8b720,l2-n512-uniform-w1-s47-r2-measure-eas_k1_adaptive,467,45,1.234473,0.64861,378299.07985,0.0026434111349,8680,8680,0.469455,0.116169,0.373144,0.467648,0.115005,0.070088,0,0.075304,0.002971,93,228,279,0,0,0,0,143,0,0,0,3072,0,0,0,0,0,43376,0.373144,0.088945,0.061248,0.014434,0,0.021867,0.251967,0.64861,0,0,0,0,50
l2-n512-uniform-w1,main,2,512,uniform,1,native,native,,native,47,2,ok,a1ccb579074eae3d72bf7d4195a4537e6a555d2add8f3fff70a8118a64d8b720,l2-n512-uniform-w1-s47-r2-measure-native,465,47,0.628587,0,739754.401539,0.0013518,8788,8788,0.485862,0.142562,0,0.483888,0.14133,0.070621,0.027822,0.055168,0.003206,93,0,0,0,0,0,0,0,0,0,0,0,0,0,0,0,0,0,0,0,0,0,0,0,0,0,0,0,0,0,0
l2-n512-uniform-w1,main,2,512,uniform,1,accept_static_degree,accept_static_degree,,greedy,47,2,ok,a1ccb579074eae3d72bf7d4195a4537e6a555d2add8f3fff70a8118a64d8b720,l2-n512-uniform-w1-s47-r2-measure-accept_static_degree,467,45,1.154679,0.56782,404441.407525,0.00247254603854,8500,8500,0.479091,0.107678,0.348815,0.477281,0.106562,0.069959,0,0.068536,0.002926,0,1485,1536,0,0,0,0,0,0,0,0,0,0,0,0,0,0,15976,0.348815,0,0,0.022713,0,0.007282,0.195497,0.56782,0.049724,0.022163,512,1914,0
l2-n512-uniform-w1,main,2,512,uniform,1,accept_id,accept_id,,greedy,47,2,ok,a1ccb579074eae3d72bf7d4195a4537e6a555d2add8f3fff70a8118a64d8b720,l2-n512-uniform-w1-s47-r2-measure-accept_id,467,45,1.106059,0.508493,422219.791168,0.00236843468951,8612,8612,0.485103,0.11236,0.370953,0.482766,0.110744,0.070929,0,0.072138,0.003953,0,0,0,0,0,0,0,0,0,0,0,0,0,0,0,0,0,0,0.370953,0,0,0.012912,0,0.007388,0.113873,0.508493,0,0.000493,0,1913,0
l2-n512-uniform-w1,main,2,512,uniform,1,eas_k1_adaptive,eas,1,adaptive,47,3,ok,a1ccb579074eae3d72bf7d4195a4537e6a555d2add8f3fff70a8118a64d8b720,l2-n512-uniform-w1-s47-r3-measure-eas_k1_adaptive,467,45,1.222768,0.631823,381920.364288,0.00261834689507,8740,8740,0.481625,0.109237,0.355489,0.479673,0.108189,0.070841,0,0.068664,0.003,93,228,279,0,0,0,0,143,0,0,0,3072,0,0,0,0,0,43376,0.355489,0.088187,0.061742,0.014865,0,0.021535,0.253028,0.631823,0,0,0,0,50
l2-n512-uniform-w1,main,2,512,uniform,1,native,native,,native,47,3,ok,a1ccb579074eae3d72bf7d4195a4537e6a555d2add8f3fff70a8118a64d8b720,l2-n512-uniform-w1-s47-r3-measure-native,465,47,0.634929,0,732365.351086,0.00136543870968,8816,8816,0.492732,0.142056,0,0.490663,0.140773,0.070396,0.027584,0.054999,0.003352,93,0,0,0,0,0,0,0,0,0,0,0,0,0,0,0,0,0,0,0,0,0,0,0,0,0,0,0,0,0,0
l2-n512-uniform-w1,main,2,512,uniform,1,accept_id,accept_id,,greedy,47,3,ok,a1ccb579074eae3d72bf7d4195a4537e6a555d2add8f3fff70a8118a64d8b720,l2-n512-uniform-w1-s47-r3-measure-accept_id,467,45,1.10415,0.506568,422949.780374,0.00236434689507,8728,8728,0.481956,0.115508,0.368498,0.479652,0.114215,0.071457,0,0.074771,0.003597,0,0,0,0,0,0,0,0,0,0,0,0,0,0,0,0,0,0,0.368498,0,0,0.013239,0,0.007755,0.114598,0.506568,0,0.000488,0,1913,0
l2-n512-uniform-w1,main,2,512,uniform,1,accept_static_degree,accept_static_degree,,greedy,47,3,ok,a1ccb579074eae3d72bf7d4195a4537e6a555d2add8f3fff70a8118a64d8b720,l2-n512-uniform-w1-s47-r3-measure-accept_static_degree,467,45,1.168252,0.574699,399742.521305,0.00250161027837,8500,8500,0.472895,0.120495,0.355517,0.470716,0.119188,0.070882,0,0.07572,0.003486,0,1485,1536,0,0,0,0,0,0,0,0,0,0,0,0,0,0,15976,0.355517,0,0,0.02277,0,0.007166,0.195724,0.574699,0.049409,0.023104,512,1914,0
l2-n512-uniform-w1,main,2,512,uniform,1,eas_k2_adaptive,eas,2,adaptive,47,3,ok,a1ccb579074eae3d72bf7d4195a4537e6a555d2add8f3fff70a8118a64d8b720,l2-n512-uniform-w1-s47-r3-measure-eas_k2_adaptive,464,48,1.227982,0.627451,377855.701468,0.00264651293103,8788,8788,0.486118,0.114317,0.355036,0.484312,0.113186,0.07153,0,0.073995,0.002937,93,228,279,0,0,0,0,142,0,0,0,3072,0,0,0,0,0,43376,0.355036,0.087685,0.061053,0.014286,0,0.02162,0.248939,0.627451,0,0,0,0,49
l2-n512-uniform-w1,main,2,512,uniform,1,native,native,,native,71,1,ok,ae3564e544ad67b288bc9e114b959998ac54417c804d0f6a6a9493a949dd7ea9,l2-n512-uniform-w1-s71-r1-measure-native,458,54,0.634394,0,721948.820449,0.00138513973799,8812,8812,0.490358,0.143804,0,0.488239,0.142596,0.071915,0.027638,0.055079,0.003327,102,0,0,0,0,0,0,0,0,0,0,0,0,0,0,0,0,0,0,0,0,0,0,0,0,0,0,0,0,0,0
l2-n512-uniform-w1,main,2,512,uniform,1,accept_static_degree,accept_static_degree,,greedy,71,1,ok,ae3564e544ad67b288bc9e114b959998ac54417c804d0f6a6a9493a949dd7ea9,l2-n512-uniform-w1-s71-r1-measure-accept_static_degree,462,50,1.169098,0.581136,395176.452273,0.00253051515152,8736,8736,0.477734,0.110132,0.358293,0.475379,0.109057,0.068469,0,0.070879,0.00343,0,1480,1536,0,0,0,0,0,0,0,0,0,0,0,0,0,0,15936,0.358293,0,0,0.022706,0,0.007068,0.199177,0.581136,0.050218,0.026175,512,1898,0
l2-n512-uniform-w1,main,2,512,uniform,1,accept_id,accept_id,,greedy,71,1,ok,ae3564e544ad67b288bc9e114b959998ac54417c804d0f6a6a9493a949dd7ea9,l2-n512-uniform-w1-s71-r1-measure-accept_id,460,52,1.129827,0.496239,407141.978374,0.00245614565217,8668,8668,0.525707,0.107786,0.35438,0.523758,0.10678,0.069859,0,0.067839,0.002955,0,0,0,0,0,0,0,0,0,0,0,0,0,0,0,0,0,0,0.35438,0,0,0.0127,0,0.007385,0.11839,0.496239,0,0.000503,0,1892,0
l2-n512-uniform-w1,main,2,512,uniform,1,eas_k1_adaptive,eas,1,adaptive,71,1,ok,ae3564e544ad67b288bc9e114b959998ac54417c804d0f6a6a9493a949dd7ea9,l2-n512-uniform-w1-s71-r1-measure-eas_k1_adaptive,462,50,1.264955,0.671137,365230.38369,0.0027379978355,8572,8572,0.481439,0.112261,0.381824,0.479454,0.111123,0.070337,0,0.072777,0.003123,102,250,306,0,0,0,0,158,0,0,0,3072,0,0,0,0,0,43832,0.381824,0.096315,0.063579,0.016157,0,0.022595,0.266246,0.671137,0,0,0,0,56
l2-n512-uniform-w1,main,2,512,uniform,1,eas_k2_adaptive,eas,2,adaptive,71,1,ok,ae3564e544ad67b288bc9e114b959998ac54417c804d0f6a6a9493a949dd7ea9,l2-n512-uniform-w1-s71-r1-measure-eas_k2_adaptive,460,52,1.227032,0.632785,374888.34847,0.00266746086957,8788,8788,0.479883,0.114247,0.347426,0.478034,0.112915,0.069909,0,0.074297,0.003181,102,250,306,0,0,0,0,159,0,0,0,3072,0,0,0,0,0,43832,0.347426,0.098936,0.062003,0.014503,0,0.02283,0.26182,0.632785,0,0,0,0,57
l2-n512-uniform-w1,main,2,512,uniform,1,eas_k1_adaptive,eas,1,adaptive,71,2,ok,ae3564e544ad67b288bc9e114b959998ac54417c804d0f6a6a9493a949dd7ea9,l2-n512-uniform-w1-s71-r2-measure-eas_k1_adaptive,462,50,1.242553,0.644963,371815.125793,0.00268950865801,8612,8612,0.486005,0.111476,0.359148,0.484288,0.110162,0.069988,0,0.07091,0.003031,102,250,306,0,0,0,0,158,0,0,0,3072,0,0,0,0,0,43832,0.359148,0.094591,0.06308,0.015692,0,0.02278,0.262454,0.644963,0,0,0,0,56
l2-n512-uniform-w1,main,2,512,uniform,1,accept_id,accept_id,,greedy,71,2,ok,ae3564e544ad67b288bc9e114b959998ac54417c804d0f6a6a9493a949dd7ea9,l2-n512-uniform-w1-s71-r2-measure-accept_id,460,52,1.087867,0.491928,422845.807438,0.00236492826087,8748,8748,0.484098,0.111505,0.355148,0.481879,0.110274,0.07203,0,0.071809,0.00345,0,0,0,0,0,0,0,0,0,0,0,0,0,0,0,0,0,0,0.355148,0,0,0.012772,0,0.007244,0.113487,0.491928,0,0.000504,0,1892,0
l2-n512-uniform-w1,main,2,512,uniform,1,accept_static_degree,accept_static_degree,,greedy,71,2,ok,ae3564e544ad67b288bc9e114b959998ac54417c804d0f6a6a9493a949dd7ea9,l2-n512-uniform-w1-s71-r2-measure-accept_static_degree,462,50,1.176119,0.574615,392817.393478,0.00254571212121,8756,8756,0.484855,0.116552,0.354648,0.48297,0.11531,0.071041,0,0.076758,0.003127,0,1480,1536,0,0,0,0,0,0,0,0,0,0,0,0,0,0,15936,0.354648,0,0,0.022767,0,0.006614,0.196755,0.574615,0.049947,0.024889,512,1898,0
l2-n512-uniform-w1,main,2,512,uniform,1,eas_k2_adaptive,eas,2,adaptive,71,2,ok,ae3564e544ad67b288bc9e114b959998ac54417c804d0f6a6a9493a949dd7ea9,l2-n512-uniform-w1-s71-r2-measure-eas_k2_adaptive,460,52,1.27177,0.638904,361700.621968,0.0027647173913,8716,8716,0.523836,0.10877,0.357519,0.521788,0.107355,0.070158,0,0.068635,0.003463,102,250,306,0,0,0,0,159,0,0,0,3072,0,0,0,0,0,43832,0.357519,0.094277,0.062353,0.014745,0,0.02275,0.257998,0.638904,0,0,0,0,57
l2-n512-uniform-w1,main,2,512,uniform,1,native,native,,native,71,2,ok,ae3564e544ad67b288bc9e114b959998ac54417c804d0f6a6a9493a949dd7ea9,l2-n512-uniform-w1-s71-r2-measure-native,458,54,0.621458,0,736976.593752,0.00135689519651,8652,8652,0.479111,0.142273,0,0.477405,0.141038,0.06863,0.027848,0.054335,0.002941,102,0,0,0,0,0,0,0,0,0,0,0,0,0,0,0,0,0,0,0,0,0,0,0,0,0,0,0,0,0,0
l2-n512-uniform-w1,main,2,512,uniform,1,accept_id,accept_id,,greedy,71,3,ok,ae3564e544ad67b288bc9e114b959998ac54417c804d0f6a6a9493a949dd7ea9,l2-n512-uniform-w1-s71-r3-measure-accept_id,460,52,1.078047,0.487964,426697.537306,0.00234358043478,8580,8580,0.48241,0.10734,0.350724,0.48055,0.106141,0.068709,0,0.06773,0.003059,0,0,0,0,0,0,0,0,0,0,0,0,0,0,0,0,0,0,0.350724,0,0,0.01278,0,0.006963,0.11396,0.487964,0,0.000479,0,1892,0
l2-n512-uniform-w1,main,2,512,uniform,1,native,native,,native,71,3,ok,ae3564e544ad67b288bc9e114b959998ac54417c804d0f6a6a9493a949dd7ea9,l2-n512-uniform-w1-s71-r3-measure-native,458,54,0.622516,0,735724.061711,0.00135920524017,8792,8792,0.480611,0.141828,0,0.478943,0.140689,0.070107,0.027831,0.053866,0.002807,102,0,0,0,0,0,0,0,0,0,0,0,0,0,0,0,0,0,0,0,0,0,0,0,0,0,0,0,0,0,0
l2-n512-uniform-w1,main,2,512,uniform,1,accept_static_degree,accept_static_degree,,greedy,71,3,ok,ae3564e544ad67b288bc9e114b959998ac54417c804d0f6a6a9493a949dd7ea9,l2-n512-uniform-w1-s71-r3-measure-accept_static_degree,462,50,1.178924,0.578878,391882.767676,0.00255178354978,8708,8708,0.486841,0.112924,0.356192,0.484865,0.11164,0.070005,0,0.072754,0.00326,0,1480,1536,0,0,0,0,0,0,0,0,0,0,0,0,0,0,15936,0.356192,0,0,0.022725,0,0.006916,0.199266,0.578878,0.050394,0.024981,512,1898,0
l2-n512-uniform-w1,main,2,512,uniform,1,eas_k1_adaptive,eas,1,adaptive,71,3,ok,ae3564e544ad67b288bc9e114b959998ac54417c804d0f6a6a9493a949dd7ea9,l2-n512-uniform-w1-s71-r3-measure-eas_k1_adaptive,462,50,1.225736,0.633428,376916.399616,0.00265310822511,8800,8800,0.484174,0.108022,0.350495,0.482122,0.106667,0.069488,0,0.068237,0.003407,102,250,306,0,0,0,0,158,0,0,0,3072,0,0,0,0,0,43832,0.350495,0.092546,0.062611,0.015654,0,0.022955,0.259516,0.633428,0,0,0,0,56
l2-n512-uniform-w1,main,2,512,uniform,1,eas_k2_adaptive,eas,2,adaptive,71,3,ok,ae3564e544ad67b288bc9e114b959998ac54417c804d0f6a6a9493a949dd7ea9,l2-n512-uniform-w1-s71-r3-measure-eas_k2_adaptive,460,52,1.234734,0.633773,372549.87714,0.00268420434783,8604,8604,0.488303,0.112544,0.344532,0.486122,0.111247,0.069319,0,0.072231,0.003478,102,250,306,0,0,0,0,159,0,0,0,3072,0,0,0,0,0,43832,0.344532,0.096219,0.062294,0.014851,0,0.02305,0.26589,0.633773,0,0,0,0,57
l2-n512-uniform-w1,main,2,512,uniform,1,eas_k1_adaptive,eas,1,adaptive,101,1,ok,25f476865b49f6793dea8c69ca893948a9e7e03cecc629ad974d78ece9fe77af,l2-n512-uniform-w1-s101-r1-measure-eas_k1_adaptive,466,46,1.248314,0.650634,373303.511777,0.00267878540773,8808,8808,0.479845,0.11772,0.372176,0.477774,0.116237,0.069418,0,0.076865,0.003554,95,234,285,0,0,0,0,144,0,0,0,3072,0,0,0,0,0,43488,0.372176,0.090576,0.061638,0.015191,0,0.021567,0.254592,0.650634,0,0,0,0,49
l2-n512-uniform-w1,main,2,512,uniform,1,accept_id,accept_id,,greedy,101,1,ok,25f476865b49f6793dea8c69ca893948a9e7e03cecc629ad974d78ece9fe77af,l2-n512-uniform-w1-s101-r1-measure-accept_id,463,49,1.058328,0.485532,437482.519597,0.00228580561555,8684,8684,0.461935,0.110695,0.349707,0.460305,0.109436,0.069317,0,0.071364,0.002889,0,0,0,0,0,0,0,0,0,0,0,0,0,0,0,0,0,0,0.349707,0,0,0.012907,0,0.007085,0.112348,0.485532,0,0.000499,0,1901,0
l2-n512-uniform-w1,main,2,512,uniform,1,eas_k2_adaptive,eas,2,adaptive,101,1,ok,25f476865b49f6793dea8c69ca893948a9e7e03cecc629ad974d78ece9fe77af,l2-n512-uniform-w1-s101-r1-measure-eas_k2_adaptive,464,48,1.23988,0.635981,374229.764171,0.00267215517241,8736,8736,0.492456,0.111357,0.361958,0.490356,0.110239,0.071535,0,0.071309,0.003218,95,234,285,0,0,0,0,141,0,0,0,3072,0,0,0,0,0,43488,0.361958,0.090494,0.060745,0.014015,0,0.021391,0.25,0.635981,0,0,0,0,46
l2-n512-uniform-w1,main,2,512,uniform,1,native,native,,native,101,1,ok,25f476865b49f6793dea8c69ca893948a9e7e03cecc629ad974d78ece9fe77af,l2-n512-uniform-w1-s101-r1-measure-native,462,50,0.625814,0,738238.518154,0.00135457575758,8616,8616,0.483219,0.142438,0,0.481226,0.140737,0.069971,0.02751,0.054646,0.003694,95,0,0,0,0,0,0,0,0,0,0,0,0,0,0,0,0,0,0,0,0,0,0,0,0,0,0,0,0,0,0
l2-n512-uniform-w1,main,2,512,uniform,1,accept_static_degree,accept_static_degree,,greedy,101,1,ok,25f476865b49f6793dea8c69ca893948a9e7e03cecc629ad974d78ece9fe77af,l2-n512-uniform-w1-s101-r1-measure-accept_static_degree,466,46,1.180683,0.596143,394686.804163,0.00253365450644,8672,8672,0.472816,0.111618,0.375584,0.470642,0.110525,0.071669,0,0.070801,0.003267,0,1485,1536,0,0,0,0,0,0,0,0,0,0,0,0,0,0,15976,0.375584,0,0,0.022353,0,0.007715,0.196651,0.596143,0.049816,0.023208,512,1910,0
l2-n512-uniform-w1,main,2,512,uniform,1,eas_k2_adaptive,eas,2,adaptive,101,2,ok,25f476865b49f6793dea8c69ca893948a9e7e03cecc629ad974d78ece9fe77af,l2-n512-uniform-w1-s101-r2-measure-eas_k2_adaptive,464,48,1.222822,0.635373,379450.157096,0.00263539224138,8724,8724,0.475301,0.11197,0.360216,0.473437,0.11057,0.069162,0,0.071182,0.003264,95,234,285,0,0,0,0,141,0,0,0,3072,0,0,0,0,0,43488,0.360216,0.090718,0.061072,0.01412,0,0.021784,0.251102,0.635373,0,0,0,0,46
l2-n512-uniform-w1,main,2,512,uniform,1,accept_static_degree,accept_static_degree,,greedy,101,2,ok,25f476865b49f6793dea8c69ca893948a9e7e03cecc629ad974d78ece9fe77af,l2-n512-uniform-w1-s101-r2-measure-accept_static_degree,466,46,1.184406,0.582527,393446.166264,0.00254164377682,8672,8672,0.485241,0.116392,0.35982,0.483224,0.115381,0.071357,0,0.075638,0.003028,0,1485,1536,0,0,0,0,0,0,0,0,0,0,0,0,0,0,15976,0.35982,0,0,0.02224,0,0.006921,0.198874,0.582527,0.050618,0.023228,512,1910,0
l2-n512-uniform-w1,main,2,512,uniform,1,native,native,,native,101,2,ok,25f476865b49f6793dea8c69ca893948a9e7e03cecc629ad974d78ece9fe77af,l2-n512-uniform-w1-s101-r2-measure-native,462,50,0.636765,0,725542.39005,0.00137827922078,8812,8812,0.493535,0.143157,0,0.491547,0.141817,0.071469,0.027628,0.055015,0.003328,95,0,0,0,0,0,0,0,0,0,0,0,0,0,0,0,0,0,0,0,0,0,0,0,0,0,0,0,0,0,0
l2-n512-uniform-w1,main,2,512,uniform,1,accept_id,accept_id,,greedy,101,2,ok,25f476865b49f6793dea8c69ca893948a9e7e03cecc629ad974d78ece9fe77af,l2-n512-uniform-w1-s101-r2-measure-accept_id,463,49,1.081928,0.48662,427939.751998,0.0023367775378,8592,8592,0.48257,0.112576,0.349926,0.480588,0.111164,0.069185,0,0.072019,0.003394,0,0,0,0,0,0,0,0,0,0,0,0,0,0,0,0,0,0,0.349926,0,0,0.012756,0,0.007366,0.112954,0.48662,0,0.000493,0,1901,0
l2-n512-uniform-w1,main,2,512,uniform,1,eas_k1_adaptive,eas,1,adaptive,101,2,ok,25f476865b49f6793dea8c69ca893948a9e7e03cecc629ad974d78ece9fe77af,l2-n512-uniform-w1-s101-r2-measure-eas_k1_adaptive,466,46,1.283242,0.658974,363142.72756,0.00275373819742,8800,8800,0.508357,0.115557,0.380938,0.506326,0.114495,0.072108,0,0.075008,0.003093,95,234,285,0,0,0,0,144,0,0,0,3072,0,0,0,0,0,43488,0.380938,0.090124,0.061384,0.014858,0,0.022025,0.254254,0.658974,0,0,0,0,49
l2-n512-uniform-w1,main,2,512,uniform,1,native,native,,native,101,3,ok,25f476865b49f6793dea8c69ca893948a9e7e03cecc629ad974d78ece9fe77af,l2-n512-uniform-w1-s101-r3-measure-native,462,50,0.616038,0,749953.73662,0.00133341558442,8736,8736,0.474063,0.141822,0,0.471993,0.140709,0.070649,0.027514,0.054819,0.003183,95,0,0,0,0,0,0,0,0,0,0,0,0,0,0,0,0,0,0,0,0,0,0,0,0,0,0,0,0,0,0
l2-n512-uniform-w1,main,2,512,uniform,1,accept_static_degree,accept_static_degree,,greedy,101,3,ok,25f476865b49f6793dea8c69ca893948a9e7e03cecc629ad974d78ece9fe77af,l2-n512-uniform-w1-s101-r3-measure-accept_static_degree,466,46,1.177318,0.575132,395814.894531,0.00252643347639,8800,8800,0.487178,0.11492,0.354422,0.485198,0.113902,0.071784,0,0.073884,0.002998,0,1485,1536,0,0,0,0,0,0,0,0,0,0,0,0,0,0,15976,0.354422,0,0,0.022358,0,0.0073,0.196662,0.575132,0.050589,0.023138,512,1910,0
l2-n512-uniform-w1,main,2,512,uniform,1,accept_id,accept_id,,greedy,101,3,ok,25f476865b49f6793dea8c69ca893948a9e7e03cecc629ad974d78ece9fe77af,l2-n512-uniform-w1-s101-r3-measure-accept_id,463,49,1.054027,0.483447,439267.684794,0.0022765161987,8604,8604,0.460776,0.109689,0.347401,0.458604,0.108465,0.070332,0,0.069024,0.003396,0,0,0,0,0,0,0,0,0,0,0,0,0,0,0,0,0,0,0.347401,0,0,0.012874,0,0.006975,0.112558,0.483447,0,0.000496,0,1901,0
l2-n512-uniform-w1,main,2,512,uniform,1,eas_k1_adaptive,eas,1,adaptive,101,3,ok,25f476865b49f6793dea8c69ca893948a9e7e03cecc629ad974d78ece9fe77af,l2-n512-uniform-w1-s101-r3-measure-eas_k1_adaptive,466,46,1.210981,0.629674,384811.983012,0.00259867167382,8852,8852,0.46721,0.113909,0.351024,0.465401,0.112545,0.069842,0,0.074235,0.003173,95,234,285,0,0,0,0,144,0,0,0,3072,0,0,0,0,0,43488,0.351024,0.09084,0.061363,0.015103,0,0.021796,0.254966,0.629674,0,0,0,0,49
l2-n512-uniform-w1,main,2,512,uniform,1,eas_k2_adaptive,eas,2,adaptive,101,3,ok,25f476865b49f6793dea8c69ca893948a9e7e03cecc629ad974d78ece9fe77af,l2-n512-uniform-w1-s101-r3-measure-eas_k2_adaptive,464,48,1.244348,0.645854,372886.041525,0.00268178448276,8552,8552,0.483603,0.114588,0.363993,0.480978,0.113146,0.071751,0,0.073735,0.004067,95,234,285,0,0,0,0,141,0,0,0,3072,0,0,0,0,0,43488,0.363993,0.094633,0.06162,0.014166,0,0.021968,0.256891,0.645854,0,0,0,0,46
l2-n512-zipf-w1,main,2,512,zipf,1,accept_static_degree,accept_static_degree,,greedy,11,1,ok,e4ae20dc5f3ea8b67cd15d1ff9fb50a4e3d9f90852dae958e3dd866909e16d45,l2-n512-zipf-w1-s11-r1-measure-accept_static_degree,182,330,1.032529,0.566806,176266.235621,0.00567323626374,8640,8640,0.391105,0.074515,0.334841,0.389286,0.073106,0.062699,0,0.044695,0.003228,0,1036,1536,0,0,0,0,0,0,0,0,0,0,0,0,0,0,12224,0.334841,0,0,0.012967,0,0.005832,0.208425,0.566806,0.070858,0.043007,512,1063,0
l2-n512-zipf-w1,main,2,512,zipf,1,native,native,,native,11,1,ok,e4ae20dc5f3ea8b67cd15d1ff9fb50a4e3d9f90852dae958e3dd866909e16d45,l2-n512-zipf-w1-s11-r1-measure-native,147,365,0.573207,0,256451.857706,0.00389936734694,8572,8572,0.48913,0.08379,0,0.487039,0.082643,0.062096,0.028336,0.016931,0.003238,424,0,0,0,0,0,0,0,0,0,0,0,0,0,0,0,0,0,0,0,0,0,0,0,0,0,0,0,0,0,0
l2-n512-zipf-w1,main,2,512,zipf,1,eas_k1_adaptive,eas,1,adaptive,11,1,ok,e4ae20dc5f3ea8b67cd15d1ff9fb50a4e3d9f90852dae958e3dd866909e16d45,l2-n512-zipf-w1-s11-r1-measure-eas_k1_adaptive,182,330,1.89223,1.408193,96182.8107577,0.0103968681319,8836,8836,0.404341,0.079434,0.351346,0.40215,0.078363,0.062709,0,0.048362,0.003262,424,772,1272,0,0,0,0,4193,0,0,0,3072,0,0,0,0,0,140288,0.351346,0.314135,0.036402,0.525794,0,0.064428,1.032906,1.408193,0,0,0,0,3769
l2-n512-zipf-w1,main,2,512,zipf,1,accept_id,accept_id,,greedy,11,1,ok,e4ae20dc5f3ea8b67cd15d1ff9fb50a4e3d9f90852dae958e3dd866909e16d45,l2-n512-zipf-w1-s11-r1-measure-accept_id,172,340,0.927386,0.465963,185467.539946,0.00539177906977,8700,8700,0.393604,0.067464,0.346979,0.391821,0.066167,0.062622,0,0.039583,0.00308,0,0,0,0,0,0,0,0,0,0,0,0,0,0,0,0,0,0,0.346979,0,0,0.014464,0,0.006471,0.095076,0.465963,0,0.000482,0,1031,0
l2-n512-zipf-w1,main,2,512,zipf,1,eas_k2_adaptive,eas,2,adaptive,11,1,ok,e4ae20dc5f3ea8b67cd15d1ff9fb50a4e3d9f90852dae958e3dd866909e16d45,l2-n512-zipf-w1-s11-r1-measure-eas_k2_adaptive,182,330,1.730534,1.26087,105169.849307,0.00950842857143,8948,8948,0.393726,0.075823,0.335132,0.391859,0.07465,0.061831,0,0.045692,0.00304,424,772,1272,0,0,0,0,3274,0,0,0,3072,0,0,0,0,0,140288,0.335132,0.307316,0.032583,0.41772,0,0.063742,0.902216,1.26087,0,0,0,0,2850
l2-n512-zipf-w1,main,2,512,zipf,1,accept_id,accept_id,,greedy,11,2,ok,e4ae20dc5f3ea8b67cd15d1ff9fb50a4e3d9f90852dae958e3dd866909e16d45,l2-n512-zipf-w1-s11-r2-measure-accept_id,172,340,0.946457,0.466451,181730.390287,0.00550265697674,8760,8760,0.409092,0.070678,0.346544,0.406621,0.069302,0.062311,0,0.041008,0.003847,0,0,0,0,0,0,0,0,0,0,0,0,0,0,0,0,0,0,0.346544,0,0,0.01404,0,0.006588,0.095965,0.466451,0,0.000492,0,1031,0
l2-n512-zipf-w1,main,2,512,zipf,1,native,native,,native,11,2,ok,e4ae20dc5f3ea8b67cd15d1ff9fb50a4e3d9f90852dae958e3dd866909e16d45,l2-n512-zipf-w1-s11-r2-measure-native,147,365,0.47424,0,309969.635628,0.00322612244898,8896,8896,0.390592,0.083597,0,0.388342,0.082499,0.062462,0.028054,0.016835,0.003348,424,0,0,0,0,0,0,0,0,0,0,0,0,0,0,0,0,0,0,0,0,0,0,0,0,0,0,0,0,0,0
l2-n512-zipf-w1,main,2,512,zipf,1,accept_static_degree,accept_static_degree,,greedy,11,2,ok,e4ae20dc5f3ea8b67cd15d1ff9fb50a4e3d9f90852dae958e3dd866909e16d45,l2-n512-zipf-w1-s11-r2-measure-accept_static_degree,182,330,1.042466,0.566838,174586.029664,0.00572783516484,8704,8704,0.396468,0.079046,0.336103,0.394477,0.07768,0.061548,0,0.048452,0.003357,0,1036,1536,0,0,0,0,0,0,0,0,0,0,0,0,0,0,12224,0.336103,0,0,0.013237,0,0.006499,0.206742,0.566838,0.069601,0.043406,512,1063,0
l2-n512-zipf-w1,main,2,512,zipf,1,eas_k2_adaptive,eas,2,adaptive,11,2,ok,e4ae20dc5f3ea8b67cd15d1ff9fb50a4e3d9f90852dae958e3dd866909e16d45,l2-n512-zipf-w1-s11-r2-measure-eas_k2_adaptive,182,330,1.763542,1.287553,103201.398095,0.00968979120879,8888,8888,0.396816,0.078968,0.343468,0.39497,0.077933,0.061773,0,0.047974,0.002881,424,772,1272,0,0,0,0,3274,0,0,0,3072,0,0,0,0,0,140288,0.343468,0.322021,0.032723,0.416748,0,0.063652,0.920403,1.287553,0,0,0,0,2850
l2-n512-zipf-w1,main,2,512,zipf,1,eas_k1_adaptive,eas,1,adaptive,11,2,ok,e4ae20dc5f3ea8b67cd15d1ff9fb50a4e3d9f90852dae958e3dd866909e16d45,l2-n512-zipf-w1-s11-r2-measure-eas_k1_adaptive,182,330,1.846847,1.383817,98546.3332913,0.010147510989,8712,8712,0.392339,0.070492,0.33019,0.390472,0.069095,0.061529,0,0.041483,0.003264,424,772,1272,0,0,0,0,4193,0,0,0,3072,0,0,0,0,0,140288,0.33019,0.300487,0.036039,0.536936,0,0.063834,1.029611,1.383817,0,0,0,0,3769
l2-n512-zipf-w1,main,2,512,zipf,1,accept_static_degree,accept_static_degree,,greedy,11,3,ok,e4ae20dc5f3ea8b67cd15d1ff9fb50a4e3d9f90852dae958e3dd866909e16d45,l2-n512-zipf-w1-s11-r3-measure-accept_static_degree,182,330,1.036067,0.563362,175664.315146,0.00569267582418,8528,8528,0.399353,0.07319,0.3333,0.396948,0.072131,0.062266,0,0.043674,0.003464,0,1036,1536,0,0,0,0,0,0,0,0,0,0,0,0,0,0,12224,0.3333,0,0,0.01288,0,0.006373,0.205853,0.563362,0.070226,0.041596,512,1063,0
l2-n512-zipf-w1,main,2,512,zipf,1,eas_k2_adaptive,eas,2,adaptive,11,3,ok,e4ae20dc5f3ea8b67cd15d1ff9fb50a4e3d9f90852dae958e3dd866909e16d45,l2-n512-zipf-w1-s11-r3-measure-eas_k2_adaptive,182,330,1.741137,1.277796,104529.396595,0.00956668681319,8748,8748,0.392163,0.071076,0.349654,0.38996,0.069951,0.06222,0,0.041821,0.003328,424,772,1272,0,0,0,0,3274,0,0,0,3072,0,0,0,0,0,140288,0.349654,0.317115,0.032536,0.410865,0,0.063851,0.904025,1.277796,0,0,0,0,2850
l2-n512-zipf-w1,main,2,512,zipf,1,native,native,,native,11,3,ok,e4ae20dc5f3ea8b67cd15d1ff9fb50a4e3d9f90852dae958e3dd866909e16d45,l2-n512-zipf-w1-s11-r3-measure-native,147,365,0.483524,0,304018.001175,0.00328927891156,8708,8708,0.399484,0.0839,0,0.39749,0.082886,0.06231,0.028673,0.016737,0.003008,424,0,0,0,0,0,0,0,0,0,0,0,0,0,0,0,0,0,0,0,0,0,0,0,0,0,0,0,0,0,0
l2-n512-zipf-w1,main,2,512,zipf,1,eas_k1_adaptive,eas,1,adaptive,11,3,ok,e4ae20dc5f3ea8b67cd15d1ff9fb50a4e3d9f90852dae958e3dd866909e16d45,l2-n512-zipf-w1-s11-r3-measure-eas_k1_adaptive,182,330,1.901657,1.427672,95706.0079709,0.0104486648352,8760,8760,0.397753,0.076136,0.35991,0.395831,0.074904,0.062614,0,0.046584,0.003154,424,772,1272,0,0,0,0,4193,0,0,0,3072,0,0,0,0,0,140288,0.35991,0.323166,0.035631,0.529924,0,0.063148,1.044045,1.427672,0,0,0,0,3769
l2-n512-zipf-w1,main,2,512,zipf,1,accept_id,accept_id,,greedy,11,3,ok,e4ae20dc5f3ea8b67cd15d1ff9fb50a4e3d9f90852dae958e3dd866909e16d45,l2-n512-zipf-w1-s11-r3-measure-accept_id,172,340,0.942587,0.466866,182476.524713,0.00548015697674,8536,8536,0.399345,0.076273,0.347181,0.397294,0.075026,0.062409,0,0.047275,0.003298,0,0,0,0,0,0,0,0,0,0,0,0,0,0,0,0,0,0,0.347181,0,0,0.014258,0,0.006273,0.095664,0.466866,0,0.000513,0,1031,0
l2-n512-zipf-w1,main,2,512,zipf,1,eas_k1_adaptive,eas,1,adaptive,29,1,ok,4e387cd29a8fc72bb88aa46f40dd688300038d7e08e6ccbb512489e0299863ae,l2-n512-zipf-w1-s29-r1-measure-eas_k1_adaptive,172,340,1.876557,1.395909,91657.2211769,0.0109102151163,8816,8816,0.40797,0.07259,0.319984,0.405814,0.071297,0.061291,0,0.042796,0.003449,433,783,1299,0,0,0,0,4208,0,0,0,3072,0,0,0,0,0,140720,0.319984,0.325774,0.052634,0.518649,0,0.064549,1.052572,1.395909,0,0,0,0,3775
l2-n512-zipf-w1,main,2,512,zipf,1,native,native,,native,29,1,ok,4e387cd29a8fc72bb88aa46f40dd688300038d7e08e6ccbb512489e0299863ae,l2-n512-zipf-w1-s29-r1-measure-native,136,376,0.48682,0,279364.035989,0.00357955882353,8556,8556,0.404551,0.082191,0,0.402389,0.080914,0.061015,0.028022,0.015846,0.003439,433,0,0,0,0,0,0,0,0,0,0,0,0,0,0,0,0,0,0,0,0,0,0,0,0,0,0,0,0,0,0
l2-n512-zipf-w1,main,2,512,zipf,1,accept_static_degree,accept_static_degree,,greedy,29,1,ok,4e387cd29a8fc72bb88aa46f40dd688300038d7e08e6ccbb512489e0299863ae,l2-n512-zipf-w1-s29-r1-measure-accept_static_degree,172,340,1.077839,0.595468,159578.564145,0.00626650581395,8652,8652,0.408333,0.07394,0.350583,0.406577,0.072654,0.062104,0,0.044265,0.003042,0,1020,1536,0,0,0,0,0,0,0,0,0,0,0,0,0,0,12072,0.350583,0,0,0.021001,0,0.00609,0.221251,0.595468,0.061912,0.042546,512,1036,0
l2-n512-zipf-w1,main,2,512,zipf,1,eas_k2_adaptive,eas,2,adaptive,29,1,ok,4e387cd29a8fc72bb88aa46f40dd688300038d7e08e6ccbb512489e0299863ae,l2-n512-zipf-w1-s29-r1-measure-eas_k2_adaptive,168,344,1.785434,1.304609,94094.769115,0.0106275833333,9016,9016,0.406415,0.074039,0.328366,0.404255,0.072864,0.061523,0,0.044466,0.003335,433,783,1299,0,0,0,0,3350,0,0,0,3072,0,0,0,0,0,140720,0.328366,0.32494,0.049003,0.426222,0,0.071705,0.950998,1.304609,0,0,0,0,2917
l2-n512-zipf-w1,main,2,512,zipf,1,accept_id,accept_id,,greedy,29,1,ok,4e387cd29a8fc72bb88aa46f40dd688300038d7e08e6ccbb512489e0299863ae,l2-n512-zipf-w1-s29-r1-measure-accept_id,166,346,0.925981,0.448251,179269.33706,0.00557819879518,8644,8644,0.409697,0.06784,0.315651,0.407703,0.066796,0.061694,0,0.039463,0.003038,0,0,0,0,0,0,0,0,0,0,0,0,0,0,0,0,0,0,0.315651,0,0,0.012609,0,0.005829,0.10896,0.448251,0,0.0005,0,1014,0
l2-n512-zipf-w1,main,2,512,zipf,1,accept_static_degree,accept_static_degree,,greedy,29,2,ok,4e387cd29a8fc72bb88aa46f40dd688300038d7e08e6ccbb512489e0299863ae,l2-n512-zipf-w1-s29-r2-measure-accept_static_degree,172,340,1.053731,0.570553,163229.514933,0.00612634302326,8572,8572,0.408281,0.074772,0.318676,0.406272,0.073536,0.061378,0,0.045171,0.003245,0,1020,1536,0,0,0,0,0,0,0,0,0,0,0,0,0,0,12072,0.318676,0,0,0.021565,0,0.006233,0.228075,0.570553,0.066734,0.044014,512,1036,0
l2-n512-zipf-w1,main,2,512,zipf,1,eas_k1_adaptive,eas,1,adaptive,29,2,ok,4e387cd29a8fc72bb88aa46f40dd688300038d7e08e6ccbb512489e0299863ae,l2-n512-zipf-w1-s29-r2-measure-eas_k1_adaptive,172,340,1.874148,1.402412,91775.0359097,0.0108962093023,8836,8836,0.403585,0.068052,0.317069,0.401484,0.066791,0.061332,0,0.040074,0.003362,433,783,1299,0,0,0,0,4208,0,0,0,3072,0,0,0,0,0,140720,0.317069,0.330536,0.052489,0.517846,0,0.064967,1.061616,1.402412,0,0,0,0,3775
l2-n512-zipf-w1,main,2,512,zipf,1,accept_id,accept_id,,greedy,29,2,ok,4e387cd29a8fc72bb88aa46f40dd688300038d7e08e6ccbb512489e0299863ae,l2-n512-zipf-w1-s29-r2-measure-accept_id,166,346,0.910535,0.445521,182310.39993,0.00548515060241,8724,8724,0.397624,0.067192,0.313788,0.395742,0.06563,0.060478,0,0.038299,0.003444,0,0,0,0,0,0,0,0,0,0,0,0,0,0,0,0,0,0,0.313788,0,0,0.012727,0,0.006051,0.108059,0.445521,0,0.000479,0,1014,0
l2-n512-zipf-w1,main,2,512,zipf,1,eas_k2_adaptive,eas,2,adaptive,29,2,ok,4e387cd29a8fc72bb88aa46f40dd688300038d7e08e6ccbb512489e0299863ae,l2-n512-zipf-w1-s29-r2-measure-eas_k2_adaptive,168,344,1.753738,1.280696,95795.381066,0.0104389166667,8740,8740,0.400574,0.072378,0.323103,0.398575,0.071157,0.061266,0,0.042401,0.00322,433,783,1299,0,0,0,0,3350,0,0,0,3072,0,0,0,0,0,140720,0.323103,0.314409,0.048551,0.42366,0,0.069491,0.933712,1.280696,0,0,0,0,2917
l2-n512-zipf-w1,main,2,512,zipf,1,native,native,,native,29,2,ok,4e387cd29a8fc72bb88aa46f40dd688300038d7e08e6ccbb512489e0299863ae,l2-n512-zipf-w1-s29-r2-measure-native,136,376,0.499513,0,272265.186291,0.00367288970588,8692,8692,0.416614,0.082696,0,0.414605,0.081345,0.062424,0.027966,0.01578,0.00336,433,0,0,0,0,0,0,0,0,0,0,0,0,0,0,0,0,0,0,0,0,0,0,0,0,0,0,0,0,0,0
l2-n512-zipf-w1,main,2,512,zipf,1,eas_k2_adaptive,eas,2,adaptive,29,3,ok,4e387cd29a8fc72bb88aa46f40dd688300038d7e08e6ccbb512489e0299863ae,l2-n512-zipf-w1-s29-r3-measure-eas_k2_adaptive,168,344,1.765735,1.282487,95144.5148904,0.010510327381,8768,8768,0.410124,0.073022,0.321648,0.408168,0.071588,0.060509,0,0.043628,0.00339,433,783,1299,0,0,0,0,3350,0,0,0,3072,0,0,0,0,0,140720,0.321648,0.318309,0.049325,0.419661,0,0.07046,0.937163,1.282487,0,0,0,0,2917
l2-n512-zipf-w1,main,2,512,zipf,1,eas_k1_adaptive,eas,1,adaptive,29,3,ok,4e387cd29a8fc72bb88aa46f40dd688300038d7e08e6ccbb512489e0299863ae,l2-n512-zipf-w1-s29-r3-measure-eas_k1_adaptive,172,340,1.861718,1.38943,92387.7837567,0.0108239418605,8872,8872,0.403789,0.068395,0.32059,0.402246,0.06713,0.06113,0,0.039823,0.002808,433,783,1299,0,0,0,0,4208,0,0,0,3072,0,0,0,0,0,140720,0.32059,0.31586,0.052532,0.521555,0,0.064637,1.045314,1.38943,0,0,0,0,3775
l2-n512-zipf-w1,main,2,512,zipf,1,accept_static_degree,accept_static_degree,,greedy,29,3,ok,4e387cd29a8fc72bb88aa46f40dd688300038d7e08e6ccbb512489e0299863ae,l2-n512-zipf-w1-s29-r3-measure-accept_static_degree,172,340,1.042988,0.568596,164910.813931,0.00606388372093,8700,8700,0.398984,0.075317,0.322439,0.396625,0.074136,0.061155,0,0.045183,0.00354,0,1020,1536,0,0,0,0,0,0,0,0,0,0,0,0,0,0,12072,0.322439,0,0,0.020729,0,0.006112,0.222417,0.568596,0.061596,0.044579,512,1036,0
l2-n512-zipf-w1,main,2,512,zipf,1,native,native,,native,29,3,ok,4e387cd29a8fc72bb88aa46f40dd688300038d7e08e6ccbb512489e0299863ae,l2-n512-zipf-w1-s29-r3-measure-native,136,376,0.481967,0,282176.99552,0.003543875,8560,8560,0.399517,0.082227,0,0.397469,0.081128,0.060969,0.0279,0.016264,0.003147,433,0,0,0,0,0,0,0,0,0,0,0,0,0,0,0,0,0,0,0,0,0,0,0,0,0,0,0,0,0,0
l2-n512-zipf-w1,main,2,512,zipf,1,accept_id,accept_id,,greedy,29,3,ok,4e387cd29a8fc72bb88aa46f40dd688300038d7e08e6ccbb512489e0299863ae,l2-n512-zipf-w1-s29-r3-measure-accept_id,166,346,0.928179,0.462431,178844.813339,0.00559143975904,8464,8464,0.396568,0.069092,0.329838,0.394586,0.067593,0.061309,0,0.040459,0.003481,0,0,0,0,0,0,0,0,0,0,0,0,0,0,0,0,0,0,0.329838,0,0,0.012542,0,0.005942,0.108601,0.462431,0,0.000503,0,1014,0
l2-n512-zipf-w1,main,2,512,zipf,1,native,native,,native,47,1,ok,5501b88b34b8153aa2db57be5470b3f57323b72dc4f9e701ca6c694783b78f7a,l2-n512-zipf-w1-s47-r1-measure-native,141,371,0.483231,0,291785.916053,0.00342717021277,8620,8620,0.399534,0.083619,0,0.39767,0.082594,0.061172,0.028743,0.016446,0.002889,421,0,0,0,0,0,0,0,0,0,0,0,0,0,0,0,0,0,0,0,0,0,0,0,0,0,0,0,0,0,0
l2-n512-zipf-w1,main,2,512,zipf,1,accept_id,accept_id,,greedy,47,1,ok,5501b88b34b8153aa2db57be5470b3f57323b72dc4f9e701ca6c694783b78f7a,l2-n512-zipf-w1-s47-r1-measure-accept_id,160,352,0.920592,0.451059,173801.20618,0.0057537,8720,8720,0.398751,0.070598,0.320351,0.397057,0.069697,0.061668,0,0.042381,0.002595,0,0,0,0,0,0,0,0,0,0,0,0,0,0,0,0,0,0,0.320351,0,0,0.01229,0,0.006244,0.107424,0.451059,0,0.000501,0,997,0
l2-n512-zipf-w1,main,2,512,zipf,1,eas_k2_adaptive,eas,2,adaptive,47,1,ok,5501b88b34b8153aa2db57be5470b3f57323b72dc4f9e701ca6c694783b78f7a,l2-n512-zipf-w1-s47-r1-measure-eas_k2_adaptive,166,346,1.805148,1.305845,91959.2188563,0.0108743855422,8880,8880,0.422725,0.076336,0.345601,0.420805,0.075054,0.062279,0,0.046099,0.003202,421,715,1263,0,0,0,0,3242,0,0,0,3072,0,0,0,0,0,140680,0.345601,0.330334,0.050032,0.408699,0,0.06769,0.936779,1.305845,0,0,0,0,2821
l2-n512-zipf-w1,main,2,512,zipf,1,eas_k1_adaptive,eas,1,adaptive,47,1,ok,5501b88b34b8153aa2db57be5470b3f57323b72dc4f9e701ca6c694783b78f7a,l2-n512-zipf-w1-s47-r1-measure-eas_k1_adaptive,169,343,1.856738,1.380383,91019.8423256,0.0109866153846,8828,8828,0.395453,0.080805,0.330652,0.393738,0.079659,0.061612,0,0.045838,0.002861,421,715,1263,0,0,0,0,3914,0,0,0,3072,0,0,0,0,0,140680,0.330652,0.323143,0.053256,0.492549,0,0.066582,1.026481,1.380383,0,0,0,0,3493
l2-n512-zipf-w1,main,2,512,zipf,1,accept_static_degree,accept_static_degree,,greedy,47,1,ok,5501b88b34b8153aa2db57be5470b3f57323b72dc4f9e701ca6c694783b78f7a,l2-n512-zipf-w1-s47-r1-measure-accept_static_degree,169,343,1.092858,0.620983,154640.401589,0.00646661538462,8700,8700,0.4,0.07177,0.360413,0.398183,0.070455,0.061657,0,0.042577,0.003132,0,988,1536,0,0,0,0,0,0,0,0,0,0,0,0,0,0,11720,0.360413,0,0,0.020378,0,0.006165,0.233153,0.620983,0.064329,0.046333,512,1026,0
l2-n512-zipf-w1,main,2,512,zipf,1,native,native,,native,47,2,ok,5501b88b34b8153aa2db57be5470b3f57323b72dc4f9e701ca6c694783b78f7a,l2-n512-zipf-w1-s47-r2-measure-native,141,371,0.477005,0,295594.385803,0.0033830141844,8628,8628,0.393075,0.083874,0,0.391189,0.082744,0.06123,0.028843,0.016639,0.003016,421,0,0,0,0,0,0,0,0,0,0,0,0,0,0,0,0,0,0,0,0,0,0,0,0,0,0,0,0,0,0
l2-n512-zipf-w1,main,2,512,zipf,1,accept_static_degree,accept_static_degree,,greedy,47,2,ok,5501b88b34b8153aa2db57be5470b3f57323b72dc4f9e701ca6c694783b78f7a,l2-n512-zipf-w1-s47-r2-measure-accept_static_degree,169,343,1.039619,0.567662,162559.553067,0.00615159171598,8764,8764,0.402974,0.068843,0.320859,0.401088,0.067606,0.061099,0,0.040841,0.003123,0,988,1536,0,0,0,0,0,0,0,0,0,0,0,0,0,0,11720,0.320859,0,0,0.020218,0,0.006004,0.223297,0.567662,0.060881,0.043873,512,1026,0
l2-n512-zipf-w1,main,2,512,zipf,1,eas_k2_adaptive,eas,2,adaptive,47,2,ok,5501b88b34b8153aa2db57be5470b3f57323b72dc4f9e701ca6c694783b78f7a,l2-n512-zipf-w1-s47-r2-measure-eas_k2_adaptive,166,346,1.784444,1.307913,93026.1750999,0.0107496626506,8940,8940,0.400957,0.075491,0.312479,0.399086,0.074245,0.060594,0,0.045578,0.003117,421,715,1263,0,0,0,0,3242,0,0,0,3072,0,0,0,0,0,140680,0.312479,0.307419,0.103642,0.417922,0,0.065613,0.972158,1.307913,0,0,0,0,2821
l2-n512-zipf-w1,main,2,512,zipf,1,accept_id,accept_id,,greedy,47,2,ok,5501b88b34b8153aa2db57be5470b3f57323b72dc4f9e701ca6c694783b78f7a,l2-n512-zipf-w1-s47-r2-measure-accept_id,160,352,0.927427,0.456844,172520.316963,0.00579641875,8648,8648,0.403722,0.066595,0.324801,0.401802,0.06532,0.061814,0,0.039182,0.003195,0,0,0,0,0,0,0,0,0,0,0,0,0,0,0,0,0,0,0.324801,0,0,0.012341,0,0.006114,0.108564,0.456844,0,0.000499,0,997,0
l2-n512-zipf-w1,main,2,512,zipf,1,eas_k1_adaptive,eas,1,adaptive,47,2,ok,5501b88b34b8153aa2db57be5470b3f57323b72dc4f9e701ca6c694783b78f7a,l2-n512-zipf-w1-s47-r2-measure-eas_k1_adaptive,169,343,1.83386,1.361946,92155.3444647,0.0108512426036,8744,8744,0.401375,0.070378,0.322592,0.399422,0.069131,0.06216,0,0.041438,0.0032,421,715,1263,0,0,0,0,3914,0,0,0,3072,0,0,0,0,0,140680,0.322592,0.315595,0.05283,0.4886,0,0.067307,1.01575,1.361946,0,0,0,0,3493
l2-n512-zipf-w1,main,2,512,zipf,1,native,native,,native,47,3,ok,5501b88b34b8153aa2db57be5470b3f57323b72dc4f9e701ca6c694783b78f7a,l2-n512-zipf-w1-s47-r3-measure-native,141,371,0.488887,0,288410.205221,0.00346728368794,8552,8552,0.403885,0.0848,0,0.402002,0.083549,0.061764,0.028813,0.016968,0.003134,421,0,0,0,0,0,0,0,0,0,0,0,0,0,0,0,0,0,0,0,0,0,0,0,0,0,0,0,0,0,0
l2-n512-zipf-w1,main,2,512,zipf,1,accept_static_degree,accept_static_degree,,greedy,47,3,ok,5501b88b34b8153aa2db57be5470b3f57323b72dc4f9e701ca6c694783b78f7a,l2-n512-zipf-w1-s47-r3-measure-accept_static_degree,169,343,1.038617,0.56733,162716.381496,0.00614566272189,8464,8464,0.404368,0.066705,0.320223,0.402633,0.065257,0.06112,0,0.038829,0.003183,0,988,1536,0,0,0,0,0,0,0,0,0,0,0,0,0,0,11720,0.320223,0,0,0.02028,0,0.00602,0.223328,0.56733,0.060462,0.043836,512,1026,0
l2-n512-zipf-w1,main,2,512,zipf,1,eas_k1_adaptive,eas,1,adaptive,47,3,ok,5501b88b34b8153aa2db57be5470b3f57323b72dc4f9e701ca6c694783b78f7a,l2-n512-zipf-w1-s47-r3-measure-eas_k1_adaptive,169,343,1.86162,1.377805,90781.1476026,0.0110155029586,8888,8888,0.409455,0.074119,0.326158,0.407262,0.072822,0.063514,0,0.044872,0.00349,421,715,1263,0,0,0,0,3914,0,0,0,3072,0,0,0,0,0,140680,0.326158,0.31521,0.052945,0.499986,0,0.066437,1.028463,1.377805,0,0,0,0,3493
l2-n512-zipf-w1,main,2,512,zipf,1,eas_k2_adaptive,eas,2,adaptive,47,3,ok,5501b88b34b8153aa2db57be5470b3f57323b72dc4f9e701ca6c694783b78f7a,l2-n512-zipf-w1-s47-r3-measure-eas_k2_adaptive,166,346,1.743867,1.270282,95190.7456245,0.0105052228916,8688,8688,0.401308,0.07208,0.325273,0.39937,0.070979,0.061906,0,0.043644,0.003039,421,715,1263,0,0,0,0,3242,0,0,0,3072,0,0,0,0,0,140680,0.325273,0.309042,0.049011,0.418641,0,0.066918,0.921942,1.270282,0,0,0,0,2821
l2-n512-zipf-w1,main,2,512,zipf,1,accept_id,accept_id,,greedy,47,3,ok,5501b88b34b8153aa2db57be5470b3f57323b72dc4f9e701ca6c694783b78f7a,l2-n512-zipf-w1-s47-r3-measure-accept_id,160,352,0.90552,0.443264,176694.054245,0.0056595,8700,8700,0.399428,0.062709,0.312284,0.39769,0.061444,0.06153,0,0.035952,0.003003,0,0,0,0,0,0,0,0,0,0,0,0,0,0,0,0,0,0,0.312284,0,0,0.01215,0,0.005858,0.107764,0.443264,0,0.000493,0,997,0
l2-n512-zipf-w1,main,2,512,zipf,1,accept_id,accept_id,,greedy,71,1,ok,118b6adcabeb10806168a9b06554eb8dc8335b3831e0b5ba5caf72d31cbfc593,l2-n512-zipf-w1-s71-r1-measure-accept_id,170,342,0.937969,0.462525,181242.66367,0.00551746470588,8648,8648,0.404357,0.07089,0.328496,0.402605,0.069559,0.06253,0,0.042241,0.003083,0,0,0,0,0,0,0,0,0,0,0,0,0,0,0,0,0,0,0.328496,0,0,0.013273,0,0.006462,0.110405,0.462525,0,0.000509,0,1025,0
l2-n512-zipf-w1,main,2,512,zipf,1,eas_k1_adaptive,eas,1,adaptive,71,1,ok,118b6adcabeb10806168a9b06554eb8dc8335b3831e0b5ba5caf72d31cbfc593,l2-n512-zipf-w1-s71-r1-measure-eas_k1_adaptive,176,336,1.85992,1.383529,94627.7259237,0.0105677272727,8736,8736,0.401796,0.074475,0.327822,0.399844,0.07328,0.061883,0,0.04536,0.003147,424,757,1272,0,0,0,0,4227,0,0,0,3072,0,0,0,0,0,140344,0.327822,0.314534,0.05472,0.507252,0,0.063195,1.032173,1.383529,0,0,0,0,3803
l2-n512-zipf-w1,main,2,512,zipf,1,native,native,,native,71,1,ok,118b6adcabeb10806168a9b06554eb8dc8335b3831e0b5ba5caf72d31cbfc593,l2-n512-zipf-w1-s71-r1-measure-native,147,365,0.491148,0,299298.785702,0.00334114285714,8780,8780,0.40672,0.084302,0,0.404693,0.083374,0.062473,0.028806,0.017139,0.002955,424,0,0,0,0,0,0,0,0,0,0,0,0,0,0,0,0,0,0,0,0,0,0,0,0,0,0,0,0,0,0
l2-n512-zipf-w1,main,2,512,zipf,1,eas_k2_adaptive,eas,2,adaptive,71,1,ok,118b6adcabeb10806168a9b06554eb8dc8335b3831e0b5ba5caf72d31cbfc593,l2-n512-zipf-w1-s71-r1-measure-eas_k2_adaptive,174,338,1.766592,1.274084,98494.7288338,0.0101528275862,8884,8884,0.413374,0.07905,0.315383,0.411612,0.077709,0.069571,0,0.048733,0.003103,424,757,1272,0,0,0,0,3354,0,0,0,3072,0,0,0,0,0,140344,0.315383,0.318904,0.048912,0.41862,0,0.068543,0.935003,1.274084,0,0,0,0,2930
l2-n512-zipf-w1,main,2,512,zipf,1,accept_static_degree,accept_static_degree,,greedy,71,1,ok,118b6adcabeb10806168a9b06554eb8dc8335b3831e0b5ba5caf72d31cbfc593,l2-n512-zipf-w1-s71-r1-measure-accept_static_degree,176,336,1.041885,0.574994,168924.593405,0.00591980113636,8724,8724,0.394182,0.072413,0.324128,0.392098,0.071024,0.062451,0,0.043905,0.003473,0,1021,1536,0,0,0,0,0,0,0,0,0,0,0,0,0,0,12056,0.324128,0,0,0.020817,0,0.006368,0.226505,0.574994,0.066509,0.042708,512,1047,0
l2-n512-zipf-w1,main,2,512,zipf,1,accept_id,accept_id,,greedy,71,2,ok,118b6adcabeb10806168a9b06554eb8dc8335b3831e0b5ba5caf72d31cbfc593,l2-n512-zipf-w1-s71-r2-measure-accept_id,170,342,0.932991,0.469824,182209.689054,0.00548818235294,8840,8840,0.393253,0.069694,0.337498,0.391326,0.068598,0.061306,0,0.041099,0.003023,0,0,0,0,0,0,0,0,0,0,0,0,0,0,0,0,0,0,0.337498,0,0,0.012469,0,0.006166,0.108805,0.469824,0,0.000492,0,1025,0
l2-n512-zipf-w1,main,2,512,zipf,1,eas_k1_adaptive,eas,1,adaptive,71,2,ok,118b6adcabeb10806168a9b06554eb8dc8335b3831e0b5ba5caf72d31cbfc593,l2-n512-zipf-w1-s71-r2-measure-eas_k1_adaptive,176,336,1.857948,1.373646,94728.1624674,0.0105565227273,8892,8892,0.410023,0.074167,0.315728,0.408167,0.072888,0.062414,0,0.044667,0.003135,424,757,1272,0,0,0,0,4227,0,0,0,3072,0,0,0,0,0,140344,0.315728,0.317869,0.053046,0.509379,0,0.063228,1.034517,1.373646,0,0,0,0,3803
l2-n512-zipf-w1,main,2,512,zipf,1,native,native,,native,71,2,ok,118b6adcabeb10806168a9b06554eb8dc8335b3831e0b5ba5caf72d31cbfc593,l2-n512-zipf-w1-s71-r2-measure-native,147,365,0.496385,0,296141.100154,0.00337676870748,8576,8576,0.411229,0.085094,0,0.408859,0.083685,0.064558,0.02843,0.017068,0.003779,424,0,0,0,0,0,0,0,0,0,0,0,0,0,0,0,0,0,0,0,0,0,0,0,0,0,0,0,0,0,0
l2-n512-zipf-w1,main,2,512,zipf,1,eas_k2_adaptive,eas,2,adaptive,71,2,ok,118b6adcabeb10806168a9b06554eb8dc8335b3831e0b5ba5caf72d31cbfc593,l2-n512-zipf-w1-s71-r2-measure-eas_k2_adaptive,174,338,1.75258,1.27695,99282.2010978,0.0100722988506,8908,8908,0.402917,0.072599,0.323526,0.401129,0.071286,0.06184,0,0.042898,0.003101,424,757,1272,0,0,0,0,3354,0,0,0,3072,0,0,0,0,0,140344,0.323526,0.318463,0.049047,0.413769,0,0.069164,0.929782,1.27695,0,0,0,0,2930
l2-n512-zipf-w1,main,2,512,zipf,1,accept_static_degree,accept_static_degree,,greedy,71,2,ok,118b6adcabeb10806168a9b06554eb8dc8335b3831e0b5ba5caf72d31cbfc593,l2-n512-zipf-w1-s71-r2-measure-accept_static_degree,176,336,1.048491,0.571923,167860.286831,0.00595733522727,8720,8720,0.405798,0.070426,0.324748,0.403799,0.069155,0.063563,0,0.042017,0.00327,0,1021,1536,0,0,0,0,0,0,0,0,0,0,0,0,0,0,12056,0.324748,0,0,0.020487,0,0.007118,0.223343,0.571923,0.061008,0.042558,512,1047,0
l2-n512-zipf-w1,main,2,512,zipf,1,eas_k1_adaptive,eas,1,adaptive,71,3,ok,118b6adcabeb10806168a9b06554eb8dc8335b3831e0b5ba5caf72d31cbfc593,l2-n512-zipf-w1-s71-r3-measure-eas_k1_adaptive,176,336,1.875191,1.385887,93857.1057562,0.0106544943182,8776,8776,0.416068,0.073112,0.327564,0.413867,0.071972,0.061811,0,0.044654,0.003341,424,757,1272,0,0,0,0,4227,0,0,0,3072,0,0,0,0,0,140344,0.327564,0.312212,0.052993,0.512448,0,0.063967,1.034813,1.385887,0,0,0,0,3803
l2-n512-zipf-w1,main,2,512,zipf,1,accept_id,accept_id,,greedy,71,3,ok,118b6adcabeb10806168a9b06554eb8dc8335b3831e0b5ba5caf72d31cbfc593,l2-n512-zipf-w1-s71-r3-measure-accept_id,170,342,0.927452,0.448797,183297.89574,0.0054556,8836,8836,0.40273,0.075805,0.317093,0.400993,0.074552,0.061572,0,0.04731,0.00299,0,0,0,0,0,0,0,0,0,0,0,0,0,0,0,0,0,0,0.317093,0,0,0.012617,0,0.00604,0.10845,0.448797,0,0.000496,0,1025,0
l2-n512-zipf-w1,main,2,512,zipf,1,eas_k2_adaptive,eas,2,adaptive,71,3,ok,118b6adcabeb10806168a9b06554eb8dc8335b3831e0b5ba5caf72d31cbfc593,l2-n512-zipf-w1-s71-r3-measure-eas_k2_adaptive,174,338,1.766754,1.285569,98485.6974995,0.0101537586207,8748,8748,0.399172,0.081915,0.321051,0.397204,0.080778,0.062714,0,0.050939,0.003105,424,757,1272,0,0,0,0,3354,0,0,0,3072,0,0,0,0,0,140344,0.321051,0.320596,0.048954,0.425031,0,0.068349,0.941302,1.285569,0,0,0,0,2930
l2-n512-zipf-w1,main,2,512,zipf,1,accept_static_degree,accept_static_degree,,greedy,71,3,ok,118b6adcabeb10806168a9b06554eb8dc8335b3831e0b5ba5caf72d31cbfc593,l2-n512-zipf-w1-s71-r3-measure-accept_static_degree,176,336,1.051135,0.566173,167438.055055,0.00597235795455,8560,8560,0.414051,0.070789,0.322848,0.412014,0.069436,0.062763,0,0.041834,0.00339,0,1021,1536,0,0,0,0,0,0,0,0,0,0,0,0,0,0,12056,0.322848,0,0,0.020789,0,0.006454,0.219332,0.566173,0.060748,0.042222,512,1047,0
l2-n512-zipf-w1,main,2,512,zipf,1,native,native,,native,71,3,ok,118b6adcabeb10806168a9b06554eb8dc8335b3831e0b5ba5caf72d31cbfc593,l2-n512-zipf-w1-s71-r3-measure-native,147,365,0.487571,0,301494.551563,0.00331680952381,8756,8756,0.402819,0.084623,0,0.400596,0.083554,0.061844,0.028656,0.016911,0.003292,424,0,0,0,0,0,0,0,0,0,0,0,0,0,0,0,0,0,0,0,0,0,0,0,0,0,0,0,0,0,0
l2-n512-zipf-w1,main,2,512,zipf,1,native,native,,native,101,1,ok,a2ef316dd114c91b3d8e1f4d8072edcebf7f4159c38838a8cc7e4cdc68725f6e,l2-n512-zipf-w1-s101-r1-measure-native,148,364,0.497864,0,297269.937172,0.00336394594595,8768,8768,0.412869,0.084929,0,0.410531,0.083629,0.063177,0.028258,0.017342,0.003638,423,0,0,0,0,0,0,0,0,0,0,0,0,0,0,0,0,0,0,0,0,0,0,0,0,0,0,0,0,0,0
l2-n512-zipf-w1,main,2,512,zipf,1,accept_id,accept_id,,greedy,101,1,ok,a2ef316dd114c91b3d8e1f4d8072edcebf7f4159c38838a8cc7e4cdc68725f6e,l2-n512-zipf-w1-s101-r1-measure-accept_id,175,337,0.949179,0.46093,184369.86069,0.00542388,8628,8628,0.412118,0.075965,0.326046,0.410055,0.074626,0.062291,0,0.045509,0.003402,0,0,0,0,0,0,0,0,0,0,0,0,0,0,0,0,0,0,0.326046,0,0,0.012848,0,0.006947,0.110842,0.46093,0,0.000506,0,1038,0
l2-n512-zipf-w1,main,2,512,zipf,1,eas_k2_adaptive,eas,2,adaptive,101,1,ok,a2ef316dd114c91b3d8e1f4d8072edcebf7f4159c38838a8cc7e4cdc68725f6e,l2-n512-zipf-w1-s101-r1-measure-eas_k2_adaptive,184,328,1.783954,1.28487,103141.672936,0.00969540217391,8820,8820,0.423285,0.075622,0.32672,0.421218,0.07449,0.062348,0,0.045356,0.003199,423,761,1269,0,0,0,0,3323,0,0,0,3072,0,0,0,0,0,140568,0.32672,0.313904,0.049549,0.423128,0,0.068937,0.934379,1.28487,0,0,0,0,2900
l2-n512-zipf-w1,main,2,512,zipf,1,accept_static_degree,accept_static_degree,,greedy,101,1,ok,a2ef316dd114c91b3d8e1f4d8072edcebf7f4159c38838a8cc7e4cdc68725f6e,l2-n512-zipf-w1-s101-r1-measure-accept_static_degree,184,328,1.067285,0.579435,172400.061839,0.00580046195652,8508,8508,0.410243,0.07751,0.331731,0.407768,0.0765,0.063221,0,0.047421,0.003485,0,1028,1536,0,0,0,0,0,0,0,0,0,0,0,0,0,0,12136,0.331731,0,0,0.020704,0,0.007201,0.223907,0.579435,0.063433,0.041846,512,1068,0
l2-n512-zipf-w1,main,2,512,zipf,1,eas_k1_adaptive,eas,1,adaptive,101,1,ok,a2ef316dd114c91b3d8e1f4d8072edcebf7f4159c38838a8cc7e4cdc68725f6e,l2-n512-zipf-w1-s101-r1-measure-eas_k1_adaptive,184,328,1.935194,1.447864,95080.9066171,0.0105173586957,8648,8648,0.40943,0.077717,0.324714,0.407404,0.076627,0.0627,0,0.047562,0.003116,423,761,1269,0,0,0,0,4205,0,0,0,3072,0,0,0,0,0,140568,0.324714,0.365642,0.053316,0.521032,0,0.064809,1.099327,1.447864,0,0,0,0,3782
l2-n512-zipf-w1,main,2,512,zipf,1,native,native,,native,101,2,ok,a2ef316dd114c91b3d8e1f4d8072edcebf7f4159c38838a8cc7e4cdc68725f6e,l2-n512-zipf-w1-s101-r2-measure-native,148,364,0.491366,0,301201.141308,0.00332004054054,8776,8776,0.406554,0.084605,0,0.404537,0.08368,0.062622,0.028543,0.017117,0.002942,423,0,0,0,0,0,0,0,0,0,0,0,0,0,0,0,0,0,0,0,0,0,0,0,0,0,0,0,0,0,0
l2-n512-zipf-w1,main,2,512,zipf,1,accept_id,accept_id,,greedy,101,2,ok,a2ef316dd114c91b3d8e1f4d8072edcebf7f4159c38838a8cc7e4cdc68725f6e,l2-n512-zipf-w1-s101-r2-measure-accept_id,175,337,0.938805,0.453378,186407.187861,0.0053646,8480,8480,0.409116,0.076118,0.318843,0.406901,0.07497,0.063054,0,0.046041,0.003363,0,0,0,0,0,0,0,0,0,0,0,0,0,0,0,0,0,0,0.318843,0,0,0.012984,0,0.006355,0.110893,0.453378,0,0.000491,0,1038,0
l2-n512-zipf-w1,main,2,512,zipf,1,eas_k2_adaptive,eas,2,adaptive,101,2,ok,a2ef316dd114c91b3d8e1f4d8072edcebf7f4159c38838a8cc7e4cdc68725f6e,l2-n512-zipf-w1-s101-r2-measure-eas_k2_adaptive,184,328,1.770835,1.282151,103905.784559,0.00962410326087,8756,8756,0.416426,0.07202,0.318795,0.414507,0.070747,0.062204,0,0.042195,0.003192,423,761,1269,0,0,0,0,3323,0,0,0,3072,0,0,0,0,0,140568,0.318795,0.322878,0.049538,0.418503,0,0.069416,0.939593,1.282151,0,0,0,0,2900
l2-n512-zipf-w1,main,2,512,zipf,1,accept_static_degree,accept_static_degree,,greedy,101,2,ok,a2ef316dd114c91b3d8e1f4d8072edcebf7f4159c38838a8cc7e4cdc68725f6e,l2-n512-zipf-w1-s101-r2-measure-accept_static_degree,184,328,1.04919,0.572821,175373.383277,0.00570211956522,8544,8544,0.40454,0.071715,0.324668,0.40233,0.070084,0.062729,0,0.041998,0.003841,0,1028,1536,0,0,0,0,0,0,0,0,0,0,0,0,0,0,12136,0.324668,0,0,0.020944,0,0.006193,0.22447,0.572821,0.06266,0.042867,512,1068,0
l2-n512-zipf-w1,main,2,512,zipf,1,eas_k1_adaptive,eas,1,adaptive,101,2,ok,a2ef316dd114c91b3d8e1f4d8072edcebf7f4159c38838a8cc7e4cdc68725f6e,l2-n512-zipf-w1-s101-r2-measure-eas_k1_adaptive,184,328,1.896597,1.400685,97015.8657849,0.0103075923913,8908,8908,0.416394,0.079397,0.325826,0.414028,0.077991,0.063303,0,0.04867,0.003772,423,761,1269,0,0,0,0,4205,0,0,0,3072,0,0,0,0,0,140568,0.325826,0.324329,0.053127,0.518063,0,0.063798,1.051364,1.400685,0,0,0,0,3782
l2-n512-zipf-w1,main,2,512,zipf,1,accept_id,accept_id,,greedy,101,3,ok,a2ef316dd114c91b3d8e1f4d8072edcebf7f4159c38838a8cc7e4cdc68725f6e,l2-n512-zipf-w1-s101-r3-measure-accept_id,175,337,0.928217,0.452212,188533.500248,0.00530409714286,8640,8640,0.40506,0.070758,0.317277,0.403338,0.069576,0.06218,0,0.041727,0.002904,0,0,0,0,0,0,0,0,0,0,0,0,0,0,0,0,0,0,0.317277,0,0,0.012929,0,0.006515,0.111147,0.452212,0,0.000495,0,1038,0
l2-n512-zipf-w1,main,2,512,zipf,1,eas_k1_adaptive,eas,1,adaptive,101,3,ok,a2ef316dd114c91b3d8e1f4d8072edcebf7f4159c38838a8cc7e4cdc68725f6e,l2-n512-zipf-w1-s101-r3-measure-eas_k1_adaptive,184,328,1.909749,1.419153,96347.7399386,0.0103790706522,8712,8712,0.410457,0.079965,0.334462,0.408609,0.078804,0.063242,0,0.047981,0.003009,423,761,1269,0,0,0,0,4205,0,0,0,3072,0,0,0,0,0,140568,0.334462,0.329549,0.053134,0.522294,0,0.06385,1.061101,1.419153,0,0,0,0,3782
l2-n512-zipf-w1,main,2,512,zipf,1,native,native,,native,101,3,ok,a2ef316dd114c91b3d8e1f4d8072edcebf7f4159c38838a8cc7e4cdc68725f6e,l2-n512-zipf-w1-s101-r3-measure-native,148,364,0.495027,0,298973.591339,0.00334477702703,8776,8776,0.410143,0.084814,0,0.408171,0.083438,0.062406,0.028457,0.01707,0.003348,423,0,0,0,0,0,0,0,0,0,0,0,0,0,0,0,0,0,0,0,0,0,0,0,0,0,0,0,0,0,0
l2-n512-zipf-w1,main,2,512,zipf,1,accept_static_degree,accept_static_degree,,greedy,101,3,ok,a2ef316dd114c91b3d8e1f4d8072edcebf7f4159c38838a8cc7e4cdc68725f6e,l2-n512-zipf-w1-s101-r3-measure-accept_static_degree,184,328,1.043025,0.56946,176409.96141,0.00566861413043,8760,8760,0.399417,0.074042,0.322635,0.397661,0.072914,0.062567,0,0.044114,0.002884,0,1028,1536,0,0,0,0,0,0,0,0,0,0,0,0,0,0,12136,0.322635,0,0,0.02106,0,0.006411,0.223179,0.56946,0.06263,0.042434,512,1068,0
l2-n512-zipf-w1,main,2,512,zipf,1,eas_k2_adaptive,eas,2,adaptive,101,3,ok,a2ef316dd114c91b3d8e1f4d8072edcebf7f4159c38838a8cc7e4cdc68725f6e,l2-n512-zipf-w1-s101-r3-measure-eas_k2_adaptive,184,328,1.777152,1.294233,103536.444829,0.00965843478261,8744,8744,0.407182,0.07563,0.324779,0.404549,0.073806,0.06305,0,0.044638,0.004457,423,761,1269,0,0,0,0,3323,0,0,0,3072,0,0,0,0,0,140568,0.324779,0.329146,0.048945,0.418629,0,0.069361,0.945529,1.294233,0,0,0,0,2900
l2-n2048-uniform-w1,main,2,2048,uniform,1,accept_id,accept_id,,greedy,11,1,ok,8033ea1525f212c0709346166873670dad0bb9b5d21d448957dff8b289e0dc78,l2-n2048-uniform-w1-s11-r1-measure-accept_id,1462,586,4.215788,1.915876,346791.631837,0.00288357592339,10784,10784,1.834612,0.46505,1.323196,1.832597,0.463603,0.406583,0,0.322501,0.003462,0,0,0,0,0,0,0,0,0,0,0,0,0,0,0,0,0,0,1.323196,0,0,0.051999,0,0.023485,0.450836,1.915876,0,0.001783,0,6440,0
l2-n2048-uniform-w1,main,2,2048,uniform,1,eas_k2_adaptive,eas,2,adaptive,11,1,ok,8033ea1525f212c0709346166873670dad0bb9b5d21d448957dff8b289e0dc78,l2-n2048-uniform-w1-s11-r1-measure-eas_k2_adaptive,1488,560,5.883788,3.590157,252898.30293,0.00395415860215,11252,11252,1.836076,0.457248,1.354653,1.833942,0.455439,0.403476,0,0.314293,0.003943,1142,2686,3426,0,0,0,0,1943,0,0,0,12288,0,0,0,0,0,530592,1.354653,1.043727,0.14481,0.220406,0,0.195571,2.097472,3.590157,0,0,0,0,801
l2-n2048-uniform-w1,main,2,2048,uniform,1,accept_static_degree,accept_static_degree,,greedy,11,1,ok,8033ea1525f212c0709346166873670dad0bb9b5d21d448957dff8b289e0dc78,l2-n2048-uniform-w1-s11-r1-measure-accept_static_degree,1496,552,4.693603,2.382422,318731.68651,0.00313743516043,10908,10908,1.838352,0.472567,1.346919,1.836217,0.470715,0.407941,0,0.331809,0.003987,0,5404,6144,0,0,0,0,0,0,0,0,0,0,0,0,0,0,59616,1.346919,0,0,0.058447,0,0.024318,0.895703,2.382422,0.274989,0.164744,2048,6585,0
l2-n2048-uniform-w1,main,2,2048,uniform,1,native,native,,native,11,1,ok,8033ea1525f212c0709346166873670dad0bb9b5d21d448957dff8b289e0dc78,l2-n2048-uniform-w1-s11-r1-measure-native,1400,648,2.451191,0,571150.922144,0.00175085071429,10840,10840,1.855003,0.596134,0,1.853038,0.59492,0.40667,0.138637,0.253081,0.003179,1142,0,0,0,0,0,0,0,0,0,0,0,0,0,0,0,0,0,0,0,0,0,0,0,0,0,0,0,0,0,0
l2-n2048-uniform-w1,main,2,2048,uniform,1,eas_k1_adaptive,eas,1,adaptive,11,1,ok,8033ea1525f212c0709346166873670dad0bb9b5d21d448957dff8b289e0dc78,l2-n2048-uniform-w1-s11-r1-measure-eas_k1_adaptive,1489,559,5.970191,3.599202,249405.75603,0.00400953055742,11204,11204,1.819291,0.551378,1.33434,1.817172,0.549149,0.403104,0,0.407563,0.004348,1142,2686,3426,0,0,0,0,1949,0,0,0,12288,0,0,0,0,0,530592,1.33434,1.035046,0.152202,0.225229,0,0.191505,2.125386,3.599202,0,0,0,0,807
l2-n2048-uniform-w1,main,2,2048,uniform,1,eas_k1_adaptive,eas,1,adaptive,11,2,ok,8033ea1525f212c0709346166873670dad0bb9b5d21d448957dff8b289e0dc78,l2-n2048-uniform-w1-s11-r2-measure-eas_k1_adaptive,1489,559,5.848354,3.566718,254601.551137,0.00392770584285,11204,11204,1.838286,0.443196,1.321847,1.836225,0.441524,0.404413,0,0.305998,0.003733,1142,2686,3426,0,0,0,0,1949,0,0,0,12288,0,0,0,0,0,530592,1.321847,1.022615,0.149708,0.224604,0,0.192081,2.105114,3.566718,0,0,0,0,807
l2-n2048-uniform-w1,main,2,2048,uniform,1,accept_id,accept_id,,greedy,11,2,ok,8033ea1525f212c0709346166873670dad0bb9b5d21d448957dff8b289e0dc78,l2-n2048-uniform-w1-s11-r2-measure-accept_id,1462,586,4.227791,1.901733,345807.065676,0.00289178590971,10956,10956,1.862258,0.463714,1.315134,1.860294,0.462297,0.410324,0,0.323395,0.003381,0,0,0,0,0,0,0,0,0,0,0,0,0,0,0,0,0,0,1.315134,0,0,0.050402,0,0.023747,0.444824,1.901733,0,0.001677,0,6440,0
l2-n2048-uniform-w1,main,2,2048,uniform,1,native,native,,native,11,2,ok,8033ea1525f212c0709346166873670dad0bb9b5d21d448957dff8b289e0dc78,l2-n2048-uniform-w1-s11-r2-measure-native,1400,648,2.474982,0,565660.679552,0.00176784428571,10604,10604,1.862676,0.612065,0,1.860263,0.610996,0.406848,0.142284,0.260571,0.003482,1142,0,0,0,0,0,0,0,0,0,0,0,0,0,0,0,0,0,0,0,0,0,0,0,0,0,0,0,0,0,0
l2-n2048-uniform-w1,main,2,2048,uniform,1,eas_k2_adaptive,eas,2,adaptive,11,2,ok,8033ea1525f212c0709346166873670dad0bb9b5d21d448957dff8b289e0dc78,l2-n2048-uniform-w1-s11-r2-measure-eas_k2_adaptive,1488,560,5.839676,3.49526,254808.657193,0.00392451344086,11048,11048,1.896979,0.447169,1.30234,1.895016,0.44535,0.413866,0,0.308015,0.003782,1142,2686,3426,0,0,0,0,1943,0,0,0,12288,0,0,0,0,0,530592,1.30234,1.00395,0.145465,0.21419,0,0.193703,2.053017,3.49526,0,0,0,0,801
l2-n2048-uniform-w1,main,2,2048,uniform,1,accept_static_degree,accept_static_degree,,greedy,11,2,ok,8033ea1525f212c0709346166873670dad0bb9b5d21d448957dff8b289e0dc78,l2-n2048-uniform-w1-s11-r2-measure-accept_static_degree,1496,552,4.597901,2.34076,325365.85716,0.00307346323529,10844,10844,1.801126,0.455805,1.314638,1.799064,0.454309,0.400586,0,0.316208,0.003558,0,5404,6144,0,0,0,0,0,0,0,0,0,0,0,0,0,0,59616,1.314638,0,0,0.058454,0,0.024261,0.888097,2.34076,0.270835,0.162202,2048,6585,0
l2-n2048-uniform-w1,main,2,2048,uniform,1,native,native,,native,11,3,ok,8033ea1525f212c0709346166873670dad0bb9b5d21d448957dff8b289e0dc78,l2-n2048-uniform-w1-s11-r3-measure-native,1400,648,2.448703,0,571731.238946,0.00174907357143,10952,10952,1.844166,0.604468,0,1.842083,0.603013,0.411547,0.140305,0.258123,0.003538,1142,0,0,0,0,0,0,0,0,0,0,0,0,0,0,0,0,0,0,0,0,0,0,0,0,0,0,0,0,0,0
l2-n2048-uniform-w1,main,2,2048,uniform,1,accept_id,accept_id,,greedy,11,3,ok,8033ea1525f212c0709346166873670dad0bb9b5d21d448957dff8b289e0dc78,l2-n2048-uniform-w1-s11-r3-measure-accept_id,1462,586,4.221666,1.8891,346308.77952,0.00288759644323,10828,10828,1.858649,0.473824,1.293945,1.856697,0.472392,0.411627,0,0.33385,0.003384,0,0,0,0,0,0,0,0,0,0,0,0,0,0,0,0,0,0,1.293945,0,0,0.052599,0,0.023706,0.453031,1.8891,0,0.001744,0,6440,0
l2-n2048-uniform-w1,main,2,2048,uniform,1,eas_k2_adaptive,eas,2,adaptive,11,3,ok,8033ea1525f212c0709346166873670dad0bb9b5d21d448957dff8b289e0dc78,l2-n2048-uniform-w1-s11-r3-measure-eas_k2_adaptive,1488,560,5.742129,3.477575,259137.333905,0.00385895766129,11328,11328,1.812949,0.451414,1.282112,1.810977,0.449767,0.409542,0,0.314321,0.003619,1142,2686,3426,0,0,0,0,1943,0,0,0,12288,0,0,0,0,0,530592,1.282112,1.006819,0.144944,0.218453,0,0.193751,2.058297,3.477575,0,0,0,0,801
l2-n2048-uniform-w1,main,2,2048,uniform,1,eas_k1_adaptive,eas,1,adaptive,11,3,ok,8033ea1525f212c0709346166873670dad0bb9b5d21d448957dff8b289e0dc78,l2-n2048-uniform-w1-s11-r3-measure-eas_k1_adaptive,1489,559,5.863216,3.557355,253956.190596,0.00393768703828,11028,11028,1.856382,0.44934,1.307222,1.853996,0.447278,0.415061,0,0.310654,0.004448,1142,2686,3426,0,0,0,0,1949,0,0,0,12288,0,0,0,0,0,530592,1.307222,1.019133,0.15141,0.226343,0,0.193029,2.110733,3.557355,0,0,0,0,807
l2-n2048-uniform-w1,main,2,2048,uniform,1,accept_static_degree,accept_static_degree,,greedy,11,3,ok,8033ea1525f212c0709346166873670dad0bb9b5d21d448957dff8b289e0dc78,l2-n2048-uniform-w1-s11-r3-measure-accept_static_degree,1496,552,4.739357,2.35967,315654.634162,0.00316801938503,10928,10928,1.915984,0.463405,1.333352,1.913978,0.461678,0.413292,0,0.318348,0.003733,0,5404,6144,0,0,0,0,0,0,0,0,0,0,0,0,0,0,59616,1.333352,0,0,0.058593,0,0.02426,0.885549,2.35967,0.271811,0.159631,2048,6585,0
l2-n2048-uniform-w1,main,2,2048,uniform,1,accept_id,accept_id,,greedy,29,1,ok,e56b82fa40ea6a67ec61342a439341402ac8a90b1ce7bae0de0478f3c0e1c605,l2-n2048-uniform-w1-s29-r1-measure-accept_id,1450,598,4.285213,1.937038,338372.911685,0.00295531931034,10892,10892,1.876451,0.471487,1.342917,1.874012,0.469898,0.415614,0,0.321602,0.004028,0,0,0,0,0,0,0,0,0,0,0,0,0,0,0,0,0,0,1.342917,0,0,0.050662,0,0.0242,0.451157,1.937038,0,0.001691,0,6405,0
l2-n2048-uniform-w1,main,2,2048,uniform,1,eas_k1_adaptive,eas,1,adaptive,29,1,ok,e56b82fa40ea6a67ec61342a439341402ac8a90b1ce7bae0de0478f3c0e1c605,l2-n2048-uniform-w1-s29-r1-measure-eas_k1_adaptive,1484,564,5.826741,3.548539,254687.826351,0.00392637533693,11072,11072,1.822634,0.455265,1.297512,1.820562,0.453104,0.410981,0,0.318018,0.004233,1145,2701,3435,0,0,0,0,1961,0,0,0,12288,0,0,0,0,0,530728,1.297512,1.033481,0.150512,0.224965,0,0.18904,2.112786,3.548539,0,0,0,0,816
l2-n2048-uniform-w1,main,2,2048,uniform,1,eas_k2_adaptive,eas,2,adaptive,29,1,ok,e56b82fa40ea6a67ec61342a439341402ac8a90b1ce7bae0de0478f3c0e1c605,l2-n2048-uniform-w1-s29-r1-measure-eas_k2_adaptive,1482,566,5.873363,3.559856,252325.626732,0.00396313292848,11016,11016,1.878968,0.434068,1.32487,1.876525,0.432465,0.412223,0,0.297477,0.004046,1145,2701,3435,0,0,0,0,1960,0,0,0,12288,0,0,0,0,0,530728,1.32487,1.049768,0.143728,0.215815,0,0.190842,2.091223,3.559856,0,0,0,0,815
l2-n2048-uniform-w1,main,2,2048,uniform,1,native,native,,native,29,1,ok,e56b82fa40ea6a67ec61342a439341402ac8a90b1ce7bae0de0478f3c0e1c605,l2-n2048-uniform-w1-s29-r1-measure-native,1397,651,2.502317,0,558282.583701,0.00179120758769,10728,10728,1.897941,0.604315,0,1.896026,0.602106,0.415547,0.14008,0.258403,0.004124,1145,0,0,0,0,0,0,0,0,0,0,0,0,0,0,0,0,0,0,0,0,0,0,0,0,0,0,0,0,0,0
l2-n2048-uniform-w1,main,2,2048,uniform,1,accept_static_degree,accept_static_degree,,greedy,29,1,ok,e56b82fa40ea6a67ec61342a439341402ac8a90b1ce7bae0de0478f3c0e1c605,l2-n2048-uniform-w1-s29-r1-measure-accept_static_degree,1487,561,4.61318,2.308344,322337.303118,0.00310234028245,10904,10904,1.833402,0.471331,1.287461,1.831674,0.469649,0.406302,0,0.3296,0.00341,0,5410,6144,0,0,0,0,0,0,0,0,0,0,0,0,0,0,59664,1.287461,0,0,0.060002,0,0.023671,0.88198,2.308344,0.280845,0.143924,2048,6545,0
l2-n2048-uniform-w1,main,2,2048,uniform,1,accept_static_degree,accept_static_degree,,greedy,29,2,ok,e56b82fa40ea6a67ec61342a439341402ac8a90b1ce7bae0de0478f3c0e1c605,l2-n2048-uniform-w1-s29-r2-measure-accept_static_degree,1487,561,4.683246,2.31835,317514.817714,0.00314945931406,10904,10904,1.826823,0.537972,1.296741,1.82503,0.536084,0.411459,0,0.393466,0.003681,0,5410,6144,0,0,0,0,0,0,0,0,0,0,0,0,0,0,59664,1.296741,0,0,0.060032,0,0.023768,0.880645,2.31835,0.280085,0.143799,2048,6545,0
l2-n2048-uniform-w1,main,2,2048,uniform,1,accept_id,accept_id,,greedy,29,2,ok,e56b82fa40ea6a67ec61342a439341402ac8a90b1ce7bae0de0478f3c0e1c605,l2-n2048-uniform-w1-s29-r2-measure-accept_id,1450,598,4.223635,1.923501,343306.180577,0.00291285172414,10748,10748,1.830697,0.469077,1.334485,1.828612,0.466946,0.396439,0,0.326944,0.004216,0,0,0,0,0,0,0,0,0,0,0,0,0,0,0,0,0,0,1.334485,0,0,0.050968,0,0.024176,0.446965,1.923501,0,0.00168,0,6405,0
l2-n2048-uniform-w1,main,2,2048,uniform,1,eas_k1_adaptive,eas,1,adaptive,29,2,ok,e56b82fa40ea6a67ec61342a439341402ac8a90b1ce7bae0de0478f3c0e1c605,l2-n2048-uniform-w1-s29-r2-measure-eas_k1_adaptive,1484,564,5.852148,3.568305,253582.103528,0.00394349595687,11028,11028,1.852837,0.430883,1.300085,1.850909,0.429102,0.409866,0,0.295704,0.003709,1145,2701,3435,0,0,0,0,1961,0,0,0,12288,0,0,0,0,0,530728,1.300085,1.046467,0.150749,0.226923,0,0.190285,2.129471,3.568305,0,0,0,0,816
l2-n2048-uniform-w1,main,2,2048,uniform,1,native,native,,native,29,2,ok,e56b82fa40ea6a67ec61342a439341402ac8a90b1ce7bae0de0478f3c0e1c605,l2-n2048-uniform-w1-s29-r2-measure-native,1397,651,2.400686,0,581917.002057,0.00171845812455,10868,10868,1.808237,0.592349,0,1.806114,0.590542,0.393489,0.138005,0.249469,0.00393,1145,0,0,0,0,0,0,0,0,0,0,0,0,0,0,0,0,0,0,0,0,0,0,0,0,0,0,0,0,0,0
l2-n2048-uniform-w1,main,2,2048,uniform,1,eas_k2_adaptive,eas,2,adaptive,29,2,ok,e56b82fa40ea6a67ec61342a439341402ac8a90b1ce7bae0de0478f3c0e1c605,l2-n2048-uniform-w1-s29-r2-measure-eas_k2_adaptive,1482,566,5.860717,3.546276,252870.083985,0.00395459986505,10984,10984,1.87278,0.441544,1.319666,1.870471,0.43936,0.413625,0,0.304741,0.004493,1145,2701,3435,0,0,0,0,1960,0,0,0,12288,0,0,0,0,0,530728,1.319666,1.039575,0.145002,0.216122,0,0.191415,2.086876,3.546276,0,0,0,0,815
l2-n2048-uniform-w1,main,2,2048,uniform,1,accept_static_degree,accept_static_degree,,greedy,29,3,ok,e56b82fa40ea6a67ec61342a439341402ac8a90b1ce7bae0de0478f3c0e1c605,l2-n2048-uniform-w1-s29-r3-measure-accept_static_degree,1487,561,4.663078,2.335217,318888.082078,0.00313589643578,10780,10780,1.857483,0.470104,1.307799,1.855262,0.468286,0.404191,0,0.327973,0.004039,0,5410,6144,0,0,0,0,0,0,0,0,0,0,0,0,0,0,59664,1.307799,0,0,0.060261,0,0.023667,0.881683,2.335217,0.279659,0.143704,2048,6545,0
l2-n2048-uniform-w1,main,2,2048,uniform,1,accept_id,accept_id,,greedy,29,3,ok,e56b82fa40ea6a67ec61342a439341402ac8a90b1ce7bae0de0478f3c0e1c605,l2-n2048-uniform-w1-s29-r3-measure-accept_id,1450,598,4.287837,1.929063,338165.839793,0.00295712896552,10764,10764,1.885511,0.473175,1.339881,1.883318,0.471404,0.421831,0,0.330627,0.003964,0,0,0,0,0,0,0,0,0,0,0,0,0,0,0,0,0,0,1.339881,0,0,0.051315,0,0.024652,0.446124,1.929063,0,0.001682,0,6405,0
l2-n2048-uniform-w1,main,2,2048,uniform,1,eas_k1_adaptive,eas,1,adaptive,29,3,ok,e56b82fa40ea6a67ec61342a439341402ac8a90b1ce7bae0de0478f3c0e1c605,l2-n2048-uniform-w1-s29-r3-measure-eas_k1_adaptive,1484,564,5.958827,3.594878,249042.303124,0.00401538207547,11228,11228,1.907095,0.456572,1.31413,1.904742,0.454441,0.422375,0,0.315143,0.004484,1145,2701,3435,0,0,0,0,1961,0,0,0,12288,0,0,0,0,0,530728,1.31413,1.049882,0.153134,0.232312,0,0.192652,2.140498,3.594878,0,0,0,0,816
l2-n2048-uniform-w1,main,2,2048,uniform,1,eas_k2_adaptive,eas,2,adaptive,29,3,ok,e56b82fa40ea6a67ec61342a439341402ac8a90b1ce7bae0de0478f3c0e1c605,l2-n2048-uniform-w1-s29-r3-measure-eas_k2_adaptive,1482,566,5.984974,3.615286,247620.123329,0.0040384439946,10996,10996,1.897278,0.47206,1.359387,1.894987,0.470104,0.425612,0,0.331954,0.004247,1145,2701,3435,0,0,0,0,1960,0,0,0,12288,0,0,0,0,0,530728,1.359387,1.053778,0.147409,0.218608,0,0.190088,2.115276,3.615286,0,0,0,0,815
l2-n2048-uniform-w1,main,2,2048,uniform,1,native,native,,native,29,3,ok,e56b82fa40ea6a67ec61342a439341402ac8a90b1ce7bae0de0478f3c0e1c605,l2-n2048-uniform-w1-s29-r3-measure-native,1397,651,2.472722,0,564964.439998,0.00177002290623,10748,10748,1.870015,0.602499,0,1.867963,0.601509,0.407777,0.140997,0.255461,0.003042,1145,0,0,0,0,0,0,0,0,0,0,0,0,0,0,0,0,0,0,0,0,0,0,0,0,0,0,0,0,0,0
l2-n2048-uniform-w1,main,2,2048,uniform,1,accept_static_degree,accept_static_degree,,greedy,47,1,ok,c761ed6f91e16751e809500db72806aad347ff5d9620845e42723e3f6eb9a326,l2-n2048-uniform-w1-s47-r1-measure-accept_static_degree,1502,546,4.700154,2.334751,319563.997265,0.00312926364847,10844,10844,1.884914,0.480391,1.309391,1.883027,0.478339,0.407314,0,0.335506,0.003939,0,5427,6144,0,0,0,0,0,0,0,0,0,0,0,0,0,0,59800,1.309391,0,0,0.058022,0,0.023705,0.886054,2.334751,0.26306,0.164142,2048,6594,0
l2-n2048-uniform-w1,main,2,2048,uniform,1,eas_k2_adaptive,eas,2,adaptive,47,1,ok,c761ed6f91e16751e809500db72806aad347ff5d9620845e42723e3f6eb9a326,l2-n2048-uniform-w1-s47-r1-measure-eas_k2_adaptive,1498,550,5.821698,3.519118,257313.244349,0.00388631375167,11180,11180,1.868961,0.433424,1.321268,1.866743,0.431247,0.414118,0,0.295196,0.004395,1117,2634,3351,0,0,0,0,1886,0,0,0,12288,0,0,0,0,0,529296,1.321268,1.014731,0.140312,0.204376,0,0.187968,2.048944,3.519118,0,0,0,0,769
l2-n2048-uniform-w1,main,2,2048,uniform,1,native,native,,native,47,1,ok,c761ed6f91e16751e809500db72806aad347ff5d9620845e42723e3f6eb9a326,l2-n2048-uniform-w1-s47-r1-measure-native,1415,633,2.539095,0,557285.174442,0.00179441342756,10740,10740,1.919811,0.619173,0,1.917404,0.617736,0.416079,0.143538,0.266205,0.003844,1117,0,0,0,0,0,0,0,0,0,0,0,0,0,0,0,0,0,0,0,0,0,0,0,0,0,0,0,0,0,0
l2-n2048-uniform-w1,main,2,2048,uniform,1,accept_id,accept_id,,greedy,47,1,ok,c761ed6f91e16751e809500db72806aad347ff5d9620845e42723e3f6eb9a326,l2-n2048-uniform-w1-s47-r1-measure-accept_id,1465,583,4.198759,1.900217,348912.619181,0.00286604709898,10700,10700,1.837857,0.46058,1.30898,1.836269,0.45896,0.399897,0,0.317375,0.003208,0,0,0,0,0,0,0,0,0,0,0,0,0,0,0,0,0,0,1.30898,0,0,0.050964,0,0.024122,0.452023,1.900217,0,0.00169,0,6448,0
l2-n2048-uniform-w1,main,2,2048,uniform,1,eas_k1_adaptive,eas,1,adaptive,47,1,ok,c761ed6f91e16751e809500db72806aad347ff5d9620845e42723e3f6eb9a326,l2-n2048-uniform-w1-s47-r1-measure-eas_k1_adaptive,1498,550,5.946103,3.546286,251929.709257,0.0039693611482,10960,10960,1.956728,0.442982,1.300848,1.954724,0.441203,0.434298,0,0.303017,0.003783,1117,2634,3351,0,0,0,0,1890,0,0,0,12288,0,0,0,0,0,529296,1.300848,1.022916,0.148094,0.216008,0,0.188979,2.09498,3.546286,0,0,0,0,773
l2-n2048-uniform-w1,main,2,2048,uniform,1,eas_k1_adaptive,eas,1,adaptive,47,2,ok,c761ed6f91e16751e809500db72806aad347ff5d9620845e42723e3f6eb9a326,l2-n2048-uniform-w1-s47-r2-measure-eas_k1_adaptive,1498,550,5.722575,3.504898,261770.269503,0.0038201435247,11216,11216,1.786566,0.431001,1.292166,1.784678,0.425055,0.400446,0,0.293061,0.007834,1117,2634,3351,0,0,0,0,1890,0,0,0,12288,0,0,0,0,0,529296,1.292166,1.00911,0.14521,0.213247,0,0.18758,2.075897,3.504898,0,0,0,0,773
l2-n2048-uniform-w1,main,2,2048,uniform,1,accept_static_degree,accept_static_degree,,greedy,47,2,ok,c761ed6f91e16751e809500db72806aad347ff5d9620845e42723e3f6eb9a326,l2-n2048-uniform-w1-s47-r2-measure-accept_static_degree,1502,546,4.752769,2.385365,316026.299616,0.00316429360852,10924,10924,1.875059,0.49224,1.336773,1.873003,0.490153,0.412492,0,0.346081,0.004143,0,5427,6144,0,0,0,0,0,0,0,0,0,0,0,0,0,0,59800,1.336773,0,0,0.059794,0,0.02374,0.908891,2.385365,0.273751,0.164012,2048,6594,0
l2-n2048-uniform-w1,main,2,2048,uniform,1,eas_k2_adaptive,eas,2,adaptive,47,2,ok,c761ed6f91e16751e809500db72806aad347ff5d9620845e42723e3f6eb9a326,l2-n2048-uniform-w1-s47-r2-measure-eas_k2_adaptive,1498,550,5.610292,3.434312,267009.275097,0.003745188251,10940,10940,1.744937,0.430893,1.258242,1.743209,0.428994,0.395377,0,0.294334,0.003627,1117,2634,3351,0,0,0,0,1886,0,0,0,12288,0,0,0,0,0,529296,1.258242,0.989104,0.139029,0.202949,0,0.214475,2.038877,3.434312,0,0,0,0,769
l2-n2048-uniform-w1,main,2,2048,uniform,1,accept_id,accept_id,,greedy,47,2,ok,c761ed6f91e16751e809500db72806aad347ff5d9620845e42723e3f6eb9a326,l2-n2048-uniform-w1-s47-r2-measure-accept_id,1465,583,4.041516,1.845378,362487.739749,0.00275871399317,10896,10896,1.752921,0.44313,1.257276,1.751192,0.441837,0.398899,0,0.308265,0.003022,0,0,0,0,0,0,0,0,0,0,0,0,0,0,0,0,0,0,1.257276,0,0,0.05027,0,0.024042,0.450927,1.845378,0,0.001667,0,6448,0
l2-n2048-uniform-w1,main,2,2048,uniform,1,native,native,,native,47,2,ok,c761ed6f91e16751e809500db72806aad347ff5d9620845e42723e3f6eb9a326,l2-n2048-uniform-w1-s47-r2-measure-native,1415,633,2.362878,0,598845.983584,0.00166987844523,10912,10912,1.750934,0.611876,0,1.748949,0.610385,0.405388,0.142696,0.266264,0.003476,1117,0,0,0,0,0,0,0,0,0,0,0,0,0,0,0,0,0,0,0,0,0,0,0,0,0,0,0,0,0,0
l2-n2048-uniform-w1,main,2,2048,uniform,1,native,native,,native,47,3,ok,c761ed6f91e16751e809500db72806aad347ff5d9620845e42723e3f6eb9a326,l2-n2048-uniform-w1-s47-r3-measure-native,1415,633,2.482302,0,570035.394565,0.0017542770318,10816,10816,1.863162,0.619072,0,1.861288,0.617254,0.421295,0.141994,0.270356,0.003692,1117,0,0,0,0,0,0,0,0,0,0,0,0,0,0,0,0,0,0,0,0,0,0,0,0,0,0,0,0,0,0
l2-n2048-uniform-w1,main,2,2048,uniform,1,eas_k2_adaptive,eas,2,adaptive,47,3,ok,c761ed6f91e16751e809500db72806aad347ff5d9620845e42723e3f6eb9a326,l2-n2048-uniform-w1-s47-r3-measure-eas_k2_adaptive,1498,550,5.693582,3.40599,263103.262586,0.00380078905207,11228,11228,1.846176,0.44129,1.268517,1.844331,0.439502,0.409278,0,0.304293,0.003633,1117,2634,3351,0,0,0,0,1886,0,0,0,12288,0,0,0,0,0,529296,1.268517,0.9696,0.139825,0.202205,0,0.191906,1.998355,3.40599,0,0,0,0,769
l2-n2048-uniform-w1,main,2,2048,uniform,1,accept_id,accept_id,,greedy,47,3,ok,c761ed6f91e16751e809500db72806aad347ff5d9620845e42723e3f6eb9a326,l2-n2048-uniform-w1-s47-r3-measure-accept_id,1465,583,4.058535,1.851572,360967.68908,0.00277033105802,10764,10764,1.763473,0.443393,1.261609,1.761375,0.442011,0.396506,0,0.306912,0.00348,0,0,0,0,0,0,0,0,0,0,0,0,0,0,0,0,0,0,1.261609,0,0,0.050593,0,0.023462,0.452756,1.851572,0,0.001681,0,6448,0
l2-n2048-uniform-w1,main,2,2048,uniform,1,accept_static_degree,accept_static_degree,,greedy,47,3,ok,c761ed6f91e16751e809500db72806aad347ff5d9620845e42723e3f6eb9a326,l2-n2048-uniform-w1-s47-r3-measure-accept_static_degree,1502,546,4.460689,2.273387,336719.282604,0.00296983288948,10672,10672,1.741044,0.446159,1.259887,1.739116,0.444718,0.402303,0,0.309515,0.003369,0,5427,6144,0,0,0,0,0,0,0,0,0,0,0,0,0,0,59800,1.259887,0,0,0.058204,0,0.022613,0.875257,2.273387,0.259024,0.16045,2048,6594,0
l2-n2048-uniform-w1,main,2,2048,uniform,1,eas_k1_adaptive,eas,1,adaptive,47,3,ok,c761ed6f91e16751e809500db72806aad347ff5d9620845e42723e3f6eb9a326,l2-n2048-uniform-w1-s47-r3-measure-eas_k1_adaptive,1498,550,5.754254,3.526638,260329.140841,0.00384129105474,11280,11280,1.789055,0.438392,1.322036,1.787294,0.436288,0.412097,0,0.303255,0.003865,1117,2634,3351,0,0,0,0,1890,0,0,0,12288,0,0,0,0,0,529296,1.322036,0.992795,0.145682,0.212259,0,0.18784,2.063585,3.526638,0,0,0,0,773
l2-n2048-uniform-w1,main,2,2048,uniform,1,accept_id,accept_id,,greedy,71,1,ok,2da822b3c48a6df7a73405263f5c048c413efb8bedde469e226ebc1460b977e9,l2-n2048-uniform-w1-s71-r1-measure-accept_id,1425,623,4.101968,1.872825,347394.226381,0.00287857403509,10748,10748,1.770482,0.45856,1.279974,1.76855,0.457134,0.407111,0,0.31802,0.003358,0,0,0,0,0,0,0,0,0,0,0,0,0,0,0,0,0,0,1.279974,0,0,0.052273,0,0.024607,0.451841,1.872825,0,0.001787,0,6330,0
l2-n2048-uniform-w1,main,2,2048,uniform,1,eas_k2_adaptive,eas,2,adaptive,71,1,ok,2da822b3c48a6df7a73405263f5c048c413efb8bedde469e226ebc1460b977e9,l2-n2048-uniform-w1-s71-r1-measure-eas_k2_adaptive,1450,598,5.753886,3.530078,252003.602435,0.00396819724138,11228,11228,1.799116,0.42453,1.274874,1.797474,0.422566,0.406445,0,0.29286,0.003606,1191,2814,3573,0,0,0,0,2062,0,0,0,12288,0,0,0,0,0,532960,1.274874,1.033596,0.140745,0.232209,0,0.196888,2.100233,3.530078,0,0,0,0,871
l2-n2048-uniform-w1,main,2,2048,uniform,1,native,native,,native,71,1,ok,2da822b3c48a6df7a73405263f5c048c413efb8bedde469e226ebc1460b977e9,l2-n2048-uniform-w1-s71-r1-measure-native,1373,675,2.315472,0,592967.654111,0.00168643262928,10744,10744,1.727428,0.587977,0,1.725533,0.586052,0.394014,0.13976,0.247588,0.00382,1191,0,0,0,0,0,0,0,0,0,0,0,0,0,0,0,0,0,0,0,0,0,0,0,0,0,0,0,0,0,0
l2-n2048-uniform-w1,main,2,2048,uniform,1,accept_static_degree,accept_static_degree,,greedy,71,1,ok,2da822b3c48a6df7a73405263f5c048c413efb8bedde469e226ebc1460b977e9,l2-n2048-uniform-w1-s71-r1-measure-accept_static_degree,1460,588,4.519553,2.313416,323040.796291,0.00309558424658,10924,10924,1.754689,0.451332,1.28647,1.753062,0.449242,0.409761,0,0.315612,0.003717,0,5385,6144,0,0,0,0,0,0,0,0,0,0,0,0,0,0,59464,1.28647,0,0,0.058062,0,0.023548,0.887152,2.313416,0.271052,0.161407,2048,6458,0
l2-n2048-uniform-w1,main,2,2048,uniform,1,eas_k1_adaptive,eas,1,adaptive,71,1,ok,2da822b3c48a6df7a73405263f5c048c413efb8bedde469e226ebc1460b977e9,l2-n2048-uniform-w1-s71-r1-measure-eas_k1_adaptive,1453,595,5.774926,3.565289,251604.955631,0.0039744845148,11248,11248,1.782405,0.427128,1.288258,1.780467,0.425146,0.400748,0,0.29255,0.00392,1191,2814,3573,0,0,0,0,2060,0,0,0,12288,0,0,0,0,0,532960,1.288258,1.020397,0.14713,0.254035,0,0.194303,2.137336,3.565289,0,0,0,0,869
l2-n2048-uniform-w1,main,2,2048,uniform,1,eas_k1_adaptive,eas,1,adaptive,71,2,ok,2da822b3c48a6df7a73405263f5c048c413efb8bedde469e226ebc1460b977e9,l2-n2048-uniform-w1-s71-r2-measure-eas_k1_adaptive,1453,595,5.709537,3.545553,254486.484631,0.00392948176187,11196,11196,1.741187,0.422667,1.277314,1.739385,0.420865,0.397163,0,0.290136,0.003604,1191,2814,3573,0,0,0,0,2060,0,0,0,12288,0,0,0,0,0,532960,1.277314,1.01538,0.147465,0.250375,0,0.194063,2.128769,3.545553,0,0,0,0,869
l2-n2048-uniform-w1,main,2,2048,uniform,1,native,native,,native,71,2,ok,2da822b3c48a6df7a73405263f5c048c413efb8bedde469e226ebc1460b977e9,l2-n2048-uniform-w1-s71-r2-measure-native,1373,675,2.311262,0,594047.753998,0.00168336635106,10600,10600,1.723275,0.587931,0,1.721424,0.585893,0.395529,0.138267,0.249178,0.003889,1191,0,0,0,0,0,0,0,0,0,0,0,0,0,0,0,0,0,0,0,0,0,0,0,0,0,0,0,0,0,0
l2-n2048-uniform-w1,main,2,2048,uniform,1,accept_id,accept_id,,greedy,71,2,ok,2da822b3c48a6df7a73405263f5c048c413efb8bedde469e226ebc1460b977e9,l2-n2048-uniform-w1-s71-r2-measure-accept_id,1425,623,4.079028,1.865456,349347.93289,0.00286247578947,10776,10776,1.759355,0.454115,1.274023,1.757493,0.452613,0.411028,0,0.316739,0.003364,0,0,0,0,0,0,0,0,0,0,0,0,0,0,0,0,0,0,1.274023,0,0,0.052622,0,0.024692,0.448284,1.865456,0,0.001789,0,6330,0
l2-n2048-uniform-w1,main,2,2048,uniform,1,accept_static_degree,accept_static_degree,,greedy,71,2,ok,2da822b3c48a6df7a73405263f5c048c413efb8bedde469e226ebc1460b977e9,l2-n2048-uniform-w1-s71-r2-measure-accept_static_degree,1460,588,4.555069,2.323117,320522.038195,0.00311991027397,11044,11044,1.77558,0.456189,1.300045,1.77378,0.454553,0.406974,0,0.318031,0.003436,0,5385,6144,0,0,0,0,0,0,0,0,0,0,0,0,0,0,59464,1.300045,0,0,0.057749,0,0.024266,0.884473,2.323117,0.270426,0.161531,2048,6458,0
l2-n2048-uniform-w1,main,2,2048,uniform,1,eas_k2_adaptive,eas,2,adaptive,71,2,ok,2da822b3c48a6df7a73405263f5c048c413efb8bedde469e226ebc1460b977e9,l2-n2048-uniform-w1-s71-r2-measure-eas_k2_adaptive,1450,598,5.725066,3.514087,253272.189351,0.00394832137931,11036,11036,1.782186,0.428662,1.278729,1.780514,0.426881,0.409302,0,0.295208,0.003453,1191,2814,3573,0,0,0,0,2062,0,0,0,12288,0,0,0,0,0,532960,1.278729,1.020653,0.141193,0.232748,0,0.207625,2.097553,3.514087,0,0,0,0,871
l2-n2048-uniform-w1,main,2,2048,uniform,1,eas_k2_adaptive,eas,2,adaptive,71,3,ok,2da822b3c48a6df7a73405263f5c048c413efb8bedde469e226ebc1460b977e9,l2-n2048-uniform-w1-s71-r3-measure-eas_k2_adaptive,1450,598,5.690212,3.513908,254823.546117,0.00392428413793,11036,11036,1.753206,0.42298,1.278208,1.751384,0.420911,0.395018,0,0.290008,0.003891,1191,2814,3573,0,0,0,0,2062,0,0,0,12288,0,0,0,0,0,532960,1.278208,1.025805,0.141165,0.232471,0,0.200904,2.095671,3.513908,0,0,0,0,871
l2-n2048-uniform-w1,main,2,2048,uniform,1,eas_k1_adaptive,eas,1,adaptive,71,3,ok,2da822b3c48a6df7a73405263f5c048c413efb8bedde469e226ebc1460b977e9,l2-n2048-uniform-w1-s71-r3-measure-eas_k1_adaptive,1453,595,5.724721,3.58902,253811.495792,0.00393993186511,11364,11364,1.715948,0.41966,1.27686,1.713889,0.417649,0.39545,0,0.287674,0.00407,1191,2814,3573,0,0,0,0,2060,0,0,0,12288,0,0,0,0,0,532960,1.27686,1.028869,0.151238,0.251121,0,0.226402,2.174969,3.58902,0,0,0,0,869
l2-n2048-uniform-w1,main,2,2048,uniform,1,native,native,,native,71,3,ok,2da822b3c48a6df7a73405263f5c048c413efb8bedde469e226ebc1460b977e9,l2-n2048-uniform-w1-s71-r3-measure-native,1373,675,2.336548,0,587619.000337,0.00170178295703,10816,10816,1.747947,0.588543,0,1.746234,0.586518,0.394915,0.139536,0.249283,0.003738,1191,0,0,0,0,0,0,0,0,0,0,0,0,0,0,0,0,0,0,0,0,0,0,0,0,0,0,0,0,0,0
l2-n2048-uniform-w1,main,2,2048,uniform,1,accept_static_degree,accept_static_degree,,greedy,71,3,ok,2da822b3c48a6df7a73405263f5c048c413efb8bedde469e226ebc1460b977e9,l2-n2048-uniform-w1-s71-r3-measure-accept_static_degree,1460,588,4.515849,2.322153,323305.761552,0.00309304726027,10720,10720,1.740971,0.452593,1.273301,1.739029,0.450998,0.400882,0,0.315742,0.003537,0,5385,6144,0,0,0,0,0,0,0,0,0,0,0,0,0,0,59464,1.273301,0,0,0.059261,0,0.023991,0.910332,2.322153,0.280244,0.161392,2048,6458,0
l2-n2048-uniform-w1,main,2,2048,uniform,1,accept_id,accept_id,,greedy,71,3,ok,2da822b3c48a6df7a73405263f5c048c413efb8bedde469e226ebc1460b977e9,l2-n2048-uniform-w1-s71-r3-measure-accept_id,1425,623,4.099549,1.857636,347599.211523,0.00287687649123,10716,10716,1.780231,0.461569,1.269085,1.77831,0.460219,0.407679,0,0.323316,0.003271,0,0,0,0,0,0,0,0,0,0,0,0,0,0,0,0,0,0,1.269085,0,0,0.050947,0,0.024294,0.446467,1.857636,0,0.00169,0,6330,0
l2-n2048-uniform-w1,main,2,2048,uniform,1,native,native,,native,101,1,ok,d1b74d54257715ff95ce7fbc8999f36ab790f83205283b586238ba885aa47d57,l2-n2048-uniform-w1-s101-r1-measure-native,1427,621,2.354065,0,606185.470665,0.00164966012614,10768,10768,1.747531,0.606468,0,1.745478,0.604266,0.395012,0.140809,0.261977,0.004255,1116,0,0,0,0,0,0,0,0,0,0,0,0,0,0,0,0,0,0,0,0,0,0,0,0,0,0,0,0,0,0
l2-n2048-uniform-w1,main,2,2048,uniform,1,eas_k1_adaptive,eas,1,adaptive,101,1,ok,d1b74d54257715ff95ce7fbc8999f36ab790f83205283b586238ba885aa47d57,l2-n2048-uniform-w1-s101-r1-measure-eas_k1_adaptive,1506,542,5.626884,3.448396,267643.69054,0.00373631075697,11332,11332,1.739357,0.438982,1.267363,1.737432,0.437183,0.396152,0,0.303541,0.003724,1116,2639,3348,0,0,0,0,1879,0,0,0,12288,0,0,0,0,0,529344,1.267363,0.979709,0.146481,0.209996,0,0.190302,2.042835,3.448396,0,0,0,0,763
l2-n2048-uniform-w1,main,2,2048,uniform,1,accept_id,accept_id,,greedy,101,1,ok,d1b74d54257715ff95ce7fbc8999f36ab790f83205283b586238ba885aa47d57,l2-n2048-uniform-w1-s101-r1-measure-accept_id,1473,575,4.053007,1.861943,363433.865276,0.00275153224711,10784,10784,1.739726,0.451243,1.272475,1.737656,0.44979,0.388473,0,0.314693,0.003523,0,0,0,0,0,0,0,0,0,0,0,0,0,0,0,0,0,0,1.272475,0,0,0.050407,0,0.023473,0.450581,1.861943,0,0.001668,0,6469,0
l2-n2048-uniform-w1,main,2,2048,uniform,1,eas_k2_adaptive,eas,2,adaptive,101,1,ok,d1b74d54257715ff95ce7fbc8999f36ab790f83205283b586238ba885aa47d57,l2-n2048-uniform-w1-s101-r1-measure-eas_k2_adaptive,1504,544,5.559615,3.391942,270522.329334,0.0036965525266,11184,11184,1.730586,0.436939,1.259369,1.728867,0.434889,0.398013,0,0.302693,0.003769,1116,2639,3348,0,0,0,0,1877,0,0,0,12288,0,0,0,0,0,529344,1.259369,0.971515,0.139712,0.203901,0,0.186061,1.996492,3.391942,0,0,0,0,761
l2-n2048-uniform-w1,main,2,2048,uniform,1,accept_static_degree,accept_static_degree,,greedy,101,1,ok,d1b74d54257715ff95ce7fbc8999f36ab790f83205283b586238ba885aa47d57,l2-n2048-uniform-w1-s101-r1-measure-accept_static_degree,1510,538,4.471501,2.281662,337694.210512,0.0029612589404,10936,10936,1.734576,0.455087,1.282219,1.732647,0.453647,0.38958,0,0.318761,0.003369,0,5435,6144,0,0,0,0,0,0,0,0,0,0,0,0,0,0,59864,1.282219,0,0,0.058088,0,0.02358,0.859819,2.281662,0.260792,0.140901,2048,6604,0
l2-n2048-uniform-w1,main,2,2048,uniform,1,eas_k2_adaptive,eas,2,adaptive,101,2,ok,d1b74d54257715ff95ce7fbc8999f36ab790f83205283b586238ba885aa47d57,l2-n2048-uniform-w1-s101-r2-measure-eas_k2_adaptive,1504,544,5.568114,3.421744,270109.412271,0.00370220345745,11156,11156,1.717869,0.428367,1.278446,1.716009,0.426537,0.388889,0,0.296444,0.00369,1116,2639,3348,0,0,0,0,1877,0,0,0,12288,0,0,0,0,0,529344,1.278446,0.98077,0.140468,0.205025,0,0.186398,2.006576,3.421744,0,0,0,0,761
l2-n2048-uniform-w1,main,2,2048,uniform,1,accept_static_degree,accept_static_degree,,greedy,101,2,ok,d1b74d54257715ff95ce7fbc8999f36ab790f83205283b586238ba885aa47d57,l2-n2048-uniform-w1-s101-r2-measure-accept_static_degree,1510,538,4.468275,2.282705,337938.018587,0.00295912251656,10964,10964,1.733783,0.451655,1.282334,1.731925,0.45015,0.39443,0,0.314177,0.003363,0,5435,6144,0,0,0,0,0,0,0,0,0,0,0,0,0,0,59864,1.282334,0,0,0.057843,0,0.023383,0.862166,2.282705,0.259823,0.14454,2048,6604,0
l2-n2048-uniform-w1,main,2,2048,uniform,1,native,native,,native,101,2,ok,d1b74d54257715ff95ce7fbc8999f36ab790f83205283b586238ba885aa47d57,l2-n2048-uniform-w1-s101-r2-measure-native,1427,621,2.329234,0,612647.76317,0.00163225928521,10740,10740,1.726773,0.60241,0,1.724672,0.600476,0.389549,0.140855,0.258446,0.004035,1116,0,0,0,0,0,0,0,0,0,0,0,0,0,0,0,0,0,0,0,0,0,0,0,0,0,0,0,0,0,0
l2-n2048-uniform-w1,main,2,2048,uniform,1,eas_k1_adaptive,eas,1,adaptive,101,2,ok,d1b74d54257715ff95ce7fbc8999f36ab790f83205283b586238ba885aa47d57,l2-n2048-uniform-w1-s101-r2-measure-eas_k1_adaptive,1506,542,5.614313,3.463142,268242.971135,0.00372796347942,11196,11196,1.727315,0.423713,1.286071,1.725378,0.421845,0.389323,0,0.291546,0.003805,1116,2639,3348,0,0,0,0,1879,0,0,0,12288,0,0,0,0,0,529344,1.286071,0.972316,0.146009,0.221345,0,0.186723,2.04112,3.463142,0,0,0,0,763
l2-n2048-uniform-w1,main,2,2048,uniform,1,accept_id,accept_id,,greedy,101,2,ok,d1b74d54257715ff95ce7fbc8999f36ab790f83205283b586238ba885aa47d57,l2-n2048-uniform-w1-s101-r2-measure-accept_id,1473,575,4.094826,1.870258,359722.244608,0.00277992260692,10948,10948,1.755269,0.469166,1.271887,1.753545,0.467566,0.39888,0,0.329333,0.003324,0,0,0,0,0,0,0,0,0,0,0,0,0,0,0,0,0,0,1.271887,0,0,0.051964,0,0.023341,0.460189,1.870258,0,0.001773,0,6469,0
l2-n2048-uniform-w1,main,2,2048,uniform,1,accept_id,accept_id,,greedy,101,3,ok,d1b74d54257715ff95ce7fbc8999f36ab790f83205283b586238ba885aa47d57,l2-n2048-uniform-w1-s101-r3-measure-accept_id,1473,575,4.098808,1.877591,359372.773743,0.00278262593347,10904,10904,1.762375,0.458738,1.282012,1.760653,0.457052,0.406444,0,0.322426,0.003408,0,0,0,0,0,0,0,0,0,0,0,0,0,0,0,0,0,0,1.282012,0,0,0.05182,0,0.023521,0.456741,1.877591,0,0.001682,0,6469,0
l2-n2048-uniform-w1,main,2,2048,uniform,1,eas_k1_adaptive,eas,1,adaptive,101,3,ok,d1b74d54257715ff95ce7fbc8999f36ab790f83205283b586238ba885aa47d57,l2-n2048-uniform-w1-s101-r3-measure-eas_k1_adaptive,1506,542,5.687099,3.466965,264809.879343,0.00377629415671,10960,10960,1.764433,0.4554,1.270197,1.762714,0.453369,0.399056,0,0.319915,0.00375,1116,2639,3348,0,0,0,0,1879,0,0,0,12288,0,0,0,0,0,529344,1.270197,0.994598,0.14707,0.207195,0,0.186784,2.058685,3.466965,0,0,0,0,763
l2-n2048-uniform-w1,main,2,2048,uniform,1,eas_k2_adaptive,eas,2,adaptive,101,3,ok,d1b74d54257715ff95ce7fbc8999f36ab790f83205283b586238ba885aa47d57,l2-n2048-uniform-w1-s101-r3-measure-eas_k2_adaptive,1504,544,5.733222,3.487012,262330.675491,0.00381198271277,11200,11200,1.808241,0.437865,1.313766,1.805831,0.435806,0.397967,0,0.300329,0.004469,1116,2639,3348,0,0,0,0,1877,0,0,0,12288,0,0,0,0,0,529344,1.313766,1.005427,0.140825,0.203601,0,0.186993,2.034104,3.487012,0,0,0,0,761
l2-n2048-uniform-w1,main,2,2048,uniform,1,native,native,,native,101,3,ok,d1b74d54257715ff95ce7fbc8999f36ab790f83205283b586238ba885aa47d57,l2-n2048-uniform-w1-s101-r3-measure-native,1427,621,2.437794,0,585365.293376,0.00170833496847,10748,10748,1.836361,0.601287,0,1.834471,0.599131,0.395761,0.139573,0.255097,0.004046,1116,0,0,0,0,0,0,0,0,0,0,0,0,0,0,0,0,0,0,0,0,0,0,0,0,0,0,0,0,0,0
l2-n2048-uniform-w1,main,2,2048,uniform,1,accept_static_degree,accept_static_degree,,greedy,101,3,ok,d1b74d54257715ff95ce7fbc8999f36ab790f83205283b586238ba885aa47d57,l2-n2048-uniform-w1-s101-r3-measure-accept_static_degree,1510,538,4.526874,2.28467,333563.514248,0.00299792980132,10672,10672,1.793843,0.448257,1.273204,1.792062,0.446792,0.390814,0,0.30818,0.003246,0,5435,6144,0,0,0,0,0,0,0,0,0,0,0,0,0,0,59864,1.273204,0,0,0.057896,0,0.023992,0.866327,2.28467,0.266515,0.14073,2048,6604,0
l2-n2048-zipf-w1,main,2,2048,zipf,1,native,native,,native,11,1,ok,9ff80baf5e70c7b0e69b2744f7df70e01ad7e0b045f481f2dccf610dc8c1880d,l2-n2048-zipf-w1-s11-r1-measure-native,298,1750,1.749218,0,170361.841692,0.0058698590604,10580,10580,1.476429,0.272701,0,1.474455,0.27096,0.268499,0.111305,0.042861,0.003715,1892,0,0,0,0,0,0,0,0,0,0,0,0,0,0,0,0,0,0,0,0,0,0,0,0,0,0,0,0,0,0
l2-n2048-zipf-w1,main,2,2048,zipf,1,accept_id,accept_id,,greedy,11,1,ok,9ff80baf5e70c7b0e69b2744f7df70e01ad7e0b045f481f2dccf610dc8c1880d,l2-n2048-zipf-w1-s11-r1-measure-accept_id,407,1641,3.410224,1.722843,119346.998907,0.00837892874693,10492,10492,1.49464,0.192637,1.179335,1.492275,0.191198,0.269698,0,0.121812,0.003804,0,0,0,0,0,0,0,0,0,0,0,0,0,0,0,0,0,0,1.179335,0,0,0.036321,0,0.013004,0.403513,1.722843,0,0.001775,0,3290,0
l2-n2048-zipf-w1,main,2,2048,zipf,1,eas_k1_adaptive,eas,1,adaptive,11,1,ok,9ff80baf5e70c7b0e69b2744f7df70e01ad7e0b045f481f2dccf610dc8c1880d,l2-n2048-zipf-w1-s11-r1-measure-eas_k1_adaptive,433,1615,10.853023,9.192633,39896.718177,0.0250647182448,11216,11216,1.46681,0.19345,1.181929,1.464733,0.191631,0.266292,0,0.12575,0.003896,1892,2937,5676,0,0,0,0,38003,0,0,0,12288,0,0,0,0,0,574408,1.181929,1.483036,0.104684,5.496957,0,0.200137,7.872986,9.192633,0,0,0,0,36111
l2-n2048-zipf-w1,main,2,2048,zipf,1,eas_k2_adaptive,eas,2,adaptive,11,1,ok,9ff80baf5e70c7b0e69b2744f7df70e01ad7e0b045f481f2dccf610dc8c1880d,l2-n2048-zipf-w1-s11-r1-measure-eas_k2_adaptive,430,1618,9.627877,7.935523,44661.974805,0.0223904116279,11376,11376,1.507064,0.185148,1.14556,1.505093,0.183185,0.270518,0,0.118177,0.003934,1892,2937,5676,0,0,0,0,29776,0,0,0,12288,0,0,0,0,0,574408,1.14556,1.460081,0.086328,4.3745,0,0.195065,6.649682,7.935523,0,0,0,0,27884
l2-n2048-zipf-w1,main,2,2048,zipf,1,accept_static_degree,accept_static_degree,,greedy,11,1,ok,9ff80baf5e70c7b0e69b2744f7df70e01ad7e0b045f481f2dccf610dc8c1880d,l2-n2048-zipf-w1-s11-r1-measure-accept_static_degree,434,1614,3.875659,2.154045,111980.956013,0.00893008986175,10804,10804,1.521424,0.200073,1.139294,1.519366,0.198695,0.273903,0,0.129886,0.003436,0,3405,6144,0,0,0,0,0,0,0,0,0,0,0,0,0,0,42152,1.139294,0,0,0.045544,0,0.013915,0.874707,2.154045,0.270675,0.199039,2048,3384,0
l2-n2048-zipf-w1,main,2,2048,zipf,1,eas_k1_adaptive,eas,1,adaptive,11,2,ok,9ff80baf5e70c7b0e69b2744f7df70e01ad7e0b045f481f2dccf610dc8c1880d,l2-n2048-zipf-w1-s11-r2-measure-eas_k1_adaptive,433,1615,10.77623,9.125647,40181.028059,0.0248873672055,11300,11300,1.456341,0.194112,1.143663,1.454726,0.192263,0.268435,0,0.125996,0.003464,1892,2937,5676,0,0,0,0,38003,0,0,0,12288,0,0,0,0,0,574408,1.143663,1.460869,0.104958,5.460181,0,0.230484,7.841918,9.125647,0,0,0,0,36111
l2-n2048-zipf-w1,main,2,2048,zipf,1,native,native,,native,11,2,ok,9ff80baf5e70c7b0e69b2744f7df70e01ad7e0b045f481f2dccf610dc8c1880d,l2-n2048-zipf-w1-s11-r2-measure-native,298,1750,1.713173,0,173946.238938,0.00574890268456,10620,10620,1.434202,0.278919,0,1.432263,0.277144,0.266956,0.114184,0.045295,0.003714,1892,0,0,0,0,0,0,0,0,0,0,0,0,0,0,0,0,0,0,0,0,0,0,0,0,0,0,0,0,0,0
l2-n2048-zipf-w1,main,2,2048,zipf,1,accept_static_degree,accept_static_degree,,greedy,11,2,ok,9ff80baf5e70c7b0e69b2744f7df70e01ad7e0b045f481f2dccf610dc8c1880d,l2-n2048-zipf-w1-s11-r2-measure-accept_static_degree,434,1614,3.847318,2.185271,112805.855924,0.00886478801843,10632,10632,1.453824,0.20812,1.166784,1.451893,0.206771,0.269532,0,0.136661,0.00328,0,3405,6144,0,0,0,0,0,0,0,0,0,0,0,0,0,0,42152,1.166784,0,0,0.048378,0,0.014194,0.87852,2.185271,0.271071,0.19774,2048,3384,0
l2-n2048-zipf-w1,main,2,2048,zipf,1,accept_id,accept_id,,greedy,11,2,ok,9ff80baf5e70c7b0e69b2744f7df70e01ad7e0b045f481f2dccf610dc8c1880d,l2-n2048-zipf-w1-s11-r2-measure-accept_id,407,1641,3.401549,1.715215,119651.370596,0.00835761425061,10600,10600,1.49758,0.18853,1.180045,1.495854,0.187169,0.268683,0,0.119756,0.003087,0,0,0,0,0,0,0,0,0,0,0,0,0,0,0,0,0,0,1.180045,0,0,0.034635,0,0.012732,0.396224,1.715215,0,0.001707,0,3290,0
l2-n2048-zipf-w1,main,2,2048,zipf,1,eas_k2_adaptive,eas,2,adaptive,11,2,ok,9ff80baf5e70c7b0e69b2744f7df70e01ad7e0b045f481f2dccf610dc8c1880d,l2-n2048-zipf-w1-s11-r2-measure-eas_k2_adaptive,430,1618,9.622627,7.929489,44686.3418898,0.0223782023256,11100,11100,1.502879,0.190105,1.156173,1.501077,0.188102,0.266953,0,0.121599,0.003805,1892,2937,5676,0,0,0,0,29776,0,0,0,12288,0,0,0,0,0,574408,1.156173,1.466256,0.086355,4.361997,0,0.195284,6.635473,7.929489,0,0,0,0,27884
l2-n2048-zipf-w1,main,2,2048,zipf,1,accept_id,accept_id,,greedy,11,3,ok,9ff80baf5e70c7b0e69b2744f7df70e01ad7e0b045f481f2dccf610dc8c1880d,l2-n2048-zipf-w1-s11-r3-measure-accept_id,407,1641,3.468498,1.771548,117341.858061,0.00852210810811,10728,10728,1.509636,0.187194,1.235275,1.507736,0.185729,0.265938,0,0.118673,0.003365,0,0,0,0,0,0,0,0,0,0,0,0,0,0,0,0,0,0,1.235275,0,0,0.034769,0,0.012951,0.396209,1.771548,0,0.001666,0,3290,0
l2-n2048-zipf-w1,main,2,2048,zipf,1,accept_static_degree,accept_static_degree,,greedy,11,3,ok,9ff80baf5e70c7b0e69b2744f7df70e01ad7e0b045f481f2dccf610dc8c1880d,l2-n2048-zipf-w1-s11-r3-measure-accept_static_degree,434,1614,3.903705,2.25357,111176.43367,0.00899471198157,10768,10768,1.438995,0.211004,1.237292,1.437127,0.209225,0.269518,0,0.13942,0.003647,0,3405,6144,0,0,0,0,0,0,0,0,0,0,0,0,0,0,42152,1.237292,0,0,0.046351,0,0.01403,0.876265,2.25357,0.269828,0.202061,2048,3384,0
l2-n2048-zipf-w1,main,2,2048,zipf,1,eas_k2_adaptive,eas,2,adaptive,11,3,ok,9ff80baf5e70c7b0e69b2744f7df70e01ad7e0b045f481f2dccf610dc8c1880d,l2-n2048-zipf-w1-s11-r3-measure-eas_k2_adaptive,430,1618,9.749596,8.116116,44104.3916076,0.0226734790698,11064,11064,1.453454,0.179885,1.248198,1.451676,0.178488,0.266987,0,0.115706,0.003175,1892,2937,5676,0,0,0,0,29776,0,0,0,12288,0,0,0,0,0,574408,1.248198,1.527699,0.086302,4.380782,0,0.201091,6.724548,8.116116,0,0,0,0,27884
l2-n2048-zipf-w1,main,2,2048,zipf,1,native,native,,native,11,3,ok,9ff80baf5e70c7b0e69b2744f7df70e01ad7e0b045f481f2dccf610dc8c1880d,l2-n2048-zipf-w1-s11-r3-measure-native,298,1750,1.827489,0,163065.277,0.00613251342282,10652,10652,1.54732,0.280039,0,1.545371,0.278209,0.271544,0.114956,0.045364,0.003779,1892,0,0,0,0,0,0,0,0,0,0,0,0,0,0,0,0,0,0,0,0,0,0,0,0,0,0,0,0,0,0
l2-n2048-zipf-w1,main,2,2048,zipf,1,eas_k1_adaptive,eas,1,adaptive,11,3,ok,9ff80baf5e70c7b0e69b2744f7df70e01ad7e0b045f481f2dccf610dc8c1880d,l2-n2048-zipf-w1-s11-r3-measure-eas_k1_adaptive,433,1615,11.136959,9.2901,38879.5541045,0.0257204595843,11232,11232,1.670386,0.176325,1.222334,1.668515,0.174556,0.273825,0,0.111697,0.00364,1892,2937,5676,0,0,0,0,38003,0,0,0,12288,0,0,0,0,0,574408,1.222334,1.511767,0.104519,5.517818,0,0.201604,7.922395,9.2901,0,0,0,0,36111
l2-n2048-zipf-w1,main,2,2048,zipf,1,accept_static_degree,accept_static_degree,,greedy,29,1,ok,29cdbb69ed7657c86c596e3e2bf415547cb558b3f4b392589a472bbfc403ebd1,l2-n2048-zipf-w1-s29-r1-measure-accept_static_degree,458,1590,4.015993,2.258424,114044.023483,0.00876854366812,10744,10744,1.541654,0.215756,1.223013,1.539719,0.213913,0.27586,0,0.139301,0.003778,0,3370,6144,0,0,0,0,0,0,0,0,0,0,0,0,0,0,41576,1.223013,0,0,0.047364,0,0.014064,0.894761,2.258424,0.277207,0.199352,2048,3445,0
l2-n2048-zipf-w1,main,2,2048,zipf,1,accept_id,accept_id,,greedy,29,1,ok,29cdbb69ed7657c86c596e3e2bf415547cb558b3f4b392589a472bbfc403ebd1,l2-n2048-zipf-w1-s29-r1-measure-accept_id,425,1623,3.415982,1.792324,124415.17549,0.00803760470588,10620,10620,1.430636,0.192906,1.248148,1.428793,0.191449,0.267207,0,0.124378,0.0033,0,0,0,0,0,0,0,0,0,0,0,0,0,0,0,0,0,0,1.248148,0,0,0.034008,0,0.012866,0.403036,1.792324,0,0.001677,0,3332,0
l2-n2048-zipf-w1,main,2,2048,zipf,1,eas_k1_adaptive,eas,1,adaptive,29,1,ok,29cdbb69ed7657c86c596e3e2bf415547cb558b3f4b392589a472bbfc403ebd1,l2-n2048-zipf-w1-s29-r1-measure-eas_k1_adaptive,458,1590,10.616106,8.994689,43141.9957563,0.0231792707424,11268,11268,1.429966,0.191347,1.242291,1.428301,0.189544,0.266687,0,0.120283,0.003468,1894,2908,5682,0,0,0,0,35667,0,0,0,12288,0,0,0,0,0,574568,1.242291,1.558978,0.105782,5.152344,0,0.199918,7.610566,8.994689,0,0,0,0,33773
l2-n2048-zipf-w1,main,2,2048,zipf,1,eas_k2_adaptive,eas,2,adaptive,29,1,ok,29cdbb69ed7657c86c596e3e2bf415547cb558b3f4b392589a472bbfc403ebd1,l2-n2048-zipf-w1-s29-r1-measure-eas_k2_adaptive,456,1592,9.501184,7.756194,47994.0184297,0.0208359298246,11100,11100,1.551928,0.192897,1.259575,1.550177,0.191106,0.275561,0,0.122884,0.003542,1894,2908,5682,0,0,0,0,27484,0,0,0,12288,0,0,0,0,0,574568,1.259575,1.510824,0.089563,4.018281,0,0.203306,6.353626,7.756194,0,0,0,0,25590
l2-n2048-zipf-w1,main,2,2048,zipf,1,native,native,,native,29,1,ok,29cdbb69ed7657c86c596e3e2bf415547cb558b3f4b392589a472bbfc403ebd1,l2-n2048-zipf-w1-s29-r1-measure-native,320,1728,1.73081,0,184884.533831,0.00540878125,10540,10540,1.445342,0.285304,0,1.443679,0.283707,0.270532,0.115572,0.048915,0.00326,1894,0,0,0,0,0,0,0,0,0,0,0,0,0,0,0,0,0,0,0,0,0,0,0,0,0,0,0,0,0,0
l2-n2048-zipf-w1,main,2,2048,zipf,1,eas_k1_adaptive,eas,1,adaptive,29,2,ok,29cdbb69ed7657c86c596e3e2bf415547cb558b3f4b392589a472bbfc403ebd1,l2-n2048-zipf-w1-s29-r2-measure-eas_k1_adaptive,458,1590,10.638055,8.916043,43052.9828996,0.0232271943231,11284,11284,1.513289,0.208602,1.22755,1.511606,0.206591,0.271184,0,0.13466,0.003694,1894,2908,5682,0,0,0,0,35667,0,0,0,12288,0,0,0,0,0,574568,1.22755,1.510713,0.107095,5.137681,0,0.197008,7.542254,8.916043,0,0,0,0,33773
l2-n2048-zipf-w1,main,2,2048,zipf,1,accept_id,accept_id,,greedy,29,2,ok,29cdbb69ed7657c86c596e3e2bf415547cb558b3f4b392589a472bbfc403ebd1,l2-n2048-zipf-w1-s29-r2-measure-accept_id,425,1623,3.450778,1.799855,123160.632182,0.00811947764706,10532,10532,1.456055,0.194763,1.239703,1.45411,0.193423,0.265759,0,0.125512,0.003285,0,0,0,0,0,0,0,0,0,0,0,0,0,0,0,0,0,0,1.239703,0,0,0.033977,0,0.013552,0.42093,1.799855,0,0.001695,0,3332,0
l2-n2048-zipf-w1,main,2,2048,zipf,1,accept_static_degree,accept_static_degree,,greedy,29,2,ok,29cdbb69ed7657c86c596e3e2bf415547cb558b3f4b392589a472bbfc403ebd1,l2-n2048-zipf-w1-s29-r2-measure-accept_static_degree,458,1590,3.912928,2.235244,117047.898658,0.00854351091703,10560,10560,1.46816,0.209395,1.225798,1.46646,0.207838,0.264005,0,0.135771,0.003257,0,3370,6144,0,0,0,0,0,0,0,0,0,0,0,0,0,0,41576,1.225798,0,0,0.046425,0,0.013966,0.870691,2.235244,0.264371,0.196626,2048,3445,0
l2-n2048-zipf-w1,main,2,2048,zipf,1,native,native,,native,29,2,ok,29cdbb69ed7657c86c596e3e2bf415547cb558b3f4b392589a472bbfc403ebd1,l2-n2048-zipf-w1-s29-r2-measure-native,320,1728,1.834156,0,174467.16637,0.0057317375,10576,10576,1.545799,0.288274,0,1.543854,0.286423,0.279632,0.11635,0.050008,0.003796,1894,0,0,0,0,0,0,0,0,0,0,0,0,0,0,0,0,0,0,0,0,0,0,0,0,0,0,0,0,0,0
l2-n2048-zipf-w1,main,2,2048,zipf,1,eas_k2_adaptive,eas,2,adaptive,29,2,ok,29cdbb69ed7657c86c596e3e2bf415547cb558b3f4b392589a472bbfc403ebd1,l2-n2048-zipf-w1-s29-r2-measure-eas_k2_adaptive,456,1592,9.546319,7.78643,47767.1026916,0.0209349100877,11024,11024,1.563517,0.196213,1.224898,1.503001,0.194294,0.270113,0,0.128274,0.062435,1894,2908,5682,0,0,0,0,27484,0,0,0,12288,0,0,0,0,0,574568,1.224898,1.538317,0.08849,4.060425,0,0.20189,6.418548,7.78643,0,0,0,0,25590
l2-n2048-zipf-w1,main,2,2048,zipf,1,accept_id,accept_id,,greedy,29,3,ok,29cdbb69ed7657c86c596e3e2bf415547cb558b3f4b392589a472bbfc403ebd1,l2-n2048-zipf-w1-s29-r3-measure-accept_id,425,1623,3.495041,1.76401,121600.862479,0.00822362588235,10732,10732,1.533491,0.197405,1.224351,1.531422,0.195947,0.279628,0,0.128181,0.003527,0,0,0,0,0,0,0,0,0,0,0,0,0,0,0,0,0,0,1.224351,0,0,0.034185,0,0.01329,0.398282,1.76401,0,0.001669,0,3332,0
l2-n2048-zipf-w1,main,2,2048,zipf,1,accept_static_degree,accept_static_degree,,greedy,29,3,ok,29cdbb69ed7657c86c596e3e2bf415547cb558b3f4b392589a472bbfc403ebd1,l2-n2048-zipf-w1-s29-r3-measure-accept_static_degree,458,1590,3.987362,2.250717,114862.909362,0.00870603056769,10748,10748,1.526745,0.209813,1.23286,1.524812,0.208239,0.280321,0,0.136778,0.003507,0,3370,6144,0,0,0,0,0,0,0,0,0,0,0,0,0,0,41576,1.23286,0,0,0.046492,0,0.013722,0.876866,2.250717,0.265589,0.197687,2048,3445,0
l2-n2048-zipf-w1,main,2,2048,zipf,1,native,native,,native,29,3,ok,29cdbb69ed7657c86c596e3e2bf415547cb558b3f4b392589a472bbfc403ebd1,l2-n2048-zipf-w1-s29-r3-measure-native,320,1728,1.882461,0,169990.241498,0.005882690625,10552,10552,1.58593,0.296477,0,1.584031,0.294197,0.285567,0.119945,0.054826,0.004179,1894,0,0,0,0,0,0,0,0,0,0,0,0,0,0,0,0,0,0,0,0,0,0,0,0,0,0,0,0,0,0
l2-n2048-zipf-w1,main,2,2048,zipf,1,eas_k1_adaptive,eas,1,adaptive,29,3,ok,29cdbb69ed7657c86c596e3e2bf415547cb558b3f4b392589a472bbfc403ebd1,l2-n2048-zipf-w1-s29-r3-measure-eas_k1_adaptive,458,1590,10.618443,8.905459,43132.5006877,0.0231843733624,11332,11332,1.516406,0.196395,1.21293,1.514719,0.194792,0.282873,0,0.126313,0.00329,1894,2908,5682,0,0,0,0,35667,0,0,0,12288,0,0,0,0,0,574568,1.21293,1.531221,0.105738,5.121673,0,0.200895,7.54985,8.905459,0,0,0,0,33773
l2-n2048-zipf-w1,main,2,2048,zipf,1,eas_k2_adaptive,eas,2,adaptive,29,3,ok,29cdbb69ed7657c86c596e3e2bf415547cb558b3f4b392589a472bbfc403ebd1,l2-n2048-zipf-w1-s29-r3-measure-eas_k2_adaptive,456,1592,9.447892,7.736591,48264.7346096,0.0207190614035,11296,11296,1.52761,0.183533,1.209865,1.525734,0.181653,0.275177,0,0.116341,0.003756,1894,2908,5682,0,0,0,0,27484,0,0,0,12288,0,0,0,0,0,574568,1.209865,1.54749,0.088125,4.012711,0,0.201097,6.382719,7.736591,0,0,0,0,25590
l2-n2048-zipf-w1,main,2,2048,zipf,1,eas_k2_adaptive,eas,2,adaptive,47,1,ok,fb78aed491df9c41bf6a7c5b33ed18f772b69106916223ee10ef3c7323c57fb8,l2-n2048-zipf-w1-s47-r1-measure-eas_k2_adaptive,444,1604,10.016036,8.315009,44328.9141533,0.0225586396396,11224,11224,1.514912,0.18595,1.200278,1.512966,0.184083,0.267604,0,0.117431,0.003813,1893,2946,5679,0,0,0,0,32198,0,0,0,12288,0,0,0,0,0,574320,1.200278,1.491849,0.087833,4.652217,0,0.200538,6.842449,8.315009,0,0,0,0,30305
l2-n2048-zipf-w1,main,2,2048,zipf,1,accept_id,accept_id,,greedy,47,1,ok,fb78aed491df9c41bf6a7c5b33ed18f772b69106916223ee10ef3c7323c57fb8,l2-n2048-zipf-w1-s47-r1-measure-accept_id,418,1630,3.446036,1.740829,121298.790843,0.00824410526316,10532,10532,1.503529,0.201553,1.207941,1.501672,0.199642,0.26988,0,0.130427,0.003768,0,0,0,0,0,0,0,0,0,0,0,0,0,0,0,0,0,0,1.207941,0,0,0.034964,0,0.013033,0.392262,1.740829,0,0.00168,0,3329,0
l2-n2048-zipf-w1,main,2,2048,zipf,1,accept_static_degree,accept_static_degree,,greedy,47,1,ok,fb78aed491df9c41bf6a7c5b33ed18f772b69106916223ee10ef3c7323c57fb8,l2-n2048-zipf-w1-s47-r1-measure-accept_static_degree,447,1601,3.838076,2.123681,116464.603619,0.00858629977629,10692,10692,1.504265,0.210001,1.133539,1.502467,0.208854,0.269179,0,0.138077,0.002945,0,3411,6144,0,0,0,0,0,0,0,0,0,0,0,0,0,0,42000,1.133539,0,0,0.068581,0,0.013528,0.849082,2.123681,0.234213,0.194931,2048,3422,0
l2-n2048-zipf-w1,main,2,2048,zipf,1,native,native,,native,47,1,ok,fb78aed491df9c41bf6a7c5b33ed18f772b69106916223ee10ef3c7323c57fb8,l2-n2048-zipf-w1-s47-r1-measure-native,311,1737,1.769076,0,175797.987198,0.00568834726688,10456,10456,1.485823,0.2832,0,1.4841,0.281904,0.268786,0.116206,0.047706,0.003019,1893,0,0,0,0,0,0,0,0,0,0,0,0,0,0,0,0,0,0,0,0,0,0,0,0,0,0,0,0,0,0
l2-n2048-zipf-w1,main,2,2048,zipf,1,eas_k1_adaptive,eas,1,adaptive,47,1,ok,fb78aed491df9c41bf6a7c5b33ed18f772b69106916223ee10ef3c7323c57fb8,l2-n2048-zipf-w1-s47-r1-measure-eas_k1_adaptive,447,1601,11.331506,9.692962,39447.5368058,0.0253501252796,11224,11224,1.452654,0.185738,1.189024,1.450589,0.183906,0.270326,0,0.11642,0.003897,1893,2946,5679,0,0,0,0,42223,0,0,0,12288,0,0,0,0,0,574320,1.189024,1.507229,0.104272,5.954982,0,0.197264,8.233507,9.692962,0,0,0,0,40330
l2-n2048-zipf-w1,main,2,2048,zipf,1,accept_id,accept_id,,greedy,47,2,ok,fb78aed491df9c41bf6a7c5b33ed18f772b69106916223ee10ef3c7323c57fb8,l2-n2048-zipf-w1-s47-r2-measure-accept_id,418,1630,3.38233,1.673154,123583.446914,0.00809169856459,10592,10592,1.506932,0.202127,1.141547,1.505097,0.200687,0.27169,0,0.129838,0.003275,0,0,0,0,0,0,0,0,0,0,0,0,0,0,0,0,0,0,1.141547,0,0,0.03489,0,0.013174,0.391348,1.673154,0,0.001694,0,3329,0
l2-n2048-zipf-w1,main,2,2048,zipf,1,native,native,,native,47,2,ok,fb78aed491df9c41bf6a7c5b33ed18f772b69106916223ee10ef3c7323c57fb8,l2-n2048-zipf-w1-s47-r2-measure-native,311,1737,1.688449,0,184192.711773,0.00542909646302,10668,10668,1.407219,0.281138,0,1.405156,0.279269,0.264988,0.115437,0.046116,0.003932,1893,0,0,0,0,0,0,0,0,0,0,0,0,0,0,0,0,0,0,0,0,0,0,0,0,0,0,0,0,0,0
l2-n2048-zipf-w1,main,2,2048,zipf,1,eas_k2_adaptive,eas,2,adaptive,47,2,ok,fb78aed491df9c41bf6a7c5b33ed18f772b69106916223ee10ef3c7323c57fb8,l2-n2048-zipf-w1-s47-r2-measure-eas_k2_adaptive,444,1604,9.956877,8.338146,44592.2953553,0.0224253986486,11064,11064,1.440278,0.178328,1.201824,1.438337,0.176503,0.267758,0,0.113191,0.003766,1893,2946,5679,0,0,0,0,32198,0,0,0,12288,0,0,0,0,0,574320,1.201824,1.5139,0.087337,4.667934,0,0.197092,6.867812,8.338146,0,0,0,0,30305
l2-n2048-zipf-w1,main,2,2048,zipf,1,accept_static_degree,accept_static_degree,,greedy,47,2,ok,fb78aed491df9c41bf6a7c5b33ed18f772b69106916223ee10ef3c7323c57fb8,l2-n2048-zipf-w1-s47-r2-measure-accept_static_degree,447,1601,3.832685,2.166164,116628.421068,0.0085742393736,10744,10744,1.448297,0.218076,1.172683,1.446326,0.216489,0.269564,0,0.142622,0.003558,0,3411,6144,0,0,0,0,0,0,0,0,0,0,0,0,0,0,42000,1.172683,0,0,0.068495,0,0.013498,0.850563,2.166164,0.235629,0.190602,2048,3422,0
l2-n2048-zipf-w1,main,2,2048,zipf,1,eas_k1_adaptive,eas,1,adaptive,47,2,ok,fb78aed491df9c41bf6a7c5b33ed18f772b69106916223ee10ef3c7323c57fb8,l2-n2048-zipf-w1-s47-r2-measure-eas_k1_adaptive,447,1601,11.428742,9.808036,39111.9162546,0.025567655481,11100,11100,1.43573,0.184831,1.229481,1.433854,0.183169,0.269715,0,0.117657,0.003538,1893,2946,5679,0,0,0,0,42223,0,0,0,12288,0,0,0,0,0,574320,1.229481,1.514768,0.106301,6.021541,0,0.195999,8.304434,9.808036,0,0,0,0,40330
l2-n2048-zipf-w1,main,2,2048,zipf,1,eas_k2_adaptive,eas,2,adaptive,47,3,ok,fb78aed491df9c41bf6a7c5b33ed18f772b69106916223ee10ef3c7323c57fb8,l2-n2048-zipf-w1-s47-r3-measure-eas_k2_adaptive,444,1604,9.844366,8.230266,45101.9395256,0.0221719954955,11288,11288,1.435518,0.178429,1.158688,1.433613,0.176711,0.272224,0,0.112703,0.003623,1893,2946,5679,0,0,0,0,32198,0,0,0,12288,0,0,0,0,0,574320,1.158688,1.449046,0.088233,4.666063,0,0.195786,6.80237,8.230266,0,0,0,0,30305
l2-n2048-zipf-w1,main,2,2048,zipf,1,accept_static_degree,accept_static_degree,,greedy,47,3,ok,fb78aed491df9c41bf6a7c5b33ed18f772b69106916223ee10ef3c7323c57fb8,l2-n2048-zipf-w1-s47-r3-measure-accept_static_degree,447,1601,3.774626,2.127279,118422.328464,0.00844435346756,10748,10748,1.4297,0.217557,1.12669,1.427887,0.215858,0.270077,0,0.141935,0.003512,0,3411,6144,0,0,0,0,0,0,0,0,0,0,0,0,0,0,42000,1.12669,0,0,0.068471,0,0.01449,0.858635,2.127279,0.243415,0.191251,2048,3422,0
l2-n2048-zipf-w1,main,2,2048,zipf,1,eas_k1_adaptive,eas,1,adaptive,47,3,ok,fb78aed491df9c41bf6a7c5b33ed18f772b69106916223ee10ef3c7323c57fb8,l2-n2048-zipf-w1-s47-r3-measure-eas_k1_adaptive,447,1601,11.440097,9.830621,39073.0952718,0.0255930581655,11144,11144,1.425093,0.184238,1.233601,1.423086,0.182405,0.269396,0,0.117081,0.00384,1893,2946,5679,0,0,0,0,42223,0,0,0,12288,0,0,0,0,0,574320,1.233601,1.509852,0.105498,6.048058,0,0.196617,8.326551,9.830621,0,0,0,0,40330
l2-n2048-zipf-w1,main,2,2048,zipf,1,accept_id,accept_id,,greedy,47,3,ok,fb78aed491df9c41bf6a7c5b33ed18f772b69106916223ee10ef3c7323c57fb8,l2-n2048-zipf-w1-s47-r3-measure-accept_id,418,1630,3.329429,1.709622,125547.053263,0.00796514114833,10728,10728,1.424053,0.195652,1.180566,1.4222,0.19429,0.264235,0,0.126155,0.003215,0,0,0,0,0,0,0,0,0,0,0,0,0,0,0,0,0,0,1.180566,0,0,0.034878,0,0.012936,0.388951,1.709622,0,0.001696,0,3329,0
l2-n2048-zipf-w1,main,2,2048,zipf,1,native,native,,native,47,3,ok,fb78aed491df9c41bf6a7c5b33ed18f772b69106916223ee10ef3c7323c57fb8,l2-n2048-zipf-w1-s47-r3-measure-native,311,1737,1.693872,0,183603.011326,0.00544653376206,10648,10648,1.410906,0.282915,0,1.409542,0.281012,0.264216,0.115066,0.04539,0.003267,1893,0,0,0,0,0,0,0,0,0,0,0,0,0,0,0,0,0,0,0,0,0,0,0,0,0,0,0,0,0,0
l2-n2048-zipf-w1,main,2,2048,zipf,1,accept_static_degree,accept_static_degree,,greedy,71,1,ok,0340e3de83903ee1d80c48482b01abc05a43060ba3299b829fec3ff8aa842bcb,l2-n2048-zipf-w1-s71-r1-measure-accept_static_degree,429,1619,3.760843,2.151436,114070.169906,0.00876653379953,10568,10568,1.403189,0.206118,1.150264,1.401515,0.204326,0.263785,0,0.132002,0.003466,0,3335,6144,0,0,0,0,0,0,0,0,0,0,0,0,0,0,41312,1.150264,0,0,0.068675,0,0.013121,0.861064,2.151436,0.240119,0.196315,2048,3367,0
l2-n2048-zipf-w1,main,2,2048,zipf,1,accept_id,accept_id,,greedy,71,1,ok,0340e3de83903ee1d80c48482b01abc05a43060ba3299b829fec3ff8aa842bcb,l2-n2048-zipf-w1-s71-r1-measure-accept_id,401,1647,3.325634,1.748739,120578.512248,0.00829335162095,10556,10556,1.388765,0.188033,1.218776,1.386981,0.186489,0.262186,0,0.121128,0.003328,0,0,0,0,0,0,0,0,0,0,0,0,0,0,0,0,0,0,1.218776,0,0,0.03388,0,0.012921,0.389122,1.748739,0,0.00168,0,3268,0
l2-n2048-zipf-w1,main,2,2048,zipf,1,eas_k2_adaptive,eas,2,adaptive,71,1,ok,0340e3de83903ee1d80c48482b01abc05a43060ba3299b829fec3ff8aa842bcb,l2-n2048-zipf-w1-s71-r1-measure-eas_k2_adaptive,428,1620,9.43661,7.856351,45355.2705898,0.0220481542056,11180,11180,1.409665,0.170453,1.154177,1.407716,0.168577,0.263225,0,0.106875,0.003825,1905,2906,5715,0,0,0,0,29652,0,0,0,12288,0,0,0,0,0,573552,1.154177,1.460301,0.086546,4.295446,0,0.19765,6.436914,7.856351,0,0,0,0,27747
l2-n2048-zipf-w1,main,2,2048,zipf,1,native,native,,native,71,1,ok,0340e3de83903ee1d80c48482b01abc05a43060ba3299b829fec3ff8aa842bcb,l2-n2048-zipf-w1-s71-r1-measure-native,284,1764,1.695945,0,167458.260734,0.00597163732394,10620,10620,1.41838,0.277512,0,1.416698,0.275574,0.270399,0.116714,0.042977,0.00362,1905,0,0,0,0,0,0,0,0,0,0,0,0,0,0,0,0,0,0,0,0,0,0,0,0,0,0,0,0,0,0
l2-n2048-zipf-w1,main,2,2048,zipf,1,eas_k1_adaptive,eas,1,adaptive,71,1,ok,0340e3de83903ee1d80c48482b01abc05a43060ba3299b829fec3ff8aa842bcb,l2-n2048-zipf-w1-s71-r1-measure-eas_k1_adaptive,429,1619,10.7321,9.151792,39973.5373319,0.0250165501166,11040,11040,1.412247,0.167922,1.173445,1.410548,0.166214,0.263961,0,0.104223,0.003407,1905,2906,5715,0,0,0,0,37910,0,0,0,12288,0,0,0,0,0,573552,1.173445,1.434213,0.10455,5.515705,0,0.19614,7.71187,9.151792,0,0,0,0,36005
l2-n2048-zipf-w1,main,2,2048,zipf,1,eas_k1_adaptive,eas,1,adaptive,71,2,ok,0340e3de83903ee1d80c48482b01abc05a43060ba3299b829fec3ff8aa842bcb,l2-n2048-zipf-w1-s71-r2-measure-eas_k1_adaptive,429,1619,10.917253,9.325105,39295.59936,0.0254481421911,11296,11296,1.41861,0.173302,1.257251,1.416589,0.171421,0.269411,0,0.109354,0.003902,1905,2906,5715,0,0,0,0,37910,0,0,0,12288,0,0,0,0,0,573552,1.257251,1.492052,0.106062,5.532329,0,0.194427,7.800796,9.325105,0,0,0,0,36005
l2-n2048-zipf-w1,main,2,2048,zipf,1,accept_static_degree,accept_static_degree,,greedy,71,2,ok,0340e3de83903ee1d80c48482b01abc05a43060ba3299b829fec3ff8aa842bcb,l2-n2048-zipf-w1-s71-r2-measure-accept_static_degree,429,1619,3.862734,2.205013,111061.232795,0.00900404195804,10604,10604,1.453563,0.204056,1.184266,1.451546,0.202536,0.272371,0,0.131873,0.003537,0,3335,6144,0,0,0,0,0,0,0,0,0,0,0,0,0,0,41312,1.184266,0,0,0.06804,0,0.013639,0.879995,2.205013,0.240771,0.195978,2048,3367,0
l2-n2048-zipf-w1,main,2,2048,zipf,1,accept_id,accept_id,,greedy,71,2,ok,0340e3de83903ee1d80c48482b01abc05a43060ba3299b829fec3ff8aa842bcb,l2-n2048-zipf-w1-s71-r2-measure-accept_id,401,1647,3.360925,1.737149,119312.391678,0.00838135910224,10620,10620,1.430171,0.19351,1.210824,1.428429,0.191883,0.26846,0,0.124245,0.003369,0,0,0,0,0,0,0,0,0,0,0,0,0,0,0,0,0,0,1.210824,0,0,0.033649,0,0.012654,0.387953,1.737149,0,0.001695,0,3268,0
l2-n2048-zipf-w1,main,2,2048,zipf,1,native,native,,native,71,2,ok,0340e3de83903ee1d80c48482b01abc05a43060ba3299b829fec3ff8aa842bcb,l2-n2048-zipf-w1-s71-r2-measure-native,284,1764,1.697342,0,167320.433949,0.00597655633803,10572,10572,1.42216,0.275127,0,1.420103,0.272963,0.268771,0.11308,0.042918,0.004221,1905,0,0,0,0,0,0,0,0,0,0,0,0,0,0,0,0,0,0,0,0,0,0,0,0,0,0,0,0,0,0
l2-n2048-zipf-w1,main,2,2048,zipf,1,eas_k2_adaptive,eas,2,adaptive,71,2,ok,0340e3de83903ee1d80c48482b01abc05a43060ba3299b829fec3ff8aa842bcb,l2-n2048-zipf-w1-s71-r2-measure-eas_k2_adaptive,428,1620,9.471723,7.875785,45187.1322673,0.0221301939252,11248,11248,1.417581,0.178254,1.156861,1.415871,0.176241,0.271263,0,0.112352,0.003723,1905,2906,5715,0,0,0,0,29652,0,0,0,12288,0,0,0,0,0,573552,1.156861,1.459816,0.086699,4.312604,0,0.191415,6.450559,7.875785,0,0,0,0,27747
l2-n2048-zipf-w1,main,2,2048,zipf,1,eas_k1_adaptive,eas,1,adaptive,71,3,ok,0340e3de83903ee1d80c48482b01abc05a43060ba3299b829fec3ff8aa842bcb,l2-n2048-zipf-w1-s71-r3-measure-eas_k1_adaptive,429,1619,10.679137,9.079301,40171.7854167,0.0248930932401,11400,11400,1.428086,0.171585,1.151584,1.426132,0.169964,0.265106,0,0.107864,0.003575,1905,2906,5715,0,0,0,0,37910,0,0,0,12288,0,0,0,0,0,573552,1.151584,1.450745,0.1049,5.453236,0,0.196665,7.661114,9.079301,0,0,0,0,36005
l2-n2048-zipf-w1,main,2,2048,zipf,1,eas_k2_adaptive,eas,2,adaptive,71,3,ok,0340e3de83903ee1d80c48482b01abc05a43060ba3299b829fec3ff8aa842bcb,l2-n2048-zipf-w1-s71-r3-measure-eas_k2_adaptive,428,1620,9.441988,7.832711,45329.4369787,0.0220607196262,11092,11092,1.433174,0.175928,1.141081,1.431342,0.174353,0.268017,0,0.111,0.003407,1905,2906,5715,0,0,0,0,29652,0,0,0,12288,0,0,0,0,0,573552,1.141081,1.45005,0.087282,4.294975,0,0.194225,6.425566,7.832711,0,0,0,0,27747
l2-n2048-zipf-w1,main,2,2048,zipf,1,native,native,,native,71,3,ok,0340e3de83903ee1d80c48482b01abc05a43060ba3299b829fec3ff8aa842bcb,l2-n2048-zipf-w1-s71-r3-measure-native,284,1764,1.686875,0,168358.651352,0.00593970070423,10748,10748,1.413528,0.273289,0,1.411554,0.27183,0.264806,0.112461,0.043901,0.003433,1905,0,0,0,0,0,0,0,0,0,0,0,0,0,0,0,0,0,0,0,0,0,0,0,0,0,0,0,0,0,0
l2-n2048-zipf-w1,main,2,2048,zipf,1,accept_static_degree,accept_static_degree,,greedy,71,3,ok,0340e3de83903ee1d80c48482b01abc05a43060ba3299b829fec3ff8aa842bcb,l2-n2048-zipf-w1-s71-r3-measure-accept_static_degree,429,1619,3.798626,2.153847,112935.571967,0.00885460606061,10752,10752,1.436205,0.208462,1.162664,1.434562,0.20685,0.267855,0,0.13552,0.003255,0,3335,6144,0,0,0,0,0,0,0,0,0,0,0,0,0,0,41312,1.162664,0,0,0.067872,0,0.013313,0.849872,2.153847,0.233456,0.197339,2048,3367,0
l2-n2048-zipf-w1,main,2,2048,zipf,1,accept_id,accept_id,,greedy,71,3,ok,0340e3de83903ee1d80c48482b01abc05a43060ba3299b829fec3ff8aa842bcb,l2-n2048-zipf-w1-s71-r3-measure-accept_id,401,1647,3.272482,1.657919,122536.961242,0.00816080299252,10748,10748,1.425345,0.189102,1.13139,1.42392,0.18755,0.269268,0,0.12106,0.002977,0,0,0,0,0,0,0,0,0,0,0,0,0,0,0,0,0,0,1.13139,0,0,0.034022,0,0.012684,0.387931,1.657919,0,0.001678,0,3268,0
l2-n2048-zipf-w1,main,2,2048,zipf,1,eas_k1_adaptive,eas,1,adaptive,101,1,ok,0ee4c9195893ffc77d7748a7f0c796bb1ff9d5c30cb0f9c72a3d91a0f26ee4da,l2-n2048-zipf-w1-s101-r1-measure-eas_k1_adaptive,423,1625,10.728045,9.145562,39429.3648097,0.0253618085106,11216,11216,1.419227,0.163055,1.146256,1.417346,0.161497,0.266204,0,0.101545,0.003439,1907,2921,5721,0,0,0,0,38611,0,0,0,12288,0,0,0,0,0,574488,1.146256,1.450675,0.103845,5.526748,0,0.194746,7.731526,9.145562,0,0,0,0,36704
l2-n2048-zipf-w1,main,2,2048,zipf,1,native,native,,native,101,1,ok,0ee4c9195893ffc77d7748a7f0c796bb1ff9d5c30cb0f9c72a3d91a0f26ee4da,l2-n2048-zipf-w1-s101-r1-measure-native,301,1747,1.69625,0,177450.257922,0.0056353820598,10640,10640,1.419372,0.27682,0,1.417582,0.275239,0.267237,0.113216,0.044722,0.003371,1907,0,0,0,0,0,0,0,0,0,0,0,0,0,0,0,0,0,0,0,0,0,0,0,0,0,0,0,0,0,0
l2-n2048-zipf-w1,main,2,2048,zipf,1,eas_k2_adaptive,eas,2,adaptive,101,1,ok,0ee4c9195893ffc77d7748a7f0c796bb1ff9d5c30cb0f9c72a3d91a0f26ee4da,l2-n2048-zipf-w1-s101-r1-measure-eas_k2_adaptive,422,1626,9.482342,7.891754,44503.7734349,0.0224700047393,11172,11172,1.416372,0.174084,1.152908,1.414259,0.171904,0.266999,0,0.107183,0.004293,1907,2921,5721,0,0,0,0,29539,0,0,0,12288,0,0,0,0,0,574488,1.152908,1.488835,0.087533,4.285987,0,0.199555,6.47161,7.891754,0,0,0,0,27632
l2-n2048-zipf-w1,main,2,2048,zipf,1,accept_id,accept_id,,greedy,101,1,ok,0ee4c9195893ffc77d7748a7f0c796bb1ff9d5c30cb0f9c72a3d91a0f26ee4da,l2-n2048-zipf-w1-s101-r1-measure-accept_id,395,1653,3.293747,1.682352,119924.207901,0.0083386,10592,10592,1.421902,0.189388,1.158705,1.42006,0.187843,0.267643,0,0.120941,0.003387,0,0,0,0,0,0,0,0,0,0,0,0,0,0,0,0,0,0,1.158705,0,0,0.03314,0,0.012739,0.38273,1.682352,0,0.001665,0,3246,0
l2-n2048-zipf-w1,main,2,2048,zipf,1,accept_static_degree,accept_static_degree,,greedy,101,1,ok,0ee4c9195893ffc77d7748a7f0c796bb1ff9d5c30cb0f9c72a3d91a0f26ee4da,l2-n2048-zipf-w1-s101-r1-measure-accept_static_degree,423,1625,3.777453,2.16456,111980.21524,0.00893014893617,10556,10556,1.410429,0.202364,1.169783,1.408402,0.200984,0.264732,0,0.131173,0.003407,0,3344,6144,0,0,0,0,0,0,0,0,0,0,0,0,0,0,41304,1.169783,0,0,0.067051,0,0.013038,0.852957,2.16456,0.233454,0.195351,2048,3345,0
l2-n2048-zipf-w1,main,2,2048,zipf,1,native,native,,native,101,2,ok,0ee4c9195893ffc77d7748a7f0c796bb1ff9d5c30cb0f9c72a3d91a0f26ee4da,l2-n2048-zipf-w1-s101-r2-measure-native,301,1747,1.689471,0,178162.276831,0.00561286046512,10596,10596,1.412461,0.276949,0,1.410453,0.275189,0.27009,0.113229,0.045341,0.003768,1907,0,0,0,0,0,0,0,0,0,0,0,0,0,0,0,0,0,0,0,0,0,0,0,0,0,0,0,0,0,0
l2-n2048-zipf-w1,main,2,2048,zipf,1,eas_k2_adaptive,eas,2,adaptive,101,2,ok,0ee4c9195893ffc77d7748a7f0c796bb1ff9d5c30cb0f9c72a3d91a0f26ee4da,l2-n2048-zipf-w1-s101-r2-measure-eas_k2_adaptive,422,1626,9.502125,7.944983,44411.1185656,0.0225168838863,11036,11036,1.392586,0.164319,1.157779,1.390682,0.162576,0.266864,0,0.100896,0.003647,1907,2921,5721,0,0,0,0,29539,0,0,0,12288,0,0,0,0,0,574488,1.157779,1.456245,0.085721,4.378714,0,0.199876,6.52006,7.944983,0,0,0,0,27632
l2-n2048-zipf-w1,main,2,2048,zipf,1,accept_id,accept_id,,greedy,101,2,ok,0ee4c9195893ffc77d7748a7f0c796bb1ff9d5c30cb0f9c72a3d91a0f26ee4da,l2-n2048-zipf-w1-s101-r2-measure-accept_id,395,1653,3.257538,1.670115,121257.219409,0.00824693164557,10548,10548,1.40763,0.179624,1.146557,1.405838,0.177948,0.263675,0,0.11355,0.003468,0,0,0,0,0,0,0,0,0,0,0,0,0,0,0,0,0,0,1.146557,0,0,0.03318,0,0.012726,0.384141,1.670115,0,0.001698,0,3246,0
l2-n2048-zipf-w1,main,2,2048,zipf,1,accept_static_degree,accept_static_degree,,greedy,101,2,ok,0ee4c9195893ffc77d7748a7f0c796bb1ff9d5c30cb0f9c72a3d91a0f26ee4da,l2-n2048-zipf-w1-s101-r2-measure-accept_static_degree,423,1625,3.758043,2.14961,112558.584348,0.00888426241135,10604,10604,1.405399,0.202899,1.149207,1.403558,0.201446,0.266066,0,0.12933,0.003294,0,3344,6144,0,0,0,0,0,0,0,0,0,0,0,0,0,0,41304,1.149207,0,0,0.068817,0,0.013239,0.857479,2.14961,0.241437,0.194722,2048,3345,0
l2-n2048-zipf-w1,main,2,2048,zipf,1,eas_k1_adaptive,eas,1,adaptive,101,2,ok,0ee4c9195893ffc77d7748a7f0c796bb1ff9d5c30cb0f9c72a3d91a0f26ee4da,l2-n2048-zipf-w1-s101-r2-measure-eas_k1_adaptive,423,1625,10.833485,9.243295,39045.6072077,0.0256110756501,11056,11056,1.419062,0.170941,1.170979,1.417284,0.169048,0.26714,0,0.107259,0.003671,1907,2921,5721,0,0,0,0,38611,0,0,0,12288,0,0,0,0,0,574488,1.170979,1.479106,0.104054,5.56243,0,0.199148,7.80502,9.243295,0,0,0,0,36704
l2-n2048-zipf-w1,main,2,2048,zipf,1,eas_k1_adaptive,eas,1,adaptive,101,3,ok,0ee4c9195893ffc77d7748a7f0c796bb1ff9d5c30cb0f9c72a3d91a0f26ee4da,l2-n2048-zipf-w1-s101-r3-measure-eas_k1_adaptive,423,1625,10.722634,9.1421,39449.2621869,0.0253490165485,11148,11148,1.411386,0.169026,1.156986,1.409091,0.167201,0.26648,0,0.10571,0.00412,1907,2921,5721,0,0,0,0,38611,0,0,0,12288,0,0,0,0,0,574488,1.156986,1.460576,0.104525,5.495556,0,0.194901,7.71746,9.1421,0,0,0,0,36704
l2-n2048-zipf-w1,main,2,2048,zipf,1,accept_id,accept_id,,greedy,101,3,ok,0ee4c9195893ffc77d7748a7f0c796bb1ff9d5c30cb0f9c72a3d91a0f26ee4da,l2-n2048-zipf-w1-s101-r3-measure-accept_id,395,1653,3.405914,1.7531,115974.742756,0.00862256708861,10556,10556,1.464509,0.188155,1.2161,1.46273,0.186672,0.26586,0,0.119688,0.003262,0,0,0,0,0,0,0,0,0,0,0,0,0,0,0,0,0,0,1.2161,0,0,0.034877,0,0.012799,0.392137,1.7531,0,0.001794,0,3246,0
l2-n2048-zipf-w1,main,2,2048,zipf,1,accept_static_degree,accept_static_degree,,greedy,101,3,ok,0ee4c9195893ffc77d7748a7f0c796bb1ff9d5c30cb0f9c72a3d91a0f26ee4da,l2-n2048-zipf-w1-s101-r3-measure-accept_static_degree,423,1625,3.809271,2.202823,111044.869215,0.00900536879433,10764,10764,1.410317,0.196043,1.204221,1.408431,0.194576,0.268526,0,0.126157,0.003353,0,3344,6144,0,0,0,0,0,0,0,0,0,0,0,0,0,0,41304,1.204221,0,0,0.067545,0,0.013095,0.85674,2.202823,0.234015,0.194108,2048,3345,0
l2-n2048-zipf-w1,main,2,2048,zipf,1,native,native,,native,101,3,ok,0ee4c9195893ffc77d7748a7f0c796bb1ff9d5c30cb0f9c72a3d91a0f26ee4da,l2-n2048-zipf-w1-s101-r3-measure-native,301,1747,1.66604,0,180667.931142,0.0055350166113,10644,10644,1.391891,0.274092,0,1.39028,0.272397,0.266322,0.111983,0.043804,0.003306,1907,0,0,0,0,0,0,0,0,0,0,0,0,0,0,0,0,0,0,0,0,0,0,0,0,0,0,0,0,0,0
l2-n2048-zipf-w1,main,2,2048,zipf,1,eas_k2_adaptive,eas,2,adaptive,101,3,ok,0ee4c9195893ffc77d7748a7f0c796bb1ff9d5c30cb0f9c72a3d91a0f26ee4da,l2-n2048-zipf-w1-s101-r3-measure-eas_k2_adaptive,422,1626,9.444254,7.83501,44683.2539659,0.0223797488152,11236,11236,1.439082,0.170025,1.165568,1.43727,0.168513,0.271267,0,0.106026,0.003324,1907,2921,5721,0,0,0,0,29539,0,0,0,12288,0,0,0,0,0,574488,1.165568,1.442336,0.087815,4.267352,0,0.198782,6.403548,7.83501,0,0,0,0,27632
l2-n8192-uniform-w1,main,2,8192,uniform,1,eas_k2_adaptive,eas,2,adaptive,11,1,ok,11b27ce18a6f8c42662c5c1cc12458ac289c74cc3de5c2d11372d9490dc6fe02,l2-n8192-uniform-w1-s11-r1-measure-eas_k2_adaptive,3382,4810,29.402708,21.702676,115023.418931,0.00869388172679,21852,21852,6.419145,1.280704,5.172512,6.417103,1.278514,1.599139,0,0.914433,0.004232,7875,15345,23625,0,0,0,0,20954,0,0,0,49152,0,0,0,0,0,2295592,5.172512,7.964272,0.692546,3.340841,0,1.691306,15.992447,21.702676,0,0,0,0,13079
l2-n8192-uniform-w1,main,2,8192,uniform,1,accept_static_degree,accept_static_degree,,greedy,11,1,ok,11b27ce18a6f8c42662c5c1cc12458ac289c74cc3de5c2d11372d9490dc6fe02,l2-n8192-uniform-w1-s11-r1-measure-accept_static_degree,3501,4691,16.932829,9.215868,206758.126477,0.00483656926592,19364,19364,6.351564,1.365195,5.059229,6.349569,1.363157,1.616123,0,0.984008,0.004033,0,16296,24576,0,0,0,0,0,0,0,0,0,0,0,0,0,0,195896,5.059229,0,0,0.265238,0,0.080592,3.592117,9.215868,1.197009,0.772185,8192,19709,0
l2-n8192-uniform-w1,main,2,8192,uniform,1,native,native,,native,11,1,ok,11b27ce18a6f8c42662c5c1cc12458ac289c74cc3de5c2d11372d9490dc6fe02,l2-n8192-uniform-w1-s11-r1-measure-native,2413,5779,8.423603,0,286456.994709,0.00349092540406,18864,18864,6.477569,1.94598,0,6.475671,1.943742,1.651168,0.695044,0.666699,0.004136,7875,0,0,0,0,0,0,0,0,0,0,0,0,0,0,0,0,0,0,0,0,0,0,0,0,0,0,0,0,0,0
l2-n8192-uniform-w1,main,2,8192,uniform,1,eas_k1_graph,eas,1,graph,11,1,ok,11b27ce18a6f8c42662c5c1cc12458ac289c74cc3de5c2d11372d9490dc6fe02,l2-n8192-uniform-w1-s11-r1-measure-eas_k1_graph,3385,4807,41.450093,33.714766,81664.4729844,0.0122452268833,26600,26600,6.409827,1.32531,5.004887,6.408091,1.323537,1.625904,0,0.96087,0.003509,7875,0,0,0,0,0,0,0,0,0,42298,49152,0,0,0,0,7812000,0,5.004887,16.347806,1.387833,8.110337,0,0.660846,28.15087,33.714766,0,0,0,0,0
l2-n8192-uniform-w1,main,2,8192,uniform,1,eas_k1_profile,eas,1,profile,11,1,ok,11b27ce18a6f8c42662c5c1cc12458ac289c74cc3de5c2d11372d9490dc6fe02,l2-n8192-uniform-w1-s11-r1-measure-eas_k1_profile,3385,4807,36.496712,28.737209,92748.0809778,0.0107818942393,22644,22644,6.47382,1.285476,5.199175,6.47209,1.283426,1.619184,0,0.927915,0.00378,7875,15345,23625,1,0,0,89,0,50177,0,84604,49152,0,0,0,0,0,2295592,5.199175,9.155144,1.304557,8.365438,0,1.70355,23.001155,28.737209,0,0,0,0,0
l2-n8192-uniform-w1,main,2,8192,uniform,1,eas_k1_lazy,eas,1,lazy,11,1,ok,11b27ce18a6f8c42662c5c1cc12458ac289c74cc3de5c2d11372d9490dc6fe02,l2-n8192-uniform-w1-s11-r1-measure-eas_k1_lazy,3385,4807,29.593744,21.696634,114382.282958,0.0087426127031,22060,22060,6.557958,1.338965,5.01345,6.556054,1.336996,1.666195,0,0.968494,0.003873,7875,15345,23625,0,0,0,0,20962,0,0,0,49152,0,0,0,0,0,2295592,5.01345,7.716822,0.761531,3.506661,0,1.693872,16.146136,21.696634,0,0,0,0,13087
l2-n8192-uniform-w1,main,2,8192,uniform,1,accept_id,accept_id,,greedy,11,1,ok,11b27ce18a6f8c42662c5c1cc12458ac289c74cc3de5c2d11372d9490dc6fe02,l2-n8192-uniform-w1-s11-r1-measure-accept_id,3104,5088,14.746732,7.189807,210487.313393,0.00475088015464,19396,19396,6.4135,1.143254,5.118795,6.411669,1.141157,1.595207,0,0.820806,0.003928,0,0,0,0,0,0,0,0,0,0,0,0,0,0,0,0,0,0,5.118795,0,0,0.210089,0,0.065553,1.541804,7.189807,0,0.006469,0,17684,0
l2-n8192-uniform-w1,main,2,8192,uniform,1,eas_k1_adaptive,eas,1,adaptive,11,1,ok,11b27ce18a6f8c42662c5c1cc12458ac289c74cc3de5c2d11372d9490dc6fe02,l2-n8192-uniform-w1-s11-r1-measure-eas_k1_adaptive,3385,4807,29.629669,21.747001,114243.598199,0.00875322570162,21936,21936,6.556881,1.325588,5.14505,6.554756,1.323484,1.648799,0,0.952475,0.004229,7875,15345,23625,0,0,0,0,20962,0,0,0,49152,0,0,0,0,0,2295592,5.14505,7.695966,0.752945,3.487448,0,1.674794,16.065947,21.747001,0,0,0,0,13087
l2-n8192-uniform-w1,main,2,8192,uniform,1,eas_k1_profile,eas,1,profile,11,2,ok,11b27ce18a6f8c42662c5c1cc12458ac289c74cc3de5c2d11372d9490dc6fe02,l2-n8192-uniform-w1-s11-r2-measure-eas_k1_profile,3385,4807,36.829823,28.994465,91909.2117277,0.0108803022157,22672,22672,6.503699,1.331497,5.13694,6.501723,1.329726,1.659737,0,0.969623,0.003747,7875,15345,23625,1,0,0,89,0,50177,0,84604,49152,0,0,0,0,0,2295592,5.13694,9.137679,1.350226,8.53594,0,1.752448,23.321487,28.994465,0,0,0,0,0
l2-n8192-uniform-w1,main,2,8192,uniform,1,accept_static_degree,accept_static_degree,,greedy,11,2,ok,11b27ce18a6f8c42662c5c1cc12458ac289c74cc3de5c2d11372d9490dc6fe02,l2-n8192-uniform-w1-s11-r2-measure-accept_static_degree,3501,4691,16.963827,9.157518,206380.317366,0.00484542330763,19220,19220,6.440008,1.366194,5.055292,6.438022,1.364336,1.619193,0,0.987753,0.003844,0,16296,24576,0,0,0,0,0,0,0,0,0,0,0,0,0,0,195896,5.055292,0,0,0.261995,0,0.083284,3.56535,9.157518,1.194011,0.772452,8192,19709,0
l2-n8192-uniform-w1,main,2,8192,uniform,1,accept_id,accept_id,,greedy,11,2,ok,11b27ce18a6f8c42662c5c1cc12458ac289c74cc3de5c2d11372d9490dc6fe02,l2-n8192-uniform-w1-s11-r2-measure-accept_id,3104,5088,14.977883,7.282255,207238.900184,0.00482534890464,19004,19004,6.510115,1.185288,5.20901,6.508144,1.183535,1.645678,0,0.858315,0.003724,0,0,0,0,0,0,0,0,0,0,0,0,0,0,0,0,0,0,5.20901,0,0,0.209803,0,0.06503,1.543117,7.282255,0,0.007621,0,17684,0
l2-n8192-uniform-w1,main,2,8192,uniform,1,eas_k1_graph,eas,1,graph,11,2,ok,11b27ce18a6f8c42662c5c1cc12458ac289c74cc3de5c2d11372d9490dc6fe02,l2-n8192-uniform-w1-s11-r2-measure-eas_k1_graph,3385,4807,41.672726,33.877605,81228.1874721,0.0123109973412,26652,26652,6.478249,1.316657,5.195929,6.47636,1.314665,1.621567,0,0.951674,0.003881,7875,0,0,0,0,0,0,0,0,0,42298,49152,0,0,0,0,7812000,0,5.195929,16.215487,1.429037,8.199545,0,0.636295,28.120344,33.877605,0,0,0,0,0
l2-n8192-uniform-w1,main,2,8192,uniform,1,eas_k1_adaptive,eas,1,adaptive,11,2,ok,11b27ce18a6f8c42662c5c1cc12458ac289c74cc3de5c2d11372d9490dc6fe02,l2-n8192-uniform-w1-s11-r2-measure-eas_k1_adaptive,3385,4807,29.276016,21.65086,115623.655896,0.00864874918759,21864,21864,6.3434,1.281583,4.984629,6.341532,1.279344,1.605731,0,0.926227,0.004107,7875,15345,23625,0,0,0,0,20962,0,0,0,49152,0,0,0,0,0,2295592,4.984629,7.724202,0.75679,3.483262,0,1.680206,16.131026,21.65086,0,0,0,0,13087
l2-n8192-uniform-w1,main,2,8192,uniform,1,native,native,,native,11,2,ok,11b27ce18a6f8c42662c5c1cc12458ac289c74cc3de5c2d11372d9490dc6fe02,l2-n8192-uniform-w1-s11-r2-measure-native,2413,5779,8.190611,0,294605.616113,0.00339436842105,18864,18864,6.311591,1.878936,0,6.309677,1.877342,1.599362,0.673044,0.629961,0.003508,7875,0,0,0,0,0,0,0,0,0,0,0,0,0,0,0,0,0,0,0,0,0,0,0,0,0,0,0,0,0,0
l2-n8192-uniform-w1,main,2,8192,uniform,1,eas_k2_adaptive,eas,2,adaptive,11,2,ok,11b27ce18a6f8c42662c5c1cc12458ac289c74cc3de5c2d11372d9490dc6fe02,l2-n8192-uniform-w1-s11-r2-measure-eas_k2_adaptive,3382,4810,28.80656,21.114508,117403.813576,0.00851761088114,21960,21960,6.401188,1.290672,4.983318,6.399375,1.28842,1.613877,0,0.929812,0.004065,7875,15345,23625,0,0,0,0,20954,0,0,0,49152,0,0,0,0,0,2295592,4.983318,7.650487,0.682465,3.306725,0,1.653752,15.595924,21.114508,0,0,0,0,13079
l2-n8192-uniform-w1,main,2,8192,uniform,1,eas_k1_lazy,eas,1,lazy,11,2,ok,11b27ce18a6f8c42662c5c1cc12458ac289c74cc3de5c2d11372d9490dc6fe02,l2-n8192-uniform-w1-s11-r2-measure-eas_k1_lazy,3385,4807,29.171851,21.584611,116036.517532,0.00861797666174,21856,21856,6.310003,1.277064,4.986004,6.308027,1.275159,1.600577,0,0.918117,0.003881,7875,15345,23625,0,0,0,0,20962,0,0,0,49152,0,0,0,0,0,2295592,4.986004,7.649781,0.752098,3.482737,0,1.699763,16.062426,21.584611,0,0,0,0,13087
l2-n8192-uniform-w1,main,2,8192,uniform,1,accept_id,accept_id,,greedy,11,3,ok,11b27ce18a6f8c42662c5c1cc12458ac289c74cc3de5c2d11372d9490dc6fe02,l2-n8192-uniform-w1-s11-r3-measure-accept_id,3104,5088,14.626575,7.076354,212216.462159,0.00471216978093,19316,19316,6.393308,1.156723,4.999736,6.391439,1.155062,1.621052,0,0.826663,0.00353,0,0,0,0,0,0,0,0,0,0,0,0,0,0,0,0,0,0,4.999736,0,0,0.201288,0,0.066063,1.551996,7.076354,0,0.006449,0,17684,0
l2-n8192-uniform-w1,main,2,8192,uniform,1,eas_k1_adaptive,eas,1,adaptive,11,3,ok,11b27ce18a6f8c42662c5c1cc12458ac289c74cc3de5c2d11372d9490dc6fe02,l2-n8192-uniform-w1-s11-r3-measure-eas_k1_adaptive,3385,4807,29.592922,21.792421,114385.460145,0.00874236986706,21876,21876,6.481502,1.318819,5.02461,6.479461,1.316991,1.649504,0,0.956601,0.003869,7875,15345,23625,0,0,0,0,20962,0,0,0,49152,0,0,0,0,0,2295592,5.02461,7.732079,0.74754,3.590832,0,1.678447,16.232077,21.792421,0,0,0,0,13087
l2-n8192-uniform-w1,main,2,8192,uniform,1,eas_k1_graph,eas,1,graph,11,3,ok,11b27ce18a6f8c42662c5c1cc12458ac289c74cc3de5c2d11372d9490dc6fe02,l2-n8192-uniform-w1-s11-r3-measure-eas_k1_graph,3385,4807,41.038821,33.379919,82482.8763965,0.0121237285081,26664,26664,6.360124,1.298595,5.03429,6.357918,1.296568,1.61339,0,0.937323,0.004233,7875,0,0,0,0,0,0,0,0,0,42298,49152,0,0,0,0,7812000,0,5.03429,16.090649,1.35995,8.072275,0,0.610713,27.788528,33.379919,0,0,0,0,0
l2-n8192-uniform-w1,main,2,8192,uniform,1,accept_static_degree,accept_static_degree,,greedy,11,3,ok,11b27ce18a6f8c42662c5c1cc12458ac289c74cc3de5c2d11372d9490dc6fe02,l2-n8192-uniform-w1-s11-r3-measure-accept_static_degree,3501,4691,17.412434,9.376952,201063.217239,0.00497356012568,19488,19488,6.622518,1.412773,5.264617,6.620408,1.41084,1.673168,0,1.024186,0.004043,0,16296,24576,0,0,0,0,0,0,0,0,0,0,0,0,0,0,195896,5.264617,0,0,0.258928,0,0.082028,3.574759,9.376952,1.202176,0.772044,8192,19709,0
l2-n8192-uniform-w1,main,2,8192,uniform,1,eas_k1_profile,eas,1,profile,11,3,ok,11b27ce18a6f8c42662c5c1cc12458ac289c74cc3de5c2d11372d9490dc6fe02,l2-n8192-uniform-w1-s11-r3-measure-eas_k1_profile,3385,4807,36.323194,28.576827,93191.1439286,0.0107306333826,22640,22640,6.421112,1.325082,4.997538,6.419123,1.323034,1.639979,0,0.964328,0.004037,7875,15345,23625,1,0,0,89,0,50177,0,84604,49152,0,0,0,0,0,2295592,4.997538,9.12781,1.313349,8.409965,0,1.721195,23.038851,28.576827,0,0,0,0,0
l2-n8192-uniform-w1,main,2,8192,uniform,1,native,native,,native,11,3,ok,11b27ce18a6f8c42662c5c1cc12458ac289c74cc3de5c2d11372d9490dc6fe02,l2-n8192-uniform-w1-s11-r3-measure-native,2413,5779,8.43315,0,286132.70249,0.00349488188976,18768,18768,6.483699,1.949358,0,6.481394,1.947509,1.655129,0.698117,0.66767,0.004154,7875,0,0,0,0,0,0,0,0,0,0,0,0,0,0,0,0,0,0,0,0,0,0,0,0,0,0,0,0,0,0
l2-n8192-uniform-w1,main,2,8192,uniform,1,eas_k2_adaptive,eas,2,adaptive,11,3,ok,11b27ce18a6f8c42662c5c1cc12458ac289c74cc3de5c2d11372d9490dc6fe02,l2-n8192-uniform-w1-s11-r3-measure-eas_k2_adaptive,3382,4810,29.156112,21.4556,115996.261779,0.00862096747487,21892,21892,6.40733,1.292968,5.008329,6.405357,1.290826,1.624515,0,0.936445,0.004115,7875,15345,23625,0,0,0,0,20954,0,0,0,49152,0,0,0,0,0,2295592,5.008329,7.782948,0.700884,3.368892,0,1.727296,15.911473,21.4556,0,0,0,0,13079
l2-n8192-uniform-w1,main,2,8192,uniform,1,eas_k1_lazy,eas,1,lazy,11,3,ok,11b27ce18a6f8c42662c5c1cc12458ac289c74cc3de5c2d11372d9490dc6fe02,l2-n8192-uniform-w1-s11-r3-measure-eas_k1_lazy,3385,4807,29.647497,21.748517,114174.899824,0.00875849246677,21932,21932,6.569942,1.328905,5.027139,6.567946,1.326732,1.660913,0,0.967424,0.004169,7875,15345,23625,0,0,0,0,20962,0,0,0,49152,0,0,0,0,0,2295592,5.027139,7.720893,0.769097,3.489101,0,1.704822,16.176149,21.748517,0,0,0,0,13087
l2-n8192-uniform-w1,main,2,8192,uniform,1,eas_k1_graph,eas,1,graph,29,1,ok,a9a06036e72e4f9f9c189ad0e362617e6c0454330598ad1a90b5da28b7aed40f,l2-n8192-uniform-w1-s29-r1-measure-eas_k1_graph,3364,4828,41.344609,33.651646,81364.9005606,0.0122903118312,26600,26600,6.387896,1.30489,4.997033,6.386112,1.302704,1.609301,0,0.939988,0.00397,7912,0,0,0,0,0,0,0,0,0,42816,49152,0,0,0,0,7848704,0,4.997033,16.203338,1.398499,8.230324,0,0.627594,28.096021,33.651646,0,0,0,0,0
l2-n8192-uniform-w1,main,2,8192,uniform,1,eas_k1_adaptive,eas,1,adaptive,29,1,ok,a9a06036e72e4f9f9c189ad0e362617e6c0454330598ad1a90b5da28b7aed40f,l2-n8192-uniform-w1-s29-r1-measure-eas_k1_adaptive,3364,4828,29.453019,21.804948,114215.795671,0.00875535642093,21844,21844,6.382194,1.265706,5.020327,6.380129,1.263761,1.599863,0,0.906743,0.00401,7912,15374,23736,0,0,0,0,21222,0,0,0,49152,0,0,0,0,0,2297472,5.020327,7.778907,0.744007,3.553514,0,1.66096,16.245259,21.804948,0,0,0,0,13310
l2-n8192-uniform-w1,main,2,8192,uniform,1,accept_static_degree,accept_static_degree,,greedy,29,1,ok,a9a06036e72e4f9f9c189ad0e362617e6c0454330598ad1a90b5da28b7aed40f,l2-n8192-uniform-w1-s29-r1-measure-accept_static_degree,3482,4710,16.868522,9.129381,206419.981549,0.00484449224584,19348,19348,6.371922,1.36699,5.010103,6.370014,1.364913,1.615625,0,0.984605,0.003985,0,16214,24576,0,0,0,0,0,0,0,0,0,0,0,0,0,0,195248,5.010103,0,0,0.259022,0,0.081966,3.586625,9.129381,1.202531,0.779274,8192,19686,0
l2-n8192-uniform-w1,main,2,8192,uniform,1,native,native,,native,29,1,ok,a9a06036e72e4f9f9c189ad0e362617e6c0454330598ad1a90b5da28b7aed40f,l2-n8192-uniform-w1-s29-r1-measure-native,2381,5811,8.204401,0,290210.095777,0.00344577950441,18744,18744,6.325666,1.878642,0,6.323822,1.876588,1.591277,0.673786,0.621327,0.003898,7912,0,0,0,0,0,0,0,0,0,0,0,0,0,0,0,0,0,0,0,0,0,0,0,0,0,0,0,0,0,0
l2-n8192-uniform-w1,main,2,8192,uniform,1,eas_k2_adaptive,eas,2,adaptive,29,1,ok,a9a06036e72e4f9f9c189ad0e362617e6c0454330598ad1a90b5da28b7aed40f,l2-n8192-uniform-w1-s29-r1-measure-eas_k2_adaptive,3362,4830,28.918142,21.22846,116259.198119,0.00860146995836,21932,21932,6.417661,1.271918,4.981506,6.415511,1.270368,1.612209,0,0.917145,0.0037,7912,15374,23736,0,0,0,0,21209,0,0,0,49152,0,0,0,0,0,2297472,4.981506,7.757635,0.6744,3.324973,0,1.661489,15.708609,21.22846,0,0,0,0,13297
l2-n8192-uniform-w1,main,2,8192,uniform,1,accept_id,accept_id,,greedy,29,1,ok,a9a06036e72e4f9f9c189ad0e362617e6c0454330598ad1a90b5da28b7aed40f,l2-n8192-uniform-w1-s29-r1-measure-accept_id,3075,5117,14.933412,7.212418,205914.093845,0.00485639414634,19196,19196,6.527676,1.193108,5.148254,6.525533,1.191083,1.651735,0,0.858459,0.004168,0,0,0,0,0,0,0,0,0,0,0,0,0,0,0,0,0,0,5.148254,0,0,0.212206,0,0.06459,1.533398,7.212418,0,0.006444,0,17628,0
l2-n8192-uniform-w1,main,2,8192,uniform,1,eas_k1_lazy,eas,1,lazy,29,1,ok,a9a06036e72e4f9f9c189ad0e362617e6c0454330598ad1a90b5da28b7aed40f,l2-n8192-uniform-w1-s29-r1-measure-eas_k1_lazy,3364,4828,29.652906,21.999528,113445.87947,0.00881477586207,21756,21756,6.385028,1.268192,5.320356,6.38319,1.26644,1.590433,0,0.909411,0.00359,7912,15374,23736,0,0,0,0,21222,0,0,0,49152,0,0,0,0,0,2297472,5.320356,7.741779,0.739467,3.513549,0,1.661466,16.1367,21.999528,0,0,0,0,13310
l2-n8192-uniform-w1,main,2,8192,uniform,1,eas_k1_profile,eas,1,profile,29,1,ok,a9a06036e72e4f9f9c189ad0e362617e6c0454330598ad1a90b5da28b7aed40f,l2-n8192-uniform-w1-s29-r1-measure-eas_k1_profile,3364,4828,36.822788,29.164284,91356.471976,0.0109461319857,22736,22736,6.370186,1.288122,5.017608,6.368166,1.285979,1.612413,0,0.929112,0.004163,7912,15374,23736,1,0,0,89,0,50728,0,85632,49152,0,0,0,0,0,2297472,5.017608,9.197199,1.312199,8.590138,0,1.756566,23.607303,29.164284,0,0,0,0,0
l2-n8192-uniform-w1,main,2,8192,uniform,1,accept_id,accept_id,,greedy,29,2,ok,a9a06036e72e4f9f9c189ad0e362617e6c0454330598ad1a90b5da28b7aed40f,l2-n8192-uniform-w1-s29-r2-measure-accept_id,3075,5117,14.911387,7.236102,206218.241133,0.00484923154472,19180,19180,6.492277,1.182819,5.178803,6.490032,1.180938,1.63773,0,0.857101,0.004126,0,0,0,0,0,0,0,0,0,0,0,0,0,0,0,0,0,0,5.178803,0,0,0.207098,0,0.064232,1.529683,7.236102,0,0.007854,0,17628,0
l2-n8192-uniform-w1,main,2,8192,uniform,1,eas_k1_adaptive,eas,1,adaptive,29,2,ok,a9a06036e72e4f9f9c189ad0e362617e6c0454330598ad1a90b5da28b7aed40f,l2-n8192-uniform-w1-s29-r2-measure-eas_k1_adaptive,3364,4828,29.318777,21.704571,114738.755986,0.00871545095125,21904,21904,6.338808,1.275278,4.98223,6.336706,1.273431,1.60883,0,0.918564,0.003949,7912,15374,23736,0,0,0,0,21222,0,0,0,49152,0,0,0,0,0,2297472,4.98223,7.819208,0.739513,3.511253,0,1.637108,16.180449,21.704571,0,0,0,0,13310
l2-n8192-uniform-w1,main,2,8192,uniform,1,eas_k1_graph,eas,1,graph,29,2,ok,a9a06036e72e4f9f9c189ad0e362617e6c0454330598ad1a90b5da28b7aed40f,l2-n8192-uniform-w1-s29-r2-measure-eas_k1_graph,3364,4828,41.62069,33.830331,80825.185743,0.0123723810939,26664,26664,6.426605,1.3636,4.988972,6.424728,1.361442,1.639116,0,0.991483,0.004035,7912,0,0,0,0,0,0,0,0,0,42816,49152,0,0,0,0,7848704,0,4.988972,16.50202,1.363406,8.099717,0,0.674199,28.283105,33.830331,0,0,0,0,0
l2-n8192-uniform-w1,main,2,8192,uniform,1,eas_k1_profile,eas,1,profile,29,2,ok,a9a06036e72e4f9f9c189ad0e362617e6c0454330598ad1a90b5da28b7aed40f,l2-n8192-uniform-w1-s29-r2-measure-eas_k1_profile,3364,4828,36.598609,28.958233,91916.0616186,0.0108794913793,22468,22468,6.370432,1.269763,5.135208,6.368728,1.267868,1.593242,0,0.912714,0.003599,7912,15374,23736,1,0,0,89,0,50728,0,85632,49152,0,0,0,0,0,2297472,5.135208,9.255528,1.326534,8.485678,0,1.719216,23.28104,28.958233,0,0,0,0,0
l2-n8192-uniform-w1,main,2,8192,uniform,1,eas_k1_lazy,eas,1,lazy,29,2,ok,a9a06036e72e4f9f9c189ad0e362617e6c0454330598ad1a90b5da28b7aed40f,l2-n8192-uniform-w1-s29-r2-measure-eas_k1_lazy,3364,4828,29.541206,21.973773,113874.83639,0.00878157134364,21948,21948,6.30636,1.260918,5.329058,6.304182,1.258891,1.588356,0,0.904949,0.004205,7912,15374,23736,0,0,0,0,21222,0,0,0,49152,0,0,0,0,0,2297472,5.329058,7.721403,0.746985,3.499155,0,1.655943,16.104706,21.973773,0,0,0,0,13310
l2-n8192-uniform-w1,main,2,8192,uniform,1,accept_static_degree,accept_static_degree,,greedy,29,2,ok,a9a06036e72e4f9f9c189ad0e362617e6c0454330598ad1a90b5da28b7aed40f,l2-n8192-uniform-w1-s29-r2-measure-accept_static_degree,3482,4710,16.954106,9.165407,205377.977465,0.00486907122343,19360,19360,6.443342,1.345177,5.046237,6.441592,1.343364,1.610083,0,0.972609,0.003563,0,16214,24576,0,0,0,0,0,0,0,0,0,0,0,0,0,0,195248,5.046237,0,0,0.262732,0,0.08243,3.587578,9.165407,1.206908,0.777265,8192,19686,0
l2-n8192-uniform-w1,main,2,8192,uniform,1,native,native,,native,29,2,ok,a9a06036e72e4f9f9c189ad0e362617e6c0454330598ad1a90b5da28b7aed40f,l2-n8192-uniform-w1-s29-r2-measure-native,2381,5811,8.504659,0,279964.193744,0.00357188534229,18744,18744,6.570399,1.934146,0,6.568443,1.932425,1.649215,0.698396,0.65796,0.003677,7912,0,0,0,0,0,0,0,0,0,0,0,0,0,0,0,0,0,0,0,0,0,0,0,0,0,0,0,0,0,0
l2-n8192-uniform-w1,main,2,8192,uniform,1,eas_k2_adaptive,eas,2,adaptive,29,2,ok,a9a06036e72e4f9f9c189ad0e362617e6c0454330598ad1a90b5da28b7aed40f,l2-n8192-uniform-w1-s29-r2-measure-eas_k2_adaptive,3362,4830,29.068864,21.283179,115656.394416,0.0086463010113,21932,21932,6.467971,1.317525,5.012809,6.466267,1.315844,1.636962,0,0.950478,0.003385,7912,15374,23736,0,0,0,0,21209,0,0,0,49152,0,0,0,0,0,2297472,5.012809,7.736553,0.685373,3.345706,0,1.671377,15.73012,21.283179,0,0,0,0,13297
l2-n8192-uniform-w1,main,2,8192,uniform,1,eas_k1_profile,eas,1,profile,29,3,ok,a9a06036e72e4f9f9c189ad0e362617e6c0454330598ad1a90b5da28b7aed40f,l2-n8192-uniform-w1-s29-r3-measure-eas_k1_profile,3364,4828,36.777368,28.967925,91469.297096,0.0109326302021,22836,22836,6.477736,1.331513,5.028461,6.475769,1.329543,1.650869,0,0.967307,0.003937,7912,15374,23736,1,0,0,89,0,50728,0,85632,49152,0,0,0,0,0,2297472,5.028461,9.306651,1.304289,8.549771,0,1.741713,23.392624,28.967925,0,0,0,0,0
l2-n8192-uniform-w1,main,2,8192,uniform,1,accept_id,accept_id,,greedy,29,3,ok,a9a06036e72e4f9f9c189ad0e362617e6c0454330598ad1a90b5da28b7aed40f,l2-n8192-uniform-w1-s29-r3-measure-accept_id,3075,5117,14.619478,7.081734,210335.827312,0.00475430178862,19308,19308,6.39083,1.146737,5.021593,6.388973,1.144788,1.612463,0,0.825527,0.003806,0,0,0,0,0,0,0,0,0,0,0,0,0,0,0,0,0,0,5.021593,0,0,0.210585,0,0.064371,1.531694,7.081734,0,0.006447,0,17628,0
l2-n8192-uniform-w1,main,2,8192,uniform,1,eas_k2_adaptive,eas,2,adaptive,29,3,ok,a9a06036e72e4f9f9c189ad0e362617e6c0454330598ad1a90b5da28b7aed40f,l2-n8192-uniform-w1-s29-r3-measure-eas_k2_adaptive,3362,4830,29.21153,21.549276,115091.540909,0.00868873587151,21876,21876,6.385568,1.276555,5.017742,6.383472,1.274955,1.610162,0,0.920647,0.003696,7912,15374,23736,0,0,0,0,21209,0,0,0,49152,0,0,0,0,0,2297472,5.017742,7.856599,0.690392,3.407255,0,1.706787,15.981015,21.549276,0,0,0,0,13297
l2-n8192-uniform-w1,main,2,8192,uniform,1,eas_k1_adaptive,eas,1,adaptive,29,3,ok,a9a06036e72e4f9f9c189ad0e362617e6c0454330598ad1a90b5da28b7aed40f,l2-n8192-uniform-w1-s29-r3-measure-eas_k1_adaptive,3364,4828,29.530002,21.900783,113918.041726,0.00877824078478,21920,21920,6.348543,1.280505,5.012982,6.346546,1.278603,1.602936,0,0.914907,0.003899,7912,15374,23736,0,0,0,0,21222,0,0,0,49152,0,0,0,0,0,2297472,5.012982,7.86486,0.746762,3.581226,0,1.671466,16.346244,21.900783,0,0,0,0,13310
l2-n8192-uniform-w1,main,2,8192,uniform,1,eas_k1_graph,eas,1,graph,29,3,ok,a9a06036e72e4f9f9c189ad0e362617e6c0454330598ad1a90b5da28b7aed40f,l2-n8192-uniform-w1-s29-r3-measure-eas_k1_graph,3364,4828,41.173886,33.363021,81702.271192,0.0122395618312,26664,26664,6.487547,1.323114,5.029849,6.485554,1.321053,1.646447,0,0.960531,0.004054,7912,0,0,0,0,0,0,0,0,0,42816,49152,0,0,0,0,7848704,0,5.029849,16.116234,1.358306,8.06182,0,0.611294,27.774074,33.363021,0,0,0,0,0
l2-n8192-uniform-w1,main,2,8192,uniform,1,accept_static_degree,accept_static_degree,,greedy,29,3,ok,a9a06036e72e4f9f9c189ad0e362617e6c0454330598ad1a90b5da28b7aed40f,l2-n8192-uniform-w1-s29-r3-measure-accept_static_degree,3482,4710,17.203832,9.253686,202396.768348,0.00494079035037,19344,19344,6.545073,1.404902,5.14658,6.543032,1.40292,1.64939,0,1.016652,0.004023,0,16214,24576,0,0,0,0,0,0,0,0,0,0,0,0,0,0,195248,5.14658,0,0,0.260742,0,0.079977,3.569321,9.253686,1.200932,0.773015,8192,19686,0
l2-n8192-uniform-w1,main,2,8192,uniform,1,native,native,,native,29,3,ok,a9a06036e72e4f9f9c189ad0e362617e6c0454330598ad1a90b5da28b7aed40f,l2-n8192-uniform-w1-s29-r3-measure-native,2381,5811,8.285435,0,287371.755376,0.00347981310374,18744,18744,6.409053,1.876333,0,6.407112,1.874568,1.596293,0.674059,0.620229,0.003706,7912,0,0,0,0,0,0,0,0,0,0,0,0,0,0,0,0,0,0,0,0,0,0,0,0,0,0,0,0,0,0
l2-n8192-uniform-w1,main,2,8192,uniform,1,eas_k1_lazy,eas,1,lazy,29,3,ok,a9a06036e72e4f9f9c189ad0e362617e6c0454330598ad1a90b5da28b7aed40f,l2-n8192-uniform-w1-s29-r3-measure-eas_k1_lazy,3364,4828,29.40354,21.729183,114407.993051,0.00874064803805,22068,22068,6.382501,1.291695,4.987266,6.380339,1.289823,1.617555,0,0.933503,0.004034,7912,15374,23736,0,0,0,0,21222,0,0,0,49152,0,0,0,0,0,2297472,4.987266,7.832916,0.736425,3.499753,0,1.651399,16.202148,21.729183,0,0,0,0,13310
l2-n8192-uniform-w1,main,2,8192,uniform,1,accept_id,accept_id,,greedy,47,1,ok,6179edff413d873176d65a8773c582512be6304b036811cc6b0dde4bab2fd35f,l2-n8192-uniform-w1-s47-r1-measure-accept_id,3076,5116,15.12318,7.470871,203396.37563,0.00491650845254,19388,19388,6.468486,1.183629,5.395921,6.466412,1.181499,1.646374,0,0.852861,0.004204,0,0,0,0,0,0,0,0,0,0,0,0,0,0,0,0,0,0,5.395921,0,0,0.20849,0,0.065893,1.539645,7.470871,0,0.007726,0,17630,0
l2-n8192-uniform-w1,main,2,8192,uniform,1,eas_k2_adaptive,eas,2,adaptive,47,1,ok,6179edff413d873176d65a8773c582512be6304b036811cc6b0dde4bab2fd35f,l2-n8192-uniform-w1-s47-r1-measure-eas_k2_adaptive,3398,4794,29.415482,21.662418,115517.399987,0.00865670453208,21888,21888,6.448651,1.3042,5.211962,6.446549,1.302236,1.617663,0,0.940457,0.004066,7881,15306,23643,0,0,0,0,21045,0,0,0,49152,0,0,0,0,0,2295736,5.211962,7.79945,0.693735,3.357681,0,1.712935,15.91004,21.662418,0,0,0,0,13164
l2-n8192-uniform-w1,main,2,8192,uniform,1,eas_k1_graph,eas,1,graph,47,1,ok,6179edff413d873176d65a8773c582512be6304b036811cc6b0dde4bab2fd35f,l2-n8192-uniform-w1-s47-r1-measure-eas_k1_graph,3402,4790,41.38552,33.763876,82202.6641202,0.0121650558495,26664,26664,6.303515,1.317948,4.988085,6.301715,1.31588,1.589613,0,0.95188,0.003868,7881,0,0,0,0,0,0,0,0,0,42742,49152,0,0,0,0,7817952,0,4.988085,16.338995,1.377376,8.20181,0,0.656844,28.216128,33.763876,0,0,0,0,0
l2-n8192-uniform-w1,main,2,8192,uniform,1,accept_static_degree,accept_static_degree,,greedy,47,1,ok,6179edff413d873176d65a8773c582512be6304b036811cc6b0dde4bab2fd35f,l2-n8192-uniform-w1-s47-r1-measure-accept_static_degree,3505,4687,17.247065,9.309371,203222.983157,0.00492070328103,19108,19108,6.522101,1.41535,5.167674,6.519861,1.413386,1.6576,0,1.021314,0.004204,0,16239,24576,0,0,0,0,0,0,0,0,0,0,0,0,0,0,195432,5.167674,0,0,0.265291,0,0.082467,3.608008,9.309371,1.21216,0.775996,8192,19614,0
l2-n8192-uniform-w1,main,2,8192,uniform,1,eas_k1_profile,eas,1,profile,47,1,ok,6179edff413d873176d65a8773c582512be6304b036811cc6b0dde4bab2fd35f,l2-n8192-uniform-w1-s47-r1-measure-eas_k1_profile,3402,4790,36.596491,28.870064,92959.732123,0.010757345973,22580,22580,6.421937,1.304277,5.0205,6.419807,1.302617,1.616178,0,0.94442,0.00379,7881,15306,23643,1,0,0,89,0,50631,0,85500,49152,0,0,0,0,0,2295736,5.0205,9.190516,1.319118,8.562021,0,1.754539,23.308015,28.870064,0,0,0,0,0
l2-n8192-uniform-w1,main,2,8192,uniform,1,eas_k1_adaptive,eas,1,adaptive,47,1,ok,6179edff413d873176d65a8773c582512be6304b036811cc6b0dde4bab2fd35f,l2-n8192-uniform-w1-s47-r1-measure-eas_k1_adaptive,3402,4790,29.738572,21.86516,114396.884961,0.00874149676661,21936,21936,6.529587,1.343701,5.065968,6.527905,1.341694,1.650733,0,0.971549,0.003689,7881,15306,23643,0,0,0,0,21044,0,0,0,49152,0,0,0,0,0,2295736,5.065968,7.870842,0.761529,3.482068,0,1.664695,16.258649,21.86516,0,0,0,0,13163
l2-n8192-uniform-w1,main,2,8192,uniform,1,eas_k1_lazy,eas,1,lazy,47,1,ok,6179edff413d873176d65a8773c582512be6304b036811cc6b0dde4bab2fd35f,l2-n8192-uniform-w1-s47-r1-measure-eas_k1_lazy,3402,4790,29.115429,21.476909,116845.264413,0.00855832716049,21932,21932,6.348433,1.28998,4.96474,6.346495,1.288004,1.61904,0,0.927317,0.003914,7881,15306,23643,0,0,0,0,21044,0,0,0,49152,0,0,0,0,0,2295736,4.96474,7.652687,0.732225,3.451976,0,1.663143,15.976333,21.476909,0,0,0,0,13163
l2-n8192-uniform-w1,main,2,8192,uniform,1,native,native,,native,47,1,ok,6179edff413d873176d65a8773c582512be6304b036811cc6b0dde4bab2fd35f,l2-n8192-uniform-w1-s47-r1-measure-native,2352,5840,8.209881,0,286484.055006,0.00349059566327,18688,18688,6.334753,1.874999,0,6.332816,1.872963,1.610613,0.675893,0.615708,0.003973,7881,0,0,0,0,0,0,0,0,0,0,0,0,0,0,0,0,0,0,0,0,0,0,0,0,0,0,0,0,0,0
l2-n8192-uniform-w1,main,2,8192,uniform,1,native,native,,native,47,2,ok,6179edff413d873176d65a8773c582512be6304b036811cc6b0dde4bab2fd35f,l2-n8192-uniform-w1-s47-r2-measure-native,2352,5840,8.379434,0,280687.215867,0.00356268452381,18664,18664,6.466821,1.912502,0,6.464922,1.910246,1.642352,0.687122,0.646051,0.004155,7881,0,0,0,0,0,0,0,0,0,0,0,0,0,0,0,0,0,0,0,0,0,0,0,0,0,0,0,0,0,0
l2-n8192-uniform-w1,main,2,8192,uniform,1,eas_k1_adaptive,eas,1,adaptive,47,2,ok,6179edff413d873176d65a8773c582512be6304b036811cc6b0dde4bab2fd35f,l2-n8192-uniform-w1-s47-r2-measure-eas_k1_adaptive,3402,4790,29.61368,21.783758,114879.339548,0.00870478542034,21824,21824,6.48687,1.342843,5.046968,6.485089,1.34044,1.640733,0,0.979961,0.004184,7881,15306,23643,0,0,0,0,21044,0,0,0,49152,0,0,0,0,0,2295736,5.046968,7.758356,0.749878,3.521219,0,1.682007,16.181002,21.783758,0,0,0,0,13163
l2-n8192-uniform-w1,main,2,8192,uniform,1,accept_static_degree,accept_static_degree,,greedy,47,2,ok,6179edff413d873176d65a8773c582512be6304b036811cc6b0dde4bab2fd35f,l2-n8192-uniform-w1-s47-r2-measure-accept_static_degree,3505,4687,16.979188,9.170379,206429.188487,0.00484427617689,19204,19204,6.452647,1.356001,5.044431,6.450717,1.354192,1.620632,0,0.97953,0.003739,0,16239,24576,0,0,0,0,0,0,0,0,0,0,0,0,0,0,195432,5.044431,0,0,0.263079,0,0.08118,3.596086,9.170379,1.199539,0.778898,8192,19614,0
l2-n8192-uniform-w1,main,2,8192,uniform,1,eas_k2_adaptive,eas,2,adaptive,47,2,ok,6179edff413d873176d65a8773c582512be6304b036811cc6b0dde4bab2fd35f,l2-n8192-uniform-w1-s47-r2-measure-eas_k2_adaptive,3398,4794,29.481923,21.569347,115257.067865,0.00867625750441,22028,22028,6.571943,1.340449,5.137699,6.56997,1.338561,1.653339,0,0.974056,0.003861,7881,15306,23643,0,0,0,0,21045,0,0,0,49152,0,0,0,0,0,2295736,5.137699,7.835365,0.692007,3.356888,0,1.69484,15.891338,21.569347,0,0,0,0,13164
l2-n8192-uniform-w1,main,2,8192,uniform,1,eas_k1_graph,eas,1,graph,47,2,ok,6179edff413d873176d65a8773c582512be6304b036811cc6b0dde4bab2fd35f,l2-n8192-uniform-w1-s47-r2-measure-eas_k1_graph,3402,4790,41.509519,33.794874,81957.104827,0.0122015047031,26608,26608,6.389145,1.325307,5.117872,6.387151,1.323626,1.61541,0,0.961283,0.003675,7881,0,0,0,0,0,0,0,0,0,42742,49152,0,0,0,0,7817952,0,5.117872,16.210677,1.409037,8.221416,0,0.633287,28.114648,33.794874,0,0,0,0,0
l2-n8192-uniform-w1,main,2,8192,uniform,1,accept_id,accept_id,,greedy,47,2,ok,6179edff413d873176d65a8773c582512be6304b036811cc6b0dde4bab2fd35f,l2-n8192-uniform-w1-s47-r2-measure-accept_id,3076,5116,14.612839,7.078343,210499.821424,0.00475059785436,19180,19180,6.375377,1.158957,5.01811,6.373306,1.157094,1.616217,0,0.833678,0.003934,0,0,0,0,0,0,0,0,0,0,0,0,0,0,0,0,0,0,5.01811,0,0,0.204811,0,0.06543,1.532918,7.078343,0,0.006449,0,17630,0
l2-n8192-uniform-w1,main,2,8192,uniform,1,eas_k1_profile,eas,1,profile,47,2,ok,6179edff413d873176d65a8773c582512be6304b036811cc6b0dde4bab2fd35f,l2-n8192-uniform-w1-s47-r2-measure-eas_k1_profile,3402,4790,36.716673,28.981075,92655.4538316,0.0107926728395,22580,22580,6.442615,1.292788,5.226839,6.440733,1.290972,1.609819,0,0.935035,0.003698,7881,15306,23643,1,0,0,89,0,50631,0,85500,49152,0,0,0,0,0,2295736,5.226839,9.180672,1.311206,8.504103,0,1.749346,23.207259,28.981075,0,0,0,0,0
l2-n8192-uniform-w1,main,2,8192,uniform,1,eas_k1_lazy,eas,1,lazy,47,2,ok,6179edff413d873176d65a8773c582512be6304b036811cc6b0dde4bab2fd35f,l2-n8192-uniform-w1-s47-r2-measure-eas_k1_lazy,3402,4790,29.180183,21.566247,116585.972062,0.00857736125808,21952,21952,6.328569,1.285179,4.975905,6.326706,1.282854,1.589379,0,0.918838,0.004188,7881,15306,23643,0,0,0,0,21044,0,0,0,49152,0,0,0,0,0,2295736,4.975905,7.679593,0.749405,3.48877,0,1.657867,16.046386,21.566247,0,0,0,0,13163
l2-n8192-uniform-w1,main,2,8192,uniform,1,eas_k1_lazy,eas,1,lazy,47,3,ok,6179edff413d873176d65a8773c582512be6304b036811cc6b0dde4bab2fd35f,l2-n8192-uniform-w1-s47-r3-measure-eas_k1_lazy,3402,4790,29.16218,21.512088,116657.945325,0.00857206937096,21940,21940,6.355963,1.293914,4.982761,6.353926,1.292098,1.611988,0,0.932743,0.003853,7881,15306,23643,0,0,0,0,21044,0,0,0,49152,0,0,0,0,0,2295736,4.982761,7.663702,0.73795,3.467771,0,1.631318,15.991562,21.512088,0,0,0,0,13163
l2-n8192-uniform-w1,main,2,8192,uniform,1,accept_static_degree,accept_static_degree,,greedy,47,3,ok,6179edff413d873176d65a8773c582512be6304b036811cc6b0dde4bab2fd35f,l2-n8192-uniform-w1-s47-r3-measure-accept_static_degree,3505,4687,16.981589,9.10621,206400.00179,0.00484496119829,19296,19296,6.482654,1.392536,4.983757,6.480677,1.390683,1.644579,0,1.01183,0.00383,0,16239,24576,0,0,0,0,0,0,0,0,0,0,0,0,0,0,195432,4.983757,0,0,0.261077,0,0.082127,3.592248,9.10621,1.214361,0.769544,8192,19614,0
l2-n8192-uniform-w1,main,2,8192,uniform,1,eas_k1_graph,eas,1,graph,47,3,ok,6179edff413d873176d65a8773c582512be6304b036811cc6b0dde4bab2fd35f,l2-n8192-uniform-w1-s47-r3-measure-eas_k1_graph,3402,4790,41.521646,33.670688,81933.1680637,0.012205069371,26800,26800,6.484595,1.366202,4.997333,6.482856,1.364547,1.649057,0,0.996815,0.003394,7881,0,0,0,0,0,0,0,0,0,42742,49152,0,0,0,0,7817952,0,4.997333,16.206316,1.405515,8.21118,0,0.632889,28.100589,33.670688,0,0,0,0,0
l2-n8192-uniform-w1,main,2,8192,uniform,1,accept_id,accept_id,,greedy,47,3,ok,6179edff413d873176d65a8773c582512be6304b036811cc6b0dde4bab2fd35f,l2-n8192-uniform-w1-s47-r3-measure-accept_id,3076,5116,14.680137,7.111666,209534.829273,0.00477247626788,19264,19264,6.408422,1.159857,5.031635,6.40638,1.158045,1.621984,0,0.834575,0.003854,0,0,0,0,0,0,0,0,0,0,0,0,0,0,0,0,0,0,5.031635,0,0,0.207047,0,0.066772,1.547997,7.111666,0,0.006455,0,17630,0
l2-n8192-uniform-w1,main,2,8192,uniform,1,eas_k1_adaptive,eas,1,adaptive,47,3,ok,6179edff413d873176d65a8773c582512be6304b036811cc6b0dde4bab2fd35f,l2-n8192-uniform-w1-s47-r3-measure-eas_k1_adaptive,3402,4790,29.389525,21.785811,115755.528543,0.00863889623751,21856,21856,6.326783,1.276754,5.035909,6.324749,1.274924,1.594698,0,0.920187,0.003864,7881,15306,23643,0,0,0,0,21044,0,0,0,49152,0,0,0,0,0,2295736,5.035909,7.810771,0.744817,3.490791,0,1.673538,16.210956,21.785811,0,0,0,0,13163
l2-n8192-uniform-w1,main,2,8192,uniform,1,native,native,,native,47,3,ok,6179edff413d873176d65a8773c582512be6304b036811cc6b0dde4bab2fd35f,l2-n8192-uniform-w1-s47-r3-measure-native,2352,5840,8.292859,0,283617.507545,0.00352587542517,18760,18760,6.41993,1.87284,0,6.418034,1.870532,1.615804,0.669714,0.617393,0.004204,7881,0,0,0,0,0,0,0,0,0,0,0,0,0,0,0,0,0,0,0,0,0,0,0,0,0,0,0,0,0,0
l2-n8192-uniform-w1,main,2,8192,uniform,1,eas_k1_profile,eas,1,profile,47,3,ok,6179edff413d873176d65a8773c582512be6304b036811cc6b0dde4bab2fd35f,l2-n8192-uniform-w1-s47-r3-measure-eas_k1_profile,3402,4790,36.239659,28.575908,93875.055502,0.0106524570841,22656,22656,6.366886,1.296671,4.974024,6.364983,1.294927,1.614272,0,0.9347,0.003647,7881,15306,23643,1,0,0,89,0,50631,0,85500,49152,0,0,0,0,0,2295736,4.974024,9.083813,1.311108,8.507348,0,1.68898,23.064842,28.575908,0,0,0,0,0
l2-n8192-uniform-w1,main,2,8192,uniform,1,eas_k2_adaptive,eas,2,adaptive,47,3,ok,6179edff413d873176d65a8773c582512be6304b036811cc6b0dde4bab2fd35f,l2-n8192-uniform-w1-s47-r3-measure-eas_k2_adaptive,3398,4794,29.069303,21.23642,116893.067577,0.00855482725132,21960,21960,6.50559,1.327138,5.01916,6.503425,1.325472,1.652599,0,0.964871,0.003831,7881,15306,23643,0,0,0,0,21045,0,0,0,49152,0,0,0,0,0,2295736,5.01916,7.702483,0.686602,3.326803,0,1.668336,15.680183,21.23642,0,0,0,0,13164
l2-n8192-uniform-w1,main,2,8192,uniform,1,eas_k1_graph,eas,1,graph,71,1,ok,389e45459790c8648e84ebaa459a81222343ff6a58bd9036d76a9ea738007031,l2-n8192-uniform-w1-s71-r1-measure-eas_k1_graph,3393,4799,41.051008,33.289227,82653.2688308,0.0120987350427,26616,26616,6.424246,1.337329,5.010868,6.422245,1.335316,1.644382,0,0.974683,0.004014,7887,0,0,0,0,0,0,0,0,0,42502,49152,0,0,0,0,7823904,0,5.010868,16.13173,1.355138,7.99883,0,0.602729,27.715919,33.289227,0,0,0,0,0
l2-n8192-uniform-w1,main,2,8192,uniform,1,eas_k1_profile,eas,1,profile,71,1,ok,389e45459790c8648e84ebaa459a81222343ff6a58bd9036d76a9ea738007031,l2-n8192-uniform-w1-s71-r1-measure-eas_k1_profile,3393,4799,36.601725,28.722898,92700.5489495,0.0107874226348,22660,22660,6.536688,1.342003,5.05154,6.534475,1.339796,1.665409,0,0.977459,0.00442,7887,15327,23661,1,0,0,89,0,50393,0,85012,49152,0,0,0,0,0,2296200,5.05154,9.148288,1.31696,8.482154,0,1.730511,23.131006,28.722898,0,0,0,0,0
l2-n8192-uniform-w1,main,2,8192,uniform,1,eas_k2_adaptive,eas,2,adaptive,71,1,ok,389e45459790c8648e84ebaa459a81222343ff6a58bd9036d76a9ea738007031,l2-n8192-uniform-w1-s71-r1-measure-eas_k2_adaptive,3386,4806,29.292624,21.440656,115592.239193,0.0086510998228,21936,21936,6.481567,1.370223,5.05222,6.47945,1.368472,1.645207,0,0.967629,0.003868,7887,15327,23661,0,0,0,0,21008,0,0,0,49152,0,0,0,0,0,2296200,5.05222,7.784202,0.692827,3.367211,0,1.693621,15.848347,21.440656,0,0,0,0,13121
l2-n8192-uniform-w1,main,2,8192,uniform,1,accept_static_degree,accept_static_degree,,greedy,71,1,ok,389e45459790c8648e84ebaa459a81222343ff6a58bd9036d76a9ea738007031,l2-n8192-uniform-w1-s71-r1-measure-accept_static_degree,3508,4684,16.893951,9.136533,207648.28784,0.00481583551881,19148,19148,6.387861,1.369351,5.010378,6.385984,1.367303,1.613305,0,0.986222,0.003925,0,16242,24576,0,0,0,0,0,0,0,0,0,0,0,0,0,0,195464,5.010378,0,0,0.264965,0,0.08241,3.596769,9.136533,1.195867,0.773548,8192,19696,0
l2-n8192-uniform-w1,main,2,8192,uniform,1,native,native,,native,71,1,ok,389e45459790c8648e84ebaa459a81222343ff6a58bd9036d76a9ea738007031,l2-n8192-uniform-w1-s71-r1-measure-native,2413,5779,8.290935,0,291040.757164,0.00343594488189,18560,18560,6.38358,1.907289,0,6.381638,1.904984,1.615791,0.683048,0.643781,0.004247,7887,0,0,0,0,0,0,0,0,0,0,0,0,0,0,0,0,0,0,0,0,0,0,0,0,0,0,0,0,0,0
l2-n8192-uniform-w1,main,2,8192,uniform,1,eas_k1_adaptive,eas,1,adaptive,71,1,ok,389e45459790c8648e84ebaa459a81222343ff6a58bd9036d76a9ea738007031,l2-n8192-uniform-w1-s71-r1-measure-eas_k1_adaptive,3393,4799,29.414463,21.76729,115351.41743,0.00866916091954,21952,21952,6.366745,1.280256,5.066907,6.364767,1.278541,1.586038,0,0.92306,0.003693,7887,15327,23661,0,0,0,0,21018,0,0,0,49152,0,0,0,0,0,2296200,5.066907,7.838016,0.745362,3.489953,0,1.656999,16.160341,21.76729,0,0,0,0,13131
l2-n8192-uniform-w1,main,2,8192,uniform,1,eas_k1_lazy,eas,1,lazy,71,1,ok,389e45459790c8648e84ebaa459a81222343ff6a58bd9036d76a9ea738007031,l2-n8192-uniform-w1-s71-r1-measure-eas_k1_lazy,3393,4799,29.237604,21.54881,116049.181048,0.00861703625111,21928,21928,6.399017,1.289603,5.007801,6.397193,1.288111,1.613991,0,0.929999,0.003316,7887,15327,23661,0,0,0,0,21018,0,0,0,49152,0,0,0,0,0,2296200,5.007801,7.719604,0.740252,3.475193,0,1.640149,16.002191,21.54881,0,0,0,0,13131
l2-n8192-uniform-w1,main,2,8192,uniform,1,accept_id,accept_id,,greedy,71,1,ok,389e45459790c8648e84ebaa459a81222343ff6a58bd9036d76a9ea738007031,l2-n8192-uniform-w1-s71-r1-measure-accept_id,3119,5073,14.494028,7.058458,215192.07773,0.00464701122155,19380,19380,6.282894,1.152487,5.012719,6.280753,1.150548,1.593014,0,0.827245,0.00408,0,0,0,0,0,0,0,0,0,0,0,0,0,0,0,0,0,0,5.012719,0,0,0.209122,0,0.065,1.518199,7.058458,0,0.006459,0,17750,0
l2-n8192-uniform-w1,main,2,8192,uniform,1,eas_k1_adaptive,eas,1,adaptive,71,2,ok,389e45459790c8648e84ebaa459a81222343ff6a58bd9036d76a9ea738007031,l2-n8192-uniform-w1-s71-r2-measure-eas_k1_adaptive,3393,4799,34.554306,25.242359,98193.261355,0.0101839982317,21920,21920,7.172055,2.139615,5.964765,7.169451,2.136759,1.769077,0,1.632824,0.00546,7887,15327,23661,0,0,0,0,21018,0,0,0,49152,0,0,0,0,0,2296200,5.964765,9.052552,0.825437,4.171417,0,1.831463,18.640137,25.242359,0,0,0,0,13131
l2-n8192-uniform-w1,main,2,8192,uniform,1,eas_k1_lazy,eas,1,lazy,71,2,ok,389e45459790c8648e84ebaa459a81222343ff6a58bd9036d76a9ea738007031,l2-n8192-uniform-w1-s71-r2-measure-eas_k1_lazy,3393,4799,85.347548,42.099835,39755.0964206,0.0251540076628,21956,21956,29.204268,14.043244,6.418674,8.224106,1.589389,1.822282,0,1.163778,33.434017,7887,15327,23661,0,0,0,0,21018,0,0,0,49152,0,0,0,0,0,2296200,6.418674,13.470705,0.836463,4.174833,0,13.750412,35.039928,42.099835,0,0,0,0,13131
l2-n8192-uniform-w1,main,2,8192,uniform,1,eas_k1_graph,eas,1,graph,71,2,ok,389e45459790c8648e84ebaa459a81222343ff6a58bd9036d76a9ea738007031,l2-n8192-uniform-w1-s71-r2-measure-eas_k1_graph,3393,4799,91.195143,67.113464,37205.9288289,0.0268774367816,26680,26680,22.067016,2.014489,6.382408,8.119775,2.011404,1.745387,0,1.539927,13.950326,7887,0,0,0,0,0,0,0,0,0,42502,49152,0,0,0,0,7823904,0,6.382408,34.583194,13.404438,9.279666,0,0.908975,60.065007,67.113464,0,0,0,0,0
l2-n8192-uniform-w1,main,2,8192,uniform,1,eas_k1_profile,eas,1,profile,71,2,ok,389e45459790c8648e84ebaa459a81222343ff6a58bd9036d76a9ea738007031,l2-n8192-uniform-w1-s71-r2-measure-eas_k1_profile,3393,4799,137.779726,58.517071,24626.2646799,0.0406070515768,22700,22700,49.383596,29.878712,6.437177,16.835118,1.82076,10.258619,0,1.36847,60.60643,7887,15327,23661,1,0,0,89,0,50393,0,85012,49152,0,0,0,0,0,2296200,6.437177,15.544304,1.500511,21.240477,0,10.34316,51.447931,58.517071,0,0,0,0,0
l2-n8192-uniform-w1,main,2,8192,uniform,1,native,native,,native,71,2,ok,389e45459790c8648e84ebaa459a81222343ff6a58bd9036d76a9ea738007031,l2-n8192-uniform-w1-s71-r2-measure-native,2413,5779,55.80266,0,43241.6662575,0.0231258433485,18760,18760,26.16216,29.640415,0,8.100263,2.07788,1.779702,0.742028,0.66211,45.624432,7887,0,0,0,0,0,0,0,0,0,0,0,0,0,0,0,0,0,0,0,0,0,0,0,0,0,0,0,0,0,0
l2-n8192-uniform-w1,main,2,8192,uniform,1,accept_id,accept_id,,greedy,71,2,ok,389e45459790c8648e84ebaa459a81222343ff6a58bd9036d76a9ea738007031,l2-n8192-uniform-w1-s71-r2-measure-accept_id,3119,5073,17.850378,8.801287,174730.193389,0.00572310932991,19272,19272,7.780573,1.268291,6.406941,7.777466,1.26652,1.846276,0,0.880791,0.004878,0,0,0,0,0,0,0,0,0,0,0,0,0,0,0,0,0,0,6.406941,0,0,0.239769,0,0.075163,1.773099,8.801287,0,0.009386,0,17750,0
l2-n8192-uniform-w1,main,2,8192,uniform,1,eas_k2_adaptive,eas,2,adaptive,71,2,ok,389e45459790c8648e84ebaa459a81222343ff6a58bd9036d76a9ea738007031,l2-n8192-uniform-w1-s71-r2-measure-eas_k2_adaptive,3386,4806,100.353476,41.793158,33740.734601,0.0296377660957,21940,21940,26.754508,31.805638,6.451336,8.718408,1.725735,1.82715,0,1.281124,48.116003,7887,15327,23661,0,0,0,0,21008,0,0,0,49152,0,0,0,0,0,2296200,6.451336,14.914156,0.776047,4.014728,0,12.368841,34.689526,41.793158,0,0,0,0,13121
l2-n8192-uniform-w1,main,2,8192,uniform,1,accept_static_degree,accept_static_degree,,greedy,71,2,ok,389e45459790c8648e84ebaa459a81222343ff6a58bd9036d76a9ea738007031,l2-n8192-uniform-w1-s71-r2-measure-accept_static_degree,3508,4684,64.951225,11.029819,54009.7588614,0.0185151724629,19408,19408,28.465107,25.456099,6.388866,8.164352,1.540115,1.833712,0,1.099035,44.216739,0,16242,24576,0,0,0,0,0,0,0,0,0,0,0,0,0,0,195464,6.388866,0,0,0.290062,0,0.094434,4.018545,11.029819,1.366687,0.812524,8192,19696,0
l2-n8192-uniform-w1,main,2,8192,uniform,1,eas_k1_graph,eas,1,graph,71,3,ok,389e45459790c8648e84ebaa459a81222343ff6a58bd9036d76a9ea738007031,l2-n8192-uniform-w1-s71-r3-measure-eas_k1_graph,3393,4799,120.740637,67.79252,28101.5578873,0.0355852157383,26680,26680,27.996524,24.951443,6.374643,8.056884,2.252707,1.771362,0,1.767759,42.638376,7887,0,0,0,0,0,0,0,0,0,42502,49152,0,0,0,0,7823904,0,6.374643,27.051896,1.659142,20.613245,0,0.800728,60.752893,67.79252,0,0,0,0,0
l2-n8192-uniform-w1,main,2,8192,uniform,1,eas_k1_profile,eas,1,profile,71,3,ok,389e45459790c8648e84ebaa459a81222343ff6a58bd9036d76a9ea738007031,l2-n8192-uniform-w1-s71-r3-measure-eas_k1_profile,3393,4799,79.25729,50.117078,42809.9421517,0.0233590598291,22672,22672,27.346617,1.793324,6.339462,8.212651,1.790499,1.836745,0,1.341094,19.136791,7887,15327,23661,1,0,0,89,0,50393,0,85012,49152,0,0,0,0,0,2296200,6.339462,16.070306,1.635997,20.774694,0,1.861043,43.143672,50.117078,0,0,0,0,0
l2-n8192-uniform-w1,main,2,8192,uniform,1,eas_k1_lazy,eas,1,lazy,71,3,ok,389e45459790c8648e84ebaa459a81222343ff6a58bd9036d76a9ea738007031,l2-n8192-uniform-w1-s71-r3-measure-eas_k1_lazy,3393,4799,91.28967,41.81791,37167.403497,0.0269052961981,21940,21940,25.087784,24.383852,6.333898,8.147977,1.754402,1.81966,0,1.316427,39.569257,7887,15327,23661,0,0,0,0,21018,0,0,0,49152,0,0,0,0,0,2296200,6.333898,15.391943,0.8328,4.19996,0,11.638739,34.852492,41.81791,0,0,0,0,13131
l2-n8192-uniform-w1,main,2,8192,uniform,1,eas_k1_adaptive,eas,1,adaptive,71,3,ok,389e45459790c8648e84ebaa459a81222343ff6a58bd9036d76a9ea738007031,l2-n8192-uniform-w1-s71-r3-measure-eas_k1_adaptive,3393,4799,90.12124,41.795538,37649.2822336,0.0265609313292,21968,21968,22.774164,25.551341,6.331686,7.948873,1.610108,1.751745,0,1.185492,38.766524,7887,15327,23661,0,0,0,0,21018,0,0,0,49152,0,0,0,0,0,2296200,6.331686,16.586624,0.827895,4.137692,0,10.493437,34.833801,41.795538,0,0,0,0,13131
l2-n8192-uniform-w1,main,2,8192,uniform,1,accept_id,accept_id,,greedy,71,3,ok,389e45459790c8648e84ebaa459a81222343ff6a58bd9036d76a9ea738007031,l2-n8192-uniform-w1-s71-r3-measure-accept_id,3119,5073,66.975848,8.738792,46569.0258972,0.0214735004809,19068,19068,26.400802,31.836112,6.330547,8.108813,1.349754,1.824166,0,0.972852,48.778347,0,0,0,0,0,0,0,0,0,0,0,0,0,0,0,0,0,0,6.330547,0,0,0.237438,0,0.076714,1.774116,8.738792,0,0.009582,0,17750,0
l2-n8192-uniform-w1,main,2,8192,uniform,1,native,native,,native,71,3,ok,389e45459790c8648e84ebaa459a81222343ff6a58bd9036d76a9ea738007031,l2-n8192-uniform-w1-s71-r3-measure-native,2413,5779,48.548098,0,49703.2860072,0.0201193941152,18680,18680,18.514699,30.033299,0,8.255276,2.112022,1.85736,0.758205,0.692877,38.1807,7887,0,0,0,0,0,0,0,0,0,0,0,0,0,0,0,0,0,0,0,0,0,0,0,0,0,0,0,0,0,0
l2-n8192-uniform-w1,main,2,8192,uniform,1,eas_k2_adaptive,eas,2,adaptive,71,3,ok,389e45459790c8648e84ebaa459a81222343ff6a58bd9036d76a9ea738007031,l2-n8192-uniform-w1-s71-r3-measure-eas_k2_adaptive,3386,4806,92.828338,37.452499,36475.9304427,0.0274153390431,21764,21764,28.20639,27.169065,6.355701,8.203457,1.60033,1.851104,0,1.171281,45.571668,7887,15327,23661,0,0,0,0,21008,0,0,0,49152,0,0,0,0,0,2296200,6.355701,13.840235,0.784735,11.384571,0,1.865375,30.461804,37.452499,0,0,0,0,13121
l2-n8192-uniform-w1,main,2,8192,uniform,1,accept_static_degree,accept_static_degree,,greedy,71,3,ok,389e45459790c8648e84ebaa459a81222343ff6a58bd9036d76a9ea738007031,l2-n8192-uniform-w1-s71-r3-measure-accept_static_degree,3508,4684,20.661273,11.002719,169786.246956,0.00588975855188,19340,19340,8.197027,1.46132,6.3642,8.194529,1.459206,1.825241,0,1.016442,0.004612,0,16242,24576,0,0,0,0,0,0,0,0,0,0,0,0,0,0,195464,6.3642,0,0,0.284271,0,0.095159,4.012634,11.002719,1.357151,0.813826,8192,19696,0
l2-n8192-uniform-w1,main,2,8192,uniform,1,eas_k1_lazy,eas,1,lazy,101,1,ok,c9eef3d8b886a566a9bcd255b0261a2767ccdc13877a09064ed266c58a7de209,l2-n8192-uniform-w1-s101-r1-measure-eas_k1_lazy,3355,4837,85.950378,41.675043,39034.1506119,0.0256185925484,22060,22060,22.365311,21.909776,6.275973,8.175036,1.615414,1.780706,0,1.187255,34.484637,7873,15230,23619,0,0,0,0,21293,0,0,0,49152,0,0,0,0,0,2295344,6.275973,16.673057,0.834165,4.161817,0,10.257397,34.770596,41.675043,0,0,0,0,13420
l2-n8192-uniform-w1,main,2,8192,uniform,1,native,native,,native,101,1,ok,c9eef3d8b886a566a9bcd255b0261a2767ccdc13877a09064ed266c58a7de209,l2-n8192-uniform-w1-s101-r1-measure-native,2365,5827,57.473889,0,41149.1207773,0.024301855814,18748,18748,29.440067,28.033721,0,8.229299,2.094963,1.86056,0.762663,0.675266,47.149526,7873,0,0,0,0,0,0,0,0,0,0,0,0,0,0,0,0,0,0,0,0,0,0,0,0,0,0,0,0,0,0
l2-n8192-uniform-w1,main,2,8192,uniform,1,eas_k1_profile,eas,1,profile,101,1,ok,c9eef3d8b886a566a9bcd255b0261a2767ccdc13877a09064ed266c58a7de209,l2-n8192-uniform-w1-s101-r1-measure-eas_k1_profile,3355,4837,46.720111,33.773899,71810.6170595,0.0139255174367,22572,22572,11.382688,1.563207,6.284502,8.220968,1.561204,1.870796,0,1.112979,3.163723,7873,15230,23619,1,0,0,89,0,50875,0,86004,49152,0,0,0,0,0,2295344,6.284502,10.885438,1.472631,9.77457,0,1.898623,26.860732,33.773899,0,0,0,0,0
l2-n8192-uniform-w1,main,2,8192,uniform,1,eas_k1_graph,eas,1,graph,101,1,ok,c9eef3d8b886a566a9bcd255b0261a2767ccdc13877a09064ed266c58a7de209,l2-n8192-uniform-w1-s101-r1-measure-eas_k1_graph,3355,4837,137.19148,63.316569,24454.8713958,0.0408916482861,26596,26596,28.879749,44.994977,6.300911,8.231212,2.084222,1.851665,0,1.603061,63.559292,7873,0,0,0,0,0,0,0,0,0,42998,49152,0,0,0,0,7810016,0,6.300911,34.229622,1.669528,17.812358,0,0.734745,56.354175,63.316569,0,0,0,0,0
l2-n8192-uniform-w1,main,2,8192,uniform,1,accept_id,accept_id,,greedy,101,1,ok,c9eef3d8b886a566a9bcd255b0261a2767ccdc13877a09064ed266c58a7de209,l2-n8192-uniform-w1-s101-r1-measure-accept_id,3102,5090,54.942814,8.643458,56458.7026795,0.0177120612508,19044,19044,24.392126,21.907026,6.257488,8.11885,1.354506,1.822329,0,0.975072,36.825796,0,0,0,0,0,0,0,0,0,0,0,0,0,0,0,0,0,0,6.257488,0,0,0.23353,0,0.075719,1.76976,8.643458,0,0.00658,0,17703,0
l2-n8192-uniform-w1,main,2,8192,uniform,1,eas_k2_adaptive,eas,2,adaptive,101,1,ok,c9eef3d8b886a566a9bcd255b0261a2767ccdc13877a09064ed266c58a7de209,l2-n8192-uniform-w1-s101-r1-measure-eas_k2_adaptive,3354,4838,35.432716,25.633354,94658.2813465,0.0105643160405,21936,21936,8.295876,1.503352,6.679516,8.293518,1.501224,1.857289,0,1.066371,0.004486,7873,15230,23619,0,0,0,0,21279,0,0,0,49152,0,0,0,0,0,2295344,6.679516,9.121066,0.76407,3.969849,0,1.849429,18.324126,25.633354,0,0,0,0,13406
l2-n8192-uniform-w1,main,2,8192,uniform,1,eas_k1_adaptive,eas,1,adaptive,101,1,ok,c9eef3d8b886a566a9bcd255b0261a2767ccdc13877a09064ed266c58a7de209,l2-n8192-uniform-w1-s101-r1-measure-eas_k1_adaptive,3355,4837,49.953005,23.105295,67163.1266227,0.0148891222057,21936,21936,25.202181,1.645284,5.40792,8.011635,1.641713,1.788598,0,1.205001,17.194117,7873,15230,23619,0,0,0,0,21293,0,0,0,49152,0,0,0,0,0,2295344,5.40792,8.037638,0.782242,3.774208,0,1.852323,17.066136,23.105295,0,0,0,0,13420
l2-n8192-uniform-w1,main,2,8192,uniform,1,accept_static_degree,accept_static_degree,,greedy,101,1,ok,c9eef3d8b886a566a9bcd255b0261a2767ccdc13877a09064ed266c58a7de209,l2-n8192-uniform-w1-s101-r1-measure-accept_static_degree,3468,4724,63.669546,11.162568,54468.7408325,0.0183591539792,19356,19356,25.865157,26.641619,6.464973,8.340433,1.539692,1.855416,0,1.10858,42.626651,0,16187,24576,0,0,0,0,0,0,0,0,0,0,0,0,0,0,195024,6.464973,0,0,0.291617,0,0.096518,4.075026,11.162568,1.356472,0.876565,8192,19609,0
l2-n8192-uniform-w1,main,2,8192,uniform,1,accept_id,accept_id,,greedy,101,2,ok,c9eef3d8b886a566a9bcd255b0261a2767ccdc13877a09064ed266c58a7de209,l2-n8192-uniform-w1-s101-r2-measure-accept_id,3102,5090,58.425214,8.648098,53093.5154127,0.0188346918117,19196,19196,23.326563,26.45033,6.26676,7.888612,1.297079,1.736681,0,0.923988,40.591202,0,0,0,0,0,0,0,0,0,0,0,0,0,0,0,0,0,0,6.26676,0,0,0.23193,0,0.075811,1.774143,8.648098,0,0.010799,0,17703,0
l2-n8192-uniform-w1,main,2,8192,uniform,1,eas_k1_lazy,eas,1,lazy,101,2,ok,c9eef3d8b886a566a9bcd255b0261a2767ccdc13877a09064ed266c58a7de209,l2-n8192-uniform-w1-s101-r2-measure-eas_k1_lazy,3355,4837,93.96287,41.758988,35705.593071,0.0280068166915,21936,21936,22.413292,29.790344,6.273062,8.022137,1.624723,1.788811,0,1.192758,42.556776,7873,15230,23619,0,0,0,0,21293,0,0,0,49152,0,0,0,0,0,2295344,6.273062,16.703202,0.834741,4.209657,0,10.283245,34.857601,41.758988,0,0,0,0,13420
l2-n8192-uniform-w1,main,2,8192,uniform,1,eas_k2_adaptive,eas,2,adaptive,101,2,ok,c9eef3d8b886a566a9bcd255b0261a2767ccdc13877a09064ed266c58a7de209,l2-n8192-uniform-w1-s101-r2-measure-eas_k2_adaptive,3354,4838,34.474897,24.940574,97288.1804404,0.0102787409064,22056,22056,8.04039,1.493721,6.276909,8.038019,1.491495,1.8112,0,1.052553,0.004597,7873,15230,23619,0,0,0,0,21279,0,0,0,49152,0,0,0,0,0,2295344,6.276909,9.002468,0.73814,3.929034,0,1.796161,18.041381,24.940574,0,0,0,0,13406
l2-n8192-uniform-w1,main,2,8192,uniform,1,eas_k1_graph,eas,1,graph,101,2,ok,c9eef3d8b886a566a9bcd255b0261a2767ccdc13877a09064ed266c58a7de209,l2-n8192-uniform-w1-s101-r2-measure-eas_k1_graph,3355,4837,74.028807,43.086451,45320.1954207,0.0220652181818,26612,26612,29.107181,1.834949,6.315143,8.127866,1.831751,1.801324,0,1.382111,20.982513,7873,0,0,0,0,0,0,0,0,0,42998,49152,0,0,0,0,7810016,0,6.315143,22.529579,1.644637,9.322337,0,0.711871,36.11627,43.086451,0,0,0,0,0
l2-n8192-uniform-w1,main,2,8192,uniform,1,accept_static_degree,accept_static_degree,,greedy,101,2,ok,c9eef3d8b886a566a9bcd255b0261a2767ccdc13877a09064ed266c58a7de209,l2-n8192-uniform-w1-s101-r2-measure-accept_static_degree,3468,4724,20.608568,11.007069,168279.523352,0.00594249365629,19204,19204,8.163907,1.437396,6.291044,8.161279,1.435191,1.824409,0,1.006456,0.004833,0,16187,24576,0,0,0,0,0,0,0,0,0,0,0,0,0,0,195024,6.291044,0,0,0.295814,0,0.096412,4.087976,11.007069,1.348252,0.873164,8192,19609,0
l2-n8192-uniform-w1,main,2,8192,uniform,1,native,native,,native,101,2,ok,c9eef3d8b886a566a9bcd255b0261a2767ccdc13877a09064ed266c58a7de209,l2-n8192-uniform-w1-s101-r2-measure-native,2365,5827,54.176394,0,43653.6990631,0.0229075661734,18732,18732,22.844614,31.331688,0,8.276611,2.037351,1.779928,0.742675,0.639224,43.86234,7873,0,0,0,0,0,0,0,0,0,0,0,0,0,0,0,0,0,0,0,0,0,0,0,0,0,0,0,0,0,0
l2-n8192-uniform-w1,main,2,8192,uniform,1,eas_k1_adaptive,eas,1,adaptive,101,2,ok,c9eef3d8b886a566a9bcd255b0261a2767ccdc13877a09064ed266c58a7de209,l2-n8192-uniform-w1-s101-r2-measure-eas_k1_adaptive,3355,4837,118.168706,42.360586,28391.6115659,0.0352216709389,22032,22032,37.561479,38.246204,6.305671,12.908756,1.647326,1.842679,0,1.213974,61.251601,7873,15230,23619,0,0,0,0,21293,0,0,0,49152,0,0,0,0,0,2295344,6.305671,17.130238,0.821515,4.226298,0,1.82318,35.430586,42.360586,0,0,0,0,13420
l2-n8192-uniform-w1,main,2,8192,uniform,1,eas_k1_profile,eas,1,profile,101,2,ok,c9eef3d8b886a566a9bcd255b0261a2767ccdc13877a09064ed266c58a7de209,l2-n8192-uniform-w1-s101-r2-measure-eas_k1_profile,3355,4837,106.262695,49.826754,31572.698208,0.0316729344262,22576,22576,23.027194,33.40853,6.251882,8.216914,1.73772,1.854294,0,1.298403,46.48109,7873,15230,23619,1,0,0,89,0,50875,0,86004,49152,0,0,0,0,0,2295344,6.251882,18.17597,1.479829,18.558897,0,1.900796,42.948976,49.826754,0,0,0,0,0
l2-n8192-uniform-w1,main,2,8192,uniform,1,eas_k1_adaptive,eas,1,adaptive,101,3,ok,c9eef3d8b886a566a9bcd255b0261a2767ccdc13877a09064ed266c58a7de209,l2-n8192-uniform-w1-s101-r3-measure-eas_k1_adaptive,3355,4837,100.804613,41.626117,33282.2070355,0.0300460843517,21940,21940,28.083643,31.094669,6.282371,8.070531,1.576008,1.806204,0,1.151286,49.531773,7873,15230,23619,0,0,0,0,21293,0,0,0,49152,0,0,0,0,0,2295344,6.282371,13.819325,0.830984,4.153046,0,13.072065,34.728335,41.626117,0,0,0,0,13420
l2-n8192-uniform-w1,main,2,8192,uniform,1,eas_k1_graph,eas,1,graph,101,3,ok,c9eef3d8b886a566a9bcd255b0261a2767ccdc13877a09064ed266c58a7de209,l2-n8192-uniform-w1-s101-r3-measure-eas_k1_graph,3355,4837,87.28491,58.636927,38437.3427205,0.026016366617,26612,26612,26.716805,1.930912,6.242292,8.038714,1.927807,1.766425,0,1.455346,18.681196,7873,0,0,0,0,0,0,0,0,0,42998,49152,0,0,0,0,7810016,0,6.242292,29.476132,1.620029,18.069001,0,0.663599,51.746427,58.636927,0,0,0,0,0
l2-n8192-uniform-w1,main,2,8192,uniform,1,native,native,,native,101,3,ok,c9eef3d8b886a566a9bcd255b0261a2767ccdc13877a09064ed266c58a7de209,l2-n8192-uniform-w1-s101-r3-measure-native,2365,5827,57.091437,0,41424.7761884,0.0241401424947,18656,18656,28.688742,28.402592,0,8.262599,2.093484,1.851453,0.766942,0.674925,46.735251,7873,0,0,0,0,0,0,0,0,0,0,0,0,0,0,0,0,0,0,0,0,0,0,0,0,0,0,0,0,0,0
l2-n8192-uniform-w1,main,2,8192,uniform,1,eas_k1_lazy,eas,1,lazy,101,3,ok,c9eef3d8b886a566a9bcd255b0261a2767ccdc13877a09064ed266c58a7de209,l2-n8192-uniform-w1-s101-r3-measure-eas_k1_lazy,3355,4837,87.031695,41.82679,38549.1745277,0.0259408926975,21856,21856,24.528796,20.675913,6.258087,8.018346,1.628188,1.783265,0,1.196335,35.558175,7873,15230,23619,0,0,0,0,21293,0,0,0,49152,0,0,0,0,0,2295344,6.258087,15.655629,0.824667,4.232318,0,11.368684,34.939138,41.82679,0,0,0,0,13420
l2-n8192-uniform-w1,main,2,8192,uniform,1,eas_k1_profile,eas,1,profile,101,3,ok,c9eef3d8b886a566a9bcd255b0261a2767ccdc13877a09064ed266c58a7de209,l2-n8192-uniform-w1-s101-r3-measure-eas_k1_profile,3355,4837,107.232082,51.777796,31287.2783725,0.0319618724292,22816,22816,24.969351,30.484664,6.230213,7.806882,1.617467,1.716991,0,1.190966,46.029666,7873,15230,23619,1,0,0,89,0,50875,0,86004,49152,0,0,0,0,0,2295344,6.230213,17.108208,1.448245,21.761041,0,1.829853,44.926885,51.777796,0,0,0,0,0
l2-n8192-uniform-w1,main,2,8192,uniform,1,accept_id,accept_id,,greedy,101,3,ok,c9eef3d8b886a566a9bcd255b0261a2767ccdc13877a09064ed266c58a7de209,l2-n8192-uniform-w1-s101-r3-measure-accept_id,3102,5090,78.821535,8.602291,39354.727106,0.0254099081238,19116,19116,40.172109,30.046991,6.220215,16.053645,1.314882,1.792992,0,0.934085,52.850573,0,0,0,0,0,0,0,0,0,0,0,0,0,0,0,0,0,0,6.220215,0,0,0.236431,0,0.078738,1.76822,8.602291,0,0.008406,0,17703,0
l2-n8192-uniform-w1,main,2,8192,uniform,1,accept_static_degree,accept_static_degree,,greedy,101,3,ok,c9eef3d8b886a566a9bcd255b0261a2767ccdc13877a09064ed266c58a7de209,l2-n8192-uniform-w1-s101-r3-measure-accept_static_degree,3468,4724,20.654738,10.933411,167903.364352,0.00595580680507,19328,19328,8.18725,1.533817,6.265071,8.18459,1.531483,1.849468,0,1.082333,0.004994,0,16187,24576,0,0,0,0,0,0,0,0,0,0,0,0,0,0,195024,6.265071,0,0,0.288654,0,0.095412,4.046205,10.933411,1.34859,0.860022,8192,19609,0
l2-n8192-uniform-w1,main,2,8192,uniform,1,eas_k2_adaptive,eas,2,adaptive,101,3,ok,c9eef3d8b886a566a9bcd255b0261a2767ccdc13877a09064ed266c58a7de209,l2-n8192-uniform-w1-s101-r3-measure-eas_k2_adaptive,3354,4838,35.168258,25.017775,95370.0919733,0.0104854675015,21752,21752,8.367749,1.782552,6.271646,8.364624,1.779955,1.919098,0,1.287993,0.005722,7873,15230,23619,0,0,0,0,21279,0,0,0,49152,0,0,0,0,0,2295344,6.271646,9.056981,0.743236,3.907058,0,1.819638,18.118366,25.017775,0,0,0,0,13406
l2-n8192-zipf-w1,main,2,8192,zipf,1,eas_k1_graph,eas,1,graph,11,1,ok,b038024127384957304562722620f47f5710285ebacb3ebfba98f7e051ae8f0a,l2-n8192-zipf-w1-s11-r1-measure-eas_k1_graph,1067,7125,645.89418,638.866388,1651.97339292,0.605336626054,26612,26612,5.885085,1.142405,4.529452,5.882825,1.139333,1.181313,0,0.847962,0.005332,8028,0,0,0,0,0,0,0,0,0,3991870,49152,0,0,0,0,8092224,0,4.529452,17.222692,0.746778,613.27367,0,0.620312,633.788869,638.866388,0,0,0,0,0
l2-n8192-zipf-w1,main,2,8192,zipf,1,eas_k2_adaptive,eas,2,adaptive,11,1,ok,b038024127384957304562722620f47f5710285ebacb3ebfba98f7e051ae8f0a,l2-n8192-zipf-w1-s11-r1-measure-eas_k2_adaptive,1066,7126,62.935607,56.870039,16937.9473849,0.0590390309568,20560,20560,5.537438,0.527972,4.488164,5.535243,0.52552,1.116022,0,0.336315,0.004647,8028,10233,24084,0,0,0,0,248702,0,0,0,49152,0,0,0,0,0,2330632,4.488164,6.81085,0.375779,41.551918,0,1.073626,51.853437,56.870039,0,0,0,0,240674
l2-n8192-zipf-w1,main,2,8192,zipf,1,eas_k1_lazy,eas,1,lazy,11,1,ok,b038024127384957304562722620f47f5710285ebacb3ebfba98f7e051ae8f0a,l2-n8192-zipf-w1-s11-r1-measure-eas_k1_lazy,1067,7125,75.971729,69.26414,14044.6981271,0.0712012455483,20936,20936,5.687909,1.019313,4.489825,5.685668,1.01619,1.135236,0,0.741981,0.005364,8028,10233,24084,0,0,0,0,316908,0,0,0,49152,0,0,0,0,0,2330632,4.489825,6.86788,0.494861,53.456527,0,1.101715,64.24195,69.26414,0,0,0,0,308880
l2-n8192-zipf-w1,main,2,8192,zipf,1,eas_k1_profile,eas,1,profile,11,1,ok,b038024127384957304562722620f47f5710285ebacb3ebfba98f7e051ae8f0a,l2-n8192-zipf-w1-s11-r1-measure-eas_k1_profile,1067,7125,71.219071,64.34945,14981.9421261,0.0667470206186,21576,21576,5.774851,1.094153,4.523671,5.772692,1.091054,1.159669,0,0.804959,0.005258,8028,10233,24084,148,19,277,90,0,194025,91471,434654,49152,0,0,0,0,0,2332848,4.523671,9.051945,0.783298,45.923956,0,1.218295,59.289329,64.34945,0,0,0,0,0
l2-n8192-zipf-w1,main,2,8192,zipf,1,eas_k1_adaptive,eas,1,adaptive,11,1,ok,b038024127384957304562722620f47f5710285ebacb3ebfba98f7e051ae8f0a,l2-n8192-zipf-w1-s11-r1-measure-eas_k1_adaptive,1067,7125,76.536019,69.606714,13941.1484154,0.0717301021556,21072,21072,5.827271,1.101738,4.527214,5.82484,1.098142,1.149297,0,0.81272,0.006027,8028,10233,24084,0,0,0,0,316908,0,0,0,49152,0,0,0,0,0,2330632,4.527214,6.981339,0.512153,53.561379,0,1.151196,64.537692,69.606714,0,0,0,0,308880
l2-n8192-zipf-w1,main,2,8192,zipf,1,native,native,,native,11,1,ok,b038024127384957304562722620f47f5710285ebacb3ebfba98f7e051ae8f0a,l2-n8192-zipf-w1-s11-r1-measure-native,549,7643,6.92954,0,79226.038092,0.0126221129326,18600,18600,5.813963,1.115376,0,5.81125,1.113749,1.153174,0.516085,0.158718,0.00434,8028,0,0,0,0,0,0,0,0,0,0,0,0,0,0,0,0,0,0,0,0,0,0,0,0,0,0,0,0,0,0
l2-n8192-zipf-w1,main,2,8192,zipf,1,accept_static_degree,accept_static_degree,,greedy,11,1,ok,b038024127384957304562722620f47f5710285ebacb3ebfba98f7e051ae8f0a,l2-n8192-zipf-w1-s11-r1-measure-accept_static_degree,1069,7123,14.973997,8.595327,71390.424347,0.0140074808232,19144,19144,5.882109,0.49622,4.518391,5.879581,0.49465,1.168264,0,0.317176,0.004098,0,10725,24576,0,0,0,0,0,0,0,0,0,0,0,0,0,0,140096,4.518391,0,0,0.184733,0,0.032362,3.542435,8.595327,1.116653,0.898647,8192,11540,0
l2-n8192-zipf-w1,main,2,8192,zipf,1,accept_id,accept_id,,greedy,11,1,ok,b038024127384957304562722620f47f5710285ebacb3ebfba98f7e051ae8f0a,l2-n8192-zipf-w1-s11-r1-measure-accept_id,960,7232,13.05418,6.655804,73539.6631577,0.0135981041667,19024,19024,5.913429,0.484532,4.563211,5.909874,0.481905,1.169403,0,0.30955,0.006182,0,0,0,0,0,0,0,0,0,0,0,0,0,0,0,0,0,0,4.563211,0,0,0.178258,0,0.031018,1.559085,6.655804,0,0.00761,0,11167,0
l2-n8192-zipf-w1,main,2,8192,zipf,1,eas_k1_lazy,eas,1,lazy,11,2,ok,b038024127384957304562722620f47f5710285ebacb3ebfba98f7e051ae8f0a,l2-n8192-zipf-w1-s11-r2-measure-eas_k1_lazy,1067,7125,76.845954,69.78829,13884.920994,0.0720205754452,21060,21060,5.939585,1.117562,4.518418,5.937512,1.114115,1.138941,0,0.826196,0.00552,8028,10233,24084,0,0,0,0,316908,0,0,0,49152,0,0,0,0,0,2330632,4.518418,6.923817,0.518724,53.805566,0,1.162964,64.729257,69.78829,0,0,0,0,308880
l2-n8192-zipf-w1,main,2,8192,zipf,1,eas_k1_profile,eas,1,profile,11,2,ok,b038024127384957304562722620f47f5710285ebacb3ebfba98f7e051ae8f0a,l2-n8192-zipf-w1-s11-r2-measure-eas_k1_profile,1067,7125,71.445889,64.541179,14934.3792195,0.0669595960637,21472,21472,5.741695,1.162543,4.510351,5.739316,1.159451,1.150339,0,0.858912,0.005471,8028,10233,24084,148,19,277,90,0,194025,91471,434654,49152,0,0,0,0,0,2332848,4.510351,9.096747,0.79391,46.016421,0,1.265481,59.481396,64.541179,0,0,0,0,0
l2-n8192-zipf-w1,main,2,8192,zipf,1,accept_static_degree,accept_static_degree,,greedy,11,2,ok,b038024127384957304562722620f47f5710285ebacb3ebfba98f7e051ae8f0a,l2-n8192-zipf-w1-s11-r2-measure-accept_static_degree,1069,7123,14.882388,8.573943,71829.8703138,0.0139217848457,19092,19092,5.8042,0.504064,4.507087,5.801807,0.502046,1.151488,0,0.322335,0.004411,0,10725,24576,0,0,0,0,0,0,0,0,0,0,0,0,0,0,140096,4.507087,0,0,0.183299,0,0.032856,3.531964,8.573943,1.106492,0.892177,8192,11540,0
l2-n8192-zipf-w1,main,2,8192,zipf,1,native,native,,native,11,2,ok,b038024127384957304562722620f47f5710285ebacb3ebfba98f7e051ae8f0a,l2-n8192-zipf-w1-s11-r2-measure-native,549,7643,7.153635,0,76744.2006756,0.0130303005464,18492,18492,6.037595,1.115692,0,6.035194,1.112515,1.192489,0.521658,0.157012,0.005578,8028,0,0,0,0,0,0,0,0,0,0,0,0,0,0,0,0,0,0,0,0,0,0,0,0,0,0,0,0,0,0
l2-n8192-zipf-w1,main,2,8192,zipf,1,eas_k1_adaptive,eas,1,adaptive,11,2,ok,b038024127384957304562722620f47f5710285ebacb3ebfba98f7e051ae8f0a,l2-n8192-zipf-w1-s11-r2-measure-eas_k1_adaptive,1067,7125,76.685876,69.72202,13913.9050847,0.0718705492034,20824,20824,5.813189,1.150136,4.56165,5.810852,1.147036,1.152537,0,0.855159,0.005437,8028,10233,24084,0,0,0,0,316908,0,0,0,49152,0,0,0,0,0,2330632,4.56165,6.954661,0.508486,53.678847,0,1.155212,64.612806,69.72202,0,0,0,0,308880
l2-n8192-zipf-w1,main,2,8192,zipf,1,eas_k1_graph,eas,1,graph,11,2,ok,b038024127384957304562722620f47f5710285ebacb3ebfba98f7e051ae8f0a,l2-n8192-zipf-w1-s11-r2-measure-eas_k1_graph,1067,7125,648.739118,641.80086,1644.72893709,0.608002922212,26612,26612,5.758901,1.178821,4.569584,5.756367,1.174687,1.143205,0,0.873518,0.006668,8028,0,0,0,0,0,0,0,0,0,3991870,49152,0,0,0,0,8092224,0,4.569584,17.247956,0.803205,616.114192,0,0.616814,636.680995,641.80086,0,0,0,0,0
l2-n8192-zipf-w1,main,2,8192,zipf,1,accept_id,accept_id,,greedy,11,2,ok,b038024127384957304562722620f47f5710285ebacb3ebfba98f7e051ae8f0a,l2-n8192-zipf-w1-s11-r2-measure-accept_id,960,7232,13.101627,6.609781,73273.3423108,0.013647528125,18940,18940,5.967999,0.523385,4.545621,5.965526,0.52006,1.191112,0,0.332888,0.005798,0,0,0,0,0,0,0,0,0,0,0,0,0,0,0,0,0,0,4.545621,0,0,0.177752,0,0.030556,1.527959,6.609781,0,0.006463,0,11167,0
l2-n8192-zipf-w1,main,2,8192,zipf,1,eas_k2_adaptive,eas,2,adaptive,11,2,ok,b038024127384957304562722620f47f5710285ebacb3ebfba98f7e051ae8f0a,l2-n8192-zipf-w1-s11-r2-measure-eas_k2_adaptive,1066,7126,64.764804,57.777573,16459.557262,0.0607549756098,20672,20672,5.867745,1.119137,4.495661,5.865426,1.115871,1.168492,0,0.822042,0.005585,8028,10233,24084,0,0,0,0,248702,0,0,0,49152,0,0,0,0,0,2330632,4.495661,6.952213,0.434779,42.083426,0,1.178459,52.739225,57.777573,0,0,0,0,240674
l2-n8192-zipf-w1,main,2,8192,zipf,1,eas_k1_profile,eas,1,profile,11,3,ok,b038024127384957304562722620f47f5710285ebacb3ebfba98f7e051ae8f0a,l2-n8192-zipf-w1-s11-r3-measure-eas_k1_profile,1067,7125,71.663475,64.830574,14889.0351745,0.0671635192127,21608,21608,5.703917,1.128565,4.533274,5.70181,1.12494,1.147681,0,0.832678,0.005732,8028,10233,24084,148,19,277,90,0,194025,91471,434654,49152,0,0,0,0,0,2332848,4.533274,9.004291,0.815384,46.326677,0,1.297669,59.754032,64.830574,0,0,0,0,0
l2-n8192-zipf-w1,main,2,8192,zipf,1,native,native,,native,11,3,ok,b038024127384957304562722620f47f5710285ebacb3ebfba98f7e051ae8f0a,l2-n8192-zipf-w1-s11-r3-measure-native,549,7643,6.889673,0,79684.4784941,0.0125494954463,18516,18516,5.792989,1.096438,0,5.790467,1.094234,1.153589,0.507578,0.152546,0.004726,8028,0,0,0,0,0,0,0,0,0,0,0,0,0,0,0,0,0,0,0,0,0,0,0,0,0,0,0,0,0,0
l2-n8192-zipf-w1,main,2,8192,zipf,1,accept_static_degree,accept_static_degree,,greedy,11,3,ok,b038024127384957304562722620f47f5710285ebacb3ebfba98f7e051ae8f0a,l2-n8192-zipf-w1-s11-r3-measure-accept_static_degree,1069,7123,14.822105,8.618858,72122.0096606,0.0138653928906,19008,19008,5.681313,0.521647,4.546773,5.679134,0.519461,1.124203,0,0.333311,0.004365,0,10725,24576,0,0,0,0,0,0,0,0,0,0,0,0,0,0,140096,4.546773,0,0,0.182999,0,0.03215,3.537077,8.618858,1.102473,0.899599,8192,11540,0
l2-n8192-zipf-w1,main,2,8192,zipf,1,eas_k2_adaptive,eas,2,adaptive,11,3,ok,b038024127384957304562722620f47f5710285ebacb3ebfba98f7e051ae8f0a,l2-n8192-zipf-w1-s11-r3-measure-eas_k2_adaptive,1066,7126,64.128212,57.255797,16622.9490384,0.0601577973734,20696,20696,5.86827,1.003657,4.532952,5.865975,1.000556,1.168848,0,0.728617,0.005396,8028,10233,24084,0,0,0,0,248702,0,0,0,49152,0,0,0,0,0,2330632,4.532952,6.917837,0.389669,41.724834,0,1.106921,52.181518,57.255797,0,0,0,0,240674
l2-n8192-zipf-w1,main,2,8192,zipf,1,eas_k1_adaptive,eas,1,adaptive,11,3,ok,b038024127384957304562722620f47f5710285ebacb3ebfba98f7e051ae8f0a,l2-n8192-zipf-w1-s11-r3-measure-eas_k1_adaptive,1067,7125,76.529227,69.621839,13942.385698,0.0717237366448,20888,20888,5.804711,1.102301,4.557923,5.802376,1.09827,1.156485,0,0.813028,0.006366,8028,10233,24084,0,0,0,0,316908,0,0,0,49152,0,0,0,0,0,2330632,4.557923,6.980865,0.509625,53.568713,0,1.148139,64.525966,69.621839,0,0,0,0,308880
l2-n8192-zipf-w1,main,2,8192,zipf,1,eas_k1_lazy,eas,1,lazy,11,3,ok,b038024127384957304562722620f47f5710285ebacb3ebfba98f7e051ae8f0a,l2-n8192-zipf-w1-s11-r3-measure-eas_k1_lazy,1067,7125,76.259493,69.328321,13991.7006792,0.0714709400187,20960,20960,5.796051,1.13483,4.468072,5.7935,1.131594,1.159429,0,0.835864,0.005787,8028,10233,24084,0,0,0,0,316908,0,0,0,49152,0,0,0,0,0,2330632,4.468072,6.929624,0.520216,53.386219,0,1.163809,64.319675,69.328321,0,0,0,0,308880
l2-n8192-zipf-w1,main,2,8192,zipf,1,accept_id,accept_id,,greedy,11,3,ok,b038024127384957304562722620f47f5710285ebacb3ebfba98f7e051ae8f0a,l2-n8192-zipf-w1-s11-r3-measure-accept_id,960,7232,12.906758,6.585732,74379.6389457,0.0134445395833,19028,19028,5.855087,0.465592,4.521609,5.852535,0.463239,1.141642,0,0.294932,0.004905,0,0,0,0,0,0,0,0,0,0,0,0,0,0,0,0,0,0,4.521609,0,0,0.176605,0,0.030416,1.535935,6.585732,0,0.006436,0,11167,0
l2-n8192-zipf-w1,main,2,8192,zipf,1,eas_k1_graph,eas,1,graph,11,3,ok,b038024127384957304562722620f47f5710285ebacb3ebfba98f7e051ae8f0a,l2-n8192-zipf-w1-s11-r3-measure-eas_k1_graph,1067,7125,646.830562,639.897012,1649.58191941,0.606214209934,26608,26608,5.772188,1.161068,4.526213,5.77005,1.157642,1.154651,0,0.8579,0.005564,8028,0,0,0,0,0,0,0,0,0,3991870,49152,0,0,0,0,8092224,0,4.526213,17.266365,0.796957,613.983948,0,0.598335,634.82412,639.897012,0,0,0,0,0
l2-n8192-zipf-w1,main,2,8192,zipf,1,eas_k1_adaptive,eas,1,adaptive,29,1,ok,026c02dbc84f6e52ece4fc39d02dd635c5e3561190c6c97004d583909599c7dd,l2-n8192-zipf-w1-s29-r1-measure-eas_k1_adaptive,1013,7179,76.071454,69.283167,13316.4274736,0.0750952161895,20920,20920,5.753923,1.034057,4.488852,5.751267,1.031359,1.143341,0,0.770488,0.005354,8047,10297,24141,0,0,0,0,317028,0,0,0,49152,0,0,0,0,0,2327792,4.488852,6.908825,0.504381,53.363257,0,1.150267,64.248791,69.283167,0,0,0,0,308981
l2-n8192-zipf-w1,main,2,8192,zipf,1,accept_static_degree,accept_static_degree,,greedy,29,1,ok,026c02dbc84f6e52ece4fc39d02dd635c5e3561190c6c97004d583909599c7dd,l2-n8192-zipf-w1-s29-r1-measure-accept_static_degree,1015,7177,14.700483,8.548242,69045.3504147,0.0144832344828,18940,18940,5.535558,0.616295,4.44024,5.533388,0.613704,1.117604,0,0.420032,0.004761,0,10732,24576,0,0,0,0,0,0,0,0,0,0,0,0,0,0,140032,4.44024,0,0,0.187222,0,0.031638,3.568074,8.548242,1.109309,0.907908,8192,11377,0
l2-n8192-zipf-w1,main,2,8192,zipf,1,eas_k2_adaptive,eas,2,adaptive,29,1,ok,026c02dbc84f6e52ece4fc39d02dd635c5e3561190c6c97004d583909599c7dd,l2-n8192-zipf-w1-s29-r1-measure-eas_k2_adaptive,1010,7182,64.006264,57.313991,15779.7055613,0.0633725386139,20608,20608,5.644386,1.047484,4.494153,5.641967,1.044191,1.121011,0,0.775257,0.005712,8047,10297,24141,0,0,0,0,246236,0,0,0,49152,0,0,0,0,0,2327792,4.494153,6.897409,0.418377,41.760664,0,1.150665,52.279383,57.313991,0,0,0,0,238189
l2-n8192-zipf-w1,main,2,8192,zipf,1,accept_id,accept_id,,greedy,29,1,ok,026c02dbc84f6e52ece4fc39d02dd635c5e3561190c6c97004d583909599c7dd,l2-n8192-zipf-w1-s29-r1-measure-accept_id,928,7264,12.756239,6.534508,72748.7153541,0.0137459471983,19068,19068,5.792157,0.429383,4.490418,5.789437,0.427356,1.142404,0,0.269177,0.004747,0,0,0,0,0,0,0,0,0,0,0,0,0,0,0,0,0,0,4.490418,0,0,0.174959,0,0.029067,1.517876,6.534508,0,0.006471,0,11048,0
l2-n8192-zipf-w1,main,2,8192,zipf,1,native,native,,native,29,1,ok,026c02dbc84f6e52ece4fc39d02dd635c5e3561190c6c97004d583909599c7dd,l2-n8192-zipf-w1-s29-r1-measure-native,519,7673,6.821646,0,76081.3445904,0.0131438265896,18432,18432,5.725853,1.095701,0,5.72346,1.093025,1.141081,0.514783,0.150585,0.005069,8047,0,0,0,0,0,0,0,0,0,0,0,0,0,0,0,0,0,0,0,0,0,0,0,0,0,0,0,0,0,0
l2-n8192-zipf-w1,main,2,8192,zipf,1,eas_k1_graph,eas,1,graph,29,1,ok,026c02dbc84f6e52ece4fc39d02dd635c5e3561190c6c97004d583909599c7dd,l2-n8192-zipf-w1-s29-r1-measure-eas_k1_graph,1013,7179,644.171708,637.276324,1572.56207843,0.635904943731,26680,26680,5.779995,1.115074,4.501531,5.777475,1.111797,1.13134,0,0.828761,0.005797,8047,0,0,0,0,0,0,0,0,0,3965926,49152,0,0,0,0,8111376,0,4.501531,17.350321,0.796413,611.57434,0,0.59884,632.226711,637.276324,0,0,0,0,0
l2-n8192-zipf-w1,main,2,8192,zipf,1,eas_k1_profile,eas,1,profile,29,1,ok,026c02dbc84f6e52ece4fc39d02dd635c5e3561190c6c97004d583909599c7dd,l2-n8192-zipf-w1-s29-r1-measure-eas_k1_profile,1013,7179,70.554903,63.718364,14357.6131059,0.0696494600197,21660,21660,5.821113,1.01513,4.496945,5.818932,1.01252,1.159618,0,0.753328,0.004791,8047,10297,24141,150,18,280,90,0,193520,95316,436096,49152,0,0,0,0,0,2330032,4.496945,9.061124,0.727031,45.376244,0,1.189731,58.681589,63.718364,0,0,0,0,0
l2-n8192-zipf-w1,main,2,8192,zipf,1,eas_k1_lazy,eas,1,lazy,29,1,ok,026c02dbc84f6e52ece4fc39d02dd635c5e3561190c6c97004d583909599c7dd,l2-n8192-zipf-w1-s29-r1-measure-eas_k1_lazy,1013,7179,76.520882,69.701421,13238.2164649,0.0755388766041,20876,20876,5.717961,1.101366,4.50211,5.715182,1.09842,1.14027,0,0.822145,0.005725,8047,10297,24141,0,0,0,0,317028,0,0,0,49152,0,0,0,0,0,2327792,4.50211,7.106647,0.499005,53.520689,0,1.166715,64.654201,69.701421,0,0,0,0,308981
l2-n8192-zipf-w1,main,2,8192,zipf,1,eas_k1_adaptive,eas,1,adaptive,29,2,ok,026c02dbc84f6e52ece4fc39d02dd635c5e3561190c6c97004d583909599c7dd,l2-n8192-zipf-w1-s29-r2-measure-eas_k1_adaptive,1013,7179,75.491368,68.800351,13418.7527242,0.0745225745311,20920,20920,5.691234,0.999559,4.447783,5.688985,0.996327,1.114051,0,0.738762,0.005481,8047,10297,24141,0,0,0,0,317028,0,0,0,49152,0,0,0,0,0,2327792,4.447783,6.94516,0.458901,53.042169,0,1.057219,63.825744,68.800351,0,0,0,0,308981
l2-n8192-zipf-w1,main,2,8192,zipf,1,accept_static_degree,accept_static_degree,,greedy,29,2,ok,026c02dbc84f6e52ece4fc39d02dd635c5e3561190c6c97004d583909599c7dd,l2-n8192-zipf-w1-s29-r2-measure-accept_static_degree,1015,7177,14.718971,8.524277,68958.624893,0.0145014492611,19020,19020,5.72981,0.464733,4.452945,5.727492,0.462684,1.130301,0,0.29544,0.004367,0,10732,24576,0,0,0,0,0,0,0,0,0,0,0,0,0,0,140032,4.452945,0,0,0.187924,0,0.0314,3.546052,8.524277,1.093348,0.913871,8192,11377,0
l2-n8192-zipf-w1,main,2,8192,zipf,1,native,native,,native,29,2,ok,026c02dbc84f6e52ece4fc39d02dd635c5e3561190c6c97004d583909599c7dd,l2-n8192-zipf-w1-s29-r2-measure-native,519,7673,6.806571,0,76249.8473901,0.0131147803468,18480,18480,5.714471,1.092009,0,5.712418,1.08983,1.133646,0.511536,0.145733,0.004232,8047,0,0,0,0,0,0,0,0,0,0,0,0,0,0,0,0,0,0,0,0,0,0,0,0,0,0,0,0,0,0
l2-n8192-zipf-w1,main,2,8192,zipf,1,eas_k1_lazy,eas,1,lazy,29,2,ok,026c02dbc84f6e52ece4fc39d02dd635c5e3561190c6c97004d583909599c7dd,l2-n8192-zipf-w1-s29-r2-measure-eas_k1_lazy,1013,7179,75.843525,69.321508,13356.4467105,0.0748702122409,20752,20752,5.475761,1.045931,4.510443,5.473398,1.042595,1.106942,0,0.725071,0.005699,8047,10297,24141,0,0,0,0,317028,0,0,0,49152,0,0,0,0,0,2327792,4.510443,6.908571,0.488997,53.416476,0,1.128186,64.262931,69.321508,0,0,0,0,308981
l2-n8192-zipf-w1,main,2,8192,zipf,1,eas_k1_profile,eas,1,profile,29,2,ok,026c02dbc84f6e52ece4fc39d02dd635c5e3561190c6c97004d583909599c7dd,l2-n8192-zipf-w1-s29-r2-measure-eas_k1_profile,1013,7179,70.819202,63.94202,14304.0301414,0.0699103672261,21804,21804,5.863168,1.013665,4.493759,5.860149,1.010922,1.177041,0,0.75226,0.005762,8047,10297,24141,150,18,280,90,0,193520,95316,436096,49152,0,0,0,0,0,2330032,4.493759,9.035155,0.770279,45.521558,0,1.242981,58.910356,63.94202,0,0,0,0,0
l2-n8192-zipf-w1,main,2,8192,zipf,1,eas_k1_graph,eas,1,graph,29,2,ok,026c02dbc84f6e52ece4fc39d02dd635c5e3561190c6c97004d583909599c7dd,l2-n8192-zipf-w1-s29-r2-measure-eas_k1_graph,1013,7179,644.670113,637.783135,1571.34630499,0.636396952616,26472,26472,5.779756,1.10691,4.50541,5.777395,1.104126,1.143319,0,0.82133,0.005145,8047,0,0,0,0,0,0,0,0,0,3965926,49152,0,0,0,0,8111376,0,4.50541,17.255397,0.812346,612.148365,0,0.609681,632.723215,637.783135,0,0,0,0,0
l2-n8192-zipf-w1,main,2,8192,zipf,1,eas_k2_adaptive,eas,2,adaptive,29,2,ok,026c02dbc84f6e52ece4fc39d02dd635c5e3561190c6c97004d583909599c7dd,l2-n8192-zipf-w1-s29-r2-measure-eas_k2_adaptive,1010,7182,64.287041,57.455436,15710.7868754,0.0636505356436,20788,20788,5.780105,1.050935,4.632936,5.777744,1.047934,1.152771,0,0.777151,0.005362,8047,10297,24141,0,0,0,0,246236,0,0,0,49152,0,0,0,0,0,2327792,4.632936,6.960009,0.409557,41.68684,0,1.163861,52.277513,57.455436,0,0,0,0,238189
l2-n8192-zipf-w1,main,2,8192,zipf,1,accept_id,accept_id,,greedy,29,2,ok,026c02dbc84f6e52ece4fc39d02dd635c5e3561190c6c97004d583909599c7dd,l2-n8192-zipf-w1-s29-r2-measure-accept_id,928,7264,12.724945,6.551528,72927.6236557,0.0137122252155,18892,18892,5.750735,0.422392,4.507935,5.748362,0.420558,1.141455,0,0.261755,0.004207,0,0,0,0,0,0,0,0,0,0,0,0,0,0,0,0,0,0,4.507935,0,0,0.174075,0,0.02933,1.523517,6.551528,0,0.006434,0,11048,0
l2-n8192-zipf-w1,main,2,8192,zipf,1,eas_k1_graph,eas,1,graph,29,3,ok,026c02dbc84f6e52ece4fc39d02dd635c5e3561190c6c97004d583909599c7dd,l2-n8192-zipf-w1-s29-r3-measure-eas_k1_graph,1013,7179,646.080045,639.121685,1567.91717658,0.637788790721,26688,26688,5.835742,1.121998,4.545721,5.833261,1.118865,1.154587,0,0.832062,0.005614,8047,0,0,0,0,0,0,0,0,0,3965926,49152,0,0,0,0,8111376,0,4.545721,17.260722,0.831709,613.402886,0,0.622748,634.02152,639.121685,0,0,0,0,0
l2-n8192-zipf-w1,main,2,8192,zipf,1,eas_k1_profile,eas,1,profile,29,3,ok,026c02dbc84f6e52ece4fc39d02dd635c5e3561190c6c97004d583909599c7dd,l2-n8192-zipf-w1-s29-r3-measure-eas_k1_profile,1013,7179,70.129773,63.399908,14444.6496355,0.0692297857848,21452,21452,5.835036,0.894398,4.473861,5.832299,0.891303,1.154457,0,0.653487,0.005832,8047,10297,24141,150,18,280,90,0,193520,95316,436096,49152,0,0,0,0,0,2330032,4.473861,9.015816,0.730419,45.097857,0,1.213542,58.389379,63.399908,0,0,0,0,0
l2-n8192-zipf-w1,main,2,8192,zipf,1,accept_id,accept_id,,greedy,29,3,ok,026c02dbc84f6e52ece4fc39d02dd635c5e3561190c6c97004d583909599c7dd,l2-n8192-zipf-w1-s29-r3-measure-accept_id,928,7264,12.680028,6.507645,73185.9582644,0.0136638232759,19108,19108,5.749551,0.422631,4.473935,5.746672,0.420613,1.153793,0,0.263654,0.004897,0,0,0,0,0,0,0,0,0,0,0,0,0,0,0,0,0,0,4.473935,0,0,0.170895,0,0.029186,1.518129,6.507645,0,0.006453,0,11048,0
l2-n8192-zipf-w1,main,2,8192,zipf,1,native,native,,native,29,3,ok,026c02dbc84f6e52ece4fc39d02dd635c5e3561190c6c97004d583909599c7dd,l2-n8192-zipf-w1-s29-r3-measure-native,519,7673,6.86678,0,75581.2768139,0.0132307899807,18600,18600,5.769368,1.09721,0,5.766915,1.096036,1.145795,0.516574,0.150393,0.003627,8047,0,0,0,0,0,0,0,0,0,0,0,0,0,0,0,0,0,0,0,0,0,0,0,0,0,0,0,0,0,0
l2-n8192-zipf-w1,main,2,8192,zipf,1,accept_static_degree,accept_static_degree,,greedy,29,3,ok,026c02dbc84f6e52ece4fc39d02dd635c5e3561190c6c97004d583909599c7dd,l2-n8192-zipf-w1-s29-r3-measure-accept_static_degree,1015,7177,14.86636,8.589006,68274.9509631,0.0146466600985,19088,19088,5.800465,0.476597,4.514554,5.79829,0.474597,1.150867,0,0.308295,0.004175,0,10732,24576,0,0,0,0,0,0,0,0,0,0,0,0,0,0,140032,4.514554,0,0,0.187942,0,0.030912,3.545327,8.589006,1.094472,0.909285,8192,11377,0
l2-n8192-zipf-w1,main,2,8192,zipf,1,eas_k1_lazy,eas,1,lazy,29,3,ok,026c02dbc84f6e52ece4fc39d02dd635c5e3561190c6c97004d583909599c7dd,l2-n8192-zipf-w1-s29-r3-measure-eas_k1_lazy,1013,7179,75.854865,69.157611,13354.449975,0.0748814067127,20924,20924,5.689214,1.0076,4.504961,5.687082,1.004517,1.128652,0,0.746108,0.005215,8047,10297,24141,0,0,0,0,317028,0,0,0,49152,0,0,0,0,0,2327792,4.504961,6.938241,0.475066,53.222026,0,1.127559,64.111083,69.157611,0,0,0,0,308981
l2-n8192-zipf-w1,main,2,8192,zipf,1,eas_k2_adaptive,eas,2,adaptive,29,3,ok,026c02dbc84f6e52ece4fc39d02dd635c5e3561190c6c97004d583909599c7dd,l2-n8192-zipf-w1-s29-r3-measure-eas_k2_adaptive,1010,7182,63.494024,56.851738,15907.0088234,0.062865370297,20800,20800,5.745296,0.89654,4.493954,5.742963,0.893525,1.146735,0,0.652502,0.005348,8047,10297,24141,0,0,0,0,246236,0,0,0,49152,0,0,0,0,0,2327792,4.493954,6.924153,0.389372,41.299645,0,1.115425,51.799593,56.851738,0,0,0,0,238189
l2-n8192-zipf-w1,main,2,8192,zipf,1,eas_k1_adaptive,eas,1,adaptive,29,3,ok,026c02dbc84f6e52ece4fc39d02dd635c5e3561190c6c97004d583909599c7dd,l2-n8192-zipf-w1-s29-r3-measure-eas_k1_adaptive,1013,7179,76.547695,69.773642,13233.5794043,0.0755653455084,20876,20876,5.75028,1.023462,4.498321,5.747719,1.020141,1.133963,0,0.758248,0.005882,8047,10297,24141,0,0,0,0,317028,0,0,0,49152,0,0,0,0,0,2327792,4.498321,7.379101,0.489896,53.413973,0,1.127057,64.739795,69.773642,0,0,0,0,308981
l2-n8192-zipf-w1,main,2,8192,zipf,1,eas_k2_adaptive,eas,2,adaptive,47,1,ok,0251195efcb8b7412a4a3fccf590479cb204ab5359cc00a8c8ec960a88b7db60,l2-n8192-zipf-w1-s47-r1-measure-eas_k2_adaptive,1038,7154,63.528096,56.684897,16339.2272924,0.0612024046243,20796,20796,5.774266,1.068817,4.466265,5.771641,1.06541,1.123064,0,0.784708,0.006032,8021,10137,24063,0,0,0,0,248218,0,0,0,49152,0,0,0,0,0,2327000,4.466265,6.915709,0.378418,41.287369,0,1.049973,51.68015,56.684897,0,0,0,0,240197
l2-n8192-zipf-w1,main,2,8192,zipf,1,accept_static_degree,accept_static_degree,,greedy,47,1,ok,0251195efcb8b7412a4a3fccf590479cb204ab5359cc00a8c8ec960a88b7db60,l2-n8192-zipf-w1-s47-r1-measure-accept_static_degree,1042,7150,14.782671,8.571582,70487.9382082,0.0141868243762,19144,19144,5.729224,0.481698,4.495474,5.726851,0.479796,1.13964,0,0.305486,0.004275,0,10650,24576,0,0,0,0,0,0,0,0,0,0,0,0,0,0,138800,4.495474,0,0,0.181305,0,0.031843,3.529879,8.571582,1.088032,0.913937,8192,11464,0
l2-n8192-zipf-w1,main,2,8192,zipf,1,eas_k1_profile,eas,1,profile,47,1,ok,0251195efcb8b7412a4a3fccf590479cb204ab5359cc00a8c8ec960a88b7db60,l2-n8192-zipf-w1-s47-r1-measure-eas_k1_profile,1041,7151,70.463168,63.631026,14773.6758018,0.0676879615754,21668,21668,5.792698,1.039174,4.491194,5.790022,1.035604,1.153633,0,0.760084,0.006246,8021,10137,24063,148,18,276,90,0,194105,95183,436678,49152,0,0,0,0,0,2329208,4.491194,9.077275,0.724693,45.314398,0,1.167414,58.606009,63.631026,0,0,0,0,0
l2-n8192-zipf-w1,main,2,8192,zipf,1,eas_k1_adaptive,eas,1,adaptive,47,1,ok,0251195efcb8b7412a4a3fccf590479cb204ab5359cc00a8c8ec960a88b7db60,l2-n8192-zipf-w1-s47-r1-measure-eas_k1_adaptive,1041,7151,76.072296,69.327029,13684.3510021,0.0730761729107,20864,20864,5.712897,1.032063,4.458205,5.710419,1.029105,1.128537,0,0.757281,0.005436,8021,10137,24063,0,0,0,0,318352,0,0,0,49152,0,0,0,0,0,2327000,4.458205,6.891031,0.501991,53.455617,0,1.168984,64.338629,69.327029,0,0,0,0,310331
l2-n8192-zipf-w1,main,2,8192,zipf,1,native,native,,native,47,1,ok,0251195efcb8b7412a4a3fccf590479cb204ab5359cc00a8c8ec960a88b7db60,l2-n8192-zipf-w1-s47-r1-measure-native,562,7630,6.876967,0,81722.0731174,0.0122365960854,18416,18416,5.774802,1.102099,0,5.772321,1.099616,1.144763,0.509517,0.157935,0.004964,8021,0,0,0,0,0,0,0,0,0,0,0,0,0,0,0,0,0,0,0,0,0,0,0,0,0,0,0,0,0,0
l2-n8192-zipf-w1,main,2,8192,zipf,1,eas_k1_lazy,eas,1,lazy,47,1,ok,0251195efcb8b7412a4a3fccf590479cb204ab5359cc00a8c8ec960a88b7db60,l2-n8192-zipf-w1-s47-r1-measure-eas_k1_lazy,1041,7151,75.784544,69.081651,13736.3101373,0.0727997540826,20856,20856,5.629774,1.072741,4.474971,5.627417,1.069824,1.131574,0,0.79143,0.005274,8021,10137,24063,0,0,0,0,318352,0,0,0,49152,0,0,0,0,0,2327000,4.474971,6.909709,0.497538,53.218002,0,1.102006,64.053561,69.081651,0,0,0,0,310331
l2-n8192-zipf-w1,main,2,8192,zipf,1,accept_id,accept_id,,greedy,47,1,ok,0251195efcb8b7412a4a3fccf590479cb204ab5359cc00a8c8ec960a88b7db60,l2-n8192-zipf-w1-s47-r1-measure-accept_id,936,7256,12.920842,6.533519,72441.0994268,0.0138043183761,18864,18864,5.890265,0.496784,4.485486,5.887898,0.493814,1.156703,0,0.316497,0.005337,0,0,0,0,0,0,0,0,0,0,0,0,0,0,0,0,0,0,4.485486,0,0,0.176996,0,0.029461,1.521884,6.533519,0,0.006443,0,11102,0
l2-n8192-zipf-w1,main,2,8192,zipf,1,eas_k1_graph,eas,1,graph,47,1,ok,0251195efcb8b7412a4a3fccf590479cb204ab5359cc00a8c8ec960a88b7db60,l2-n8192-zipf-w1-s47-r1-measure-eas_k1_graph,1041,7151,658.221182,651.36687,1581.53524752,0.632297004803,26688,26688,5.736047,1.117736,4.505451,5.733844,1.113711,1.131631,0,0.82085,0.006228,8021,0,0,0,0,0,0,0,0,0,4104228,49152,0,0,0,0,8085168,0,4.505451,17.140205,0.799564,625.864884,0,0.612666,646.315432,651.36687,0,0,0,0,0
l2-n8192-zipf-w1,main,2,8192,zipf,1,accept_id,accept_id,,greedy,47,2,ok,0251195efcb8b7412a4a3fccf590479cb204ab5359cc00a8c8ec960a88b7db60,l2-n8192-zipf-w1-s47-r2-measure-accept_id,936,7256,12.804623,6.554148,73098.598842,0.0136801527778,19024,19024,5.770923,0.479241,4.496924,5.768448,0.476375,1.154092,0,0.303652,0.005341,0,0,0,0,0,0,0,0,0,0,0,0,0,0,0,0,0,0,4.496924,0,0,0.178094,0,0.029832,1.52373,6.554148,0,0.006452,0,11102,0
l2-n8192-zipf-w1,main,2,8192,zipf,1,eas_k2_adaptive,eas,2,adaptive,47,2,ok,0251195efcb8b7412a4a3fccf590479cb204ab5359cc00a8c8ec960a88b7db60,l2-n8192-zipf-w1-s47-r2-measure-eas_k2_adaptive,1038,7154,63.704653,56.887953,16293.9432383,0.0613724980732,20560,20560,5.757723,1.058661,4.517019,5.755518,1.055459,1.140155,0,0.78095,0.005407,8021,10137,24063,0,0,0,0,248218,0,0,0,49152,0,0,0,0,0,2327000,4.517019,6.901008,0.382713,41.429035,0,1.066679,51.831518,56.887953,0,0,0,0,240197
l2-n8192-zipf-w1,main,2,8192,zipf,1,eas_k1_lazy,eas,1,lazy,47,2,ok,0251195efcb8b7412a4a3fccf590479cb204ab5359cc00a8c8ec960a88b7db60,l2-n8192-zipf-w1-s47-r2-measure-eas_k1_lazy,1041,7151,75.223818,68.583042,13838.701992,0.0722611123919,20880,20880,5.627755,1.012755,4.484953,5.625352,1.009461,1.111605,0,0.741303,0.005697,8021,10137,24063,0,0,0,0,318352,0,0,0,49152,0,0,0,0,0,2327000,4.484953,6.933701,0.468081,52.763874,0,1.065728,63.560221,68.583042,0,0,0,0,310331
l2-n8192-zipf-w1,main,2,8192,zipf,1,eas_k1_profile,eas,1,profile,47,2,ok,0251195efcb8b7412a4a3fccf590479cb204ab5359cc00a8c8ec960a88b7db60,l2-n8192-zipf-w1-s47-r2-measure-eas_k1_profile,1041,7151,70.507771,63.771852,14764.3300197,0.067730807877,21708,21708,5.713402,1.022022,4.46897,5.71133,1.018668,1.124863,0,0.748391,0.005426,8021,10137,24063,148,18,276,90,0,194105,95183,436678,49152,0,0,0,0,0,2329208,4.46897,8.964205,0.769025,45.511431,0,1.198909,58.766608,63.771852,0,0,0,0,0
l2-n8192-zipf-w1,main,2,8192,zipf,1,eas_k1_graph,eas,1,graph,47,2,ok,0251195efcb8b7412a4a3fccf590479cb204ab5359cc00a8c8ec960a88b7db60,l2-n8192-zipf-w1-s47-r2-measure-eas_k1_graph,1041,7151,659.523569,652.557556,1578.41212798,0.633548097022,26784,26784,5.848327,1.117317,4.524335,5.84597,1.113957,1.153022,0,0.827057,0.005717,8021,0,0,0,0,0,0,0,0,0,4104228,49152,0,0,0,0,8085168,0,4.524335,17.15336,0.778618,627.073327,0,0.587613,647.492349,652.557556,0,0,0,0,0
l2-n8192-zipf-w1,main,2,8192,zipf,1,accept_static_degree,accept_static_degree,,greedy,47,2,ok,0251195efcb8b7412a4a3fccf590479cb204ab5359cc00a8c8ec960a88b7db60,l2-n8192-zipf-w1-s47-r2-measure-accept_static_degree,1042,7150,14.832303,8.613679,70252.0707674,0.0142344558541,18944,18944,5.743949,0.474386,4.51769,5.741754,0.47264,1.137343,0,0.300672,0.003941,0,10650,24576,0,0,0,0,0,0,0,0,0,0,0,0,0,0,138800,4.51769,0,0,0.182319,0,0.032277,3.543539,8.613679,1.102693,0.912922,8192,11464,0
l2-n8192-zipf-w1,main,2,8192,zipf,1,eas_k1_adaptive,eas,1,adaptive,47,2,ok,0251195efcb8b7412a4a3fccf590479cb204ab5359cc00a8c8ec960a88b7db60,l2-n8192-zipf-w1-s47-r2-measure-eas_k1_adaptive,1041,7151,76.184111,69.256627,13664.2665555,0.0731835840538,20960,20960,5.830594,1.096608,4.47505,5.828155,1.093324,1.164268,0,0.808486,0.005723,8021,10137,24063,0,0,0,0,318352,0,0,0,49152,0,0,0,0,0,2327000,4.47505,6.925547,0.509233,53.336054,0,1.1067,64.205499,69.256627,0,0,0,0,310331
l2-n8192-zipf-w1,main,2,8192,zipf,1,native,native,,native,47,2,ok,0251195efcb8b7412a4a3fccf590479cb204ab5359cc00a8c8ec960a88b7db60,l2-n8192-zipf-w1-s47-r2-measure-native,562,7630,6.853853,0,81997.6734254,0.0121954679715,18412,18412,5.746611,1.106994,0,5.744591,1.105132,1.150216,0.515619,0.153712,0.003882,8021,0,0,0,0,0,0,0,0,0,0,0,0,0,0,0,0,0,0,0,0,0,0,0,0,0,0,0,0,0,0
l2-n8192-zipf-w1,main,2,8192,zipf,1,native,native,,native,47,3,ok,0251195efcb8b7412a4a3fccf590479cb204ab5359cc00a8c8ec960a88b7db60,l2-n8192-zipf-w1-s47-r3-measure-native,562,7630,6.855753,0,81974.9486307,0.0121988487544,18392,18392,5.744322,1.111364,0,5.742017,1.108766,1.137991,0.515297,0.162183,0.004903,8021,0,0,0,0,0,0,0,0,0,0,0,0,0,0,0,0,0,0,0,0,0,0,0,0,0,0,0,0,0,0
l2-n8192-zipf-w1,main,2,8192,zipf,1,eas_k2_adaptive,eas,2,adaptive,47,3,ok,0251195efcb8b7412a4a3fccf590479cb204ab5359cc00a8c8ec960a88b7db60,l2-n8192-zipf-w1-s47-r3-measure-eas_k2_adaptive,1038,7154,63.98691,57.162837,16222.0679198,0.0616444219653,20620,20620,5.774384,1.049178,4.512602,5.77213,1.045717,1.143718,0,0.769481,0.005715,8021,10137,24063,0,0,0,0,248218,0,0,0,49152,0,0,0,0,0,2327000,4.512602,6.90668,0.412887,41.63105,0,1.095953,52.117419,57.162837,0,0,0,0,240197
l2-n8192-zipf-w1,main,2,8192,zipf,1,eas_k1_lazy,eas,1,lazy,47,3,ok,0251195efcb8b7412a4a3fccf590479cb204ab5359cc00a8c8ec960a88b7db60,l2-n8192-zipf-w1-s47-r3-measure-eas_k1_lazy,1041,7151,75.664876,68.956384,13758.0348377,0.0726847992315,20936,20936,5.689172,1.019196,4.512451,5.686624,1.015903,1.132895,0,0.749897,0.005841,8021,10137,24063,0,0,0,0,318352,0,0,0,49152,0,0,0,0,0,2327000,4.512451,7.041362,0.458376,53.0135,0,1.057305,63.903951,68.956384,0,0,0,0,310331
l2-n8192-zipf-w1,main,2,8192,zipf,1,eas_k1_adaptive,eas,1,adaptive,47,3,ok,0251195efcb8b7412a4a3fccf590479cb204ab5359cc00a8c8ec960a88b7db60,l2-n8192-zipf-w1-s47-r3-measure-eas_k1_adaptive,1041,7151,75.990339,69.105774,13699.1098303,0.072997443804,20936,20936,5.821822,1.06222,4.564147,5.819687,1.059063,1.128779,0,0.779859,0.005292,8021,10137,24063,0,0,0,0,318352,0,0,0,49152,0,0,0,0,0,2327000,4.564147,6.86292,0.486752,53.231395,0,1.101025,64.003875,69.105774,0,0,0,0,310331
l2-n8192-zipf-w1,main,2,8192,zipf,1,eas_k1_profile,eas,1,profile,47,3,ok,0251195efcb8b7412a4a3fccf590479cb204ab5359cc00a8c8ec960a88b7db60,l2-n8192-zipf-w1-s47-r3-measure-eas_k1_profile,1041,7151,70.367454,63.61928,14793.7709953,0.0675960172911,21652,21652,5.765942,0.982015,4.451419,5.763464,0.97919,1.144335,0,0.721443,0.005303,8021,10137,24063,148,18,276,90,0,194105,95183,436678,49152,0,0,0,0,0,2329208,4.451419,9.008151,0.713722,45.421432,0,1.162277,58.634881,63.61928,0,0,0,0,0
l2-n8192-zipf-w1,main,2,8192,zipf,1,accept_static_degree,accept_static_degree,,greedy,47,3,ok,0251195efcb8b7412a4a3fccf590479cb204ab5359cc00a8c8ec960a88b7db60,l2-n8192-zipf-w1-s47-r3-measure-accept_static_degree,1042,7150,14.902393,8.597699,69921.6562065,0.0143017207294,18940,18940,5.797106,0.50711,4.518472,5.794905,0.50448,1.15292,0,0.324072,0.004831,0,10650,24576,0,0,0,0,0,0,0,0,0,0,0,0,0,0,138800,4.518472,0,0,0.183216,0,0.032443,3.536421,8.597699,1.089876,0.920969,8192,11464,0
l2-n8192-zipf-w1,main,2,8192,zipf,1,accept_id,accept_id,,greedy,47,3,ok,0251195efcb8b7412a4a3fccf590479cb204ab5359cc00a8c8ec960a88b7db60,l2-n8192-zipf-w1-s47-r3-measure-accept_id,936,7256,12.786791,6.542179,73200.5395255,0.0136611014957,19024,19024,5.80708,0.437354,4.4938,5.804572,0.435402,1.155409,0,0.274554,0.00446,0,0,0,0,0,0,0,0,0,0,0,0,0,0,0,0,0,0,4.4938,0,0,0.178827,0,0.029452,1.524443,6.542179,0,0.006463,0,11102,0
l2-n8192-zipf-w1,main,2,8192,zipf,1,eas_k1_graph,eas,1,graph,47,3,ok,0251195efcb8b7412a4a3fccf590479cb204ab5359cc00a8c8ec960a88b7db60,l2-n8192-zipf-w1-s47-r3-measure-eas_k1_graph,1041,7151,659.421368,652.581748,1578.65675957,0.63344992123,26656,26656,5.705552,1.133766,4.46902,5.703534,1.129962,1.133987,0,0.839094,0.005822,8021,0,0,0,0,0,0,0,0,0,4104228,49152,0,0,0,0,8085168,0,4.46902,17.122327,0.806118,627.138873,0,0.603082,647.564941,652.581748,0,0,0,0,0
l2-n8192-zipf-w1,main,2,8192,zipf,1,eas_k1_graph,eas,1,graph,71,1,ok,e9201529e68a7f5180422fc60688ef185e5d27cc35e712b8ef09d84a7bf1ab81,l2-n8192-zipf-w1-s71-r1-measure-eas_k1_graph,1043,7149,655.436104,648.5137,1591.30690793,0.628414289549,26648,26648,5.805953,1.116004,4.547259,5.803327,1.112651,1.144724,0,0.824379,0.005979,8028,0,0,0,0,0,0,0,0,0,4026954,49152,0,0,0,0,8092224,0,4.547259,17.19429,0.819866,622.876143,0,0.599995,643.419188,648.5137,0,0,0,0,0
l2-n8192-zipf-w1,main,2,8192,zipf,1,eas_k1_lazy,eas,1,lazy,71,1,ok,e9201529e68a7f5180422fc60688ef185e5d27cc35e712b8ef09d84a7bf1ab81,l2-n8192-zipf-w1-s71-r1-measure-eas_k1_lazy,1043,7149,77.959527,71.346792,13378.7368925,0.0747454717162,20852,20852,5.862795,0.749577,4.54561,5.85983,0.746248,1.167692,0,0.523225,0.006294,8028,10306,24084,0,0,0,0,330694,0,0,0,49152,0,0,0,0,0,2329048,4.54561,7.054198,0.460684,55.337504,0,1.084215,66.266326,71.346792,0,0,0,0,322666
l2-n8192-zipf-w1,main,2,8192,zipf,1,eas_k2_adaptive,eas,2,adaptive,71,1,ok,e9201529e68a7f5180422fc60688ef185e5d27cc35e712b8ef09d84a7bf1ab81,l2-n8192-zipf-w1-s71-r1-measure-eas_k2_adaptive,1042,7150,65.264732,58.890886,15965.7439488,0.0626340998081,20880,20880,5.689416,0.684193,4.577248,5.686919,0.681697,1.138828,0,0.472086,0.004993,8028,10306,24084,0,0,0,0,258464,0,0,0,49152,0,0,0,0,0,2329048,4.577248,7.100963,0.37862,43.135496,0,1.080114,53.781797,58.890886,0,0,0,0,250436
l2-n8192-zipf-w1,main,2,8192,zipf,1,eas_k1_profile,eas,1,profile,71,1,ok,e9201529e68a7f5180422fc60688ef185e5d27cc35e712b8ef09d84a7bf1ab81,l2-n8192-zipf-w1-s71-r1-measure-eas_k1_profile,1043,7149,68.323504,61.98285,15265.6104991,0.0655067152445,21804,21804,5.77328,0.567146,4.527854,5.771,0.565069,1.15606,0,0.370728,0.004357,8028,10306,24084,144,18,268,90,0,189814,91605,424538,49152,0,0,0,0,0,2331192,4.527854,9.113346,0.689523,43.6178,0,1.166845,56.928335,61.98285,0,0,0,0,0
l2-n8192-zipf-w1,main,2,8192,zipf,1,accept_id,accept_id,,greedy,71,1,ok,e9201529e68a7f5180422fc60688ef185e5d27cc35e712b8ef09d84a7bf1ab81,l2-n8192-zipf-w1-s71-r1-measure-accept_id,954,7238,12.736551,6.52396,74902.5383717,0.0133506823899,18896,18896,5.77308,0.439219,4.46666,5.770962,0.437372,1.152962,0,0.275463,0.003965,0,0,0,0,0,0,0,0,0,0,0,0,0,0,0,0,0,0,4.46666,0,0,0.172189,0,0.030246,1.535948,6.52396,0,0.006444,0,11134,0
l2-n8192-zipf-w1,main,2,8192,zipf,1,native,native,,native,71,1,ok,e9201529e68a7f5180422fc60688ef185e5d27cc35e712b8ef09d84a7bf1ab81,l2-n8192-zipf-w1-s71-r1-measure-native,538,7654,6.83242,0,78742.2318886,0.0126996654275,18620,18620,5.727751,1.104562,0,5.725297,1.102565,1.144086,0.515952,0.154758,0.004451,8028,0,0,0,0,0,0,0,0,0,0,0,0,0,0,0,0,0,0,0,0,0,0,0,0,0,0,0,0,0,0
l2-n8192-zipf-w1,main,2,8192,zipf,1,accept_static_degree,accept_static_degree,,greedy,71,1,ok,e9201529e68a7f5180422fc60688ef185e5d27cc35e712b8ef09d84a7bf1ab81,l2-n8192-zipf-w1-s71-r1-measure-accept_static_degree,1044,7148,14.899316,8.62105,70070.3307454,0.0142713754789,19016,19016,5.780803,0.497176,4.528417,5.778417,0.495041,1.154802,0,0.318459,0.004521,0,10798,24576,0,0,0,0,0,0,0,0,0,0,0,0,0,0,140888,4.528417,0,0,0.191569,0,0.03203,3.564537,8.62105,1.098342,0.908769,8192,11478,0
l2-n8192-zipf-w1,main,2,8192,zipf,1,eas_k1_adaptive,eas,1,adaptive,71,1,ok,e9201529e68a7f5180422fc60688ef185e5d27cc35e712b8ef09d84a7bf1ab81,l2-n8192-zipf-w1-s71-r1-measure-eas_k1_adaptive,1043,7149,77.716224,71.317477,13420.6211563,0.0745121994247,20832,20832,5.804696,0.593734,4.508199,5.802466,0.591462,1.147182,0,0.392178,0.004502,8028,10306,24084,0,0,0,0,330694,0,0,0,49152,0,0,0,0,0,2329048,4.508199,7.06356,0.4562,55.330979,0,1.080115,66.281566,71.317477,0,0,0,0,322666
l2-n8192-zipf-w1,main,2,8192,zipf,1,eas_k1_adaptive,eas,1,adaptive,71,2,ok,e9201529e68a7f5180422fc60688ef185e5d27cc35e712b8ef09d84a7bf1ab81,l2-n8192-zipf-w1-s71-r2-measure-eas_k1_adaptive,1043,7149,77.612422,71.366983,13438.5704391,0.0744126768936,20940,20940,5.683411,0.561763,4.521914,5.681056,0.559548,1.124266,0,0.367942,0.00457,8028,10306,24084,0,0,0,0,330694,0,0,0,49152,0,0,0,0,0,2329048,4.521914,7.060499,0.452845,55.402854,0,1.058603,66.317768,71.366983,0,0,0,0,322666
l2-n8192-zipf-w1,main,2,8192,zipf,1,accept_static_degree,accept_static_degree,,greedy,71,2,ok,e9201529e68a7f5180422fc60688ef185e5d27cc35e712b8ef09d84a7bf1ab81,l2-n8192-zipf-w1-s71-r2-measure-accept_static_degree,1044,7148,14.84006,8.575689,70350.1198782,0.0142146168582,18824,18824,5.763547,0.500655,4.510248,5.761109,0.498622,1.153717,0,0.319955,0.004471,0,10798,24576,0,0,0,0,0,0,0,0,0,0,0,0,0,0,140888,4.510248,0,0,0.187875,0,0.032075,3.541344,8.575689,1.101335,0.898519,8192,11478,0
l2-n8192-zipf-w1,main,2,8192,zipf,1,eas_k1_profile,eas,1,profile,71,2,ok,e9201529e68a7f5180422fc60688ef185e5d27cc35e712b8ef09d84a7bf1ab81,l2-n8192-zipf-w1-s71-r2-measure-eas_k1_profile,1043,7149,68.56486,61.825565,15211.8738374,0.0657381208054,21628,21628,5.794866,0.944298,4.510859,5.792603,0.941435,1.14547,0,0.683928,0.005126,8028,10306,24084,144,18,268,90,0,189814,91605,424538,49152,0,0,0,0,0,2331192,4.510859,9.137579,0.711818,43.409859,0,1.184361,56.777992,61.825565,0,0,0,0,0
l2-n8192-zipf-w1,main,2,8192,zipf,1,eas_k1_lazy,eas,1,lazy,71,2,ok,e9201529e68a7f5180422fc60688ef185e5d27cc35e712b8ef09d84a7bf1ab81,l2-n8192-zipf-w1-s71-r2-measure-eas_k1_lazy,1043,7149,78.618608,71.864424,13266.579332,0.0753773806328,20928,20928,5.749175,1.004594,4.54197,5.746453,1.00193,1.166879,0,0.736597,0.005386,8028,10306,24084,0,0,0,0,330694,0,0,0,49152,0,0,0,0,0,2329048,4.54197,7.053678,0.479354,55.789975,0,1.116276,66.786272,71.864424,0,0,0,0,322666
l2-n8192-zipf-w1,main,2,8192,zipf,1,native,native,,native,71,2,ok,e9201529e68a7f5180422fc60688ef185e5d27cc35e712b8ef09d84a7bf1ab81,l2-n8192-zipf-w1-s71-r2-measure-native,538,7654,6.859015,0,78436.9184205,0.012749098513,18596,18596,5.76651,1.092294,0,5.764284,1.090706,1.140327,0.51095,0.148283,0.003814,8028,0,0,0,0,0,0,0,0,0,0,0,0,0,0,0,0,0,0,0,0,0,0,0,0,0,0,0,0,0,0
l2-n8192-zipf-w1,main,2,8192,zipf,1,eas_k1_graph,eas,1,graph,71,2,ok,e9201529e68a7f5180422fc60688ef185e5d27cc35e712b8ef09d84a7bf1ab81,l2-n8192-zipf-w1-s71-r2-measure-eas_k1_graph,1043,7149,650.649489,643.731708,1603.0136312,0.623825013423,26664,26664,5.795782,1.121686,4.413165,5.793012,1.118132,1.151559,0,0.829472,0.006324,8028,0,0,0,0,0,0,0,0,0,4026954,49152,0,0,0,0,8092224,0,4.413165,17.051881,0.776269,618.452015,0,0.589329,638.775621,643.731708,0,0,0,0,0
l2-n8192-zipf-w1,main,2,8192,zipf,1,accept_id,accept_id,,greedy,71,2,ok,e9201529e68a7f5180422fc60688ef185e5d27cc35e712b8ef09d84a7bf1ab81,l2-n8192-zipf-w1-s71-r2-measure-accept_id,954,7238,12.8295,6.583196,74359.8737285,0.0134481132075,19012,19012,5.800342,0.445784,4.524158,5.797944,0.443985,1.1514,0,0.283253,0.004197,0,0,0,0,0,0,0,0,0,0,0,0,0,0,0,0,0,0,4.524158,0,0,0.17221,0,0.030209,1.533175,6.583196,0,0.00646,0,11134,0
l2-n8192-zipf-w1,main,2,8192,zipf,1,eas_k2_adaptive,eas,2,adaptive,71,2,ok,e9201529e68a7f5180422fc60688ef185e5d27cc35e712b8ef09d84a7bf1ab81,l2-n8192-zipf-w1-s71-r2-measure-eas_k2_adaptive,1042,7150,66.121217,59.464288,15758.9355925,0.06345606238,20908,20908,5.643106,1.013406,4.517697,5.641017,1.010643,1.133184,0,0.745776,0.004852,8028,10306,24084,0,0,0,0,258464,0,0,0,49152,0,0,0,0,0,2329048,4.517697,7.066088,0.401251,43.739603,0,1.135352,54.40471,59.464288,0,0,0,0,250436
l2-n8192-zipf-w1,main,2,8192,zipf,1,accept_static_degree,accept_static_degree,,greedy,71,3,ok,e9201529e68a7f5180422fc60688ef185e5d27cc35e712b8ef09d84a7bf1ab81,l2-n8192-zipf-w1-s71-r3-measure-accept_static_degree,1044,7148,15.064985,8.638839,69299.7702952,0.0144300622605,18936,18936,5.70383,0.721899,4.54302,5.701092,0.71888,1.13849,0,0.514275,0.005757,0,10798,24576,0,0,0,0,0,0,0,0,0,0,0,0,0,0,140888,4.54302,0,0,0.190549,0,0.032397,3.557878,8.638839,1.103577,0.895249,8192,11478,0
l2-n8192-zipf-w1,main,2,8192,zipf,1,native,native,,native,71,3,ok,e9201529e68a7f5180422fc60688ef185e5d27cc35e712b8ef09d84a7bf1ab81,l2-n8192-zipf-w1-s71-r3-measure-native,538,7654,6.815222,0,78940.935453,0.0126676988848,18408,18408,5.714689,1.100466,0,5.712451,1.098685,1.131809,0.517131,0.149228,0.004019,8028,0,0,0,0,0,0,0,0,0,0,0,0,0,0,0,0,0,0,0,0,0,0,0,0,0,0,0,0,0,0
l2-n8192-zipf-w1,main,2,8192,zipf,1,accept_id,accept_id,,greedy,71,3,ok,e9201529e68a7f5180422fc60688ef185e5d27cc35e712b8ef09d84a7bf1ab81,l2-n8192-zipf-w1-s71-r3-measure-accept_id,954,7238,12.725445,6.564098,74967.9087843,0.0133390408805,18940,18940,5.71944,0.441751,4.515139,5.717133,0.439821,1.137349,0,0.279702,0.004237,0,0,0,0,0,0,0,0,0,0,0,0,0,0,0,0,0,0,4.515139,0,0,0.171353,0,0.030716,1.528866,6.564098,0,0.007642,0,11134,0
l2-n8192-zipf-w1,main,2,8192,zipf,1,eas_k1_graph,eas,1,graph,71,3,ok,e9201529e68a7f5180422fc60688ef185e5d27cc35e712b8ef09d84a7bf1ab81,l2-n8192-zipf-w1-s71-r3-measure-eas_k1_graph,1043,7149,653.569649,646.61406,1595.85133979,0.626624783317,26592,26592,5.818083,1.137202,4.521502,5.816167,1.13382,1.13216,0,0.841608,0.005298,8028,0,0,0,0,0,0,0,0,0,4026954,49152,0,0,0,0,8092224,0,4.521502,17.185366,0.819698,621.003414,0,0.599441,641.541031,646.61406,0,0,0,0,0
l2-n8192-zipf-w1,main,2,8192,zipf,1,eas_k2_adaptive,eas,2,adaptive,71,3,ok,e9201529e68a7f5180422fc60688ef185e5d27cc35e712b8ef09d84a7bf1ab81,l2-n8192-zipf-w1-s71-r3-measure-eas_k2_adaptive,1042,7150,66.023114,59.29579,15782.351617,0.0633619136276,20948,20948,5.726651,1.000346,4.526648,5.72461,0.996969,1.131546,0,0.727467,0.005418,8028,10306,24084,0,0,0,0,258464,0,0,0,49152,0,0,0,0,0,2329048,4.526648,7.02434,0.398693,43.628121,0,1.114304,54.232505,59.29579,0,0,0,0,250436
l2-n8192-zipf-w1,main,2,8192,zipf,1,eas_k1_lazy,eas,1,lazy,71,3,ok,e9201529e68a7f5180422fc60688ef185e5d27cc35e712b8ef09d84a7bf1ab81,l2-n8192-zipf-w1-s71-r3-measure-eas_k1_lazy,1043,7149,77.606251,71.268968,13439.6390311,0.0744067603068,21064,21064,5.737801,0.599224,4.616361,5.735319,0.596422,1.144404,0,0.396225,0.005284,8028,10306,24084,0,0,0,0,330694,0,0,0,49152,0,0,0,0,0,2329048,4.616361,7.041389,0.455124,55.208858,0,1.075701,66.123354,71.268968,0,0,0,0,322666
l2-n8192-zipf-w1,main,2,8192,zipf,1,eas_k1_profile,eas,1,profile,71,3,ok,e9201529e68a7f5180422fc60688ef185e5d27cc35e712b8ef09d84a7bf1ab81,l2-n8192-zipf-w1-s71-r3-measure-eas_k1_profile,1043,7149,68.812504,62.177744,15157.1290009,0.0659755551294,21700,21700,5.727099,0.907428,4.517342,5.724818,0.904469,1.143593,0,0.662382,0.00524,8028,10306,24084,144,18,268,90,0,189814,91605,424538,49152,0,0,0,0,0,2331192,4.517342,9.161799,0.718876,43.73676,0,1.180679,57.127578,62.177744,0,0,0,0,0
l2-n8192-zipf-w1,main,2,8192,zipf,1,eas_k1_adaptive,eas,1,adaptive,71,3,ok,e9201529e68a7f5180422fc60688ef185e5d27cc35e712b8ef09d84a7bf1ab81,l2-n8192-zipf-w1-s71-r3-measure-eas_k1_adaptive,1043,7149,78.476063,71.793012,13290.6769291,0.0752407123682,20928,20928,5.659361,1.023377,4.509281,5.656831,1.019838,1.131497,0,0.752716,0.006069,8028,10306,24084,0,0,0,0,330694,0,0,0,49152,0,0,0,0,0,2329048,4.509281,7.037992,0.481527,55.774804,0,1.098344,66.750594,71.793012,0,0,0,0,322666
l2-n8192-zipf-w1,main,2,8192,zipf,1,native,native,,native,101,1,ok,867f34599440504c590b82d2ab18b35e5de20280334af18eed936d9680e09807,l2-n8192-zipf-w1-s101-r1-measure-native,536,7656,6.527429,0,82115.0256862,0.0121780391791,18496,18496,5.437744,1.089627,0,5.435648,1.087927,1.107771,0.508475,0.149924,0.003796,8036,0,0,0,0,0,0,0,0,0,0,0,0,0,0,0,0,0,0,0,0,0,0,0,0,0,0,0,0,0,0
l2-n8192-zipf-w1,main,2,8192,zipf,1,eas_k1_profile,eas,1,profile,101,1,ok,867f34599440504c590b82d2ab18b35e5de20280334af18eed936d9680e09807,l2-n8192-zipf-w1-s101-r1-measure-eas_k1_profile,1015,7177,69.643774,63.039023,14574.1671036,0.068614555665,21572,21572,5.652659,0.951919,4.420653,5.650453,0.949102,1.131283,0,0.702023,0.005023,8036,10218,24108,169,20,318,90,0,183823,102459,422302,49152,0,0,0,0,0,2332984,4.420653,9.069851,0.738919,44.724434,0,1.214342,58.085675,63.039023,0,0,0,0,0
l2-n8192-zipf-w1,main,2,8192,zipf,1,eas_k1_lazy,eas,1,lazy,101,1,ok,867f34599440504c590b82d2ab18b35e5de20280334af18eed936d9680e09807,l2-n8192-zipf-w1-s101-r1-measure-eas_k1_lazy,1015,7177,75.648961,69.022584,13417.2364905,0.0745309960591,20868,20868,5.633311,0.99271,4.489508,5.630729,0.989557,1.132524,0,0.730779,0.005735,8036,10218,24108,0,0,0,0,315253,0,0,0,49152,0,0,0,0,0,2330440,4.489508,6.951006,0.490596,53.093277,0,1.13037,63.996786,69.022584,0,0,0,0,307217
l2-n8192-zipf-w1,main,2,8192,zipf,1,accept_id,accept_id,,greedy,101,1,ok,867f34599440504c590b82d2ab18b35e5de20280334af18eed936d9680e09807,l2-n8192-zipf-w1-s101-r1-measure-accept_id,924,7268,12.560767,6.485105,73562.3867555,0.0135939036797,18940,18940,5.65088,0.424479,4.451963,5.648559,0.422504,1.105733,0,0.264677,0.004296,0,0,0,0,0,0,0,0,0,0,0,0,0,0,0,0,0,0,4.451963,0,0,0.170053,0,0.029179,1.516702,6.485105,0,0.006434,0,11048,0
l2-n8192-zipf-w1,main,2,8192,zipf,1,eas_k2_adaptive,eas,2,adaptive,101,1,ok,867f34599440504c590b82d2ab18b35e5de20280334af18eed936d9680e09807,l2-n8192-zipf-w1-s101-r1-measure-eas_k2_adaptive,1012,7180,62.736331,56.398193,16131.0038995,0.0619924219368,20620,20620,5.812758,0.525209,4.507371,5.810587,0.522967,1.159765,0,0.339046,0.004413,8036,10218,24108,0,0,0,0,246409,0,0,0,49152,0,0,0,0,0,2330440,4.507371,6.957293,0.364451,40.930985,0,1.038366,51.355047,56.398193,0,0,0,0,238373
l2-n8192-zipf-w1,main,2,8192,zipf,1,accept_static_degree,accept_static_degree,,greedy,101,1,ok,867f34599440504c590b82d2ab18b35e5de20280334af18eed936d9680e09807,l2-n8192-zipf-w1-s101-r1-measure-accept_static_degree,1014,7178,14.876594,8.638646,68160.7631424,0.0146711972387,18992,18992,5.770604,0.467178,4.546354,5.768024,0.465122,1.134809,0,0.300939,0.004636,0,10686,24576,0,0,0,0,0,0,0,0,0,0,0,0,0,0,139536,4.546354,0,0,0.189692,0,0.031123,3.564556,8.638646,1.104553,0.902862,8192,11381,0
l2-n8192-zipf-w1,main,2,8192,zipf,1,eas_k1_adaptive,eas,1,adaptive,101,1,ok,867f34599440504c590b82d2ab18b35e5de20280334af18eed936d9680e09807,l2-n8192-zipf-w1-s101-r1-measure-eas_k1_adaptive,1015,7177,75.090214,68.607572,13517.0742755,0.0739805064039,20884,20884,5.898383,0.584092,4.454464,5.895434,0.581198,1.156881,0,0.389947,0.005843,8036,10218,24108,0,0,0,0,315253,0,0,0,49152,0,0,0,0,0,2330440,4.454464,6.9458,0.44995,52.826987,0,1.045333,63.608835,68.607572,0,0,0,0,307217
l2-n8192-zipf-w1,main,2,8192,zipf,1,eas_k1_graph,eas,1,graph,101,1,ok,867f34599440504c590b82d2ab18b35e5de20280334af18eed936d9680e09807,l2-n8192-zipf-w1-s101-r1-measure-eas_k1_graph,1015,7177,664.092428,657.282696,1528.40170616,0.654278254187,26664,26664,5.716255,1.09283,4.464003,5.713742,1.088835,1.123563,0,0.813496,0.006508,8036,0,0,0,0,0,0,0,0,0,4099790,49152,0,0,0,0,8100288,0,4.464003,17.150758,0.784457,631.787188,0,0.608463,652.273198,657.282696,0,0,0,0,0
l2-n8192-zipf-w1,main,2,8192,zipf,1,accept_static_degree,accept_static_degree,,greedy,101,2,ok,867f34599440504c590b82d2ab18b35e5de20280334af18eed936d9680e09807,l2-n8192-zipf-w1-s101-r2-measure-accept_static_degree,1014,7178,14.752098,8.530777,68735.9858916,0.0145484201183,18832,18832,5.755451,0.465705,4.455722,5.753255,0.463427,1.128604,0,0.295806,0.004474,0,10686,24576,0,0,0,0,0,0,0,0,0,0,0,0,0,0,139536,4.455722,0,0,0.18725,0,0.031409,3.553107,8.530777,1.097124,0.905979,8192,11381,0
l2-n8192-zipf-w1,main,2,8192,zipf,1,accept_id,accept_id,,greedy,101,2,ok,867f34599440504c590b82d2ab18b35e5de20280334af18eed936d9680e09807,l2-n8192-zipf-w1-s101-r2-measure-accept_id,924,7268,12.590495,6.497715,73388.6952022,0.0136260768398,18832,18832,5.666182,0.426137,4.46392,5.664001,0.424396,1.127846,0,0.268885,0.003922,0,0,0,0,0,0,0,0,0,0,0,0,0,0,0,0,0,0,4.46392,0,0,0.173157,0,0.029744,1.521356,6.497715,0,0.006433,0,11048,0
l2-n8192-zipf-w1,main,2,8192,zipf,1,eas_k2_adaptive,eas,2,adaptive,101,2,ok,867f34599440504c590b82d2ab18b35e5de20280334af18eed936d9680e09807,l2-n8192-zipf-w1-s101-r2-measure-eas_k2_adaptive,1012,7180,64.036248,57.232796,15803.5492648,0.0632769249012,20556,20556,5.806257,0.996869,4.476526,5.804191,0.994225,1.157052,0,0.735283,0.00471,8036,10218,24108,0,0,0,0,246409,0,0,0,49152,0,0,0,0,0,2330440,4.476526,7.01495,0.407205,41.594634,0,1.134999,52.213578,57.232796,0,0,0,0,238373
l2-n8192-zipf-w1,main,2,8192,zipf,1,eas_k1_adaptive,eas,1,adaptive,101,2,ok,867f34599440504c590b82d2ab18b35e5de20280334af18eed936d9680e09807,l2-n8192-zipf-w1-s101-r2-measure-eas_k1_adaptive,1015,7177,74.968538,68.579764,13539.012859,0.0738606285714,20920,20920,5.82736,0.561224,4.505786,5.825201,0.559336,1.15441,0,0.377308,0.004047,8036,10218,24108,0,0,0,0,315253,0,0,0,49152,0,0,0,0,0,2330440,4.505786,7.002921,0.448608,52.692876,0,1.06492,63.545193,68.579764,0,0,0,0,307217
l2-n8192-zipf-w1,main,2,8192,zipf,1,eas_k1_profile,eas,1,profile,101,2,ok,867f34599440504c590b82d2ab18b35e5de20280334af18eed936d9680e09807,l2-n8192-zipf-w1-s101-r2-measure-eas_k1_profile,1015,7177,68.564982,62.297804,14803.475045,0.0675517064039,21772,21772,5.585039,0.681964,4.383544,5.582942,0.679367,1.125582,0,0.467103,0.004694,8036,10218,24108,169,20,318,90,0,183823,102459,422302,49152,0,0,0,0,0,2332984,4.383544,9.08787,0.702488,44.069259,0,1.176702,57.389772,62.297804,0,0,0,0,0
l2-n8192-zipf-w1,main,2,8192,zipf,1,eas_k1_lazy,eas,1,lazy,101,2,ok,867f34599440504c590b82d2ab18b35e5de20280334af18eed936d9680e09807,l2-n8192-zipf-w1-s101-r2-measure-eas_k1_lazy,1015,7177,75.343764,68.64243,13471.5860492,0.0742303093596,20936,20936,5.797202,0.903527,4.430707,5.794915,0.899959,1.145497,0,0.657402,0.005855,8036,10218,24108,0,0,0,0,315253,0,0,0,49152,0,0,0,0,0,2330440,4.430707,6.987815,0.464564,52.82384,0,1.066675,63.678441,68.64243,0,0,0,0,307217
l2-n8192-zipf-w1,main,2,8192,zipf,1,native,native,,native,101,2,ok,867f34599440504c590b82d2ab18b35e5de20280334af18eed936d9680e09807,l2-n8192-zipf-w1-s101-r2-measure-native,536,7656,6.764639,0,79235.5660073,0.0126205951493,18380,18380,5.651303,1.113245,0,5.649264,1.110766,1.125147,0.518157,0.156965,0.004518,8036,0,0,0,0,0,0,0,0,0,0,0,0,0,0,0,0,0,0,0,0,0,0,0,0,0,0,0,0,0,0
l2-n8192-zipf-w1,main,2,8192,zipf,1,eas_k1_graph,eas,1,graph,101,2,ok,867f34599440504c590b82d2ab18b35e5de20280334af18eed936d9680e09807,l2-n8192-zipf-w1-s101-r2-measure-eas_k1_graph,1015,7177,665.35285,658.510838,1525.50635351,0.655520049261,26772,26772,5.71185,1.129786,4.467939,5.709596,1.126387,1.121434,0,0.84021,0.005653,8036,0,0,0,0,0,0,0,0,0,4099790,49152,0,0,0,0,8100288,0,4.467939,17.235198,0.797143,632.892566,0,0.611571,653.486874,658.510838,0,0,0,0,0
l2-n8192-zipf-w1,main,2,8192,zipf,1,accept_id,accept_id,,greedy,101,3,ok,867f34599440504c590b82d2ab18b35e5de20280334af18eed936d9680e09807,l2-n8192-zipf-w1-s101-r3-measure-accept_id,924,7268,12.83556,6.527092,71987.5096996,0.0138912987013,19004,19004,5.859897,0.448233,4.480468,5.857178,0.445581,1.17192,0,0.282033,0.005371,0,0,0,0,0,0,0,0,0,0,0,0,0,0,0,0,0,0,4.480468,0,0,0.170796,0,0.028464,1.52339,6.527092,0,0.00645,0,11048,0
l2-n8192-zipf-w1,main,2,8192,zipf,1,accept_static_degree,accept_static_degree,,greedy,101,3,ok,867f34599440504c590b82d2ab18b35e5de20280334af18eed936d9680e09807,l2-n8192-zipf-w1-s101-r3-measure-accept_static_degree,1014,7178,15.015176,8.730442,67531.6759524,0.0148078658777,18884,18884,5.756986,0.527572,4.466429,5.754658,0.524939,1.148064,0,0.343086,0.004961,0,10686,24576,0,0,0,0,0,0,0,0,0,0,0,0,0,0,139536,4.466429,0,0,0.187814,0,0.031915,3.731325,8.730442,1.153937,0.910224,8192,11381,0
l2-n8192-zipf-w1,main,2,8192,zipf,1,eas_k1_lazy,eas,1,lazy,101,3,ok,867f34599440504c590b82d2ab18b35e5de20280334af18eed936d9680e09807,l2-n8192-zipf-w1-s101-r3-measure-eas_k1_lazy,1015,7177,74.880116,68.393689,13555.0003689,0.0737735133005,20840,20840,5.677894,0.80841,4.468318,5.675668,0.805487,1.123632,0,0.585553,0.005149,8036,10218,24108,0,0,0,0,315253,0,0,0,49152,0,0,0,0,0,2330440,4.468318,7.005627,0.448118,52.561894,0,1.035539,63.396675,68.393689,0,0,0,0,307217
l2-n8192-zipf-w1,main,2,8192,zipf,1,eas_k1_graph,eas,1,graph,101,3,ok,867f34599440504c590b82d2ab18b35e5de20280334af18eed936d9680e09807,l2-n8192-zipf-w1-s101-r3-measure-eas_k1_graph,1015,7177,662.740426,655.83289,1531.51967223,0.652946232512,26600,26600,5.798215,1.10891,4.430844,5.795785,1.105425,1.157189,0,0.824512,0.005915,8036,0,0,0,0,0,0,0,0,0,4099790,49152,0,0,0,0,8100288,0,4.430844,17.098752,0.745686,630.509956,0,0.583401,650.849137,655.83289,0,0,0,0,0
l2-n8192-zipf-w1,main,2,8192,zipf,1,eas_k1_adaptive,eas,1,adaptive,101,3,ok,867f34599440504c590b82d2ab18b35e5de20280334af18eed936d9680e09807,l2-n8192-zipf-w1-s101-r3-measure-eas_k1_adaptive,1015,7177,75.403457,68.755682,13460.9212944,0.074289120197,20756,20756,5.680445,0.96699,4.444358,5.677891,0.964067,1.125687,0,0.709692,0.005477,8036,10218,24108,0,0,0,0,315253,0,0,0,49152,0,0,0,0,0,2330440,4.444358,6.917391,0.467321,52.971413,0,1.081093,63.782443,68.755682,0,0,0,0,307217
l2-n8192-zipf-w1,main,2,8192,zipf,1,native,native,,native,101,3,ok,867f34599440504c590b82d2ab18b35e5de20280334af18eed936d9680e09807,l2-n8192-zipf-w1-s101-r3-measure-native,536,7656,6.668724,0,80375.1962144,0.0124416492537,18616,18616,5.578788,1.089853,0,5.576506,1.087172,1.118724,0.507105,0.155252,0.004963,8036,0,0,0,0,0,0,0,0,0,0,0,0,0,0,0,0,0,0,0,0,0,0,0,0,0,0,0,0,0,0
l2-n8192-zipf-w1,main,2,8192,zipf,1,eas_k1_profile,eas,1,profile,101,3,ok,867f34599440504c590b82d2ab18b35e5de20280334af18eed936d9680e09807,l2-n8192-zipf-w1-s101-r3-measure-eas_k1_profile,1015,7177,69.219549,62.669397,14663.4876226,0.0681966,21648,21648,5.544971,1.005016,4.482513,5.542577,1.002262,1.121036,0,0.742951,0.005148,8036,10218,24108,169,20,318,90,0,183823,102459,422302,49152,0,0,0,0,0,2332984,4.482513,9.123668,0.711527,44.275633,0,1.214746,57.65739,62.669397,0,0,0,0,0
l2-n8192-zipf-w1,main,2,8192,zipf,1,eas_k2_adaptive,eas,2,adaptive,101,3,ok,867f34599440504c590b82d2ab18b35e5de20280334af18eed936d9680e09807,l2-n8192-zipf-w1-s101-r3-measure-eas_k2_adaptive,1012,7180,63.489709,56.772611,15939.5910918,0.0627368666008,20612,20612,5.721074,0.995837,4.523566,5.718342,0.992566,1.129654,0,0.736922,0.006003,8036,10218,24108,0,0,0,0,246409,0,0,0,49152,0,0,0,0,0,2330440,4.523566,7.0511,0.370313,41.168587,0,1.054299,51.718022,56.772611,0,0,0,0,238373
l2-n32768-uniform-w1,main,2,32768,uniform,1,eas_k2_adaptive,eas,2,adaptive,11,1,ok,d244cf396903b652cf89939e222b59eb2d149e8c610e962b8f18cdc63dd78c8a,l2-n32768-uniform-w1-s11-r1-measure-eas_k2_adaptive,4276,28492,153.696861,122.708156,27820.9975934,0.0359440741347,61384,61384,26.621017,4.367407,19.467551,26.618195,4.364268,6.024298,0,3.336508,0.005961,32768,42747,98304,0,0,0,0,206417,0,0,0,196608,0,0,0,0,0,9350544,19.467551,40.702221,1.77668,41.062048,0,7.037898,101.030357,122.708156,0,0,0,0,173649
l2-n32768-uniform-w1,main,2,32768,uniform,1,eas_k1_adaptive,eas,1,adaptive,11,1,ok,d244cf396903b652cf89939e222b59eb2d149e8c610e962b8f18cdc63dd78c8a,l2-n32768-uniform-w1-s11-r1-measure-eas_k1_adaptive,4281,28487,151.864067,121.672875,28189.683607,0.035473970334,62060,62060,25.96229,4.228451,19.485697,25.959694,4.22522,5.832492,0,3.232881,0.005827,32768,42747,98304,0,0,0,0,206477,0,0,0,196608,0,0,0,0,0,9350544,19.485697,40.779694,1.983366,39.854544,0,6.022785,99.973393,121.672875,0,0,0,0,173709
l2-n32768-uniform-w1,main,2,32768,uniform,1,accept_static_degree,accept_static_degree,,greedy,11,1,ok,d244cf396903b652cf89939e222b59eb2d149e8c610e962b8f18cdc63dd78c8a,l2-n32768-uniform-w1-s11-r1-measure-accept_static_degree,4827,27941,67.021092,37.76665,72022.1031314,0.0138846264761,51052,51052,25.803267,3.450669,19.391663,25.800823,3.447762,5.808087,0,2.514789,0.005351,0,42747,98304,0,0,0,0,0,0,0,0,0,0,0,0,0,0,604048,19.391663,0,0,1.721307,0,0.141318,16.218062,37.76665,5.253866,3.691532,32768,60488,0
l2-n32768-uniform-w1,main,2,32768,uniform,1,accept_id,accept_id,,greedy,11,1,ok,d244cf396903b652cf89939e222b59eb2d149e8c610e962b8f18cdc63dd78c8a,l2-n32768-uniform-w1-s11-r1-measure-accept_id,4325,28443,56.531897,27.592725,76505.4814983,0.0130709588439,50404,50404,26.261414,2.677288,19.336701,26.2588,2.673996,5.983906,0,1.897244,0.005906,0,0,0,0,0,0,0,0,0,0,0,0,0,0,0,0,0,0,19.336701,0,0,0.586664,0,0.11215,6.132886,27.592725,0,0.026547,0,47502,0
l2-n32768-uniform-w1,main,2,32768,uniform,1,native,native,,native,11,1,ok,d244cf396903b652cf89939e222b59eb2d149e8c610e962b8f18cdc63dd78c8a,l2-n32768-uniform-w1-s11-r1-measure-native,2523,30245,31.090111,0,81151.2059253,0.0123226757828,49496,49496,26.127155,4.96252,0,26.12453,4.960883,5.955018,2.543382,0.672348,0.004262,32768,0,0,0,0,0,0,0,0,0,0,0,0,0,0,0,0,0,0,0,0,0,0,0,0,0,0,0,0,0,0
l2-n32768-uniform-w1,main,2,32768,uniform,1,accept_static_degree,accept_static_degree,,greedy,11,2,ok,d244cf396903b652cf89939e222b59eb2d149e8c610e962b8f18cdc63dd78c8a,l2-n32768-uniform-w1-s11-r2-measure-accept_static_degree,4827,27941,68.307913,37.993867,70665.3122311,0.0141512146261,50980,50980,26.384071,3.929631,19.536323,26.381524,3.926379,5.933923,0,2.937521,0.005799,0,42747,98304,0,0,0,0,0,0,0,0,0,0,0,0,0,0,604048,19.536323,0,0,1.705714,0,0.143292,16.306146,37.993867,5.26368,3.751962,32768,60488,0
l2-n32768-uniform-w1,main,2,32768,uniform,1,accept_id,accept_id,,greedy,11,2,ok,d244cf396903b652cf89939e222b59eb2d149e8c610e962b8f18cdc63dd78c8a,l2-n32768-uniform-w1-s11-r2-measure-accept_id,4325,28443,57.190975,27.636834,75623.8200171,0.0132233468208,50408,50408,26.812942,2.74082,19.270209,26.810601,2.737988,5.983146,0,1.953118,0.005173,0,0,0,0,0,0,0,0,0,0,0,0,0,0,0,0,0,0,19.270209,0,0,0.592142,0,0.111234,6.2208,27.636834,0,0.027924,0,47502,0
l2-n32768-uniform-w1,main,2,32768,uniform,1,native,native,,native,11,2,ok,d244cf396903b652cf89939e222b59eb2d149e8c610e962b8f18cdc63dd78c8a,l2-n32768-uniform-w1-s11-r2-measure-native,2523,30245,32.002101,0,78838.5737549,0.0126841462545,49704,49704,27.038549,4.963206,0,27.035821,4.961898,5.982098,2.519418,0.708904,0.004036,32768,0,0,0,0,0,0,0,0,0,0,0,0,0,0,0,0,0,0,0,0,0,0,0,0,0,0,0,0,0,0
l2-n32768-uniform-w1,main,2,32768,uniform,1,eas_k1_adaptive,eas,1,adaptive,11,2,ok,d244cf396903b652cf89939e222b59eb2d149e8c610e962b8f18cdc63dd78c8a,l2-n32768-uniform-w1-s11-r2-measure-eas_k1_adaptive,4281,28487,152.871654,122.72107,28003.8835715,0.0357093328662,62112,62112,25.824157,4.325975,19.37548,25.821488,4.323502,5.783445,0,3.301443,0.005142,32768,42747,98304,0,0,0,0,206477,0,0,0,196608,0,0,0,0,0,9350544,19.37548,40.34957,2.104297,40.227419,0,6.931163,101.098542,122.72107,0,0,0,0,173709
l2-n32768-uniform-w1,main,2,32768,uniform,1,eas_k2_adaptive,eas,2,adaptive,11,2,ok,d244cf396903b652cf89939e222b59eb2d149e8c610e962b8f18cdc63dd78c8a,l2-n32768-uniform-w1-s11-r2-measure-eas_k2_adaptive,4276,28492,149.001515,118.255982,28697.6947852,0.0348460044434,61380,61380,26.362491,4.382405,19.31344,26.360003,4.379229,5.965296,0,3.358061,0.005664,32768,42747,98304,0,0,0,0,206417,0,0,0,196608,0,0,0,0,0,9350544,19.31344,40.374136,1.618407,38.127184,0,6.188964,96.67426,118.255982,0,0,0,0,173649
l2-n32768-uniform-w1,main,2,32768,uniform,1,native,native,,native,11,3,ok,d244cf396903b652cf89939e222b59eb2d149e8c610e962b8f18cdc63dd78c8a,l2-n32768-uniform-w1-s11-r3-measure-native,2523,30245,31.548796,0,79971.3561177,0.0125044772097,49556,49556,26.561951,4.986585,0,26.559689,4.984885,6.005209,2.544568,0.709599,0.003962,32768,0,0,0,0,0,0,0,0,0,0,0,0,0,0,0,0,0,0,0,0,0,0,0,0,0,0,0,0,0,0
l2-n32768-uniform-w1,main,2,32768,uniform,1,eas_k2_adaptive,eas,2,adaptive,11,3,ok,d244cf396903b652cf89939e222b59eb2d149e8c610e962b8f18cdc63dd78c8a,l2-n32768-uniform-w1-s11-r3-measure-eas_k2_adaptive,4276,28492,150.251487,119.455081,28458.9529553,0.0351383271749,61380,61380,26.450221,4.345615,19.522047,26.447533,4.3425,6.031856,0,3.328804,0.005803,32768,42747,98304,0,0,0,0,206417,0,0,0,196608,0,0,0,0,0,9350544,19.522047,40.679745,1.67038,38.68611,0,6.239003,97.699238,119.455081,0,0,0,0,173649
l2-n32768-uniform-w1,main,2,32768,uniform,1,accept_id,accept_id,,greedy,11,3,ok,d244cf396903b652cf89939e222b59eb2d149e8c610e962b8f18cdc63dd78c8a,l2-n32768-uniform-w1-s11-r3-measure-accept_id,4325,28443,56.474012,27.771017,76583.8984487,0.0130575750289,50368,50368,25.966174,2.736362,19.513932,25.963714,2.733435,5.82752,0,1.964058,0.005387,0,0,0,0,0,0,0,0,0,0,0,0,0,0,0,0,0,0,19.513932,0,0,0.588164,0,0.111066,6.148671,27.771017,0,0.026038,0,47502,0
l2-n32768-uniform-w1,main,2,32768,uniform,1,accept_static_degree,accept_static_degree,,greedy,11,3,ok,d244cf396903b652cf89939e222b59eb2d149e8c610e962b8f18cdc63dd78c8a,l2-n32768-uniform-w1-s11-r3-measure-accept_static_degree,4827,27941,66.985293,37.756838,72060.5939575,0.0138772100684,51028,51028,25.91109,3.316977,19.426563,25.908526,3.314289,5.818621,0,2.416545,0.005252,0,42747,98304,0,0,0,0,0,0,0,0,0,0,0,0,0,0,604048,19.426563,0,0,1.698608,0,0.147335,16.170821,37.756838,5.221024,3.684912,32768,60488,0
l2-n32768-uniform-w1,main,2,32768,uniform,1,eas_k1_adaptive,eas,1,adaptive,11,3,ok,d244cf396903b652cf89939e222b59eb2d149e8c610e962b8f18cdc63dd78c8a,l2-n32768-uniform-w1-s11-r3-measure-eas_k1_adaptive,4281,28487,152.273418,121.781754,28113.9023227,0.0355695907498,61976,61976,26.150546,4.340623,19.374016,26.148228,4.337641,6.005355,0,3.318831,0.0053,32768,42747,98304,0,0,0,0,206477,0,0,0,196608,0,0,0,0,0,9350544,19.374016,40.399757,2.038961,39.439873,0,6.995671,100.181593,121.781754,0,0,0,0,173709
l2-n32768-uniform-w1,main,2,32768,uniform,1,eas_k2_adaptive,eas,2,adaptive,29,1,ok,17c8ef6f4589778c4518ec1e43821f211ea737afb54ab5bf9a9a091a4ac80fd8,l2-n32768-uniform-w1-s29-r1-measure-eas_k2_adaptive,4316,28452,148.3462,117.914586,29094.105545,0.034371223355,61364,61364,26.151614,4.279661,19.357746,26.14907,4.276611,5.985288,0,3.273617,0.005594,32768,42746,98304,0,0,0,0,206429,0,0,0,196608,0,0,0,0,0,9352624,19.357746,40.051872,1.689259,38.212031,0,6.246778,96.342915,117.914586,0,0,0,0,173661
l2-n32768-uniform-w1,main,2,32768,uniform,1,accept_static_degree,accept_static_degree,,greedy,29,1,ok,17c8ef6f4589778c4518ec1e43821f211ea737afb54ab5bf9a9a091a4ac80fd8,l2-n32768-uniform-w1-s29-r1-measure-accept_static_degree,4827,27941,68.481782,38.149137,70485.899447,0.0141872347214,50908,50908,26.52742,3.804756,19.602044,26.52464,3.801725,6.047141,0,2.822723,0.005811,0,42746,98304,0,0,0,0,0,0,0,0,0,0,0,0,0,0,604016,19.602044,0,0,1.763911,0,0.142456,16.373382,38.149137,5.281218,3.763923,32768,60594,0
l2-n32768-uniform-w1,main,2,32768,uniform,1,eas_k1_adaptive,eas,1,adaptive,29,1,ok,17c8ef6f4589778c4518ec1e43821f211ea737afb54ab5bf9a9a091a4ac80fd8,l2-n32768-uniform-w1-s29-r1-measure-eas_k1_adaptive,4310,28458,155.499362,124.696597,27717.1555212,0.0360787382831,62296,62296,26.443698,4.358534,19.551546,26.441159,4.354971,6.04111,0,3.335657,0.006102,32768,42746,98304,0,0,0,0,206504,0,0,0,196608,0,0,0,0,0,9352624,19.551546,41.750822,2.050531,41.179813,0,6.53936,102.923269,124.696597,0,0,0,0,173736
l2-n32768-uniform-w1,main,2,32768,uniform,1,accept_id,accept_id,,greedy,29,1,ok,17c8ef6f4589778c4518ec1e43821f211ea737afb54ab5bf9a9a091a4ac80fd8,l2-n32768-uniform-w1-s29-r1-measure-accept_id,4330,28438,56.46682,27.834847,76682.2002727,0.0130408360277,50364,50364,26.050857,2.5807,19.601396,26.048076,2.578078,5.821777,0,1.809302,0.005403,0,0,0,0,0,0,0,0,0,0,0,0,0,0,0,0,0,0,19.601396,0,0,0.584411,0,0.111478,6.083862,27.834847,0,0.026047,0,47365,0
l2-n32768-uniform-w1,main,2,32768,uniform,1,native,native,,native,29,1,ok,17c8ef6f4589778c4518ec1e43821f211ea737afb54ab5bf9a9a091a4ac80fd8,l2-n32768-uniform-w1-s29-r1-measure-native,2524,30244,31.360997,0,80482.1351821,0.0124251176704,49504,49504,26.389233,4.971459,0,26.386991,4.969134,5.997259,2.535588,0.704639,0.004567,32768,0,0,0,0,0,0,0,0,0,0,0,0,0,0,0,0,0,0,0,0,0,0,0,0,0,0,0,0,0,0
l2-n32768-uniform-w1,main,2,32768,uniform,1,accept_static_degree,accept_static_degree,,greedy,29,2,ok,17c8ef6f4589778c4518ec1e43821f211ea737afb54ab5bf9a9a091a4ac80fd8,l2-n32768-uniform-w1-s29-r2-measure-accept_static_degree,4827,27941,70.153816,38.069989,68805.9506271,0.0145336266832,50796,50796,27.133384,4.949951,19.623103,27.130902,4.947175,6.186927,0,3.777908,0.005258,0,42746,98304,0,0,0,0,0,0,0,0,0,0,0,0,0,0,604016,19.623103,0,0,1.739476,0,0.140278,16.289117,38.069989,5.257224,3.769794,32768,60594,0
l2-n32768-uniform-w1,main,2,32768,uniform,1,eas_k1_adaptive,eas,1,adaptive,29,2,ok,17c8ef6f4589778c4518ec1e43821f211ea737afb54ab5bf9a9a091a4ac80fd8,l2-n32768-uniform-w1-s29-r2-measure-eas_k1_adaptive,4310,28458,151.131062,120.516889,28518.2936119,0.0350652116009,62320,62320,26.284918,4.328783,19.659747,26.282508,4.325363,6.023278,0,3.301389,0.00583,32768,42746,98304,0,0,0,0,206504,0,0,0,196608,0,0,0,0,0,9352624,19.659747,40.14858,1.980451,39.240199,0,6.0871,98.649254,120.516889,0,0,0,0,173736
l2-n32768-uniform-w1,main,2,32768,uniform,1,eas_k2_adaptive,eas,2,adaptive,29,2,ok,17c8ef6f4589778c4518ec1e43821f211ea737afb54ab5bf9a9a091a4ac80fd8,l2-n32768-uniform-w1-s29-r2-measure-eas_k2_adaptive,4316,28452,151.869006,120.461517,28419.2286081,0.0351874434662,61320,61320,27.062815,4.344255,19.55797,27.060403,4.340769,6.061678,0,3.316638,0.005898,32768,42746,98304,0,0,0,0,206429,0,0,0,196608,0,0,0,0,0,9352624,19.55797,41.578266,1.676851,38.999412,0,6.16653,98.7214,120.461517,0,0,0,0,173661
l2-n32768-uniform-w1,main,2,32768,uniform,1,accept_id,accept_id,,greedy,29,2,ok,17c8ef6f4589778c4518ec1e43821f211ea737afb54ab5bf9a9a091a4ac80fd8,l2-n32768-uniform-w1-s29-r2-measure-accept_id,4330,28438,57.164042,27.7909,75746.9179664,0.0132018572748,50368,50368,26.520871,2.851843,19.478515,26.517991,2.849107,5.993507,0,2.038873,0.005616,0,0,0,0,0,0,0,0,0,0,0,0,0,0,0,0,0,0,19.478515,0,0,0.587517,0,0.110426,6.141642,27.7909,0,0.027803,0,47365,0
l2-n32768-uniform-w1,main,2,32768,uniform,1,native,native,,native,29,2,ok,17c8ef6f4589778c4518ec1e43821f211ea737afb54ab5bf9a9a091a4ac80fd8,l2-n32768-uniform-w1-s29-r2-measure-native,2524,30244,31.340108,0,80535.7786259,0.0124168415214,49512,49512,26.365892,4.97399,0,26.359269,4.97186,6.035107,2.524129,0.709557,0.008753,32768,0,0,0,0,0,0,0,0,0,0,0,0,0,0,0,0,0,0,0,0,0,0,0,0,0,0,0,0,0,0
l2-n32768-uniform-w1,main,2,32768,uniform,1,accept_id,accept_id,,greedy,29,3,ok,17c8ef6f4589778c4518ec1e43821f211ea737afb54ab5bf9a9a091a4ac80fd8,l2-n32768-uniform-w1-s29-r3-measure-accept_id,4330,28438,56.526817,27.559694,76600.8105498,0.0130546921478,50156,50156,26.223161,2.743675,19.417559,26.220354,2.740554,5.99653,0,1.968559,0.005928,0,0,0,0,0,0,0,0,0,0,0,0,0,0,0,0,0,0,19.417559,0,0,0.583845,0,0.111747,6.045638,27.559694,0,0.026418,0,47365,0
l2-n32768-uniform-w1,main,2,32768,uniform,1,eas_k1_adaptive,eas,1,adaptive,29,3,ok,17c8ef6f4589778c4518ec1e43821f211ea737afb54ab5bf9a9a091a4ac80fd8,l2-n32768-uniform-w1-s29-r3-measure-eas_k1_adaptive,4310,28458,152.735874,121.716606,28218.6488814,0.0354375577726,62112,62112,26.519164,4.499822,19.3739,26.5167,4.496272,5.959754,0,3.450853,0.006014,32768,42746,98304,0,0,0,0,206504,0,0,0,196608,0,0,0,0,0,9352624,19.3739,40.330544,2.065695,39.393219,0,6.997554,100.124821,121.716606,0,0,0,0,173736
l2-n32768-uniform-w1,main,2,32768,uniform,1,native,native,,native,29,3,ok,17c8ef6f4589778c4518ec1e43821f211ea737afb54ab5bf9a9a091a4ac80fd8,l2-n32768-uniform-w1-s29-r3-measure-native,2524,30244,31.576393,0,79933.1323245,0.0125104568146,49492,49492,26.592584,4.983528,0,26.589872,4.981444,6.07127,2.539542,0.719482,0.004796,32768,0,0,0,0,0,0,0,0,0,0,0,0,0,0,0,0,0,0,0,0,0,0,0,0,0,0,0,0,0,0
l2-n32768-uniform-w1,main,2,32768,uniform,1,accept_static_degree,accept_static_degree,,greedy,29,3,ok,17c8ef6f4589778c4518ec1e43821f211ea737afb54ab5bf9a9a091a4ac80fd8,l2-n32768-uniform-w1-s29-r3-measure-accept_static_degree,4827,27941,69.290722,38.056848,69663.0062536,0.014354821214,50848,50848,27.659446,3.573874,19.527906,27.656781,3.570989,6.060811,0,2.615606,0.00555,0,42746,98304,0,0,0,0,0,0,0,0,0,0,0,0,0,0,604016,19.527906,0,0,1.729071,0,0.139591,16.261036,38.056848,5.278384,3.70884,32768,60594,0
l2-n32768-uniform-w1,main,2,32768,uniform,1,eas_k2_adaptive,eas,2,adaptive,29,3,ok,17c8ef6f4589778c4518ec1e43821f211ea737afb54ab5bf9a9a091a4ac80fd8,l2-n32768-uniform-w1-s29-r3-measure-eas_k2_adaptive,4316,28452,151.133227,120.492489,28557.5851563,0.0350169664041,61332,61332,26.303845,4.336406,19.613347,26.301317,4.333538,5.870777,0,3.309718,0.005396,32768,42746,98304,0,0,0,0,206429,0,0,0,196608,0,0,0,0,0,9352624,19.613347,41.499982,1.673139,38.968448,0,6.089735,98.630633,120.492489,0,0,0,0,173661
l2-n32768-uniform-w1,main,2,32768,uniform,1,accept_static_degree,accept_static_degree,,greedy,47,1,ok,0c6ecbc5229d5667f1ec3a26196a17fc8447f0a2f4204f8bde94072bfae24615,l2-n32768-uniform-w1-s47-r1-measure-accept_static_degree,4823,27945,67.85998,38.136808,71072.8178818,0.0140700767157,50496,50496,26.158589,3.564079,19.65407,26.155996,3.561594,5.896612,0,2.615478,0.005078,0,42746,98304,0,0,0,0,0,0,0,0,0,0,0,0,0,0,604056,19.65407,0,0,1.789393,0,0.143696,16.321046,38.136808,5.282695,3.723776,32768,60670,0
l2-n32768-uniform-w1,main,2,32768,uniform,1,accept_id,accept_id,,greedy,47,1,ok,0c6ecbc5229d5667f1ec3a26196a17fc8447f0a2f4204f8bde94072bfae24615,l2-n32768-uniform-w1-s47-r1-measure-accept_id,4341,28427,56.729303,28.187,76521.2997593,0.0130682568533,50352,50352,26.062903,2.478922,19.854007,26.060049,2.476054,5.856295,0,1.736956,0.005722,0,0,0,0,0,0,0,0,0,0,0,0,0,0,0,0,0,0,19.854007,0,0,0.587188,0,0.111591,6.22511,28.187,0,0.026069,0,47310,0
l2-n32768-uniform-w1,main,2,32768,uniform,1,eas_k2_adaptive,eas,2,adaptive,47,1,ok,0c6ecbc5229d5667f1ec3a26196a17fc8447f0a2f4204f8bde94072bfae24615,l2-n32768-uniform-w1-s47-r1-measure-eas_k2_adaptive,4298,28470,148.421636,117.796795,28958.0422089,0.0345327212657,61316,61316,26.200102,4.424265,19.437664,26.197524,4.421134,5.986632,0,3.376752,0.005709,32768,42746,98304,0,0,0,0,206549,0,0,0,196608,0,0,0,0,0,9349848,19.437664,40.096336,1.632814,38.380994,0,5.821632,96.156923,117.796795,0,0,0,0,173781
l2-n32768-uniform-w1,main,2,32768,uniform,1,eas_k1_adaptive,eas,1,adaptive,47,1,ok,0c6ecbc5229d5667f1ec3a26196a17fc8447f0a2f4204f8bde94072bfae24615,l2-n32768-uniform-w1-s47-r1-measure-eas_k1_adaptive,4304,28464,153.534561,122.742488,28032.7762816,0.0356725281134,62048,62048,26.477062,4.314322,19.463033,26.474335,4.311706,5.937377,0,3.292609,0.005343,32768,42746,98304,0,0,0,0,206583,0,0,0,196608,0,0,0,0,0,9349848,19.463033,40.386069,2.165323,39.918246,0,7.203543,101.051044,122.742488,0,0,0,0,173815
l2-n32768-uniform-w1,main,2,32768,uniform,1,native,native,,native,47,1,ok,0c6ecbc5229d5667f1ec3a26196a17fc8447f0a2f4204f8bde94072bfae24615,l2-n32768-uniform-w1-s47-r1-measure-native,2513,30255,31.635008,0,79437.3119804,0.0125885427776,49508,49508,26.573213,5.061554,0,26.57087,5.059527,6.025164,2.592581,0.711935,0.00437,32768,0,0,0,0,0,0,0,0,0,0,0,0,0,0,0,0,0,0,0,0,0,0,0,0,0,0,0,0,0,0
l2-n32768-uniform-w1,main,2,32768,uniform,1,eas_k1_adaptive,eas,1,adaptive,47,2,ok,0c6ecbc5229d5667f1ec3a26196a17fc8447f0a2f4204f8bde94072bfae24615,l2-n32768-uniform-w1-s47-r2-measure-eas_k1_adaptive,4304,28464,154.617356,123.668857,27836.4609986,0.0359241068773,62176,62176,26.616588,4.331289,19.542423,26.613505,4.328499,6.04151,0,3.300558,0.005873,32768,42746,98304,0,0,0,0,206583,0,0,0,196608,0,0,0,0,0,9349848,19.542423,41.810424,2.027798,40.408308,0,6.223159,101.916679,123.668857,0,0,0,0,173815
l2-n32768-uniform-w1,main,2,32768,uniform,1,native,native,,native,47,2,ok,0c6ecbc5229d5667f1ec3a26196a17fc8447f0a2f4204f8bde94072bfae24615,l2-n32768-uniform-w1-s47-r2-measure-native,2513,30255,31.567232,0,79607.8667905,0.0125615726224,49480,49480,26.438003,5.128916,0,26.435083,5.127434,5.959287,2.670009,0.69974,0.004402,32768,0,0,0,0,0,0,0,0,0,0,0,0,0,0,0,0,0,0,0,0,0,0,0,0,0,0,0,0,0,0
l2-n32768-uniform-w1,main,2,32768,uniform,1,eas_k2_adaptive,eas,2,adaptive,47,2,ok,0c6ecbc5229d5667f1ec3a26196a17fc8447f0a2f4204f8bde94072bfae24615,l2-n32768-uniform-w1-s47-r2-measure-eas_k2_adaptive,4298,28470,147.907896,117.423395,29058.6244294,0.0344131912517,61384,61384,26.209663,4.27454,19.401465,26.207013,4.271442,6.02742,0,3.245495,0.005748,32768,42746,98304,0,0,0,0,206549,0,0,0,196608,0,0,0,0,0,9349848,19.401465,40.168468,1.613051,37.970139,0,5.860657,95.827721,117.423395,0,0,0,0,173781
l2-n32768-uniform-w1,main,2,32768,uniform,1,accept_static_degree,accept_static_degree,,greedy,47,2,ok,0c6ecbc5229d5667f1ec3a26196a17fc8447f0a2f4204f8bde94072bfae24615,l2-n32768-uniform-w1-s47-r2-measure-accept_static_degree,4823,27945,68.25258,38.029359,70663.9954123,0.014151478333,50568,50568,26.037503,4.185607,19.677597,26.034558,4.183152,5.827295,0,3.141822,0.0054,0,42746,98304,0,0,0,0,0,0,0,0,0,0,0,0,0,0,604056,19.677597,0,0,1.734518,0,0.145967,16.188101,38.029359,5.224898,3.716003,32768,60670,0
l2-n32768-uniform-w1,main,2,32768,uniform,1,accept_id,accept_id,,greedy,47,2,ok,0c6ecbc5229d5667f1ec3a26196a17fc8447f0a2f4204f8bde94072bfae24615,l2-n32768-uniform-w1-s47-r2-measure-accept_id,4341,28427,56.745748,27.652495,76499.1237758,0.0130720451509,50400,50400,26.375963,2.716873,19.404525,26.373477,2.71406,5.99214,0,1.946096,0.005299,0,0,0,0,0,0,0,0,0,0,0,0,0,0,0,0,0,0,19.404525,0,0,0.590765,0,0.111532,6.147055,27.652495,0,0.026915,0,47310,0
l2-n32768-uniform-w1,main,2,32768,uniform,1,eas_k1_adaptive,eas,1,adaptive,47,3,ok,0c6ecbc5229d5667f1ec3a26196a17fc8447f0a2f4204f8bde94072bfae24615,l2-n32768-uniform-w1-s47-r3-measure-eas_k1_adaptive,4304,28464,154.388383,123.992989,27877.7451798,0.0358709068309,62292,62292,26.125034,4.270012,19.548883,26.122213,4.266925,5.903377,0,3.255016,0.005908,32768,42746,98304,0,0,0,0,206583,0,0,0,196608,0,0,0,0,0,9349848,19.548883,40.896154,2.177829,40.293023,0,7.339044,102.247449,123.992989,0,0,0,0,173815
l2-n32768-uniform-w1,main,2,32768,uniform,1,accept_id,accept_id,,greedy,47,3,ok,0c6ecbc5229d5667f1ec3a26196a17fc8447f0a2f4204f8bde94072bfae24615,l2-n32768-uniform-w1-s47-r3-measure-accept_id,4341,28427,56.832442,27.828084,76382.4295989,0.0130920161253,50232,50232,26.269163,2.734595,19.524691,26.26695,2.731437,5.900775,0,1.962515,0.005371,0,0,0,0,0,0,0,0,0,0,0,0,0,0,0,0,0,0,19.524691,0,0,0.592351,0,0.112072,6.1795,27.828084,0,0.025847,0,47310,0
l2-n32768-uniform-w1,main,2,32768,uniform,1,native,native,,native,47,3,ok,0c6ecbc5229d5667f1ec3a26196a17fc8447f0a2f4204f8bde94072bfae24615,l2-n32768-uniform-w1-s47-r3-measure-native,2513,30255,31.138726,0,80703.365963,0.0123910569041,49556,49556,26.219206,4.919289,0,26.216389,4.916871,6.005304,2.526689,0.666995,0.005235,32768,0,0,0,0,0,0,0,0,0,0,0,0,0,0,0,0,0,0,0,0,0,0,0,0,0,0,0,0,0,0
l2-n32768-uniform-w1,main,2,32768,uniform,1,accept_static_degree,accept_static_degree,,greedy,47,3,ok,0c6ecbc5229d5667f1ec3a26196a17fc8447f0a2f4204f8bde94072bfae24615,l2-n32768-uniform-w1-s47-r3-measure-accept_static_degree,4823,27945,68.179018,37.939372,70740.2385878,0.0141362260004,50564,50564,26.504732,3.734431,19.54312,26.501771,3.731739,6.061842,0,2.771044,0.005653,0,42746,98304,0,0,0,0,0,0,0,0,0,0,0,0,0,0,604056,19.54312,0,0,1.752086,0,0.141612,16.23793,37.939372,5.260717,3.702792,32768,60670,0
l2-n32768-uniform-w1,main,2,32768,uniform,1,eas_k2_adaptive,eas,2,adaptive,47,3,ok,0c6ecbc5229d5667f1ec3a26196a17fc8447f0a2f4204f8bde94072bfae24615,l2-n32768-uniform-w1-s47-r3-measure-eas_k2_adaptive,4298,28470,149.757419,118.87568,28699.7467551,0.0348435130293,61332,61332,26.549155,4.332138,19.364015,26.546439,4.329089,6.008445,0,3.317732,0.005765,32768,42746,98304,0,0,0,0,206549,0,0,0,196608,0,0,0,0,0,9349848,19.364015,40.946067,1.652104,38.530333,0,5.858564,97.255406,118.87568,0,0,0,0,173781
l2-n32768-uniform-w1,main,2,32768,uniform,1,eas_k2_adaptive,eas,2,adaptive,71,1,ok,955a1f760d4f47d739b9b9338b5c4c5d5d2be352f4db229b1593e6ad526e400b,l2-n32768-uniform-w1-s71-r1-measure-eas_k2_adaptive,4298,28470,150.050111,119.640979,28643.7642155,0.0349116126105,61304,61304,26.082739,4.325942,19.540254,26.080237,4.322558,5.861673,0,3.315255,0.005886,32768,42739,98304,0,0,0,0,206474,0,0,0,196608,0,0,0,0,0,9350248,19.540254,41.777179,1.650125,38.228922,0,6.013061,97.88516,119.640979,0,0,0,0,173706
l2-n32768-uniform-w1,main,2,32768,uniform,1,eas_k1_adaptive,eas,1,adaptive,71,1,ok,955a1f760d4f47d739b9b9338b5c4c5d5d2be352f4db229b1593e6ad526e400b,l2-n32768-uniform-w1-s71-r1-measure-eas_k1_adaptive,4301,28467,153.668085,123.146404,27988.8956773,0.0357284550105,62124,62124,26.236845,4.284342,19.668877,26.234563,4.281035,5.919912,0,3.266063,0.005589,32768,42739,98304,0,0,0,0,206548,0,0,0,196608,0,0,0,0,0,9350248,19.668877,41.771984,1.999839,39.671387,0,6.376221,101.293268,123.146404,0,0,0,0,173780
l2-n32768-uniform-w1,main,2,32768,uniform,1,accept_static_degree,accept_static_degree,,greedy,71,1,ok,955a1f760d4f47d739b9b9338b5c4c5d5d2be352f4db229b1593e6ad526e400b,l2-n32768-uniform-w1-s71-r1-measure-accept_static_degree,4819,27949,68.299326,37.839974,70557.0652337,0.0141729250882,50296,50296,26.649948,3.808894,19.455794,26.647573,3.806066,6.057056,0,2.826498,0.005203,0,42739,98304,0,0,0,0,0,0,0,0,0,0,0,0,0,0,603952,19.455794,0,0,1.740557,0,0.149215,16.230147,37.839974,5.252066,3.705163,32768,60412,0
l2-n32768-uniform-w1,main,2,32768,uniform,1,accept_id,accept_id,,greedy,71,1,ok,955a1f760d4f47d739b9b9338b5c4c5d5d2be352f4db229b1593e6ad526e400b,l2-n32768-uniform-w1-s71-r1-measure-accept_id,4327,28441,56.493347,27.615689,76593.0898022,0.0130560080887,50296,50296,26.118001,2.759085,19.434331,26.115977,2.756406,6.003693,0,1.986513,0.004703,0,0,0,0,0,0,0,0,0,0,0,0,0,0,0,0,0,0,19.434331,0,0,0.588839,0,0.111925,6.061136,27.615689,0,0.025828,0,47367,0
l2-n32768-uniform-w1,main,2,32768,uniform,1,native,native,,native,71,1,ok,955a1f760d4f47d739b9b9338b5c4c5d5d2be352f4db229b1593e6ad526e400b,l2-n32768-uniform-w1-s71-r1-measure-native,2485,30283,31.013252,0,80127.0373065,0.0124801818913,49496,49496,26.144432,4.868465,0,26.141989,4.866627,5.907274,2.494992,0.674741,0.004281,32768,0,0,0,0,0,0,0,0,0,0,0,0,0,0,0,0,0,0,0,0,0,0,0,0,0,0,0,0,0,0
l2-n32768-uniform-w1,main,2,32768,uniform,1,accept_id,accept_id,,greedy,71,2,ok,955a1f760d4f47d739b9b9338b5c4c5d5d2be352f4db229b1593e6ad526e400b,l2-n32768-uniform-w1-s71-r2-measure-accept_id,4327,28441,58.339071,29.013948,74169.8475109,0.0134825678299,50108,50108,26.162257,3.162565,19.782729,26.159761,3.159612,5.846819,0,2.320767,0.005449,0,0,0,0,0,0,0,0,0,0,0,0,0,0,0,0,0,0,19.782729,0,0,0.587284,0,0.11243,7.115009,29.013948,0,0.026131,0,47367,0
l2-n32768-uniform-w1,main,2,32768,uniform,1,eas_k1_adaptive,eas,1,adaptive,71,2,ok,955a1f760d4f47d739b9b9338b5c4c5d5d2be352f4db229b1593e6ad526e400b,l2-n32768-uniform-w1-s71-r2-measure-eas_k1_adaptive,4301,28467,155.043571,124.123816,27740.5891277,0.0360482611021,62064,62064,26.565063,4.354204,19.567607,26.562342,4.35104,6.038104,0,3.330887,0.005885,32768,42739,98304,0,0,0,0,206548,0,0,0,196608,0,0,0,0,0,9350248,19.567607,42.731118,2.022168,40.05438,0,6.219482,102.34271,124.123816,0,0,0,0,173780
l2-n32768-uniform-w1,main,2,32768,uniform,1,native,native,,native,71,2,ok,955a1f760d4f47d739b9b9338b5c4c5d5d2be352f4db229b1593e6ad526e400b,l2-n32768-uniform-w1-s71-r2-measure-native,2485,30283,31.00047,0,80160.0749924,0.0124750382294,49584,49584,26.044337,4.955871,0,26.042055,4.953856,5.851966,2.52257,0.670353,0.004297,32768,0,0,0,0,0,0,0,0,0,0,0,0,0,0,0,0,0,0,0,0,0,0,0,0,0,0,0,0,0,0
l2-n32768-uniform-w1,main,2,32768,uniform,1,accept_static_degree,accept_static_degree,,greedy,71,2,ok,955a1f760d4f47d739b9b9338b5c4c5d5d2be352f4db229b1593e6ad526e400b,l2-n32768-uniform-w1-s71-r2-measure-accept_static_degree,4819,27949,67.944481,37.634987,70925.5546451,0.0140992905167,50560,50560,26.145067,4.164092,19.443557,26.142585,4.161451,6.003728,0,3.110741,0.005123,0,42739,98304,0,0,0,0,0,0,0,0,0,0,0,0,0,0,603952,19.443557,0,0,1.67959,0,0.150523,16.043431,37.634987,5.196641,3.654125,32768,60412,0
l2-n32768-uniform-w1,main,2,32768,uniform,1,eas_k2_adaptive,eas,2,adaptive,71,2,ok,955a1f760d4f47d739b9b9338b5c4c5d5d2be352f4db229b1593e6ad526e400b,l2-n32768-uniform-w1-s71-r2-measure-eas_k2_adaptive,4298,28470,149.412826,118.76947,28765.9374035,0.0347633378315,61320,61320,26.362165,4.280696,19.447902,26.359741,4.27815,6.006193,0,3.262568,0.00497,32768,42739,98304,0,0,0,0,206474,0,0,0,196608,0,0,0,0,0,9350248,19.447902,41.372697,1.646996,38.037386,0,5.89567,97.116761,118.76947,0,0,0,0,173706
l2-n32768-uniform-w1,main,2,32768,uniform,1,accept_static_degree,accept_static_degree,,greedy,71,3,ok,955a1f760d4f47d739b9b9338b5c4c5d5d2be352f4db229b1593e6ad526e400b,l2-n32768-uniform-w1-s71-r3-measure-accept_static_degree,4819,27949,69.143443,37.884734,69695.6904504,0.0143480894376,50520,50520,26.447904,4.810336,19.514515,26.445385,4.807628,5.980095,0,3.678652,0.005227,0,42739,98304,0,0,0,0,0,0,0,0,0,0,0,0,0,0,603952,19.514515,0,0,1.692916,0,0.143211,16.169876,37.884734,5.244408,3.652003,32768,60412,0
l2-n32768-uniform-w1,main,2,32768,uniform,1,eas_k1_adaptive,eas,1,adaptive,71,3,ok,955a1f760d4f47d739b9b9338b5c4c5d5d2be352f4db229b1593e6ad526e400b,l2-n32768-uniform-w1-s71-r3-measure-eas_k1_adaptive,4301,28467,153.506224,122.994899,28018.4079051,0.0356908216694,62176,62176,26.241252,4.269489,19.555199,26.238719,4.266593,5.914128,0,3.260109,0.005429,32768,42739,98304,0,0,0,0,206548,0,0,0,196608,0,0,0,0,0,9350248,19.555199,41.912584,2.007757,39.640623,0,6.24853,101.227859,122.994899,0,0,0,0,173780
l2-n32768-uniform-w1,main,2,32768,uniform,1,accept_id,accept_id,,greedy,71,3,ok,955a1f760d4f47d739b9b9338b5c4c5d5d2be352f4db229b1593e6ad526e400b,l2-n32768-uniform-w1-s71-r3-measure-accept_id,4327,28441,57.12775,27.781147,75742.5244299,0.0132026230645,50484,50484,26.633484,2.712717,19.542824,26.630548,2.710079,6.054397,0,1.942622,0.005574,0,0,0,0,0,0,0,0,0,0,0,0,0,0,0,0,0,0,19.542824,0,0,0.586674,0,0.113967,6.102045,27.781147,0,0.027785,0,47367,0
l2-n32768-uniform-w1,main,2,32768,uniform,1,native,native,,native,71,3,ok,955a1f760d4f47d739b9b9338b5c4c5d5d2be352f4db229b1593e6ad526e400b,l2-n32768-uniform-w1-s71-r3-measure-native,2485,30283,32.133575,0,77333.443291,0.0129310160966,49560,49560,27.128244,5.005084,0,27.125378,5.002882,6.031616,2.570364,0.699928,0.005068,32768,0,0,0,0,0,0,0,0,0,0,0,0,0,0,0,0,0,0,0,0,0,0,0,0,0,0,0,0,0,0
l2-n32768-uniform-w1,main,2,32768,uniform,1,eas_k2_adaptive,eas,2,adaptive,71,3,ok,955a1f760d4f47d739b9b9338b5c4c5d5d2be352f4db229b1593e6ad526e400b,l2-n32768-uniform-w1-s71-r3-measure-eas_k2_adaptive,4298,28470,151.374073,121.016343,28393.2374602,0.0352196540251,61404,61404,26.139408,4.218215,19.660266,26.136811,4.214592,5.899544,0,3.21851,0.00622,32768,42739,98304,0,0,0,0,206474,0,0,0,196608,0,0,0,0,0,9350248,19.660266,42.136216,1.708402,38.677352,0,6.297622,99.172384,121.016343,0,0,0,0,173706
l2-n32768-uniform-w1,main,2,32768,uniform,1,eas_k2_adaptive,eas,2,adaptive,101,1,ok,93f0e3485690c96fb37dbc80fce7dd5eedff86e2be1ac7585e4e4b4d3c6bbecd,l2-n32768-uniform-w1-s101-r1-measure-eas_k2_adaptive,4304,28464,150.354436,119.8285,28625.6934913,0.034933651487,61372,61372,26.302587,4.222894,19.639447,26.299771,4.220075,5.961506,0,3.21685,0.005635,32768,42741,98304,0,0,0,0,206755,0,0,0,196608,0,0,0,0,0,9351240,19.639447,41.04007,1.689285,38.615686,0,6.32702,97.99728,119.8285,0,0,0,0,173987
l2-n32768-uniform-w1,main,2,32768,uniform,1,eas_k1_adaptive,eas,1,adaptive,101,1,ok,93f0e3485690c96fb37dbc80fce7dd5eedff86e2be1ac7585e4e4b4d3c6bbecd,l2-n32768-uniform-w1-s101-r1-measure-eas_k1_adaptive,4290,28478,151.987217,121.924036,28226.0579849,0.035428255711,62284,62284,25.794991,4.267902,19.480764,25.792058,4.264892,5.843015,0,3.262794,0.005943,32768,42741,98304,0,0,0,0,206874,0,0,0,196608,0,0,0,0,0,9351240,19.480764,41.167663,1.98761,39.903991,0,5.970661,100.27227,121.924036,0,0,0,0,174106
l2-n32768-uniform-w1,main,2,32768,uniform,1,accept_id,accept_id,,greedy,101,1,ok,93f0e3485690c96fb37dbc80fce7dd5eedff86e2be1ac7585e4e4b4d3c6bbecd,l2-n32768-uniform-w1-s101-r1-measure-accept_id,4346,28422,58.090888,27.761547,74813.7986804,0.0133665181776,50368,50368,26.545394,3.783496,19.577167,26.542545,3.780555,6.070972,0,2.876175,0.00579,0,0,0,0,0,0,0,0,0,0,0,0,0,0,0,0,0,0,19.577167,0,0,0.59086,0,0.112139,6.077465,27.761547,0,0.028162,0,47396,0
l2-n32768-uniform-w1,main,2,32768,uniform,1,native,native,,native,101,1,ok,93f0e3485690c96fb37dbc80fce7dd5eedff86e2be1ac7585e4e4b4d3c6bbecd,l2-n32768-uniform-w1-s101-r1-measure-native,2491,30277,31.168064,0,79921.5504691,0.0125122697712,49572,49572,26.226734,4.940954,0,26.223855,4.939249,5.895806,2.535056,0.67967,0.004584,32768,0,0,0,0,0,0,0,0,0,0,0,0,0,0,0,0,0,0,0,0,0,0,0,0,0,0,0,0,0,0
l2-n32768-uniform-w1,main,2,32768,uniform,1,accept_static_degree,accept_static_degree,,greedy,101,1,ok,93f0e3485690c96fb37dbc80fce7dd5eedff86e2be1ac7585e4e4b4d3c6bbecd,l2-n32768-uniform-w1-s101-r1-measure-accept_static_degree,4825,27943,68.349622,38.010874,70592.9288095,0.0141657247668,51156,51156,26.200563,4.137793,19.712579,26.197933,4.135154,5.905911,0,3.099671,0.005269,0,42741,98304,0,0,0,0,0,0,0,0,0,0,0,0,0,0,603976,19.712579,0,0,1.761104,0,0.142877,16.156868,38.010874,5.304907,3.582316,32768,60407,0
l2-n32768-uniform-w1,main,2,32768,uniform,1,accept_static_degree,accept_static_degree,,greedy,101,2,ok,93f0e3485690c96fb37dbc80fce7dd5eedff86e2be1ac7585e4e4b4d3c6bbecd,l2-n32768-uniform-w1-s101-r2-measure-accept_static_degree,4825,27943,67.770214,37.699608,71196.4698828,0.0140456402073,51032,51032,26.434591,3.635673,19.480236,26.432572,3.63272,6.028354,0,2.675312,0.004972,0,42741,98304,0,0,0,0,0,0,0,0,0,0,0,0,0,0,603976,19.480236,0,0,1.732661,0,0.142194,16.075873,37.699608,5.248104,3.574026,32768,60407,0
l2-n32768-uniform-w1,main,2,32768,uniform,1,eas_k1_adaptive,eas,1,adaptive,101,2,ok,93f0e3485690c96fb37dbc80fce7dd5eedff86e2be1ac7585e4e4b4d3c6bbecd,l2-n32768-uniform-w1-s101-r2-measure-eas_k1_adaptive,4290,28478,151.447109,120.734794,28326.7209809,0.0353023564103,62124,62124,26.383049,4.328804,19.577678,26.380638,4.32582,5.98686,0,3.305665,0.005395,32768,42741,98304,0,0,0,0,206874,0,0,0,196608,0,0,0,0,0,9351240,19.577678,40.409768,1.970812,39.082134,0,6.0458,98.738425,120.734794,0,0,0,0,174106
l2-n32768-uniform-w1,main,2,32768,uniform,1,eas_k2_adaptive,eas,2,adaptive,101,2,ok,93f0e3485690c96fb37dbc80fce7dd5eedff86e2be1ac7585e4e4b4d3c6bbecd,l2-n32768-uniform-w1-s101-r2-measure-eas_k2_adaptive,4304,28464,150.951308,120.402788,28512.5055028,0.0350723299257,61512,61512,26.233345,4.314764,19.591667,26.230524,4.311672,5.91514,0,3.304199,0.005913,32768,42741,98304,0,0,0,0,206755,0,0,0,196608,0,0,0,0,0,9351240,19.591667,41.426228,1.700432,38.966568,0,6.156213,98.621589,120.402788,0,0,0,0,173987
l2-n32768-uniform-w1,main,2,32768,uniform,1,native,native,,native,101,2,ok,93f0e3485690c96fb37dbc80fce7dd5eedff86e2be1ac7585e4e4b4d3c6bbecd,l2-n32768-uniform-w1-s101-r2-measure-native,2491,30277,30.871955,0,80688.1196866,0.0123933982336,49696,49696,26.006486,4.865268,0,26.003595,4.863725,5.829483,2.482323,0.664634,0.004434,32768,0,0,0,0,0,0,0,0,0,0,0,0,0,0,0,0,0,0,0,0,0,0,0,0,0,0,0,0,0,0
l2-n32768-uniform-w1,main,2,32768,uniform,1,accept_id,accept_id,,greedy,101,2,ok,93f0e3485690c96fb37dbc80fce7dd5eedff86e2be1ac7585e4e4b4d3c6bbecd,l2-n32768-uniform-w1-s101-r2-measure-accept_id,4346,28422,57.350105,27.702913,75780.1576824,0.0131960664979,50160,50160,25.928247,3.718274,19.528594,25.925277,3.715262,5.824005,0,2.813714,0.005982,0,0,0,0,0,0,0,0,0,0,0,0,0,0,0,0,0,0,19.528594,0,0,0.584856,0,0.112668,6.063531,27.702913,0,0.027453,0,47396,0
l2-n32768-uniform-w1,main,2,32768,uniform,1,accept_id,accept_id,,greedy,101,3,ok,93f0e3485690c96fb37dbc80fce7dd5eedff86e2be1ac7585e4e4b4d3c6bbecd,l2-n32768-uniform-w1-s101-r3-measure-accept_id,4346,28422,56.634364,27.706392,76737.8618395,0.0130313768983,50356,50356,26.405903,2.521622,19.514697,26.402868,2.519111,6.122793,0,1.716321,0.005546,0,0,0,0,0,0,0,0,0,0,0,0,0,0,0,0,0,0,19.514697,0,0,0.581437,0,0.111634,6.102716,27.706392,0,0.02641,0,47396,0
l2-n32768-uniform-w1,main,2,32768,uniform,1,eas_k1_adaptive,eas,1,adaptive,101,3,ok,93f0e3485690c96fb37dbc80fce7dd5eedff86e2be1ac7585e4e4b4d3c6bbecd,l2-n32768-uniform-w1-s101-r3-measure-eas_k1_adaptive,4290,28478,149.824371,119.51876,28633.5258501,0.0349240958042,62120,62120,26.076108,4.229153,19.432576,26.073168,4.226335,5.968047,0,3.222957,0.005758,32768,42741,98304,0,0,0,0,206874,0,0,0,196608,0,0,0,0,0,9351240,19.432576,40.045465,1.934809,38.858481,0,5.907797,97.91218,119.51876,0,0,0,0,174106
l2-n32768-uniform-w1,main,2,32768,uniform,1,accept_static_degree,accept_static_degree,,greedy,101,3,ok,93f0e3485690c96fb37dbc80fce7dd5eedff86e2be1ac7585e4e4b4d3c6bbecd,l2-n32768-uniform-w1-s101-r3-measure-accept_static_degree,4825,27943,67.873984,37.798504,71087.6202582,0.014067146943,51032,51032,26.469439,3.605831,19.522852,26.466819,3.602694,6.015523,0,2.654228,0.005757,0,42741,98304,0,0,0,0,0,0,0,0,0,0,0,0,0,0,603976,19.522852,0,0,1.701648,0,0.140285,16.099245,37.798504,5.247866,3.604043,32768,60407,0
l2-n32768-uniform-w1,main,2,32768,uniform,1,eas_k2_adaptive,eas,2,adaptive,101,3,ok,93f0e3485690c96fb37dbc80fce7dd5eedff86e2be1ac7585e4e4b4d3c6bbecd,l2-n32768-uniform-w1-s101-r3-measure-eas_k2_adaptive,4304,28464,147.556451,117.243006,29168.4976891,0.0342835620353,61324,61324,26.001276,4.311871,19.499346,25.998621,4.308181,5.959833,0,3.294172,0.006345,32768,42741,98304,0,0,0,0,206755,0,0,0,196608,0,0,0,0,0,9351240,19.499346,40.252927,1.615594,37.791796,0,5.80857,95.563547,117.243006,0,0,0,0,173987
l2-n32768-uniform-w1,main,2,32768,uniform,1,native,native,,native,101,3,ok,93f0e3485690c96fb37dbc80fce7dd5eedff86e2be1ac7585e4e4b4d3c6bbecd,l2-n32768-uniform-w1-s101-r3-measure-native,2491,30277,31.559714,0,78929.7393506,0.0126694957848,49500,49500,26.521987,5.037336,0,26.51912,5.035117,6.077963,2.579626,0.70205,0.005086,32768,0,0,0,0,0,0,0,0,0,0,0,0,0,0,0,0,0,0,0,0,0,0,0,0,0,0,0,0,0,0
l2-n32768-zipf-w1,main,2,32768,zipf,1,native,native,,native,11,1,ok,24e9fc685c514ba7b1b094eb80a62d51f3a6dab26410ac5f9d295aef8554d3fa,l2-n32768-zipf-w1-s11-r1-measure-native,714,32054,26.850457,0,26591.7261669,0.0376056820728,49312,49312,23.000849,3.849268,0,22.997789,3.846925,4.397986,2.021876,0.222972,0.005403,32713,0,0,0,0,0,0,0,0,0,0,0,0,0,0,0,0,0,0,0,0,0,0,0,0,0,0,0,0,0,0
l2-n32768-zipf-w1,main,2,32768,zipf,1,eas_k2_adaptive,eas,2,adaptive,11,1,ok,24e9fc685c514ba7b1b094eb80a62d51f3a6dab26410ac5f9d295aef8554d3fa,l2-n32768-zipf-w1-s11-r1-measure-eas_k2_adaptive,2120,30648,447.40978,422.08727,4738.38546846,0.211042349057,58936,58936,22.646984,2.675028,18.234488,22.644238,2.671901,4.370404,0,1.909597,0.005873,32713,31544,98139,0,0,0,0,1857524,0,0,0,196608,0,0,0,0,0,5972088,18.234488,30.914428,1.48909,354.106495,0,5.511714,401.642508,422.08727,0,0,0,0,1824811
l2-n32768-zipf-w1,main,2,32768,zipf,1,eas_k1_adaptive,eas,1,adaptive,11,1,ok,24e9fc685c514ba7b1b094eb80a62d51f3a6dab26410ac5f9d295aef8554d3fa,l2-n32768-zipf-w1-s11-r1-measure-eas_k1_adaptive,2123,30645,545.682379,520.503211,3890.54160754,0.257033621762,59716,59716,22.497113,2.68146,18.197351,22.49444,2.67829,4.332161,0,1.925562,0.005843,32713,31544,98139,0,0,0,0,2330618,0,0,0,196608,0,0,0,0,0,5972088,18.197351,30.737652,1.827415,450.721262,0,6.14527,500.098446,520.503211,0,0,0,0,2297905
l2-n32768-zipf-w1,main,2,32768,zipf,1,accept_id,accept_id,,greedy,11,1,ok,24e9fc685c514ba7b1b094eb80a62d51f3a6dab26410ac5f9d295aef8554d3fa,l2-n32768-zipf-w1-s11-r1-measure-accept_id,1843,30925,50.220411,26.276387,36698.2261455,0.0272492734672,50412,50412,22.557127,1.386383,18.0717,22.554492,1.383997,4.410427,0,0.877457,0.005021,0,0,0,0,0,0,0,0,0,0,0,0,0,0,0,0,0,0,18.0717,0,0,0.512395,0,0.069064,6.116133,26.276387,0,0.025459,0,38715,0
l2-n32768-zipf-w1,main,2,32768,zipf,1,accept_static_degree,accept_static_degree,,greedy,11,1,ok,24e9fc685c514ba7b1b094eb80a62d51f3a6dab26410ac5f9d295aef8554d3fa,l2-n32768-zipf-w1-s11-r1-measure-accept_static_degree,2125,30643,60.658885,35.874777,35031.9660508,0.0285453576471,50408,50408,22.922572,1.861082,18.045774,22.919826,1.858326,4.402648,0,1.265777,0.005502,0,31709,98304,0,0,0,0,0,0,0,0,0,0,0,0,0,0,446312,18.045774,0,0,1.185449,0,0.075777,15.660545,35.874777,4.728766,4.063112,32768,39814,0
l2-n32768-zipf-w1,main,2,32768,zipf,1,eas_k2_adaptive,eas,2,adaptive,11,2,ok,24e9fc685c514ba7b1b094eb80a62d51f3a6dab26410ac5f9d295aef8554d3fa,l2-n32768-zipf-w1-s11-r2-measure-eas_k2_adaptive,2120,30648,447.432946,421.934955,4738.14013687,0.211053276415,59044,59044,22.763312,2.73419,18.217912,22.76078,2.730852,4.426266,0,1.970118,0.00587,32713,31544,98139,0,0,0,0,1857524,0,0,0,196608,0,0,0,0,0,5972088,18.217912,30.769909,1.487131,354.099728,0,5.498837,401.503163,421.934955,0,0,0,0,1824811
l2-n32768-zipf-w1,main,2,32768,zipf,1,accept_id,accept_id,,greedy,11,2,ok,24e9fc685c514ba7b1b094eb80a62d51f3a6dab26410ac5f9d295aef8554d3fa,l2-n32768-zipf-w1-s11-r2-measure-accept_id,1843,30925,50.645829,26.485749,36389.9660918,0.0274801025502,50360,50360,22.624974,1.534676,18.19599,22.622665,1.53204,4.359814,0,1.005859,0.004945,0,0,0,0,0,0,0,0,0,0,0,0,0,0,0,0,0,0,18.19599,0,0,0.51107,0,0.069306,6.192223,26.485749,0,0.025876,0,38715,0
l2-n32768-zipf-w1,main,2,32768,zipf,1,eas_k1_adaptive,eas,1,adaptive,11,2,ok,24e9fc685c514ba7b1b094eb80a62d51f3a6dab26410ac5f9d295aef8554d3fa,l2-n32768-zipf-w1-s11-r2-measure-eas_k1_adaptive,2123,30645,545.778589,520.664563,3889.85578179,0.257078939708,59716,59716,22.435609,2.677912,18.148557,22.432965,2.675225,4.330179,0,1.911714,0.005331,32713,31544,98139,0,0,0,0,2330618,0,0,0,196608,0,0,0,0,0,5972088,18.148557,30.716885,1.830258,451.673202,0,5.421594,500.321946,520.664563,0,0,0,0,2297905
l2-n32768-zipf-w1,main,2,32768,zipf,1,accept_static_degree,accept_static_degree,,greedy,11,2,ok,24e9fc685c514ba7b1b094eb80a62d51f3a6dab26410ac5f9d295aef8554d3fa,l2-n32768-zipf-w1-s11-r2-measure-accept_static_degree,2125,30643,60.90272,35.681911,34891.7092701,0.0286601035294,50536,50536,22.664379,2.555904,18.102861,22.662037,2.55323,4.402927,0,1.823863,0.005016,0,31709,98304,0,0,0,0,0,0,0,0,0,0,0,0,0,0,446312,18.102861,0,0,1.180357,0,0.075347,15.426859,35.681911,4.625288,4.015091,32768,39814,0
l2-n32768-zipf-w1,main,2,32768,zipf,1,native,native,,native,11,2,ok,24e9fc685c514ba7b1b094eb80a62d51f3a6dab26410ac5f9d295aef8554d3fa,l2-n32768-zipf-w1-s11-r2-measure-native,714,32054,26.571972,0,26870.4181985,0.0372156470588,49296,49296,22.768961,3.802809,0,22.766353,3.800124,4.394354,2.013227,0.217902,0.005293,32713,0,0,0,0,0,0,0,0,0,0,0,0,0,0,0,0,0,0,0,0,0,0,0,0,0,0,0,0,0,0
l2-n32768-zipf-w1,main,2,32768,zipf,1,native,native,,native,11,3,ok,24e9fc685c514ba7b1b094eb80a62d51f3a6dab26410ac5f9d295aef8554d3fa,l2-n32768-zipf-w1-s11-r3-measure-native,714,32054,26.536346,0,26906.4927025,0.0371657507003,49216,49216,22.7235,3.812606,0,22.72089,3.810249,4.389185,2.015335,0.218133,0.004967,32713,0,0,0,0,0,0,0,0,0,0,0,0,0,0,0,0,0,0,0,0,0,0,0,0,0,0,0,0,0,0
l2-n32768-zipf-w1,main,2,32768,zipf,1,eas_k1_adaptive,eas,1,adaptive,11,3,ok,24e9fc685c514ba7b1b094eb80a62d51f3a6dab26410ac5f9d295aef8554d3fa,l2-n32768-zipf-w1-s11-r3-measure-eas_k1_adaptive,2123,30645,546.296377,520.939051,3886.16891743,0.257322834197,59716,59716,22.668257,2.688384,18.370634,22.665343,2.684599,4.390409,0,1.927366,0.006699,32713,31544,98139,0,0,0,0,2330618,0,0,0,196608,0,0,0,0,0,5972088,18.370634,30.721248,1.824569,451.509887,0,5.576295,500.336945,520.939051,0,0,0,0,2297905
l2-n32768-zipf-w1,main,2,32768,zipf,1,accept_static_degree,accept_static_degree,,greedy,11,3,ok,24e9fc685c514ba7b1b094eb80a62d51f3a6dab26410ac5f9d295aef8554d3fa,l2-n32768-zipf-w1-s11-r3-measure-accept_static_degree,2125,30643,60.581924,36.019985,35076.4693442,0.0285091407059,50472,50472,22.709873,1.851589,18.219108,22.707317,1.848557,4.361348,0,1.266587,0.005588,0,31709,98304,0,0,0,0,0,0,0,0,0,0,0,0,0,0,446312,18.219108,0,0,1.22916,0,0.076702,15.636532,36.019985,4.698855,4.046906,32768,39814,0
l2-n32768-zipf-w1,main,2,32768,zipf,1,eas_k2_adaptive,eas,2,adaptive,11,3,ok,24e9fc685c514ba7b1b094eb80a62d51f3a6dab26410ac5f9d295aef8554d3fa,l2-n32768-zipf-w1-s11-r3-measure-eas_k2_adaptive,2120,30648,445.191768,420.064012,4761.99281385,0.209996116981,58924,58924,22.461678,2.665523,18.178821,22.459231,2.661766,4.328023,0,1.904899,0.006204,32713,31544,98139,0,0,0,0,1857524,0,0,0,196608,0,0,0,0,0,5972088,18.178821,30.620302,1.476354,352.615904,0,5.415886,399.671685,420.064012,0,0,0,0,1824811
l2-n32768-zipf-w1,main,2,32768,zipf,1,accept_id,accept_id,,greedy,11,3,ok,24e9fc685c514ba7b1b094eb80a62d51f3a6dab26410ac5f9d295aef8554d3fa,l2-n32768-zipf-w1-s11-r3-measure-accept_id,1843,30925,50.433899,26.36845,36542.8816043,0.0273651106891,50316,50316,22.581324,1.483794,18.118147,22.578508,1.481395,4.349341,0,0.97088,0.005215,0,0,0,0,0,0,0,0,0,0,0,0,0,0,0,0,0,0,18.118147,0,0,0.518038,0,0.068573,6.148813,26.36845,0,0.025947,0,38715,0
l2-n32768-zipf-w1,main,2,32768,zipf,1,accept_static_degree,accept_static_degree,,greedy,29,1,ok,0b72ad3bf619fbf3fe64963d691464a37ba5a66ef23e0e1d35b2248e4b69b9f4,l2-n32768-zipf-w1-s29-r1-measure-accept_static_degree,2127,30641,60.405776,35.768321,35211.8645078,0.0283995185708,50260,50260,22.811444,1.825566,18.084312,22.808987,1.82268,4.399428,0,1.222462,0.005343,0,31669,98304,0,0,0,0,0,0,0,0,0,0,0,0,0,0,445096,18.084312,0,0,1.159467,0,0.07539,15.520961,35.768321,4.596212,4.055492,32768,39733,0
l2-n32768-zipf-w1,main,2,32768,zipf,1,eas_k2_adaptive,eas,2,adaptive,29,1,ok,0b72ad3bf619fbf3fe64963d691464a37ba5a66ef23e0e1d35b2248e4b69b9f4,l2-n32768-zipf-w1-s29-r1-measure-eas_k2_adaptive,2116,30652,468.167241,442.642583,4519.75237627,0.221251059074,58856,58856,22.725167,2.798738,18.093041,22.722341,2.795288,4.391495,0,2.012922,0.006276,32724,31537,98172,0,0,0,0,1954276,0,0,0,196608,0,0,0,0,0,5977232,18.093041,30.785614,1.488162,375.011975,0,5.526089,422.270472,442.642583,0,0,0,0,1921552
l2-n32768-zipf-w1,main,2,32768,zipf,1,native,native,,native,29,1,ok,0b72ad3bf619fbf3fe64963d691464a37ba5a66ef23e0e1d35b2248e4b69b9f4,l2-n32768-zipf-w1-s29-r1-measure-native,701,32067,26.581002,0,26372.2187749,0.0379186904422,49396,49396,22.746061,3.834692,0,22.743337,3.832339,4.413607,2.031277,0.214243,0.005077,32724,0,0,0,0,0,0,0,0,0,0,0,0,0,0,0,0,0,0,0,0,0,0,0,0,0,0,0,0,0,0
l2-n32768-zipf-w1,main,2,32768,zipf,1,eas_k1_adaptive,eas,1,adaptive,29,1,ok,0b72ad3bf619fbf3fe64963d691464a37ba5a66ef23e0e1d35b2248e4b69b9f4,l2-n32768-zipf-w1-s29-r1-measure-eas_k1_adaptive,2119,30649,575.125072,549.779813,3684.41596996,0.271413436527,59676,59676,22.6522,2.692626,18.16452,22.649657,2.688834,4.336699,0,1.926882,0.006335,32724,31537,98172,0,0,0,0,2461422,0,0,0,196608,0,0,0,0,0,5977232,18.16452,31.122846,1.883154,480.002195,0,5.623635,529.378839,549.779813,0,0,0,0,2428698
l2-n32768-zipf-w1,main,2,32768,zipf,1,accept_id,accept_id,,greedy,29,1,ok,0b72ad3bf619fbf3fe64963d691464a37ba5a66ef23e0e1d35b2248e4b69b9f4,l2-n32768-zipf-w1-s29-r1-measure-accept_id,1821,30947,50.423458,26.132348,36114.1435401,0.0276899824272,50488,50488,22.734044,1.556747,17.982831,22.731486,1.55414,4.402928,0,1.020836,0.005165,0,0,0,0,0,0,0,0,0,0,0,0,0,0,0,0,0,0,17.982831,0,0,0.514907,0,0.068613,6.060936,26.132348,0,0.025773,0,38634,0
l2-n32768-zipf-w1,main,2,32768,zipf,1,accept_id,accept_id,,greedy,29,2,ok,0b72ad3bf619fbf3fe64963d691464a37ba5a66ef23e0e1d35b2248e4b69b9f4,l2-n32768-zipf-w1-s29-r2-measure-accept_id,1821,30947,50.558914,26.341418,36017.387557,0.0277643679297,50376,50376,22.786543,1.430656,18.126975,22.783764,1.427593,4.417487,0,0.917427,0.005842,0,0,0,0,0,0,0,0,0,0,0,0,0,0,0,0,0,0,18.126975,0,0,0.508604,0,0.067501,6.116888,26.341418,0,0.026024,0,38634,0
l2-n32768-zipf-w1,main,2,32768,zipf,1,eas_k1_adaptive,eas,1,adaptive,29,2,ok,0b72ad3bf619fbf3fe64963d691464a37ba5a66ef23e0e1d35b2248e4b69b9f4,l2-n32768-zipf-w1-s29-r2-measure-eas_k1_adaptive,2119,30649,573.852388,548.394806,3692.58723029,0.27081283058,59724,59724,22.747462,2.709526,18.219338,22.744957,2.70597,4.393705,0,1.938518,0.006061,32724,31537,98172,0,0,0,0,2461422,0,0,0,196608,0,0,0,0,0,5977232,18.219338,31.01644,1.84557,478.838517,0,5.557632,527.9609,548.394806,0,0,0,0,2428698
l2-n32768-zipf-w1,main,2,32768,zipf,1,accept_static_degree,accept_static_degree,,greedy,29,2,ok,0b72ad3bf619fbf3fe64963d691464a37ba5a66ef23e0e1d35b2248e4b69b9f4,l2-n32768-zipf-w1-s29-r2-measure-accept_static_degree,2127,30641,61.042894,35.964262,34844.3505971,0.0286990568876,50236,50236,22.74408,2.334213,18.221482,22.741299,2.331257,4.384221,0,1.654624,0.005737,0,31669,98304,0,0,0,0,0,0,0,0,0,0,0,0,0,0,445096,18.221482,0,0,1.164956,0,0.074755,15.571365,35.964262,4.600975,4.071826,32768,39733,0
l2-n32768-zipf-w1,main,2,32768,zipf,1,native,native,,native,29,2,ok,0b72ad3bf619fbf3fe64963d691464a37ba5a66ef23e0e1d35b2248e4b69b9f4,l2-n32768-zipf-w1-s29-r2-measure-native,701,32067,26.448397,0,26504.4418382,0.0377295249643,49244,49244,22.648754,3.799389,0,22.645675,3.797953,4.367188,2.00535,0.211111,0.004515,32724,0,0,0,0,0,0,0,0,0,0,0,0,0,0,0,0,0,0,0,0,0,0,0,0,0,0,0,0,0,0
l2-n32768-zipf-w1,main,2,32768,zipf,1,eas_k2_adaptive,eas,2,adaptive,29,2,ok,0b72ad3bf619fbf3fe64963d691464a37ba5a66ef23e0e1d35b2248e4b69b9f4,l2-n32768-zipf-w1-s29-r2-measure-eas_k2_adaptive,2116,30652,468.831824,443.450938,4513.34549337,0.221565134216,58912,58912,22.672793,2.707537,18.205935,22.670029,2.704348,4.403054,0,1.937446,0.005953,32724,31537,98172,0,0,0,0,1954276,0,0,0,196608,0,0,0,0,0,5977232,18.205935,31.049833,1.511635,375.3527,0,5.587577,423.022252,443.450938,0,0,0,0,1921552
l2-n32768-zipf-w1,main,2,32768,zipf,1,accept_static_degree,accept_static_degree,,greedy,29,3,ok,0b72ad3bf619fbf3fe64963d691464a37ba5a66ef23e0e1d35b2248e4b69b9f4,l2-n32768-zipf-w1-s29-r3-measure-accept_static_degree,2127,30641,60.601322,35.975083,35098.2442264,0.0284914536906,50204,50204,22.714863,1.910881,18.250041,22.711963,1.907923,4.403178,0,1.315431,0.005858,0,31669,98304,0,0,0,0,0,0,0,0,0,0,0,0,0,0,445096,18.250041,0,0,1.212852,0,0.076825,15.57764,35.975083,4.633303,4.066476,32768,39733,0
l2-n32768-zipf-w1,main,2,32768,zipf,1,eas_k2_adaptive,eas,2,adaptive,29,3,ok,0b72ad3bf619fbf3fe64963d691464a37ba5a66ef23e0e1d35b2248e4b69b9f4,l2-n32768-zipf-w1-s29-r3-measure-eas_k2_adaptive,2116,30652,466.917073,441.673714,4531.85398941,0.220660242439,58932,58932,22.581639,2.661066,18.104676,22.578994,2.657991,4.334495,0,1.902637,0.00572,32724,31537,98172,0,0,0,0,1954276,0,0,0,196608,0,0,0,0,0,5977232,18.104676,30.801321,1.471409,374.046678,0,5.513417,421.333038,441.673714,0,0,0,0,1921552
l2-n32768-zipf-w1,main,2,32768,zipf,1,accept_id,accept_id,,greedy,29,3,ok,0b72ad3bf619fbf3fe64963d691464a37ba5a66ef23e0e1d35b2248e4b69b9f4,l2-n32768-zipf-w1-s29-r3-measure-accept_id,1821,30947,50.473143,26.428021,36078.5933224,0.0277172668863,50296,50296,22.61476,1.429772,18.230217,22.61153,1.42728,4.368425,0,0.923479,0.005722,0,0,0,0,0,0,0,0,0,0,0,0,0,0,0,0,0,0,18.230217,0,0,0.514904,0,0.068554,6.097265,26.428021,0,0.02629,0,38634,0
l2-n32768-zipf-w1,main,2,32768,zipf,1,native,native,,native,29,3,ok,0b72ad3bf619fbf3fe64963d691464a37ba5a66ef23e0e1d35b2248e4b69b9f4,l2-n32768-zipf-w1-s29-r3-measure-native,701,32067,26.813722,0,26143.3306424,0.0382506733238,49292,49292,22.970073,3.843324,0,22.967437,3.841699,4.413254,2.037921,0.219535,0.004261,32724,0,0,0,0,0,0,0,0,0,0,0,0,0,0,0,0,0,0,0,0,0,0,0,0,0,0,0,0,0,0
l2-n32768-zipf-w1,main,2,32768,zipf,1,eas_k1_adaptive,eas,1,adaptive,29,3,ok,0b72ad3bf619fbf3fe64963d691464a37ba5a66ef23e0e1d35b2248e4b69b9f4,l2-n32768-zipf-w1-s29-r3-measure-eas_k1_adaptive,2119,30649,574.45756,549.276036,3688.69721203,0.271098423785,59656,59656,22.507455,2.673476,18.241877,22.505211,2.670226,4.337479,0,1.912898,0.005494,32724,31537,98172,0,0,0,0,2461422,0,0,0,196608,0,0,0,0,0,5977232,18.241877,31.028668,1.861495,479.615919,0,5.629734,528.817448,549.276036,0,0,0,0,2428698
l2-n32768-zipf-w1,main,2,32768,zipf,1,accept_id,accept_id,,greedy,47,1,ok,122a6570bf6e67f7f74db34b37e2549daf287845aceba214fb4d5aeb7dff98b3,l2-n32768-zipf-w1-s47-r1-measure-accept_id,1795,30973,50.342053,26.401125,35656.0746539,0.0280457119777,50196,50196,22.463324,1.477123,18.129769,22.460633,1.474507,4.329516,0,0.952324,0.005307,0,0,0,0,0,0,0,0,0,0,0,0,0,0,0,0,0,0,18.129769,0,0,0.513955,0,0.068122,6.168237,26.401125,0,0.025767,0,38570,0
l2-n32768-zipf-w1,main,2,32768,zipf,1,eas_k1_adaptive,eas,1,adaptive,47,1,ok,122a6570bf6e67f7f74db34b37e2549daf287845aceba214fb4d5aeb7dff98b3,l2-n32768-zipf-w1-s47-r1-measure-eas_k1_adaptive,2087,30681,587.778839,562.404538,3550.65521506,0.281638159559,59704,59704,22.721893,2.651781,19.506141,22.719072,2.648525,4.405773,0,1.896638,0.006077,32716,31364,98148,0,0,0,0,2517032,0,0,0,196608,0,0,0,0,0,5985032,19.506141,30.76859,1.890888,491.8598,0,5.494061,540.682961,562.404538,0,0,0,0,2484316
l2-n32768-zipf-w1,main,2,32768,zipf,1,eas_k2_adaptive,eas,2,adaptive,47,1,ok,122a6570bf6e67f7f74db34b37e2549daf287845aceba214fb4d5aeb7dff98b3,l2-n32768-zipf-w1-s47-r1-measure-eas_k2_adaptive,2084,30684,478.052043,452.537487,4359.35800404,0.229391575336,58748,58748,22.851323,2.662545,18.169703,22.848618,2.658973,4.408865,0,1.908583,0.006277,32716,31364,98148,0,0,0,0,1998045,0,0,0,196608,0,0,0,0,0,5985032,18.169703,30.714318,1.475529,385.263899,0,5.360671,432.170621,452.537487,0,0,0,0,1965329
l2-n32768-zipf-w1,main,2,32768,zipf,1,accept_static_degree,accept_static_degree,,greedy,47,1,ok,122a6570bf6e67f7f74db34b37e2549daf287845aceba214fb4d5aeb7dff98b3,l2-n32768-zipf-w1-s47-r1-measure-accept_static_degree,2094,30674,59.879011,35.666545,34970.5174656,0.0285955162369,50240,50240,22.388341,1.824002,18.139536,22.38554,1.821376,4.301317,0,1.232178,0.005427,0,31520,98304,0,0,0,0,0,0,0,0,0,0,0,0,0,0,443264,18.139536,0,0,1.153743,0,0.0746,15.369046,35.666545,4.542477,4.11752,32768,39679,0
l2-n32768-zipf-w1,main,2,32768,zipf,1,native,native,,native,47,1,ok,122a6570bf6e67f7f74db34b37e2549daf287845aceba214fb4d5aeb7dff98b3,l2-n32768-zipf-w1-s47-r1-measure-native,697,32071,26.18424,0,26619.0655142,0.0375670588235,49244,49244,22.442541,3.741386,0,22.440044,3.739578,4.333474,1.980511,0.202209,0.004305,32716,0,0,0,0,0,0,0,0,0,0,0,0,0,0,0,0,0,0,0,0,0,0,0,0,0,0,0,0,0,0
l2-n32768-zipf-w1,main,2,32768,zipf,1,eas_k2_adaptive,eas,2,adaptive,47,2,ok,122a6570bf6e67f7f74db34b37e2549daf287845aceba214fb4d5aeb7dff98b3,l2-n32768-zipf-w1-s47-r2-measure-eas_k2_adaptive,2084,30684,477.305049,452.14326,4366.18050525,0.229033132917,58928,58928,22.510833,2.650423,18.098348,22.507934,2.647252,4.34448,0,1.89488,0.00607,32716,31364,98148,0,0,0,0,1998045,0,0,0,196608,0,0,0,0,0,5985032,18.098348,30.772631,1.463749,384.833344,0,5.395628,431.85378,452.14326,0,0,0,0,1965329
l2-n32768-zipf-w1,main,2,32768,zipf,1,accept_id,accept_id,,greedy,47,2,ok,122a6570bf6e67f7f74db34b37e2549daf287845aceba214fb4d5aeb7dff98b3,l2-n32768-zipf-w1-s47-r2-measure-accept_id,1795,30973,50.748112,26.379063,35370.7739906,0.0282719286908,50132,50132,22.92371,1.444761,18.043128,22.921273,1.441792,4.424149,0,0.934366,0.005406,0,0,0,0,0,0,0,0,0,0,0,0,0,0,0,0,0,0,18.043128,0,0,0.521443,0,0.067694,6.220267,26.379063,0,0.026175,0,38570,0
l2-n32768-zipf-w1,main,2,32768,zipf,1,accept_static_degree,accept_static_degree,,greedy,47,2,ok,122a6570bf6e67f7f74db34b37e2549daf287845aceba214fb4d5aeb7dff98b3,l2-n32768-zipf-w1-s47-r2-measure-accept_static_degree,2094,30674,60.184321,35.624763,34793.1149709,0.0287413185291,50380,50380,22.693493,1.865593,18.021266,22.691125,1.862584,4.392037,0,1.245444,0.005377,0,31520,98304,0,0,0,0,0,0,0,0,0,0,0,0,0,0,443264,18.021266,0,0,1.139762,0,0.073441,15.419967,35.624763,4.5707,4.111321,32768,39679,0
l2-n32768-zipf-w1,main,2,32768,zipf,1,native,native,,native,47,2,ok,122a6570bf6e67f7f74db34b37e2549daf287845aceba214fb4d5aeb7dff98b3,l2-n32768-zipf-w1-s47-r2-measure-native,697,32071,26.847099,0,25961.836696,0.0385180760402,49292,49292,22.820231,4.02655,0,22.817406,4.024403,4.453671,2.183398,0.226378,0.004972,32716,0,0,0,0,0,0,0,0,0,0,0,0,0,0,0,0,0,0,0,0,0,0,0,0,0,0,0,0,0,0
l2-n32768-zipf-w1,main,2,32768,zipf,1,eas_k1_adaptive,eas,1,adaptive,47,2,ok,122a6570bf6e67f7f74db34b37e2549daf287845aceba214fb4d5aeb7dff98b3,l2-n32768-zipf-w1-s47-r2-measure-eas_k1_adaptive,2087,30681,587.402431,562.281293,3552.93047808,0.28145780115,59720,59720,22.476366,2.64444,18.315129,22.474135,2.641431,4.3261,0,1.883677,0.00524,32716,31364,98148,0,0,0,0,2517032,0,0,0,196608,0,0,0,0,0,5985032,18.315129,31.044277,1.864949,492.57407,0,5.578932,541.756738,562.281293,0,0,0,0,2484316
l2-n32768-zipf-w1,main,2,32768,zipf,1,accept_id,accept_id,,greedy,47,3,ok,122a6570bf6e67f7f74db34b37e2549daf287845aceba214fb4d5aeb7dff98b3,l2-n32768-zipf-w1-s47-r3-measure-accept_id,1795,30973,50.147256,26.41766,35794.5806646,0.0279371899721,50320,50320,22.35693,1.372081,18.133325,22.354488,1.370141,4.303827,0,0.88199,0.004382,0,0,0,0,0,0,0,0,0,0,0,0,0,0,0,0,0,0,18.133325,0,0,0.509662,0,0.068292,6.181303,26.41766,0,0.025936,0,38570,0
l2-n32768-zipf-w1,main,2,32768,zipf,1,native,native,,native,47,3,ok,122a6570bf6e67f7f74db34b37e2549daf287845aceba214fb4d5aeb7dff98b3,l2-n32768-zipf-w1-s47-r3-measure-native,697,32071,26.523067,0,26279.012152,0.0380531807747,49296,49296,22.715183,3.807642,0,22.71269,3.805319,4.392005,2.00735,0.212374,0.004816,32716,0,0,0,0,0,0,0,0,0,0,0,0,0,0,0,0,0,0,0,0,0,0,0,0,0,0,0,0,0,0
l2-n32768-zipf-w1,main,2,32768,zipf,1,eas_k2_adaptive,eas,2,adaptive,47,3,ok,122a6570bf6e67f7f74db34b37e2549daf287845aceba214fb4d5aeb7dff98b3,l2-n32768-zipf-w1-s47-r3-measure-eas_k2_adaptive,2084,30684,476.918497,451.517272,4369.71938205,0.228847647313,58916,58916,22.733575,2.667354,18.133203,22.730913,2.664532,4.421786,0,1.90891,0.005484,32716,31364,98148,0,0,0,0,1998045,0,0,0,196608,0,0,0,0,0,5985032,18.133203,30.6449,1.447624,384.370912,0,5.286277,431.189716,451.517272,0,0,0,0,1965329
l2-n32768-zipf-w1,main,2,32768,zipf,1,eas_k1_adaptive,eas,1,adaptive,47,3,ok,122a6570bf6e67f7f74db34b37e2549daf287845aceba214fb4d5aeb7dff98b3,l2-n32768-zipf-w1-s47-r3-measure-eas_k1_adaptive,2087,30681,586.333361,561.221009,3559.40858702,0.280945549114,59592,59592,22.445984,2.665979,18.145074,22.443195,2.662424,4.325157,0,1.904016,0.006344,32716,31364,98148,0,0,0,0,2517032,0,0,0,196608,0,0,0,0,0,5985032,18.145074,30.844362,1.83434,492.091238,0,5.49339,540.876344,561.221009,0,0,0,0,2484316
l2-n32768-zipf-w1,main,2,32768,zipf,1,accept_static_degree,accept_static_degree,,greedy,47,3,ok,122a6570bf6e67f7f74db34b37e2549daf287845aceba214fb4d5aeb7dff98b3,l2-n32768-zipf-w1-s47-r3-measure-accept_static_degree,2094,30674,60.100227,35.822738,34841.7985177,0.0287011590258,50236,50236,22.401757,1.875219,18.192739,22.399336,1.872608,4.319212,0,1.28578,0.005032,0,31520,98304,0,0,0,0,0,0,0,0,0,0,0,0,0,0,443264,18.192739,0,0,1.18721,0,0.07503,15.477237,35.822738,4.603757,4.082608,32768,39679,0
l2-n32768-zipf-w1,main,2,32768,zipf,1,native,native,,native,71,1,ok,8fbdcf0e299e0cb06fe79cf2a37414c05e7a81c3d9c5bc2c3f133134c1fba267,l2-n32768-zipf-w1-s71-r1-measure-native,712,32056,26.328343,0,27043.0995221,0.0369780098315,49320,49320,22.508115,3.820134,0,22.505237,3.818389,4.400007,2.018678,0.207846,0.004623,32730,0,0,0,0,0,0,0,0,0,0,0,0,0,0,0,0,0,0,0,0,0,0,0,0,0,0,0,0,0,0
l2-n32768-zipf-w1,main,2,32768,zipf,1,eas_k1_adaptive,eas,1,adaptive,71,1,ok,8fbdcf0e299e0cb06fe79cf2a37414c05e7a81c3d9c5bc2c3f133134c1fba267,l2-n32768-zipf-w1-s71-r1-measure-eas_k1_adaptive,2114,30654,579.488563,554.436168,3648.04438772,0.274119471618,59996,59996,22.395112,2.656803,18.22126,22.392664,2.653466,4.34036,0,1.899663,0.005785,32730,31608,98190,0,0,0,0,2478500,0,0,0,196608,0,0,0,0,0,5983192,18.22126,30.955296,1.832317,485.060312,0,5.598013,534.006044,554.436168,0,0,0,0,2445770
l2-n32768-zipf-w1,main,2,32768,zipf,1,eas_k2_adaptive,eas,2,adaptive,71,1,ok,8fbdcf0e299e0cb06fe79cf2a37414c05e7a81c3d9c5bc2c3f133134c1fba267,l2-n32768-zipf-w1-s71-r1-measure-eas_k2_adaptive,2110,30658,473.093727,447.80042,4460.0041801,0.224215036493,58948,58948,22.61803,2.674735,18.040039,22.615518,2.672054,4.368071,0,1.920314,0.005193,32730,31608,98190,0,0,0,0,1974083,0,0,0,196608,0,0,0,0,0,5983192,18.040039,30.693392,1.483974,380.610898,0,5.415093,427.571595,447.80042,0,0,0,0,1941353
l2-n32768-zipf-w1,main,2,32768,zipf,1,accept_id,accept_id,,greedy,71,1,ok,8fbdcf0e299e0cb06fe79cf2a37414c05e7a81c3d9c5bc2c3f133134c1fba267,l2-n32768-zipf-w1-s71-r1-measure-accept_id,1846,30922,50.61616,26.262129,36470.565922,0.0274193716143,50372,50372,22.835432,1.518242,18.01819,22.832861,1.514965,4.413829,0,1.003627,0.005848,0,0,0,0,0,0,0,0,0,0,0,0,0,0,0,0,0,0,18.01819,0,0,0.514011,0,0.06912,6.125398,26.262129,0,0.025977,0,38756,0
l2-n32768-zipf-w1,main,2,32768,zipf,1,accept_static_degree,accept_static_degree,,greedy,71,1,ok,8fbdcf0e299e0cb06fe79cf2a37414c05e7a81c3d9c5bc2c3f133134c1fba267,l2-n32768-zipf-w1-s71-r1-measure-accept_static_degree,2123,30645,61.126831,35.886622,34731.06597,0.0287926665097,50136,50136,22.755079,2.484833,18.231161,22.752595,2.481986,4.430847,0,1.751942,0.005331,0,31722,98304,0,0,0,0,0,0,0,0,0,0,0,0,0,0,446568,18.231161,0,0,1.198281,0,0.076995,15.502064,35.886622,4.601792,4.113418,32768,39796,0
l2-n32768-zipf-w1,main,2,32768,zipf,1,eas_k1_adaptive,eas,1,adaptive,71,2,ok,8fbdcf0e299e0cb06fe79cf2a37414c05e7a81c3d9c5bc2c3f133134c1fba267,l2-n32768-zipf-w1-s71-r2-measure-eas_k1_adaptive,2114,30654,581.879015,556.5176,3633.05763828,0.275250243614,59916,59916,22.686644,2.674175,18.190903,22.68379,2.6706,4.371679,0,1.919282,0.006429,32730,31608,98190,0,0,0,0,2478500,0,0,0,196608,0,0,0,0,0,5983192,18.190903,31.220816,1.860471,485.709378,0,5.64392,536.120943,556.5176,0,0,0,0,2445770
l2-n32768-zipf-w1,main,2,32768,zipf,1,native,native,,native,71,2,ok,8fbdcf0e299e0cb06fe79cf2a37414c05e7a81c3d9c5bc2c3f133134c1fba267,l2-n32768-zipf-w1-s71-r2-measure-native,712,32056,26.435099,0,26933.8881613,0.0371279480337,49244,49244,22.601985,3.832889,0,22.599261,3.831042,4.385775,2.025184,0.207929,0.004571,32730,0,0,0,0,0,0,0,0,0,0,0,0,0,0,0,0,0,0,0,0,0,0,0,0,0,0,0,0,0,0
l2-n32768-zipf-w1,main,2,32768,zipf,1,eas_k2_adaptive,eas,2,adaptive,71,2,ok,8fbdcf0e299e0cb06fe79cf2a37414c05e7a81c3d9c5bc2c3f133134c1fba267,l2-n32768-zipf-w1-s71-r2-measure-eas_k2_adaptive,2110,30658,474.615233,449.315247,4445.70644449,0.224936129384,58924,58924,22.641591,2.657815,18.158164,22.638637,2.655003,4.366342,0,1.901454,0.005766,32730,31608,98190,0,0,0,0,1974083,0,0,0,196608,0,0,0,0,0,5983192,18.158164,31.105744,1.493071,381.259687,0,5.560506,428.941788,449.315247,0,0,0,0,1941353
l2-n32768-zipf-w1,main,2,32768,zipf,1,accept_static_degree,accept_static_degree,,greedy,71,2,ok,8fbdcf0e299e0cb06fe79cf2a37414c05e7a81c3d9c5bc2c3f133134c1fba267,l2-n32768-zipf-w1-s71-r2-measure-accept_static_degree,2123,30645,61.347605,35.832129,34606.077939,0.0288966580311,50208,50208,22.949517,2.565448,18.025409,22.946973,2.562333,4.400911,0,1.823739,0.005659,0,31722,98304,0,0,0,0,0,0,0,0,0,0,0,0,0,0,446568,18.025409,0,0,1.197177,0,0.077224,15.613245,35.832129,4.663762,4.050475,32768,39796,0
l2-n32768-zipf-w1,main,2,32768,zipf,1,accept_id,accept_id,,greedy,71,2,ok,8fbdcf0e299e0cb06fe79cf2a37414c05e7a81c3d9c5bc2c3f133134c1fba267,l2-n32768-zipf-w1-s71-r2-measure-accept_id,1846,30922,50.413866,26.261834,36616.9101175,0.0273097865655,50360,50360,22.7287,1.422852,18.02593,22.72642,1.419347,4.402001,0,0.904325,0.005785,0,0,0,0,0,0,0,0,0,0,0,0,0,0,0,0,0,0,18.02593,0,0,0.513158,0,0.068554,6.11613,26.261834,0,0.026168,0,38756,0
l2-n32768-zipf-w1,main,2,32768,zipf,1,eas_k2_adaptive,eas,2,adaptive,71,3,ok,8fbdcf0e299e0cb06fe79cf2a37414c05e7a81c3d9c5bc2c3f133134c1fba267,l2-n32768-zipf-w1-s71-r3-measure-eas_k2_adaptive,2110,30658,475.340327,450.055556,4438.92487161,0.225279775829,58908,58908,22.623292,2.660984,18.313004,22.620396,2.658278,4.368677,0,1.902764,0.005602,32730,31608,98190,0,0,0,0,1974083,0,0,0,196608,0,0,0,0,0,5983192,18.313004,31.139023,1.507525,381.835832,0,5.536657,429.50992,450.055556,0,0,0,0,1941353
l2-n32768-zipf-w1,main,2,32768,zipf,1,eas_k1_adaptive,eas,1,adaptive,71,3,ok,8fbdcf0e299e0cb06fe79cf2a37414c05e7a81c3d9c5bc2c3f133134c1fba267,l2-n32768-zipf-w1-s71-r3-measure-eas_k1_adaptive,2114,30654,579.096201,553.888221,3650.51609102,0.273933869915,59900,59900,22.542614,2.664914,18.115992,22.540043,2.661221,4.316234,0,1.907334,0.006264,32730,31608,98190,0,0,0,0,2478500,0,0,0,196608,0,0,0,0,0,5983192,18.115992,30.924544,1.838771,484.794182,0,5.525337,533.582987,553.888221,0,0,0,0,2445770
l2-n32768-zipf-w1,main,2,32768,zipf,1,native,native,,native,71,3,ok,8fbdcf0e299e0cb06fe79cf2a37414c05e7a81c3d9c5bc2c3f133134c1fba267,l2-n32768-zipf-w1-s71-r3-measure-native,712,32056,26.561195,0,26806.0228465,0.0373050491573,49244,49244,22.750822,3.810121,0,22.748262,3.807749,4.36278,2.015217,0.216247,0.004932,32730,0,0,0,0,0,0,0,0,0,0,0,0,0,0,0,0,0,0,0,0,0,0,0,0,0,0,0,0,0,0
l2-n32768-zipf-w1,main,2,32768,zipf,1,accept_id,accept_id,,greedy,71,3,ok,8fbdcf0e299e0cb06fe79cf2a37414c05e7a81c3d9c5bc2c3f133134c1fba267,l2-n32768-zipf-w1-s71-r3-measure-accept_id,1846,30922,50.549328,26.325377,36518.7841864,0.0273831679307,50368,50368,22.715894,1.507565,18.141966,22.713047,1.50476,4.384083,0,0.983141,0.005652,0,0,0,0,0,0,0,0,0,0,0,0,0,0,0,0,0,0,18.141966,0,0,0.515671,0,0.069342,6.088359,26.325377,0,0.026248,0,38756,0
l2-n32768-zipf-w1,main,2,32768,zipf,1,accept_static_degree,accept_static_degree,,greedy,71,3,ok,8fbdcf0e299e0cb06fe79cf2a37414c05e7a81c3d9c5bc2c3f133134c1fba267,l2-n32768-zipf-w1-s71-r3-measure-accept_static_degree,2123,30645,61.144577,36.0482,34720.9859674,0.0288010254357,50380,50380,22.645673,2.449954,18.250244,22.642598,2.446695,4.365166,0,1.740645,0.006334,0,31722,98304,0,0,0,0,0,0,0,0,0,0,0,0,0,0,446568,18.250244,0,0,1.231704,0,0.075603,15.649217,36.0482,4.687632,4.101251,32768,39796,0
l2-n32768-zipf-w1,main,2,32768,zipf,1,accept_id,accept_id,,greedy,101,1,ok,b483a6996608e8a4a7d91a0d598c35001c6f5d21e8348c80aa7419ef4dad580c,l2-n32768-zipf-w1-s101-r1-measure-accept_id,1829,30939,50.380444,26.411941,36303.7689783,0.0275453493712,50360,50360,22.567833,1.400334,18.222302,22.565544,1.397297,4.354638,0,0.891412,0.005326,0,0,0,0,0,0,0,0,0,0,0,0,0,0,0,0,0,0,18.222302,0,0,0.510543,0,0.069304,6.075323,26.411941,0,0.025975,0,38671,0
l2-n32768-zipf-w1,main,2,32768,zipf,1,eas_k1_adaptive,eas,1,adaptive,101,1,ok,b483a6996608e8a4a7d91a0d598c35001c6f5d21e8348c80aa7419ef4dad580c,l2-n32768-zipf-w1-s101-r1-measure-eas_k1_adaptive,2123,30645,568.334499,543.128675,3735.47620941,0.267703485163,60012,60012,22.556359,2.649171,18.298844,22.5537,2.645363,4.360977,0,1.890651,0.006467,32708,31627,98124,0,0,0,0,2412126,0,0,0,196608,0,0,0,0,0,5979408,18.298844,30.713935,1.835117,474.046073,0,5.516533,522.620867,543.128675,0,0,0,0,2379418
l2-n32768-zipf-w1,main,2,32768,zipf,1,native,native,,native,101,1,ok,b483a6996608e8a4a7d91a0d598c35001c6f5d21e8348c80aa7419ef4dad580c,l2-n32768-zipf-w1-s101-r1-measure-native,711,32057,26.602542,0,26726.7691937,0.0374156708861,49296,49296,22.743653,3.858654,0,22.741121,3.85537,4.421492,2.065611,0.206209,0.005816,32708,0,0,0,0,0,0,0,0,0,0,0,0,0,0,0,0,0,0,0,0,0,0,0,0,0,0,0,0,0,0
l2-n32768-zipf-w1,main,2,32768,zipf,1,accept_static_degree,accept_static_degree,,greedy,101,1,ok,b483a6996608e8a4a7d91a0d598c35001c6f5d21e8348c80aa7419ef4dad580c,l2-n32768-zipf-w1-s101-r1-measure-accept_static_degree,2135,30633,60.128079,35.796256,35507.5371691,0.0281630346604,50404,50404,22.526194,1.805134,18.05486,22.523891,1.8017,4.340113,0,1.210352,0.005737,0,31807,98304,0,0,0,0,0,0,0,0,0,0,0,0,0,0,447440,18.05486,0,0,1.19287,0,0.076245,15.613263,35.796256,4.658085,4.109516,32768,39825,0
l2-n32768-zipf-w1,main,2,32768,zipf,1,eas_k2_adaptive,eas,2,adaptive,101,1,ok,b483a6996608e8a4a7d91a0d598c35001c6f5d21e8348c80aa7419ef4dad580c,l2-n32768-zipf-w1-s101-r1-measure-eas_k2_adaptive,2120,30648,465.348501,439.99003,4555.72543039,0.219504009906,58944,58944,22.685313,2.672871,18.187181,22.682678,2.669398,4.403699,0,1.910435,0.006108,32708,31627,98124,0,0,0,0,1925860,0,0,0,196608,0,0,0,0,0,5979408,18.187181,30.581597,1.489893,372.842562,0,5.432484,419.627345,439.99003,0,0,0,0,1893152
l2-n32768-zipf-w1,main,2,32768,zipf,1,eas_k2_adaptive,eas,2,adaptive,101,2,ok,b483a6996608e8a4a7d91a0d598c35001c6f5d21e8348c80aa7419ef4dad580c,l2-n32768-zipf-w1-s101-r2-measure-eas_k2_adaptive,2120,30648,465.243953,440.043863,4556.74917714,0.219454694811,58908,58908,22.537357,2.662153,18.241906,22.533861,2.658422,4.348199,0,1.904461,0.007227,32708,31627,98124,0,0,0,0,1925860,0,0,0,196608,0,0,0,0,0,5979408,18.241906,30.922609,1.499734,372.166992,0,5.606927,419.610071,440.043863,0,0,0,0,1893152
l2-n32768-zipf-w1,main,2,32768,zipf,1,eas_k1_adaptive,eas,1,adaptive,101,2,ok,b483a6996608e8a4a7d91a0d598c35001c6f5d21e8348c80aa7419ef4dad580c,l2-n32768-zipf-w1-s101-r2-measure-eas_k1_adaptive,2123,30645,566.419073,541.058405,3748.10824917,0.266801259067,59980,59980,22.684508,2.675783,18.08833,22.681462,2.672481,4.413763,0,1.91226,0.006348,32708,31627,98124,0,0,0,0,2412126,0,0,0,196608,0,0,0,0,0,5979408,18.08833,30.601879,1.826696,472.416923,0,5.593491,520.787068,541.058405,0,0,0,0,2379418
l2-n32768-zipf-w1,main,2,32768,zipf,1,accept_id,accept_id,,greedy,101,2,ok,b483a6996608e8a4a7d91a0d598c35001c6f5d21e8348c80aa7419ef4dad580c,l2-n32768-zipf-w1-s101-r2-measure-accept_id,1829,30939,50.592401,26.403217,36151.6742406,0.0276612361946,50368,50368,22.791995,1.396832,18.212617,22.789212,1.393981,4.39131,0,0.886808,0.005634,0,0,0,0,0,0,0,0,0,0,0,0,0,0,0,0,0,0,18.212617,0,0,0.514502,0,0.068864,6.082325,26.403217,0,0.026703,0,38671,0
l2-n32768-zipf-w1,main,2,32768,zipf,1,native,native,,native,101,2,ok,b483a6996608e8a4a7d91a0d598c35001c6f5d21e8348c80aa7419ef4dad580c,l2-n32768-zipf-w1-s101-r2-measure-native,711,32057,26.686272,0,26642.912131,0.0375334345992,49116,49116,22.873135,3.812874,0,22.870459,3.810786,4.42858,2.025793,0.213913,0.004764,32708,0,0,0,0,0,0,0,0,0,0,0,0,0,0,0,0,0,0,0,0,0,0,0,0,0,0,0,0,0,0
l2-n32768-zipf-w1,main,2,32768,zipf,1,accept_static_degree,accept_static_degree,,greedy,101,2,ok,b483a6996608e8a4a7d91a0d598c35001c6f5d21e8348c80aa7419ef4dad580c,l2-n32768-zipf-w1-s101-r2-measure-accept_static_degree,2135,30633,60.57945,35.968831,35242.9743089,0.0283744496487,50376,50376,22.76278,1.847389,18.215528,22.76022,1.844444,4.395671,0,1.260045,0.005505,0,31807,98304,0,0,0,0,0,0,0,0,0,0,0,0,0,0,447440,18.215528,0,0,1.218022,0,0.076725,15.602794,35.968831,4.674362,4.066768,32768,39825,0
l2-n32768-zipf-w1,main,2,32768,zipf,1,native,native,,native,101,3,ok,b483a6996608e8a4a7d91a0d598c35001c6f5d21e8348c80aa7419ef4dad580c,l2-n32768-zipf-w1-s101-r3-measure-native,711,32057,26.377821,0,26954.4629937,0.0370996075949,49432,49432,22.622313,3.755306,0,22.619682,3.752797,4.355257,1.979303,0.204476,0.00514,32708,0,0,0,0,0,0,0,0,0,0,0,0,0,0,0,0,0,0,0,0,0,0,0,0,0,0,0,0,0,0
l2-n32768-zipf-w1,main,2,32768,zipf,1,accept_id,accept_id,,greedy,101,3,ok,b483a6996608e8a4a7d91a0d598c35001c6f5d21e8348c80aa7419ef4dad580c,l2-n32768-zipf-w1-s101-r3-measure-accept_id,1829,30939,50.11275,26.137484,36497.6976917,0.0273989885183,50384,50384,22.613257,1.361339,18.027848,22.610625,1.358475,4.400106,0,0.863138,0.005496,0,0,0,0,0,0,0,0,0,0,0,0,0,0,0,0,0,0,18.027848,0,0,0.508754,0,0.068406,6.033427,26.137484,0,0.02557,0,38671,0
l2-n32768-zipf-w1,main,2,32768,zipf,1,eas_k2_adaptive,eas,2,adaptive,101,3,ok,b483a6996608e8a4a7d91a0d598c35001c6f5d21e8348c80aa7419ef4dad580c,l2-n32768-zipf-w1-s101-r3-measure-eas_k2_adaptive,2120,30648,466.250811,440.836418,4546.90898114,0.21992962783,58872,58872,22.751846,2.662257,18.574966,22.749174,2.658819,4.372241,0,1.90209,0.00611,32708,31627,98124,0,0,0,0,1925860,0,0,0,196608,0,0,0,0,0,5979408,18.574966,31.009843,1.498342,372.610739,0,5.550332,420.026163,440.836418,0,0,0,0,1893152
l2-n32768-zipf-w1,main,2,32768,zipf,1,accept_static_degree,accept_static_degree,,greedy,101,3,ok,b483a6996608e8a4a7d91a0d598c35001c6f5d21e8348c80aa7419ef4dad580c,l2-n32768-zipf-w1-s101-r3-measure-accept_static_degree,2135,30633,60.327815,35.819777,35389.9772435,0.028256587822,50352,50352,22.834546,1.673064,18.116826,22.831348,1.670824,4.45632,0,1.101809,0.005438,0,31807,98304,0,0,0,0,0,0,0,0,0,0,0,0,0,0,447440,18.116826,0,0,1.186314,0,0.075848,15.554256,35.819777,4.646342,4.084365,32768,39825,0
l2-n32768-zipf-w1,main,2,32768,zipf,1,eas_k1_adaptive,eas,1,adaptive,101,3,ok,b483a6996608e8a4a7d91a0d598c35001c6f5d21e8348c80aa7419ef4dad580c,l2-n32768-zipf-w1-s101-r3-measure-eas_k1_adaptive,2123,30645,566.850597,541.490859,3745.25494237,0.26700452049,59852,59852,22.666808,2.692561,18.211039,22.66431,2.689543,4.390075,0,1.927868,0.005516,32708,31627,98124,0,0,0,0,2412126,0,0,0,196608,0,0,0,0,0,5979408,18.211039,30.671171,1.82509,472.849587,0,5.436516,521.094206,541.490859,0,0,0,0,2379418
l1-n8192-uniform-w1,arity,1,8192,uniform,1,eas_k1_adaptive,eas,1,adaptive,11,1,ok,70cf9bd4c54ac004c3fa5980cf453bafd7932838fbc0443d497a6d216dd7b0bd,l1-n8192-uniform-w1-s11-r1-measure-eas_k1_adaptive,5514,2678,18.381683,12.064071,299972.532439,0.0033336385564,17572,17572,4.990183,1.327277,3.515391,4.987909,1.325087,1.097063,0,0.843518,0.004464,4713,2035,4713,2035,2035,2035,1,0,0,4713,24208,24576,0,0,0,0,0,504864,3.515391,3.188165,0.785242,1.98765,0,0.61583,8.027127,12.064071,0,0,0,0,0
l1-n8192-uniform-w1,arity,1,8192,uniform,1,eas_k2_adaptive,eas,2,adaptive,11,1,ok,70cf9bd4c54ac004c3fa5980cf453bafd7932838fbc0443d497a6d216dd7b0bd,l1-n8192-uniform-w1-s11-r1-measure-eas_k2_adaptive,5510,2682,18.292801,11.97198,301211.389114,0.00331992758621,17596,17596,4.977649,1.342975,3.510817,4.975536,1.341072,1.12146,0,0.858486,0.004016,4713,2035,4713,2035,2035,2035,1,0,0,4713,24200,24576,0,0,0,0,0,504864,3.510817,3.204104,0.783276,2.009471,0,0.590694,7.936784,11.97198,0,0,0,0,0
l1-n8192-uniform-w1,arity,1,8192,uniform,1,native,native,,native,11,1,ok,70cf9bd4c54ac004c3fa5980cf453bafd7932838fbc0443d497a6d216dd7b0bd,l1-n8192-uniform-w1-s11-r1-measure-native,5514,2678,7.073291,0,779552.262165,0.00128278763148,16760,16760,4.934688,2.138538,0,4.932645,2.137297,1.08772,0.526106,0.813039,0.003284,4713,0,0,0,0,0,0,0,0,0,0,0,0,0,0,0,0,0,0,0,0,0,0,0,0,0,0,0,0,0,0
l1-n8192-uniform-w1,arity,1,8192,uniform,1,accept_static_degree,accept_static_degree,,greedy,11,1,ok,70cf9bd4c54ac004c3fa5980cf453bafd7932838fbc0443d497a6d216dd7b0bd,l1-n8192-uniform-w1-s11-r1-measure-accept_static_degree,5514,2678,12.476291,6.321917,441958.271092,0.00226265705477,17176,17176,4.831638,1.322576,3.505549,4.82966,1.320936,1.098771,0,0.846486,0.003618,0,5514,8192,0,0,0,0,0,0,0,0,0,0,0,0,0,0,44112,3.505549,0,0,0.184454,0,0.120644,2.305662,6.321917,0.105206,0.656313,8192,13706,0
l1-n8192-uniform-w1,arity,1,8192,uniform,1,accept_id,accept_id,,greedy,11,1,ok,70cf9bd4c54ac004c3fa5980cf453bafd7932838fbc0443d497a6d216dd7b0bd,l1-n8192-uniform-w1-s11-r1-measure-accept_id,5514,2678,12.102265,5.516397,455617.192319,0.00219482499093,17128,17128,5.224623,1.361071,3.452075,5.222583,1.359228,1.1607,0,0.879333,0.003883,0,0,0,0,0,0,0,0,0,0,0,0,0,0,0,0,0,0,3.452075,0,0,0.19527,0,0.121577,1.55419,5.516397,0,0.006443,0,13706,0
l1-n8192-uniform-w1,arity,1,8192,uniform,1,eas_k1_adaptive,eas,1,adaptive,11,2,ok,70cf9bd4c54ac004c3fa5980cf453bafd7932838fbc0443d497a6d216dd7b0bd,l1-n8192-uniform-w1-s11-r2-measure-eas_k1_adaptive,5514,2678,18.923185,12.233701,291388.579671,0.0034318434893,17472,17472,5.116429,1.572805,3.591656,5.114194,1.570625,1.14093,0,1.042376,0.004415,4713,2035,4713,2035,2035,2035,1,0,0,4713,24208,24576,0,0,0,0,0,504864,3.591656,3.207012,0.799272,2.028733,0,0.620557,8.110462,12.233701,0,0,0,0,0
l1-n8192-uniform-w1,arity,1,8192,uniform,1,eas_k2_adaptive,eas,2,adaptive,11,2,ok,70cf9bd4c54ac004c3fa5980cf453bafd7932838fbc0443d497a6d216dd7b0bd,l1-n8192-uniform-w1-s11-r2-measure-eas_k2_adaptive,5510,2682,18.328659,11.87853,300622.10225,0.0033264353902,17644,17644,5.087046,1.362839,3.486367,5.084677,1.360971,1.155676,0,0.870155,0.004237,4713,2035,4713,2035,2035,2035,1,0,0,4713,24200,24576,0,0,0,0,0,504864,3.486367,3.181311,0.76717,1.987678,0,0.580876,7.87486,11.87853,0,0,0,0,0
l1-n8192-uniform-w1,arity,1,8192,uniform,1,native,native,,native,11,2,ok,70cf9bd4c54ac004c3fa5980cf453bafd7932838fbc0443d497a6d216dd7b0bd,l1-n8192-uniform-w1-s11-r2-measure-native,5514,2678,7.022991,0,785135.564035,0.00127366539717,16620,16620,4.87855,2.144336,0,4.876389,2.142431,1.102063,0.528018,0.811732,0.004066,4713,0,0,0,0,0,0,0,0,0,0,0,0,0,0,0,0,0,0,0,0,0,0,0,0,0,0,0,0,0,0
l1-n8192-uniform-w1,arity,1,8192,uniform,1,accept_id,accept_id,,greedy,11,2,ok,70cf9bd4c54ac004c3fa5980cf453bafd7932838fbc0443d497a6d216dd7b0bd,l1-n8192-uniform-w1-s11-r2-measure-accept_id,5514,2678,11.990617,5.529745,459859.571864,0.00217457689518,17264,17264,5.121597,1.339065,3.458195,5.119556,1.337073,1.135212,0,0.867317,0.004033,0,0,0,0,0,0,0,0,0,0,0,0,0,0,0,0,0,0,3.458195,0,0,0.194185,0,0.123223,1.564344,5.529745,0,0.007603,0,13706,0
l1-n8192-uniform-w1,arity,1,8192,uniform,1,accept_static_degree,accept_static_degree,,greedy,11,2,ok,70cf9bd4c54ac004c3fa5980cf453bafd7932838fbc0443d497a6d216dd7b0bd,l1-n8192-uniform-w1-s11-r2-measure-accept_static_degree,5514,2678,12.624983,6.339226,436753.063351,0.00228962332245,17172,17172,4.955265,1.330196,3.513774,4.952859,1.328609,1.108952,0,0.848631,0.003993,0,5514,8192,0,0,0,0,0,0,0,0,0,0,0,0,0,0,44112,3.513774,0,0,0.183441,0,0.12025,2.312227,6.339226,0.10491,0.660033,8192,13706,0
l1-n8192-uniform-w1,arity,1,8192,uniform,1,accept_id,accept_id,,greedy,11,3,ok,70cf9bd4c54ac004c3fa5980cf453bafd7932838fbc0443d497a6d216dd7b0bd,l1-n8192-uniform-w1-s11-r3-measure-accept_id,5514,2678,12.024306,5.588121,458571.164107,0.00218068661589,16988,16988,5.090796,1.345205,3.519373,5.088604,1.343351,1.118652,0,0.864853,0.004046,0,0,0,0,0,0,0,0,0,0,0,0,0,0,0,0,0,0,3.519373,0,0,0.196669,0,0.121806,1.562006,5.588121,0,0.007614,0,13706,0
l1-n8192-uniform-w1,arity,1,8192,uniform,1,eas_k1_adaptive,eas,1,adaptive,11,3,ok,70cf9bd4c54ac004c3fa5980cf453bafd7932838fbc0443d497a6d216dd7b0bd,l1-n8192-uniform-w1-s11-r3-measure-eas_k1_adaptive,5514,2678,18.593127,12.185716,296561.197049,0.00337198531012,17660,17660,5.031233,1.376001,3.510742,5.028747,1.373675,1.103353,0,0.878571,0.004812,4713,2035,4713,2035,2035,2035,1,0,0,4713,24208,24576,0,0,0,0,0,504864,3.510742,3.188842,0.788549,2.032143,0,0.686265,8.149783,12.185716,0,0,0,0,0
l1-n8192-uniform-w1,arity,1,8192,uniform,1,accept_static_degree,accept_static_degree,,greedy,11,3,ok,70cf9bd4c54ac004c3fa5980cf453bafd7932838fbc0443d497a6d216dd7b0bd,l1-n8192-uniform-w1-s11-r3-measure-accept_static_degree,5514,2678,12.633119,6.311332,436471.784996,0.00229109883932,17196,17196,5.015152,1.306458,3.496224,5.013257,1.304589,1.097178,0,0.83044,0.003764,0,5514,8192,0,0,0,0,0,0,0,0,0,0,0,0,0,0,44112,3.496224,0,0,0.184328,0,0.121507,2.307389,6.311332,0.105685,0.663767,8192,13706,0
l1-n8192-uniform-w1,arity,1,8192,uniform,1,eas_k2_adaptive,eas,2,adaptive,11,3,ok,70cf9bd4c54ac004c3fa5980cf453bafd7932838fbc0443d497a6d216dd7b0bd,l1-n8192-uniform-w1-s11-r3-measure-eas_k2_adaptive,5510,2682,18.213311,11.915821,302525.993215,0.00330550108893,17496,17496,4.986623,1.3107,3.494084,4.984276,1.30876,1.098567,0,0.832796,0.004287,4713,2035,4713,2035,2035,2035,1,0,0,4713,24200,24576,0,0,0,0,0,504864,3.494084,3.185532,0.780455,1.981532,0,0.599375,7.903893,11.915821,0,0,0,0,0
l1-n8192-uniform-w1,arity,1,8192,uniform,1,native,native,,native,11,3,ok,70cf9bd4c54ac004c3fa5980cf453bafd7932838fbc0443d497a6d216dd7b0bd,l1-n8192-uniform-w1-s11-r3-measure-native,5514,2678,7.128748,0,773487.85509,0.00129284512151,16632,16632,4.975131,2.153551,0,4.972808,2.151133,1.099469,0.522583,0.82226,0.004741,4713,0,0,0,0,0,0,0,0,0,0,0,0,0,0,0,0,0,0,0,0,0,0,0,0,0,0,0,0,0,0
l1-n8192-uniform-w1,arity,1,8192,uniform,1,eas_k1_adaptive,eas,1,adaptive,29,1,ok,5360b00a629463a292b81e6ef2d5725fc42a3196b44993f1f6fe8a6989a14a96,l1-n8192-uniform-w1-s29-r1-measure-eas_k1_adaptive,5595,2597,17.969432,11.853812,311362.095363,0.00321169472744,17560,17560,4.779526,1.335915,3.48985,4.777403,1.334302,1.098878,0,0.853684,0.003736,4582,1985,4582,1985,1985,1985,1,0,0,4582,23522,24576,0,0,0,0,0,502376,3.48985,3.102239,0.776625,1.939107,0,0.574612,7.842193,11.853812,0,0,0,0,0
l1-n8192-uniform-w1,arity,1,8192,uniform,1,eas_k2_adaptive,eas,2,adaptive,29,1,ok,5360b00a629463a292b81e6ef2d5725fc42a3196b44993f1f6fe8a6989a14a96,l1-n8192-uniform-w1-s29-r1-measure-eas_k2_adaptive,5594,2598,18.150229,11.742303,308205.477738,0.00324458866643,17576,17576,5.050859,1.356944,3.514248,5.048495,1.355176,1.117595,0,0.871448,0.004132,4582,1985,4582,1985,1985,1985,1,0,0,4582,23520,24576,0,0,0,0,0,502376,3.514248,3.10863,0.755441,1.896144,0,0.596022,7.705574,11.742303,0,0,0,0,0
l1-n8192-uniform-w1,arity,1,8192,uniform,1,accept_id,accept_id,,greedy,29,1,ok,5360b00a629463a292b81e6ef2d5725fc42a3196b44993f1f6fe8a6989a14a96,l1-n8192-uniform-w1-s29-r1-measure-accept_id,5595,2597,12.104678,5.578233,462217.99539,0.00216348132261,16948,16948,5.168719,1.35754,3.517799,5.166395,1.355797,1.146798,0,0.874698,0.004067,0,0,0,0,0,0,0,0,0,0,0,0,0,0,0,0,0,0,3.517799,0,0,0.192164,0,0.118661,1.55224,5.578233,0,0.007648,0,13787,0
l1-n8192-uniform-w1,arity,1,8192,uniform,1,native,native,,native,29,1,ok,5360b00a629463a292b81e6ef2d5725fc42a3196b44993f1f6fe8a6989a14a96,l1-n8192-uniform-w1-s29-r1-measure-native,5595,2597,7.074848,0,790829.711112,0.00126449472744,16664,16664,4.915817,2.158973,0,4.913479,2.156911,1.115915,0.520786,0.835905,0.0044,4582,0,0,0,0,0,0,0,0,0,0,0,0,0,0,0,0,0,0,0,0,0,0,0,0,0,0,0,0,0,0
l1-n8192-uniform-w1,arity,1,8192,uniform,1,accept_static_degree,accept_static_degree,,greedy,29,1,ok,5360b00a629463a292b81e6ef2d5725fc42a3196b44993f1f6fe8a6989a14a96,l1-n8192-uniform-w1-s29-r1-measure-accept_static_degree,5595,2597,12.787602,6.391983,437533.166891,0.00228554101877,17056,17056,5.026249,1.369211,3.522776,5.024119,1.367075,1.128569,0,0.886461,0.004266,0,5595,8192,0,0,0,0,0,0,0,0,0,0,0,0,0,0,44760,3.522776,0,0,0.188169,0,0.139301,2.358612,6.391983,0.108096,0.668539,8192,13787,0
l1-n8192-uniform-w1,arity,1,8192,uniform,1,native,native,,native,29,2,ok,5360b00a629463a292b81e6ef2d5725fc42a3196b44993f1f6fe8a6989a14a96,l1-n8192-uniform-w1-s29-r2-measure-native,5595,2597,7.333339,0,762953.955899,0.0013106950849,16760,16760,5.124676,2.208563,0,5.122301,2.207105,1.130047,0.541644,0.862482,0.003833,4582,0,0,0,0,0,0,0,0,0,0,0,0,0,0,0,0,0,0,0,0,0,0,0,0,0,0,0,0,0,0
l1-n8192-uniform-w1,arity,1,8192,uniform,1,accept_static_degree,accept_static_degree,,greedy,29,2,ok,5360b00a629463a292b81e6ef2d5725fc42a3196b44993f1f6fe8a6989a14a96,l1-n8192-uniform-w1-s29-r2-measure-accept_static_degree,5595,2597,12.596932,6.248561,444155.767452,0.00225146237712,17184,17184,5.017902,1.33029,3.410503,5.015569,1.328366,1.111605,0,0.859496,0.004257,0,5595,8192,0,0,0,0,0,0,0,0,0,0,0,0,0,0,44760,3.410503,0,0,0.186735,0,0.124389,2.331445,6.248561,0.1055,0.655836,8192,13787,0
l1-n8192-uniform-w1,arity,1,8192,uniform,1,eas_k1_adaptive,eas,1,adaptive,29,2,ok,5360b00a629463a292b81e6ef2d5725fc42a3196b44993f1f6fe8a6989a14a96,l1-n8192-uniform-w1-s29-r2-measure-eas_k1_adaptive,5595,2597,18.248763,11.879948,306596.123803,0.00326161983914,17652,17652,5.038126,1.33052,3.520914,5.036125,1.328817,1.113545,0,0.847075,0.003704,4582,1985,4582,1985,1985,1985,1,0,0,4582,23522,24576,0,0,0,0,0,502376,3.520914,3.111535,0.774729,1.933503,0,0.571463,7.835229,11.879948,0,0,0,0,0
l1-n8192-uniform-w1,arity,1,8192,uniform,1,eas_k2_adaptive,eas,2,adaptive,29,2,ok,5360b00a629463a292b81e6ef2d5725fc42a3196b44993f1f6fe8a6989a14a96,l1-n8192-uniform-w1-s29-r2-measure-eas_k2_adaptive,5594,2598,18.089869,11.829073,309233.859018,0.00323379853414,17604,17604,4.930421,1.329997,3.51104,4.928289,1.327612,1.103254,0,0.847789,0.004517,4582,1985,4582,1985,1985,1985,1,0,0,4582,23520,24576,0,0,0,0,0,502376,3.51104,3.177646,0.767309,1.915759,0,0.593131,7.800828,11.829073,0,0,0,0,0
l1-n8192-uniform-w1,arity,1,8192,uniform,1,accept_id,accept_id,,greedy,29,2,ok,5360b00a629463a292b81e6ef2d5725fc42a3196b44993f1f6fe8a6989a14a96,l1-n8192-uniform-w1-s29-r2-measure-accept_id,5595,2597,12.206274,5.5704,458370.83454,0.00218163967828,17256,17256,5.253098,1.382656,3.515473,5.250916,1.380823,1.186125,0,0.899145,0.004015,0,0,0,0,0,0,0,0,0,0,0,0,0,0,0,0,0,0,3.515473,0,0,0.191547,0,0.11975,1.54789,5.5704,0,0.006462,0,13787,0
l1-n8192-uniform-w1,arity,1,8192,uniform,1,eas_k1_adaptive,eas,1,adaptive,29,3,ok,5360b00a629463a292b81e6ef2d5725fc42a3196b44993f1f6fe8a6989a14a96,l1-n8192-uniform-w1-s29-r3-measure-eas_k1_adaptive,5595,2597,18.357762,11.898636,304775.712857,0.00328110134048,17520,17520,5.065647,1.393312,3.507446,5.063645,1.39151,1.11871,0,0.896763,0.003804,4582,1985,4582,1985,1985,1985,1,0,0,4582,23522,24576,0,0,0,0,0,502376,3.507446,3.1083,0.782387,1.942965,0,0.584228,7.8693,11.898636,0,0,0,0,0
l1-n8192-uniform-w1,arity,1,8192,uniform,1,eas_k2_adaptive,eas,2,adaptive,29,3,ok,5360b00a629463a292b81e6ef2d5725fc42a3196b44993f1f6fe8a6989a14a96,l1-n8192-uniform-w1-s29-r3-measure-eas_k2_adaptive,5594,2598,18.093095,11.764284,309178.722601,0.00323437522345,17488,17488,4.991911,1.336706,3.49933,4.990031,1.334929,1.101838,0,0.854333,0.003657,4582,1985,4582,1985,1985,1985,1,0,0,4582,23520,24576,0,0,0,0,0,502376,3.49933,3.10756,0.762157,1.929492,0,0.597054,7.743232,11.764284,0,0,0,0,0
l1-n8192-uniform-w1,arity,1,8192,uniform,1,native,native,,native,29,3,ok,5360b00a629463a292b81e6ef2d5725fc42a3196b44993f1f6fe8a6989a14a96,l1-n8192-uniform-w1-s29-r3-measure-native,5595,2597,7.32817,0,763492.113311,0.00130977122431,16648,16648,5.110599,2.217465,0,5.108565,2.215701,1.136766,0.541011,0.87579,0.003798,4582,0,0,0,0,0,0,0,0,0,0,0,0,0,0,0,0,0,0,0,0,0,0,0,0,0,0,0,0,0,0
l1-n8192-uniform-w1,arity,1,8192,uniform,1,accept_id,accept_id,,greedy,29,3,ok,5360b00a629463a292b81e6ef2d5725fc42a3196b44993f1f6fe8a6989a14a96,l1-n8192-uniform-w1-s29-r3-measure-accept_id,5595,2597,11.862832,5.507038,471641.173035,0.00212025594281,17084,17084,5.00786,1.347795,3.449242,5.005799,1.345645,1.1103,0,0.857786,0.004211,0,0,0,0,0,0,0,0,0,0,0,0,0,0,0,0,0,0,3.449242,0,0,0.192789,0,0.121216,1.552343,5.507038,0,0.006441,0,13787,0
l1-n8192-uniform-w1,arity,1,8192,uniform,1,accept_static_degree,accept_static_degree,,greedy,29,3,ok,5360b00a629463a292b81e6ef2d5725fc42a3196b44993f1f6fe8a6989a14a96,l1-n8192-uniform-w1-s29-r3-measure-accept_static_degree,5595,2597,12.753646,6.344633,438698.078965,0.0022794720286,17000,17000,5.073343,1.335543,3.509189,5.070992,1.333501,1.105932,0,0.857136,0.004393,0,5595,8192,0,0,0,0,0,0,0,0,0,0,0,0,0,0,44760,3.509189,0,0,0.183101,0,0.129574,2.322305,6.344633,0.103942,0.654777,8192,13787,0
l1-n8192-uniform-w1,arity,1,8192,uniform,1,native,native,,native,47,1,ok,20c937eabac3965e0c5cbb8c96ffc429c1aceef351a9dae77480933826a77398,l1-n8192-uniform-w1-s47-r1-measure-native,5670,2522,7.446165,0,761465.801523,0.00131325661376,16776,16776,5.20634,2.239757,0,5.204007,2.237646,1.170721,0.552005,0.88148,0.004444,4478,0,0,0,0,0,0,0,0,0,0,0,0,0,0,0,0,0,0,0,0,0,0,0,0,0,0,0,0,0,0
l1-n8192-uniform-w1,arity,1,8192,uniform,1,eas_k1_adaptive,eas,1,adaptive,47,1,ok,20c937eabac3965e0c5cbb8c96ffc429c1aceef351a9dae77480933826a77398,l1-n8192-uniform-w1-s47-r1-measure-eas_k1_adaptive,5670,2522,18.02602,11.762772,314545.307284,0.00317919223986,17424,17424,4.872241,1.390736,3.453996,4.870087,1.388947,1.143132,0,0.911609,0.003943,4478,1956,4478,1956,1956,1956,1,0,0,4478,22956,24576,0,0,0,0,0,500144,3.453996,3.048501,0.78347,1.900645,0,0.597121,7.784354,11.762772,0,0,0,0,0
l1-n8192-uniform-w1,arity,1,8192,uniform,1,accept_static_degree,accept_static_degree,,greedy,47,1,ok,20c937eabac3965e0c5cbb8c96ffc429c1aceef351a9dae77480933826a77398,l1-n8192-uniform-w1-s47-r1-measure-accept_static_degree,5670,2522,12.620309,6.277084,449275.845782,0.00222580405644,17084,17084,5.007165,1.335897,3.520225,5.005146,1.334013,1.10738,0,0.85386,0.003903,0,5670,8192,0,0,0,0,0,0,0,0,0,0,0,0,0,0,45360,3.520225,0,0,0.182916,0,0.119102,2.246481,6.277084,0.104039,0.625973,8192,13862,0
l1-n8192-uniform-w1,arity,1,8192,uniform,1,accept_id,accept_id,,greedy,47,1,ok,20c937eabac3965e0c5cbb8c96ffc429c1aceef351a9dae77480933826a77398,l1-n8192-uniform-w1-s47-r1-measure-accept_id,5670,2522,11.845737,5.569835,478653.206635,0.0020891952381,17096,17096,4.939037,1.336717,3.524461,4.936934,1.33476,1.101328,0,0.849924,0.00406,0,0,0,0,0,0,0,0,0,0,0,0,0,0,0,0,0,0,3.524461,0,0,0.192061,0,0.118792,1.537199,5.569835,0,0.006444,0,13862,0
l1-n8192-uniform-w1,arity,1,8192,uniform,1,eas_k2_adaptive,eas,2,adaptive,47,1,ok,20c937eabac3965e0c5cbb8c96ffc429c1aceef351a9dae77480933826a77398,l1-n8192-uniform-w1-s47-r1-measure-eas_k2_adaptive,5668,2524,18.038781,11.648108,314211.919309,0.00318256545519,17596,17596,5.031806,1.35871,3.508931,5.029707,1.356723,1.105235,0,0.867867,0.004086,4478,1956,4478,1956,1956,1956,1,0,0,4478,22952,24576,0,0,0,0,0,500144,3.508931,3.054867,0.772907,1.871154,0,0.582905,7.619979,11.648108,0,0,0,0,0
l1-n8192-uniform-w1,arity,1,8192,uniform,1,accept_static_degree,accept_static_degree,,greedy,47,2,ok,20c937eabac3965e0c5cbb8c96ffc429c1aceef351a9dae77480933826a77398,l1-n8192-uniform-w1-s47-r2-measure-accept_static_degree,5670,2522,12.819292,6.347176,442302.117777,0.00226089805996,17192,17192,5.099351,1.372604,3.570587,5.09751,1.37065,1.139025,0,0.886595,0.003795,0,5670,8192,0,0,0,0,0,0,0,0,0,0,0,0,0,0,45360,3.570587,0,0,0.183031,0,0.122822,2.257771,6.347176,0.108291,0.625879,8192,13862,0
l1-n8192-uniform-w1,arity,1,8192,uniform,1,eas_k1_adaptive,eas,1,adaptive,47,2,ok,20c937eabac3965e0c5cbb8c96ffc429c1aceef351a9dae77480933826a77398,l1-n8192-uniform-w1-s47-r2-measure-eas_k1_adaptive,5670,2522,18.184637,11.764043,311801.65983,0.0032071670194,17520,17520,5.039117,1.381306,3.527764,5.036863,1.378877,1.114357,0,0.886441,0.004683,4478,1956,4478,1956,1956,1956,1,0,0,4478,22956,24576,0,0,0,0,0,500144,3.527764,3.032185,0.771144,1.892263,0,0.585264,7.713002,11.764043,0,0,0,0,0
l1-n8192-uniform-w1,arity,1,8192,uniform,1,accept_id,accept_id,,greedy,47,2,ok,20c937eabac3965e0c5cbb8c96ffc429c1aceef351a9dae77480933826a77398,l1-n8192-uniform-w1-s47-r2-measure-accept_id,5670,2522,12.190409,5.594296,465119.751109,0.00214998395062,16980,16980,5.219943,1.375999,3.527369,5.217882,1.374176,1.176699,0,0.887913,0.003884,0,0,0,0,0,0,0,0,0,0,0,0,0,0,0,0,0,0,3.527369,0,0,0.196627,0,0.119757,1.553273,5.594296,0,0.007629,0,13862,0
l1-n8192-uniform-w1,arity,1,8192,uniform,1,eas_k2_adaptive,eas,2,adaptive,47,2,ok,20c937eabac3965e0c5cbb8c96ffc429c1aceef351a9dae77480933826a77398,l1-n8192-uniform-w1-s47-r2-measure-eas_k2_adaptive,5668,2524,18.56162,11.726907,305361.277733,0.0032748094566,17576,17576,5.429199,1.405355,3.545037,5.427025,1.403344,1.21891,0,0.909641,0.004185,4478,1956,4478,1956,1956,1956,1,0,0,4478,22952,24576,0,0,0,0,0,500144,3.545037,3.07039,0.769542,1.888717,0,0.578332,7.645956,11.726907,0,0,0,0,0
l1-n8192-uniform-w1,arity,1,8192,uniform,1,native,native,,native,47,2,ok,20c937eabac3965e0c5cbb8c96ffc429c1aceef351a9dae77480933826a77398,l1-n8192-uniform-w1-s47-r2-measure-native,5670,2522,7.304417,0,776242.648797,0.00128825696649,16584,16584,5.107823,2.196531,0,5.106169,2.194204,1.123826,0.535448,0.853784,0.003981,4478,0,0,0,0,0,0,0,0,0,0,0,0,0,0,0,0,0,0,0,0,0,0,0,0,0,0,0,0,0,0
l1-n8192-uniform-w1,arity,1,8192,uniform,1,native,native,,native,47,3,ok,20c937eabac3965e0c5cbb8c96ffc429c1aceef351a9dae77480933826a77398,l1-n8192-uniform-w1-s47-r3-measure-native,5670,2522,7.092256,0,799463.527543,0.00125083880071,16656,16656,4.918162,2.174046,0,4.916049,2.17244,1.110061,0.530579,0.831383,0.003719,4478,0,0,0,0,0,0,0,0,0,0,0,0,0,0,0,0,0,0,0,0,0,0,0,0,0,0,0,0,0,0
l1-n8192-uniform-w1,arity,1,8192,uniform,1,eas_k1_adaptive,eas,1,adaptive,47,3,ok,20c937eabac3965e0c5cbb8c96ffc429c1aceef351a9dae77480933826a77398,l1-n8192-uniform-w1-s47-r3-measure-eas_k1_adaptive,5670,2522,18.093289,11.733124,313375.859967,0.00319105626102,17480,17480,4.992719,1.36727,3.505914,4.990699,1.365521,1.113167,0,0.880882,0.003769,4478,1956,4478,1956,1956,1956,1,0,0,4478,22956,24576,0,0,0,0,0,500144,3.505914,3.040016,0.76894,1.884528,0,0.580356,7.705911,11.733124,0,0,0,0,0
l1-n8192-uniform-w1,arity,1,8192,uniform,1,eas_k2_adaptive,eas,2,adaptive,47,3,ok,20c937eabac3965e0c5cbb8c96ffc429c1aceef351a9dae77480933826a77398,l1-n8192-uniform-w1-s47-r3-measure-eas_k2_adaptive,5668,2524,18.171516,11.676729,311916.738262,0.00320598376853,17428,17428,5.102867,1.391771,3.574835,5.100852,1.38981,1.131222,0,0.8996,0.003976,4478,1956,4478,1956,1956,1956,1,0,0,4478,22952,24576,0,0,0,0,0,500144,3.574835,3.038748,0.757722,1.866246,0,0.579297,7.581679,11.676729,0,0,0,0,0
l1-n8192-uniform-w1,arity,1,8192,uniform,1,accept_static_degree,accept_static_degree,,greedy,47,3,ok,20c937eabac3965e0c5cbb8c96ffc429c1aceef351a9dae77480933826a77398,l1-n8192-uniform-w1-s47-r3-measure-accept_static_degree,5670,2522,12.491927,6.25606,453893.142347,0.0022031617284,17048,17048,4.884084,1.351479,3.499712,4.882093,1.349838,1.100262,0,0.869856,0.003632,0,5670,8192,0,0,0,0,0,0,0,0,0,0,0,0,0,0,45360,3.499712,0,0,0.182695,0,0.119356,2.240063,6.25606,0.103907,0.623357,8192,13862,0
l1-n8192-uniform-w1,arity,1,8192,uniform,1,accept_id,accept_id,,greedy,47,3,ok,20c937eabac3965e0c5cbb8c96ffc429c1aceef351a9dae77480933826a77398,l1-n8192-uniform-w1-s47-r3-measure-accept_id,5670,2522,12.041415,5.58405,470874.893025,0.00212370634921,17168,17168,5.104297,1.3529,3.530479,5.102057,1.351148,1.131976,0,0.870032,0.003992,0,0,0,0,0,0,0,0,0,0,0,0,0,0,0,0,0,0,3.530479,0,0,0.191938,0,0.120914,1.544206,5.58405,0,0.006453,0,13862,0
l1-n8192-uniform-w1,arity,1,8192,uniform,1,native,native,,native,71,1,ok,5d8d1d1cf6d65c57f22e6ff1b31deaceededcd38926e28d8caf01739763bb3b2,l1-n8192-uniform-w1-s71-r1-measure-native,5552,2640,7.227209,0,768208.031621,0.00130173072767,16456,16456,5.085695,2.141124,0,5.083287,2.139952,1.120663,0.517666,0.822251,0.00358,4659,0,0,0,0,0,0,0,0,0,0,0,0,0,0,0,0,0,0,0,0,0,0,0,0,0,0,0,0,0,0
l1-n8192-uniform-w1,arity,1,8192,uniform,1,eas_k1_adaptive,eas,1,adaptive,71,1,ok,5d8d1d1cf6d65c57f22e6ff1b31deaceededcd38926e28d8caf01739763bb3b2,l1-n8192-uniform-w1-s71-r1-measure-eas_k1_adaptive,5552,2640,18.301643,11.851085,303360.741984,0.00329640543948,17480,17480,5.065363,1.385052,3.46082,5.06324,1.383294,1.13853,0,0.903967,0.003881,4659,2019,4659,2019,2019,2019,1,0,0,4659,23916,24576,0,0,0,0,0,503872,3.46082,3.14078,0.76997,1.949289,0,0.579028,7.865021,11.851085,0,0,0,0,0
l1-n8192-uniform-w1,arity,1,8192,uniform,1,accept_id,accept_id,,greedy,71,1,ok,5d8d1d1cf6d65c57f22e6ff1b31deaceededcd38926e28d8caf01739763bb3b2,l1-n8192-uniform-w1-s71-r1-measure-accept_id,5552,2640,11.834569,5.548958,469134.110418,0.00213158663545,16948,16948,4.968518,1.316942,3.512795,4.966482,1.314748,1.110026,0,0.839996,0.00423,0,0,0,0,0,0,0,0,0,0,0,0,0,0,0,0,0,0,3.512795,0,0,0.190548,0,0.122229,1.528301,5.548958,0,0.006433,0,13744,0
l1-n8192-uniform-w1,arity,1,8192,uniform,1,eas_k2_adaptive,eas,2,adaptive,71,1,ok,5d8d1d1cf6d65c57f22e6ff1b31deaceededcd38926e28d8caf01739763bb3b2,l1-n8192-uniform-w1-s71-r1-measure-eas_k2_adaptive,5550,2642,18.173859,11.75895,305383.683234,0.00327456918919,17332,17332,5.054247,1.360455,3.504086,5.052225,1.358564,1.108396,0,0.87686,0.003913,4659,2019,4659,2019,2019,2019,1,0,0,4659,23912,24576,0,0,0,0,0,503872,3.504086,3.139099,0.75409,1.943795,0,0.573394,7.734932,11.75895,0,0,0,0,0
l1-n8192-uniform-w1,arity,1,8192,uniform,1,accept_static_degree,accept_static_degree,,greedy,71,1,ok,5d8d1d1cf6d65c57f22e6ff1b31deaceededcd38926e28d8caf01739763bb3b2,l1-n8192-uniform-w1-s71-r1-measure-accept_static_degree,5552,2640,12.72497,6.322126,436307.511923,0.00229196145533,17180,17180,5.070371,1.332308,3.485434,5.067971,1.32969,1.125532,0,0.859441,0.005018,0,5552,8192,0,0,0,0,0,0,0,0,0,0,0,0,0,0,44416,3.485434,0,0,0.184011,0,0.120923,2.328579,6.322126,0.103831,0.690186,8192,13744,0
l1-n8192-uniform-w1,arity,1,8192,uniform,1,accept_static_degree,accept_static_degree,,greedy,71,2,ok,5d8d1d1cf6d65c57f22e6ff1b31deaceededcd38926e28d8caf01739763bb3b2,l1-n8192-uniform-w1-s71-r2-measure-accept_static_degree,5552,2640,12.843831,6.334048,432269.779943,0.00231337013689,17008,17008,5.18149,1.328138,3.502528,5.17954,1.326349,1.137646,0,0.851289,0.003739,0,5552,8192,0,0,0,0,0,0,0,0,0,0,0,0,0,0,44416,3.502528,0,0,0.183517,0,0.121795,2.320777,6.334048,0.103864,0.683681,8192,13744,0
l1-n8192-uniform-w1,arity,1,8192,uniform,1,native,native,,native,71,2,ok,5d8d1d1cf6d65c57f22e6ff1b31deaceededcd38926e28d8caf01739763bb3b2,l1-n8192-uniform-w1-s71-r2-measure-native,5552,2640,7.101661,0,781788.936419,0.00127911761527,16748,16748,4.95094,2.150662,0,4.949167,2.149513,1.112214,0.511869,0.831756,0.002922,4659,0,0,0,0,0,0,0,0,0,0,0,0,0,0,0,0,0,0,0,0,0,0,0,0,0,0,0,0,0,0
l1-n8192-uniform-w1,arity,1,8192,uniform,1,accept_id,accept_id,,greedy,71,2,ok,5d8d1d1cf6d65c57f22e6ff1b31deaceededcd38926e28d8caf01739763bb3b2,l1-n8192-uniform-w1-s71-r2-measure-accept_id,5552,2640,11.68834,5.51233,475003.293881,0.00210524855908,17132,17132,4.837733,1.338117,3.484848,4.835572,1.336558,1.103164,0,0.862773,0.00372,0,0,0,0,0,0,0,0,0,0,0,0,0,0,0,0,0,0,3.484848,0,0,0.190272,0,0.120788,1.521136,5.51233,0,0.006746,0,13744,0
l1-n8192-uniform-w1,arity,1,8192,uniform,1,eas_k1_adaptive,eas,1,adaptive,71,2,ok,5d8d1d1cf6d65c57f22e6ff1b31deaceededcd38926e28d8caf01739763bb3b2,l1-n8192-uniform-w1-s71-r2-measure-eas_k1_adaptive,5552,2640,18.497475,11.979902,300149.074401,0.00333167777378,17652,17652,5.136401,1.380931,3.550065,5.134314,1.379018,1.137091,0,0.890288,0.004,4659,2019,4659,2019,2019,2019,1,0,0,4659,23916,24576,0,0,0,0,0,503872,3.550065,3.12586,0.786994,1.989848,0,0.578894,7.907491,11.979902,0,0,0,0,0
l1-n8192-uniform-w1,arity,1,8192,uniform,1,eas_k2_adaptive,eas,2,adaptive,71,2,ok,5d8d1d1cf6d65c57f22e6ff1b31deaceededcd38926e28d8caf01739763bb3b2,l1-n8192-uniform-w1-s71-r2-measure-eas_k2_adaptive,5550,2642,18.19653,11.813455,305003.206655,0.00327865405405,17388,17388,5.062285,1.32065,3.526363,5.060322,1.31854,1.101673,0,0.844996,0.004073,4659,2019,4659,2019,2019,2019,1,0,0,4659,23912,24576,0,0,0,0,0,503872,3.526363,3.169198,0.754821,1.938113,0,0.576292,7.766248,11.813455,0,0,0,0,0
l1-n8192-uniform-w1,arity,1,8192,uniform,1,accept_static_degree,accept_static_degree,,greedy,71,3,ok,5d8d1d1cf6d65c57f22e6ff1b31deaceededcd38926e28d8caf01739763bb3b2,l1-n8192-uniform-w1-s71-r3-measure-accept_static_degree,5552,2640,12.870063,6.358794,431388.719698,0.00231809492075,17316,17316,5.147917,1.363188,3.533924,5.14573,1.360933,1.157726,0,0.879413,0.004442,0,5552,8192,0,0,0,0,0,0,0,0,0,0,0,0,0,0,44416,3.533924,0,0,0.183908,0,0.11982,2.316843,6.358794,0.107823,0.676104,8192,13744,0
l1-n8192-uniform-w1,arity,1,8192,uniform,1,accept_id,accept_id,,greedy,71,3,ok,5d8d1d1cf6d65c57f22e6ff1b31deaceededcd38926e28d8caf01739763bb3b2,l1-n8192-uniform-w1-s71-r3-measure-accept_id,5552,2640,12.091012,5.56693,459184.061682,0.0021777759366,17136,17136,5.153197,1.370742,3.524245,5.151173,1.368886,1.138461,0,0.890492,0.00388,0,0,0,0,0,0,0,0,0,0,0,0,0,0,0,0,0,0,3.524245,0,0,0.192897,0,0.124808,1.531733,5.56693,0,0.006421,0,13744,0
l1-n8192-uniform-w1,arity,1,8192,uniform,1,eas_k1_adaptive,eas,1,adaptive,71,3,ok,5d8d1d1cf6d65c57f22e6ff1b31deaceededcd38926e28d8caf01739763bb3b2,l1-n8192-uniform-w1-s71-r3-measure-eas_k1_adaptive,5552,2640,18.430451,11.959017,301240.593624,0.00331960572767,17500,17500,5.123582,1.347649,3.518697,5.121644,1.345576,1.11805,0,0.866172,0.004011,4659,2019,4659,2019,2019,2019,1,0,0,4659,23916,24576,0,0,0,0,0,503872,3.518697,3.159619,0.787889,1.963643,0,0.578385,7.917102,11.959017,0,0,0,0,0
l1-n8192-uniform-w1,arity,1,8192,uniform,1,native,native,,native,71,3,ok,5d8d1d1cf6d65c57f22e6ff1b31deaceededcd38926e28d8caf01739763bb3b2,l1-n8192-uniform-w1-s71-r3-measure-native,5552,2640,7.268655,0,763827.69577,0.0013091957853,16636,16636,5.060043,2.208521,0,5.057555,2.206579,1.147806,0.532437,0.868598,0.00443,4659,0,0,0,0,0,0,0,0,0,0,0,0,0,0,0,0,0,0,0,0,0,0,0,0,0,0,0,0,0,0
l1-n8192-uniform-w1,arity,1,8192,uniform,1,eas_k2_adaptive,eas,2,adaptive,71,3,ok,5d8d1d1cf6d65c57f22e6ff1b31deaceededcd38926e28d8caf01739763bb3b2,l1-n8192-uniform-w1-s71-r3-measure-eas_k2_adaptive,5550,2642,18.144218,11.814825,305882.56821,0.00326922846847,17332,17332,4.985334,1.343901,3.454645,4.983138,1.341758,1.109024,0,0.868895,0.004339,4659,2019,4659,2019,2019,2019,1,0,0,4659,23912,24576,0,0,0,0,0,503872,3.454645,3.151616,0.779356,1.97746,0,0.581445,7.837848,11.814825,0,0,0,0,0
l1-n8192-uniform-w1,arity,1,8192,uniform,1,native,native,,native,101,1,ok,6a6c9314ce0d95d68e3a0b469ba5b611c5e04ae61bf6c6196c30b40300867e69,l1-n8192-uniform-w1-s101-r1-measure-native,5537,2655,7.188293,0,770280.232038,0.00129822882427,16640,16640,5.039057,2.149184,0,5.037014,2.14741,1.110143,0.534701,0.815802,0.003817,4646,0,0,0,0,0,0,0,0,0,0,0,0,0,0,0,0,0,0,0,0,0,0,0,0,0,0,0,0,0,0
l1-n8192-uniform-w1,arity,1,8192,uniform,1,eas_k1_adaptive,eas,1,adaptive,101,1,ok,6a6c9314ce0d95d68e3a0b469ba5b611c5e04ae61bf6c6196c30b40300867e69,l1-n8192-uniform-w1-s101-r1-measure-eas_k1_adaptive,5537,2655,18.15643,11.858052,304960.832058,0.00327910962615,17520,17520,4.960718,1.337491,3.432996,4.958617,1.335488,1.102544,0,0.855145,0.004104,4646,1991,4646,1991,1991,1991,1,0,0,4646,23894,24576,0,0,0,0,0,503752,3.432996,3.143087,0.75746,1.960337,0,0.601658,7.899972,11.858052,0,0,0,0,0
l1-n8192-uniform-w1,arity,1,8192,uniform,1,eas_k2_adaptive,eas,2,adaptive,101,1,ok,6a6c9314ce0d95d68e3a0b469ba5b611c5e04ae61bf6c6196c30b40300867e69,l1-n8192-uniform-w1-s101-r1-measure-eas_k2_adaptive,5534,2658,18.256761,11.844464,303120.580918,0.00329901716661,17548,17548,5.054632,1.357406,3.546921,5.052831,1.355492,1.128061,0,0.875599,0.003715,4646,1991,4646,1991,1991,1991,1,0,0,4646,23888,24576,0,0,0,0,0,503752,3.546921,3.136693,0.75302,1.951769,0,0.601388,7.778067,11.844464,0,0,0,0,0
l1-n8192-uniform-w1,arity,1,8192,uniform,1,accept_static_degree,accept_static_degree,,greedy,101,1,ok,6a6c9314ce0d95d68e3a0b469ba5b611c5e04ae61bf6c6196c30b40300867e69,l1-n8192-uniform-w1-s101-r1-measure-accept_static_degree,5537,2655,12.845676,6.36542,431039.985751,0.00231997038107,17124,17124,5.119098,1.360996,3.519976,5.116677,1.359215,1.142091,0,0.879077,0.004202,0,5537,8192,0,0,0,0,0,0,0,0,0,0,0,0,0,0,44296,3.519976,0,0,0.184342,0,0.120036,2.335784,6.36542,0.102962,0.715491,8192,13729,0
l1-n8192-uniform-w1,arity,1,8192,uniform,1,accept_id,accept_id,,greedy,101,1,ok,6a6c9314ce0d95d68e3a0b469ba5b611c5e04ae61bf6c6196c30b40300867e69,l1-n8192-uniform-w1-s101-r1-measure-accept_id,5537,2655,11.971811,5.539647,462503.125049,0.00216214755283,17152,17152,5.127809,1.304208,3.500365,5.125673,1.302414,1.132564,0,0.834845,0.00393,0,0,0,0,0,0,0,0,0,0,0,0,0,0,0,0,0,0,3.500365,0,0,0.192107,0,0.11832,1.529763,5.539647,0,0.006463,0,13729,0
l1-n8192-uniform-w1,arity,1,8192,uniform,1,native,native,,native,101,2,ok,6a6c9314ce0d95d68e3a0b469ba5b611c5e04ae61bf6c6196c30b40300867e69,l1-n8192-uniform-w1-s101-r2-measure-native,5537,2655,7.20439,0,768559.170173,0.00130113599422,16656,16656,5.045307,2.158987,0,5.043368,2.156402,1.108881,0.520708,0.825764,0.004524,4646,0,0,0,0,0,0,0,0,0,0,0,0,0,0,0,0,0,0,0,0,0,0,0,0,0,0,0,0,0,0
l1-n8192-uniform-w1,arity,1,8192,uniform,1,accept_id,accept_id,,greedy,101,2,ok,6a6c9314ce0d95d68e3a0b469ba5b611c5e04ae61bf6c6196c30b40300867e69,l1-n8192-uniform-w1-s101-r2-measure-accept_id,5537,2655,11.960341,5.535813,462946.666822,0.00216007603395,17052,17052,5.079,1.345343,3.48332,5.076268,1.343055,1.138025,0,0.867888,0.00502,0,0,0,0,0,0,0,0,0,0,0,0,0,0,0,0,0,0,3.48332,0,0,0.193928,0,0.118791,1.546725,5.535813,0,0.007742,0,13729,0
l1-n8192-uniform-w1,arity,1,8192,uniform,1,eas_k2_adaptive,eas,2,adaptive,101,2,ok,6a6c9314ce0d95d68e3a0b469ba5b611c5e04ae61bf6c6196c30b40300867e69,l1-n8192-uniform-w1-s101-r2-measure-eas_k2_adaptive,5534,2658,18.439175,11.843631,300121.887232,0.00333197958077,17612,17612,5.204713,1.390708,3.530081,5.202482,1.388494,1.158443,0,0.900333,0.004445,4646,1991,4646,1991,1991,1991,1,0,0,4646,23888,24576,0,0,0,0,0,503752,3.530081,3.138168,0.748537,1.960291,0,0.59848,7.777005,11.843631,0,0,0,0,0
l1-n8192-uniform-w1,arity,1,8192,uniform,1,eas_k1_adaptive,eas,1,adaptive,101,2,ok,6a6c9314ce0d95d68e3a0b469ba5b611c5e04ae61bf6c6196c30b40300867e69,l1-n8192-uniform-w1-s101-r2-measure-eas_k1_adaptive,5537,2655,18.376899,11.903301,301302.194674,0.0033189270363,17560,17560,5.113112,1.360252,3.489445,5.110987,1.358046,1.132057,0,0.871164,0.004331,4646,1991,4646,1991,1991,1991,1,0,0,4646,23894,24576,0,0,0,0,0,503752,3.489445,3.138986,0.759833,1.960896,0,0.602091,7.892664,11.903301,0,0,0,0,0
l1-n8192-uniform-w1,arity,1,8192,uniform,1,accept_static_degree,accept_static_degree,,greedy,101,2,ok,6a6c9314ce0d95d68e3a0b469ba5b611c5e04ae61bf6c6196c30b40300867e69,l1-n8192-uniform-w1-s101-r2-measure-accept_static_degree,5537,2655,12.883671,6.383817,429768.813563,0.00232683240022,16880,16880,5.150979,1.348693,3.520527,5.148802,1.346196,1.121378,0,0.868171,0.004674,0,5537,8192,0,0,0,0,0,0,0,0,0,0,0,0,0,0,44296,3.520527,0,0,0.184375,0,0.120608,2.352252,6.383817,0.108177,0.718951,8192,13729,0
l1-n8192-uniform-w1,arity,1,8192,uniform,1,accept_static_degree,accept_static_degree,,greedy,101,3,ok,6a6c9314ce0d95d68e3a0b469ba5b611c5e04ae61bf6c6196c30b40300867e69,l1-n8192-uniform-w1-s101-r3-measure-accept_static_degree,5537,2655,12.996135,6.396373,426049.74479,0.00234714376016,17176,17176,5.254783,1.344832,3.536027,5.252508,1.342926,1.172712,0,0.863861,0.004181,0,5537,8192,0,0,0,0,0,0,0,0,0,0,0,0,0,0,44296,3.536027,0,0,0.183798,0,0.119009,2.350797,6.396373,0.10873,0.712273,8192,13729,0
l1-n8192-uniform-w1,arity,1,8192,uniform,1,eas_k1_adaptive,eas,1,adaptive,101,3,ok,6a6c9314ce0d95d68e3a0b469ba5b611c5e04ae61bf6c6196c30b40300867e69,l1-n8192-uniform-w1-s101-r3-measure-eas_k1_adaptive,5537,2655,18.432838,11.991249,300387.81874,0.00332902979953,17752,17752,5.109056,1.33236,3.525261,5.106849,1.329956,1.113019,0,0.853651,0.004611,4646,1991,4646,1991,1991,1991,1,0,0,4646,23894,24576,0,0,0,0,0,503752,3.525261,3.146348,0.776974,1.979056,0,0.608974,7.942109,11.991249,0,0,0,0,0
l1-n8192-uniform-w1,arity,1,8192,uniform,1,native,native,,native,101,3,ok,6a6c9314ce0d95d68e3a0b469ba5b611c5e04ae61bf6c6196c30b40300867e69,l1-n8192-uniform-w1-s101-r3-measure-native,5537,2655,7.15792,0,773548.740416,0.00129274336283,16632,16632,5.013944,2.143885,0,5.011979,2.14158,1.093603,0.526308,0.811866,0.00427,4646,0,0,0,0,0,0,0,0,0,0,0,0,0,0,0,0,0,0,0,0,0,0,0,0,0,0,0,0,0,0
l1-n8192-uniform-w1,arity,1,8192,uniform,1,eas_k2_adaptive,eas,2,adaptive,101,3,ok,6a6c9314ce0d95d68e3a0b469ba5b611c5e04ae61bf6c6196c30b40300867e69,l1-n8192-uniform-w1-s101-r3-measure-eas_k2_adaptive,5534,2658,18.101891,11.780666,305713.91685,0.0032710319841,17628,17628,4.973946,1.347015,3.488301,4.971821,1.344941,1.098331,0,0.865783,0.004199,4646,1991,4646,1991,1991,1991,1,0,0,4646,23888,24576,0,0,0,0,0,503752,3.488301,3.141244,0.746631,1.955437,0,0.596766,7.773987,11.780666,0,0,0,0,0
l1-n8192-uniform-w1,arity,1,8192,uniform,1,accept_id,accept_id,,greedy,101,3,ok,6a6c9314ce0d95d68e3a0b469ba5b611c5e04ae61bf6c6196c30b40300867e69,l1-n8192-uniform-w1-s101-r3-measure-accept_id,5537,2655,12.186561,5.705869,454352.954866,0.00220093209319,17008,17008,5.124584,1.355957,3.657103,5.122001,1.353971,1.140827,0,0.878649,0.004569,0,0,0,0,0,0,0,0,0,0,0,0,0,0,0,0,0,0,3.657103,0,0,0.192517,0,0.120354,1.537741,5.705869,0,0.006458,0,13729,0
l1-n8192-zipf-w1,arity,1,8192,zipf,1,native,native,,native,11,1,ok,aa1b2237682d8b72d3f49fc261d9899818afd8c5de0f52634223fdebba2014b2,l1-n8192-zipf-w1-s11-r1-measure-native,2540,5652,5.906772,0,430014.904926,0.0023255007874,16396,16396,4.456482,1.450224,0,4.454368,1.447499,0.803152,0.424031,0.432772,0.004839,6497,0,0,0,0,0,0,0,0,0,0,0,0,0,0,0,0,0,0,0,0,0,0,0,0,0,0,0,0,0,0
l1-n8192-zipf-w1,arity,1,8192,zipf,1,accept_static_degree,accept_static_degree,,greedy,11,1,ok,aa1b2237682d8b72d3f49fc261d9899818afd8c5de0f52634223fdebba2014b2,l1-n8192-zipf-w1-s11-r1-measure-accept_static_degree,2540,5652,10.946656,6.006539,232034.33085,0.00430970708661,16664,16664,4.202632,0.737345,3.142111,4.200457,0.735392,0.751658,0,0.445673,0.004128,0,2540,8192,0,0,0,0,0,0,0,0,0,0,0,0,0,0,20320,3.142111,0,0,0.165971,0,0.064259,2.358419,6.006539,0.108897,0.780049,8192,10732,0
l1-n8192-zipf-w1,arity,1,8192,zipf,1,eas_k2_adaptive,eas,2,adaptive,11,1,ok,aa1b2237682d8b72d3f49fc261d9899818afd8c5de0f52634223fdebba2014b2,l1-n8192-zipf-w1-s11-r1-measure-eas_k2_adaptive,2534,5658,17.608563,12.512243,143907.256941,0.0069489198895,17208,17208,4.304713,0.791458,3.173622,4.302248,0.789432,0.754253,0,0.485843,0.004491,6497,845,6497,845,845,845,1,0,0,6497,37280,24576,0,0,0,0,0,431312,3.173622,3.244954,0.413949,3.252865,0,0.460794,8.82359,12.512243,0,0,0,0,0
l1-n8192-zipf-w1,arity,1,8192,zipf,1,accept_id,accept_id,,greedy,11,1,ok,aa1b2237682d8b72d3f49fc261d9899818afd8c5de0f52634223fdebba2014b2,l1-n8192-zipf-w1-s11-r1-measure-accept_id,2540,5652,10.23568,5.147919,248151.563941,0.00402979527559,16764,16764,4.310134,0.777477,3.148738,4.307951,0.775654,0.765978,0,0.474412,0.004006,0,0,0,0,0,0,0,0,0,0,0,0,0,0,0,0,0,0,3.148738,0,0,0.201987,0,0.064446,1.498429,5.147919,0,0.006453,0,10732,0
l1-n8192-zipf-w1,arity,1,8192,zipf,1,eas_k1_adaptive,eas,1,adaptive,11,1,ok,aa1b2237682d8b72d3f49fc261d9899818afd8c5de0f52634223fdebba2014b2,l1-n8192-zipf-w1-s11-r1-measure-eas_k1_adaptive,2540,5652,18.111605,13.051052,140241.574394,0.00713055314961,17372,17372,4.248089,0.812275,3.276267,4.245867,0.810146,0.745067,0,0.495696,0.004351,6497,845,6497,845,845,845,1,0,0,6497,37292,24576,0,0,0,0,0,431312,3.276267,3.235377,0.4727,3.433241,0,0.461579,9.255929,13.051052,0,0,0,0,0
l1-n8192-zipf-w1,arity,1,8192,zipf,1,accept_id,accept_id,,greedy,11,2,ok,aa1b2237682d8b72d3f49fc261d9899818afd8c5de0f52634223fdebba2014b2,l1-n8192-zipf-w1-s11-r2-measure-accept_id,2540,5652,10.253643,5.164337,247716.83586,0.00403686732283,16796,16796,4.339595,0.749574,3.157865,4.337216,0.747763,0.763402,0,0.451309,0.00419,0,0,0,0,0,0,0,0,0,0,0,0,0,0,0,0,0,0,3.157865,0,0,0.20274,0,0.06522,1.504332,5.164337,0,0.006456,0,10732,0
l1-n8192-zipf-w1,arity,1,8192,zipf,1,accept_static_degree,accept_static_degree,,greedy,11,2,ok,aa1b2237682d8b72d3f49fc261d9899818afd8c5de0f52634223fdebba2014b2,l1-n8192-zipf-w1-s11-r2-measure-accept_static_degree,2540,5652,11.063924,6.022913,229574.968158,0.00435587559055,16796,16796,4.289645,0.751224,3.150562,4.287483,0.749477,0.748872,0,0.45028,0.003909,0,2540,8192,0,0,0,0,0,0,0,0,0,0,0,0,0,0,20320,3.150562,0,0,0.164716,0,0.066999,2.362283,6.022913,0.105211,0.787653,8192,10732,0
l1-n8192-zipf-w1,arity,1,8192,zipf,1,eas_k1_adaptive,eas,1,adaptive,11,2,ok,aa1b2237682d8b72d3f49fc261d9899818afd8c5de0f52634223fdebba2014b2,l1-n8192-zipf-w1-s11-r2-measure-eas_k1_adaptive,2540,5652,18.042184,12.90715,140781.182589,0.00710322204724,17300,17300,4.342674,0.792117,3.180849,4.340458,0.79014,0.763912,0,0.485449,0.004193,6497,845,6497,845,845,845,1,0,0,6497,37292,24576,0,0,0,0,0,431312,3.180849,3.239791,0.476711,3.366618,0,0.460478,9.207085,12.90715,0,0,0,0,0
l1-n8192-zipf-w1,arity,1,8192,zipf,1,eas_k2_adaptive,eas,2,adaptive,11,2,ok,aa1b2237682d8b72d3f49fc261d9899818afd8c5de0f52634223fdebba2014b2,l1-n8192-zipf-w1-s11-r2-measure-eas_k2_adaptive,2534,5658,17.49338,12.412487,144854.7965,0.00690346487766,17208,17208,4.296686,0.784015,3.1313,4.294565,0.782085,0.766117,0,0.481201,0.004051,6497,845,6497,845,845,845,1,0,0,6497,37280,24576,0,0,0,0,0,431312,3.1313,3.244155,0.4029,3.214522,0,0.457837,8.767376,12.412487,0,0,0,0,0
l1-n8192-zipf-w1,arity,1,8192,zipf,1,native,native,,native,11,2,ok,aa1b2237682d8b72d3f49fc261d9899818afd8c5de0f52634223fdebba2014b2,l1-n8192-zipf-w1-s11-r2-measure-native,2540,5652,5.67582,0,447512.429922,0.00223457480315,16320,16320,4.219616,1.456115,0,4.217177,1.454696,0.774714,0.426937,0.440589,0.003858,6497,0,0,0,0,0,0,0,0,0,0,0,0,0,0,0,0,0,0,0,0,0,0,0,0,0,0,0,0,0,0
l1-n8192-zipf-w1,arity,1,8192,zipf,1,eas_k1_adaptive,eas,1,adaptive,11,3,ok,aa1b2237682d8b72d3f49fc261d9899818afd8c5de0f52634223fdebba2014b2,l1-n8192-zipf-w1-s11-r3-measure-eas_k1_adaptive,2540,5652,17.876776,12.902883,142083.78513,0.0070381007874,17232,17232,4.195093,0.778607,3.119805,4.192906,0.776817,0.758752,0,0.473018,0.003977,6497,845,6497,845,845,845,1,0,0,6497,37292,24576,0,0,0,0,0,431312,3.119805,3.251832,0.474009,3.389491,0,0.462628,9.266009,12.902883,0,0,0,0,0
l1-n8192-zipf-w1,arity,1,8192,zipf,1,accept_static_degree,accept_static_degree,,greedy,11,3,ok,aa1b2237682d8b72d3f49fc261d9899818afd8c5de0f52634223fdebba2014b2,l1-n8192-zipf-w1-s11-r3-measure-accept_static_degree,2540,5652,10.885513,6.010388,233337.647936,0.00428563503937,16796,16796,4.123596,0.751363,3.146635,4.121907,0.749637,0.752421,0,0.452857,0.003415,0,2540,8192,0,0,0,0,0,0,0,0,0,0,0,0,0,0,20320,3.146635,0,0,0.164964,0,0.06534,2.362655,6.010388,0.10793,0.785018,8192,10732,0
l1-n8192-zipf-w1,arity,1,8192,zipf,1,accept_id,accept_id,,greedy,11,3,ok,aa1b2237682d8b72d3f49fc261d9899818afd8c5de0f52634223fdebba2014b2,l1-n8192-zipf-w1-s11-r3-measure-accept_id,2540,5652,10.229681,5.182032,248297.087661,0.00402743346457,16712,16712,4.28545,0.762005,3.15383,4.283437,0.76007,0.753283,0,0.459815,0.003948,0,0,0,0,0,0,0,0,0,0,0,0,0,0,0,0,0,0,3.15383,0,0,0.205032,0,0.06538,1.498594,5.182032,0,0.006438,0,10732,0
l1-n8192-zipf-w1,arity,1,8192,zipf,1,eas_k2_adaptive,eas,2,adaptive,11,3,ok,aa1b2237682d8b72d3f49fc261d9899818afd8c5de0f52634223fdebba2014b2,l1-n8192-zipf-w1-s11-r3-measure-eas_k2_adaptive,2534,5658,17.374777,12.415034,145843.598453,0.00685666022099,17192,17192,4.191784,0.767808,3.117494,4.189592,0.765797,0.746976,0,0.464023,0.004203,6497,845,6497,845,845,845,1,0,0,6497,37280,24576,0,0,0,0,0,431312,3.117494,3.244409,0.403835,3.233411,0,0.451827,8.783132,12.415034,0,0,0,0,0
l1-n8192-zipf-w1,arity,1,8192,zipf,1,native,native,,native,11,3,ok,aa1b2237682d8b72d3f49fc261d9899818afd8c5de0f52634223fdebba2014b2,l1-n8192-zipf-w1-s11-r3-measure-native,2540,5652,5.744547,0,442158.45044,0.00226163267717,16260,16260,4.279994,1.464495,0,4.277914,1.461488,0.776344,0.425945,0.445386,0.005087,6497,0,0,0,0,0,0,0,0,0,0,0,0,0,0,0,0,0,0,0,0,0,0,0,0,0,0,0,0,0,0
l1-n8192-zipf-w1,arity,1,8192,zipf,1,accept_id,accept_id,,greedy,29,1,ok,f9709b1c9316e969bc4641450d60a654e9110afb8645f69a5f741fc1d6c94454,l1-n8192-zipf-w1-s29-r1-measure-accept_id,2501,5691,9.904458,5.103914,252512.555457,0.00396019912035,16928,16928,4.042438,0.75793,3.089814,4.040461,0.755808,0.752626,0,0.462347,0.004099,0,0,0,0,0,0,0,0,0,0,0,0,0,0,0,0,0,0,3.089814,0,0,0.204969,0,0.064041,1.511515,5.103914,0,0.007703,0,10693,0
l1-n8192-zipf-w1,arity,1,8192,zipf,1,eas_k2_adaptive,eas,2,adaptive,29,1,ok,f9709b1c9316e969bc4641450d60a654e9110afb8645f69a5f741fc1d6c94454,l1-n8192-zipf-w1-s29-r1-measure-eas_k2_adaptive,2494,5698,17.319202,12.318312,144002.015797,0.00694434723336,17056,17056,4.227427,0.773323,3.075775,4.225391,0.771667,0.762129,0,0.475943,0.003692,6488,797,6488,797,797,797,1,0,0,6488,37320,24576,0,0,0,0,0,428824,3.075775,3.21933,0.389843,3.217666,0,0.444422,8.724115,12.318312,0,0,0,0,0
l1-n8192-zipf-w1,arity,1,8192,zipf,1,eas_k1_adaptive,eas,1,adaptive,29,1,ok,f9709b1c9316e969bc4641450d60a654e9110afb8645f69a5f741fc1d6c94454,l1-n8192-zipf-w1-s29-r1-measure-eas_k1_adaptive,2501,5691,17.732455,12.784069,141040.820349,0.00709014594162,17348,17348,4.194822,0.753415,3.136275,4.192755,0.751422,0.738718,0,0.455532,0.00406,6488,797,6488,797,797,797,1,0,0,6488,37334,24576,0,0,0,0,0,428824,3.136275,3.201217,0.463327,3.342884,0,0.453722,9.124001,12.784069,0,0,0,0,0
l1-n8192-zipf-w1,arity,1,8192,zipf,1,native,native,,native,29,1,ok,f9709b1c9316e969bc4641450d60a654e9110afb8645f69a5f741fc1d6c94454,l1-n8192-zipf-w1-s29-r1-measure-native,2501,5691,5.69381,0,439248.93876,0.00227661335466,16512,16512,4.260705,1.432995,0,4.258798,1.430778,0.748287,0.420164,0.421486,0.004124,6488,0,0,0,0,0,0,0,0,0,0,0,0,0,0,0,0,0,0,0,0,0,0,0,0,0,0,0,0,0,0
l1-n8192-zipf-w1,arity,1,8192,zipf,1,accept_static_degree,accept_static_degree,,greedy,29,1,ok,f9709b1c9316e969bc4641450d60a654e9110afb8645f69a5f741fc1d6c94454,l1-n8192-zipf-w1-s29-r1-measure-accept_static_degree,2501,5691,10.927015,5.93698,228882.270227,0.00436905837665,16800,16800,4.225137,0.764721,3.059554,4.222827,0.76294,0.768986,0,0.46909,0.004091,0,2501,8192,0,0,0,0,0,0,0,0,0,0,0,0,0,0,20008,3.059554,0,0,0.156375,0,0.06887,2.376886,5.93698,0.103708,0.823692,8192,10693,0
l1-n8192-zipf-w1,arity,1,8192,zipf,1,accept_static_degree,accept_static_degree,,greedy,29,2,ok,f9709b1c9316e969bc4641450d60a654e9110afb8645f69a5f741fc1d6c94454,l1-n8192-zipf-w1-s29-r2-measure-accept_static_degree,2501,5691,10.980718,6.015941,227762.883994,0.0043905309876,16940,16940,4.220918,0.743577,3.130545,4.218442,0.741833,0.750979,0,0.445007,0.00422,0,2501,8192,0,0,0,0,0,0,0,0,0,0,0,0,0,0,20008,3.130545,0,0,0.166029,0,0.063772,2.385249,6.015941,0.108172,0.823286,8192,10693,0
l1-n8192-zipf-w1,arity,1,8192,zipf,1,eas_k1_adaptive,eas,1,adaptive,29,2,ok,f9709b1c9316e969bc4641450d60a654e9110afb8645f69a5f741fc1d6c94454,l1-n8192-zipf-w1-s29-r2-measure-eas_k1_adaptive,2501,5691,18.171308,13.079073,137634.561034,0.00726561695322,17232,17232,4.276305,0.815553,3.156759,4.274327,0.813629,0.75095,0,0.498267,0.003902,6488,797,6488,797,797,797,1,0,0,6488,37334,24576,0,0,0,0,0,428824,3.156759,3.39545,0.460803,3.364667,0,0.445063,9.400453,13.079073,0,0,0,0,0
l1-n8192-zipf-w1,arity,1,8192,zipf,1,accept_id,accept_id,,greedy,29,2,ok,f9709b1c9316e969bc4641450d60a654e9110afb8645f69a5f741fc1d6c94454,l1-n8192-zipf-w1-s29-r2-measure-accept_id,2501,5691,10.109623,5.19241,247388.057893,0.00404223230708,16780,16780,4.15383,0.763222,3.170048,4.152017,0.761641,0.744056,0,0.463618,0.003394,0,0,0,0,0,0,0,0,0,0,0,0,0,0,0,0,0,0,3.170048,0,0,0.205265,0,0.063261,1.508006,5.19241,0,0.00764,0,10693,0
l1-n8192-zipf-w1,arity,1,8192,zipf,1,eas_k2_adaptive,eas,2,adaptive,29,2,ok,f9709b1c9316e969bc4641450d60a654e9110afb8645f69a5f741fc1d6c94454,l1-n8192-zipf-w1-s29-r2-measure-eas_k2_adaptive,2494,5698,17.153689,12.339966,145391.466524,0.00687798275862,17128,17128,4.043341,0.77021,3.121079,4.041421,0.768397,0.746009,0,0.473233,0.003733,6488,797,6488,797,797,797,1,0,0,6488,37320,24576,0,0,0,0,0,428824,3.121079,3.205277,0.395654,3.20647,0,0.444963,8.704735,12.339966,0,0,0,0,0
l1-n8192-zipf-w1,arity,1,8192,zipf,1,native,native,,native,29,2,ok,f9709b1c9316e969bc4641450d60a654e9110afb8645f69a5f741fc1d6c94454,l1-n8192-zipf-w1-s29-r2-measure-native,2501,5691,5.682884,0,440093.445511,0.00227224470212,16376,16376,4.255663,1.427019,0,4.253276,1.424726,0.739695,0.424415,0.413323,0.00468,6488,0,0,0,0,0,0,0,0,0,0,0,0,0,0,0,0,0,0,0,0,0,0,0,0,0,0,0,0,0,0
l1-n8192-zipf-w1,arity,1,8192,zipf,1,accept_id,accept_id,,greedy,29,3,ok,f9709b1c9316e969bc4641450d60a654e9110afb8645f69a5f741fc1d6c94454,l1-n8192-zipf-w1-s29-r3-measure-accept_id,2501,5691,10.072847,5.114394,248291.272567,0.00402752778888,16728,16728,4.214375,0.743594,3.109325,4.212048,0.741809,0.751185,0,0.445958,0.004112,0,0,0,0,0,0,0,0,0,0,0,0,0,0,0,0,0,0,3.109325,0,0,0.202728,0,0.06615,1.501333,5.114394,0,0.006447,0,10693,0
l1-n8192-zipf-w1,arity,1,8192,zipf,1,eas_k1_adaptive,eas,1,adaptive,29,3,ok,f9709b1c9316e969bc4641450d60a654e9110afb8645f69a5f741fc1d6c94454,l1-n8192-zipf-w1-s29-r3-measure-eas_k1_adaptive,2501,5691,17.865157,12.787659,139993.172184,0.00714320551779,17416,17416,4.286067,0.791169,3.147613,4.283831,0.789393,0.773283,0,0.485375,0.004012,6488,797,6488,797,797,797,1,0,0,6488,37334,24576,0,0,0,0,0,428824,3.147613,3.19827,0.461379,3.355591,0,0.446095,9.120516,12.787659,0,0,0,0,0
l1-n8192-zipf-w1,arity,1,8192,zipf,1,accept_static_degree,accept_static_degree,,greedy,29,3,ok,f9709b1c9316e969bc4641450d60a654e9110afb8645f69a5f741fc1d6c94454,l1-n8192-zipf-w1-s29-r3-measure-accept_static_degree,2501,5691,10.910598,5.97984,229226.665669,0.00436249420232,16888,16888,4.197335,0.733308,3.092566,4.195106,0.731646,0.745212,0,0.440138,0.003891,0,2501,8192,0,0,0,0,0,0,0,0,0,0,0,0,0,0,20008,3.092566,0,0,0.165079,0,0.063773,2.387533,5.97984,0.107638,0.821431,8192,10693,0
l1-n8192-zipf-w1,arity,1,8192,zipf,1,native,native,,native,29,3,ok,f9709b1c9316e969bc4641450d60a654e9110afb8645f69a5f741fc1d6c94454,l1-n8192-zipf-w1-s29-r3-measure-native,2501,5691,5.78399,0,432400.470955,0.00231267093163,16320,16320,4.328326,1.455552,0,4.326229,1.452614,0.763108,0.42363,0.4342,0.005035,6488,0,0,0,0,0,0,0,0,0,0,0,0,0,0,0,0,0,0,0,0,0,0,0,0,0,0,0,0,0,0
l1-n8192-zipf-w1,arity,1,8192,zipf,1,eas_k2_adaptive,eas,2,adaptive,29,3,ok,f9709b1c9316e969bc4641450d60a654e9110afb8645f69a5f741fc1d6c94454,l1-n8192-zipf-w1-s29-r3-measure-eas_k2_adaptive,2494,5698,17.434891,12.363758,143046.492232,0.00699073416199,17332,17332,4.281449,0.789532,3.15278,4.279453,0.787621,0.804308,0,0.483221,0.003907,6488,797,6488,797,797,797,1,0,0,6488,37320,24576,0,0,0,0,0,428824,3.15278,3.195481,0.392517,3.201,0,0.45418,8.695401,12.363758,0,0,0,0,0
l1-n8192-zipf-w1,arity,1,8192,zipf,1,accept_static_degree,accept_static_degree,,greedy,47,1,ok,239192b54913db77583e32525b523bcb574134f955f3d6a422e8d2f3013e1ad1,l1-n8192-zipf-w1-s47-r1-measure-accept_static_degree,2481,5711,11.05894,6.044548,224343.381915,0.00445745264006,16756,16756,4.275774,0.738325,3.157919,4.273917,0.736603,0.750142,0,0.445627,0.003579,0,2481,8192,0,0,0,0,0,0,0,0,0,0,0,0,0,0,19848,3.157919,0,0,0.162887,0,0.063795,2.386471,6.044548,0.108103,0.823288,8192,10673,0
l1-n8192-zipf-w1,arity,1,8192,zipf,1,eas_k2_adaptive,eas,2,adaptive,47,1,ok,239192b54913db77583e32525b523bcb574134f955f3d6a422e8d2f3013e1ad1,l1-n8192-zipf-w1-s47-r1-measure-eas_k2_adaptive,2478,5714,17.397161,12.35413,142437.033261,0.00702064608555,17044,17044,4.284725,0.758143,3.146583,4.28256,0.755895,0.758001,0,0.46034,0.004413,6477,766,6477,766,766,766,1,0,0,6477,37324,24576,0,0,0,0,0,428616,3.146583,3.187582,0.399482,3.22077,0,0.438209,8.690432,12.35413,0,0,0,0,0
l1-n8192-zipf-w1,arity,1,8192,zipf,1,native,native,,native,47,1,ok,239192b54913db77583e32525b523bcb574134f955f3d6a422e8d2f3013e1ad1,l1-n8192-zipf-w1-s47-r1-measure-native,2481,5711,5.578915,0,444710.127328,0.00224865578396,16264,16264,4.149955,1.428904,0,4.147781,1.426378,0.748922,0.415495,0.413366,0.0047,6477,0,0,0,0,0,0,0,0,0,0,0,0,0,0,0,0,0,0,0,0,0,0,0,0,0,0,0,0,0,0
l1-n8192-zipf-w1,arity,1,8192,zipf,1,eas_k1_adaptive,eas,1,adaptive,47,1,ok,239192b54913db77583e32525b523bcb574134f955f3d6a422e8d2f3013e1ad1,l1-n8192-zipf-w1-s47-r1-measure-eas_k1_adaptive,2481,5711,17.724357,12.785232,139976.869119,0.00714403748489,17272,17272,4.164069,0.774881,3.14332,4.162377,0.773071,0.752264,0,0.471439,0.003502,6477,766,6477,766,766,766,1,0,0,6477,37330,24576,0,0,0,0,0,428616,3.14332,3.190872,0.457414,3.374854,0,0.442688,9.123847,12.785232,0,0,0,0,0
l1-n8192-zipf-w1,arity,1,8192,zipf,1,accept_id,accept_id,,greedy,47,1,ok,239192b54913db77583e32525b523bcb574134f955f3d6a422e8d2f3013e1ad1,l1-n8192-zipf-w1-s47-r1-measure-accept_id,2481,5711,10.201944,5.134042,243188.945166,0.00411202902056,16724,16724,4.306567,0.761146,3.122147,4.304328,0.758864,0.759559,0,0.462592,0.004521,0,0,0,0,0,0,0,0,0,0,0,0,0,0,0,0,0,0,3.122147,0,0,0.204873,0,0.063906,1.510215,5.134042,0,0.006472,0,10673,0
l1-n8192-zipf-w1,arity,1,8192,zipf,1,accept_id,accept_id,,greedy,47,2,ok,239192b54913db77583e32525b523bcb574134f955f3d6a422e8d2f3013e1ad1,l1-n8192-zipf-w1-s47-r2-measure-accept_id,2481,5711,10.064373,5.140252,246513.121086,0.00405657920193,16912,16912,4.185488,0.738388,3.137051,4.183366,0.736479,0.745436,0,0.443201,0.004031,0,0,0,0,0,0,0,0,0,0,0,0,0,0,0,0,0,0,3.137051,0,0,0.203033,0,0.063965,1.501761,5.140252,0,0.006459,0,10673,0
l1-n8192-zipf-w1,arity,1,8192,zipf,1,eas_k1_adaptive,eas,1,adaptive,47,2,ok,239192b54913db77583e32525b523bcb574134f955f3d6a422e8d2f3013e1ad1,l1-n8192-zipf-w1-s47-r2-measure-eas_k1_adaptive,2481,5711,17.695845,12.714977,140202.403446,0.00713254534462,17336,17336,4.23612,0.744517,3.03893,4.234238,0.742955,0.748988,0,0.450246,0.003444,6477,766,6477,766,766,766,1,0,0,6477,37330,24576,0,0,0,0,0,428616,3.03893,3.201508,0.451789,3.407683,0,0.441394,9.16195,12.714977,0,0,0,0,0
l1-n8192-zipf-w1,arity,1,8192,zipf,1,accept_static_degree,accept_static_degree,,greedy,47,2,ok,239192b54913db77583e32525b523bcb574134f955f3d6a422e8d2f3013e1ad1,l1-n8192-zipf-w1-s47-r2-measure-accept_static_degree,2481,5711,11.132839,6.035906,222854.206371,0.00448723861346,16984,16984,4.325807,0.771008,3.149322,4.323608,0.769004,0.761022,0,0.469815,0.004203,0,2481,8192,0,0,0,0,0,0,0,0,0,0,0,0,0,0,19848,3.149322,0,0,0.163932,0,0.062643,2.385846,6.035906,0.106726,0.827777,8192,10673,0
l1-n8192-zipf-w1,arity,1,8192,zipf,1,eas_k2_adaptive,eas,2,adaptive,47,2,ok,239192b54913db77583e32525b523bcb574134f955f3d6a422e8d2f3013e1ad1,l1-n8192-zipf-w1-s47-r2-measure-eas_k2_adaptive,2478,5714,17.439203,12.359585,142093.649578,0.00703761218725,17196,17196,4.298989,0.780461,3.140325,4.296595,0.77818,0.739435,0,0.470882,0.004675,6477,766,6477,766,766,766,1,0,0,6477,37324,24576,0,0,0,0,0,428616,3.140325,3.205968,0.392743,3.223567,0,0.43858,8.706233,12.359585,0,0,0,0,0
l1-n8192-zipf-w1,arity,1,8192,zipf,1,native,native,,native,47,2,ok,239192b54913db77583e32525b523bcb574134f955f3d6a422e8d2f3013e1ad1,l1-n8192-zipf-w1-s47-r2-measure-native,2481,5711,5.613663,0,441957.417109,0.00226266142684,16372,16372,4.18128,1.432325,0,4.179369,1.429817,0.755213,0.419828,0.419014,0.004419,6477,0,0,0,0,0,0,0,0,0,0,0,0,0,0,0,0,0,0,0,0,0,0,0,0,0,0,0,0,0,0
l1-n8192-zipf-w1,arity,1,8192,zipf,1,accept_static_degree,accept_static_degree,,greedy,47,3,ok,239192b54913db77583e32525b523bcb574134f955f3d6a422e8d2f3013e1ad1,l1-n8192-zipf-w1-s47-r3-measure-accept_static_degree,2481,5711,10.786012,5.951159,230020.140901,0.00434744538493,16872,16872,4.097486,0.737159,3.075392,4.095364,0.735183,0.740987,0,0.446541,0.004098,0,2481,8192,0,0,0,0,0,0,0,0,0,0,0,0,0,0,19848,3.075392,0,0,0.164888,0,0.063834,2.377128,5.951159,0.107313,0.815976,8192,10673,0
l1-n8192-zipf-w1,arity,1,8192,zipf,1,eas_k1_adaptive,eas,1,adaptive,47,3,ok,239192b54913db77583e32525b523bcb574134f955f3d6a422e8d2f3013e1ad1,l1-n8192-zipf-w1-s47-r3-measure-eas_k1_adaptive,2481,5711,17.910862,12.824541,138519.29628,0.0072192108021,17356,17356,4.327212,0.758577,3.178549,4.324945,0.756203,0.757206,0,0.456943,0.004641,6477,766,6477,766,766,766,1,0,0,6477,37330,24576,0,0,0,0,0,428616,3.178549,3.208713,0.450487,3.373839,0,0.441911,9.124759,12.824541,0,0,0,0,0
l1-n8192-zipf-w1,arity,1,8192,zipf,1,accept_id,accept_id,,greedy,47,3,ok,239192b54913db77583e32525b523bcb574134f955f3d6a422e8d2f3013e1ad1,l1-n8192-zipf-w1-s47-r3-measure-accept_id,2481,5711,10.226701,5.178812,242600.228559,0.0041220076582,16860,16860,4.285972,0.761763,3.17068,4.284106,0.759747,0.747866,0,0.46111,0.003882,0,0,0,0,0,0,0,0,0,0,0,0,0,0,0,0,0,0,3.17068,0,0,0.206605,0,0.063908,1.500479,5.178812,0,0.00775,0,10673,0
l1-n8192-zipf-w1,arity,1,8192,zipf,1,eas_k2_adaptive,eas,2,adaptive,47,3,ok,239192b54913db77583e32525b523bcb574134f955f3d6a422e8d2f3013e1ad1,l1-n8192-zipf-w1-s47-r3-measure-eas_k2_adaptive,2478,5714,17.417258,12.385475,142272.681498,0.00702875625504,17172,17172,4.26785,0.763715,3.142577,4.265743,0.761008,0.747766,0,0.461461,0.004814,6477,766,6477,766,766,766,1,0,0,6477,37324,24576,0,0,0,0,0,428616,3.142577,3.193291,0.392428,3.238695,0,0.437065,8.726085,12.385475,0,0,0,0,0
l1-n8192-zipf-w1,arity,1,8192,zipf,1,native,native,,native,47,3,ok,239192b54913db77583e32525b523bcb574134f955f3d6a422e8d2f3013e1ad1,l1-n8192-zipf-w1-s47-r3-measure-native,2481,5711,5.639023,0,439969.831653,0.00227288311165,16392,16392,4.210579,1.428377,0,4.208648,1.425613,0.738368,0.414324,0.411071,0.004695,6477,0,0,0,0,0,0,0,0,0,0,0,0,0,0,0,0,0,0,0,0,0,0,0,0,0,0,0,0,0,0
l1-n8192-zipf-w1,arity,1,8192,zipf,1,accept_static_degree,accept_static_degree,,greedy,71,1,ok,0bc1f8b14b88cd7d4c0c552e2b37936870b9b980b25e73fe8587bc35d0042578,l1-n8192-zipf-w1-s71-r1-measure-accept_static_degree,2573,5619,11.097238,6.024948,231859.495128,0.0043129568597,16808,16808,4.285176,0.786946,3.138206,4.282937,0.784885,0.767159,0,0.484541,0.0043,0,2573,8192,0,0,0,0,0,0,0,0,0,0,0,0,0,0,20584,3.138206,0,0,0.167486,0,0.064542,2.386554,6.024948,0.107463,0.80222,8192,10765,0
l1-n8192-zipf-w1,arity,1,8192,zipf,1,accept_id,accept_id,,greedy,71,1,ok,0bc1f8b14b88cd7d4c0c552e2b37936870b9b980b25e73fe8587bc35d0042578,l1-n8192-zipf-w1-s71-r1-measure-accept_id,2573,5619,10.260559,5.183654,250766.0645,0.00398778041197,16680,16680,4.306758,0.769986,3.160991,4.304593,0.76817,0.755254,0,0.463476,0.003981,0,0,0,0,0,0,0,0,0,0,0,0,0,0,0,0,0,0,3.160991,0,0,0.200479,0,0.064968,1.510149,5.183654,0,0.006444,0,10765,0
l1-n8192-zipf-w1,arity,1,8192,zipf,1,eas_k2_adaptive,eas,2,adaptive,71,1,ok,0bc1f8b14b88cd7d4c0c552e2b37936870b9b980b25e73fe8587bc35d0042578,l1-n8192-zipf-w1-s71-r1-measure-eas_k2_adaptive,2572,5620,17.718439,12.510256,145159.514334,0.00688897317263,17332,17332,4.343099,0.864909,3.182382,4.34098,0.86288,0.768661,0,0.53392,0.004148,6456,837,6456,837,837,837,1,0,0,6456,37060,24576,0,0,0,0,0,431448,3.182382,3.228604,0.432986,3.221807,0,0.452969,8.792987,12.510256,0,0,0,0,0
l1-n8192-zipf-w1,arity,1,8192,zipf,1,native,native,,native,71,1,ok,0bc1f8b14b88cd7d4c0c552e2b37936870b9b980b25e73fe8587bc35d0042578,l1-n8192-zipf-w1-s71-r1-measure-native,2573,5619,5.701563,0,451279.763111,0.00221592032647,16508,16508,4.254044,1.447407,0,4.251738,1.445321,0.755773,0.423697,0.42196,0.004392,6456,0,0,0,0,0,0,0,0,0,0,0,0,0,0,0,0,0,0,0,0,0,0,0,0,0,0,0,0,0,0
l1-n8192-zipf-w1,arity,1,8192,zipf,1,eas_k1_adaptive,eas,1,adaptive,71,1,ok,0bc1f8b14b88cd7d4c0c552e2b37936870b9b980b25e73fe8587bc35d0042578,l1-n8192-zipf-w1-s71-r1-measure-eas_k1_adaptive,2573,5619,17.892243,12.832278,143805.335083,0.0069538449281,17628,17628,4.256032,0.803739,3.099067,4.254054,0.801438,0.764997,0,0.49581,0.004279,6456,837,6456,837,837,837,1,0,0,6456,37062,24576,0,0,0,0,0,431448,3.099067,3.223954,0.49438,3.372166,0,0.464362,9.219672,12.832278,0,0,0,0,0
l1-n8192-zipf-w1,arity,1,8192,zipf,1,accept_static_degree,accept_static_degree,,greedy,71,2,ok,0bc1f8b14b88cd7d4c0c552e2b37936870b9b980b25e73fe8587bc35d0042578,l1-n8192-zipf-w1-s71-r2-measure-accept_static_degree,2573,5619,11.076093,6.045377,232302.130363,0.00430473882627,16876,16876,4.272497,0.758078,3.16818,4.270556,0.756636,0.750383,0,0.458894,0.003383,0,2573,8192,0,0,0,0,0,0,0,0,0,0,0,0,0,0,20584,3.16818,0,0,0.165668,0,0.065647,2.375651,6.045377,0.10853,0.795158,8192,10765,0
l1-n8192-zipf-w1,arity,1,8192,zipf,1,eas_k1_adaptive,eas,1,adaptive,71,2,ok,0bc1f8b14b88cd7d4c0c552e2b37936870b9b980b25e73fe8587bc35d0042578,l1-n8192-zipf-w1-s71-r2-measure-eas_k1_adaptive,2573,5619,18.07442,12.916406,142355.881959,0.0070246482705,17552,17552,4.349678,0.808199,3.176407,4.347584,0.806225,0.774077,0,0.493384,0.004068,6456,837,6456,837,837,837,1,0,0,6456,37062,24576,0,0,0,0,0,431448,3.176407,3.238137,0.4967,3.369035,0,0.454766,9.223583,12.916406,0,0,0,0,0
l1-n8192-zipf-w1,arity,1,8192,zipf,1,accept_id,accept_id,,greedy,71,2,ok,0bc1f8b14b88cd7d4c0c552e2b37936870b9b980b25e73fe8587bc35d0042578,l1-n8192-zipf-w1-s71-r2-measure-accept_id,2573,5619,10.122533,5.167465,254185.390159,0.00393413641663,16900,16900,4.197973,0.756924,3.156061,4.195931,0.754826,0.759363,0,0.454922,0.00414,0,0,0,0,0,0,0,0,0,0,0,0,0,0,0,0,0,0,3.156061,0,0,0.202488,0,0.064972,1.506003,5.167465,0,0.006452,0,10765,0
l1-n8192-zipf-w1,arity,1,8192,zipf,1,native,native,,native,71,2,ok,0bc1f8b14b88cd7d4c0c552e2b37936870b9b980b25e73fe8587bc35d0042578,l1-n8192-zipf-w1-s71-r2-measure-native,2573,5619,5.724017,0,449509.496565,0.00222464710455,16320,16320,4.272462,1.451458,0,4.270577,1.448398,0.756401,0.418308,0.424745,0.004945,6456,0,0,0,0,0,0,0,0,0,0,0,0,0,0,0,0,0,0,0,0,0,0,0,0,0,0,0,0,0,0
l1-n8192-zipf-w1,arity,1,8192,zipf,1,eas_k2_adaptive,eas,2,adaptive,71,2,ok,0bc1f8b14b88cd7d4c0c552e2b37936870b9b980b25e73fe8587bc35d0042578,l1-n8192-zipf-w1-s71-r2-measure-eas_k2_adaptive,2572,5620,17.516847,12.455975,146830.077354,0.0068105937014,17480,17480,4.272214,0.788448,3.135049,4.269842,0.786309,0.754961,0,0.478732,0.004511,6456,837,6456,837,837,837,1,0,0,6456,37060,24576,0,0,0,0,0,431448,3.135049,3.225855,0.437248,3.230683,0,0.457286,8.805573,12.455975,0,0,0,0,0
l1-n8192-zipf-w1,arity,1,8192,zipf,1,accept_id,accept_id,,greedy,71,3,ok,0bc1f8b14b88cd7d4c0c552e2b37936870b9b980b25e73fe8587bc35d0042578,l1-n8192-zipf-w1-s71-r3-measure-accept_id,2573,5619,10.100103,5.123649,254749.877303,0.00392541896619,16904,16904,4.20405,0.772242,3.118944,4.201969,0.770487,0.769061,0,0.464753,0.003836,0,0,0,0,0,0,0,0,0,0,0,0,0,0,0,0,0,0,3.118944,0,0,0.202831,0,0.065666,1.506503,5.123649,0,0.006444,0,10765,0
l1-n8192-zipf-w1,arity,1,8192,zipf,1,eas_k2_adaptive,eas,2,adaptive,71,3,ok,0bc1f8b14b88cd7d4c0c552e2b37936870b9b980b25e73fe8587bc35d0042578,l1-n8192-zipf-w1-s71-r3-measure-eas_k2_adaptive,2572,5620,17.476401,12.495581,147169.88927,0.00679486819596,17396,17396,4.195734,0.7849,3.185961,4.193497,0.782575,0.755406,0,0.472804,0.004562,6456,837,6456,837,837,837,1,0,0,6456,37060,24576,0,0,0,0,0,431448,3.185961,3.23163,0.427514,3.224663,0,0.457633,8.797575,12.495581,0,0,0,0,0
l1-n8192-zipf-w1,arity,1,8192,zipf,1,eas_k1_adaptive,eas,1,adaptive,71,3,ok,0bc1f8b14b88cd7d4c0c552e2b37936870b9b980b25e73fe8587bc35d0042578,l1-n8192-zipf-w1-s71-r3-measure-eas_k1_adaptive,2573,5619,18.200423,12.974842,141370.340678,0.0070736195103,17396,17396,4.293163,0.932235,3.186336,4.290891,0.929945,0.761296,0,0.586279,0.004562,6456,837,6456,837,837,837,1,0,0,6456,37062,24576,0,0,0,0,0,431448,3.186336,3.226246,0.50211,3.415348,0,0.455506,9.265969,12.974842,0,0,0,0,0
l1-n8192-zipf-w1,arity,1,8192,zipf,1,native,native,,native,71,3,ok,0bc1f8b14b88cd7d4c0c552e2b37936870b9b980b25e73fe8587bc35d0042578,l1-n8192-zipf-w1-s71-r3-measure-native,2573,5619,5.651259,0,455296.775462,0.00219636960746,16308,16308,4.212449,1.43872,0,4.210233,1.436333,0.755182,0.421558,0.422164,0.004603,6456,0,0,0,0,0,0,0,0,0,0,0,0,0,0,0,0,0,0,0,0,0,0,0,0,0,0,0,0,0,0
l1-n8192-zipf-w1,arity,1,8192,zipf,1,accept_static_degree,accept_static_degree,,greedy,71,3,ok,0bc1f8b14b88cd7d4c0c552e2b37936870b9b980b25e73fe8587bc35d0042578,l1-n8192-zipf-w1-s71-r3-measure-accept_static_degree,2573,5619,11.134245,5.998611,231088.861436,0.00432733968131,16932,16932,4.348683,0.786717,3.108662,4.346127,0.784759,0.776877,0,0.484477,0.004514,0,2573,8192,0,0,0,0,0,0,0,0,0,0,0,0,0,0,20584,3.108662,0,0,0.169405,0,0.064455,2.38424,5.998611,0.107016,0.791985,8192,10765,0
l1-n8192-zipf-w1,arity,1,8192,zipf,1,native,native,,native,101,1,ok,3383b8b073ae5657b7feec0ba685208ba8d47a2bdf85e6b726861f23f968b3a8,l1-n8192-zipf-w1-s101-r1-measure-native,2485,5707,5.599272,0,443807.695,0.00225322816901,16316,16316,4.153384,1.445832,0,4.151104,1.444116,0.74607,0.424024,0.429497,0.003996,6524,0,0,0,0,0,0,0,0,0,0,0,0,0,0,0,0,0,0,0,0,0,0,0,0,0,0,0,0,0,0
l1-n8192-zipf-w1,arity,1,8192,zipf,1,accept_static_degree,accept_static_degree,,greedy,101,1,ok,3383b8b073ae5657b7feec0ba685208ba8d47a2bdf85e6b726861f23f968b3a8,l1-n8192-zipf-w1-s101-r1-measure-accept_static_degree,2485,5707,10.84735,6.051511,229088.210485,0.00436513078471,16940,16940,4.063464,0.73226,3.039355,4.061198,0.730368,0.736978,0,0.441651,0.004158,0,2485,8192,0,0,0,0,0,0,0,0,0,0,0,0,0,0,19880,3.039355,0,0,0.160302,0,0.062714,2.495465,6.051511,0.106304,0.833096,8192,10677,0
l1-n8192-zipf-w1,arity,1,8192,zipf,1,eas_k2_adaptive,eas,2,adaptive,101,1,ok,3383b8b073ae5657b7feec0ba685208ba8d47a2bdf85e6b726861f23f968b3a8,l1-n8192-zipf-w1-s101-r1-measure-eas_k2_adaptive,2482,5710,17.522908,12.50471,141643.15649,0.00705999516519,17060,17060,4.244106,0.773902,3.167668,4.242195,0.772095,0.742036,0,0.456711,0.003718,6524,817,6524,817,817,817,1,0,0,6524,37504,24576,0,0,0,0,0,428056,3.167668,3.240938,0.395064,3.278831,0,0.448475,8.818174,12.50471,0,0,0,0,0
l1-n8192-zipf-w1,arity,1,8192,zipf,1,accept_id,accept_id,,greedy,101,1,ok,3383b8b073ae5657b7feec0ba685208ba8d47a2bdf85e6b726861f23f968b3a8,l1-n8192-zipf-w1-s101-r1-measure-accept_id,2485,5707,10.257241,5.175605,242267.876908,0.00412766237425,16756,16756,4.339053,0.742289,3.164733,4.336727,0.740321,0.759751,0,0.444736,0.004294,0,0,0,0,0,0,0,0,0,0,0,0,0,0,0,0,0,0,3.164733,0,0,0.205139,0,0.066324,1.50833,5.175605,0,0.006429,0,10677,0
l1-n8192-zipf-w1,arity,1,8192,zipf,1,eas_k1_adaptive,eas,1,adaptive,101,1,ok,3383b8b073ae5657b7feec0ba685208ba8d47a2bdf85e6b726861f23f968b3a8,l1-n8192-zipf-w1-s101-r1-measure-eas_k1_adaptive,2485,5707,18.066438,12.942694,137547.866381,0.00727019637827,17360,17360,4.313393,0.810153,3.175221,4.311258,0.808153,0.742991,0,0.493022,0.004135,6524,817,6524,817,817,817,1,0,0,6524,37510,24576,0,0,0,0,0,428056,3.175221,3.245893,0.46664,3.417984,0,0.45067,9.246893,12.942694,0,0,0,0,0
l1-n8192-zipf-w1,arity,1,8192,zipf,1,accept_static_degree,accept_static_degree,,greedy,101,2,ok,3383b8b073ae5657b7feec0ba685208ba8d47a2bdf85e6b726861f23f968b3a8,l1-n8192-zipf-w1-s101-r2-measure-accept_static_degree,2485,5707,11.055733,6.129197,224770.261728,0.00444898712274,17080,17080,4.161817,0.764555,3.187996,4.160012,0.762641,0.753043,0,0.463814,0.003719,0,2485,8192,0,0,0,0,0,0,0,0,0,0,0,0,0,0,19880,3.187996,0,0,0.167774,0,0.064245,2.437944,6.129197,0.115396,0.845077,8192,10677,0
l1-n8192-zipf-w1,arity,1,8192,zipf,1,accept_id,accept_id,,greedy,101,2,ok,3383b8b073ae5657b7feec0ba685208ba8d47a2bdf85e6b726861f23f968b3a8,l1-n8192-zipf-w1-s101-r2-measure-accept_id,2485,5707,10.257364,5.273333,242264.97178,0.00412771187123,16840,16840,4.242651,0.741197,3.261717,4.240697,0.739549,0.743391,0,0.446055,0.003602,0,0,0,0,0,0,0,0,0,0,0,0,0,0,0,0,0,0,3.261717,0,0,0.203939,0,0.064191,1.503303,5.273333,0,0.006451,0,10677,0
l1-n8192-zipf-w1,arity,1,8192,zipf,1,native,native,,native,101,2,ok,3383b8b073ae5657b7feec0ba685208ba8d47a2bdf85e6b726861f23f968b3a8,l1-n8192-zipf-w1-s101-r2-measure-native,2485,5707,5.530484,0,449327.762272,0.00222554688129,16196,16196,4.102641,1.427729,0,4.100702,1.425879,0.741861,0.421505,0.418746,0.003789,6524,0,0,0,0,0,0,0,0,0,0,0,0,0,0,0,0,0,0,0,0,0,0,0,0,0,0,0,0,0,0
l1-n8192-zipf-w1,arity,1,8192,zipf,1,eas_k1_adaptive,eas,1,adaptive,101,2,ok,3383b8b073ae5657b7feec0ba685208ba8d47a2bdf85e6b726861f23f968b3a8,l1-n8192-zipf-w1-s101-r2-measure-eas_k1_adaptive,2485,5707,17.855632,12.88865,139171.775046,0.00718536498994,17340,17340,4.208894,0.757915,3.135568,4.206828,0.755905,0.736651,0,0.456794,0.004076,6524,817,6524,817,817,817,1,0,0,6524,37510,24576,0,0,0,0,0,428056,3.135568,3.238084,0.459316,3.423959,0,0.451612,9.234437,12.88865,0,0,0,0,0
l1-n8192-zipf-w1,arity,1,8192,zipf,1,eas_k2_adaptive,eas,2,adaptive,101,2,ok,3383b8b073ae5657b7feec0ba685208ba8d47a2bdf85e6b726861f23f968b3a8,l1-n8192-zipf-w1-s101-r2-measure-eas_k2_adaptive,2482,5710,17.604489,12.500061,140986.767636,0.0070928642224,17244,17244,4.352299,0.751955,3.170386,4.35031,0.750117,0.741329,0,0.452247,0.003827,6524,817,6524,817,817,817,1,0,0,6524,37504,24576,0,0,0,0,0,428056,3.170386,3.257017,0.392011,3.259948,0,0.453004,8.816052,12.500061,0,0,0,0,0
l1-n8192-zipf-w1,arity,1,8192,zipf,1,accept_static_degree,accept_static_degree,,greedy,101,3,ok,3383b8b073ae5657b7feec0ba685208ba8d47a2bdf85e6b726861f23f968b3a8,l1-n8192-zipf-w1-s101-r3-measure-accept_static_degree,2485,5707,11.203262,6.101379,221810.397722,0.00450835492958,16700,16700,4.31962,0.782115,3.189139,4.317133,0.779733,0.75869,0,0.477035,0.004869,0,2485,8192,0,0,0,0,0,0,0,0,0,0,0,0,0,0,19880,3.189139,0,0,0.163442,0,0.066584,2.410412,6.101379,0.109524,0.83587,8192,10677,0
l1-n8192-zipf-w1,arity,1,8192,zipf,1,eas_k2_adaptive,eas,2,adaptive,101,3,ok,3383b8b073ae5657b7feec0ba685208ba8d47a2bdf85e6b726861f23f968b3a8,l1-n8192-zipf-w1-s101-r3-measure-eas_k2_adaptive,2482,5710,17.588268,12.517927,141116.794445,0.00708632876712,17080,17080,4.30647,0.763684,3.178565,4.303598,0.761419,0.749601,0,0.458555,0.005137,6524,817,6524,817,817,817,1,0,0,6524,37504,24576,0,0,0,0,0,428056,3.178565,3.250419,0.39462,3.279777,0,0.453279,8.823369,12.517927,0,0,0,0,0
l1-n8192-zipf-w1,arity,1,8192,zipf,1,accept_id,accept_id,,greedy,101,3,ok,3383b8b073ae5657b7feec0ba685208ba8d47a2bdf85e6b726861f23f968b3a8,l1-n8192-zipf-w1-s101-r3-measure-accept_id,2485,5707,10.206011,5.262563,243483.962539,0.00410704668008,16796,16796,4.204121,0.73917,3.165076,4.202165,0.73688,0.743976,0,0.441175,0.004246,0,0,0,0,0,0,0,0,0,0,0,0,0,0,0,0,0,0,3.165076,0,0,0.204026,0,0.065425,1.594931,5.262563,0,0.006459,0,10677,0
l1-n8192-zipf-w1,arity,1,8192,zipf,1,native,native,,native,101,3,ok,3383b8b073ae5657b7feec0ba685208ba8d47a2bdf85e6b726861f23f968b3a8,l1-n8192-zipf-w1-s101-r3-measure-native,2485,5707,5.664433,0,438702.337904,0.0022794498994,16332,16332,4.245938,1.418447,0,4.244054,1.416245,0.742966,0.419019,0.408775,0.004086,6524,0,0,0,0,0,0,0,0,0,0,0,0,0,0,0,0,0,0,0,0,0,0,0,0,0,0,0,0,0,0
l1-n8192-zipf-w1,arity,1,8192,zipf,1,eas_k1_adaptive,eas,1,adaptive,101,3,ok,3383b8b073ae5657b7feec0ba685208ba8d47a2bdf85e6b726861f23f968b3a8,l1-n8192-zipf-w1-s101-r3-measure-eas_k1_adaptive,2485,5707,17.969583,12.832065,138289.241325,0.00723122052314,17364,17364,4.358923,0.778428,3.071793,4.356677,0.776478,0.775209,0,0.478761,0.004196,6524,817,6524,817,817,817,1,0,0,6524,37510,24576,0,0,0,0,0,428056,3.071793,3.231045,0.463624,3.440602,0,0.450749,9.238709,12.832065,0,0,0,0,0
l3-n8192-uniform-w1,arity,3,8192,uniform,1,eas_k1_adaptive,eas,1,adaptive,11,1,ok,5fffd9612b896d153e8afa42427133c85bcb568736799e9b2e5e5b35f94e3451,l3-n8192-uniform-w1-s11-r1-measure-eas_k1_adaptive,2215,5977,57.2598,47.320016,38683.3345558,0.0258509255079,31752,31752,8.236547,1.703035,6.81566,8.2343,1.699752,2.092088,0,1.364043,0.00553,8187,41838,57309,0,0,0,0,32018,0,0,0,73728,0,0,0,0,0,7967184,6.81566,23.452532,0.793292,6.495287,0,4.380339,39.907793,47.320016,0,0,0,0,23831
l3-n8192-uniform-w1,arity,3,8192,uniform,1,accept_static_degree,accept_static_degree,,greedy,11,1,ok,5fffd9612b896d153e8afa42427133c85bcb568736799e9b2e5e5b35f94e3451,l3-n8192-uniform-w1-s11-r1-measure-accept_static_degree,2274,5918,49.109649,39.555218,46304.5459763,0.021596151715,24480,24480,8.174957,1.379309,6.809265,8.172597,1.376236,2.078451,0,1.066041,0.005433,0,41873,57344,0,0,0,0,0,0,0,0,0,0,0,0,0,0,2009904,6.809265,0,0,1.800607,0,0.057448,32.17446,39.555218,28.221929,0.800696,8192,22749,0
l3-n8192-uniform-w1,arity,3,8192,uniform,1,accept_id,accept_id,,greedy,11,1,ok,5fffd9612b896d153e8afa42427133c85bcb568736799e9b2e5e5b35f94e3451,l3-n8192-uniform-w1-s11-r1-measure-accept_id,1956,6236,18.017442,8.88823,108561.470602,0.00921137116564,22044,22044,8.218132,0.910866,6.820194,8.215839,0.90859,2.03955,0,0.678339,0.004569,0,0,0,0,0,0,0,0,0,0,0,0,0,0,0,0,0,0,6.820194,0,0,0.196567,0,0.045175,1.511877,8.88823,0,0.006446,0,18654,0
l3-n8192-uniform-w1,arity,3,8192,uniform,1,eas_k2_adaptive,eas,2,adaptive,11,1,ok,5fffd9612b896d153e8afa42427133c85bcb568736799e9b2e5e5b35f94e3451,l3-n8192-uniform-w1-s11-r1-measure-eas_k2_adaptive,2214,5978,56.547145,46.658343,39153.1703325,0.0255407158988,31812,31812,8.192567,1.695941,6.766813,8.190619,1.693409,2.090991,0,1.349727,0.00448,8187,41838,57309,0,0,0,0,32012,0,0,0,73728,0,0,0,0,0,7967184,6.766813,23.442001,0.71733,6.288573,0,4.305804,39.288186,46.658343,0,0,0,0,23825
l3-n8192-uniform-w1,arity,3,8192,uniform,1,native,native,,native,11,1,ok,5fffd9612b896d153e8afa42427133c85bcb568736799e9b2e5e5b35f94e3451,l3-n8192-uniform-w1-s11-r1-measure-native,1139,7053,9.794867,0,116285.397239,0.00859953204565,21920,21920,8.16224,1.632382,0,8.160293,1.629909,2.058628,0.750296,0.399411,0.00442,8187,0,0,0,0,0,0,0,0,0,0,0,0,0,0,0,0,0,0,0,0,0,0,0,0,0,0,0,0,0,0
l3-n8192-uniform-w1,arity,3,8192,uniform,1,eas_k2_adaptive,eas,2,adaptive,11,2,ok,5fffd9612b896d153e8afa42427133c85bcb568736799e9b2e5e5b35f94e3451,l3-n8192-uniform-w1-s11-r2-measure-eas_k2_adaptive,2214,5978,57.006948,47.02235,38837.371192,0.025748395664,31804,31804,8.34772,1.636669,6.822627,8.345289,1.633798,2.114227,0,1.29382,0.005302,8187,41838,57309,0,0,0,0,32012,0,0,0,73728,0,0,0,0,0,7967184,6.822627,23.571762,0.723033,6.310875,0,4.397343,39.569351,47.02235,0,0,0,0,23825
l3-n8192-uniform-w1,arity,3,8192,uniform,1,eas_k1_adaptive,eas,1,adaptive,11,2,ok,5fffd9612b896d153e8afa42427133c85bcb568736799e9b2e5e5b35f94e3451,l3-n8192-uniform-w1-s11-r2-measure-eas_k1_adaptive,2215,5977,57.353726,47.392782,38619.9843407,0.0258933300226,31744,31744,8.202995,1.757667,6.807837,8.200706,1.754599,2.079816,0,1.403017,0.005357,8187,41838,57309,0,0,0,0,32018,0,0,0,73728,0,0,0,0,0,7967184,6.807837,23.447485,0.80019,6.529781,0,4.411086,39.982936,47.392782,0,0,0,0,23831
l3-n8192-uniform-w1,arity,3,8192,uniform,1,accept_static_degree,accept_static_degree,,greedy,11,2,ok,5fffd9612b896d153e8afa42427133c85bcb568736799e9b2e5e5b35f94e3451,l3-n8192-uniform-w1-s11-r2-measure-accept_static_degree,2274,5918,49.527757,39.766935,45913.6479772,0.0217800162709,24364,24364,8.278514,1.481964,6.790321,8.276038,1.478985,2.108192,0,1.150839,0.005455,0,41873,57344,0,0,0,0,0,0,0,0,0,0,0,0,0,0,2009904,6.790321,0,0,1.844891,0,0.056509,32.398438,39.766935,28.392785,0.811023,8192,22749,0
l3-n8192-uniform-w1,arity,3,8192,uniform,1,native,native,,native,11,2,ok,5fffd9612b896d153e8afa42427133c85bcb568736799e9b2e5e5b35f94e3451,l3-n8192-uniform-w1-s11-r2-measure-native,1139,7053,9.956687,0,114395.481147,0.00874160403863,21892,21892,8.312577,1.644021,0,8.310033,1.641613,2.100813,0.746206,0.418563,0.004952,8187,0,0,0,0,0,0,0,0,0,0,0,0,0,0,0,0,0,0,0,0,0,0,0,0,0,0,0,0,0,0
l3-n8192-uniform-w1,arity,3,8192,uniform,1,accept_id,accept_id,,greedy,11,2,ok,5fffd9612b896d153e8afa42427133c85bcb568736799e9b2e5e5b35f94e3451,l3-n8192-uniform-w1-s11-r2-measure-accept_id,1956,6236,18.044827,8.932054,108396.716688,0.00922537167689,22204,22204,8.187779,0.924848,6.853103,8.18555,0.922673,2.070157,0,0.692635,0.004404,0,0,0,0,0,0,0,0,0,0,0,0,0,0,0,0,0,0,6.853103,0,0,0.199727,0,0.045743,1.517749,8.932054,0,0.00645,0,18654,0
l3-n8192-uniform-w1,arity,3,8192,uniform,1,native,native,,native,11,3,ok,5fffd9612b896d153e8afa42427133c85bcb568736799e9b2e5e5b35f94e3451,l3-n8192-uniform-w1-s11-r3-measure-native,1139,7053,9.877714,0,115310.080855,0.00867226865672,21724,21724,8.253504,1.624148,0,8.251167,1.621725,2.102202,0.750378,0.398175,0.00476,8187,0,0,0,0,0,0,0,0,0,0,0,0,0,0,0,0,0,0,0,0,0,0,0,0,0,0,0,0,0,0
l3-n8192-uniform-w1,arity,3,8192,uniform,1,accept_id,accept_id,,greedy,11,3,ok,5fffd9612b896d153e8afa42427133c85bcb568736799e9b2e5e5b35f94e3451,l3-n8192-uniform-w1-s11-r3-measure-accept_id,1956,6236,18.281079,8.982652,106995.872618,0.00934615490798,22108,22108,8.332372,0.965821,6.894455,8.329816,0.963885,2.096136,0,0.728617,0.004492,0,0,0,0,0,0,0,0,0,0,0,0,0,0,0,0,0,0,6.894455,0,0,0.193098,0,0.04548,1.527857,8.982652,0,0.006435,0,18654,0
l3-n8192-uniform-w1,arity,3,8192,uniform,1,eas_k1_adaptive,eas,1,adaptive,11,3,ok,5fffd9612b896d153e8afa42427133c85bcb568736799e9b2e5e5b35f94e3451,l3-n8192-uniform-w1-s11-r3-measure-eas_k1_adaptive,2215,5977,57.787303,48.146992,38330.2193563,0.0260890758465,31756,31756,8.010299,1.629856,6.814738,8.008189,1.627717,2.034948,0,1.286999,0.004249,8187,41838,57309,0,0,0,0,32018,0,0,0,73728,0,0,0,0,0,7967184,6.814738,23.728352,0.808098,6.736969,0,4.528067,40.738174,48.146992,0,0,0,0,23831
l3-n8192-uniform-w1,arity,3,8192,uniform,1,accept_static_degree,accept_static_degree,,greedy,11,3,ok,5fffd9612b896d153e8afa42427133c85bcb568736799e9b2e5e5b35f94e3451,l3-n8192-uniform-w1-s11-r3-measure-accept_static_degree,2274,5918,49.446619,39.870158,45988.9886506,0.0217443355321,24460,24460,8.250218,1.326008,6.776537,8.247888,1.322906,2.107515,0,1.014702,0.005432,0,41873,57344,0,0,0,0,0,0,0,0,0,0,0,0,0,0,2009904,6.776537,0,0,1.853452,0,0.057697,32.530186,39.870158,28.503156,0.813167,8192,22749,0
l3-n8192-uniform-w1,arity,3,8192,uniform,1,eas_k2_adaptive,eas,2,adaptive,11,3,ok,5fffd9612b896d153e8afa42427133c85bcb568736799e9b2e5e5b35f94e3451,l3-n8192-uniform-w1-s11-r3-measure-eas_k2_adaptive,2214,5978,56.842201,47.024691,38949.9343982,0.0256739841915,31724,31724,8.126579,1.690811,6.830516,8.124408,1.687715,2.033783,0,1.344665,0.005267,8187,41838,57309,0,0,0,0,32012,0,0,0,73728,0,0,0,0,0,7967184,6.830516,23.518683,0.725958,6.323874,0,4.405192,39.585808,47.024691,0,0,0,0,23825
l3-n8192-uniform-w1,arity,3,8192,uniform,1,eas_k2_adaptive,eas,2,adaptive,29,1,ok,7ff26f8d06f277fb3ddaad6dc65eccd7111b9dd889f676e301d982a03cf06dad,l3-n8192-uniform-w1-s29-r1-measure-eas_k2_adaptive,2226,5966,56.661062,46.915473,39286.2385813,0.0254542057502,31820,31820,8.014785,1.730293,6.762554,8.012574,1.727228,2.006066,0,1.370065,0.005276,8185,41851,57295,0,0,0,0,31913,0,0,0,73728,0,0,0,0,0,7966736,6.762554,23.521871,0.732393,6.304946,0,4.387673,39.541752,46.915473,0,0,0,0,23728
l3-n8192-uniform-w1,arity,3,8192,uniform,1,accept_id,accept_id,,greedy,29,1,ok,7ff26f8d06f277fb3ddaad6dc65eccd7111b9dd889f676e301d982a03cf06dad,l3-n8192-uniform-w1-s29-r1-measure-accept_id,1984,6208,17.915525,8.802706,110741.9403,0.00903000252016,22048,22048,8.171074,0.941452,6.739239,8.168775,0.938774,2.068747,0,0.704284,0.004977,0,0,0,0,0,0,0,0,0,0,0,0,0,0,0,0,0,0,6.739239,0,0,0.201532,0,0.046742,1.509102,8.802706,0,0.006433,0,18821,0
l3-n8192-uniform-w1,arity,3,8192,uniform,1,native,native,,native,29,1,ok,7ff26f8d06f277fb3ddaad6dc65eccd7111b9dd889f676e301d982a03cf06dad,l3-n8192-uniform-w1-s29-r1-measure-native,1104,7088,9.694396,0,113880.225235,0.0087811557971,21896,21896,8.075246,1.618983,0,8.072697,1.615852,2.047815,0.750662,0.38194,0.00568,8185,0,0,0,0,0,0,0,0,0,0,0,0,0,0,0,0,0,0,0,0,0,0,0,0,0,0,0,0,0,0
l3-n8192-uniform-w1,arity,3,8192,uniform,1,accept_static_degree,accept_static_degree,,greedy,29,1,ok,7ff26f8d06f277fb3ddaad6dc65eccd7111b9dd889f676e301d982a03cf06dad,l3-n8192-uniform-w1-s29-r1-measure-accept_static_degree,2273,5919,49.128925,39.612911,46266.0235289,0.021614133304,24536,24536,8.168047,1.347767,6.797677,8.165668,1.34534,2.080765,0,1.029742,0.004806,0,41900,57344,0,0,0,0,0,0,0,0,0,0,0,0,0,0,2011200,6.797677,0,0,1.781438,0,0.057841,32.089847,39.612911,28.181155,0.807776,8192,22823,0
l3-n8192-uniform-w1,arity,3,8192,uniform,1,eas_k1_adaptive,eas,1,adaptive,29,1,ok,7ff26f8d06f277fb3ddaad6dc65eccd7111b9dd889f676e301d982a03cf06dad,l3-n8192-uniform-w1-s29-r1-measure-eas_k1_adaptive,2230,5962,57.266125,47.37004,38940.9969681,0.0256798766816,31724,31724,8.114662,1.78126,6.813643,8.112364,1.779004,2.025281,0,1.419721,0.004554,8185,41851,57295,0,0,0,0,31910,0,0,0,73728,0,0,0,0,0,7966736,6.813643,23.494005,0.800158,6.471784,0,4.377977,39.950274,47.37004,0,0,0,0,23725
l3-n8192-uniform-w1,arity,3,8192,uniform,1,native,native,,native,29,2,ok,7ff26f8d06f277fb3ddaad6dc65eccd7111b9dd889f676e301d982a03cf06dad,l3-n8192-uniform-w1-s29-r2-measure-native,1104,7088,10.169588,0,108558.970137,0.00921158333333,21724,21724,8.538343,1.631178,0,8.535439,1.629007,2.153699,0.754976,0.402813,0.005075,8185,0,0,0,0,0,0,0,0,0,0,0,0,0,0,0,0,0,0,0,0,0,0,0,0,0,0,0,0,0,0
l3-n8192-uniform-w1,arity,3,8192,uniform,1,eas_k2_adaptive,eas,2,adaptive,29,2,ok,7ff26f8d06f277fb3ddaad6dc65eccd7111b9dd889f676e301d982a03cf06dad,l3-n8192-uniform-w1-s29-r2-measure-eas_k2_adaptive,2226,5966,57.458127,47.312328,38741.2558714,0.0258122762803,31720,31720,8.423242,1.722247,6.806616,8.420762,1.71984,2.13118,0,1.365704,0.004887,8185,41851,57295,0,0,0,0,31913,0,0,0,73728,0,0,0,0,0,7966736,6.806616,23.62635,0.743561,6.368449,0,4.488036,39.896864,47.312328,0,0,0,0,23728
l3-n8192-uniform-w1,arity,3,8192,uniform,1,eas_k1_adaptive,eas,1,adaptive,29,2,ok,7ff26f8d06f277fb3ddaad6dc65eccd7111b9dd889f676e301d982a03cf06dad,l3-n8192-uniform-w1-s29-r2-measure-eas_k1_adaptive,2230,5962,57.745007,47.731573,38618.0574885,0.0258946219731,31744,31744,8.302356,1.710909,6.758336,8.299752,1.707694,2.117695,0,1.357534,0.005819,8185,41851,57295,0,0,0,0,31910,0,0,0,73728,0,0,0,0,0,7966736,6.758336,23.594652,0.806781,6.607693,0,4.488382,40.379729,47.731573,0,0,0,0,23725
l3-n8192-uniform-w1,arity,3,8192,uniform,1,accept_id,accept_id,,greedy,29,2,ok,7ff26f8d06f277fb3ddaad6dc65eccd7111b9dd889f676e301d982a03cf06dad,l3-n8192-uniform-w1-s29-r2-measure-accept_id,1984,6208,18.124871,8.853291,109462.848039,0.00913551965726,21980,21980,8.292864,0.978389,6.786165,8.290386,0.976298,2.109161,0,0.739511,0.004569,0,0,0,0,0,0,0,0,0,0,0,0,0,0,0,0,0,0,6.786165,0,0,0.197487,0,0.0466,1.51722,8.853291,0,0.00644,0,18821,0
l3-n8192-uniform-w1,arity,3,8192,uniform,1,accept_static_degree,accept_static_degree,,greedy,29,2,ok,7ff26f8d06f277fb3ddaad6dc65eccd7111b9dd889f676e301d982a03cf06dad,l3-n8192-uniform-w1-s29-r2-measure-accept_static_degree,2273,5919,49.056688,39.467752,46334.1512171,0.0215823528377,24544,24544,8.155359,1.433261,6.766924,8.152476,1.430154,2.075256,0,1.115815,0.00599,0,41900,57344,0,0,0,0,0,0,0,0,0,0,0,0,0,0,2011200,6.766924,0,0,1.792315,0,0.05803,32.127178,39.467752,28.196885,0.814601,8192,22823,0
l3-n8192-uniform-w1,arity,3,8192,uniform,1,eas_k2_adaptive,eas,2,adaptive,29,3,ok,7ff26f8d06f277fb3ddaad6dc65eccd7111b9dd889f676e301d982a03cf06dad,l3-n8192-uniform-w1-s29-r3-measure-eas_k2_adaptive,2226,5966,56.824407,46.838704,39173.308047,0.0255275862534,31788,31788,8.189461,1.796144,6.849138,8.186758,1.793938,2.074026,0,1.442564,0.004909,8185,41851,57295,0,0,0,0,31913,0,0,0,73728,0,0,0,0,0,7966736,6.849138,23.397246,0.726274,6.30032,0,4.382035,39.381774,46.838704,0,0,0,0,23728
l3-n8192-uniform-w1,arity,3,8192,uniform,1,accept_static_degree,accept_static_degree,,greedy,29,3,ok,7ff26f8d06f277fb3ddaad6dc65eccd7111b9dd889f676e301d982a03cf06dad,l3-n8192-uniform-w1-s29-r3-measure-accept_static_degree,2273,5919,49.810121,40.219574,45633.2960926,0.0219138235812,24488,24488,8.230348,1.359872,6.801403,8.228055,1.357774,2.075492,0,1.037504,0.004391,0,41900,57344,0,0,0,0,0,0,0,0,0,0,0,0,0,0,2011200,6.801403,0,0,1.841324,0,0.058276,32.838924,40.219574,28.859612,0.807128,8192,22823,0
l3-n8192-uniform-w1,arity,3,8192,uniform,1,native,native,,native,29,3,ok,7ff26f8d06f277fb3ddaad6dc65eccd7111b9dd889f676e301d982a03cf06dad,l3-n8192-uniform-w1-s29-r3-measure-native,1104,7088,9.780104,0,112882.235199,0.00885878985507,21856,21856,8.175103,1.604936,0,8.172971,1.602731,2.068778,0.747259,0.385938,0.004337,8185,0,0,0,0,0,0,0,0,0,0,0,0,0,0,0,0,0,0,0,0,0,0,0,0,0,0,0,0,0,0
l3-n8192-uniform-w1,arity,3,8192,uniform,1,accept_id,accept_id,,greedy,29,3,ok,7ff26f8d06f277fb3ddaad6dc65eccd7111b9dd889f676e301d982a03cf06dad,l3-n8192-uniform-w1-s29-r3-measure-accept_id,1984,6208,18.079001,8.869193,109740.576927,0.00911239969758,21976,21976,8.244478,0.965074,6.793041,8.242213,0.962801,2.102581,0,0.727432,0.004538,0,0,0,0,0,0,0,0,0,0,0,0,0,0,0,0,0,0,6.793041,0,0,0.19589,0,0.046468,1.517719,8.869193,0,0.006458,0,18821,0
l3-n8192-uniform-w1,arity,3,8192,uniform,1,eas_k1_adaptive,eas,1,adaptive,29,3,ok,7ff26f8d06f277fb3ddaad6dc65eccd7111b9dd889f676e301d982a03cf06dad,l3-n8192-uniform-w1-s29-r3-measure-eas_k1_adaptive,2230,5962,57.417923,47.680107,38838.0471373,0.0257479475336,31928,31928,8.139124,1.598508,6.787131,8.136765,1.595942,2.081053,0,1.265625,0.004925,8185,41851,57295,0,0,0,0,31910,0,0,0,73728,0,0,0,0,0,7966736,6.787131,23.525673,0.809684,6.585699,0,4.475107,40.280023,47.680107,0,0,0,0,23725
l3-n8192-uniform-w1,arity,3,8192,uniform,1,native,native,,native,47,1,ok,d64e2ffa7dce87e8a9ec3c4d1bb446efdc36d95ee55b57b3c350af4c1ae27aa3,l3-n8192-uniform-w1-s47-r1-measure-native,1128,7064,9.769548,0,115460.817635,0.00866094680851,21840,21840,8.153258,1.616223,0,8.150815,1.61456,2.06385,0.74522,0.399445,0.004106,8186,0,0,0,0,0,0,0,0,0,0,0,0,0,0,0,0,0,0,0,0,0,0,0,0,0,0,0,0,0,0
l3-n8192-uniform-w1,arity,3,8192,uniform,1,accept_id,accept_id,,greedy,47,1,ok,d64e2ffa7dce87e8a9ec3c4d1bb446efdc36d95ee55b57b3c350af4c1ae27aa3,l3-n8192-uniform-w1-s47-r1-measure-accept_id,1958,6234,18.060592,8.90862,108412.83608,0.009224,22040,22040,8.214126,0.937609,6.823823,8.211738,0.93547,2.081045,0,0.702855,0.004527,0,0,0,0,0,0,0,0,0,0,0,0,0,0,0,0,0,0,6.823823,0,0,0.195449,0,0.046047,1.520045,8.90862,0,0.006454,0,18689,0
l3-n8192-uniform-w1,arity,3,8192,uniform,1,eas_k2_adaptive,eas,2,adaptive,47,1,ok,d64e2ffa7dce87e8a9ec3c4d1bb446efdc36d95ee55b57b3c350af4c1ae27aa3,l3-n8192-uniform-w1-s47-r1-measure-eas_k2_adaptive,2206,5986,57.489603,47.065487,38372.1557444,0.0260605634633,31724,31724,8.261108,2.162684,6.778709,8.258691,2.159831,2.103937,0,1.76342,0.00527,8186,41863,57302,0,0,0,0,32003,0,0,0,73728,0,0,0,0,0,7966600,6.778709,23.548813,0.726327,6.359692,0,4.477196,39.68121,47.065487,0,0,0,0,23817
l3-n8192-uniform-w1,arity,3,8192,uniform,1,accept_static_degree,accept_static_degree,,greedy,47,1,ok,d64e2ffa7dce87e8a9ec3c4d1bb446efdc36d95ee55b57b3c350af4c1ae27aa3,l3-n8192-uniform-w1-s47-r1-measure-accept_static_degree,2297,5895,49.240546,39.758292,46648.5485356,0.0214368942098,24484,24484,8.110915,1.371175,6.780101,8.108584,1.369021,2.041855,0,1.060926,0.004485,0,41905,57344,0,0,0,0,0,0,0,0,0,0,0,0,0,0,2011440,6.780101,0,0,1.870191,0,0.061631,32.403822,39.758292,28.380535,0.818294,8192,22820,0
l3-n8192-uniform-w1,arity,3,8192,uniform,1,eas_k1_adaptive,eas,1,adaptive,47,1,ok,d64e2ffa7dce87e8a9ec3c4d1bb446efdc36d95ee55b57b3c350af4c1ae27aa3,l3-n8192-uniform-w1-s47-r1-measure-eas_k1_adaptive,2205,5987,57.382258,47.603471,38426.5115534,0.0260236997732,31928,31928,8.188753,1.589842,6.775424,8.186313,1.587687,2.065081,0,1.24366,0.004595,8186,41863,57302,0,0,0,0,32013,0,0,0,73728,0,0,0,0,0,7966600,6.775424,23.595209,0.801933,6.60118,0,4.416286,40.227166,47.603471,0,0,0,0,23827
l3-n8192-uniform-w1,arity,3,8192,uniform,1,accept_id,accept_id,,greedy,47,2,ok,d64e2ffa7dce87e8a9ec3c4d1bb446efdc36d95ee55b57b3c350af4c1ae27aa3,l3-n8192-uniform-w1-s47-r2-measure-accept_id,1958,6234,17.887263,8.84171,109463.365077,0.00913547650664,22068,22068,8.113676,0.931626,6.773212,8.111249,0.929538,2.051869,0,0.697654,0.004515,0,0,0,0,0,0,0,0,0,0,0,0,0,0,0,0,0,0,6.773212,0,0,0.196722,0,0.045826,1.519752,8.84171,0,0.006455,0,18689,0
l3-n8192-uniform-w1,arity,3,8192,uniform,1,native,native,,native,47,2,ok,d64e2ffa7dce87e8a9ec3c4d1bb446efdc36d95ee55b57b3c350af4c1ae27aa3,l3-n8192-uniform-w1-s47-r2-measure-native,1128,7064,9.547924,0,118140.864967,0.00846447163121,21920,21920,7.941552,1.606303,0,7.939494,1.604488,2.009302,0.738374,0.39484,0.003873,8186,0,0,0,0,0,0,0,0,0,0,0,0,0,0,0,0,0,0,0,0,0,0,0,0,0,0,0,0,0,0
l3-n8192-uniform-w1,arity,3,8192,uniform,1,accept_static_degree,accept_static_degree,,greedy,47,2,ok,d64e2ffa7dce87e8a9ec3c4d1bb446efdc36d95ee55b57b3c350af4c1ae27aa3,l3-n8192-uniform-w1-s47-r2-measure-accept_static_degree,2297,5895,49.037695,39.512572,46841.5165109,0.0213485829343,24544,24544,8.231473,1.29349,6.774403,8.229093,1.290525,2.090854,0,0.982876,0.005345,0,41905,57344,0,0,0,0,0,0,0,0,0,0,0,0,0,0,2011440,6.774403,0,0,1.795072,0,0.058981,32.1498,39.512572,28.205396,0.819348,8192,22820,0
l3-n8192-uniform-w1,arity,3,8192,uniform,1,eas_k2_adaptive,eas,2,adaptive,47,2,ok,d64e2ffa7dce87e8a9ec3c4d1bb446efdc36d95ee55b57b3c350af4c1ae27aa3,l3-n8192-uniform-w1-s47-r2-measure-eas_k2_adaptive,2206,5986,56.880273,47.191331,38783.2175137,0.0257843485947,31788,31788,8.121657,1.567143,6.843007,8.119354,1.564122,2.048193,0,1.222773,0.005324,8186,41863,57302,0,0,0,0,32003,0,0,0,73728,0,0,0,0,0,7966600,6.843007,23.570397,0.728474,6.409129,0,4.432568,39.745637,47.191331,0,0,0,0,23817
l3-n8192-uniform-w1,arity,3,8192,uniform,1,eas_k1_adaptive,eas,1,adaptive,47,2,ok,d64e2ffa7dce87e8a9ec3c4d1bb446efdc36d95ee55b57b3c350af4c1ae27aa3,l3-n8192-uniform-w1-s47-r2-measure-eas_k1_adaptive,2205,5987,57.821729,48.04123,38134.4528802,0.0262230063492,31748,31748,8.120981,1.659293,6.818039,8.118679,1.656346,2.052368,0,1.321685,0.005249,8186,41863,57302,0,0,0,0,32013,0,0,0,73728,0,0,0,0,0,7966600,6.818039,23.715694,0.807454,6.611806,0,4.56039,40.621975,48.04123,0,0,0,0,23827
l3-n8192-uniform-w1,arity,3,8192,uniform,1,eas_k2_adaptive,eas,2,adaptive,47,3,ok,d64e2ffa7dce87e8a9ec3c4d1bb446efdc36d95ee55b57b3c350af4c1ae27aa3,l3-n8192-uniform-w1-s47-r3-measure-eas_k2_adaptive,2206,5986,57.366352,47.550632,38454.5979148,0.0260046926564,31752,31752,8.123959,1.691586,6.825316,8.121623,1.688152,2.047555,0,1.338959,0.00577,8186,41863,57302,0,0,0,0,32003,0,0,0,73728,0,0,0,0,0,7966600,6.825316,23.671529,0.734449,6.428727,0,4.557679,40.101268,47.550632,0,0,0,0,23817
l3-n8192-uniform-w1,arity,3,8192,uniform,1,accept_id,accept_id,,greedy,47,3,ok,d64e2ffa7dce87e8a9ec3c4d1bb446efdc36d95ee55b57b3c350af4c1ae27aa3,l3-n8192-uniform-w1-s47-r3-measure-accept_id,1958,6234,17.988051,8.882418,108850.03606,0.0091869514811,22152,22152,8.173943,0.93153,6.790124,8.172023,0.929525,2.058955,0,0.692238,0.003925,0,0,0,0,0,0,0,0,0,0,0,0,0,0,0,0,0,0,6.790124,0,0,0.196725,0,0.045754,1.538502,8.882418,0,0.006448,0,18689,0
l3-n8192-uniform-w1,arity,3,8192,uniform,1,native,native,,native,47,3,ok,d64e2ffa7dce87e8a9ec3c4d1bb446efdc36d95ee55b57b3c350af4c1ae27aa3,l3-n8192-uniform-w1-s47-r3-measure-native,1128,7064,9.712793,0,116135.492644,0.0086106320922,22024,22024,8.07299,1.639706,0,8.070561,1.636338,2.066631,0.7513,0.413067,0.005797,8186,0,0,0,0,0,0,0,0,0,0,0,0,0,0,0,0,0,0,0,0,0,0,0,0,0,0,0,0,0,0
l3-n8192-uniform-w1,arity,3,8192,uniform,1,eas_k1_adaptive,eas,1,adaptive,47,3,ok,d64e2ffa7dce87e8a9ec3c4d1bb446efdc36d95ee55b57b3c350af4c1ae27aa3,l3-n8192-uniform-w1-s47-r3-measure-eas_k1_adaptive,2205,5987,57.398173,47.50882,38415.856895,0.0260309174603,31748,31748,8.092075,1.797043,6.829539,8.089704,1.794114,2.068026,0,1.447847,0.0053,8186,41863,57302,0,0,0,0,32013,0,0,0,73728,0,0,0,0,0,7966600,6.829539,23.440413,0.793897,6.577539,0,4.405392,40.07578,47.50882,0,0,0,0,23827
l3-n8192-uniform-w1,arity,3,8192,uniform,1,accept_static_degree,accept_static_degree,,greedy,47,3,ok,d64e2ffa7dce87e8a9ec3c4d1bb446efdc36d95ee55b57b3c350af4c1ae27aa3,l3-n8192-uniform-w1-s47-r3-measure-accept_static_degree,2297,5895,49.347225,39.7216,46547.7035436,0.0214833369613,24560,24560,8.25618,1.369217,6.795341,8.253821,1.366407,2.097732,0,1.049073,0.005169,0,41905,57344,0,0,0,0,0,0,0,0,0,0,0,0,0,0,2011440,6.795341,0,0,1.862927,0,0.057206,32.353199,39.7216,28.337545,0.82391,8192,22820,0
l3-n8192-uniform-w1,arity,3,8192,uniform,1,accept_static_degree,accept_static_degree,,greedy,71,1,ok,9cd77a984f2a0c17f65acfaedea5af6810ff8475142a26dd74077d6c8f314bd8,l3-n8192-uniform-w1-s71-r1-measure-accept_static_degree,2280,5912,49.563944,39.836467,46001.1818269,0.0217385719298,24492,24492,8.272922,1.454356,6.825985,8.27077,1.451665,2.081159,0,1.125898,0.004843,0,41908,57344,0,0,0,0,0,0,0,0,0,0,0,0,0,0,2011584,6.825985,0,0,1.856911,0,0.058168,32.420288,39.836467,28.372082,0.859701,8192,22715,0
l3-n8192-uniform-w1,arity,3,8192,uniform,1,eas_k1_adaptive,eas,1,adaptive,71,1,ok,9cd77a984f2a0c17f65acfaedea5af6810ff8475142a26dd74077d6c8f314bd8,l3-n8192-uniform-w1-s71-r1-measure-eas_k1_adaptive,2195,5997,58.376682,47.968761,37600.6296487,0.0265952993166,31744,31744,8.525351,1.882249,6.798741,8.523046,1.878775,2.159818,0,1.543144,0.005779,8186,41866,57302,0,0,0,0,32020,0,0,0,73728,0,0,0,0,0,7966936,6.798741,23.687099,0.805404,6.652549,0,4.500731,40.556262,47.968761,0,0,0,0,23834
l3-n8192-uniform-w1,arity,3,8192,uniform,1,native,native,,native,71,1,ok,9cd77a984f2a0c17f65acfaedea5af6810ff8475142a26dd74077d6c8f314bd8,l3-n8192-uniform-w1-s71-r1-measure-native,1130,7062,9.821769,0,115050.557593,0.00869183097345,21904,21904,8.202702,1.618976,0,8.200259,1.617486,2.064903,0.744109,0.401202,0.003933,8186,0,0,0,0,0,0,0,0,0,0,0,0,0,0,0,0,0,0,0,0,0,0,0,0,0,0,0,0,0,0
l3-n8192-uniform-w1,arity,3,8192,uniform,1,accept_id,accept_id,,greedy,71,1,ok,9cd77a984f2a0c17f65acfaedea5af6810ff8475142a26dd74077d6c8f314bd8,l3-n8192-uniform-w1-s71-r1-measure-accept_id,1929,6263,18.084192,8.913581,106667.746062,0.00937490513219,22048,22048,8.217848,0.952604,6.835997,8.215476,0.950442,2.096618,0,0.716227,0.004534,0,0,0,0,0,0,0,0,0,0,0,0,0,0,0,0,0,0,6.835997,0,0,0.196171,0,0.04472,1.513092,8.913581,0,0.006448,0,18552,0
l3-n8192-uniform-w1,arity,3,8192,uniform,1,eas_k2_adaptive,eas,2,adaptive,71,1,ok,9cd77a984f2a0c17f65acfaedea5af6810ff8475142a26dd74077d6c8f314bd8,l3-n8192-uniform-w1-s71-r1-measure-eas_k2_adaptive,2188,6004,56.907681,46.956247,38448.2368909,0.0260089949726,31816,31816,8.107065,1.844127,6.801388,8.104575,1.841348,2.070906,0,1.476489,0.005269,8186,41866,57302,0,0,0,0,32012,0,0,0,73728,0,0,0,0,0,7966936,6.801388,23.522536,0.719041,6.273457,0,4.438428,39.542469,46.956247,0,0,0,0,23826
l3-n8192-uniform-w1,arity,3,8192,uniform,1,native,native,,native,71,2,ok,9cd77a984f2a0c17f65acfaedea5af6810ff8475142a26dd74077d6c8f314bd8,l3-n8192-uniform-w1-s71-r2-measure-native,1130,7062,9.806943,0,115224.489426,0.00867871061947,21932,21932,8.18648,1.620402,0,8.184267,1.618783,2.057694,0.744595,0.399995,0.003832,8186,0,0,0,0,0,0,0,0,0,0,0,0,0,0,0,0,0,0,0,0,0,0,0,0,0,0,0,0,0,0
l3-n8192-uniform-w1,arity,3,8192,uniform,1,accept_id,accept_id,,greedy,71,2,ok,9cd77a984f2a0c17f65acfaedea5af6810ff8475142a26dd74077d6c8f314bd8,l3-n8192-uniform-w1-s71-r2-measure-accept_id,1929,6263,17.999973,8.869357,107166.827417,0.00933124572317,22172,22172,8.222274,0.908203,6.786834,8.219942,0.905999,2.052642,0,0.675633,0.004536,0,0,0,0,0,0,0,0,0,0,0,0,0,0,0,0,0,0,6.786834,0,0,0.192959,0,0.044981,1.520124,8.869357,0,0.006443,0,18552,0
l3-n8192-uniform-w1,arity,3,8192,uniform,1,eas_k1_adaptive,eas,1,adaptive,71,2,ok,9cd77a984f2a0c17f65acfaedea5af6810ff8475142a26dd74077d6c8f314bd8,l3-n8192-uniform-w1-s71-r2-measure-eas_k1_adaptive,2195,5997,57.132,47.60358,38419.799762,0.0260282460137,31788,31788,7.942745,1.58551,6.855647,7.94068,1.583579,2.012085,0,1.23037,0.003996,8186,41866,57302,0,0,0,0,32020,0,0,0,73728,0,0,0,0,0,7966936,6.855647,23.559486,0.790507,6.553411,0,4.410121,40.138901,47.60358,0,0,0,0,23834
l3-n8192-uniform-w1,arity,3,8192,uniform,1,accept_static_degree,accept_static_degree,,greedy,71,2,ok,9cd77a984f2a0c17f65acfaedea5af6810ff8475142a26dd74077d6c8f314bd8,l3-n8192-uniform-w1-s71-r2-measure-accept_static_degree,2280,5912,48.823393,39.317396,46698.9256564,0.0214137688596,24680,24680,8.19759,1.308049,6.780871,8.195458,1.305626,2.095401,0,1.003095,0.004555,0,41908,57344,0,0,0,0,0,0,0,0,0,0,0,0,0,0,2011584,6.780871,0,0,1.806816,0,0.057175,31.96291,39.317396,27.97813,0.843615,8192,22715,0
l3-n8192-uniform-w1,arity,3,8192,uniform,1,eas_k2_adaptive,eas,2,adaptive,71,2,ok,9cd77a984f2a0c17f65acfaedea5af6810ff8475142a26dd74077d6c8f314bd8,l3-n8192-uniform-w1-s71-r2-measure-eas_k2_adaptive,2188,6004,56.836648,46.805538,38496.2885214,0.0259765301645,31924,31924,8.40428,1.62663,6.785167,8.402036,1.623647,2.129436,0,1.276497,0.005227,8186,41866,57302,0,0,0,0,32012,0,0,0,73728,0,0,0,0,0,7966936,6.785167,23.424168,0.715322,6.285546,0,4.376367,39.413501,46.805538,0,0,0,0,23826
l3-n8192-uniform-w1,arity,3,8192,uniform,1,eas_k1_adaptive,eas,1,adaptive,71,3,ok,9cd77a984f2a0c17f65acfaedea5af6810ff8475142a26dd74077d6c8f314bd8,l3-n8192-uniform-w1-s71-r3-measure-eas_k1_adaptive,2195,5997,56.862217,47.100224,38602.0826448,0.025905338041,31940,31940,8.123568,1.638216,6.73943,8.121094,1.635454,2.050451,0,1.297815,0.005236,8186,41866,57302,0,0,0,0,32020,0,0,0,73728,0,0,0,0,0,7966936,6.73943,23.347884,0.787608,6.51093,0,4.305703,39.760418,47.100224,0,0,0,0,23834
l3-n8192-uniform-w1,arity,3,8192,uniform,1,native,native,,native,71,3,ok,9cd77a984f2a0c17f65acfaedea5af6810ff8475142a26dd74077d6c8f314bd8,l3-n8192-uniform-w1-s71-r3-measure-native,1130,7062,9.995996,0,113045.263323,0.00884601415929,21836,21836,8.339341,1.656587,0,8.336632,1.65404,2.119465,0.762254,0.409995,0.005256,8186,0,0,0,0,0,0,0,0,0,0,0,0,0,0,0,0,0,0,0,0,0,0,0,0,0,0,0,0,0,0
l3-n8192-uniform-w1,arity,3,8192,uniform,1,accept_id,accept_id,,greedy,71,3,ok,9cd77a984f2a0c17f65acfaedea5af6810ff8475142a26dd74077d6c8f314bd8,l3-n8192-uniform-w1-s71-r3-measure-accept_id,1929,6263,17.884576,8.849289,107858.302036,0.00927142353551,22036,22036,8.131132,0.903994,6.772067,8.128761,0.90136,2.033675,0,0.674589,0.005005,0,0,0,0,0,0,0,0,0,0,0,0,0,0,0,0,0,0,6.772067,0,0,0.195014,0,0.044529,1.517161,8.849289,0,0.006449,0,18552,0
l3-n8192-uniform-w1,arity,3,8192,uniform,1,accept_static_degree,accept_static_degree,,greedy,71,3,ok,9cd77a984f2a0c17f65acfaedea5af6810ff8475142a26dd74077d6c8f314bd8,l3-n8192-uniform-w1-s71-r3-measure-accept_static_degree,2280,5912,48.881598,39.505171,46643.3196394,0.0214392973684,24468,24468,8.027496,1.348702,6.833462,8.025436,1.34622,2.049327,0,1.034285,0.004542,0,41908,57344,0,0,0,0,0,0,0,0,0,0,0,0,0,0,2011584,6.833462,0,0,1.798362,0,0.057046,32.073417,39.505171,28.094021,0.844073,8192,22715,0
l3-n8192-uniform-w1,arity,3,8192,uniform,1,eas_k2_adaptive,eas,2,adaptive,71,3,ok,9cd77a984f2a0c17f65acfaedea5af6810ff8475142a26dd74077d6c8f314bd8,l3-n8192-uniform-w1-s71-r3-measure-eas_k2_adaptive,2188,6004,56.432021,46.609712,38772.313329,0.0257916000914,31752,31752,8.123134,1.698964,6.754926,8.120803,1.696039,2.049963,0,1.335799,0.005256,8186,41866,57302,0,0,0,0,32012,0,0,0,73728,0,0,0,0,0,7966936,6.754926,23.396973,0.711797,6.272424,0,4.322939,39.257416,46.609712,0,0,0,0,23826
l3-n8192-uniform-w1,arity,3,8192,uniform,1,accept_static_degree,accept_static_degree,,greedy,101,1,ok,f2b29a35310d4e1a64136e0a8ea50fd7f1ad4712390b4fc9138fc9f274c66d6a,l3-n8192-uniform-w1-s101-r1-measure-accept_static_degree,2288,5904,49.129769,39.441351,46570.5425971,0.0214728011364,24468,24468,8.298919,1.389197,6.766548,8.29646,1.386289,2.105525,0,1.074143,0.005367,0,41925,57344,0,0,0,0,0,0,0,0,0,0,0,0,0,0,2012400,6.766548,0,0,1.814162,0,0.05775,32.099204,39.441351,28.144778,0.817038,8192,22797,0
l3-n8192-uniform-w1,arity,3,8192,uniform,1,eas_k1_adaptive,eas,1,adaptive,101,1,ok,f2b29a35310d4e1a64136e0a8ea50fd7f1ad4712390b4fc9138fc9f274c66d6a,l3-n8192-uniform-w1-s101-r1-measure-eas_k1_adaptive,2204,5988,58.144236,48.087956,37905.7349726,0.0263812323049,31936,31936,8.235636,1.820441,6.834813,8.233256,1.817586,2.066658,0,1.454749,0.005235,8184,41869,57288,0,0,0,0,32097,0,0,0,73728,0,0,0,0,0,7965600,6.834813,23.722857,0.811265,6.638418,0,4.540323,40.640815,48.087956,0,0,0,0,23913
l3-n8192-uniform-w1,arity,3,8192,uniform,1,native,native,,native,101,1,ok,f2b29a35310d4e1a64136e0a8ea50fd7f1ad4712390b4fc9138fc9f274c66d6a,l3-n8192-uniform-w1-s101-r1-measure-native,1147,7045,9.766575,0,117441.375303,0.00851488666085,21724,21724,8.148545,1.617964,0,8.146133,1.616476,2.050931,0.739093,0.405428,0.0039,8184,0,0,0,0,0,0,0,0,0,0,0,0,0,0,0,0,0,0,0,0,0,0,0,0,0,0,0,0,0,0
l3-n8192-uniform-w1,arity,3,8192,uniform,1,eas_k2_adaptive,eas,2,adaptive,101,1,ok,f2b29a35310d4e1a64136e0a8ea50fd7f1ad4712390b4fc9138fc9f274c66d6a,l3-n8192-uniform-w1-s101-r1-measure-eas_k2_adaptive,2204,5988,57.083391,46.827377,38610.1799734,0.0258999051724,31800,31800,8.153888,2.101935,6.793923,8.15187,2.098546,2.048009,0,1.712568,0.005407,8184,41869,57288,0,0,0,0,32091,0,0,0,73728,0,0,0,0,0,7965600,6.793923,23.436006,0.732457,6.305497,0,4.387021,39.411619,46.827377,0,0,0,0,23907
l3-n8192-uniform-w1,arity,3,8192,uniform,1,accept_id,accept_id,,greedy,101,1,ok,f2b29a35310d4e1a64136e0a8ea50fd7f1ad4712390b4fc9138fc9f274c66d6a,l3-n8192-uniform-w1-s101-r1-measure-accept_id,1982,6210,18.314922,9.171649,108217.769096,0.00924062663976,22216,22216,8.191515,0.951593,7.092633,8.189019,0.949208,2.085943,0,0.715562,0.004881,0,0,0,0,0,0,0,0,0,0,0,0,0,0,0,0,0,0,7.092633,0,0,0.199146,0,0.046235,1.530257,9.171649,0,0.007613,0,18802,0
l3-n8192-uniform-w1,arity,3,8192,uniform,1,accept_id,accept_id,,greedy,101,2,ok,f2b29a35310d4e1a64136e0a8ea50fd7f1ad4712390b4fc9138fc9f274c66d6a,l3-n8192-uniform-w1-s101-r2-measure-accept_id,1982,6210,17.799303,8.835295,111352.674877,0.00898047578204,22036,22036,8.035364,0.928492,6.764952,8.033339,0.926389,2.054236,0,0.694536,0.004128,0,0,0,0,0,0,0,0,0,0,0,0,0,0,0,0,0,0,6.764952,0,0,0.195449,0,0.046378,1.519631,8.835295,0,0.00645,0,18802,0
l3-n8192-uniform-w1,arity,3,8192,uniform,1,native,native,,native,101,2,ok,f2b29a35310d4e1a64136e0a8ea50fd7f1ad4712390b4fc9138fc9f274c66d6a,l3-n8192-uniform-w1-s101-r2-measure-native,1147,7045,9.696398,0,118291.349014,0.00845370357454,21856,21856,8.058212,1.638028,0,8.05593,1.636737,2.069809,0.747976,0.415542,0.003573,8184,0,0,0,0,0,0,0,0,0,0,0,0,0,0,0,0,0,0,0,0,0,0,0,0,0,0,0,0,0,0
l3-n8192-uniform-w1,arity,3,8192,uniform,1,eas_k2_adaptive,eas,2,adaptive,101,2,ok,f2b29a35310d4e1a64136e0a8ea50fd7f1ad4712390b4fc9138fc9f274c66d6a,l3-n8192-uniform-w1-s101-r2-measure-eas_k2_adaptive,2204,5988,57.539993,47.595355,38303.7933286,0.0261070748639,31792,31792,8.287864,1.656657,6.813056,8.285485,1.653889,2.117714,0,1.306826,0.005147,8184,41869,57288,0,0,0,0,32091,0,0,0,73728,0,0,0,0,0,7965600,6.813056,23.782169,0.73382,6.525045,0,4.466734,40.177097,47.595355,0,0,0,0,23907
l3-n8192-uniform-w1,arity,3,8192,uniform,1,accept_static_degree,accept_static_degree,,greedy,101,2,ok,f2b29a35310d4e1a64136e0a8ea50fd7f1ad4712390b4fc9138fc9f274c66d6a,l3-n8192-uniform-w1-s101-r2-measure-accept_static_degree,2288,5904,49.563695,39.78392,46162.8213958,0.0216624541084,24488,24488,8.360865,1.418385,6.798919,8.358524,1.416068,2.125859,0,1.101474,0.004658,0,41925,57344,0,0,0,0,0,0,0,0,0,0,0,0,0,0,2012400,6.798919,0,0,1.843971,0,0.0595,32.411153,39.78392,28.419769,0.818733,8192,22797,0
l3-n8192-uniform-w1,arity,3,8192,uniform,1,eas_k1_adaptive,eas,1,adaptive,101,2,ok,f2b29a35310d4e1a64136e0a8ea50fd7f1ad4712390b4fc9138fc9f274c66d6a,l3-n8192-uniform-w1-s101-r2-measure-eas_k1_adaptive,2204,5988,58.066518,48.062776,37956.4691652,0.0263459700544,31804,31804,8.227725,1.775695,6.801427,8.225503,1.772128,2.070724,0,1.41984,0.005789,8184,41869,57288,0,0,0,0,32097,0,0,0,73728,0,0,0,0,0,7965600,6.801427,23.683267,0.812593,6.673765,0,4.533136,40.633413,48.062776,0,0,0,0,23913
l3-n8192-uniform-w1,arity,3,8192,uniform,1,accept_id,accept_id,,greedy,101,3,ok,f2b29a35310d4e1a64136e0a8ea50fd7f1ad4712390b4fc9138fc9f274c66d6a,l3-n8192-uniform-w1-s101-r3-measure-accept_id,1982,6210,18.070605,8.854251,109680.887829,0.00911735872856,22272,22272,8.243869,0.972274,6.78152,8.241622,0.969789,2.103328,0,0.733504,0.004732,0,0,0,0,0,0,0,0,0,0,0,0,0,0,0,0,0,0,6.78152,0,0,0.199685,0,0.046469,1.520593,8.854251,0,0.006478,0,18802,0
l3-n8192-uniform-w1,arity,3,8192,uniform,1,eas_k1_adaptive,eas,1,adaptive,101,3,ok,f2b29a35310d4e1a64136e0a8ea50fd7f1ad4712390b4fc9138fc9f274c66d6a,l3-n8192-uniform-w1-s101-r3-measure-eas_k1_adaptive,2204,5988,57.715036,47.873288,38187.6223728,0.0261864954628,31928,31928,8.176155,1.665227,6.79366,8.1738,1.662924,2.048014,0,1.319942,0.004658,8184,41869,57288,0,0,0,0,32097,0,0,0,73728,0,0,0,0,0,7965600,6.79366,23.821088,0.798082,6.55145,0,4.486754,40.476854,47.873288,0,0,0,0,23913
l3-n8192-uniform-w1,arity,3,8192,uniform,1,native,native,,native,101,3,ok,f2b29a35310d4e1a64136e0a8ea50fd7f1ad4712390b4fc9138fc9f274c66d6a,l3-n8192-uniform-w1-s101-r3-measure-native,1147,7045,9.730849,0,117872.551511,0.00848373931997,21924,21924,8.104825,1.625964,0,8.102951,1.623603,2.063108,0.745519,0.401972,0.004235,8184,0,0,0,0,0,0,0,0,0,0,0,0,0,0,0,0,0,0,0,0,0,0,0,0,0,0,0,0,0,0
l3-n8192-uniform-w1,arity,3,8192,uniform,1,accept_static_degree,accept_static_degree,,greedy,101,3,ok,f2b29a35310d4e1a64136e0a8ea50fd7f1ad4712390b4fc9138fc9f274c66d6a,l3-n8192-uniform-w1-s101-r3-measure-accept_static_degree,2288,5904,49.884244,39.653749,45866.1857239,0.0218025541958,24476,24476,8.332025,1.898271,6.891323,8.32993,1.895051,2.108416,0,1.548371,0.005315,0,41925,57344,0,0,0,0,0,0,0,0,0,0,0,0,0,0,2012400,6.891323,0,0,1.810807,0,0.05676,32.162377,39.653749,28.181514,0.824344,8192,22797,0
l3-n8192-uniform-w1,arity,3,8192,uniform,1,eas_k2_adaptive,eas,2,adaptive,101,3,ok,f2b29a35310d4e1a64136e0a8ea50fd7f1ad4712390b4fc9138fc9f274c66d6a,l3-n8192-uniform-w1-s101-r3-measure-eas_k2_adaptive,2204,5988,57.423654,47.349376,38381.3959314,0.0260542894737,31736,31736,8.284735,1.789129,6.806394,8.282528,1.786324,2.115725,0,1.432267,0.005012,8184,41869,57288,0,0,0,0,32091,0,0,0,73728,0,0,0,0,0,7965600,6.806394,23.605025,0.736285,6.4048,0,4.509035,39.92765,47.349376,0,0,0,0,23907
l3-n8192-zipf-w1,arity,3,8192,zipf,1,native,native,,native,11,1,ok,a2aaaf2aea66d6a05e7015dc03ceaa7519e17f2c436449184ee61a3114dfcb34,l3-n8192-zipf-w1-s11-r1-measure-native,123,8069,8.168055,0,15058.6645168,0.0664069512195,21640,21640,7.131749,1.036194,0,7.129431,1.034564,1.448514,0.60537,0.046445,0.003948,8183,0,0,0,0,0,0,0,0,0,0,0,0,0,0,0,0,0,0,0,0,0,0,0,0,0,0,0,0,0,0
l3-n8192-zipf-w1,arity,3,8192,zipf,1,accept_static_degree,accept_static_degree,,greedy,11,1,ok,a2aaaf2aea66d6a05e7015dc03ceaa7519e17f2c436449184ee61a3114dfcb34,l3-n8192-zipf-w1-s11-r1-measure-accept_static_degree,517,7675,43.134998,35.554534,11985.6270771,0.0834332649903,23488,23488,7.214392,0.365876,6.106513,7.211924,0.363154,1.479789,0,0.230743,0.00519,0,31581,57344,0,0,0,0,0,0,0,0,0,0,0,0,0,0,1515888,6.106513,0,0,1.230618,0,0.020241,28.877162,35.554534,25.385333,0.879314,8192,11058,0
l3-n8192-zipf-w1,arity,3,8192,zipf,1,accept_id,accept_id,,greedy,11,1,ok,a2aaaf2aea66d6a05e7015dc03ceaa7519e17f2c436449184ee61a3114dfcb34,l3-n8192-zipf-w1-s11-r1-measure-accept_id,439,7753,15.907152,8.173173,27597.6491581,0.0362349703872,22008,22008,7.448028,0.285655,6.102994,7.445518,0.283508,1.542688,0,0.171538,0.004657,0,0,0,0,0,0,0,0,0,0,0,0,0,0,0,0,0,0,6.102994,0,0,0.120342,0,0.018305,1.513543,8.173173,0,0.006439,0,10563,0
l3-n8192-zipf-w1,arity,3,8192,zipf,1,eas_k2_adaptive,eas,2,adaptive,11,1,ok,a2aaaf2aea66d6a05e7015dc03ceaa7519e17f2c436449184ee61a3114dfcb34,l3-n8192-zipf-w1-s11-r1-measure-eas_k2_adaptive,516,7676,73.2365,65.564,7045.66711954,0.14193120155,29016,29016,7.132411,0.539865,6.095443,7.130389,0.537201,1.48227,0,0.368663,0.004686,8183,31518,57281,0,0,0,0,171578,0,0,0,73728,0,0,0,0,0,4612144,6.095443,20.307646,0.36696,30.91382,0,3.350972,58.854107,65.564,0,0,0,0,163395
l3-n8192-zipf-w1,arity,3,8192,zipf,1,eas_k1_adaptive,eas,1,adaptive,11,1,ok,a2aaaf2aea66d6a05e7015dc03ceaa7519e17f2c436449184ee61a3114dfcb34,l3-n8192-zipf-w1-s11-r1-measure-eas_k1_adaptive,518,7674,78.33142,70.368371,6612.92748172,0.151218957529,29280,29280,7.310706,0.651943,6.011959,7.308358,0.649047,1.479625,0,0.465014,0.005244,8183,31518,57281,0,0,0,0,192655,0,0,0,73728,0,0,0,0,0,4612144,6.011959,20.245832,0.476045,35.256181,0,3.587767,63.740926,70.368371,0,0,0,0,184472
l3-n8192-zipf-w1,arity,3,8192,zipf,1,native,native,,native,11,2,ok,a2aaaf2aea66d6a05e7015dc03ceaa7519e17f2c436449184ee61a3114dfcb34,l3-n8192-zipf-w1-s11-r2-measure-native,123,8069,8.038867,0,15300.6636383,0.0653566422764,21592,21592,7.00844,1.030361,0,7.006186,1.028447,1.465088,0.595653,0.04697,0.004168,8183,0,0,0,0,0,0,0,0,0,0,0,0,0,0,0,0,0,0,0,0,0,0,0,0,0,0,0,0,0,0
l3-n8192-zipf-w1,arity,3,8192,zipf,1,eas_k1_adaptive,eas,1,adaptive,11,2,ok,a2aaaf2aea66d6a05e7015dc03ceaa7519e17f2c436449184ee61a3114dfcb34,l3-n8192-zipf-w1-s11-r2-measure-eas_k1_adaptive,518,7674,77.402331,69.7653,6692.30491263,0.149425349421,29284,29284,7.03384,0.602889,6.063096,7.031591,0.600224,1.457598,0,0.427019,0.004914,8183,31518,57281,0,0,0,0,192655,0,0,0,73728,0,0,0,0,0,4612144,6.063096,20.203583,0.452051,35.060476,0,3.231521,63.090771,69.7653,0,0,0,0,184472
l3-n8192-zipf-w1,arity,3,8192,zipf,1,accept_static_degree,accept_static_degree,,greedy,11,2,ok,a2aaaf2aea66d6a05e7015dc03ceaa7519e17f2c436449184ee61a3114dfcb34,l3-n8192-zipf-w1-s11-r2-measure-accept_static_degree,517,7675,43.25707,35.634292,11951.8034855,0.0836693810445,23488,23488,7.257501,0.36491,6.073765,7.254823,0.362295,1.492494,0,0.229819,0.005293,0,31581,57344,0,0,0,0,0,0,0,0,0,0,0,0,0,0,1515888,6.073765,0,0,1.293712,0,0.020462,28.999469,35.634292,25.434572,0.879098,8192,11058,0
l3-n8192-zipf-w1,arity,3,8192,zipf,1,accept_id,accept_id,,greedy,11,2,ok,a2aaaf2aea66d6a05e7015dc03ceaa7519e17f2c436449184ee61a3114dfcb34,l3-n8192-zipf-w1-s11-r2-measure-accept_id,439,7753,15.73623,8.165775,27897.4061767,0.0358456264237,22000,22000,7.300433,0.269863,6.096755,7.297902,0.267833,1.486692,0,0.160392,0.004561,0,0,0,0,0,0,0,0,0,0,0,0,0,0,0,0,0,0,6.096755,0,0,0.115719,0,0.018442,1.514689,8.165775,0,0.006446,0,10563,0
l3-n8192-zipf-w1,arity,3,8192,zipf,1,eas_k2_adaptive,eas,2,adaptive,11,2,ok,a2aaaf2aea66d6a05e7015dc03ceaa7519e17f2c436449184ee61a3114dfcb34,l3-n8192-zipf-w1-s11-r2-measure-eas_k2_adaptive,516,7676,73.245271,65.448684,7044.82341256,0.141948199612,29020,29020,7.2551,0.541253,6.111082,7.252922,0.538349,1.488651,0,0.368413,0.005082,8183,31518,57281,0,0,0,0,171578,0,0,0,73728,0,0,0,0,0,4612144,6.111082,20.421635,0.36994,30.790584,0,3.295248,58.737116,65.448684,0,0,0,0,163395
l3-n8192-zipf-w1,arity,3,8192,zipf,1,accept_static_degree,accept_static_degree,,greedy,11,3,ok,a2aaaf2aea66d6a05e7015dc03ceaa7519e17f2c436449184ee61a3114dfcb34,l3-n8192-zipf-w1-s11-r3-measure-accept_static_degree,517,7675,43.346331,35.741677,11927.1917155,0.083842032882,23504,23504,7.218758,0.385749,6.072769,7.216287,0.383209,1.49502,0,0.246869,0.005011,0,31581,57344,0,0,0,0,0,0,0,0,0,0,0,0,0,0,1515888,6.072769,0,0,1.275523,0,0.0204,29.104924,35.741677,25.555782,0.883886,8192,11058,0
l3-n8192-zipf-w1,arity,3,8192,zipf,1,native,native,,native,11,3,ok,a2aaaf2aea66d6a05e7015dc03ceaa7519e17f2c436449184ee61a3114dfcb34,l3-n8192-zipf-w1-s11-r3-measure-native,123,8069,8.400852,0,14641.3720894,0.0682996097561,21632,21632,7.365588,1.035206,0,7.363152,1.033749,1.513363,0.598111,0.047372,0.003893,8183,0,0,0,0,0,0,0,0,0,0,0,0,0,0,0,0,0,0,0,0,0,0,0,0,0,0,0,0,0,0
l3-n8192-zipf-w1,arity,3,8192,zipf,1,eas_k2_adaptive,eas,2,adaptive,11,3,ok,a2aaaf2aea66d6a05e7015dc03ceaa7519e17f2c436449184ee61a3114dfcb34,l3-n8192-zipf-w1-s11-r3-measure-eas_k2_adaptive,516,7676,72.923215,65.164505,7075.93596909,0.141324060078,28988,28988,7.272286,0.486289,6.068788,7.26947,0.483169,1.489492,0,0.334024,0.005936,8183,31518,57281,0,0,0,0,171578,0,0,0,73728,0,0,0,0,0,4612144,6.068788,20.182562,0.368972,30.823732,0,3.261243,58.498022,65.164505,0,0,0,0,163395
l3-n8192-zipf-w1,arity,3,8192,zipf,1,accept_id,accept_id,,greedy,11,3,ok,a2aaaf2aea66d6a05e7015dc03ceaa7519e17f2c436449184ee61a3114dfcb34,l3-n8192-zipf-w1-s11-r3-measure-accept_id,439,7753,15.469349,8.077894,28378.6990648,0.0352376970387,22144,22144,7.118216,0.273018,6.034221,7.115821,0.27114,1.453481,0,0.162203,0.004273,0,0,0,0,0,0,0,0,0,0,0,0,0,0,0,0,0,0,6.034221,0,0,0.116904,0,0.018419,1.511267,8.077894,0,0.006444,0,10563,0
l3-n8192-zipf-w1,arity,3,8192,zipf,1,eas_k1_adaptive,eas,1,adaptive,11,3,ok,a2aaaf2aea66d6a05e7015dc03ceaa7519e17f2c436449184ee61a3114dfcb34,l3-n8192-zipf-w1-s11-r3-measure-eas_k1_adaptive,518,7674,77.91409,70.377357,6648.34819992,0.150413301158,29216,29216,7.043116,0.493393,6.11111,7.041108,0.491458,1.437067,0,0.336133,0.003943,8183,31518,57281,0,0,0,0,192655,0,0,0,73728,0,0,0,0,0,4612144,6.11111,20.474168,0.456792,35.113534,0,3.372249,63.658739,70.377357,0,0,0,0,184472
l3-n8192-zipf-w1,arity,3,8192,zipf,1,eas_k1_adaptive,eas,1,adaptive,29,1,ok,cca57cde3eacbc670d5a9045822309cd6c3921b8f2a59af64161527f9109795a,l3-n8192-zipf-w1-s29-r1-measure-eas_k1_adaptive,530,7662,78.486045,70.710321,6752.7928054,0.148086877358,29092,29092,7.225283,0.550324,6.021471,7.222934,0.547349,1.502258,0,0.384637,0.005324,8184,31615,57288,0,0,0,0,195488,0,0,0,73728,0,0,0,0,0,4612744,6.021471,20.305621,0.457932,35.856069,0,3.397803,64.095946,70.710321,0,0,0,0,187304
l3-n8192-zipf-w1,arity,3,8192,zipf,1,native,native,,native,29,1,ok,cca57cde3eacbc670d5a9045822309cd6c3921b8f2a59af64161527f9109795a,l3-n8192-zipf-w1-s29-r1-measure-native,123,8069,8.185426,0,15026.7072233,0.0665481788618,21460,21460,7.142932,1.042429,0,7.140795,1.040782,1.469001,0.610716,0.047517,0.003784,8184,0,0,0,0,0,0,0,0,0,0,0,0,0,0,0,0,0,0,0,0,0,0,0,0,0,0,0,0,0,0
l3-n8192-zipf-w1,arity,3,8192,zipf,1,accept_static_degree,accept_static_degree,,greedy,29,1,ok,cca57cde3eacbc670d5a9045822309cd6c3921b8f2a59af64161527f9109795a,l3-n8192-zipf-w1-s29-r1-measure-accept_static_degree,526,7666,42.855047,35.236491,12273.9335696,0.081473473384,23488,23488,7.247386,0.370997,6.046706,7.244464,0.368232,1.493595,0,0.237578,0.005687,0,31671,57344,0,0,0,0,0,0,0,0,0,0,0,0,0,0,1520208,6.046706,0,0,1.263858,0,0.020183,28.640149,35.236491,25.097621,0.877049,8192,11111,0
l3-n8192-zipf-w1,arity,3,8192,zipf,1,eas_k2_adaptive,eas,2,adaptive,29,1,ok,cca57cde3eacbc670d5a9045822309cd6c3921b8f2a59af64161527f9109795a,l3-n8192-zipf-w1-s29-r1-measure-eas_k2_adaptive,528,7664,73.759934,65.967918,7158.35781523,0.139696844697,29140,29140,7.2364,0.555367,6.114656,7.234153,0.551748,1.455147,0,0.381571,0.005866,8184,31615,57288,0,0,0,0,173826,0,0,0,73728,0,0,0,0,0,4612744,6.114656,20.243392,0.369102,31.565936,0,3.301275,59.240797,65.967918,0,0,0,0,165642
l3-n8192-zipf-w1,arity,3,8192,zipf,1,accept_id,accept_id,,greedy,29,1,ok,cca57cde3eacbc670d5a9045822309cd6c3921b8f2a59af64161527f9109795a,l3-n8192-zipf-w1-s29-r1-measure-accept_id,452,7740,15.578123,8.076954,29015.0488605,0.0344648738938,21936,21936,7.218484,0.282521,6.023322,7.216277,0.280558,1.487509,0,0.170504,0.00417,0,0,0,0,0,0,0,0,0,0,0,0,0,0,0,0,0,0,6.023322,0,0,0.115091,0,0.019111,1.513415,8.076954,0,0.006446,0,10612,0
l3-n8192-zipf-w1,arity,3,8192,zipf,1,eas_k1_adaptive,eas,1,adaptive,29,2,ok,cca57cde3eacbc670d5a9045822309cd6c3921b8f2a59af64161527f9109795a,l3-n8192-zipf-w1-s29-r2-measure-eas_k1_adaptive,530,7662,78.315042,70.642681,6767.53771006,0.147764230189,29216,29216,7.132958,0.539068,6.085065,7.129882,0.536764,1.484469,0,0.368902,0.00538,8184,31615,57288,0,0,0,0,195488,0,0,0,73728,0,0,0,0,0,4612744,6.085065,20.310449,0.460343,35.834592,0,3.31338,63.946075,70.642681,0,0,0,0,187304
l3-n8192-zipf-w1,arity,3,8192,zipf,1,accept_static_degree,accept_static_degree,,greedy,29,2,ok,cca57cde3eacbc670d5a9045822309cd6c3921b8f2a59af64161527f9109795a,l3-n8192-zipf-w1-s29-r2-measure-accept_static_degree,526,7666,43.039179,35.522977,12221.4227181,0.0818235342205,23484,23484,7.155165,0.360877,6.035394,7.152864,0.358182,1.464362,0,0.228086,0.004996,0,31671,57344,0,0,0,0,0,0,0,0,0,0,0,0,0,0,1520208,6.035394,0,0,1.294158,0,0.02056,28.917792,35.522977,25.349672,0.877875,8192,11111,0
l3-n8192-zipf-w1,arity,3,8192,zipf,1,eas_k2_adaptive,eas,2,adaptive,29,2,ok,cca57cde3eacbc670d5a9045822309cd6c3921b8f2a59af64161527f9109795a,l3-n8192-zipf-w1-s29-r2-measure-eas_k2_adaptive,528,7664,73.817078,65.948368,7152.81631711,0.13980507197,28940,28940,7.320952,0.547411,6.132216,7.318832,0.544903,1.486464,0,0.376944,0.004628,8184,31615,57288,0,0,0,0,173826,0,0,0,73728,0,0,0,0,0,4612744,6.132216,20.280826,0.369352,31.51929,0,3.300423,59.209021,65.948368,0,0,0,0,165642
l3-n8192-zipf-w1,arity,3,8192,zipf,1,accept_id,accept_id,,greedy,29,2,ok,cca57cde3eacbc670d5a9045822309cd6c3921b8f2a59af64161527f9109795a,l3-n8192-zipf-w1-s29-r2-measure-accept_id,452,7740,15.39211,8.043888,29365.6945019,0.034053340708,21868,21868,7.07007,0.277859,5.998241,7.068174,0.275401,1.446931,0,0.16508,0.004354,0,0,0,0,0,0,0,0,0,0,0,0,0,0,0,0,0,0,5.998241,0,0,0.113481,0,0.018731,1.506536,8.043888,0,0.006446,0,10612,0
l3-n8192-zipf-w1,arity,3,8192,zipf,1,native,native,,native,29,2,ok,cca57cde3eacbc670d5a9045822309cd6c3921b8f2a59af64161527f9109795a,l3-n8192-zipf-w1-s29-r2-measure-native,123,8069,8.278074,0,14858.5286867,0.0673014146341,21760,21760,7.237962,1.040019,0,7.235451,1.037806,1.471143,0.605208,0.047068,0.004724,8184,0,0,0,0,0,0,0,0,0,0,0,0,0,0,0,0,0,0,0,0,0,0,0,0,0,0,0,0,0,0
l3-n8192-zipf-w1,arity,3,8192,zipf,1,eas_k1_adaptive,eas,1,adaptive,29,3,ok,cca57cde3eacbc670d5a9045822309cd6c3921b8f2a59af64161527f9109795a,l3-n8192-zipf-w1-s29-r3-measure-eas_k1_adaptive,530,7662,78.530971,70.654736,6748.92966751,0.148171643396,29088,29088,7.292716,0.583379,6.178976,7.290714,0.58047,1.501536,0,0.411226,0.004911,8184,31615,57288,0,0,0,0,195488,0,0,0,73728,0,0,0,0,0,4612744,6.178976,20.207203,0.457764,35.88386,0,3.316202,63.873985,70.654736,0,0,0,0,187304
l3-n8192-zipf-w1,arity,3,8192,zipf,1,accept_id,accept_id,,greedy,29,3,ok,cca57cde3eacbc670d5a9045822309cd6c3921b8f2a59af64161527f9109795a,l3-n8192-zipf-w1-s29-r3-measure-accept_id,452,7740,15.727043,8.070681,28740.3042009,0.0347943429204,21836,21836,7.370039,0.286172,6.014631,7.367746,0.284268,1.525459,0,0.172364,0.004197,0,0,0,0,0,0,0,0,0,0,0,0,0,0,0,0,0,0,6.014631,0,0,0.114265,0,0.018948,1.516385,8.070681,0,0.006419,0,10612,0
l3-n8192-zipf-w1,arity,3,8192,zipf,1,accept_static_degree,accept_static_degree,,greedy,29,3,ok,cca57cde3eacbc670d5a9045822309cd6c3921b8f2a59af64161527f9109795a,l3-n8192-zipf-w1-s29-r3-measure-accept_static_degree,526,7666,43.331214,35.762958,12139.0552316,0.0823787338403,23608,23608,7.188617,0.379469,6.117174,7.186306,0.377275,1.473153,0,0.24038,0.004505,0,31671,57344,0,0,0,0,0,0,0,0,0,0,0,0,0,0,1520208,6.117174,0,0,1.305755,0,0.020878,29.080467,35.762958,25.426284,0.878052,8192,11111,0
l3-n8192-zipf-w1,arity,3,8192,zipf,1,native,native,,native,29,3,ok,cca57cde3eacbc670d5a9045822309cd6c3921b8f2a59af64161527f9109795a,l3-n8192-zipf-w1-s29-r3-measure-native,123,8069,8.330904,0,14764.3040899,0.0677309268293,21576,21576,7.295238,1.035576,0,7.292961,1.032744,1.478476,0.604001,0.045928,0.005109,8184,0,0,0,0,0,0,0,0,0,0,0,0,0,0,0,0,0,0,0,0,0,0,0,0,0,0,0,0,0,0
l3-n8192-zipf-w1,arity,3,8192,zipf,1,eas_k2_adaptive,eas,2,adaptive,29,3,ok,cca57cde3eacbc670d5a9045822309cd6c3921b8f2a59af64161527f9109795a,l3-n8192-zipf-w1-s29-r3-measure-eas_k2_adaptive,528,7664,73.827293,65.883296,7151.82662867,0.139824418561,29128,29128,7.273377,0.6703,6.084751,7.270956,0.667059,1.488976,0,0.479419,0.005662,8184,31615,57288,0,0,0,0,173826,0,0,0,73728,0,0,0,0,0,4612744,6.084751,20.219967,0.372183,31.489873,0,3.388169,59.181969,65.883296,0,0,0,0,165642
l3-n8192-zipf-w1,arity,3,8192,zipf,1,accept_id,accept_id,,greedy,47,1,ok,a6fd586f0465bfca71375e2cb39e31337ae8e6bb4f6174e4459733dc0c0be53c,l3-n8192-zipf-w1-s47-r1-measure-accept_id,484,7708,15.716426,8.100581,30795.8056113,0.0324719545455,21772,21772,7.312415,0.303235,6.048549,7.310382,0.300968,1.53112,0,0.186955,0.0043,0,0,0,0,0,0,0,0,0,0,0,0,0,0,0,0,0,0,6.048549,0,0,0.116369,0,0.019728,1.513817,8.100581,0,0.006452,0,10797,0
l3-n8192-zipf-w1,arity,3,8192,zipf,1,eas_k1_adaptive,eas,1,adaptive,47,1,ok,a6fd586f0465bfca71375e2cb39e31337ae8e6bb4f6174e4459733dc0c0be53c,l3-n8192-zipf-w1-s47-r1-measure-eas_k1_adaptive,565,7627,77.535347,69.685184,7286.9990509,0.137230702655,29100,29100,7.263799,0.586034,6.109589,7.261542,0.583698,1.503625,0,0.407181,0.004593,8184,31822,57288,0,0,0,0,183786,0,0,0,73728,0,0,0,0,0,4613000,6.109589,20.994481,0.461575,33.870819,0,3.400074,62.971557,69.685184,0,0,0,0,175602
l3-n8192-zipf-w1,arity,3,8192,zipf,1,native,native,,native,47,1,ok,a6fd586f0465bfca71375e2cb39e31337ae8e6bb4f6174e4459733dc0c0be53c,l3-n8192-zipf-w1-s47-r1-measure-native,140,8052,8.340188,0,16786.1923496,0.0595727714286,21576,21576,7.266932,1.073012,0,7.264551,1.071639,1.507846,0.627193,0.054946,0.003754,8184,0,0,0,0,0,0,0,0,0,0,0,0,0,0,0,0,0,0,0,0,0,0,0,0,0,0,0,0,0,0
l3-n8192-zipf-w1,arity,3,8192,zipf,1,eas_k2_adaptive,eas,2,adaptive,47,1,ok,a6fd586f0465bfca71375e2cb39e31337ae8e6bb4f6174e4459733dc0c0be53c,l3-n8192-zipf-w1-s47-r1-measure-eas_k2_adaptive,564,7628,73.575363,65.685797,7665.60947854,0.130452771277,28932,28932,7.321048,0.568151,6.153455,7.318888,0.565471,1.491881,0,0.389106,0.00484,8184,31822,57288,0,0,0,0,165150,0,0,0,73728,0,0,0,0,0,4613000,6.153455,21.03237,0.374942,30.063711,0,3.397834,58.868841,65.685797,0,0,0,0,156966
l3-n8192-zipf-w1,arity,3,8192,zipf,1,accept_static_degree,accept_static_degree,,greedy,47,1,ok,a6fd586f0465bfca71375e2cb39e31337ae8e6bb4f6174e4459733dc0c0be53c,l3-n8192-zipf-w1-s47-r1-measure-accept_static_degree,566,7626,42.90606,35.386162,13191.6097633,0.0758057597173,23296,23296,7.108732,0.410944,6.043252,7.106459,0.408663,1.459585,0,0.268483,0.004554,0,31878,57344,0,0,0,0,0,0,0,0,0,0,0,0,0,0,1530144,6.043252,0,0,1.097827,0,0.020744,28.772027,35.386162,25.422846,0.867054,8192,11355,0
l3-n8192-zipf-w1,arity,3,8192,zipf,1,native,native,,native,47,2,ok,a6fd586f0465bfca71375e2cb39e31337ae8e6bb4f6174e4459733dc0c0be53c,l3-n8192-zipf-w1-s47-r2-measure-native,140,8052,8.489964,0,16490.0581439,0.0606426,21516,21516,7.452762,1.037148,0,7.450283,1.035725,1.543638,0.597299,0.052955,0.003902,8184,0,0,0,0,0,0,0,0,0,0,0,0,0,0,0,0,0,0,0,0,0,0,0,0,0,0,0,0,0,0
l3-n8192-zipf-w1,arity,3,8192,zipf,1,eas_k2_adaptive,eas,2,adaptive,47,2,ok,a6fd586f0465bfca71375e2cb39e31337ae8e6bb4f6174e4459733dc0c0be53c,l3-n8192-zipf-w1-s47-r2-measure-eas_k2_adaptive,564,7628,73.08184,65.14651,7717.37547933,0.129577730496,28996,28996,7.386985,0.548229,6.130274,7.384341,0.545169,1.521677,0,0.382157,0.005704,8184,31822,57288,0,0,0,0,165150,0,0,0,73728,0,0,0,0,0,4613000,6.130274,20.863983,0.376514,29.963206,0,3.28768,58.411265,65.14651,0,0,0,0,156966
l3-n8192-zipf-w1,arity,3,8192,zipf,1,accept_static_degree,accept_static_degree,,greedy,47,2,ok,a6fd586f0465bfca71375e2cb39e31337ae8e6bb4f6174e4459733dc0c0be53c,l3-n8192-zipf-w1-s47-r2-measure-accept_static_degree,566,7626,43.371639,35.696786,13050.0025604,0.0766283374558,23484,23484,7.278863,0.395667,6.076585,7.276512,0.393145,1.520592,0,0.254844,0.004873,0,31878,57344,0,0,0,0,0,0,0,0,0,0,0,0,0,0,1530144,6.076585,0,0,1.127324,0,0.020961,29.070023,35.696786,25.686339,0.866663,8192,11355,0
l3-n8192-zipf-w1,arity,3,8192,zipf,1,accept_id,accept_id,,greedy,47,2,ok,a6fd586f0465bfca71375e2cb39e31337ae8e6bb4f6174e4459733dc0c0be53c,l3-n8192-zipf-w1-s47-r2-measure-accept_id,484,7708,15.874389,8.236236,30489.3624567,0.0327983243802,22028,22028,7.34317,0.294639,6.137474,7.340819,0.292399,1.5004,0,0.179389,0.004591,0,0,0,0,0,0,0,0,0,0,0,0,0,0,0,0,0,0,6.137474,0,0,0.117877,0,0.019195,1.528558,8.236236,0,0.006459,0,10797,0
l3-n8192-zipf-w1,arity,3,8192,zipf,1,eas_k1_adaptive,eas,1,adaptive,47,2,ok,a6fd586f0465bfca71375e2cb39e31337ae8e6bb4f6174e4459733dc0c0be53c,l3-n8192-zipf-w1-s47-r2-measure-eas_k1_adaptive,565,7627,77.259826,69.330863,7312.98566476,0.136743054867,29392,29392,7.247222,0.681555,6.138677,7.24454,0.677894,1.48124,0,0.495689,0.006343,8184,31822,57288,0,0,0,0,183786,0,0,0,73728,0,0,0,0,0,4613000,6.138677,20.918299,0.460987,33.712208,0,3.299716,62.576921,69.330863,0,0,0,0,175602
l3-n8192-zipf-w1,arity,3,8192,zipf,1,eas_k2_adaptive,eas,2,adaptive,47,3,ok,a6fd586f0465bfca71375e2cb39e31337ae8e6bb4f6174e4459733dc0c0be53c,l3-n8192-zipf-w1-s47-r3-measure-eas_k2_adaptive,564,7628,73.196703,65.46605,7705.26508551,0.129781388298,28932,28932,7.107594,0.622744,6.07629,7.105153,0.61937,1.470027,0,0.450225,0.005815,8184,31822,57288,0,0,0,0,165150,0,0,0,73728,0,0,0,0,0,4613000,6.07629,21.034235,0.375789,30.047959,0,3.349898,58.775474,65.46605,0,0,0,0,156966
l3-n8192-zipf-w1,arity,3,8192,zipf,1,accept_id,accept_id,,greedy,47,3,ok,a6fd586f0465bfca71375e2cb39e31337ae8e6bb4f6174e4459733dc0c0be53c,l3-n8192-zipf-w1-s47-r3-measure-accept_id,484,7708,15.54496,8.092155,31135.4934332,0.0321176859504,21944,21944,7.16011,0.292502,6.036091,7.157693,0.290455,1.47011,0,0.177733,0.004464,0,0,0,0,0,0,0,0,0,0,0,0,0,0,0,0,0,0,6.036091,0,0,0.118479,0,0.019131,1.523076,8.092155,0,0.006449,0,10797,0
l3-n8192-zipf-w1,arity,3,8192,zipf,1,accept_static_degree,accept_static_degree,,greedy,47,3,ok,a6fd586f0465bfca71375e2cb39e31337ae8e6bb4f6174e4459733dc0c0be53c,l3-n8192-zipf-w1-s47-r3-measure-accept_static_degree,566,7626,43.604367,35.8314,12980.351257,0.0770395176678,23608,23608,7.355569,0.417189,6.158547,7.353192,0.415014,1.49187,0,0.276511,0.004552,0,31878,57344,0,0,0,0,0,0,0,0,0,0,0,0,0,0,1530144,6.158547,0,0,1.138691,0,0.021237,29.103781,35.8314,25.691654,0.867142,8192,11355,0
l3-n8192-zipf-w1,arity,3,8192,zipf,1,native,native,,native,47,3,ok,a6fd586f0465bfca71375e2cb39e31337ae8e6bb4f6174e4459733dc0c0be53c,l3-n8192-zipf-w1-s47-r3-measure-native,140,8052,8.513791,0,16443.9084774,0.0608127928571,21596,21596,7.43901,1.074665,0,7.436856,1.072492,1.526303,0.626812,0.054916,0.004327,8184,0,0,0,0,0,0,0,0,0,0,0,0,0,0,0,0,0,0,0,0,0,0,0,0,0,0,0,0,0,0
l3-n8192-zipf-w1,arity,3,8192,zipf,1,eas_k1_adaptive,eas,1,adaptive,47,3,ok,a6fd586f0465bfca71375e2cb39e31337ae8e6bb4f6174e4459733dc0c0be53c,l3-n8192-zipf-w1-s47-r3-measure-eas_k1_adaptive,565,7627,77.209248,69.384,7317.77623323,0.136653536283,29208,29208,7.283055,0.54203,6.136065,7.280836,0.538944,1.488324,0,0.381694,0.005305,8184,31822,57288,0,0,0,0,183786,0,0,0,73728,0,0,0,0,0,4613000,6.136065,20.84581,0.459246,33.812427,0,3.298532,62.630316,69.384,0,0,0,0,175602
l3-n8192-zipf-w1,arity,3,8192,zipf,1,accept_static_degree,accept_static_degree,,greedy,71,1,ok,5bdf32311753f17300940ba77b55be75a1e1a8abd7261d45ee3e27f47d7c3319,l3-n8192-zipf-w1-s71-r1-measure-accept_static_degree,529,7663,43.06982,35.603974,12282.38242,0.0814174291115,23624,23624,7.09162,0.374034,6.144496,7.089194,0.371687,1.452183,0,0.236927,0.004773,0,31792,57344,0,0,0,0,0,0,0,0,0,0,0,0,0,0,1526016,6.144496,0,0,1.12737,0,0.021212,28.895494,35.603974,25.49234,0.878938,8192,11123,0
l3-n8192-zipf-w1,arity,3,8192,zipf,1,eas_k2_adaptive,eas,2,adaptive,71,1,ok,5bdf32311753f17300940ba77b55be75a1e1a8abd7261d45ee3e27f47d7c3319,l3-n8192-zipf-w1-s71-r1-measure-eas_k2_adaptive,526,7666,75.197685,67.353787,6994.89618597,0.142961378327,28992,28992,7.171619,0.671927,6.112216,7.169159,0.66886,1.467493,0,0.484022,0.005527,8183,31729,57281,0,0,0,0,175706,0,0,0,73728,0,0,0,0,0,4606248,6.112216,20.6602,0.375119,32.092496,0,3.447741,60.60913,67.353787,0,0,0,0,167523
l3-n8192-zipf-w1,arity,3,8192,zipf,1,eas_k1_adaptive,eas,1,adaptive,71,1,ok,5bdf32311753f17300940ba77b55be75a1e1a8abd7261d45ee3e27f47d7c3319,l3-n8192-zipf-w1-s71-r1-measure-eas_k1_adaptive,529,7663,78.937089,71.234757,6701.53924729,0.149219449905,29212,29212,7.165696,0.536421,6.072901,7.163418,0.53325,1.475515,0,0.368877,0.005449,8183,31729,57281,0,0,0,0,197749,0,0,0,73728,0,0,0,0,0,4606248,6.072901,20.256928,0.457428,36.440351,0,3.244251,64.549076,71.234757,0,0,0,0,189566
l3-n8192-zipf-w1,arity,3,8192,zipf,1,native,native,,native,71,1,ok,5bdf32311753f17300940ba77b55be75a1e1a8abd7261d45ee3e27f47d7c3319,l3-n8192-zipf-w1-s71-r1-measure-native,128,8064,8.403952,0,15230.9294484,0.065655875,21528,21528,7.342132,1.061755,0,7.340018,1.05982,1.517325,0.625092,0.050488,0.004049,8183,0,0,0,0,0,0,0,0,0,0,0,0,0,0,0,0,0,0,0,0,0,0,0,0,0,0,0,0,0,0
l3-n8192-zipf-w1,arity,3,8192,zipf,1,accept_id,accept_id,,greedy,71,1,ok,5bdf32311753f17300940ba77b55be75a1e1a8abd7261d45ee3e27f47d7c3319,l3-n8192-zipf-w1-s71-r1-measure-accept_id,450,7742,15.669651,8.127345,28717.9337944,0.0348214466667,21828,21828,7.259463,0.282509,6.058968,7.257297,0.280653,1.495194,0,0.168966,0.004022,0,0,0,0,0,0,0,0,0,0,0,0,0,0,0,0,0,0,6.058968,0,0,0.117336,0,0.018605,1.523048,8.127345,0,0.006452,0,10636,0
l3-n8192-zipf-w1,arity,3,8192,zipf,1,native,native,,native,71,2,ok,5bdf32311753f17300940ba77b55be75a1e1a8abd7261d45ee3e27f47d7c3319,l3-n8192-zipf-w1-s71-r2-measure-native,128,8064,8.202506,0,15604.9870613,0.064082078125,21644,21644,7.158594,1.043844,0,7.156543,1.042024,1.473992,0.607664,0.048538,0.003871,8183,0,0,0,0,0,0,0,0,0,0,0,0,0,0,0,0,0,0,0,0,0,0,0,0,0,0,0,0,0,0
l3-n8192-zipf-w1,arity,3,8192,zipf,1,eas_k1_adaptive,eas,1,adaptive,71,2,ok,5bdf32311753f17300940ba77b55be75a1e1a8abd7261d45ee3e27f47d7c3319,l3-n8192-zipf-w1-s71-r2-measure-eas_k1_adaptive,529,7663,79.674264,71.844249,6639.53419137,0.150612975425,29208,29208,7.255371,0.574396,6.138818,7.25318,0.5714,1.496036,0,0.403025,0.005187,8183,31729,57281,0,0,0,0,197749,0,0,0,73728,0,0,0,0,0,4606248,6.138818,20.52475,0.457075,36.460674,0,3.377744,65.090476,71.844249,0,0,0,0,189566
l3-n8192-zipf-w1,arity,3,8192,zipf,1,eas_k2_adaptive,eas,2,adaptive,71,2,ok,5bdf32311753f17300940ba77b55be75a1e1a8abd7261d45ee3e27f47d7c3319,l3-n8192-zipf-w1-s71-r2-measure-eas_k2_adaptive,526,7666,73.701127,66.180792,7136.93292641,0.140116211027,28952,28952,6.996035,0.524041,5.983164,6.993925,0.521232,1.447289,0,0.360383,0.004919,8183,31729,57281,0,0,0,0,175706,0,0,0,73728,0,0,0,0,0,4606248,5.983164,20.294662,0.368679,31.693331,0,3.301355,59.581804,66.180792,0,0,0,0,167523
l3-n8192-zipf-w1,arity,3,8192,zipf,1,accept_static_degree,accept_static_degree,,greedy,71,2,ok,5bdf32311753f17300940ba77b55be75a1e1a8abd7261d45ee3e27f47d7c3319,l3-n8192-zipf-w1-s71-r2-measure-accept_static_degree,529,7663,42.891568,35.487405,12333.4264674,0.0810804688091,23440,23440,7.053519,0.350471,6.044105,7.051222,0.348159,1.457156,0,0.218409,0.004609,0,31792,57344,0,0,0,0,0,0,0,0,0,0,0,0,0,0,1526016,6.044105,0,0,1.098729,0,0.02088,28.886336,35.487405,25.522181,0.873913,8192,11123,0
l3-n8192-zipf-w1,arity,3,8192,zipf,1,accept_id,accept_id,,greedy,71,2,ok,5bdf32311753f17300940ba77b55be75a1e1a8abd7261d45ee3e27f47d7c3319,l3-n8192-zipf-w1-s71-r2-measure-accept_id,450,7742,15.711897,8.141652,28640.7172858,0.0349153266667,21884,21884,7.290207,0.279742,6.065196,7.287957,0.277733,1.504773,0,0.167941,0.004259,0,0,0,0,0,0,0,0,0,0,0,0,0,0,0,0,0,0,6.065196,0,0,0.115673,0,0.018753,1.514473,8.141652,0,0.006467,0,10636,0
l3-n8192-zipf-w1,arity,3,8192,zipf,1,native,native,,native,71,3,ok,5bdf32311753f17300940ba77b55be75a1e1a8abd7261d45ee3e27f47d7c3319,l3-n8192-zipf-w1-s71-r3-measure-native,128,8064,8.08343,0,15834.862181,0.063151796875,21636,21636,7.048633,1.034732,0,7.046642,1.032716,1.46569,0.599838,0.048876,0.004007,8183,0,0,0,0,0,0,0,0,0,0,0,0,0,0,0,0,0,0,0,0,0,0,0,0,0,0,0,0,0,0
l3-n8192-zipf-w1,arity,3,8192,zipf,1,accept_id,accept_id,,greedy,71,3,ok,5bdf32311753f17300940ba77b55be75a1e1a8abd7261d45ee3e27f47d7c3319,l3-n8192-zipf-w1-s71-r3-measure-accept_id,450,7742,15.794477,8.200329,28490.9718758,0.0350988377778,21840,21840,7.306676,0.287321,6.11149,7.304033,0.285386,1.511,0,0.173805,0.004578,0,0,0,0,0,0,0,0,0,0,0,0,0,0,0,0,0,0,6.11149,0,0,0.119903,0,0.020183,1.526703,8.200329,0,0.007607,0,10636,0
l3-n8192-zipf-w1,arity,3,8192,zipf,1,accept_static_degree,accept_static_degree,,greedy,71,3,ok,5bdf32311753f17300940ba77b55be75a1e1a8abd7261d45ee3e27f47d7c3319,l3-n8192-zipf-w1-s71-r3-measure-accept_static_degree,529,7663,43.114672,35.499184,12269.6051126,0.0815022155009,23488,23488,7.222587,0.392619,6.093036,7.22045,0.390286,1.481339,0,0.253197,0.00447,0,31792,57344,0,0,0,0,0,0,0,0,0,0,0,0,0,0,1526016,6.093036,0,0,1.113078,0,0.021151,28.837703,35.499184,25.455423,0.871176,8192,11123,0
l3-n8192-zipf-w1,arity,3,8192,zipf,1,eas_k1_adaptive,eas,1,adaptive,71,3,ok,5bdf32311753f17300940ba77b55be75a1e1a8abd7261d45ee3e27f47d7c3319,l3-n8192-zipf-w1-s71-r3-measure-eas_k1_adaptive,529,7663,79.902203,71.937234,6620.59342719,0.151043862004,29212,29212,7.30768,0.656937,6.089129,7.305394,0.653917,1.488501,0,0.469869,0.005306,8183,31729,57281,0,0,0,0,197749,0,0,0,73728,0,0,0,0,0,4606248,6.089129,20.770771,0.45865,36.460026,0,3.344317,65.230519,71.937234,0,0,0,0,189566
l3-n8192-zipf-w1,arity,3,8192,zipf,1,eas_k2_adaptive,eas,2,adaptive,71,3,ok,5bdf32311753f17300940ba77b55be75a1e1a8abd7261d45ee3e27f47d7c3319,l3-n8192-zipf-w1-s71-r3-measure-eas_k2_adaptive,526,7666,73.776328,66.161973,7129.65817437,0.140259178707,28912,28912,7.091483,0.52263,6.063523,7.08918,0.520041,1.464069,0,0.361064,0.004892,8183,31729,57281,0,0,0,0,175706,0,0,0,73728,0,0,0,0,0,4606248,6.063523,20.240426,0.36894,31.768546,0,3.234877,59.492943,66.161973,0,0,0,0,167523
l3-n8192-zipf-w1,arity,3,8192,zipf,1,accept_static_degree,accept_static_degree,,greedy,101,1,ok,dc723efb2791c1fb45362c965394670874ee7a3301239fbf44efa69040edb397,l3-n8192-zipf-w1-s101-r1-measure-accept_static_degree,556,7636,42.927846,35.244889,12951.965957,0.0772083561151,23500,23500,7.246545,0.436179,5.997777,7.244343,0.433298,1.4913,0,0.287112,0.005083,0,31771,57344,0,0,0,0,0,0,0,0,0,0,0,0,0,0,1525008,5.997777,0,0,1.084642,0,0.021221,28.691684,35.244889,25.320991,0.884104,8192,11229,0
l3-n8192-zipf-w1,arity,3,8192,zipf,1,accept_id,accept_id,,greedy,101,1,ok,dc723efb2791c1fb45362c965394670874ee7a3301239fbf44efa69040edb397,l3-n8192-zipf-w1-s101-r1-measure-accept_id,475,7717,15.726443,8.124725,30203.905613,0.0331083010526,21836,21836,7.308333,0.293186,6.0611,7.305878,0.291322,1.510265,0,0.177655,0.004319,0,0,0,0,0,0,0,0,0,0,0,0,0,0,0,0,0,0,6.0611,0,0,0.118039,0,0.019391,1.496038,8.124725,0,0.006445,0,10749,0
l3-n8192-zipf-w1,arity,3,8192,zipf,1,eas_k1_adaptive,eas,1,adaptive,101,1,ok,dc723efb2791c1fb45362c965394670874ee7a3301239fbf44efa69040edb397,l3-n8192-zipf-w1-s101-r1-measure-eas_k1_adaptive,549,7643,77.761483,69.983597,7060.05053942,0.141642045537,29080,29080,7.186772,0.590992,6.097012,7.184278,0.588364,1.48059,0,0.422155,0.005122,8176,31659,57232,0,0,0,0,190334,0,0,0,73728,0,0,0,0,0,4611304,6.097012,20.422606,0.458028,34.989999,0,3.289692,63.272745,69.983597,0,0,0,0,182158
l3-n8192-zipf-w1,arity,3,8192,zipf,1,eas_k2_adaptive,eas,2,adaptive,101,1,ok,dc723efb2791c1fb45362c965394670874ee7a3301239fbf44efa69040edb397,l3-n8192-zipf-w1-s101-r1-measure-eas_k2_adaptive,548,7644,72.81173,65.113852,7526.25984852,0.132868120438,28824,28824,7.160259,0.537515,6.01124,7.157953,0.534781,1.480445,0,0.373877,0.00504,8176,31659,57232,0,0,0,0,168953,0,0,0,73728,0,0,0,0,0,4611304,6.01124,20.253155,0.371343,30.667529,0,3.334855,58.503026,65.113852,0,0,0,0,160777
l3-n8192-zipf-w1,arity,3,8192,zipf,1,native,native,,native,101,1,ok,dc723efb2791c1fb45362c965394670874ee7a3301239fbf44efa69040edb397,l3-n8192-zipf-w1-s101-r1-measure-native,136,8056,8.235535,0,16513.8026856,0.0605554044118,21456,21456,7.185941,1.049492,0,7.183403,1.048015,1.481334,0.613343,0.052982,0.004015,8176,0,0,0,0,0,0,0,0,0,0,0,0,0,0,0,0,0,0,0,0,0,0,0,0,0,0,0,0,0,0
l3-n8192-zipf-w1,arity,3,8192,zipf,1,eas_k2_adaptive,eas,2,adaptive,101,2,ok,dc723efb2791c1fb45362c965394670874ee7a3301239fbf44efa69040edb397,l3-n8192-zipf-w1-s101-r2-measure-eas_k2_adaptive,548,7644,73.249041,65.469372,7481.32661559,0.133666133212,28944,28944,7.158584,0.620862,6.007185,7.156273,0.617954,1.476226,0,0.444519,0.005219,8176,31659,57232,0,0,0,0,168953,0,0,0,73728,0,0,0,0,0,4611304,6.007185,20.522188,0.372043,30.727247,0,3.347238,58.860593,65.469372,0,0,0,0,160777
l3-n8192-zipf-w1,arity,3,8192,zipf,1,native,native,,native,101,2,ok,dc723efb2791c1fb45362c965394670874ee7a3301239fbf44efa69040edb397,l3-n8192-zipf-w1-s101-r2-measure-native,136,8056,8.213621,0,16557.8616301,0.0603942720588,21636,21636,7.162705,1.050824,0,7.160588,1.048228,1.464995,0.610233,0.052089,0.004713,8176,0,0,0,0,0,0,0,0,0,0,0,0,0,0,0,0,0,0,0,0,0,0,0,0,0,0,0,0,0,0
l3-n8192-zipf-w1,arity,3,8192,zipf,1,eas_k1_adaptive,eas,1,adaptive,101,2,ok,dc723efb2791c1fb45362c965394670874ee7a3301239fbf44efa69040edb397,l3-n8192-zipf-w1-s101-r2-measure-eas_k1_adaptive,549,7643,77.719409,69.729572,7063.87255209,0.141565408015,29276,29276,7.401497,0.58786,6.105196,7.399237,0.584723,1.507972,0,0.421744,0.005397,8176,31659,57232,0,0,0,0,190334,0,0,0,73728,0,0,0,0,0,4611304,6.105196,20.248878,0.4636,34.975935,0,3.229737,63.009723,69.729572,0,0,0,0,182158
l3-n8192-zipf-w1,arity,3,8192,zipf,1,accept_id,accept_id,,greedy,101,2,ok,dc723efb2791c1fb45362c965394670874ee7a3301239fbf44efa69040edb397,l3-n8192-zipf-w1-s101-r2-measure-accept_id,475,7717,15.695721,8.083636,30263.0251901,0.0330436231579,22072,22072,7.316039,0.29588,6.039469,7.313587,0.294191,1.512413,0,0.181998,0.004141,0,0,0,0,0,0,0,0,0,0,0,0,0,0,0,0,0,0,6.039469,0,0,0.116803,0,0.019409,1.503367,8.083636,0,0.006455,0,10749,0
l3-n8192-zipf-w1,arity,3,8192,zipf,1,accept_static_degree,accept_static_degree,,greedy,101,2,ok,dc723efb2791c1fb45362c965394670874ee7a3301239fbf44efa69040edb397,l3-n8192-zipf-w1-s101-r2-measure-accept_static_degree,556,7636,43.278209,35.55797,12847.112042,0.0778385053957,23492,23492,7.304115,0.41577,6.135813,7.302096,0.412737,1.497611,0,0.27163,0.005052,0,31771,57344,0,0,0,0,0,0,0,0,0,0,0,0,0,0,1525008,6.135813,0,0,1.093404,0,0.02094,28.837472,35.55797,25.462633,0.875238,8192,11229,0
l3-n8192-zipf-w1,arity,3,8192,zipf,1,accept_static_degree,accept_static_degree,,greedy,101,3,ok,dc723efb2791c1fb45362c965394670874ee7a3301239fbf44efa69040edb397,l3-n8192-zipf-w1-s101-r3-measure-accept_static_degree,556,7636,43.5079,35.838634,12779.2883591,0.078251618705,23424,23424,7.285019,0.383995,6.116474,7.282562,0.381133,1.490514,0,0.246873,0.005319,0,31771,57344,0,0,0,0,0,0,0,0,0,0,0,0,0,0,1525008,6.116474,0,0,1.137141,0,0.020984,29.150014,35.838634,25.681791,0.921027,8192,11229,0
l3-n8192-zipf-w1,arity,3,8192,zipf,1,native,native,,native,101,3,ok,dc723efb2791c1fb45362c965394670874ee7a3301239fbf44efa69040edb397,l3-n8192-zipf-w1-s101-r3-measure-native,136,8056,8.330284,0,16325.9740004,0.0612520882353,21640,21640,7.290663,1.039539,0,7.288116,1.037409,1.488144,0.60185,0.052012,0.004677,8176,0,0,0,0,0,0,0,0,0,0,0,0,0,0,0,0,0,0,0,0,0,0,0,0,0,0,0,0,0,0
l3-n8192-zipf-w1,arity,3,8192,zipf,1,accept_id,accept_id,,greedy,101,3,ok,dc723efb2791c1fb45362c965394670874ee7a3301239fbf44efa69040edb397,l3-n8192-zipf-w1-s101-r3-measure-accept_id,475,7717,15.551445,8.141095,30543.785481,0.0327398842105,21888,21888,7.121308,0.288883,6.088326,7.119016,0.287159,1.449846,0,0.175828,0.004016,0,0,0,0,0,0,0,0,0,0,0,0,0,0,0,0,0,0,6.088326,0,0,0.11762,0,0.01977,1.501446,8.141095,0,0.006465,0,10749,0
l3-n8192-zipf-w1,arity,3,8192,zipf,1,eas_k2_adaptive,eas,2,adaptive,101,3,ok,dc723efb2791c1fb45362c965394670874ee7a3301239fbf44efa69040edb397,l3-n8192-zipf-w1-s101-r3-measure-eas_k2_adaptive,548,7644,72.972183,65.209936,7509.71092642,0.133160917883,29020,29020,7.223681,0.538382,6.119582,7.221127,0.535799,1.488498,0,0.373143,0.005137,8176,31659,57232,0,0,0,0,168953,0,0,0,73728,0,0,0,0,0,4611304,6.119582,20.423671,0.370798,30.671706,0,3.21046,58.487111,65.209936,0,0,0,0,160777
l3-n8192-zipf-w1,arity,3,8192,zipf,1,eas_k1_adaptive,eas,1,adaptive,101,3,ok,dc723efb2791c1fb45362c965394670874ee7a3301239fbf44efa69040edb397,l3-n8192-zipf-w1-s101-r3-measure-eas_k1_adaptive,549,7643,77.806964,69.893937,7055.92368313,0.141724888889,29256,29256,7.405898,0.50689,6.078303,7.403527,0.503966,1.518609,0,0.349407,0.005295,8176,31659,57232,0,0,0,0,190334,0,0,0,73728,0,0,0,0,0,4611304,6.078303,20.3213,0.457627,35.035252,0,3.292575,63.200325,69.893937,0,0,0,0,182158
l4-n8192-uniform-w1,arity,4,8192,uniform,1,accept_static_degree,accept_static_degree,,greedy,11,1,ok,1ae9ca8dafb90fb9e7d4f8bc9fac285f9623fdc9923d6420ff553a28c99d52b8,l4-n8192-uniform-w1-s11-r1-measure-accept_static_degree,1593,6599,99.522857,88.322112,16006.3732897,0.0624751142498,30744,30744,9.285646,1.91458,7.534539,9.283305,1.911235,2.438639,0,1.581293,0.005686,0,99722,122880,0,0,0,0,0,0,0,0,0,0,0,0,0,0,4786656,7.534539,0,0,4.556557,0,0.044708,80.170886,88.322112,73.409663,0.843209,8192,24843,0
l4-n8192-uniform-w1,arity,4,8192,uniform,1,accept_id,accept_id,,greedy,11,1,ok,1ae9ca8dafb90fb9e7d4f8bc9fac285f9623fdc9923d6420ff553a28c99d52b8,l4-n8192-uniform-w1-s11-r1-measure-accept_id,1345,6847,19.859244,9.650213,67726.6465934,0.0147652371747,23044,23044,9.409849,0.798932,7.57107,9.407531,0.797136,2.47801,0,0.607421,0.004114,0,0,0,0,0,0,0,0,0,0,0,0,0,0,0,0,0,0,7.57107,0,0,0.206728,0,0.035512,1.51776,9.650213,0,0.006451,0,18898,0
l4-n8192-uniform-w1,arity,4,8192,uniform,1,eas_k1_adaptive,eas,1,adaptive,11,1,ok,1ae9ca8dafb90fb9e7d4f8bc9fac285f9623fdc9923d6420ff553a28c99d52b8,l4-n8192-uniform-w1-s11-r1-measure-eas_k1_adaptive,1537,6655,108.593011,97.443324,14153.7653837,0.0706525770982,45916,45916,9.14353,2.005792,7.554376,9.141713,2.002801,2.407824,0,1.667605,0.004808,8192,99722,122880,0,0,0,0,41881,0,0,0,98304,0,0,0,0,0,15857472,7.554376,57.061067,0.843434,11.043197,0,10.137561,89.210694,97.443324,0,0,0,0,33689
l4-n8192-uniform-w1,arity,4,8192,uniform,1,native,native,,native,11,1,ok,1ae9ca8dafb90fb9e7d4f8bc9fac285f9623fdc9923d6420ff553a28c99d52b8,l4-n8192-uniform-w1-s11-r1-measure-native,631,7561,10.583241,0,59622.5674158,0.0167721727417,22960,22960,9.106033,1.477142,0,9.103837,1.475799,2.385832,0.774449,0.275542,0.003539,8192,0,0,0,0,0,0,0,0,0,0,0,0,0,0,0,0,0,0,0,0,0,0,0,0,0,0,0,0,0,0
l4-n8192-uniform-w1,arity,4,8192,uniform,1,eas_k2_adaptive,eas,2,adaptive,11,1,ok,1ae9ca8dafb90fb9e7d4f8bc9fac285f9623fdc9923d6420ff553a28c99d52b8,l4-n8192-uniform-w1-s11-r1-measure-eas_k2_adaptive,1530,6662,106.886241,95.700757,14314.2839124,0.0698602882353,45696,45696,9.145663,2.039462,7.543587,9.143431,2.03667,2.38835,0,1.689636,0.005024,8192,99722,122880,0,0,0,0,41903,0,0,0,98304,0,0,0,0,0,15857472,7.543587,56.447218,0.754889,10.482682,0,10.142515,87.461775,95.700757,0,0,0,0,33711
l4-n8192-uniform-w1,arity,4,8192,uniform,1,eas_k1_adaptive,eas,1,adaptive,11,2,ok,1ae9ca8dafb90fb9e7d4f8bc9fac285f9623fdc9923d6420ff553a28c99d52b8,l4-n8192-uniform-w1-s11-r2-measure-eas_k1_adaptive,1537,6655,106.897717,95.566326,14378.2303601,0.0695495881588,45888,45888,9.312911,2.018131,7.502694,9.310725,2.014335,2.446378,0,1.67541,0.005982,8192,99722,122880,0,0,0,0,41881,0,0,0,98304,0,0,0,0,0,15857472,7.502694,56.257593,0.828405,10.559856,0,9.896923,87.19402,95.566326,0,0,0,0,33689
l4-n8192-uniform-w1,arity,4,8192,uniform,1,accept_id,accept_id,,greedy,11,2,ok,1ae9ca8dafb90fb9e7d4f8bc9fac285f9623fdc9923d6420ff553a28c99d52b8,l4-n8192-uniform-w1-s11-r2-measure-accept_id,1345,6847,19.813912,9.654383,67881.5975361,0.0147315330855,23176,23176,9.371234,0.788126,7.571797,9.368045,0.785662,2.468515,0,0.598273,0.005653,0,0,0,0,0,0,0,0,0,0,0,0,0,0,0,0,0,0,7.571797,0,0,0.207651,0,0.036318,1.519909,9.654383,0,0.007632,0,18898,0
l4-n8192-uniform-w1,arity,4,8192,uniform,1,native,native,,native,11,2,ok,1ae9ca8dafb90fb9e7d4f8bc9fac285f9623fdc9923d6420ff553a28c99d52b8,l4-n8192-uniform-w1-s11-r2-measure-native,631,7561,10.718331,0,58871.1059586,0.0169862614897,22960,22960,9.204828,1.51339,0,9.202317,1.511205,2.42756,0.790593,0.280926,0.004696,8192,0,0,0,0,0,0,0,0,0,0,0,0,0,0,0,0,0,0,0,0,0,0,0,0,0,0,0,0,0,0
l4-n8192-uniform-w1,arity,4,8192,uniform,1,eas_k2_adaptive,eas,2,adaptive,11,2,ok,1ae9ca8dafb90fb9e7d4f8bc9fac285f9623fdc9923d6420ff553a28c99d52b8,l4-n8192-uniform-w1-s11-r2-measure-eas_k2_adaptive,1530,6662,107.783539,96.78393,14195.1174938,0.0704467575163,45640,45640,9.086126,1.912994,7.534119,9.083973,1.91014,2.377914,0,1.583763,0.005007,8192,99722,122880,0,0,0,0,41903,0,0,0,98304,0,0,0,0,0,15857472,7.534119,56.682383,0.765447,10.637976,0,10.8774,88.599906,96.78393,0,0,0,0,33711
l4-n8192-uniform-w1,arity,4,8192,uniform,1,accept_static_degree,accept_static_degree,,greedy,11,2,ok,1ae9ca8dafb90fb9e7d4f8bc9fac285f9623fdc9923d6420ff553a28c99d52b8,l4-n8192-uniform-w1-s11-r2-measure-accept_static_degree,1593,6599,99.443365,88.204885,16019.1682975,0.0624252134338,30696,30696,9.225354,2.0129,7.588072,9.22305,2.009756,2.424573,0,1.672377,0.005448,0,99722,122880,0,0,0,0,0,0,0,0,0,0,0,0,0,0,4786656,7.588072,0,0,4.512,0,0.045293,79.998354,88.204885,73.256336,0.853582,8192,24843,0
l4-n8192-uniform-w1,arity,4,8192,uniform,1,eas_k1_adaptive,eas,1,adaptive,11,3,ok,1ae9ca8dafb90fb9e7d4f8bc9fac285f9623fdc9923d6420ff553a28c99d52b8,l4-n8192-uniform-w1-s11-r3-measure-eas_k1_adaptive,1537,6655,108.785892,97.298562,14128.6702875,0.0707780689655,45988,45988,9.453017,2.033772,7.539277,9.450561,2.030779,2.510879,0,1.690718,0.005449,8192,99722,122880,0,0,0,0,41881,0,0,0,98304,0,0,0,0,0,15857472,7.539277,56.941409,0.848803,10.824286,0,10.394981,89.059773,97.298562,0,0,0,0,33689
l4-n8192-uniform-w1,arity,4,8192,uniform,1,accept_static_degree,accept_static_degree,,greedy,11,3,ok,1ae9ca8dafb90fb9e7d4f8bc9fac285f9623fdc9923d6420ff553a28c99d52b8,l4-n8192-uniform-w1-s11-r3-measure-accept_static_degree,1593,6599,99.437653,88.222046,16020.088487,0.0624216277464,30740,30740,9.322219,1.893056,7.589774,9.320101,1.890034,2.431856,0,1.553993,0.00514,0,99722,122880,0,0,0,0,0,0,0,0,0,0,0,0,0,0,4786656,7.589774,0,0,4.582177,0,0.044611,80.017767,88.222046,73.22034,0.852493,8192,24843,0
l4-n8192-uniform-w1,arity,4,8192,uniform,1,eas_k2_adaptive,eas,2,adaptive,11,3,ok,1ae9ca8dafb90fb9e7d4f8bc9fac285f9623fdc9923d6420ff553a28c99d52b8,l4-n8192-uniform-w1-s11-r3-measure-eas_k2_adaptive,1530,6662,107.995563,96.586613,14167.2487045,0.0705853352941,45624,45624,9.380186,2.02832,7.542247,9.377947,2.025279,2.488788,0,1.692009,0.00528,8192,99722,122880,0,0,0,0,41903,0,0,0,98304,0,0,0,0,0,15857472,7.542247,56.997391,0.763528,10.514238,0,10.267363,88.376224,96.586613,0,0,0,0,33711
l4-n8192-uniform-w1,arity,4,8192,uniform,1,accept_id,accept_id,,greedy,11,3,ok,1ae9ca8dafb90fb9e7d4f8bc9fac285f9623fdc9923d6420ff553a28c99d52b8,l4-n8192-uniform-w1-s11-r3-measure-accept_id,1345,6847,19.652457,9.650446,68439.279628,0.0146114921933,23108,23108,9.242014,0.759796,7.56865,9.239626,0.75801,2.407915,0,0.573755,0.004174,0,0,0,0,0,0,0,0,0,0,0,0,0,0,0,0,0,0,7.56865,0,0,0.208227,0,0.035592,1.521415,9.650446,0,0.006459,0,18898,0
l4-n8192-uniform-w1,arity,4,8192,uniform,1,native,native,,native,11,3,ok,1ae9ca8dafb90fb9e7d4f8bc9fac285f9623fdc9923d6420ff553a28c99d52b8,l4-n8192-uniform-w1-s11-r3-measure-native,631,7561,10.408932,0,60621.0127994,0.0164959302694,22756,22756,8.930503,1.478339,0,8.928599,1.476402,2.354804,0.778036,0.276064,0.003841,8192,0,0,0,0,0,0,0,0,0,0,0,0,0,0,0,0,0,0,0,0,0,0,0,0,0,0,0,0,0,0
l4-n8192-uniform-w1,arity,4,8192,uniform,1,accept_static_degree,accept_static_degree,,greedy,29,1,ok,cd4b9e63b6bc740dd3d41bbdb74bb939f72260ae8615b1634222d5534fd265ff,l4-n8192-uniform-w1-s29-r1-measure-accept_static_degree,1581,6611,99.605423,88.430858,15872.6297463,0.0630015325743,30756,30756,9.360179,1.814196,7.597317,9.357706,1.810858,2.462182,0,1.48981,0.005811,0,99708,122880,0,0,0,0,0,0,0,0,0,0,0,0,0,0,4785984,7.597317,0,0,4.909891,0,0.044669,80.223674,88.430858,73.184078,0.819366,8192,24613,0
l4-n8192-uniform-w1,arity,4,8192,uniform,1,native,native,,native,29,1,ok,cd4b9e63b6bc740dd3d41bbdb74bb939f72260ae8615b1634222d5534fd265ff,l4-n8192-uniform-w1-s29-r1-measure-native,619,7573,10.674827,0,57986.8882184,0.0172452778675,22768,22768,9.188738,1.485924,0,9.186297,1.483737,2.404292,0.781662,0.276038,0.004628,8192,0,0,0,0,0,0,0,0,0,0,0,0,0,0,0,0,0,0,0,0,0,0,0,0,0,0,0,0,0,0
l4-n8192-uniform-w1,arity,4,8192,uniform,1,eas_k2_adaptive,eas,2,adaptive,29,1,ok,cd4b9e63b6bc740dd3d41bbdb74bb939f72260ae8615b1634222d5534fd265ff,l4-n8192-uniform-w1-s29-r1-measure-eas_k2_adaptive,1534,6658,108.842211,97.602079,14093.7967532,0.0709532014342,45656,45656,9.243462,1.996162,7.591404,9.241128,1.9928,2.460321,0,1.657523,0.005696,8192,99708,122880,0,0,0,0,42107,0,0,0,98304,0,0,0,0,0,15857056,7.591404,57.197644,0.754608,10.672987,0,10.896519,89.357506,97.602079,0,0,0,0,33915
l4-n8192-uniform-w1,arity,4,8192,uniform,1,accept_id,accept_id,,greedy,29,1,ok,cd4b9e63b6bc740dd3d41bbdb74bb939f72260ae8615b1634222d5534fd265ff,l4-n8192-uniform-w1-s29-r1-measure-accept_id,1365,6827,19.393507,9.575848,70384.3817418,0.0142076974359,23168,23168,9.054062,0.763303,7.511397,9.05172,0.76131,2.35435,0,0.573351,0.004335,0,0,0,0,0,0,0,0,0,0,0,0,0,0,0,0,0,0,7.511397,0,0,0.204833,0,0.037793,1.5144,9.575848,0,0.006458,0,19012,0
l4-n8192-uniform-w1,arity,4,8192,uniform,1,eas_k1_adaptive,eas,1,adaptive,29,1,ok,cd4b9e63b6bc740dd3d41bbdb74bb939f72260ae8615b1634222d5534fd265ff,l4-n8192-uniform-w1-s29-r1-measure-eas_k1_adaptive,1521,6671,107.134308,95.814631,14197.1328176,0.0704367573964,45980,45980,9.244124,2.075241,7.538968,9.241488,2.072577,2.43197,0,1.723812,0.0053,8192,99708,122880,0,0,0,0,42145,0,0,0,98304,0,0,0,0,0,15857056,7.538968,56.180007,0.826624,10.707356,0,10.229229,87.608422,95.814631,0,0,0,0,33953
l4-n8192-uniform-w1,arity,4,8192,uniform,1,eas_k2_adaptive,eas,2,adaptive,29,2,ok,cd4b9e63b6bc740dd3d41bbdb74bb939f72260ae8615b1634222d5534fd265ff,l4-n8192-uniform-w1-s29-r2-measure-eas_k2_adaptive,1534,6658,107.153484,96.056753,14315.9134238,0.0698523363755,45688,45688,9.122583,1.973852,7.557087,9.120154,1.970617,2.381557,0,1.638239,0.005664,8192,99708,122880,0,0,0,0,42107,0,0,0,98304,0,0,0,0,0,15857056,7.557087,56.527057,0.764287,10.581238,0,10.379096,87.83761,96.056753,0,0,0,0,33915
l4-n8192-uniform-w1,arity,4,8192,uniform,1,accept_static_degree,accept_static_degree,,greedy,29,2,ok,cd4b9e63b6bc740dd3d41bbdb74bb939f72260ae8615b1634222d5534fd265ff,l4-n8192-uniform-w1-s29-r2-measure-accept_static_degree,1581,6611,100.233748,88.916295,15773.1306226,0.0633989550917,30724,30724,9.378289,1.93895,7.622879,9.375986,1.935518,2.469656,0,1.602296,0.005735,0,99708,122880,0,0,0,0,0,0,0,0,0,0,0,0,0,0,4785984,7.622879,0,0,4.88981,0,0.04475,80.671765,88.916295,73.611007,0.821689,8192,24613,0
l4-n8192-uniform-w1,arity,4,8192,uniform,1,eas_k1_adaptive,eas,1,adaptive,29,2,ok,cd4b9e63b6bc740dd3d41bbdb74bb939f72260ae8615b1634222d5534fd265ff,l4-n8192-uniform-w1-s29-r2-measure-eas_k1_adaptive,1521,6671,108.5104,97.322572,14017.0896062,0.0713414858646,45968,45968,9.262221,1.925224,7.546088,9.259895,1.92192,2.403986,0,1.592678,0.00563,8192,99708,122880,0,0,0,0,42145,0,0,0,98304,0,0,0,0,0,15857056,7.546088,56.800997,0.824475,10.810444,0,10.775999,89.111405,97.322572,0,0,0,0,33953
l4-n8192-uniform-w1,arity,4,8192,uniform,1,accept_id,accept_id,,greedy,29,2,ok,cd4b9e63b6bc740dd3d41bbdb74bb939f72260ae8615b1634222d5534fd265ff,l4-n8192-uniform-w1-s29-r2-measure-accept_id,1365,6827,19.745434,9.659156,69129.9061849,0.0144655194139,23292,23292,9.292657,0.79345,7.573401,9.290083,0.791354,2.437967,0,0.598801,0.00467,0,0,0,0,0,0,0,0,0,0,0,0,0,0,0,0,0,0,7.573401,0,0,0.205515,0,0.036973,1.529741,9.659156,0,0.006444,0,19012,0
l4-n8192-uniform-w1,arity,4,8192,uniform,1,native,native,,native,29,2,ok,cd4b9e63b6bc740dd3d41bbdb74bb939f72260ae8615b1634222d5534fd265ff,l4-n8192-uniform-w1-s29-r2-measure-native,619,7573,10.482391,0,59051.4129839,0.0169343957997,22768,22768,9.007204,1.475097,0,9.005263,1.473286,2.353085,0.776915,0.270059,0.003752,8192,0,0,0,0,0,0,0,0,0,0,0,0,0,0,0,0,0,0,0,0,0,0,0,0,0,0,0,0,0,0
l4-n8192-uniform-w1,arity,4,8192,uniform,1,eas_k1_adaptive,eas,1,adaptive,29,3,ok,cd4b9e63b6bc740dd3d41bbdb74bb939f72260ae8615b1634222d5534fd265ff,l4-n8192-uniform-w1-s29-r3-measure-eas_k1_adaptive,1521,6671,107.973367,96.939961,14086.8071661,0.0709884069691,45888,45888,9.089639,1.943319,7.521405,9.087343,1.940446,2.389216,0,1.61091,0.005169,8192,99708,122880,0,0,0,0,42145,0,0,0,98304,0,0,0,0,0,15857056,7.521405,56.377601,0.825182,10.80672,0,10.972374,88.77256,96.939961,0,0,0,0,33953
l4-n8192-uniform-w1,arity,4,8192,uniform,1,accept_static_degree,accept_static_degree,,greedy,29,3,ok,cd4b9e63b6bc740dd3d41bbdb74bb939f72260ae8615b1634222d5534fd265ff,l4-n8192-uniform-w1-s29-r3-measure-accept_static_degree,1581,6611,100.31839,89.060646,15759.8223018,0.0634524920936,30744,30744,9.374527,1.883012,7.590994,9.371978,1.879567,2.456672,0,1.556028,0.005994,0,99708,122880,0,0,0,0,0,0,0,0,0,0,0,0,0,0,4785984,7.590994,0,0,4.980704,0,0.043848,80.842716,89.060646,73.737308,0.807769,8192,24613,0
l4-n8192-uniform-w1,arity,4,8192,uniform,1,native,native,,native,29,3,ok,cd4b9e63b6bc740dd3d41bbdb74bb939f72260ae8615b1634222d5534fd265ff,l4-n8192-uniform-w1-s29-r3-measure-native,619,7573,10.700411,0,57848.2452683,0.0172866090468,22848,22848,9.217686,1.482676,0,9.215386,1.479599,2.407985,0.777456,0.274777,0.005377,8192,0,0,0,0,0,0,0,0,0,0,0,0,0,0,0,0,0,0,0,0,0,0,0,0,0,0,0,0,0,0
l4-n8192-uniform-w1,arity,4,8192,uniform,1,accept_id,accept_id,,greedy,29,3,ok,cd4b9e63b6bc740dd3d41bbdb74bb939f72260ae8615b1634222d5534fd265ff,l4-n8192-uniform-w1-s29-r3-measure-accept_id,1365,6827,19.567365,9.636477,69759.0094527,0.0143350659341,22984,22984,9.1531,0.777604,7.570671,9.150401,0.77541,2.39645,0,0.588499,0.004893,0,0,0,0,0,0,0,0,0,0,0,0,0,0,0,0,0,0,7.570671,0,0,0.202874,0,0.037293,1.513376,9.636477,0,0.006457,0,19012,0
l4-n8192-uniform-w1,arity,4,8192,uniform,1,eas_k2_adaptive,eas,2,adaptive,29,3,ok,cd4b9e63b6bc740dd3d41bbdb74bb939f72260ae8615b1634222d5534fd265ff,l4-n8192-uniform-w1-s29-r3-measure-eas_k2_adaptive,1534,6658,108.827994,97.7419,14095.6379293,0.0709439335072,45704,45704,9.115529,1.970195,7.567039,9.113435,1.967183,2.399984,0,1.633098,0.005106,8192,99708,122880,0,0,0,0,42107,0,0,0,98304,0,0,0,0,0,15857056,7.567039,57.172706,0.770803,10.951553,0,10.720412,89.524043,97.7419,0,0,0,0,33915
l4-n8192-uniform-w1,arity,4,8192,uniform,1,accept_id,accept_id,,greedy,47,1,ok,f11e1af4a3ae2eaef00fb2b1d0673377a84673d8cfbb296a1cb87360b0072770,l4-n8192-uniform-w1-s47-r1-measure-accept_id,1381,6811,19.876601,9.697832,69478.6799816,0.0143929044171,23020,23020,9.307967,0.870473,7.608718,9.305684,0.867511,2.437218,0,0.658654,0.005245,0,0,0,0,0,0,0,0,0,0,0,0,0,0,0,0,0,0,7.608718,0,0,0.201436,0,0.03776,1.509859,9.697832,0,0.006455,0,19080,0
l4-n8192-uniform-w1,arity,4,8192,uniform,1,eas_k1_adaptive,eas,1,adaptive,47,1,ok,f11e1af4a3ae2eaef00fb2b1d0673377a84673d8cfbb296a1cb87360b0072770,l4-n8192-uniform-w1-s47-r1-measure-eas_k1_adaptive,1548,6644,108.537951,97.463198,14262.2924584,0.0701149554264,45920,45920,9.085659,1.988624,7.55874,9.083345,1.985224,2.388774,0,1.649582,0.005714,8192,99680,122880,0,0,0,0,41990,0,0,0,98304,0,0,0,0,0,15856840,7.55874,57.089043,0.845548,11.063443,0,10.15643,89.258181,97.463198,0,0,0,0,33798
l4-n8192-uniform-w1,arity,4,8192,uniform,1,accept_static_degree,accept_static_degree,,greedy,47,1,ok,f11e1af4a3ae2eaef00fb2b1d0673377a84673d8cfbb296a1cb87360b0072770,l4-n8192-uniform-w1-s47-r1-measure-accept_static_degree,1601,6591,99.746521,88.528331,16050.6851161,0.0623026364772,30836,30836,9.159553,2.058356,7.555629,9.157616,2.054984,2.414879,0,1.69895,0.005309,0,99680,122880,0,0,0,0,0,0,0,0,0,0,0,0,0,0,4784640,7.555629,0,0,4.53727,0,0.04413,80.343995,88.528331,73.615498,0.868043,8192,24741,0
l4-n8192-uniform-w1,arity,4,8192,uniform,1,native,native,,native,47,1,ok,f11e1af4a3ae2eaef00fb2b1d0673377a84673d8cfbb296a1cb87360b0072770,l4-n8192-uniform-w1-s47-r1-measure-native,633,7559,10.621485,0,59596.186409,0.0167795971564,22852,22852,9.14112,1.480313,0,9.138829,1.478261,2.372579,0.775341,0.277578,0.004343,8192,0,0,0,0,0,0,0,0,0,0,0,0,0,0,0,0,0,0,0,0,0,0,0,0,0,0,0,0,0,0
l4-n8192-uniform-w1,arity,4,8192,uniform,1,eas_k2_adaptive,eas,2,adaptive,47,1,ok,f11e1af4a3ae2eaef00fb2b1d0673377a84673d8cfbb296a1cb87360b0072770,l4-n8192-uniform-w1-s47-r1-measure-eas_k2_adaptive,1550,6642,105.986485,94.870565,14624.506134,0.0683783774194,45840,45840,9.102166,2.013418,7.56521,9.099987,2.010227,2.397379,0,1.666247,0.00537,8192,99680,122880,0,0,0,0,41962,0,0,0,98304,0,0,0,0,0,15856840,7.56521,56.357983,0.74712,10.366097,0,9.746116,86.658325,94.870565,0,0,0,0,33770
l4-n8192-uniform-w1,arity,4,8192,uniform,1,accept_id,accept_id,,greedy,47,2,ok,f11e1af4a3ae2eaef00fb2b1d0673377a84673d8cfbb296a1cb87360b0072770,l4-n8192-uniform-w1-s47-r2-measure-accept_id,1381,6811,19.511536,9.581576,70778.6409025,0.0141285561188,23228,23228,9.146735,0.783074,7.520112,9.144846,0.781433,2.407565,0,0.588608,0.00353,0,0,0,0,0,0,0,0,0,0,0,0,0,0,0,0,0,0,7.520112,0,0,0.206527,0,0.038086,1.507938,9.581576,0,0.006445,0,19080,0
l4-n8192-uniform-w1,arity,4,8192,uniform,1,eas_k1_adaptive,eas,1,adaptive,47,2,ok,f11e1af4a3ae2eaef00fb2b1d0673377a84673d8cfbb296a1cb87360b0072770,l4-n8192-uniform-w1-s47-r2-measure-eas_k1_adaptive,1548,6644,107.323115,96.409361,14423.7334147,0.0693301776486,45792,45792,8.970362,1.943076,7.529093,8.968132,1.940227,2.345316,0,1.604478,0.005079,8192,99680,122880,0,0,0,0,41990,0,0,0,98304,0,0,0,0,0,15856840,7.529093,56.603032,0.832387,10.808152,0,10.176775,88.22708,96.409361,0,0,0,0,33798
l4-n8192-uniform-w1,arity,4,8192,uniform,1,eas_k2_adaptive,eas,2,adaptive,47,2,ok,f11e1af4a3ae2eaef00fb2b1d0673377a84673d8cfbb296a1cb87360b0072770,l4-n8192-uniform-w1-s47-r2-measure-eas_k2_adaptive,1550,6642,107.128065,96.150544,14468.6642104,0.0691148806452,45652,45652,9.08628,1.890814,7.534147,9.083753,1.887972,2.368717,0,1.5571,0.005369,8192,99680,122880,0,0,0,0,41962,0,0,0,98304,0,0,0,0,0,15856840,7.534147,56.569303,0.764157,10.480482,0,10.55638,87.955756,96.150544,0,0,0,0,33770
l4-n8192-uniform-w1,arity,4,8192,uniform,1,accept_static_degree,accept_static_degree,,greedy,47,2,ok,f11e1af4a3ae2eaef00fb2b1d0673377a84673d8cfbb296a1cb87360b0072770,l4-n8192-uniform-w1-s47-r2-measure-accept_static_degree,1601,6591,99.740417,88.537817,16051.6673998,0.0622988238601,30636,30636,9.352939,1.849302,7.620197,9.350342,1.846018,2.465418,0,1.524559,0.005881,0,99680,122880,0,0,0,0,0,0,0,0,0,0,0,0,0,0,4784640,7.620197,0,0,4.584277,0,0.045557,80.252761,88.537817,73.468521,0.865811,8192,24741,0
l4-n8192-uniform-w1,arity,4,8192,uniform,1,native,native,,native,47,2,ok,f11e1af4a3ae2eaef00fb2b1d0673377a84673d8cfbb296a1cb87360b0072770,l4-n8192-uniform-w1-s47-r2-measure-native,633,7559,10.888835,0,58132.94076,0.0172019510269,22768,22768,9.374959,1.513818,0,9.372854,1.512114,2.45445,0.790762,0.291191,0.003809,8192,0,0,0,0,0,0,0,0,0,0,0,0,0,0,0,0,0,0,0,0,0,0,0,0,0,0,0,0,0,0
l4-n8192-uniform-w1,arity,4,8192,uniform,1,eas_k2_adaptive,eas,2,adaptive,47,3,ok,f11e1af4a3ae2eaef00fb2b1d0673377a84673d8cfbb296a1cb87360b0072770,l4-n8192-uniform-w1-s47-r3-measure-eas_k2_adaptive,1550,6642,108.785552,97.765255,14248.2156086,0.0701842270968,45708,45708,9.019651,2.00026,7.564905,9.017407,1.99715,2.346027,0,1.657318,0.005354,8192,99680,122880,0,0,0,0,41962,0,0,0,98304,0,0,0,0,0,15856840,7.564905,56.667752,0.787453,10.943314,0,11.493383,89.481139,97.765255,0,0,0,0,33770
l4-n8192-uniform-w1,arity,4,8192,uniform,1,accept_static_degree,accept_static_degree,,greedy,47,3,ok,f11e1af4a3ae2eaef00fb2b1d0673377a84673d8cfbb296a1cb87360b0072770,l4-n8192-uniform-w1-s47-r3-measure-accept_static_degree,1601,6591,100.085495,88.91163,15996.3239428,0.0625143628982,30692,30692,9.217071,1.956467,7.571085,9.214864,1.953308,2.408946,0,1.619419,0.005366,0,99680,122880,0,0,0,0,0,0,0,0,0,0,0,0,0,0,4784640,7.571085,0,0,4.672221,0,0.044569,80.715533,88.91163,73.869682,0.856539,8192,24741,0
l4-n8192-uniform-w1,arity,4,8192,uniform,1,eas_k1_adaptive,eas,1,adaptive,47,3,ok,f11e1af4a3ae2eaef00fb2b1d0673377a84673d8cfbb296a1cb87360b0072770,l4-n8192-uniform-w1-s47-r3-measure-eas_k1_adaptive,1548,6644,108.494237,97.327018,14268.0389558,0.0700867164083,45968,45968,9.199374,1.967547,7.537524,9.197095,1.964629,2.375664,0,1.62985,0.005197,8192,99680,122880,0,0,0,0,41990,0,0,0,98304,0,0,0,0,0,15856840,7.537524,57.378152,0.852963,10.84181,0,10.236218,89.130127,97.327018,0,0,0,0,33798
l4-n8192-uniform-w1,arity,4,8192,uniform,1,accept_id,accept_id,,greedy,47,3,ok,f11e1af4a3ae2eaef00fb2b1d0673377a84673d8cfbb296a1cb87360b0072770,l4-n8192-uniform-w1-s47-r3-measure-accept_id,1381,6811,20.016741,9.786061,68992.2500371,0.0144943816075,23028,23028,9.413916,0.816576,7.697234,9.411589,0.814189,2.479384,0,0.619991,0.004714,0,0,0,0,0,0,0,0,0,0,0,0,0,0,0,0,0,0,7.697234,0,0,0.203815,0,0.038051,1.519604,9.786061,0,0.007632,0,19080,0
l4-n8192-uniform-w1,arity,4,8192,uniform,1,native,native,,native,47,3,ok,f11e1af4a3ae2eaef00fb2b1d0673377a84673d8cfbb296a1cb87360b0072770,l4-n8192-uniform-w1-s47-r3-measure-native,633,7559,10.734185,0,58970.4761004,0.0169576382306,22760,22760,9.243523,1.490576,0,9.241164,1.489055,2.41259,0.78047,0.282149,0.00388,8192,0,0,0,0,0,0,0,0,0,0,0,0,0,0,0,0,0,0,0,0,0,0,0,0,0,0,0,0,0,0
l4-n8192-uniform-w1,arity,4,8192,uniform,1,accept_id,accept_id,,greedy,71,1,ok,bee71dac7e357f62b0e775338977e91fc2d6cc0a508056f051bab1195e748b7b,l4-n8192-uniform-w1-s71-r1-measure-accept_id,1356,6836,19.464909,9.638187,69663.8242696,0.0143546526549,23104,23104,9.054883,0.771697,7.545103,9.052792,0.769803,2.362066,0,0.581102,0.003985,0,0,0,0,0,0,0,0,0,0,0,0,0,0,0,0,0,0,7.545103,0,0,0.20382,0,0.036992,1.529341,9.638187,0,0.006445,0,19041,0
l4-n8192-uniform-w1,arity,4,8192,uniform,1,eas_k1_adaptive,eas,1,adaptive,71,1,ok,bee71dac7e357f62b0e775338977e91fc2d6cc0a508056f051bab1195e748b7b,l4-n8192-uniform-w1-s71-r1-measure-eas_k1_adaptive,1535,6657,108.318535,97.282398,14171.1665506,0.0705658208469,45992,45992,9.056541,1.97944,7.535157,9.054367,1.975908,2.388851,0,1.640592,0.005706,8192,99703,122880,0,0,0,0,42130,0,0,0,98304,0,0,0,0,0,15857320,7.535157,57.087574,0.84577,10.854574,0,10.290052,89.08162,97.282398,0,0,0,0,33938
l4-n8192-uniform-w1,arity,4,8192,uniform,1,eas_k2_adaptive,eas,2,adaptive,71,1,ok,bee71dac7e357f62b0e775338977e91fc2d6cc0a508056f051bab1195e748b7b,l4-n8192-uniform-w1-s71-r1-measure-eas_k2_adaptive,1544,6648,108.442713,97.180014,14237.9322435,0.0702349177461,45592,45592,9.308236,1.953989,7.520557,9.305989,1.951424,2.4152,0,1.619916,0.004812,8192,99703,122880,0,0,0,0,42072,0,0,0,98304,0,0,0,0,0,15857320,7.520557,57.070424,0.769101,10.648579,0,10.679845,88.991797,97.180014,0,0,0,0,33880
l4-n8192-uniform-w1,arity,4,8192,uniform,1,native,native,,native,71,1,ok,bee71dac7e357f62b0e775338977e91fc2d6cc0a508056f051bab1195e748b7b,l4-n8192-uniform-w1-s71-r1-measure-native,625,7567,10.846218,0,57623.7726367,0.0173539488,22760,22760,9.355268,1.490839,0,9.352975,1.489392,2.426829,0.78307,0.280685,0.00374,8192,0,0,0,0,0,0,0,0,0,0,0,0,0,0,0,0,0,0,0,0,0,0,0,0,0,0,0,0,0,0
l4-n8192-uniform-w1,arity,4,8192,uniform,1,accept_static_degree,accept_static_degree,,greedy,71,1,ok,bee71dac7e357f62b0e775338977e91fc2d6cc0a508056f051bab1195e748b7b,l4-n8192-uniform-w1-s71-r1-measure-accept_static_degree,1605,6587,99.764159,88.544012,16087.9419632,0.0621583545171,30628,30628,9.140217,2.079533,7.74724,9.137758,2.076114,2.423287,0,1.729492,0.005878,0,99703,122880,0,0,0,0,0,0,0,0,0,0,0,0,0,0,4785744,7.74724,0,0,4.585065,0,0.045264,80.174116,88.544012,73.36729,0.886984,8192,24766,0
l4-n8192-uniform-w1,arity,4,8192,uniform,1,accept_static_degree,accept_static_degree,,greedy,71,2,ok,bee71dac7e357f62b0e775338977e91fc2d6cc0a508056f051bab1195e748b7b,l4-n8192-uniform-w1-s71-r2-measure-accept_static_degree,1605,6587,99.778784,88.410304,16085.5838852,0.0621674666667,30816,30816,9.455982,1.912175,7.583549,9.453746,1.90933,2.471645,0,1.58553,0.005081,0,99703,122880,0,0,0,0,0,0,0,0,0,0,0,0,0,0,4785744,7.583549,0,0,4.572341,0,0.045759,80.218677,88.410304,73.40586,0.877095,8192,24766,0
l4-n8192-uniform-w1,arity,4,8192,uniform,1,accept_id,accept_id,,greedy,71,2,ok,bee71dac7e357f62b0e775338977e91fc2d6cc0a508056f051bab1195e748b7b,l4-n8192-uniform-w1-s71-r2-measure-accept_id,1356,6836,19.741219,9.616657,68688.7673958,0.0145584210914,22984,22984,9.330842,0.793517,7.53338,9.327619,0.791406,2.453775,0,0.597785,0.005334,0,0,0,0,0,0,0,0,0,0,0,0,0,0,0,0,0,0,7.53338,0,0,0.206511,0,0.036883,1.532067,9.616657,0,0.007619,0,19041,0
l4-n8192-uniform-w1,arity,4,8192,uniform,1,eas_k1_adaptive,eas,1,adaptive,71,2,ok,bee71dac7e357f62b0e775338977e91fc2d6cc0a508056f051bab1195e748b7b,l4-n8192-uniform-w1-s71-r2-measure-eas_k1_adaptive,1535,6657,108.337735,96.967634,14168.6550859,0.0705783289902,45952,45952,9.370913,1.998836,7.589663,9.368775,1.995736,2.47931,0,1.661907,0.005238,8192,99703,122880,0,0,0,0,42130,0,0,0,98304,0,0,0,0,0,15857320,7.589663,56.664412,0.837624,10.849945,0,10.36002,88.726553,96.967634,0,0,0,0,33938
l4-n8192-uniform-w1,arity,4,8192,uniform,1,eas_k2_adaptive,eas,2,adaptive,71,2,ok,bee71dac7e357f62b0e775338977e91fc2d6cc0a508056f051bab1195e748b7b,l4-n8192-uniform-w1-s71-r2-measure-eas_k2_adaptive,1544,6648,108.411927,97.028079,14241.975424,0.0702149786269,45580,45580,9.384571,1.998921,7.526062,9.382233,1.995684,2.43959,0,1.655245,0.005575,8192,99703,122880,0,0,0,0,42072,0,0,0,98304,0,0,0,0,0,15857320,7.526062,57.135523,0.766787,10.769864,0,10.294388,88.859905,97.028079,0,0,0,0,33880
l4-n8192-uniform-w1,arity,4,8192,uniform,1,native,native,,native,71,2,ok,bee71dac7e357f62b0e775338977e91fc2d6cc0a508056f051bab1195e748b7b,l4-n8192-uniform-w1-s71-r2-measure-native,625,7567,10.702317,0,58398.569207,0.0171237072,22820,22820,9.211181,1.490939,0,9.208927,1.488872,2.408456,0.786931,0.276524,0.004321,8192,0,0,0,0,0,0,0,0,0,0,0,0,0,0,0,0,0,0,0,0,0,0,0,0,0,0,0,0,0,0
l4-n8192-uniform-w1,arity,4,8192,uniform,1,native,native,,native,71,3,ok,bee71dac7e357f62b0e775338977e91fc2d6cc0a508056f051bab1195e748b7b,l4-n8192-uniform-w1-s71-r3-measure-native,625,7567,10.530904,0,59349.1309008,0.0168494464,22640,22640,9.037429,1.493353,0,9.03499,1.490909,2.364492,0.785607,0.280372,0.004883,8192,0,0,0,0,0,0,0,0,0,0,0,0,0,0,0,0,0,0,0,0,0,0,0,0,0,0,0,0,0,0
l4-n8192-uniform-w1,arity,4,8192,uniform,1,accept_id,accept_id,,greedy,71,3,ok,bee71dac7e357f62b0e775338977e91fc2d6cc0a508056f051bab1195e748b7b,l4-n8192-uniform-w1-s71-r3-measure-accept_id,1356,6836,19.485922,9.688996,69588.7010119,0.0143701489676,23172,23172,9.035845,0.760901,7.605818,9.033595,0.759013,2.354872,0,0.572153,0.004138,0,0,0,0,0,0,0,0,0,0,0,0,0,0,0,0,0,0,7.605818,0,0,0.205453,0,0.036804,1.533991,9.688996,0,0.006426,0,19041,0
l4-n8192-uniform-w1,arity,4,8192,uniform,1,eas_k2_adaptive,eas,2,adaptive,71,3,ok,bee71dac7e357f62b0e775338977e91fc2d6cc0a508056f051bab1195e748b7b,l4-n8192-uniform-w1-s71-r3-measure-eas_k2_adaptive,1544,6648,108.404607,97.493683,14242.9371106,0.0702102376943,45528,45528,8.913677,1.996863,7.52623,8.911654,1.993674,2.340985,0,1.650635,0.005212,8192,99703,122880,0,0,0,0,42072,0,0,0,98304,0,0,0,0,0,15857320,7.52623,56.675802,0.786567,10.899958,0,11.285649,89.316474,97.493683,0,0,0,0,33880
l4-n8192-uniform-w1,arity,4,8192,uniform,1,accept_static_degree,accept_static_degree,,greedy,71,3,ok,bee71dac7e357f62b0e775338977e91fc2d6cc0a508056f051bab1195e748b7b,l4-n8192-uniform-w1-s71-r3-measure-accept_static_degree,1605,6587,99.335429,87.986627,16157.3772435,0.0618912330218,30692,30692,9.511235,1.837133,7.532104,9.509094,1.834125,2.468177,0,1.514673,0.005149,0,99703,122880,0,0,0,0,0,0,0,0,0,0,0,0,0,0,4785744,7.532104,0,0,4.497744,0,0.045003,79.84217,87.986627,73.098421,0.900122,8192,24766,0
l4-n8192-uniform-w1,arity,4,8192,uniform,1,eas_k1_adaptive,eas,1,adaptive,71,3,ok,bee71dac7e357f62b0e775338977e91fc2d6cc0a508056f051bab1195e748b7b,l4-n8192-uniform-w1-s71-r3-measure-eas_k1_adaptive,1535,6657,106.958071,95.670568,14351.4181366,0.0696795250814,45968,45968,9.309342,1.977753,7.577135,9.306537,1.974493,2.453737,0,1.636935,0.006065,8192,99703,122880,0,0,0,0,42130,0,0,0,98304,0,0,0,0,0,15857320,7.577135,56.036028,0.826792,10.721633,0,10.193248,87.43766,95.670568,0,0,0,0,33938
l4-n8192-uniform-w1,arity,4,8192,uniform,1,native,native,,native,101,1,ok,a0529ae8cf23339799afa7d4cc7ed370298737b18bdbbee125debee4452e5e02,l4-n8192-uniform-w1-s101-r1-measure-native,619,7573,10.675365,0,57983.9658878,0.0172461470113,22824,22824,9.186237,1.489062,0,9.183718,1.486684,2.410483,0.789455,0.27192,0.004897,8192,0,0,0,0,0,0,0,0,0,0,0,0,0,0,0,0,0,0,0,0,0,0,0,0,0,0,0,0,0,0
l4-n8192-uniform-w1,arity,4,8192,uniform,1,accept_static_degree,accept_static_degree,,greedy,101,1,ok,a0529ae8cf23339799afa7d4cc7ed370298737b18bdbbee125debee4452e5e02,l4-n8192-uniform-w1-s101-r1-measure-accept_static_degree,1596,6596,99.304792,88.262328,16071.7319664,0.062221047619,30568,30568,9.16072,1.88141,7.544735,9.158304,1.878654,2.418356,0,1.563909,0.005172,0,99705,122880,0,0,0,0,0,0,0,0,0,0,0,0,0,0,4785840,7.544735,0,0,4.549807,0,0.043939,80.09774,88.262328,73.387103,0.837192,8192,24614,0
l4-n8192-uniform-w1,arity,4,8192,uniform,1,accept_id,accept_id,,greedy,101,1,ok,a0529ae8cf23339799afa7d4cc7ed370298737b18bdbbee125debee4452e5e02,l4-n8192-uniform-w1-s101-r1-measure-accept_id,1352,6840,19.977965,9.728974,67674.560447,0.0147766013314,23188,23188,9.437448,0.811348,7.647447,9.434893,0.808895,2.48195,0,0.617799,0.005008,0,0,0,0,0,0,0,0,0,0,0,0,0,0,0,0,0,0,7.647447,0,0,0.205869,0,0.036797,1.525678,9.728974,0,0.006461,0,19009,0
l4-n8192-uniform-w1,arity,4,8192,uniform,1,eas_k1_adaptive,eas,1,adaptive,101,1,ok,a0529ae8cf23339799afa7d4cc7ed370298737b18bdbbee125debee4452e5e02,l4-n8192-uniform-w1-s101-r1-measure-eas_k1_adaptive,1541,6651,109.558084,98.336427,14065.5982994,0.0710954471123,45992,45992,9.193683,2.027586,7.503638,9.191395,2.024526,2.432903,0,1.679271,0.005348,8192,99705,122880,0,0,0,0,41911,0,0,0,98304,0,0,0,0,0,15856384,7.503638,57.781201,0.847414,10.857074,0,10.854408,90.174133,98.336427,0,0,0,0,33719
l4-n8192-uniform-w1,arity,4,8192,uniform,1,eas_k2_adaptive,eas,2,adaptive,101,1,ok,a0529ae8cf23339799afa7d4cc7ed370298737b18bdbbee125debee4452e5e02,l4-n8192-uniform-w1-s101-r1-measure-eas_k2_adaptive,1542,6650,107.777569,96.519022,14307.2442096,0.0698946621271,45624,45624,9.287337,1.970805,7.567137,9.285209,1.967211,2.398155,0,1.634927,0.005722,8192,99705,122880,0,0,0,0,41878,0,0,0,98304,0,0,0,0,0,15856384,7.567137,56.751313,0.763791,10.529862,0,10.601382,88.286823,96.519022,0,0,0,0,33686
l4-n8192-uniform-w1,arity,4,8192,uniform,1,accept_static_degree,accept_static_degree,,greedy,101,2,ok,a0529ae8cf23339799afa7d4cc7ed370298737b18bdbbee125debee4452e5e02,l4-n8192-uniform-w1-s101-r2-measure-accept_static_degree,1596,6596,99.570226,88.623821,16028.8879931,0.0623873596491,30612,30612,9.062952,1.882995,7.547506,9.060276,1.879852,2.353138,0,1.552473,0.005819,0,99705,122880,0,0,0,0,0,0,0,0,0,0,0,0,0,0,4785840,7.547506,0,0,4.597564,0,0.044107,80.45652,88.623821,73.693991,0.844325,8192,24614,0
l4-n8192-uniform-w1,arity,4,8192,uniform,1,accept_id,accept_id,,greedy,101,2,ok,a0529ae8cf23339799afa7d4cc7ed370298737b18bdbbee125debee4452e5e02,l4-n8192-uniform-w1-s101-r2-measure-accept_id,1352,6840,19.741777,9.64464,68484.2099067,0.0146019060651,23196,23196,9.307448,0.789544,7.542369,9.305187,0.787229,2.449885,0,0.593788,0.004576,0,0,0,0,0,0,0,0,0,0,0,0,0,0,0,0,0,0,7.542369,0,0,0.204882,0,0.035929,1.533026,9.64464,0,0.006456,0,19009,0
l4-n8192-uniform-w1,arity,4,8192,uniform,1,eas_k2_adaptive,eas,2,adaptive,101,2,ok,a0529ae8cf23339799afa7d4cc7ed370298737b18bdbbee125debee4452e5e02,l4-n8192-uniform-w1-s101-r2-measure-eas_k2_adaptive,1542,6650,107.653898,96.299342,14323.6801328,0.069814460441,45592,45592,9.35845,1.995775,7.570926,9.355963,1.992897,2.440263,0,1.652031,0.005365,8192,99705,122880,0,0,0,0,41878,0,0,0,98304,0,0,0,0,0,15856384,7.570926,56.609014,0.776212,10.644292,0,10.27342,88.080792,96.299342,0,0,0,0,33686
l4-n8192-uniform-w1,arity,4,8192,uniform,1,native,native,,native,101,2,ok,a0529ae8cf23339799afa7d4cc7ed370298737b18bdbbee125debee4452e5e02,l4-n8192-uniform-w1-s101-r2-measure-native,619,7573,10.692793,0,57889.4588159,0.0172743021002,22828,22828,9.207916,1.484627,0,9.205635,1.482579,2.424426,0.785821,0.272028,0.004329,8192,0,0,0,0,0,0,0,0,0,0,0,0,0,0,0,0,0,0,0,0,0,0,0,0,0,0,0,0,0,0
l4-n8192-uniform-w1,arity,4,8192,uniform,1,eas_k1_adaptive,eas,1,adaptive,101,2,ok,a0529ae8cf23339799afa7d4cc7ed370298737b18bdbbee125debee4452e5e02,l4-n8192-uniform-w1-s101-r2-measure-eas_k1_adaptive,1541,6651,109.352199,98.083278,14092.0805808,0.0709618423102,45904,45904,9.22169,2.047121,7.640317,9.219488,2.043996,2.45486,0,1.703662,0.005327,8192,99705,122880,0,0,0,0,41911,0,0,0,98304,0,0,0,0,0,15856384,7.640317,57.051663,0.851718,10.964832,0,10.850031,89.784893,98.083278,0,0,0,0,33719
l4-n8192-uniform-w1,arity,4,8192,uniform,1,accept_id,accept_id,,greedy,101,3,ok,a0529ae8cf23339799afa7d4cc7ed370298737b18bdbbee125debee4452e5e02,l4-n8192-uniform-w1-s101-r3-measure-accept_id,1352,6840,19.664462,9.687637,68753.4700924,0.0145447204142,23104,23104,9.195016,0.781651,7.599186,9.192782,0.779129,2.40272,0,0.590542,0.004756,0,0,0,0,0,0,0,0,0,0,0,0,0,0,0,0,0,0,7.599186,0,0,0.206622,0,0.0367,1.526332,9.687637,0,0.006456,0,19009,0
l4-n8192-uniform-w1,arity,4,8192,uniform,1,accept_static_degree,accept_static_degree,,greedy,101,3,ok,a0529ae8cf23339799afa7d4cc7ed370298737b18bdbbee125debee4452e5e02,l4-n8192-uniform-w1-s101-r3-measure-accept_static_degree,1596,6596,100.498366,89.294318,15880.8552171,0.0629689010025,30688,30688,9.308511,1.895084,7.558507,9.306183,1.891945,2.464095,0,1.559812,0.005467,0,99705,122880,0,0,0,0,0,0,0,0,0,0,0,0,0,0,4785840,7.558507,0,0,4.713688,0,0.043991,81.12719,89.294318,74.250009,0.839655,8192,24614,0
l4-n8192-uniform-w1,arity,4,8192,uniform,1,native,native,,native,101,3,ok,a0529ae8cf23339799afa7d4cc7ed370298737b18bdbbee125debee4452e5e02,l4-n8192-uniform-w1-s101-r3-measure-native,619,7573,10.80665,0,57279.5454651,0.0174582390953,22740,22740,9.308394,1.498187,0,9.305551,1.495303,2.448262,0.788463,0.282681,0.005727,8192,0,0,0,0,0,0,0,0,0,0,0,0,0,0,0,0,0,0,0,0,0,0,0,0,0,0,0,0,0,0
l4-n8192-uniform-w1,arity,4,8192,uniform,1,eas_k2_adaptive,eas,2,adaptive,101,3,ok,a0529ae8cf23339799afa7d4cc7ed370298737b18bdbbee125debee4452e5e02,l4-n8192-uniform-w1-s101-r3-measure-eas_k2_adaptive,1542,6650,106.766863,95.497839,14442.6834007,0.0692392107652,45840,45840,9.252864,2.01582,7.557322,9.250311,2.013,2.439599,0,1.674234,0.005373,8192,99705,122880,0,0,0,0,41878,0,0,0,98304,0,0,0,0,0,15856384,7.557322,56.414143,0.758739,10.380137,0,10.143786,87.269624,95.497839,0,0,0,0,33686
l4-n8192-uniform-w1,arity,4,8192,uniform,1,eas_k1_adaptive,eas,1,adaptive,101,3,ok,a0529ae8cf23339799afa7d4cc7ed370298737b18bdbbee125debee4452e5e02,l4-n8192-uniform-w1-s101-r3-measure-eas_k1_adaptive,1541,6651,110.264542,98.84947,13975.4808939,0.0715538883842,46080,46080,9.399869,2.01459,7.630826,9.397643,2.011413,2.438546,0,1.67249,0.005403,8192,99705,122880,0,0,0,0,41911,0,0,0,98304,0,0,0,0,0,15856384,7.630826,57.375315,0.865998,11.169329,0,10.95205,90.547635,98.84947,0,0,0,0,33719
l4-n8192-zipf-w1,arity,4,8192,zipf,1,eas_k2_adaptive,eas,2,adaptive,11,1,ok,9cfce86575daa767a0e0d1abf0b5903865120ca6c180a3940ea1e343e8559c34,l4-n8192-zipf-w1-s11-r1-measure-eas_k2_adaptive,320,7872,118.818423,110.193775,2693.18504589,0.371307571875,44016,44016,8.113011,0.511323,7.025322,8.110692,0.508448,1.806947,0,0.358555,0.005194,8191,80446,122865,0,0,0,0,142809,0,0,0,98304,0,0,0,0,0,15924808,7.025322,55.773849,0.407363,29.932077,0,8.39733,102.533123,110.193775,0,0,0,0,134618
l4-n8192-zipf-w1,arity,4,8192,zipf,1,accept_id,accept_id,,greedy,11,1,ok,9cfce86575daa767a0e0d1abf0b5903865120ca6c180a3940ea1e343e8559c34,l4-n8192-zipf-w1-s11-r1-measure-accept_id,259,7933,17.041795,8.808799,15197.9295608,0.0657984362934,23008,23008,8.019288,0.213374,6.832761,8.017019,0.211441,1.78711,0,0.118715,0.004202,0,0,0,0,0,0,0,0,0,0,0,0,0,0,0,0,0,0,6.832761,0,0,0.140774,0,0.014975,1.42793,8.808799,0,0.007624,0,10236,0
l4-n8192-zipf-w1,arity,4,8192,zipf,1,eas_k1_adaptive,eas,1,adaptive,11,1,ok,9cfce86575daa767a0e0d1abf0b5903865120ca6c180a3940ea1e343e8559c34,l4-n8192-zipf-w1-s11-r1-measure-eas_k1_adaptive,323,7869,122.900189,114.369572,2628.14892823,0.380495941176,44028,44028,8.009677,0.52046,6.922672,8.007402,0.517779,1.793523,0,0.366224,0.004956,8191,80446,122865,0,0,0,0,153345,0,0,0,98304,0,0,0,0,0,15924808,6.922672,56.268592,0.496734,32.696084,0,8.725063,106.815797,114.369572,0,0,0,0,145154
l4-n8192-zipf-w1,arity,4,8192,zipf,1,native,native,,native,11,1,ok,9cfce86575daa767a0e0d1abf0b5903865120ca6c180a3940ea1e343e8559c34,l4-n8192-zipf-w1-s11-r1-measure-native,39,8153,9.1967,0,4240.65153805,0.235812820513,22560,22560,8.143052,1.053337,0,8.140758,1.051398,1.814474,0.654607,0.018334,0.004233,8191,0,0,0,0,0,0,0,0,0,0,0,0,0,0,0,0,0,0,0,0,0,0,0,0,0,0,0,0,0,0
l4-n8192-zipf-w1,arity,4,8192,zipf,1,accept_static_degree,accept_static_degree,,greedy,11,1,ok,9cfce86575daa767a0e0d1abf0b5903865120ca6c180a3940ea1e343e8559c34,l4-n8192-zipf-w1-s11-r1-measure-accept_static_degree,325,7867,94.472383,85.812551,3440.15880281,0.290684255385,28912,28912,8.208099,0.451535,6.925079,8.205422,0.448009,1.818693,0,0.311614,0.006203,0,80461,122880,0,0,0,0,0,0,0,0,0,0,0,0,0,0,3862128,6.925079,0,0,3.670318,0,0.016331,78.283013,85.812551,72.483186,0.833137,8192,10787,0
l4-n8192-zipf-w1,arity,4,8192,zipf,1,accept_id,accept_id,,greedy,11,2,ok,9cfce86575daa767a0e0d1abf0b5903865120ca6c180a3940ea1e343e8559c34,l4-n8192-zipf-w1-s11-r2-measure-accept_id,259,7933,17.173689,8.856534,15081.2094012,0.0663076795367,23076,23076,8.107754,0.209257,6.891966,8.105627,0.207071,1.818185,0,0.115106,0.004313,0,0,0,0,0,0,0,0,0,0,0,0,0,0,0,0,0,0,6.891966,0,0,0.141838,0,0.014706,1.416074,8.856534,0,0.006443,0,10236,0
l4-n8192-zipf-w1,arity,4,8192,zipf,1,native,native,,native,11,2,ok,9cfce86575daa767a0e0d1abf0b5903865120ca6c180a3940ea1e343e8559c34,l4-n8192-zipf-w1-s11-r2-measure-native,39,8153,8.890005,0,4386.9491637,0.227948846154,22528,22528,7.841021,1.048916,0,7.838514,1.046767,1.747617,0.648003,0.018097,0.004656,8191,0,0,0,0,0,0,0,0,0,0,0,0,0,0,0,0,0,0,0,0,0,0,0,0,0,0,0,0,0,0
l4-n8192-zipf-w1,arity,4,8192,zipf,1,eas_k1_adaptive,eas,1,adaptive,11,2,ok,9cfce86575daa767a0e0d1abf0b5903865120ca6c180a3940ea1e343e8559c34,l4-n8192-zipf-w1-s11-r2-measure-eas_k1_adaptive,323,7869,121.566946,113.05192,2656.97223323,0.37636825387,44100,44100,7.988982,0.525938,6.906213,7.986589,0.522905,1.789675,0,0.375748,0.005426,8191,80446,122865,0,0,0,0,153345,0,0,0,98304,0,0,0,0,0,15924808,6.906213,55.597308,0.492555,32.450747,0,8.675615,105.51245,113.05192,0,0,0,0,145154
l4-n8192-zipf-w1,arity,4,8192,zipf,1,eas_k2_adaptive,eas,2,adaptive,11,2,ok,9cfce86575daa767a0e0d1abf0b5903865120ca6c180a3940ea1e343e8559c34,l4-n8192-zipf-w1-s11-r2-measure-eas_k2_adaptive,320,7872,119.877261,111.271212,2669.39699265,0.374616440625,44192,44192,8.090595,0.515121,6.833318,8.088321,0.512145,1.787661,0,0.365173,0.00525,8191,80446,122865,0,0,0,0,142809,0,0,0,98304,0,0,0,0,0,15924808,6.833318,56.534221,0.402888,29.823504,0,8.810776,103.793856,111.271212,0,0,0,0,134618
l4-n8192-zipf-w1,arity,4,8192,zipf,1,accept_static_degree,accept_static_degree,,greedy,11,2,ok,9cfce86575daa767a0e0d1abf0b5903865120ca6c180a3940ea1e343e8559c34,l4-n8192-zipf-w1-s11-r2-measure-accept_static_degree,325,7867,94.217589,85.713987,3449.46207443,0.289900273846,28816,28816,8.019319,0.48381,6.827307,8.017091,0.480554,1.80242,0,0.335097,0.005484,0,80461,122880,0,0,0,0,0,0,0,0,0,0,0,0,0,0,3862128,6.827307,0,0,3.676275,0,0.019628,78.274396,85.713987,72.461524,0.841615,8192,10787,0
l4-n8192-zipf-w1,arity,4,8192,zipf,1,eas_k2_adaptive,eas,2,adaptive,11,3,ok,9cfce86575daa767a0e0d1abf0b5903865120ca6c180a3940ea1e343e8559c34,l4-n8192-zipf-w1-s11-r3-measure-eas_k2_adaptive,320,7872,118.723328,110.182826,2695.34223299,0.3710104,44212,44212,8.032224,0.507836,6.90757,8.029813,0.504761,1.775471,0,0.357946,0.005486,8191,80446,122865,0,0,0,0,142809,0,0,0,98304,0,0,0,0,0,15924808,6.90757,55.875451,0.404966,29.838502,0,8.432739,102.63983,110.182826,0,0,0,0,134618
l4-n8192-zipf-w1,arity,4,8192,zipf,1,accept_id,accept_id,,greedy,11,3,ok,9cfce86575daa767a0e0d1abf0b5903865120ca6c180a3940ea1e343e8559c34,l4-n8192-zipf-w1-s11-r3-measure-accept_id,259,7933,17.075938,8.832667,15167.5416015,0.0659302625483,22804,22804,8.033504,0.209595,6.856472,8.031187,0.207373,1.802112,0,0.114827,0.004539,0,0,0,0,0,0,0,0,0,0,0,0,0,0,0,0,0,0,6.856472,0,0,0.139688,0,0.01499,1.424224,8.832667,0,0.006419,0,10236,0
l4-n8192-zipf-w1,arity,4,8192,zipf,1,native,native,,native,11,3,ok,9cfce86575daa767a0e0d1abf0b5903865120ca6c180a3940ea1e343e8559c34,l4-n8192-zipf-w1-s11-r3-measure-native,39,8153,8.982094,0,4341.9719277,0.230310102564,22448,22448,7.928326,1.053709,0,7.926066,1.051977,1.7582,0.655206,0.018026,0.003992,8191,0,0,0,0,0,0,0,0,0,0,0,0,0,0,0,0,0,0,0,0,0,0,0,0,0,0,0,0,0,0
l4-n8192-zipf-w1,arity,4,8192,zipf,1,eas_k1_adaptive,eas,1,adaptive,11,3,ok,9cfce86575daa767a0e0d1abf0b5903865120ca6c180a3940ea1e343e8559c34,l4-n8192-zipf-w1-s11-r3-measure-eas_k1_adaptive,323,7869,123.493812,115.100666,2615.51566649,0.382333783282,44012,44012,7.871069,0.52175,6.91268,7.868593,0.519198,1.739975,0,0.369303,0.005028,8191,80446,122865,0,0,0,0,153345,0,0,0,98304,0,0,0,0,0,15924808,6.91268,56.231613,0.517889,32.587742,0,9.849279,107.562694,115.100666,0,0,0,0,145154
l4-n8192-zipf-w1,arity,4,8192,zipf,1,accept_static_degree,accept_static_degree,,greedy,11,3,ok,9cfce86575daa767a0e0d1abf0b5903865120ca6c180a3940ea1e343e8559c34,l4-n8192-zipf-w1-s11-r3-measure-accept_static_degree,325,7867,94.858513,86.430278,3426.15533094,0.291872347692,28888,28888,7.917628,0.510189,6.859851,7.915136,0.506616,1.75593,0,0.36012,0.006065,0,80461,122880,0,0,0,0,0,0,0,0,0,0,0,0,0,0,3862128,6.859851,0,0,3.728467,0,0.016239,78.946431,86.430278,73.093396,0.842227,8192,10787,0
l4-n8192-zipf-w1,arity,4,8192,zipf,1,accept_static_degree,accept_static_degree,,greedy,29,1,ok,fb80fa7a3cfacba4b967d5b8d2601ac3dae4860c8baf8c6506134d023662cd8d,l4-n8192-zipf-w1-s29-r1-measure-accept_static_degree,321,7871,93.863355,85.211038,3419.86497286,0.292409205607,29160,29160,8.188356,0.463703,6.890313,8.186168,0.46011,1.833939,0,0.317811,0.005781,0,80817,122880,0,0,0,0,0,0,0,0,0,0,0,0,0,0,3879216,6.890313,0,0,3.304452,0,0.016858,77.73286,85.211038,72.326592,0.827469,8192,10794,0
l4-n8192-zipf-w1,arity,4,8192,zipf,1,accept_id,accept_id,,greedy,29,1,ok,fb80fa7a3cfacba4b967d5b8d2601ac3dae4860c8baf8c6506134d023662cd8d,l4-n8192-zipf-w1-s29-r1-measure-accept_id,255,7937,17.09984,8.829619,14912.4202332,0.0670581960784,22968,22968,8.064819,0.205216,6.843941,8.062243,0.203179,1.813294,0,0.113354,0.004613,0,0,0,0,0,0,0,0,0,0,0,0,0,0,0,0,0,0,6.843941,0,0,0.141747,0,0.014535,1.438851,8.829619,0,0.006456,0,10238,0
l4-n8192-zipf-w1,arity,4,8192,zipf,1,eas_k2_adaptive,eas,2,adaptive,29,1,ok,fb80fa7a3cfacba4b967d5b8d2601ac3dae4860c8baf8c6506134d023662cd8d,l4-n8192-zipf-w1-s29-r1-measure-eas_k2_adaptive,318,7874,118.236185,109.631355,2689.53197365,0.371811902516,44096,44096,8.087245,0.517276,6.870944,8.084787,0.513751,1.823973,0,0.364191,0.005983,8192,80817,122880,0,0,0,0,142457,0,0,0,98304,0,0,0,0,0,15925568,6.870944,55.665971,0.406487,29.749407,0,8.27236,102.136108,109.631355,0,0,0,0,134265
l4-n8192-zipf-w1,arity,4,8192,zipf,1,native,native,,native,29,1,ok,fb80fa7a3cfacba4b967d5b8d2601ac3dae4860c8baf8c6506134d023662cd8d,l4-n8192-zipf-w1-s29-r1-measure-native,34,8158,9.087282,0,3741.49278079,0.267273,22448,22448,8.044604,1.042589,0,8.041776,1.040912,1.818416,0.651355,0.016696,0.004505,8192,0,0,0,0,0,0,0,0,0,0,0,0,0,0,0,0,0,0,0,0,0,0,0,0,0,0,0,0,0,0
l4-n8192-zipf-w1,arity,4,8192,zipf,1,eas_k1_adaptive,eas,1,adaptive,29,1,ok,fb80fa7a3cfacba4b967d5b8d2601ac3dae4860c8baf8c6506134d023662cd8d,l4-n8192-zipf-w1-s29-r1-measure-eas_k1_adaptive,321,7871,121.190007,112.512856,2648.73324085,0.377538962617,43960,43960,8.147756,0.529065,6.863184,8.145361,0.526128,1.814078,0,0.374923,0.005332,8192,80817,122880,0,0,0,0,152548,0,0,0,98304,0,0,0,0,0,15925568,6.863184,55.767841,0.508102,32.051101,0,8.354183,105.025364,112.512856,0,0,0,0,144356
l4-n8192-zipf-w1,arity,4,8192,zipf,1,accept_static_degree,accept_static_degree,,greedy,29,2,ok,fb80fa7a3cfacba4b967d5b8d2601ac3dae4860c8baf8c6506134d023662cd8d,l4-n8192-zipf-w1-s29-r2-measure-accept_static_degree,321,7871,95.133438,86.493011,3374.20792046,0.296365850467,29160,29160,8.177882,0.462376,6.884706,8.175365,0.459682,1.841717,0,0.318301,0.005211,0,80817,122880,0,0,0,0,0,0,0,0,0,0,0,0,0,0,3879216,6.884706,0,0,3.450442,0,0.016953,79.009744,86.493011,73.437026,0.831893,8192,10794,0
l4-n8192-zipf-w1,arity,4,8192,zipf,1,eas_k1_adaptive,eas,1,adaptive,29,2,ok,fb80fa7a3cfacba4b967d5b8d2601ac3dae4860c8baf8c6506134d023662cd8d,l4-n8192-zipf-w1-s29-r2-measure-eas_k1_adaptive,321,7871,123.235937,114.553415,2604.75968142,0.383912576324,44016,44016,8.155155,0.527252,6.884638,8.152819,0.524232,1.831315,0,0.372448,0.005356,8192,80817,122880,0,0,0,0,152548,0,0,0,98304,0,0,0,0,0,15925568,6.884638,56.228759,0.505589,32.417689,0,9.295576,107.035888,114.553415,0,0,0,0,144356
l4-n8192-zipf-w1,arity,4,8192,zipf,1,eas_k2_adaptive,eas,2,adaptive,29,2,ok,fb80fa7a3cfacba4b967d5b8d2601ac3dae4860c8baf8c6506134d023662cd8d,l4-n8192-zipf-w1-s29-r2-measure-eas_k2_adaptive,318,7874,120.134726,111.476547,2647.02813739,0.377782157233,44008,44008,8.141149,0.516675,6.846981,8.138796,0.514223,1.793143,0,0.360043,0.004805,8192,80817,122880,0,0,0,0,142457,0,0,0,98304,0,0,0,0,0,15925568,6.846981,56.630213,0.412934,29.988699,0,8.636,103.987157,111.476547,0,0,0,0,134265
l4-n8192-zipf-w1,arity,4,8192,zipf,1,native,native,,native,29,2,ok,fb80fa7a3cfacba4b967d5b8d2601ac3dae4860c8baf8c6506134d023662cd8d,l4-n8192-zipf-w1-s29-r2-measure-native,34,8158,9.145601,0,3717.63430309,0.268988264706,22560,22560,8.097371,1.047982,0,8.095128,1.046033,1.801245,0.654568,0.016287,0.004192,8192,0,0,0,0,0,0,0,0,0,0,0,0,0,0,0,0,0,0,0,0,0,0,0,0,0,0,0,0,0,0
l4-n8192-zipf-w1,arity,4,8192,zipf,1,accept_id,accept_id,,greedy,29,2,ok,fb80fa7a3cfacba4b967d5b8d2601ac3dae4860c8baf8c6506134d023662cd8d,l4-n8192-zipf-w1-s29-r2-measure-accept_id,255,7937,16.9006,8.821694,15088.2217199,0.0662768627451,23084,23084,7.875815,0.202903,6.846586,7.873431,0.200919,1.748723,0,0.111974,0.004368,0,0,0,0,0,0,0,0,0,0,0,0,0,0,0,0,0,0,6.846586,0,0,0.141936,0,0.014327,1.433138,8.821694,0,0.006453,0,10238,0
l4-n8192-zipf-w1,arity,4,8192,zipf,1,native,native,,native,29,3,ok,fb80fa7a3cfacba4b967d5b8d2601ac3dae4860c8baf8c6506134d023662cd8d,l4-n8192-zipf-w1-s29-r3-measure-native,34,8158,8.942722,0,3801.97438766,0.263021235294,22676,22676,7.89955,1.043122,0,7.896853,1.042279,1.758418,0.65219,0.016455,0.00354,8192,0,0,0,0,0,0,0,0,0,0,0,0,0,0,0,0,0,0,0,0,0,0,0,0,0,0,0,0,0,0
l4-n8192-zipf-w1,arity,4,8192,zipf,1,eas_k1_adaptive,eas,1,adaptive,29,3,ok,fb80fa7a3cfacba4b967d5b8d2601ac3dae4860c8baf8c6506134d023662cd8d,l4-n8192-zipf-w1-s29-r3-measure-eas_k1_adaptive,321,7871,121.538335,113.094571,2641.1419903,0.378624096573,44196,44196,7.930603,0.513043,6.886777,7.928284,0.510227,1.773941,0,0.361703,0.005135,8192,80817,122880,0,0,0,0,152548,0,0,0,98304,0,0,0,0,0,15925568,6.886777,55.911672,0.496091,32.342142,0,8.442246,105.583393,113.094571,0,0,0,0,144356
l4-n8192-zipf-w1,arity,4,8192,zipf,1,eas_k2_adaptive,eas,2,adaptive,29,3,ok,fb80fa7a3cfacba4b967d5b8d2601ac3dae4860c8baf8c6506134d023662cd8d,l4-n8192-zipf-w1-s29-r3-measure-eas_k2_adaptive,318,7874,117.880608,109.161256,2697.64472202,0.370693735849,44016,44016,8.203262,0.515773,6.786434,8.200858,0.51285,1.850736,0,0.363499,0.005327,8192,80817,122880,0,0,0,0,142457,0,0,0,98304,0,0,0,0,0,15925568,6.786434,55.495322,0.400463,29.62601,0,8.170668,101.73285,109.161256,0,0,0,0,134265
l4-n8192-zipf-w1,arity,4,8192,zipf,1,accept_id,accept_id,,greedy,29,3,ok,fb80fa7a3cfacba4b967d5b8d2601ac3dae4860c8baf8c6506134d023662cd8d,l4-n8192-zipf-w1-s29-r3-measure-accept_id,255,7937,17.290549,8.828643,14747.9412019,0.0678060745098,22944,22944,8.250511,0.211173,6.84795,8.247949,0.209197,1.862071,0,0.118246,0.004538,0,0,0,0,0,0,0,0,0,0,0,0,0,0,0,0,0,0,6.84795,0,0,0.141388,0,0.014484,1.419501,8.828643,0,0.006438,0,10238,0
l4-n8192-zipf-w1,arity,4,8192,zipf,1,accept_static_degree,accept_static_degree,,greedy,29,3,ok,fb80fa7a3cfacba4b967d5b8d2601ac3dae4860c8baf8c6506134d023662cd8d,l4-n8192-zipf-w1-s29-r3-measure-accept_static_degree,321,7871,94.068775,85.430092,3412.39694043,0.293049143302,29164,29164,8.189661,0.448702,6.931978,8.187509,0.44573,1.796603,0,0.308176,0.005124,0,80817,122880,0,0,0,0,0,0,0,0,0,0,0,0,0,0,3879216,6.931978,0,0,3.297817,0,0.017173,77.892803,85.430092,72.487582,0.829108,8192,10794,0
l4-n8192-zipf-w1,arity,4,8192,zipf,1,native,native,,native,47,1,ok,c09a83bb2e85a474958895bb58278d841ef20afa7ed0212b8eb55f560b7fde5b,l4-n8192-zipf-w1-s47-r1-measure-native,38,8154,9.352926,0,4062.89967439,0.246129631579,22500,22500,8.288419,1.064443,0,8.285262,1.061765,1.852318,0.668485,0.018931,0.005835,8192,0,0,0,0,0,0,0,0,0,0,0,0,0,0,0,0,0,0,0,0,0,0,0,0,0,0,0,0,0,0
l4-n8192-zipf-w1,arity,4,8192,zipf,1,eas_k2_adaptive,eas,2,adaptive,47,1,ok,c09a83bb2e85a474958895bb58278d841ef20afa7ed0212b8eb55f560b7fde5b,l4-n8192-zipf-w1-s47-r1-measure-eas_k2_adaptive,316,7876,118.062138,109.673493,2676.55664511,0.373614360759,44076,44076,7.87704,0.511502,6.893026,7.874777,0.508128,1.772625,0,0.358123,0.005637,8192,81015,122880,0,0,0,0,142317,0,0,0,98304,0,0,0,0,0,15927376,6.893026,55.630874,0.397391,29.821404,0,8.42768,102.154548,109.673493,0,0,0,0,134125
l4-n8192-zipf-w1,arity,4,8192,zipf,1,eas_k1_adaptive,eas,1,adaptive,47,1,ok,c09a83bb2e85a474958895bb58278d841ef20afa7ed0212b8eb55f560b7fde5b,l4-n8192-zipf-w1-s47-r1-measure-eas_k1_adaptive,319,7873,123.558365,114.868935,2581.77582716,0.387330297806,43896,43896,8.169939,0.519382,6.971209,8.167473,0.516781,1.824625,0,0.363368,0.005067,8192,81015,122880,0,0,0,0,152785,0,0,0,98304,0,0,0,0,0,15927376,6.971209,56.747664,0.491716,32.684449,0,8.830023,107.257616,114.868935,0,0,0,0,144593
l4-n8192-zipf-w1,arity,4,8192,zipf,1,accept_static_degree,accept_static_degree,,greedy,47,1,ok,c09a83bb2e85a474958895bb58278d841ef20afa7ed0212b8eb55f560b7fde5b,l4-n8192-zipf-w1-s47-r1-measure-accept_static_degree,319,7873,95.05055,86.569201,3356.10893361,0.297964106583,29044,29044,7.977502,0.503538,6.957482,7.975419,0.50038,1.801552,0,0.350922,0.005241,0,81015,122880,0,0,0,0,0,0,0,0,0,0,0,0,0,0,3888720,6.957482,0,0,3.342698,0,0.015986,78.984948,86.569201,73.523231,0.848222,8192,10804,0
l4-n8192-zipf-w1,arity,4,8192,zipf,1,accept_id,accept_id,,greedy,47,1,ok,c09a83bb2e85a474958895bb58278d841ef20afa7ed0212b8eb55f560b7fde5b,l4-n8192-zipf-w1-s47-r1-measure-accept_id,248,7944,17.293597,8.957367,14340.5677836,0.0697322459677,22932,22932,8.134545,0.201317,6.97516,8.131903,0.199532,1.822411,0,0.109383,0.004427,0,0,0,0,0,0,0,0,0,0,0,0,0,0,0,0,0,0,6.97516,0,0,0.138618,0,0.014691,1.418457,8.957367,0,0.006446,0,10178,0
l4-n8192-zipf-w1,arity,4,8192,zipf,1,eas_k2_adaptive,eas,2,adaptive,47,2,ok,c09a83bb2e85a474958895bb58278d841ef20afa7ed0212b8eb55f560b7fde5b,l4-n8192-zipf-w1-s47-r2-measure-eas_k2_adaptive,316,7876,117.930728,109.464844,2679.53912741,0.373198506329,43856,43856,7.954586,0.510997,6.954572,7.952331,0.508428,1.792787,0,0.358588,0.004824,8192,81015,122880,0,0,0,0,142317,0,0,0,98304,0,0,0,0,0,15927376,6.954572,55.610517,0.401228,29.805909,0,8.193624,101.883731,109.464844,0,0,0,0,134125
l4-n8192-zipf-w1,arity,4,8192,zipf,1,accept_static_degree,accept_static_degree,,greedy,47,2,ok,c09a83bb2e85a474958895bb58278d841ef20afa7ed0212b8eb55f560b7fde5b,l4-n8192-zipf-w1-s47-r2-measure-accept_static_degree,319,7873,95.126103,86.434002,3353.4433761,0.298200949843,29192,29192,8.248631,0.443027,6.949352,8.246236,0.439704,1.871116,0,0.301565,0.005718,0,81015,122880,0,0,0,0,0,0,0,0,0,0,0,0,0,0,3888720,6.949352,0,0,3.391299,0,0.016248,78.873447,86.434002,73.373822,0.839132,8192,10804,0
l4-n8192-zipf-w1,arity,4,8192,zipf,1,accept_id,accept_id,,greedy,47,2,ok,c09a83bb2e85a474958895bb58278d841ef20afa7ed0212b8eb55f560b7fde5b,l4-n8192-zipf-w1-s47-r2-measure-accept_id,248,7944,17.359555,8.942652,14286.08049,0.0699982056452,22948,22948,8.212071,0.204489,6.968136,8.209594,0.202649,1.830348,0,0.112151,0.004317,0,0,0,0,0,0,0,0,0,0,0,0,0,0,0,0,0,0,6.968136,0,0,0.140181,0,0.014162,1.413725,8.942652,0,0.006452,0,10178,0
l4-n8192-zipf-w1,arity,4,8192,zipf,1,native,native,,native,47,2,ok,c09a83bb2e85a474958895bb58278d841ef20afa7ed0212b8eb55f560b7fde5b,l4-n8192-zipf-w1-s47-r2-measure-native,38,8154,8.977576,0,4232.76839984,0.236252,22500,22500,7.918488,1.058973,0,7.916187,1.057146,1.773758,0.664209,0.018498,0.004128,8192,0,0,0,0,0,0,0,0,0,0,0,0,0,0,0,0,0,0,0,0,0,0,0,0,0,0,0,0,0,0
l4-n8192-zipf-w1,arity,4,8192,zipf,1,eas_k1_adaptive,eas,1,adaptive,47,2,ok,c09a83bb2e85a474958895bb58278d841ef20afa7ed0212b8eb55f560b7fde5b,l4-n8192-zipf-w1-s47-r2-measure-eas_k1_adaptive,319,7873,121.609986,113.010662,2623.13984643,0.381222526646,44180,44180,8.081326,0.517604,6.975304,8.078882,0.514456,1.815524,0,0.361189,0.005592,8192,81015,122880,0,0,0,0,152785,0,0,0,98304,0,0,0,0,0,15927376,6.975304,55.778225,0.496766,32.334951,0,8.545597,105.413029,113.010662,0,0,0,0,144593
l4-n8192-zipf-w1,arity,4,8192,zipf,1,native,native,,native,47,3,ok,c09a83bb2e85a474958895bb58278d841ef20afa7ed0212b8eb55f560b7fde5b,l4-n8192-zipf-w1-s47-r3-measure-native,38,8154,9.133777,0,4160.38184423,0.240362552632,22560,22560,8.088292,1.045377,0,8.085755,1.043307,1.822129,0.651502,0.018367,0.004607,8192,0,0,0,0,0,0,0,0,0,0,0,0,0,0,0,0,0,0,0,0,0,0,0,0,0,0,0,0,0,0
l4-n8192-zipf-w1,arity,4,8192,zipf,1,accept_static_degree,accept_static_degree,,greedy,47,3,ok,c09a83bb2e85a474958895bb58278d841ef20afa7ed0212b8eb55f560b7fde5b,l4-n8192-zipf-w1-s47-r3-measure-accept_static_degree,319,7873,93.895229,85.349982,3397.40371686,0.294342410658,29112,29112,8.074053,0.470722,6.953626,8.07173,0.467128,1.834203,0,0.323882,0.005917,0,81015,122880,0,0,0,0,0,0,0,0,0,0,0,0,0,0,3888720,6.953626,0,0,3.299156,0,0.016004,77.80467,85.349982,72.392113,0.844584,8192,10804,0
l4-n8192-zipf-w1,arity,4,8192,zipf,1,accept_id,accept_id,,greedy,47,3,ok,c09a83bb2e85a474958895bb58278d841ef20afa7ed0212b8eb55f560b7fde5b,l4-n8192-zipf-w1-s47-r3-measure-accept_id,248,7944,17.306002,8.93521,14330.2884167,0.069782266129,22900,22900,8.164782,0.205575,6.958516,8.162111,0.203507,1.825247,0,0.112863,0.004739,0,0,0,0,0,0,0,0,0,0,0,0,0,0,0,0,0,0,6.958516,0,0,0.141634,0,0.014428,1.422065,8.93521,0,0.00773,0,10178,0
l4-n8192-zipf-w1,arity,4,8192,zipf,1,eas_k2_adaptive,eas,2,adaptive,47,3,ok,c09a83bb2e85a474958895bb58278d841ef20afa7ed0212b8eb55f560b7fde5b,l4-n8192-zipf-w1-s47-r3-measure-eas_k2_adaptive,316,7876,119.549691,110.940825,2643.25233597,0.378321806962,44220,44220,8.087909,0.52064,6.951886,8.085709,0.51782,1.811464,0,0.365603,0.00502,8192,81015,122880,0,0,0,0,142317,0,0,0,98304,0,0,0,0,0,15927376,6.951886,56.127062,0.403638,30.052062,0,8.71254,103.320653,110.940825,0,0,0,0,134125
l4-n8192-zipf-w1,arity,4,8192,zipf,1,eas_k1_adaptive,eas,1,adaptive,47,3,ok,c09a83bb2e85a474958895bb58278d841ef20afa7ed0212b8eb55f560b7fde5b,l4-n8192-zipf-w1-s47-r3-measure-eas_k1_adaptive,319,7873,122.468212,113.806253,2604.75755129,0.383912890282,44096,44096,8.135137,0.526473,6.904391,8.132803,0.52322,1.839678,0,0.372386,0.005587,8192,81015,122880,0,0,0,0,152785,0,0,0,98304,0,0,0,0,0,15927376,6.904391,55.818769,0.49742,33.012814,0,8.787384,106.259866,113.806253,0,0,0,0,144593
l4-n8192-zipf-w1,arity,4,8192,zipf,1,eas_k2_adaptive,eas,2,adaptive,71,1,ok,b066d27d81963e24063231bfe1f9d9f520e5e257504da2cec2685fb9bc2b6d08,l4-n8192-zipf-w1-s71-r1-measure-eas_k2_adaptive,314,7878,120.646754,112.125171,2602.63943778,0.38422533121,44036,44036,8.00968,0.511774,6.843077,8.00741,0.509104,1.803869,0,0.355625,0.00494,8192,80517,122880,0,0,0,0,143087,0,0,0,98304,0,0,0,0,0,15929304,6.843077,57.196299,0.410922,30.034808,0,8.94988,104.637636,112.125171,0,0,0,0,134895
l4-n8192-zipf-w1,arity,4,8192,zipf,1,accept_static_degree,accept_static_degree,,greedy,71,1,ok,b066d27d81963e24063231bfe1f9d9f520e5e257504da2cec2685fb9bc2b6d08,l4-n8192-zipf-w1-s71-r1-measure-accept_static_degree,319,7873,93.679155,85.160301,3405.23993838,0.293665062696,28920,28920,8.028621,0.489931,6.832635,8.026319,0.486482,1.777621,0,0.336225,0.005751,0,80517,122880,0,0,0,0,0,0,0,0,0,0,0,0,0,0,3864816,6.832635,0,0,3.283377,0,0.016162,77.681777,85.160301,72.272936,0.842396,8192,10777,0
l4-n8192-zipf-w1,arity,4,8192,zipf,1,accept_id,accept_id,,greedy,71,1,ok,b066d27d81963e24063231bfe1f9d9f520e5e257504da2cec2685fb9bc2b6d08,l4-n8192-zipf-w1-s71-r1-measure-accept_id,261,7931,17.206625,8.815827,15168.5760572,0.0659257662835,22752,22752,8.176243,0.214263,6.82427,8.173871,0.211952,1.822641,0,0.118877,0.004683,0,0,0,0,0,0,0,0,0,0,0,0,0,0,0,0,0,0,6.82427,0,0,0.141631,0,0.014996,1.432222,8.815827,0,0.006459,0,10231,0
l4-n8192-zipf-w1,arity,4,8192,zipf,1,native,native,,native,71,1,ok,b066d27d81963e24063231bfe1f9d9f520e5e257504da2cec2685fb9bc2b6d08,l4-n8192-zipf-w1-s71-r1-measure-native,44,8148,8.962665,0,4909.25411136,0.203696931818,22560,22560,7.90669,1.055892,0,7.904294,1.054232,1.76176,0.659548,0.021093,0.004056,8192,0,0,0,0,0,0,0,0,0,0,0,0,0,0,0,0,0,0,0,0,0,0,0,0,0,0,0,0,0,0
l4-n8192-zipf-w1,arity,4,8192,zipf,1,eas_k1_adaptive,eas,1,adaptive,71,1,ok,b066d27d81963e24063231bfe1f9d9f520e5e257504da2cec2685fb9bc2b6d08,l4-n8192-zipf-w1-s71-r1-measure-eas_k1_adaptive,317,7875,121.42785,112.942495,2610.60374535,0.383053154574,44060,44060,7.965667,0.519417,6.832873,7.963068,0.516739,1.78963,0,0.362378,0.005277,8192,80517,122880,0,0,0,0,154115,0,0,0,98304,0,0,0,0,0,15929304,6.832873,55.791413,0.506596,32.505702,0,8.365019,105.481581,112.942495,0,0,0,0,145923
l4-n8192-zipf-w1,arity,4,8192,zipf,1,native,native,,native,71,2,ok,b066d27d81963e24063231bfe1f9d9f520e5e257504da2cec2685fb9bc2b6d08,l4-n8192-zipf-w1-s71-r2-measure-native,44,8148,9.119994,0,4824.56457756,0.207272590909,22544,22544,8.053806,1.066102,0,8.050935,1.064808,1.800665,0.66949,0.021564,0.004165,8192,0,0,0,0,0,0,0,0,0,0,0,0,0,0,0,0,0,0,0,0,0,0,0,0,0,0,0,0,0,0
l4-n8192-zipf-w1,arity,4,8192,zipf,1,eas_k2_adaptive,eas,2,adaptive,71,2,ok,b066d27d81963e24063231bfe1f9d9f520e5e257504da2cec2685fb9bc2b6d08,l4-n8192-zipf-w1-s71-r2-measure-eas_k2_adaptive,314,7878,120.075079,111.498308,2615.03055101,0.382404710191,44100,44100,8.070453,0.50598,6.850844,8.068053,0.502938,1.806682,0,0.35494,0.005442,8192,80517,122880,0,0,0,0,143087,0,0,0,98304,0,0,0,0,0,15929304,6.850844,56.4724,0.40508,30.244558,0,8.635314,104.023688,111.498308,0,0,0,0,134895
l4-n8192-zipf-w1,arity,4,8192,zipf,1,accept_static_degree,accept_static_degree,,greedy,71,2,ok,b066d27d81963e24063231bfe1f9d9f520e5e257504da2cec2685fb9bc2b6d08,l4-n8192-zipf-w1-s71-r2-measure-accept_static_degree,319,7873,94.484578,85.909274,3376.21235923,0.296189899687,28932,28932,8.09415,0.480798,6.781917,8.092005,0.47727,1.78883,0,0.330696,0.005673,0,80517,122880,0,0,0,0,0,0,0,0,0,0,0,0,0,0,3864816,6.781917,0,0,3.274458,0,0.016498,78.506344,85.909274,73.106239,0.832766,8192,10777,0
l4-n8192-zipf-w1,arity,4,8192,zipf,1,accept_id,accept_id,,greedy,71,2,ok,b066d27d81963e24063231bfe1f9d9f520e5e257504da2cec2685fb9bc2b6d08,l4-n8192-zipf-w1-s71-r2-measure-accept_id,261,7931,17.047104,8.815058,15310.5184318,0.0653145747126,22704,22704,8.022731,0.208888,6.830334,8.020401,0.207208,1.77214,0,0.114227,0.00401,0,0,0,0,0,0,0,0,0,0,0,0,0,0,0,0,0,0,6.830334,0,0,0.139298,0,0.014727,1.430737,8.815058,0,0.006437,0,10231,0
l4-n8192-zipf-w1,arity,4,8192,zipf,1,eas_k1_adaptive,eas,1,adaptive,71,2,ok,b066d27d81963e24063231bfe1f9d9f520e5e257504da2cec2685fb9bc2b6d08,l4-n8192-zipf-w1-s71-r2-measure-eas_k1_adaptive,317,7875,121.921474,113.610305,2600.03418266,0.384610328076,44100,44100,7.809237,0.501618,6.817411,7.806974,0.499013,1.735855,0,0.351226,0.004868,8192,80517,122880,0,0,0,0,154115,0,0,0,98304,0,0,0,0,0,15929304,6.817411,56.090876,0.495388,32.593622,0,8.611955,106.16982,113.610305,0,0,0,0,145923
l4-n8192-zipf-w1,arity,4,8192,zipf,1,accept_id,accept_id,,greedy,71,3,ok,b066d27d81963e24063231bfe1f9d9f520e5e257504da2cec2685fb9bc2b6d08,l4-n8192-zipf-w1-s71-r3-measure-accept_id,261,7931,17.005423,8.785996,15348.0451501,0.0651548773946,22828,22828,8.00743,0.211846,6.808317,8.004697,0.209182,1.781265,0,0.115658,0.005397,0,0,0,0,0,0,0,0,0,0,0,0,0,0,0,0,0,0,6.808317,0,0,0.140954,0,0.015079,1.425853,8.785996,0,0.006692,0,10231,0
l4-n8192-zipf-w1,arity,4,8192,zipf,1,eas_k1_adaptive,eas,1,adaptive,71,3,ok,b066d27d81963e24063231bfe1f9d9f520e5e257504da2cec2685fb9bc2b6d08,l4-n8192-zipf-w1-s71-r3-measure-eas_k1_adaptive,317,7875,123.458567,114.815421,2567.6630444,0.389459201893,44004,44004,8.132687,0.510119,6.809164,8.130518,0.507223,1.81338,0,0.358581,0.005065,8192,80517,122880,0,0,0,0,154115,0,0,0,98304,0,0,0,0,0,15929304,6.809164,55.990223,0.506352,33.147151,0,9.389132,107.374076,114.815421,0,0,0,0,145923
l4-n8192-zipf-w1,arity,4,8192,zipf,1,eas_k2_adaptive,eas,2,adaptive,71,3,ok,b066d27d81963e24063231bfe1f9d9f520e5e257504da2cec2685fb9bc2b6d08,l4-n8192-zipf-w1-s71-r3-measure-eas_k2_adaptive,314,7878,119.686678,111.036208,2623.51671253,0.381167764331,43972,43972,8.148677,0.501505,6.782871,8.146527,0.498389,1.823098,0,0.348958,0.005266,8192,80517,122880,0,0,0,0,143087,0,0,0,98304,0,0,0,0,0,15929304,6.782871,56.30578,0.409541,30.12692,0,8.539811,103.610123,111.036208,0,0,0,0,134895
l4-n8192-zipf-w1,arity,4,8192,zipf,1,accept_static_degree,accept_static_degree,,greedy,71,3,ok,b066d27d81963e24063231bfe1f9d9f520e5e257504da2cec2685fb9bc2b6d08,l4-n8192-zipf-w1-s71-r3-measure-accept_static_degree,319,7873,95.224764,86.674459,3349.96892195,0.298510231975,28848,28848,8.094909,0.454964,6.918147,8.092765,0.451665,1.806257,0,0.306225,0.005443,0,80517,122880,0,0,0,0,0,0,0,0,0,0,0,0,0,0,3864816,6.918147,0,0,3.357445,0,0.016164,79.13246,86.674459,73.65236,0.832716,8192,10777,0
l4-n8192-zipf-w1,arity,4,8192,zipf,1,native,native,,native,71,3,ok,b066d27d81963e24063231bfe1f9d9f520e5e257504da2cec2685fb9bc2b6d08,l4-n8192-zipf-w1-s71-r3-measure-native,44,8148,9.096144,0,4837.21453838,0.206730545455,22508,22508,8.048831,1.04723,0,8.046226,1.045624,1.768433,0.650584,0.020882,0.004211,8192,0,0,0,0,0,0,0,0,0,0,0,0,0,0,0,0,0,0,0,0,0,0,0,0,0,0,0,0,0,0
l4-n8192-zipf-w1,arity,4,8192,zipf,1,eas_k1_adaptive,eas,1,adaptive,101,1,ok,29fffb88e018ae70ba2fce289c7d3ec26449a05a5698a1dacab808d45aea8a8b,l4-n8192-zipf-w1-s101-r1-measure-eas_k1_adaptive,302,7890,121.666279,113.230106,2482.19968986,0.40286847351,44104,44104,7.94506,0.490962,6.892225,7.942614,0.487768,1.75355,0,0.341054,0.00564,8192,80616,122880,0,0,0,0,151504,0,0,0,98304,0,0,0,0,0,15923680,6.892225,56.202386,0.489799,32.032201,0,8.578012,105.712345,113.230106,0,0,0,0,143312
l4-n8192-zipf-w1,arity,4,8192,zipf,1,native,native,,native,101,1,ok,29fffb88e018ae70ba2fce289c7d3ec26449a05a5698a1dacab808d45aea8a8b,l4-n8192-zipf-w1-s101-r1-measure-native,40,8152,8.996476,0,4446.18537303,0.2249119,22552,22552,7.944216,1.052019,0,7.942087,1.050546,1.765747,0.656171,0.019317,0.003602,8192,0,0,0,0,0,0,0,0,0,0,0,0,0,0,0,0,0,0,0,0,0,0,0,0,0,0,0,0,0,0
l4-n8192-zipf-w1,arity,4,8192,zipf,1,accept_static_degree,accept_static_degree,,greedy,101,1,ok,29fffb88e018ae70ba2fce289c7d3ec26449a05a5698a1dacab808d45aea8a8b,l4-n8192-zipf-w1-s101-r1-measure-accept_static_degree,306,7886,93.899498,85.362579,3258.80336442,0.306861104575,28848,28848,8.072189,0.464423,6.862353,8.069629,0.461268,1.811422,0,0.321174,0.005715,0,80616,122880,0,0,0,0,0,0,0,0,0,0,0,0,0,0,3869568,6.862353,0,0,3.250033,0,0.015765,77.852374,85.362579,72.496077,0.841225,8192,10729,0
l4-n8192-zipf-w1,arity,4,8192,zipf,1,eas_k2_adaptive,eas,2,adaptive,101,1,ok,29fffb88e018ae70ba2fce289c7d3ec26449a05a5698a1dacab808d45aea8a8b,l4-n8192-zipf-w1-s101-r1-measure-eas_k2_adaptive,300,7892,118.884747,110.166669,2523.45239882,0.39628249,44024,44024,8.220502,0.497269,6.971552,8.218249,0.49464,1.840671,0,0.346722,0.004882,8192,80616,122880,0,0,0,0,141438,0,0,0,98304,0,0,0,0,0,15923680,6.971552,55.893642,0.404228,29.709591,0,8.532265,102.565799,110.166669,0,0,0,0,133246
l4-n8192-zipf-w1,arity,4,8192,zipf,1,accept_id,accept_id,,greedy,101,1,ok,29fffb88e018ae70ba2fce289c7d3ec26449a05a5698a1dacab808d45aea8a8b,l4-n8192-zipf-w1-s101-r1-measure-accept_id,237,7955,16.958498,8.844863,13975.2942743,0.0715548438819,22720,22720,7.918864,0.194408,6.886234,7.916276,0.192569,1.740465,0,0.104211,0.004427,0,0,0,0,0,0,0,0,0,0,0,0,0,0,0,0,0,0,6.886234,0,0,0.116187,0,0.014128,1.405059,8.844863,0,0.006427,0,10080,0
l4-n8192-zipf-w1,arity,4,8192,zipf,1,accept_id,accept_id,,greedy,101,2,ok,29fffb88e018ae70ba2fce289c7d3ec26449a05a5698a1dacab808d45aea8a8b,l4-n8192-zipf-w1-s101-r2-measure-accept_id,237,7955,17.137178,8.959579,13829.5815099,0.0723087679325,22748,22748,7.975921,0.201488,6.996861,7.97325,0.199171,1.789262,0,0.109592,0.004988,0,0,0,0,0,0,0,0,0,0,0,0,0,0,0,0,0,0,6.996861,0,0,0.116547,0,0.013588,1.399092,8.959579,0,0.00763,0,10080,0
l4-n8192-zipf-w1,arity,4,8192,zipf,1,native,native,,native,101,2,ok,29fffb88e018ae70ba2fce289c7d3ec26449a05a5698a1dacab808d45aea8a8b,l4-n8192-zipf-w1-s101-r2-measure-native,40,8152,8.889614,0,4499.63294244,0.22224035,22552,22552,7.841066,1.048464,0,7.838272,1.047186,1.755984,0.654981,0.019118,0.004072,8192,0,0,0,0,0,0,0,0,0,0,0,0,0,0,0,0,0,0,0,0,0,0,0,0,0,0,0,0,0,0
l4-n8192-zipf-w1,arity,4,8192,zipf,1,accept_static_degree,accept_static_degree,,greedy,101,2,ok,29fffb88e018ae70ba2fce289c7d3ec26449a05a5698a1dacab808d45aea8a8b,l4-n8192-zipf-w1-s101-r2-measure-accept_static_degree,306,7886,94.714402,86.246254,3230.76526419,0.309524189542,28828,28828,8.021284,0.446653,6.895839,8.019132,0.443743,1.807711,0,0.30522,0.005062,0,80616,122880,0,0,0,0,0,0,0,0,0,0,0,0,0,0,3869568,6.895839,0,0,3.357821,0,0.015927,78.750778,86.246254,73.27721,0.845436,8192,10729,0
l4-n8192-zipf-w1,arity,4,8192,zipf,1,eas_k1_adaptive,eas,1,adaptive,101,2,ok,29fffb88e018ae70ba2fce289c7d3ec26449a05a5698a1dacab808d45aea8a8b,l4-n8192-zipf-w1-s101-r2-measure-eas_k1_adaptive,302,7890,122.202432,113.537507,2471.3092453,0.40464381457,43968,43968,8.166626,0.497834,6.91294,8.164169,0.494628,1.817873,0,0.343918,0.005663,8192,80616,122880,0,0,0,0,151504,0,0,0,98304,0,0,0,0,0,15923680,6.91294,56.386906,0.498572,32.286275,0,8.483551,105.994843,113.537507,0,0,0,0,143312
l4-n8192-zipf-w1,arity,4,8192,zipf,1,eas_k2_adaptive,eas,2,adaptive,101,2,ok,29fffb88e018ae70ba2fce289c7d3ec26449a05a5698a1dacab808d45aea8a8b,l4-n8192-zipf-w1-s101-r2-measure-eas_k2_adaptive,300,7892,119.726721,111.182121,2505.70630762,0.39908907,43976,43976,8.052516,0.491722,6.86949,8.050153,0.488312,1.789602,0,0.342273,0.005773,8192,80616,122880,0,0,0,0,141438,0,0,0,98304,0,0,0,0,0,15923680,6.86949,56.426285,0.396449,29.918446,0,8.624506,103.67711,111.182121,0,0,0,0,133246
l4-n8192-zipf-w1,arity,4,8192,zipf,1,accept_static_degree,accept_static_degree,,greedy,101,3,ok,29fffb88e018ae70ba2fce289c7d3ec26449a05a5698a1dacab808d45aea8a8b,l4-n8192-zipf-w1-s101-r3-measure-accept_static_degree,306,7886,94.850106,86.275309,3226.14294179,0.309967666667,28896,28896,8.13797,0.436514,6.888359,8.135631,0.433031,1.848686,0,0.298164,0.005822,0,80616,122880,0,0,0,0,0,0,0,0,0,0,0,0,0,0,3869568,6.888359,0,0,3.303985,0,0.01596,78.778905,86.275309,73.361131,0.840157,8192,10729,0
l4-n8192-zipf-w1,arity,4,8192,zipf,1,accept_id,accept_id,,greedy,101,3,ok,29fffb88e018ae70ba2fce289c7d3ec26449a05a5698a1dacab808d45aea8a8b,l4-n8192-zipf-w1-s101-r3-measure-accept_id,237,7955,17.332354,8.835976,13673.8494956,0.0731322953586,22736,22736,8.29702,0.199199,6.890334,8.294743,0.196787,1.862872,0,0.107822,0.004689,0,0,0,0,0,0,0,0,0,0,0,0,0,0,0,0,0,0,6.890334,0,0,0.115224,0,0.013851,1.394414,8.835976,0,0.006447,0,10080,0
l4-n8192-zipf-w1,arity,4,8192,zipf,1,eas_k1_adaptive,eas,1,adaptive,101,3,ok,29fffb88e018ae70ba2fce289c7d3ec26449a05a5698a1dacab808d45aea8a8b,l4-n8192-zipf-w1-s101-r3-measure-eas_k1_adaptive,302,7890,122.936334,114.416962,2456.55609024,0.407073953642,44032,44032,8.006473,0.512759,6.886672,8.003671,0.509655,1.800592,0,0.35511,0.005906,8192,80616,122880,0,0,0,0,151504,0,0,0,98304,0,0,0,0,0,15923680,6.886672,55.859611,0.51275,32.600975,0,9.608573,106.904169,114.416962,0,0,0,0,143312
l4-n8192-zipf-w1,arity,4,8192,zipf,1,native,native,,native,101,3,ok,29fffb88e018ae70ba2fce289c7d3ec26449a05a5698a1dacab808d45aea8a8b,l4-n8192-zipf-w1-s101-r3-measure-native,40,8152,9.148387,0,4372.35547644,0.228709675,22560,22560,8.083381,1.064896,0,8.080237,1.062721,1.809143,0.670075,0.020461,0.005319,8192,0,0,0,0,0,0,0,0,0,0,0,0,0,0,0,0,0,0,0,0,0,0,0,0,0,0,0,0,0,0
l4-n8192-zipf-w1,arity,4,8192,zipf,1,eas_k2_adaptive,eas,2,adaptive,101,3,ok,29fffb88e018ae70ba2fce289c7d3ec26449a05a5698a1dacab808d45aea8a8b,l4-n8192-zipf-w1-s101-r3-measure-eas_k2_adaptive,300,7892,119.207318,110.703926,2516.62402135,0.397357726667,44020,44020,8.003217,0.499718,6.904766,8.000796,0.496908,1.809196,0,0.350708,0.005231,8192,80616,122880,0,0,0,0,141438,0,0,0,98304,0,0,0,0,0,15923680,6.904766,56.320726,0.399911,29.631401,0,8.537869,103.163755,110.703926,0,0,0,0,133246
l2-n8192-zipf-w2,scale,2,8192,zipf,2,native,native,,native,11,1,ok,b038024127384957304562722620f47f5710285ebacb3ebfba98f7e051ae8f0a,l2-n8192-zipf-w2-s11-r1-measure-native,549,7643,4.463758,0,122990.538466,0.00813070673953,18476,18476,3.803508,0.660195,0,7.35171,1.252934,1.483476,0.595408,0.155364,0.004594,8028,0,0,0,0,0,0,0,0,0,0,0,0,0,0,0,0,0,0,0,0,0,0,0,0,0,0,0,0,0,0
l2-n8192-zipf-w2,scale,2,8192,zipf,2,eas_k1_adaptive,eas,1,adaptive,11,1,ok,b038024127384957304562722620f47f5710285ebacb3ebfba98f7e051ae8f0a,l2-n8192-zipf-w2-s11-r1-measure-eas_k1_adaptive,1067,7125,73.376627,69.130862,14541.4152111,0.0687690974695,20980,20980,3.646953,0.598518,4.486867,7.124196,1.186643,1.488023,0,0.861859,0.005546,8028,10233,24084,0,0,0,0,316908,0,0,0,49152,0,0,0,0,0,2330632,4.486867,6.899036,0.484894,53.330449,0,1.100113,64.116134,69.130862,0,0,0,0,308880
l2-n8192-zipf-w2,scale,2,8192,zipf,2,eas_k2_adaptive,eas,2,adaptive,11,1,ok,b038024127384957304562722620f47f5710285ebacb3ebfba98f7e051ae8f0a,l2-n8192-zipf-w2-s11-r1-measure-eas_k2_adaptive,1066,7126,61.067581,56.956415,17456.0705131,0.0572866613508,20816,20816,3.701537,0.409275,4.503246,7.245904,0.812735,1.484733,0,0.537276,0.004789,8028,10233,24084,0,0,0,0,248702,0,0,0,49152,0,0,0,0,0,2330632,4.503246,6.881715,0.375991,41.573168,0,1.055143,51.929918,56.956415,0,0,0,0,240674
l2-n8192-zipf-w2,scale,2,8192,zipf,2,accept_static_degree,accept_static_degree,,greedy,11,1,ok,b038024127384957304562722620f47f5710285ebacb3ebfba98f7e051ae8f0a,l2-n8192-zipf-w2-s11-r1-measure-accept_static_degree,1069,7123,12.885624,8.587711,82960.6699683,0.0120539045837,19000,19000,4.010951,0.28679,4.518621,8.017136,0.568717,1.550389,0,0.354333,0.004384,0,10725,24576,0,0,0,0,0,0,0,0,0,0,0,0,0,0,140096,4.518621,0,0,0.183443,0,0.033638,3.543546,8.587711,1.113398,0.895694,8192,11540,0
l2-n8192-zipf-w2,scale,2,8192,zipf,2,accept_id,accept_id,,greedy,11,1,ok,b038024127384957304562722620f47f5710285ebacb3ebfba98f7e051ae8f0a,l2-n8192-zipf-w2-s11-r1-measure-accept_id,960,7232,10.555775,6.535094,90945.4777124,0.0109955989583,19056,19056,3.752382,0.268159,4.502155,7.246478,0.520737,1.462305,0,0.303886,0.003828,0,0,0,0,0,0,0,0,0,0,0,0,0,0,0,0,0,0,4.502155,0,0,0.176688,0,0.030873,1.519201,6.535094,0,0.006465,0,11167,0
l2-n8192-zipf-w2,scale,2,8192,zipf,2,eas_k1_adaptive,eas,1,adaptive,11,2,ok,b038024127384957304562722620f47f5710285ebacb3ebfba98f7e051ae8f0a,l2-n8192-zipf-w2-s11-r2-measure-eas_k1_adaptive,1067,7125,72.849341,68.707559,14646.6664674,0.0682749212746,20856,20856,3.649681,0.491885,4.532438,7.201264,0.977592,1.523315,0,0.687748,0.004273,8028,10233,24084,0,0,0,0,316908,0,0,0,49152,0,0,0,0,0,2330632,4.532438,6.934897,0.460168,52.902797,0,1.056413,63.648135,68.707559,0,0,0,0,308880
l2-n8192-zipf-w2,scale,2,8192,zipf,2,accept_static_degree,accept_static_degree,,greedy,11,2,ok,b038024127384957304562722620f47f5710285ebacb3ebfba98f7e051ae8f0a,l2-n8192-zipf-w2-s11-r2-measure-accept_static_degree,1069,7123,12.972059,8.669499,82407.8891408,0.0121347605239,18964,18964,3.851274,0.451173,4.585787,7.691188,0.870022,1.527813,0,0.621912,0.004452,0,10725,24576,0,0,0,0,0,0,0,0,0,0,0,0,0,0,140096,4.585787,0,0,0.185461,0,0.032218,3.529711,8.669499,1.105619,0.891306,8192,11540,0
l2-n8192-zipf-w2,scale,2,8192,zipf,2,eas_k2_adaptive,eas,2,adaptive,11,2,ok,b038024127384957304562722620f47f5710285ebacb3ebfba98f7e051ae8f0a,l2-n8192-zipf-w2-s11-r2-measure-eas_k2_adaptive,1066,7126,61.126227,56.839935,17439.3227313,0.0573416763602,20828,20828,3.866969,0.419123,4.457532,7.474251,0.831392,1.485544,0,0.553313,0.004338,8028,10233,24084,0,0,0,0,248702,0,0,0,49152,0,0,0,0,0,2330632,4.457532,6.883278,0.37522,41.51188,0,1.04218,51.861743,56.839935,0,0,0,0,240674
l2-n8192-zipf-w2,scale,2,8192,zipf,2,accept_id,accept_id,,greedy,11,2,ok,b038024127384957304562722620f47f5710285ebacb3ebfba98f7e051ae8f0a,l2-n8192-zipf-w2-s11-r2-measure-accept_id,960,7232,10.605052,6.552638,90522.8941829,0.0110469291667,19056,19056,3.781434,0.270792,4.515105,7.332073,0.530474,1.499861,0,0.310224,0.003973,0,0,0,0,0,0,0,0,0,0,0,0,0,0,0,0,0,0,4.515105,0,0,0.174736,0,0.033266,1.523208,6.552638,0,0.006469,0,11167,0
l2-n8192-zipf-w2,scale,2,8192,zipf,2,native,native,,native,11,2,ok,b038024127384957304562722620f47f5710285ebacb3ebfba98f7e051ae8f0a,l2-n8192-zipf-w2-s11-r2-measure-native,549,7643,4.490484,0,122258.536051,0.00817938797814,18460,18460,3.830958,0.659282,0,7.320107,1.249996,1.484867,0.591956,0.153483,0.003602,8028,0,0,0,0,0,0,0,0,0,0,0,0,0,0,0,0,0,0,0,0,0,0,0,0,0,0,0,0,0,0
l2-n8192-zipf-w2,scale,2,8192,zipf,2,native,native,,native,11,3,ok,b038024127384957304562722620f47f5710285ebacb3ebfba98f7e051ae8f0a,l2-n8192-zipf-w2-s11-r3-measure-native,549,7643,4.442849,0,123569.35831,0.00809262112933,18488,18488,3.781764,0.660985,0,7.312907,1.248815,1.470906,0.59203,0.154814,0.003913,8028,0,0,0,0,0,0,0,0,0,0,0,0,0,0,0,0,0,0,0,0,0,0,0,0,0,0,0,0,0,0
l2-n8192-zipf-w2,scale,2,8192,zipf,2,accept_id,accept_id,,greedy,11,3,ok,b038024127384957304562722620f47f5710285ebacb3ebfba98f7e051ae8f0a,l2-n8192-zipf-w2-s11-r3-measure-accept_id,960,7232,10.517186,6.471361,91279.1691618,0.0109554020833,18912,18912,3.761372,0.284256,4.434176,7.310664,0.556775,1.505351,0,0.338432,0.0034,0,0,0,0,0,0,0,0,0,0,0,0,0,0,0,0,0,0,4.434176,0,0,0.174683,0,0.03025,1.524128,6.471361,0,0.006443,0,11167,0
l2-n8192-zipf-w2,scale,2,8192,zipf,2,eas_k1_adaptive,eas,1,adaptive,11,3,ok,b038024127384957304562722620f47f5710285ebacb3ebfba98f7e051ae8f0a,l2-n8192-zipf-w2-s11-r3-measure-eas_k1_adaptive,1067,7125,72.990918,68.813489,14618.2570275,0.0684076082474,20888,20888,3.691402,0.485725,4.515239,7.134398,0.957297,1.463955,0,0.672242,0.004705,8028,10233,24084,0,0,0,0,316908,0,0,0,49152,0,0,0,0,0,2330632,4.515239,6.901436,0.465094,53.032002,0,1.058682,63.768451,68.813489,0,0,0,0,308880
l2-n8192-zipf-w2,scale,2,8192,zipf,2,eas_k2_adaptive,eas,2,adaptive,11,3,ok,b038024127384957304562722620f47f5710285ebacb3ebfba98f7e051ae8f0a,l2-n8192-zipf-w2-s11-r3-measure-eas_k2_adaptive,1066,7126,61.113782,56.94543,17442.8740149,0.0573300018762,20656,20656,3.731947,0.436313,4.509307,7.234922,0.860097,1.520692,0,0.584478,0.003945,8028,10233,24084,0,0,0,0,248702,0,0,0,49152,0,0,0,0,0,2330632,4.509307,6.873745,0.375822,41.575882,0,1.043814,51.904436,56.94543,0,0,0,0,240674
l2-n8192-zipf-w2,scale,2,8192,zipf,2,accept_static_degree,accept_static_degree,,greedy,11,3,ok,b038024127384957304562722620f47f5710285ebacb3ebfba98f7e051ae8f0a,l2-n8192-zipf-w2-s11-r3-measure-accept_static_degree,1069,7123,12.677431,8.588501,84323.0777592,0.0118591496726,18908,18908,3.802812,0.285972,4.534487,7.549354,0.546686,1.473596,0,0.347302,0.00441,0,10725,24576,0,0,0,0,0,0,0,0,0,0,0,0,0,0,140096,4.534487,0,0,0.184636,0,0.033036,3.529829,8.588501,1.100826,0.899922,8192,11540,0
l2-n8192-zipf-w2,scale,2,8192,zipf,2,eas_k1_adaptive,eas,1,adaptive,29,1,ok,026c02dbc84f6e52ece4fc39d02dd635c5e3561190c6c97004d583909599c7dd,l2-n8192-zipf-w2-s29-r1-measure-eas_k1_adaptive,1013,7179,73.276879,69.059843,13824.2787333,0.0723365044423,20908,20908,3.77894,0.437749,4.662809,7.397836,0.865123,1.501848,0,0.605927,0.005739,8047,10297,24141,0,0,0,0,317028,0,0,0,49152,0,0,0,0,0,2327792,4.662809,7.01662,0.454362,53.010479,0,1.050211,63.870761,69.059843,0,0,0,0,308981
l2-n8192-zipf-w2,scale,2,8192,zipf,2,native,native,,native,29,1,ok,026c02dbc84f6e52ece4fc39d02dd635c5e3561190c6c97004d583909599c7dd,l2-n8192-zipf-w2-s29-r1-measure-native,519,7673,4.28741,0,121052.103718,0.00826090558767,18384,18384,3.719225,0.56808,0,7.219664,1.123877,1.475854,0.544005,0.141161,0.00444,8047,0,0,0,0,0,0,0,0,0,0,0,0,0,0,0,0,0,0,0,0,0,0,0,0,0,0,0,0,0,0
l2-n8192-zipf-w2,scale,2,8192,zipf,2,accept_id,accept_id,,greedy,29,1,ok,026c02dbc84f6e52ece4fc39d02dd635c5e3561190c6c97004d583909599c7dd,l2-n8192-zipf-w2-s29-r1-measure-accept_id,928,7264,10.561968,6.513739,87862.4135199,0.0113814310345,18944,18944,3.790529,0.257543,4.475384,7.415431,0.500195,1.521814,0,0.307608,0.00389,0,0,0,0,0,0,0,0,0,0,0,0,0,0,0,0,0,0,4.475384,0,0,0.171139,0,0.030099,1.522582,6.513739,0,0.00762,0,11048,0
l2-n8192-zipf-w2,scale,2,8192,zipf,2,accept_static_degree,accept_static_degree,,greedy,29,1,ok,026c02dbc84f6e52ece4fc39d02dd635c5e3561190c6c97004d583909599c7dd,l2-n8192-zipf-w2-s29-r1-measure-accept_static_degree,1015,7177,12.527179,8.604661,81023.8282697,0.0123420482759,19264,19264,3.648221,0.274009,4.512167,7.201172,0.537632,1.546791,0,0.326854,0.003658,0,10732,24576,0,0,0,0,0,0,0,0,0,0,0,0,0,0,140032,4.512167,0,0,0.18697,0,0.031271,3.560509,8.604661,1.095431,0.917273,8192,11377,0
l2-n8192-zipf-w2,scale,2,8192,zipf,2,eas_k2_adaptive,eas,2,adaptive,29,1,ok,026c02dbc84f6e52ece4fc39d02dd635c5e3561190c6c97004d583909599c7dd,l2-n8192-zipf-w2-s29-r1-measure-eas_k2_adaptive,1010,7182,60.942782,56.797758,16572.9224504,0.0603393881188,20644,20644,3.713382,0.431501,4.55244,7.270548,0.833591,1.500774,0,0.582642,0.004467,8047,10297,24141,0,0,0,0,246236,0,0,0,49152,0,0,0,0,0,2327792,4.55244,6.974865,0.37331,41.248737,0,1.042982,51.717266,56.797758,0,0,0,0,238189
l2-n8192-zipf-w2,scale,2,8192,zipf,2,eas_k2_adaptive,eas,2,adaptive,29,2,ok,026c02dbc84f6e52ece4fc39d02dd635c5e3561190c6c97004d583909599c7dd,l2-n8192-zipf-w2-s29-r2-measure-eas_k2_adaptive,1010,7182,60.986781,56.703947,16560.9658919,0.0603829514851,20612,20612,3.855306,0.427333,4.531594,7.463045,0.828164,1.527294,0,0.575988,0.003964,8047,10297,24141,0,0,0,0,246236,0,0,0,49152,0,0,0,0,0,2327792,4.531594,6.987211,0.371871,41.19453,0,1.031682,51.647248,56.703947,0,0,0,0,238189
l2-n8192-zipf-w2,scale,2,8192,zipf,2,accept_id,accept_id,,greedy,29,2,ok,026c02dbc84f6e52ece4fc39d02dd635c5e3561190c6c97004d583909599c7dd,l2-n8192-zipf-w2-s29-r2-measure-accept_id,928,7264,10.675588,6.640194,86927.2961827,0.0115038663793,19076,19076,3.781113,0.253794,4.595935,7.377009,0.496942,1.504418,0,0.3036,0.004311,0,0,0,0,0,0,0,0,0,0,0,0,0,0,0,0,0,0,4.595935,0,0,0.175113,0,0.030027,1.527736,6.640194,0,0.007626,0,11048,0
l2-n8192-zipf-w2,scale,2,8192,zipf,2,accept_static_degree,accept_static_degree,,greedy,29,2,ok,026c02dbc84f6e52ece4fc39d02dd635c5e3561190c6c97004d583909599c7dd,l2-n8192-zipf-w2-s29-r2-measure-accept_static_degree,1015,7177,12.533416,8.564433,80983.5084066,0.0123481931034,19060,19060,3.69376,0.275043,4.478662,7.337918,0.535659,1.512378,0,0.323703,0.004224,0,10732,24576,0,0,0,0,0,0,0,0,0,0,0,0,0,0,140032,4.478662,0,0,0.186922,0,0.031071,3.561136,8.564433,1.099361,0.914577,8192,11377,0
l2-n8192-zipf-w2,scale,2,8192,zipf,2,eas_k1_adaptive,eas,1,adaptive,29,2,ok,026c02dbc84f6e52ece4fc39d02dd635c5e3561190c6c97004d583909599c7dd,l2-n8192-zipf-w2-s29-r2-measure-eas_k1_adaptive,1013,7179,73.015357,68.911465,13873.7937007,0.0720783385982,20896,20896,3.697518,0.406249,4.494421,7.202627,0.807471,1.497502,0,0.554568,0.004584,8047,10297,24141,0,0,0,0,317028,0,0,0,49152,0,0,0,0,0,2327792,4.494421,6.959722,0.456416,53.088152,0,1.058732,63.891046,68.911465,0,0,0,0,308981
l2-n8192-zipf-w2,scale,2,8192,zipf,2,native,native,,native,29,2,ok,026c02dbc84f6e52ece4fc39d02dd635c5e3561190c6c97004d583909599c7dd,l2-n8192-zipf-w2-s29-r2-measure-native,519,7673,4.24182,0,122353.140869,0.00817306358382,18476,18476,3.59726,0.644492,0,7.032251,1.201957,1.492843,0.58234,0.149179,0.004579,8047,0,0,0,0,0,0,0,0,0,0,0,0,0,0,0,0,0,0,0,0,0,0,0,0,0,0,0,0,0,0
l2-n8192-zipf-w2,scale,2,8192,zipf,2,native,native,,native,29,3,ok,026c02dbc84f6e52ece4fc39d02dd635c5e3561190c6c97004d583909599c7dd,l2-n8192-zipf-w2-s29-r3-measure-native,519,7673,4.396265,0,118054.757846,0.00847064547206,18492,18492,3.74732,0.648829,0,7.260658,1.214674,1.509598,0.596778,0.15164,0.004164,8047,0,0,0,0,0,0,0,0,0,0,0,0,0,0,0,0,0,0,0,0,0,0,0,0,0,0,0,0,0,0
l2-n8192-zipf-w2,scale,2,8192,zipf,2,eas_k2_adaptive,eas,2,adaptive,29,3,ok,026c02dbc84f6e52ece4fc39d02dd635c5e3561190c6c97004d583909599c7dd,l2-n8192-zipf-w2-s29-r3-measure-eas_k2_adaptive,1010,7182,60.823082,56.757499,16605.5380094,0.0602208732673,20704,20704,3.649835,0.415568,4.448046,7.123677,0.823419,1.517273,0,0.564168,0.004504,8047,10297,24141,0,0,0,0,246236,0,0,0,49152,0,0,0,0,0,2327792,4.448046,7.04898,0.373442,41.261338,0,1.035828,51.787487,56.757499,0,0,0,0,238189
l2-n8192-zipf-w2,scale,2,8192,zipf,2,eas_k1_adaptive,eas,1,adaptive,29,3,ok,026c02dbc84f6e52ece4fc39d02dd635c5e3561190c6c97004d583909599c7dd,l2-n8192-zipf-w2-s29-r3-measure-eas_k1_adaptive,1013,7179,72.916563,68.826349,13892.5911799,0.0719808124383,21068,21068,3.651996,0.438031,4.523928,7.150422,0.86791,1.502331,0,0.603539,0.005685,8047,10297,24141,0,0,0,0,317028,0,0,0,49152,0,0,0,0,0,2327792,4.523928,6.990404,0.451575,52.942862,0,1.040524,63.775726,68.826349,0,0,0,0,308981
l2-n8192-zipf-w2,scale,2,8192,zipf,2,accept_id,accept_id,,greedy,29,3,ok,026c02dbc84f6e52ece4fc39d02dd635c5e3561190c6c97004d583909599c7dd,l2-n8192-zipf-w2-s29-r3-measure-accept_id,928,7264,10.486784,6.510252,88492.3347329,0.0113004137931,18916,18916,3.724304,0.252044,4.468466,7.20926,0.482292,1.474857,0,0.295102,0.004727,0,0,0,0,0,0,0,0,0,0,0,0,0,0,0,0,0,0,4.468466,0,0,0.179093,0,0.029369,1.527986,6.510252,0,0.006453,0,11048,0
l2-n8192-zipf-w2,scale,2,8192,zipf,2,accept_static_degree,accept_static_degree,,greedy,29,3,ok,026c02dbc84f6e52ece4fc39d02dd635c5e3561190c6c97004d583909599c7dd,l2-n8192-zipf-w2-s29-r3-measure-accept_static_degree,1015,7177,12.543243,8.604108,80920.0619011,0.0123578748768,19148,19148,3.658017,0.280949,4.514212,7.230353,0.552975,1.502602,0,0.344932,0.004185,0,10732,24576,0,0,0,0,0,0,0,0,0,0,0,0,0,0,140032,4.514212,0,0,0.18718,0,0.030664,3.563497,8.604108,1.110756,0.915312,8192,11377,0
l2-n8192-zipf-w2,scale,2,8192,zipf,2,eas_k1_adaptive,eas,1,adaptive,47,1,ok,0251195efcb8b7412a4a3fccf590479cb204ab5359cc00a8c8ec960a88b7db60,l2-n8192-zipf-w2-s47-r1-measure-eas_k1_adaptive,1041,7151,72.659341,68.517557,14327.1324192,0.0697976378482,20928,20928,3.676881,0.464721,4.467576,7.234108,0.912288,1.530408,0,0.631614,0.004731,8021,10137,24063,0,0,0,0,318352,0,0,0,49152,0,0,0,0,0,2327000,4.467576,6.922728,0.451086,52.805582,0,1.02808,63.520914,68.517557,0,0,0,0,310331
l2-n8192-zipf-w2,scale,2,8192,zipf,2,eas_k2_adaptive,eas,2,adaptive,47,1,ok,0251195efcb8b7412a4a3fccf590479cb204ab5359cc00a8c8ec960a88b7db60,l2-n8192-zipf-w2-s47-r1-measure-eas_k2_adaptive,1038,7154,60.716587,56.681088,17095.8225962,0.0584938217726,20664,20664,3.631564,0.403813,4.51545,7.205979,0.78274,1.509411,0,0.518539,0.004743,8021,10137,24063,0,0,0,0,248218,0,0,0,49152,0,0,0,0,0,2327000,4.51545,6.974881,0.372842,41.18171,0,1.056163,51.639835,56.681088,0,0,0,0,240197
l2-n8192-zipf-w2,scale,2,8192,zipf,2,accept_static_degree,accept_static_degree,,greedy,47,1,ok,0251195efcb8b7412a4a3fccf590479cb204ab5359cc00a8c8ec960a88b7db60,l2-n8192-zipf-w2-s47-r1-measure-accept_static_degree,1042,7150,12.640698,8.481482,82432.1568318,0.0121311880998,19080,19080,3.872558,0.28649,4.426028,7.570394,0.563388,1.488455,0,0.363101,0.003762,0,10650,24576,0,0,0,0,0,0,0,0,0,0,0,0,0,0,138800,4.426028,0,0,0.181285,0,0.032731,3.531779,8.481482,1.098099,0.907376,8192,11464,0
l2-n8192-zipf-w2,scale,2,8192,zipf,2,native,native,,native,47,1,ok,0251195efcb8b7412a4a3fccf590479cb204ab5359cc00a8c8ec960a88b7db60,l2-n8192-zipf-w2-s47-r1-measure-native,562,7630,4.417215,0,127229.487358,0.00785981316726,18472,18472,3.749292,0.667857,0,7.394828,1.249172,1.535555,0.596063,0.162851,0.004776,8021,0,0,0,0,0,0,0,0,0,0,0,0,0,0,0,0,0,0,0,0,0,0,0,0,0,0,0,0,0,0
l2-n8192-zipf-w2,scale,2,8192,zipf,2,accept_id,accept_id,,greedy,47,1,ok,0251195efcb8b7412a4a3fccf590479cb204ab5359cc00a8c8ec960a88b7db60,l2-n8192-zipf-w2-s47-r1-measure-accept_id,936,7256,10.269862,6.431311,91140.4651786,0.0109720747863,18992,18992,3.576517,0.261874,4.394857,7.090057,0.50761,1.498891,0,0.303056,0.003771,0,0,0,0,0,0,0,0,0,0,0,0,0,0,0,0,0,0,4.394857,0,0,0.17771,0,0.02919,1.526661,6.431311,0,0.006456,0,11102,0
l2-n8192-zipf-w2,scale,2,8192,zipf,2,accept_id,accept_id,,greedy,47,2,ok,0251195efcb8b7412a4a3fccf590479cb204ab5359cc00a8c8ec960a88b7db60,l2-n8192-zipf-w2-s47-r2-measure-accept_id,936,7256,10.394155,6.504196,90050.6101747,0.011104866453,19060,19060,3.623611,0.266173,4.469809,7.106205,0.512767,1.504295,0,0.302934,0.00408,0,0,0,0,0,0,0,0,0,0,0,0,0,0,0,0,0,0,4.469809,0,0,0.173611,0,0.029821,1.518322,6.504196,0,0.006457,0,11102,0
l2-n8192-zipf-w2,scale,2,8192,zipf,2,accept_static_degree,accept_static_degree,,greedy,47,2,ok,0251195efcb8b7412a4a3fccf590479cb204ab5359cc00a8c8ec960a88b7db60,l2-n8192-zipf-w2-s47-r2-measure-accept_static_degree,1042,7150,12.65837,8.556533,82317.0755792,0.0121481477927,18952,18952,3.823399,0.278299,4.486021,7.477097,0.536444,1.488469,0,0.341902,0.003514,0,10650,24576,0,0,0,0,0,0,0,0,0,0,0,0,0,0,138800,4.486021,0,0,0.181562,0,0.032149,3.541405,8.556533,1.095159,0.920832,8192,11464,0
l2-n8192-zipf-w2,scale,2,8192,zipf,2,eas_k1_adaptive,eas,1,adaptive,47,2,ok,0251195efcb8b7412a4a3fccf590479cb204ab5359cc00a8c8ec960a88b7db60,l2-n8192-zipf-w2-s47-r2-measure-eas_k1_adaptive,1041,7151,72.780747,68.511132,14303.2332438,0.0699142622478,20916,20916,3.768444,0.501051,4.480683,7.473097,0.987395,1.550402,0,0.703878,0.004351,8021,10137,24063,0,0,0,0,318352,0,0,0,49152,0,0,0,0,0,2327000,4.480683,6.961047,0.456124,52.693592,0,1.062935,63.505203,68.511132,0,0,0,0,310331
l2-n8192-zipf-w2,scale,2,8192,zipf,2,eas_k2_adaptive,eas,2,adaptive,47,2,ok,0251195efcb8b7412a4a3fccf590479cb204ab5359cc00a8c8ec960a88b7db60,l2-n8192-zipf-w2-s47-r2-measure-eas_k2_adaptive,1038,7154,61.502827,57.133509,16877.2729748,0.05925127842,20660,20660,3.774172,0.595043,4.502088,7.534349,1.179988,1.546078,0,0.868973,0.005097,8021,10137,24063,0,0,0,0,248218,0,0,0,49152,0,0,0,0,0,2327000,4.502088,7.009555,0.396137,41.565705,0,1.086414,52.100529,57.133509,0,0,0,0,240197
l2-n8192-zipf-w2,scale,2,8192,zipf,2,native,native,,native,47,2,ok,0251195efcb8b7412a4a3fccf590479cb204ab5359cc00a8c8ec960a88b7db60,l2-n8192-zipf-w2-s47-r2-measure-native,562,7630,4.404965,0,127583.306564,0.00783801601423,18500,18500,3.733933,0.670968,0,7.405455,1.275708,1.540256,0.603837,0.162806,0.004329,8021,0,0,0,0,0,0,0,0,0,0,0,0,0,0,0,0,0,0,0,0,0,0,0,0,0,0,0,0,0,0
l2-n8192-zipf-w2,scale,2,8192,zipf,2,native,native,,native,47,3,ok,0251195efcb8b7412a4a3fccf590479cb204ab5359cc00a8c8ec960a88b7db60,l2-n8192-zipf-w2-s47-r3-measure-native,562,7630,4.399639,0,127737.753029,0.00782853914591,18616,18616,3.728246,0.671299,0,7.341933,1.258575,1.547037,0.596301,0.165578,0.004365,8021,0,0,0,0,0,0,0,0,0,0,0,0,0,0,0,0,0,0,0,0,0,0,0,0,0,0,0,0,0,0
l2-n8192-zipf-w2,scale,2,8192,zipf,2,accept_static_degree,accept_static_degree,,greedy,47,3,ok,0251195efcb8b7412a4a3fccf590479cb204ab5359cc00a8c8ec960a88b7db60,l2-n8192-zipf-w2-s47-r3-measure-accept_static_degree,1042,7150,12.508371,8.469821,83304.2128347,0.0120041948177,19152,19152,3.758927,0.279483,4.408927,7.436987,0.530861,1.487641,0,0.338075,0.003936,0,10650,24576,0,0,0,0,0,0,0,0,0,0,0,0,0,0,138800,4.408927,0,0,0.182216,0,0.03239,3.539328,8.469821,1.103303,0.907005,8192,11464,0
l2-n8192-zipf-w2,scale,2,8192,zipf,2,accept_id,accept_id,,greedy,47,3,ok,0251195efcb8b7412a4a3fccf590479cb204ab5359cc00a8c8ec960a88b7db60,l2-n8192-zipf-w2-s47-r3-measure-accept_id,936,7256,10.700889,6.554317,87469.3681992,0.0114325737179,19060,19060,3.874694,0.271567,4.511983,7.716173,0.537271,1.554701,0,0.321221,0.003803,0,0,0,0,0,0,0,0,0,0,0,0,0,0,0,0,0,0,4.511983,0,0,0.1761,0,0.02952,1.524646,6.554317,0,0.007636,0,11102,0
l2-n8192-zipf-w2,scale,2,8192,zipf,2,eas_k1_adaptive,eas,1,adaptive,47,3,ok,0251195efcb8b7412a4a3fccf590479cb204ab5359cc00a8c8ec960a88b7db60,l2-n8192-zipf-w2-s47-r3-measure-eas_k1_adaptive,1041,7151,72.699152,68.55674,14319.2866954,0.0698358808838,20996,20996,3.689711,0.452516,4.504334,7.29532,0.884942,1.547905,0,0.594714,0.004212,8021,10137,24063,0,0,0,0,318352,0,0,0,49152,0,0,0,0,0,2327000,4.504334,7.023679,0.455474,52.658164,0,1.043688,63.525267,68.55674,0,0,0,0,310331
l2-n8192-zipf-w2,scale,2,8192,zipf,2,eas_k2_adaptive,eas,2,adaptive,47,3,ok,0251195efcb8b7412a4a3fccf590479cb204ab5359cc00a8c8ec960a88b7db60,l2-n8192-zipf-w2-s47-r3-measure-eas_k2_adaptive,1038,7154,60.955476,56.780686,17028.8228083,0.0587239653179,20636,20636,3.734333,0.440293,4.488261,7.384002,0.871876,1.517932,0,0.590795,0.004223,8021,10137,24063,0,0,0,0,248218,0,0,0,49152,0,0,0,0,0,2327000,4.488261,6.9678,0.366116,41.243136,0,1.042009,51.765731,56.780686,0,0,0,0,240197
l2-n8192-zipf-w2,scale,2,8192,zipf,2,eas_k1_adaptive,eas,1,adaptive,71,1,ok,e9201529e68a7f5180422fc60688ef185e5d27cc35e712b8ef09d84a7bf1ab81,l2-n8192-zipf-w2-s71-r1-measure-eas_k1_adaptive,1043,7149,75.187424,70.998164,13872.0007218,0.0720876548418,20980,20980,3.711997,0.477111,4.530257,7.359308,0.93021,1.541709,0,0.642882,0.004888,8028,10306,24084,0,0,0,0,330694,0,0,0,49152,0,0,0,0,0,2329048,4.530257,6.934052,0.45535,55.169335,0,1.050186,65.943024,70.998164,0,0,0,0,322666
l2-n8192-zipf-w2,scale,2,8192,zipf,2,native,native,,native,71,1,ok,e9201529e68a7f5180422fc60688ef185e5d27cc35e712b8ef09d84a7bf1ab81,l2-n8192-zipf-w2-s71-r1-measure-native,538,7654,4.408104,0,122047.937163,0.00819350185874,18412,18412,3.743237,0.664775,0,7.414194,1.234582,1.547274,0.593166,0.154446,0.004137,8028,0,0,0,0,0,0,0,0,0,0,0,0,0,0,0,0,0,0,0,0,0,0,0,0,0,0,0,0,0,0
l2-n8192-zipf-w2,scale,2,8192,zipf,2,accept_id,accept_id,,greedy,71,1,ok,e9201529e68a7f5180422fc60688ef185e5d27cc35e712b8ef09d84a7bf1ab81,l2-n8192-zipf-w2-s71-r1-measure-accept_id,954,7238,10.473029,6.484853,91091.1255951,0.0109780178197,19124,19124,3.722709,0.265307,4.46216,7.386112,0.521141,1.534679,0,0.311346,0.003622,0,0,0,0,0,0,0,0,0,0,0,0,0,0,0,0,0,0,4.46216,0,0,0.165725,0,0.030401,1.504968,6.484853,0,0.006443,0,11134,0
l2-n8192-zipf-w2,scale,2,8192,zipf,2,eas_k2_adaptive,eas,2,adaptive,71,1,ok,e9201529e68a7f5180422fc60688ef185e5d27cc35e712b8ef09d84a7bf1ab81,l2-n8192-zipf-w2-s71-r1-measure-eas_k2_adaptive,1042,7150,62.807045,58.734497,16590.4955407,0.060275475048,20972,20972,3.632019,0.440403,4.550541,7.180997,0.852968,1.505663,0,0.582883,0.004824,8028,10306,24084,0,0,0,0,258464,0,0,0,49152,0,0,0,0,0,2329048,4.550541,6.92872,0.374862,43.238659,0,1.050295,53.654886,58.734497,0,0,0,0,250436
l2-n8192-zipf-w2,scale,2,8192,zipf,2,accept_static_degree,accept_static_degree,,greedy,71,1,ok,e9201529e68a7f5180422fc60688ef185e5d27cc35e712b8ef09d84a7bf1ab81,l2-n8192-zipf-w2-s71-r1-measure-accept_static_degree,1044,7148,12.75379,8.602396,81858.0202434,0.0122162739464,18980,18980,3.853095,0.297841,4.536788,7.594668,0.565257,1.531079,0,0.361847,0.00409,0,10798,24576,0,0,0,0,0,0,0,0,0,0,0,0,0,0,140888,4.536788,0,0,0.189876,0,0.032442,3.540521,8.602396,1.094731,0.908358,8192,11478,0
l2-n8192-zipf-w2,scale,2,8192,zipf,2,eas_k1_adaptive,eas,1,adaptive,71,2,ok,e9201529e68a7f5180422fc60688ef185e5d27cc35e712b8ef09d84a7bf1ab81,l2-n8192-zipf-w2-s71-r2-measure-eas_k1_adaptive,1043,7149,75.556785,71.322058,13804.1871422,0.0724417881112,20940,20940,3.714754,0.519762,4.537222,7.371857,1.022047,1.534444,0,0.724195,0.004795,8028,10306,24084,0,0,0,0,330694,0,0,0,49152,0,0,0,0,0,2329048,4.537222,6.942603,0.461838,55.450162,0,1.07955,66.257914,71.322058,0,0,0,0,322666
l2-n8192-zipf-w2,scale,2,8192,zipf,2,eas_k2_adaptive,eas,2,adaptive,71,2,ok,e9201529e68a7f5180422fc60688ef185e5d27cc35e712b8ef09d84a7bf1ab81,l2-n8192-zipf-w2-s71-r2-measure-eas_k2_adaptive,1042,7150,62.790226,58.752737,16594.9394735,0.0602593339731,20888,20888,3.589536,0.44765,4.471344,7.105968,0.878529,1.501079,0,0.596572,0.003711,8028,10306,24084,0,0,0,0,258464,0,0,0,49152,0,0,0,0,0,2329048,4.471344,6.963261,0.376808,43.282849,0,1.065537,53.757429,58.752737,0,0,0,0,250436
l2-n8192-zipf-w2,scale,2,8192,zipf,2,accept_static_degree,accept_static_degree,,greedy,71,2,ok,e9201529e68a7f5180422fc60688ef185e5d27cc35e712b8ef09d84a7bf1ab81,l2-n8192-zipf-w2-s71-r2-measure-accept_static_degree,1044,7148,12.828794,8.588234,81379.4344192,0.0122881168582,19068,19068,3.95368,0.286729,4.526484,7.791475,0.56464,1.514928,0,0.356213,0.004214,0,10798,24576,0,0,0,0,0,0,0,0,0,0,0,0,0,0,140888,4.526484,0,0,0.188662,0,0.031972,3.537833,8.588234,1.098998,0.89536,8192,11478,0
l2-n8192-zipf-w2,scale,2,8192,zipf,2,native,native,,native,71,2,ok,e9201529e68a7f5180422fc60688ef185e5d27cc35e712b8ef09d84a7bf1ab81,l2-n8192-zipf-w2-s71-r2-measure-native,538,7654,4.461538,0,120586.219371,0.00829282156134,18472,18472,3.792503,0.66898,0,7.481631,1.251141,1.548929,0.605435,0.158189,0.004278,8028,0,0,0,0,0,0,0,0,0,0,0,0,0,0,0,0,0,0,0,0,0,0,0,0,0,0,0,0,0,0
l2-n8192-zipf-w2,scale,2,8192,zipf,2,accept_id,accept_id,,greedy,71,2,ok,e9201529e68a7f5180422fc60688ef185e5d27cc35e712b8ef09d84a7bf1ab81,l2-n8192-zipf-w2-s71-r2-measure-accept_id,954,7238,10.598176,6.516132,90015.4894578,0.0111091991614,19064,19064,3.795248,0.286534,4.461935,7.498581,0.553843,1.563983,0,0.327854,0.003935,0,0,0,0,0,0,0,0,0,0,0,0,0,0,0,0,0,0,4.461935,0,0,0.18683,0,0.030502,1.533149,6.516132,0,0.006468,0,11134,0
l2-n8192-zipf-w2,scale,2,8192,zipf,2,native,native,,native,71,3,ok,e9201529e68a7f5180422fc60688ef185e5d27cc35e712b8ef09d84a7bf1ab81,l2-n8192-zipf-w2-s71-r3-measure-native,538,7654,4.401288,0,122236.945185,0.00818083271375,18612,18612,3.738748,0.662473,0,7.373917,1.240618,1.546851,0.602728,0.155022,0.004436,8028,0,0,0,0,0,0,0,0,0,0,0,0,0,0,0,0,0,0,0,0,0,0,0,0,0,0,0,0,0,0
l2-n8192-zipf-w2,scale,2,8192,zipf,2,accept_static_degree,accept_static_degree,,greedy,71,3,ok,e9201529e68a7f5180422fc60688ef185e5d27cc35e712b8ef09d84a7bf1ab81,l2-n8192-zipf-w2-s71-r3-measure-accept_static_degree,1044,7148,12.811705,8.666551,81487.9830592,0.0122717480843,19152,19152,3.849739,0.295229,4.56663,7.62615,0.56159,1.517654,0,0.362042,0.003847,0,10798,24576,0,0,0,0,0,0,0,0,0,0,0,0,0,0,140888,4.56663,0,0,0.189612,0,0.032033,3.558724,8.666551,1.099579,0.906223,8192,11478,0
l2-n8192-zipf-w2,scale,2,8192,zipf,2,accept_id,accept_id,,greedy,71,3,ok,e9201529e68a7f5180422fc60688ef185e5d27cc35e712b8ef09d84a7bf1ab81,l2-n8192-zipf-w2-s71-r3-measure-accept_id,954,7238,10.355704,6.396023,92123.1429558,0.0108550356394,19048,19048,3.699268,0.260269,4.363183,7.271257,0.510396,1.514638,0,0.298474,0.003575,0,0,0,0,0,0,0,0,0,0,0,0,0,0,0,0,0,0,4.363183,0,0,0.170372,0,0.029784,1.513792,6.396023,0,0.006445,0,11134,0
l2-n8192-zipf-w2,scale,2,8192,zipf,2,eas_k1_adaptive,eas,1,adaptive,71,3,ok,e9201529e68a7f5180422fc60688ef185e5d27cc35e712b8ef09d84a7bf1ab81,l2-n8192-zipf-w2-s71-r3-measure-eas_k1_adaptive,1043,7149,74.591701,70.657887,13982.7887824,0.0715164918504,20972,20972,3.636715,0.296908,4.389874,7.190676,0.577414,1.525136,0,0.345298,0.003733,8028,10306,24084,0,0,0,0,330694,0,0,0,49152,0,0,0,0,0,2329048,4.389874,6.812598,0.449505,55.123637,0,1.030546,65.74873,70.657887,0,0,0,0,322666
l2-n8192-zipf-w2,scale,2,8192,zipf,2,eas_k2_adaptive,eas,2,adaptive,71,3,ok,e9201529e68a7f5180422fc60688ef185e5d27cc35e712b8ef09d84a7bf1ab81,l2-n8192-zipf-w2-s71-r3-measure-eas_k2_adaptive,1042,7150,62.075799,58.114489,16785.9297308,0.0595737034549,20868,20868,3.666209,0.294931,4.358978,7.242241,0.575825,1.53017,0,0.343284,0.003442,8028,10306,24084,0,0,0,0,258464,0,0,0,49152,0,0,0,0,0,2329048,4.358978,6.687111,0.363983,43.101869,0,1.022866,53.237457,58.114489,0,0,0,0,250436
l2-n8192-zipf-w2,scale,2,8192,zipf,2,native,native,,native,101,1,ok,867f34599440504c590b82d2ab18b35e5de20280334af18eed936d9680e09807,l2-n8192-zipf-w2-s101-r1-measure-native,536,7656,4.285031,0,125086.609642,0.0079944608209,18460,18460,3.628572,0.656376,0,7.040475,1.220827,1.498964,0.600831,0.152415,0.00337,8036,0,0,0,0,0,0,0,0,0,0,0,0,0,0,0,0,0,0,0,0,0,0,0,0,0,0,0,0,0,0
l2-n8192-zipf-w2,scale,2,8192,zipf,2,eas_k1_adaptive,eas,1,adaptive,101,1,ok,867f34599440504c590b82d2ab18b35e5de20280334af18eed936d9680e09807,l2-n8192-zipf-w2-s101-r1-measure-eas_k1_adaptive,1015,7177,71.798135,67.912585,14136.8574546,0.0707370788177,21108,21108,3.617206,0.268194,4.31334,6.967043,0.505138,1.455179,0,0.318943,0.003572,8036,10218,24108,0,0,0,0,315253,0,0,0,49152,0,0,0,0,0,2330440,4.31334,6.711835,0.441007,52.57918,0,1.03048,63.08322,67.912585,0,0,0,0,307217
l2-n8192-zipf-w2,scale,2,8192,zipf,2,eas_k2_adaptive,eas,2,adaptive,101,1,ok,867f34599440504c590b82d2ab18b35e5de20280334af18eed936d9680e09807,l2-n8192-zipf-w2-s101-r1-measure-eas_k2_adaptive,1012,7180,60.023985,56.068838,16859.9269109,0.0593122381423,20656,20656,3.675456,0.279516,4.286115,7.119053,0.527497,1.496684,0,0.33587,0.004126,8036,10218,24108,0,0,0,0,246409,0,0,0,49152,0,0,0,0,0,2330440,4.286115,6.823866,0.360358,40.978639,0,1.032425,51.255698,56.068838,0,0,0,0,238373
l2-n8192-zipf-w2,scale,2,8192,zipf,2,accept_id,accept_id,,greedy,101,1,ok,867f34599440504c590b82d2ab18b35e5de20280334af18eed936d9680e09807,l2-n8192-zipf-w2-s101-r1-measure-accept_id,924,7268,10.309185,6.316616,89628.8115889,0.0111571266234,19060,19060,3.741442,0.25096,4.287252,7.242251,0.484045,1.498964,0,0.301794,0.003759,0,0,0,0,0,0,0,0,0,0,0,0,0,0,0,0,0,0,4.287252,0,0,0.161248,0,0.028995,1.515468,6.316616,0,0.007621,0,11048,0
l2-n8192-zipf-w2,scale,2,8192,zipf,2,accept_static_degree,accept_static_degree,,greedy,101,1,ok,867f34599440504c590b82d2ab18b35e5de20280334af18eed936d9680e09807,l2-n8192-zipf-w2-s101-r1-measure-accept_static_degree,1014,7178,12.296867,8.352242,82460.0282332,0.0121270877712,19148,19148,3.666402,0.278087,4.310096,7.060318,0.520396,1.481366,0,0.329694,0.00362,0,10686,24576,0,0,0,0,0,0,0,0,0,0,0,0,0,0,139536,4.310096,0,0,0.180359,0,0.031141,3.519019,8.352242,1.088977,0.908679,8192,11381,0
l2-n8192-zipf-w2,scale,2,8192,zipf,2,eas_k2_adaptive,eas,2,adaptive,101,2,ok,867f34599440504c590b82d2ab18b35e5de20280334af18eed936d9680e09807,l2-n8192-zipf-w2-s101-r2-measure-eas_k2_adaptive,1012,7180,59.973265,56.019587,16874.1855225,0.0592621195652,20712,20712,3.677213,0.276316,4.335056,7.131696,0.521722,1.521847,0,0.330744,0.003959,8036,10218,24108,0,0,0,0,246409,0,0,0,49152,0,0,0,0,0,2330440,4.335056,6.805864,0.362383,40.899122,0,1.032479,51.163623,56.019587,0,0,0,0,238373
l2-n8192-zipf-w2,scale,2,8192,zipf,2,accept_id,accept_id,,greedy,101,2,ok,867f34599440504c590b82d2ab18b35e5de20280334af18eed936d9680e09807,l2-n8192-zipf-w2-s101-r2-measure-accept_id,924,7268,10.249055,6.294588,90154.6532827,0.0110920508658,18980,18980,3.705071,0.24918,4.269553,7.194588,0.487376,1.501332,0,0.303617,0.003493,0,0,0,0,0,0,0,0,0,0,0,0,0,0,0,0,0,0,4.269553,0,0,0.161106,0,0.028836,1.511223,6.294588,0,0.007659,0,11048,0
l2-n8192-zipf-w2,scale,2,8192,zipf,2,eas_k1_adaptive,eas,1,adaptive,101,2,ok,867f34599440504c590b82d2ab18b35e5de20280334af18eed936d9680e09807,l2-n8192-zipf-w2-s101-r2-measure-eas_k1_adaptive,1015,7177,73.102283,68.778259,13884.655285,0.0720219536946,20912,20912,3.756606,0.567101,4.446841,7.330826,1.112774,1.482542,0,0.822739,0.00517,8036,10218,24108,0,0,0,0,315253,0,0,0,49152,0,0,0,0,0,2330440,4.446841,6.854977,0.481921,53.019437,0,1.113685,63.803357,68.778259,0,0,0,0,307217
l2-n8192-zipf-w2,scale,2,8192,zipf,2,accept_static_degree,accept_static_degree,,greedy,101,2,ok,867f34599440504c590b82d2ab18b35e5de20280334af18eed936d9680e09807,l2-n8192-zipf-w2-s101-r2-measure-accept_static_degree,1014,7178,12.630905,8.554743,80279.2832343,0.0124565138067,19128,19128,3.760024,0.315722,4.475767,7.343356,0.58724,1.49741,0,0.381294,0.004912,0,10686,24576,0,0,0,0,0,0,0,0,0,0,0,0,0,0,139536,4.475767,0,0,0.18428,0,0.030988,3.552647,8.554743,1.107837,0.905922,8192,11381,0
l2-n8192-zipf-w2,scale,2,8192,zipf,2,native,native,,native,101,2,ok,867f34599440504c590b82d2ab18b35e5de20280334af18eed936d9680e09807,l2-n8192-zipf-w2-s101-r2-measure-native,536,7656,4.451474,0,120409.554229,0.00830498880597,18452,18452,3.781743,0.669622,0,7.324803,1.241985,1.497991,0.603842,0.160019,0.013023,8036,0,0,0,0,0,0,0,0,0,0,0,0,0,0,0,0,0,0,0,0,0,0,0,0,0,0,0,0,0,0
l2-n8192-zipf-w2,scale,2,8192,zipf,2,eas_k1_adaptive,eas,1,adaptive,101,3,ok,867f34599440504c590b82d2ab18b35e5de20280334af18eed936d9680e09807,l2-n8192-zipf-w2-s101-r3-measure-eas_k1_adaptive,1015,7177,73.378178,69.065233,13832.4502961,0.0722937714286,20988,20988,3.748232,0.564277,4.384777,7.258447,1.105793,1.504757,0,0.813115,0.00471,8036,10218,24108,0,0,0,0,315253,0,0,0,49152,0,0,0,0,0,2330440,4.384777,6.917147,0.480924,53.314883,0,1.109828,64.155093,69.065233,0,0,0,0,307217
l2-n8192-zipf-w2,scale,2,8192,zipf,2,eas_k2_adaptive,eas,2,adaptive,101,3,ok,867f34599440504c590b82d2ab18b35e5de20280334af18eed936d9680e09807,l2-n8192-zipf-w2-s101-r3-measure-eas_k2_adaptive,1012,7180,61.072934,56.68286,16570.3517699,0.0603487490119,20836,20836,3.828148,0.561598,4.441823,7.384583,1.099278,1.520872,0,0.807922,0.005309,8036,10218,24108,0,0,0,0,246409,0,0,0,49152,0,0,0,0,0,2330440,4.441823,6.892438,0.393851,41.264219,0,1.103931,51.713052,56.68286,0,0,0,0,238373
l2-n8192-zipf-w2,scale,2,8192,zipf,2,accept_id,accept_id,,greedy,101,3,ok,867f34599440504c590b82d2ab18b35e5de20280334af18eed936d9680e09807,l2-n8192-zipf-w2-s101-r3-measure-accept_id,924,7268,10.491006,6.457736,88075.442908,0.0113539025974,19068,19068,3.725032,0.307929,4.420412,7.304001,0.604618,1.499116,0,0.392717,0.004648,0,0,0,0,0,0,0,0,0,0,0,0,0,0,0,0,0,0,4.420412,0,0,0.17323,0,0.028714,1.520434,6.457736,0,0.009305,0,11048,0
l2-n8192-zipf-w2,scale,2,8192,zipf,2,native,native,,native,101,3,ok,867f34599440504c590b82d2ab18b35e5de20280334af18eed936d9680e09807,l2-n8192-zipf-w2-s101-r3-measure-native,536,7656,4.397916,0,121875.906679,0.00820506716418,18604,18604,3.74365,0.65421,0,7.416228,1.218819,1.518891,0.59339,0.155204,0.004807,8036,0,0,0,0,0,0,0,0,0,0,0,0,0,0,0,0,0,0,0,0,0,0,0,0,0,0,0,0,0,0
l2-n8192-zipf-w2,scale,2,8192,zipf,2,accept_static_degree,accept_static_degree,,greedy,101,3,ok,867f34599440504c590b82d2ab18b35e5de20280334af18eed936d9680e09807,l2-n8192-zipf-w2-s101-r3-measure-accept_static_degree,1014,7178,13.137684,8.863289,77182.5536373,0.012956295858,19080,19080,3.967725,0.306497,4.72349,7.757527,0.562277,1.554683,0,0.357627,0.004368,0,10686,24576,0,0,0,0,0,0,0,0,0,0,0,0,0,0,139536,4.72349,0,0,0.190941,0,0.030854,3.592541,8.863289,1.13671,0.912101,8192,11381,0
l2-n8192-zipf-w4,scale,2,8192,zipf,4,accept_static_degree,accept_static_degree,,greedy,11,1,ok,b038024127384957304562722620f47f5710285ebacb3ebfba98f7e051ae8f0a,l2-n8192-zipf-w4-s11-r1-measure-accept_static_degree,1069,7123,11.610696,8.838899,92070.2772685,0.0108612684752,19112,19112,2.61183,0.159769,4.742885,10.197349,0.601259,1.754433,0,0.355815,0.004504,0,10725,24576,0,0,0,0,0,0,0,0,0,0,0,0,0,0,140096,4.742885,0,0,0.191874,0,0.036002,3.557964,8.838899,1.109513,0.895433,8192,11540,0
l2-n8192-zipf-w4,scale,2,8192,zipf,4,native,native,,native,11,1,ok,b038024127384957304562722620f47f5710285ebacb3ebfba98f7e051ae8f0a,l2-n8192-zipf-w4-s11-r1-measure-native,549,7643,3.041235,0,180518.769513,0.00553959016393,18248,18248,2.620829,0.420295,0,10.268513,1.453425,1.751546,0.556764,0.138261,0.003969,8028,0,0,0,0,0,0,0,0,0,0,0,0,0,0,0,0,0,0,0,0,0,0,0,0,0,0,0,0,0,0
l2-n8192-zipf-w4,scale,2,8192,zipf,4,eas_k1_adaptive,eas,1,adaptive,11,1,ok,b038024127384957304562722620f47f5710285ebacb3ebfba98f7e051ae8f0a,l2-n8192-zipf-w4-s11-r1-measure-eas_k1_adaptive,1067,7125,72.141793,69.191579,14790.3171744,0.0676118022493,20444,20444,2.695285,0.25475,4.660049,10.463989,1.003993,1.695443,0,0.660267,0.004881,8028,10233,24084,0,0,0,0,316908,0,0,0,49152,0,0,0,0,0,2330632,4.660049,7.077011,0.468092,53.017535,0,1.076729,63.985583,69.191579,0,0,0,0,308880
l2-n8192-zipf-w4,scale,2,8192,zipf,4,accept_id,accept_id,,greedy,11,1,ok,b038024127384957304562722620f47f5710285ebacb3ebfba98f7e051ae8f0a,l2-n8192-zipf-w4-s11-r1-measure-accept_id,960,7232,9.650461,6.87204,99477.1130623,0.0100525635417,19304,19304,2.641489,0.136753,4.795201,10.305369,0.521698,1.718067,0,0.297425,0.004243,0,0,0,0,0,0,0,0,0,0,0,0,0,0,0,0,0,0,4.795201,0,0,0.186699,0,0.031004,1.537983,6.87204,0,0.006459,0,11167,0
l2-n8192-zipf-w4,scale,2,8192,zipf,4,eas_k2_adaptive,eas,2,adaptive,11,1,ok,b038024127384957304562722620f47f5710285ebacb3ebfba98f7e051ae8f0a,l2-n8192-zipf-w4-s11-r1-measure-eas_k2_adaptive,1066,7126,60.355747,57.59841,17661.9469228,0.0566188996248,20268,20268,2.59362,0.163609,4.807841,10.071543,0.615545,1.695968,0,0.341518,0.004394,8028,10233,24084,0,0,0,0,248702,0,0,0,49152,0,0,0,0,0,2330632,4.807841,7.109315,0.377297,41.450007,0,1.219882,52.24689,57.59841,0,0,0,0,240674
l2-n8192-zipf-w4,scale,2,8192,zipf,4,accept_static_degree,accept_static_degree,,greedy,11,2,ok,b038024127384957304562722620f47f5710285ebacb3ebfba98f7e051ae8f0a,l2-n8192-zipf-w4-s11-r2-measure-accept_static_degree,1069,7123,11.447331,8.82636,93384.2133158,0.0107084480823,19064,19064,2.464873,0.155921,4.739076,9.719517,0.571587,1.799552,0,0.333649,0.004392,0,10725,24576,0,0,0,0,0,0,0,0,0,0,0,0,0,0,140096,4.739076,0,0,0.192167,0,0.032355,3.543095,8.82636,1.101005,0.900349,8192,11540,0
l2-n8192-zipf-w4,scale,2,8192,zipf,4,accept_id,accept_id,,greedy,11,2,ok,b038024127384957304562722620f47f5710285ebacb3ebfba98f7e051ae8f0a,l2-n8192-zipf-w4-s11-r2-measure-accept_id,960,7232,9.295777,6.655304,103272.701142,0.00968310104167,18956,18956,2.491797,0.148492,4.595271,9.676162,0.538233,1.821224,0,0.301773,0.004305,0,0,0,0,0,0,0,0,0,0,0,0,0,0,0,0,0,0,4.595271,0,0,0.184728,0,0.030469,1.533705,6.655304,0,0.00645,0,11167,0
l2-n8192-zipf-w4,scale,2,8192,zipf,4,eas_k2_adaptive,eas,2,adaptive,11,2,ok,b038024127384957304562722620f47f5710285ebacb3ebfba98f7e051ae8f0a,l2-n8192-zipf-w4-s11-r2-measure-eas_k2_adaptive,1066,7126,59.62013,57.06122,17879.8670852,0.0559288273921,20240,20240,2.401704,0.157056,4.484454,9.451922,0.597611,1.720046,0,0.338294,0.004127,8028,10233,24084,0,0,0,0,248702,0,0,0,49152,0,0,0,0,0,2330632,4.484454,7.038248,0.378472,41.481349,0,1.069612,52.048491,57.06122,0,0,0,0,240674
l2-n8192-zipf-w4,scale,2,8192,zipf,4,eas_k1_adaptive,eas,1,adaptive,11,2,ok,b038024127384957304562722620f47f5710285ebacb3ebfba98f7e051ae8f0a,l2-n8192-zipf-w4-s11-r2-measure-eas_k1_adaptive,1067,7125,71.417555,68.752437,14940.3042431,0.0669330412371,20528,20528,2.503654,0.161337,4.509996,9.804221,0.592693,1.762163,0,0.334176,0.004135,8028,10233,24084,0,0,0,0,316908,0,0,0,49152,0,0,0,0,0,2330632,4.509996,6.911796,0.457218,52.906538,0,1.087017,63.706051,68.752437,0,0,0,0,308880
l2-n8192-zipf-w4,scale,2,8192,zipf,4,native,native,,native,11,2,ok,b038024127384957304562722620f47f5710285ebacb3ebfba98f7e051ae8f0a,l2-n8192-zipf-w4-s11-r2-measure-native,549,7643,2.902327,0,189158.561389,0.0052865701275,18264,18264,2.460612,0.441656,0,9.682888,1.430753,1.785225,0.560184,0.138669,0.004194,8028,0,0,0,0,0,0,0,0,0,0,0,0,0,0,0,0,0,0,0,0,0,0,0,0,0,0,0,0,0,0
l2-n8192-zipf-w4,scale,2,8192,zipf,4,eas_k2_adaptive,eas,2,adaptive,11,3,ok,b038024127384957304562722620f47f5710285ebacb3ebfba98f7e051ae8f0a,l2-n8192-zipf-w4-s11-r3-measure-eas_k2_adaptive,1066,7126,59.630611,57.070575,17876.7244226,0.0559386594747,20396,20396,2.401731,0.158174,4.564602,9.371301,0.590066,1.69263,0,0.333421,0.004588,8028,10233,24084,0,0,0,0,248702,0,0,0,49152,0,0,0,0,0,2330632,4.564602,6.99012,0.377443,41.409789,0,1.098105,51.976694,57.070575,0,0,0,0,240674
l2-n8192-zipf-w4,scale,2,8192,zipf,4,accept_id,accept_id,,greedy,11,3,ok,b038024127384957304562722620f47f5710285ebacb3ebfba98f7e051ae8f0a,l2-n8192-zipf-w4-s11-r3-measure-accept_id,960,7232,9.215331,6.575413,104174.228793,0.009599303125,19012,19012,2.501387,0.138354,4.546287,9.760488,0.528893,1.79035,0,0.30023,0.003714,0,0,0,0,0,0,0,0,0,0,0,0,0,0,0,0,0,0,4.546287,0,0,0.166023,0,0.030415,1.510392,6.575413,0,0.006448,0,11167,0
l2-n8192-zipf-w4,scale,2,8192,zipf,4,accept_static_degree,accept_static_degree,,greedy,11,3,ok,b038024127384957304562722620f47f5710285ebacb3ebfba98f7e051ae8f0a,l2-n8192-zipf-w4-s11-r3-measure-accept_static_degree,1069,7123,11.293662,8.670826,94654.8603987,0.0105646978485,19188,19188,2.476471,0.146211,4.506326,9.610279,0.566946,1.740381,0,0.330074,0.003998,0,10725,24576,0,0,0,0,0,0,0,0,0,0,0,0,0,0,140096,4.506326,0,0,0.18838,0,0.031965,3.634391,8.670826,1.088392,0.90941,8192,11540,0
l2-n8192-zipf-w4,scale,2,8192,zipf,4,native,native,,native,11,3,ok,b038024127384957304562722620f47f5710285ebacb3ebfba98f7e051ae8f0a,l2-n8192-zipf-w4-s11-r3-measure-native,549,7643,2.969926,0,184853.090616,0.00540970127505,18188,18188,2.518599,0.451236,0,9.781823,1.480318,1.747175,0.575588,0.138692,0.00408,8028,0,0,0,0,0,0,0,0,0,0,0,0,0,0,0,0,0,0,0,0,0,0,0,0,0,0,0,0,0,0
l2-n8192-zipf-w4,scale,2,8192,zipf,4,eas_k1_adaptive,eas,1,adaptive,11,3,ok,b038024127384957304562722620f47f5710285ebacb3ebfba98f7e051ae8f0a,l2-n8192-zipf-w4-s11-r3-measure-eas_k1_adaptive,1067,7125,71.344892,68.763125,14955.5205718,0.066864940956,20472,20472,2.418725,0.162863,4.534717,9.501423,0.60364,1.725275,0,0.34074,0.004799,8028,10233,24084,0,0,0,0,316908,0,0,0,49152,0,0,0,0,0,2330632,4.534717,6.955451,0.450137,52.913837,0,1.042507,63.698136,68.763125,0,0,0,0,308880
l2-n8192-zipf-w4,scale,2,8192,zipf,4,native,native,,native,29,1,ok,026c02dbc84f6e52ece4fc39d02dd635c5e3561190c6c97004d583909599c7dd,l2-n8192-zipf-w4-s29-r1-measure-native,519,7673,2.873137,0,180638.793068,0.00553590944123,18024,18024,2.472208,0.400821,0,9.677397,1.320948,1.701605,0.516397,0.125151,0.004407,8047,0,0,0,0,0,0,0,0,0,0,0,0,0,0,0,0,0,0,0,0,0,0,0,0,0,0,0,0,0,0
l2-n8192-zipf-w4,scale,2,8192,zipf,4,accept_static_degree,accept_static_degree,,greedy,29,1,ok,026c02dbc84f6e52ece4fc39d02dd635c5e3561190c6c97004d583909599c7dd,l2-n8192-zipf-w4-s29-r1-measure-accept_static_degree,1015,7177,11.075612,8.510066,91642.7913871,0.0109119330049,19360,19360,2.41822,0.147164,4.45119,9.385422,0.5477,1.764845,0,0.316377,0.003819,0,10732,24576,0,0,0,0,0,0,0,0,0,0,0,0,0,0,140032,4.45119,0,0,0.188882,0,0.030323,3.528588,8.510066,1.07977,0.911671,8192,11377,0
l2-n8192-zipf-w4,scale,2,8192,zipf,4,eas_k1_adaptive,eas,1,adaptive,29,1,ok,026c02dbc84f6e52ece4fc39d02dd635c5e3561190c6c97004d583909599c7dd,l2-n8192-zipf-w4-s29-r1-measure-eas_k1_adaptive,1013,7179,70.762709,68.145607,14315.4496813,0.0698545992103,20544,20544,2.464716,0.152204,4.465096,9.670362,0.567728,1.713924,0,0.322544,0.003677,8047,10297,24141,0,0,0,0,317028,0,0,0,49152,0,0,0,0,0,2327792,4.465096,6.973462,0.446474,52.344952,0,1.033644,63.155824,68.145607,0,0,0,0,308981
l2-n8192-zipf-w4,scale,2,8192,zipf,4,accept_id,accept_id,,greedy,29,1,ok,026c02dbc84f6e52ece4fc39d02dd635c5e3561190c6c97004d583909599c7dd,l2-n8192-zipf-w4-s29-r1-measure-accept_id,928,7264,9.229072,6.629499,100551.821462,0.00994512068966,19228,19228,2.462095,0.137324,4.569516,9.616262,0.507872,1.738359,0,0.289326,0.004481,0,0,0,0,0,0,0,0,0,0,0,0,0,0,0,0,0,0,4.569516,0,0,0.164861,0,0.0292,1.535519,6.629499,0,0.007693,0,11048,0
l2-n8192-zipf-w4,scale,2,8192,zipf,4,eas_k2_adaptive,eas,2,adaptive,29,1,ok,026c02dbc84f6e52ece4fc39d02dd635c5e3561190c6c97004d583909599c7dd,l2-n8192-zipf-w4-s29-r1-measure-eas_k2_adaptive,1010,7182,58.891543,56.270761,17150.1704413,0.0583084584158,20192,20192,2.468076,0.152523,4.485305,9.601679,0.569562,1.706079,0,0.328396,0.004525,8047,10297,24141,0,0,0,0,246236,0,0,0,49152,0,0,0,0,0,2327792,4.485305,6.998792,0.359617,40.74314,0,1.056104,51.258242,56.270761,0,0,0,0,238189
l2-n8192-zipf-w4,scale,2,8192,zipf,4,accept_id,accept_id,,greedy,29,2,ok,026c02dbc84f6e52ece4fc39d02dd635c5e3561190c6c97004d583909599c7dd,l2-n8192-zipf-w4-s29-r2-measure-accept_id,928,7264,9.217634,6.65834,100676.594449,0.00993279525862,18924,18924,2.41992,0.139228,4.612382,9.411528,0.51771,1.803119,0,0.288368,0.004059,0,0,0,0,0,0,0,0,0,0,0,0,0,0,0,0,0,0,4.612382,0,0,0.167567,0,0.029005,1.525186,6.65834,0,0.006469,0,11048,0
l2-n8192-zipf-w4,scale,2,8192,zipf,4,accept_static_degree,accept_static_degree,,greedy,29,2,ok,026c02dbc84f6e52ece4fc39d02dd635c5e3561190c6c97004d583909599c7dd,l2-n8192-zipf-w4-s29-r2-measure-accept_static_degree,1015,7177,11.173865,8.538309,90836.9664391,0.0110087339901,19044,19044,2.489514,0.145895,4.46488,9.770212,0.542692,1.787008,0,0.30886,0.004042,0,10732,24576,0,0,0,0,0,0,0,0,0,0,0,0,0,0,140032,4.46488,0,0,0.188378,0,0.033974,3.542991,8.538309,1.090852,0.909803,8192,11377,0
l2-n8192-zipf-w4,scale,2,8192,zipf,4,native,native,,native,29,2,ok,026c02dbc84f6e52ece4fc39d02dd635c5e3561190c6c97004d583909599c7dd,l2-n8192-zipf-w4-s29-r2-measure-native,519,7673,2.854654,0,181808.373274,0.00550029672447,18192,18192,2.451616,0.40298,0,9.588455,1.406799,1.781167,0.549895,0.128947,0.003955,8047,0,0,0,0,0,0,0,0,0,0,0,0,0,0,0,0,0,0,0,0,0,0,0,0,0,0,0,0,0,0
l2-n8192-zipf-w4,scale,2,8192,zipf,4,eas_k2_adaptive,eas,2,adaptive,29,2,ok,026c02dbc84f6e52ece4fc39d02dd635c5e3561190c6c97004d583909599c7dd,l2-n8192-zipf-w4-s29-r2-measure-eas_k2_adaptive,1010,7182,59.145057,56.593242,17076.6595085,0.0585594623762,20264,20264,2.403619,0.148049,4.563904,9.380955,0.551592,1.688095,0,0.311836,0.004388,8047,10297,24141,0,0,0,0,246236,0,0,0,49152,0,0,0,0,0,2327792,4.563904,7.012192,0.367194,40.913,0,1.076025,51.498368,56.593242,0,0,0,0,238189
l2-n8192-zipf-w4,scale,2,8192,zipf,4,eas_k1_adaptive,eas,1,adaptive,29,2,ok,026c02dbc84f6e52ece4fc39d02dd635c5e3561190c6c97004d583909599c7dd,l2-n8192-zipf-w4-s29-r2-measure-eas_k1_adaptive,1013,7179,71.315718,68.630154,14204.4422802,0.0704005113524,20352,20352,2.512711,0.172696,4.551501,9.814446,0.635905,1.806381,0,0.374933,0.004338,8047,10297,24141,0,0,0,0,317028,0,0,0,49152,0,0,0,0,0,2327792,4.551501,7.029378,0.444158,52.63771,0,1.065303,63.549726,68.630154,0,0,0,0,308981
l2-n8192-zipf-w4,scale,2,8192,zipf,4,eas_k2_adaptive,eas,2,adaptive,29,3,ok,026c02dbc84f6e52ece4fc39d02dd635c5e3561190c6c97004d583909599c7dd,l2-n8192-zipf-w4-s29-r3-measure-eas_k2_adaptive,1010,7182,59.29592,56.717122,17033.2124031,0.0587088316832,20048,20048,2.427945,0.150765,4.566341,9.537514,0.556992,1.809486,0,0.314487,0.00386,8047,10297,24141,0,0,0,0,246236,0,0,0,49152,0,0,0,0,0,2327792,4.566341,7.08486,0.36589,40.905968,0,1.072675,51.620323,56.717122,0,0,0,0,238189
l2-n8192-zipf-w4,scale,2,8192,zipf,4,eas_k1_adaptive,eas,1,adaptive,29,3,ok,026c02dbc84f6e52ece4fc39d02dd635c5e3561190c6c97004d583909599c7dd,l2-n8192-zipf-w4-s29-r3-measure-eas_k1_adaptive,1013,7179,70.738415,68.105078,14320.3660981,0.0698306169793,20416,20416,2.483662,0.149476,4.49467,9.678571,0.5593,1.702466,0,0.320354,0.003855,8047,10297,24141,0,0,0,0,317028,0,0,0,49152,0,0,0,0,0,2327792,4.49467,7.01289,0.450143,52.171577,0,1.061531,63.083343,68.105078,0,0,0,0,308981
l2-n8192-zipf-w4,scale,2,8192,zipf,4,native,native,,native,29,3,ok,026c02dbc84f6e52ece4fc39d02dd635c5e3561190c6c97004d583909599c7dd,l2-n8192-zipf-w4-s29-r3-measure-native,519,7673,2.943142,0,176342.154065,0.0056707938343,18192,18192,2.504141,0.438914,0,9.745407,1.41329,1.763032,0.553652,0.126277,0.004181,8047,0,0,0,0,0,0,0,0,0,0,0,0,0,0,0,0,0,0,0,0,0,0,0,0,0,0,0,0,0,0
l2-n8192-zipf-w4,scale,2,8192,zipf,4,accept_static_degree,accept_static_degree,,greedy,29,3,ok,026c02dbc84f6e52ece4fc39d02dd635c5e3561190c6c97004d583909599c7dd,l2-n8192-zipf-w4-s29-r3-measure-accept_static_degree,1015,7177,11.279491,8.651582,89986.3300569,0.0111127990148,19240,19240,2.480966,0.14672,4.482201,9.684032,0.545128,1.740907,0,0.315928,0.004351,0,10732,24576,0,0,0,0,0,0,0,0,0,0,0,0,0,0,140032,4.482201,0,0,0.183805,0,0.030681,3.628361,8.651582,1.086332,0.911919,8192,11377,0
l2-n8192-zipf-w4,scale,2,8192,zipf,4,accept_id,accept_id,,greedy,29,3,ok,026c02dbc84f6e52ece4fc39d02dd635c5e3561190c6c97004d583909599c7dd,l2-n8192-zipf-w4-s29-r3-measure-accept_id,928,7264,9.111675,6.512523,101847.355179,0.00981861530172,19024,19024,2.458503,0.140446,4.483841,9.618701,0.521766,1.748377,0,0.292913,0.004464,0,0,0,0,0,0,0,0,0,0,0,0,0,0,0,0,0,0,4.483841,0,0,0.164431,0,0.02963,1.512843,6.512523,0,0.006451,0,11048,0
l2-n8192-zipf-w4,scale,2,8192,zipf,4,accept_id,accept_id,,greedy,47,1,ok,0251195efcb8b7412a4a3fccf590479cb204ab5359cc00a8c8ec960a88b7db60,l2-n8192-zipf-w4-s47-r1-measure-accept_id,936,7256,9.13173,6.525549,102499.745393,0.00975612179487,19144,19144,2.459883,0.146123,4.468042,9.606928,0.527859,1.700697,0,0.294524,0.003957,0,0,0,0,0,0,0,0,0,0,0,0,0,0,0,0,0,0,4.468042,0,0,0.16605,0,0.028977,1.512779,6.525549,0,0.006452,0,11102,0
l2-n8192-zipf-w4,scale,2,8192,zipf,4,native,native,,native,47,1,ok,0251195efcb8b7412a4a3fccf590479cb204ab5359cc00a8c8ec960a88b7db60,l2-n8192-zipf-w4-s47-r1-measure-native,562,7630,2.864028,0,196227.131858,0.00509613523132,18264,18264,2.456367,0.407614,0,9.554092,1.426565,1.787623,0.564132,0.140171,0.004574,8021,0,0,0,0,0,0,0,0,0,0,0,0,0,0,0,0,0,0,0,0,0,0,0,0,0,0,0,0,0,0
l2-n8192-zipf-w4,scale,2,8192,zipf,4,eas_k2_adaptive,eas,2,adaptive,47,1,ok,0251195efcb8b7412a4a3fccf590479cb204ab5359cc00a8c8ec960a88b7db60,l2-n8192-zipf-w4-s47-r1-measure-eas_k2_adaptive,1038,7154,59.484867,56.8685,17449.8162701,0.0573071936416,20232,20232,2.436947,0.179245,4.505273,9.537051,0.679157,1.828404,0,0.410597,0.00388,8021,10137,24063,0,0,0,0,248218,0,0,0,49152,0,0,0,0,0,2327000,4.505273,6.83799,0.363568,41.517328,0,1.045714,51.835921,56.8685,0,0,0,0,240197
l2-n8192-zipf-w4,scale,2,8192,zipf,4,accept_static_degree,accept_static_degree,,greedy,47,1,ok,0251195efcb8b7412a4a3fccf590479cb204ab5359cc00a8c8ec960a88b7db60,l2-n8192-zipf-w4-s47-r1-measure-accept_static_degree,1042,7150,11.308006,8.598471,92147.1035654,0.0108522130518,19372,19372,2.563679,0.145696,4.554485,9.980599,0.551529,1.745093,0,0.320849,0.004608,0,10650,24576,0,0,0,0,0,0,0,0,0,0,0,0,0,0,138800,4.554485,0,0,0.18063,0,0.031793,3.509061,8.598471,1.082009,0.905356,8192,11464,0
l2-n8192-zipf-w4,scale,2,8192,zipf,4,eas_k1_adaptive,eas,1,adaptive,47,1,ok,0251195efcb8b7412a4a3fccf590479cb204ab5359cc00a8c8ec960a88b7db60,l2-n8192-zipf-w4-s47-r1-measure-eas_k1_adaptive,1041,7151,71.479182,68.843353,14563.680933,0.0686639596542,20488,20488,2.480199,0.155486,4.443533,9.619862,0.587816,1.722222,0,0.335087,0.003979,8021,10137,24063,0,0,0,0,318352,0,0,0,49152,0,0,0,0,0,2327000,4.443533,6.861795,0.449175,53.158953,0,1.04313,63.871992,68.843353,0,0,0,0,310331
l2-n8192-zipf-w4,scale,2,8192,zipf,4,native,native,,native,47,2,ok,0251195efcb8b7412a4a3fccf590479cb204ab5359cc00a8c8ec960a88b7db60,l2-n8192-zipf-w4-s47-r2-measure-native,562,7630,2.873622,0,195571.999379,0.00511320640569,18176,18176,2.477183,0.396348,0,9.758165,1.359246,1.777704,0.538796,0.133469,0.004037,8021,0,0,0,0,0,0,0,0,0,0,0,0,0,0,0,0,0,0,0,0,0,0,0,0,0,0,0,0,0,0
l2-n8192-zipf-w4,scale,2,8192,zipf,4,accept_id,accept_id,,greedy,47,2,ok,0251195efcb8b7412a4a3fccf590479cb204ab5359cc00a8c8ec960a88b7db60,l2-n8192-zipf-w4-s47-r2-measure-accept_id,936,7256,9.149134,6.549342,102304.764582,0.00977471581197,18980,18980,2.465155,0.134466,4.519007,9.62142,0.505376,1.732937,0,0.291571,0.004485,0,0,0,0,0,0,0,0,0,0,0,0,0,0,0,0,0,0,4.519007,0,0,0.166019,0,0.02977,1.508401,6.549342,0,0.006452,0,11102,0
l2-n8192-zipf-w4,scale,2,8192,zipf,4,eas_k1_adaptive,eas,1,adaptive,47,2,ok,0251195efcb8b7412a4a3fccf590479cb204ab5359cc00a8c8ec960a88b7db60,l2-n8192-zipf-w4-s47-r2-measure-eas_k1_adaptive,1041,7151,71.304527,68.724744,14599.3535586,0.0684961834774,20528,20528,2.425235,0.154428,4.444887,9.401559,0.583594,1.721492,0,0.332777,0.004455,8021,10137,24063,0,0,0,0,318352,0,0,0,49152,0,0,0,0,0,2327000,4.444887,6.894007,0.4487,53.008436,0,1.041626,63.747442,68.724744,0,0,0,0,310331
l2-n8192-zipf-w4,scale,2,8192,zipf,4,eas_k2_adaptive,eas,2,adaptive,47,2,ok,0251195efcb8b7412a4a3fccf590479cb204ab5359cc00a8c8ec960a88b7db60,l2-n8192-zipf-w4-s47-r2-measure-eas_k2_adaptive,1038,7154,59.713076,57.044745,17383.1272735,0.0575270481696,20408,20408,2.513674,0.154466,4.533991,9.847046,0.5827,1.758684,0,0.331309,0.004223,8021,10137,24063,0,0,0,0,248218,0,0,0,49152,0,0,0,0,0,2327000,4.533991,6.921423,0.373379,41.543577,0,1.067054,51.981271,57.044745,0,0,0,0,240197
l2-n8192-zipf-w4,scale,2,8192,zipf,4,accept_static_degree,accept_static_degree,,greedy,47,2,ok,0251195efcb8b7412a4a3fccf590479cb204ab5359cc00a8c8ec960a88b7db60,l2-n8192-zipf-w4-s47-r2-measure-accept_static_degree,1042,7150,11.221777,8.577457,92855.1690165,0.0107694596929,19064,19064,2.498943,0.145267,4.524281,9.633277,0.564312,1.8031,0,0.328617,0.004057,0,10650,24576,0,0,0,0,0,0,0,0,0,0,0,0,0,0,138800,4.524281,0,0,0.17869,0,0.031442,3.523582,8.577457,1.085028,0.910484,8192,11464,0
l2-n8192-zipf-w4,scale,2,8192,zipf,4,accept_static_degree,accept_static_degree,,greedy,47,3,ok,0251195efcb8b7412a4a3fccf590479cb204ab5359cc00a8c8ec960a88b7db60,l2-n8192-zipf-w4-s47-r3-measure-accept_static_degree,1042,7150,11.152692,8.514593,93430.357442,0.010703159309,19220,19220,2.491917,0.146001,4.460188,9.667957,0.56205,1.799502,0,0.325081,0.003958,0,10650,24576,0,0,0,0,0,0,0,0,0,0,0,0,0,0,138800,4.460188,0,0,0.185573,0,0.031888,3.523188,8.514593,1.077426,0.909563,8192,11464,0
l2-n8192-zipf-w4,scale,2,8192,zipf,4,eas_k2_adaptive,eas,2,adaptive,47,3,ok,0251195efcb8b7412a4a3fccf590479cb204ab5359cc00a8c8ec960a88b7db60,l2-n8192-zipf-w4-s47-r3-measure-eas_k2_adaptive,1038,7154,59.561105,56.926921,17427.4805681,0.0573806406551,20208,20208,2.480228,0.153773,4.506613,9.710668,0.578421,1.781515,0,0.327379,0.004401,8021,10137,24063,0,0,0,0,248218,0,0,0,49152,0,0,0,0,0,2327000,4.506613,6.816442,0.365639,41.576167,0,1.059549,51.893383,56.926921,0,0,0,0,240197
l2-n8192-zipf-w4,scale,2,8192,zipf,4,native,native,,native,47,3,ok,0251195efcb8b7412a4a3fccf590479cb204ab5359cc00a8c8ec960a88b7db60,l2-n8192-zipf-w4-s47-r3-measure-native,562,7630,2.999792,0,187346.322678,0.00533770818505,18192,18192,2.541627,0.458076,0,9.894216,1.499373,1.831868,0.586048,0.143849,0.003867,8021,0,0,0,0,0,0,0,0,0,0,0,0,0,0,0,0,0,0,0,0,0,0,0,0,0,0,0,0,0,0
l2-n8192-zipf-w4,scale,2,8192,zipf,4,accept_id,accept_id,,greedy,47,3,ok,0251195efcb8b7412a4a3fccf590479cb204ab5359cc00a8c8ec960a88b7db60,l2-n8192-zipf-w4-s47-r3-measure-accept_id,936,7256,9.14208,6.505828,102383.702615,0.00976717948718,19156,19156,2.495097,0.141,4.442112,9.691596,0.519473,1.793322,0,0.2952,0.004401,0,0,0,0,0,0,0,0,0,0,0,0,0,0,0,0,0,0,4.442112,0,0,0.1845,0,0.029542,1.543683,6.505828,0,0.007629,0,11102,0
l2-n8192-zipf-w4,scale,2,8192,zipf,4,eas_k1_adaptive,eas,1,adaptive,47,3,ok,0251195efcb8b7412a4a3fccf590479cb204ab5359cc00a8c8ec960a88b7db60,l2-n8192-zipf-w4-s47-r3-measure-eas_k1_adaptive,1041,7151,71.503976,68.79547,14558.6309774,0.0686877771374,20528,20528,2.552084,0.156241,4.456707,9.87107,0.584815,1.722293,0,0.334772,0.003513,8021,10137,24063,0,0,0,0,318352,0,0,0,49152,0,0,0,0,0,2327000,4.456707,6.852717,0.444594,53.125272,0,1.04892,63.809017,68.79547,0,0,0,0,310331
l2-n8192-zipf-w4,scale,2,8192,zipf,4,accept_static_degree,accept_static_degree,,greedy,71,1,ok,e9201529e68a7f5180422fc60688ef185e5d27cc35e712b8ef09d84a7bf1ab81,l2-n8192-zipf-w4-s71-r1-measure-accept_static_degree,1044,7148,11.295645,8.698814,92425.0009628,0.0108195833333,19184,19184,2.450145,0.146507,4.605846,9.443707,0.551834,1.704575,0,0.320929,0.004034,0,10798,24576,0,0,0,0,0,0,0,0,0,0,0,0,0,0,140888,4.605846,0,0,0.192848,0,0.031544,3.559983,8.698814,1.085253,0.905869,8192,11478,0
l2-n8192-zipf-w4,scale,2,8192,zipf,4,native,native,,native,71,1,ok,e9201529e68a7f5180422fc60688ef185e5d27cc35e712b8ef09d84a7bf1ab81,l2-n8192-zipf-w4-s71-r1-measure-native,538,7654,2.933403,0,183404.735047,0.00545242193309,18124,18124,2.499376,0.43393,0,9.751481,1.429588,1.716267,0.573326,0.134957,0.004514,8028,0,0,0,0,0,0,0,0,0,0,0,0,0,0,0,0,0,0,0,0,0,0,0,0,0,0,0,0,0,0
l2-n8192-zipf-w4,scale,2,8192,zipf,4,eas_k1_adaptive,eas,1,adaptive,71,1,ok,e9201529e68a7f5180422fc60688ef185e5d27cc35e712b8ef09d84a7bf1ab81,l2-n8192-zipf-w4-s71-r1-measure-eas_k1_adaptive,1043,7149,74.114594,71.465858,14072.80191,0.07105905465,20504,20504,2.498081,0.150467,4.553998,9.778697,0.571168,1.779269,0,0.325384,0.00396,8028,10306,24084,0,0,0,0,330694,0,0,0,49152,0,0,0,0,0,2329048,4.553998,6.973999,0.449615,55.543382,0,1.063684,66.383586,71.465858,0,0,0,0,322666
l2-n8192-zipf-w4,scale,2,8192,zipf,4,eas_k2_adaptive,eas,2,adaptive,71,1,ok,e9201529e68a7f5180422fc60688ef185e5d27cc35e712b8ef09d84a7bf1ab81,l2-n8192-zipf-w4-s71-r1-measure-eas_k2_adaptive,1042,7150,61.41952,58.756981,16965.2905135,0.0589438771593,20528,20528,2.509043,0.153265,4.488268,9.877223,0.56036,1.804541,0,0.320809,0.003943,8028,10306,24084,0,0,0,0,258464,0,0,0,49152,0,0,0,0,0,2329048,4.488268,7.020534,0.36649,43.21846,0,1.068547,53.740329,58.756981,0,0,0,0,250436
l2-n8192-zipf-w4,scale,2,8192,zipf,4,accept_id,accept_id,,greedy,71,1,ok,e9201529e68a7f5180422fc60688ef185e5d27cc35e712b8ef09d84a7bf1ab81,l2-n8192-zipf-w4-s71-r1-measure-accept_id,954,7238,9.261939,6.59281,103002.18993,0.00970853144654,18976,18976,2.525131,0.143836,4.557644,9.950836,0.531893,1.746872,0,0.301171,0.004438,0,0,0,0,0,0,0,0,0,0,0,0,0,0,0,0,0,0,4.557644,0,0,0.164156,0,0.029754,1.510908,6.59281,0,0.007776,0,11134,0
l2-n8192-zipf-w4,scale,2,8192,zipf,4,accept_id,accept_id,,greedy,71,2,ok,e9201529e68a7f5180422fc60688ef185e5d27cc35e712b8ef09d84a7bf1ab81,l2-n8192-zipf-w4-s71-r2-measure-accept_id,954,7238,9.20029,6.657832,103692.38361,0.00964390985325,19032,19032,2.402194,0.140105,4.527965,9.431408,0.526638,1.741506,0,0.298757,0.004506,0,0,0,0,0,0,0,0,0,0,0,0,0,0,0,0,0,0,4.527965,0,0,0.165831,0,0.029761,1.610751,6.657832,0,0.006457,0,11134,0
l2-n8192-zipf-w4,scale,2,8192,zipf,4,eas_k2_adaptive,eas,2,adaptive,71,2,ok,e9201529e68a7f5180422fc60688ef185e5d27cc35e712b8ef09d84a7bf1ab81,l2-n8192-zipf-w4-s71-r2-measure-eas_k2_adaptive,1042,7150,61.200985,58.647741,17025.8697634,0.0587341506718,20540,20540,2.40294,0.150162,4.493021,9.493584,0.562602,1.697596,0,0.320211,0.004077,8028,10306,24084,0,0,0,0,258464,0,0,0,49152,0,0,0,0,0,2329048,4.493021,7.015813,0.367749,43.089435,0,1.070644,53.626098,58.647741,0,0,0,0,250436
l2-n8192-zipf-w4,scale,2,8192,zipf,4,eas_k1_adaptive,eas,1,adaptive,71,2,ok,e9201529e68a7f5180422fc60688ef185e5d27cc35e712b8ef09d84a7bf1ab81,l2-n8192-zipf-w4-s71-r2-measure-eas_k1_adaptive,1043,7149,74.035855,71.419192,14087.7686899,0.0709835618408,20656,20656,2.461828,0.15472,4.573492,9.62255,0.587081,1.781027,0,0.325476,0.004387,8028,10306,24084,0,0,0,0,330694,0,0,0,49152,0,0,0,0,0,2329048,4.573492,7.100288,0.446017,55.363824,0,1.080763,66.318459,71.419192,0,0,0,0,322666
l2-n8192-zipf-w4,scale,2,8192,zipf,4,accept_static_degree,accept_static_degree,,greedy,71,2,ok,e9201529e68a7f5180422fc60688ef185e5d27cc35e712b8ef09d84a7bf1ab81,l2-n8192-zipf-w4-s71-r2-measure-accept_static_degree,1044,7148,11.133757,8.56883,93768.8868187,0.0106645181992,19304,19304,2.41679,0.147978,4.505403,9.40412,0.563167,1.804951,0,0.327921,0.004116,0,10798,24576,0,0,0,0,0,0,0,0,0,0,0,0,0,0,140888,4.505403,0,0,0.188346,0,0.031544,3.535115,8.56883,1.089021,0.897385,8192,11478,0
l2-n8192-zipf-w4,scale,2,8192,zipf,4,native,native,,native,71,2,ok,e9201529e68a7f5180422fc60688ef185e5d27cc35e712b8ef09d84a7bf1ab81,l2-n8192-zipf-w4-s71-r2-measure-native,538,7654,2.764812,0,194588.275803,0.00513905576208,18152,18152,2.360515,0.404229,0,9.184476,1.423884,1.759964,0.570705,0.135287,0.003867,8028,0,0,0,0,0,0,0,0,0,0,0,0,0,0,0,0,0,0,0,0,0,0,0,0,0,0,0,0,0,0
l2-n8192-zipf-w4,scale,2,8192,zipf,4,accept_static_degree,accept_static_degree,,greedy,71,3,ok,e9201529e68a7f5180422fc60688ef185e5d27cc35e712b8ef09d84a7bf1ab81,l2-n8192-zipf-w4-s71-r3-measure-accept_static_degree,1044,7148,11.335139,8.697802,92102.9728881,0.0108574128352,19256,19256,2.490065,0.147089,4.591611,9.738484,0.561525,1.768599,0,0.325964,0.004139,0,10798,24576,0,0,0,0,0,0,0,0,0,0,0,0,0,0,140888,4.591611,0,0,0.190885,0,0.032264,3.575336,8.697802,1.105883,0.904054,8192,11478,0
l2-n8192-zipf-w4,scale,2,8192,zipf,4,accept_id,accept_id,,greedy,71,3,ok,e9201529e68a7f5180422fc60688ef185e5d27cc35e712b8ef09d84a7bf1ab81,l2-n8192-zipf-w4-s71-r3-measure-accept_id,954,7238,9.550516,6.921184,99889.8907661,0.0100110230608,19120,19120,2.454534,0.174626,4.8646,9.693249,0.577322,1.771611,0,0.346284,0.004296,0,0,0,0,0,0,0,0,0,0,0,0,0,0,0,0,0,0,4.8646,0,0,0.183963,0,0.029567,1.53542,6.921184,0,0.006444,0,11134,0
l2-n8192-zipf-w4,scale,2,8192,zipf,4,eas_k1_adaptive,eas,1,adaptive,71,3,ok,e9201529e68a7f5180422fc60688ef185e5d27cc35e712b8ef09d84a7bf1ab81,l2-n8192-zipf-w4-s71-r3-measure-eas_k1_adaptive,1043,7149,73.845319,71.266901,14124.1180094,0.0708008811122,20524,20524,2.423688,0.154561,4.54956,9.516583,0.574782,1.770605,0,0.331291,0.003907,8028,10306,24084,0,0,0,0,330694,0,0,0,49152,0,0,0,0,0,2329048,4.54956,7.104524,0.456161,55.2099,0,1.077078,66.188315,71.266901,0,0,0,0,322666
l2-n8192-zipf-w4,scale,2,8192,zipf,4,native,native,,native,71,3,ok,e9201529e68a7f5180422fc60688ef185e5d27cc35e712b8ef09d84a7bf1ab81,l2-n8192-zipf-w4-s71-r3-measure-native,538,7654,2.875124,0,187122.364114,0.00534409665428,18152,18152,2.448415,0.42666,0,9.544358,1.453334,1.795109,0.581794,0.138904,0.004506,8028,0,0,0,0,0,0,0,0,0,0,0,0,0,0,0,0,0,0,0,0,0,0,0,0,0,0,0,0,0,0
l2-n8192-zipf-w4,scale,2,8192,zipf,4,eas_k2_adaptive,eas,2,adaptive,71,3,ok,e9201529e68a7f5180422fc60688ef185e5d27cc35e712b8ef09d84a7bf1ab81,l2-n8192-zipf-w4-s71-r3-measure-eas_k2_adaptive,1042,7150,61.11004,58.479344,17051.2079521,0.0586468714012,20524,20524,2.460183,0.170427,4.502351,9.603142,0.630717,1.723927,0,0.361999,0.004014,8028,10306,24084,0,0,0,0,258464,0,0,0,49152,0,0,0,0,0,2329048,4.502351,7.003447,0.371093,42.941583,0,1.054243,53.450093,58.479344,0,0,0,0,250436
l2-n8192-zipf-w4,scale,2,8192,zipf,4,eas_k2_adaptive,eas,2,adaptive,101,1,ok,867f34599440504c590b82d2ab18b35e5de20280334af18eed936d9680e09807,l2-n8192-zipf-w4-s101-r1-measure-eas_k2_adaptive,1012,7180,58.902752,56.276727,17180.8610912,0.0582043003953,20244,20244,2.472287,0.153547,4.518096,9.634963,0.560011,1.807576,0,0.317477,0.004557,8036,10218,24108,0,0,0,0,246409,0,0,0,49152,0,0,0,0,0,2330440,4.518096,6.857895,0.368707,40.870445,0,1.062634,51.229046,56.276727,0,0,0,0,238373
l2-n8192-zipf-w4,scale,2,8192,zipf,4,accept_static_degree,accept_static_degree,,greedy,101,1,ok,867f34599440504c590b82d2ab18b35e5de20280334af18eed936d9680e09807,l2-n8192-zipf-w4-s101-r1-measure-accept_static_degree,1014,7178,11.097825,8.50331,91369.2547864,0.0109446005917,19224,19224,2.438084,0.156279,4.442439,9.590357,0.54955,1.726566,0,0.311387,0.004285,0,10686,24576,0,0,0,0,0,0,0,0,0,0,0,0,0,0,139536,4.442439,0,0,0.186115,0,0.030591,3.530823,8.50331,1.083389,0.906024,8192,11381,0
l2-n8192-zipf-w4,scale,2,8192,zipf,4,native,native,,native,101,1,ok,867f34599440504c590b82d2ab18b35e5de20280334af18eed936d9680e09807,l2-n8192-zipf-w4-s101-r1-measure-native,536,7656,2.863387,0,187190.90364,0.00534213992537,18184,18184,2.437413,0.425906,0,9.607255,1.404295,1.74439,0.55545,0.129249,0.004123,8036,0,0,0,0,0,0,0,0,0,0,0,0,0,0,0,0,0,0,0,0,0,0,0,0,0,0,0,0,0,0
l2-n8192-zipf-w4,scale,2,8192,zipf,4,eas_k1_adaptive,eas,1,adaptive,101,1,ok,867f34599440504c590b82d2ab18b35e5de20280334af18eed936d9680e09807,l2-n8192-zipf-w4-s101-r1-measure-eas_k1_adaptive,1015,7177,70.820201,68.2209,14332.0688966,0.0697735970443,20528,20528,2.45277,0.146382,4.503015,9.527275,0.560998,1.734195,0,0.312272,0.00441,8036,10218,24108,0,0,0,0,315253,0,0,0,49152,0,0,0,0,0,2330440,4.503015,6.891863,0.450657,52.422459,0,1.069118,63.189116,68.2209,0,0,0,0,307217
l2-n8192-zipf-w4,scale,2,8192,zipf,4,accept_id,accept_id,,greedy,101,1,ok,867f34599440504c590b82d2ab18b35e5de20280334af18eed936d9680e09807,l2-n8192-zipf-w4-s101-r1-measure-accept_id,924,7268,9.223143,6.554996,100182.768499,0.00998175649351,19044,19044,2.532222,0.135748,4.527318,9.860206,0.517145,1.765698,0,0.292172,0.004478,0,0,0,0,0,0,0,0,0,0,0,0,0,0,0,0,0,0,4.527318,0,0,0.163143,0,0.029162,1.501801,6.554996,0,0.006461,0,11048,0
l2-n8192-zipf-w4,scale,2,8192,zipf,4,eas_k2_adaptive,eas,2,adaptive,101,2,ok,867f34599440504c590b82d2ab18b35e5de20280334af18eed936d9680e09807,l2-n8192-zipf-w4-s101-r2-measure-eas_k2_adaptive,1012,7180,58.65921,56.00441,17252.1927929,0.0579636462451,20192,20192,2.507372,0.147281,4.443166,9.752835,0.55935,1.740457,0,0.314801,0.004362,8036,10218,24108,0,0,0,0,246409,0,0,0,49152,0,0,0,0,0,2330440,4.443166,6.837956,0.359482,40.700535,0,1.044761,51.030784,56.00441,0,0,0,0,238373
l2-n8192-zipf-w4,scale,2,8192,zipf,4,native,native,,native,101,2,ok,867f34599440504c590b82d2ab18b35e5de20280334af18eed936d9680e09807,l2-n8192-zipf-w4-s101-r2-measure-native,536,7656,2.856071,0,187670.404552,0.00532849067164,18152,18152,2.420727,0.435276,0,9.438004,1.42329,1.710686,0.56477,0.133708,0.004004,8036,0,0,0,0,0,0,0,0,0,0,0,0,0,0,0,0,0,0,0,0,0,0,0,0,0,0,0,0,0,0
l2-n8192-zipf-w4,scale,2,8192,zipf,4,accept_id,accept_id,,greedy,101,2,ok,867f34599440504c590b82d2ab18b35e5de20280334af18eed936d9680e09807,l2-n8192-zipf-w4-s101-r2-measure-accept_id,924,7268,9.181644,6.564861,100635.572453,0.00993684415584,19228,19228,2.47977,0.136831,4.501909,9.778202,0.518677,1.717854,0,0.291831,0.004504,0,0,0,0,0,0,0,0,0,0,0,0,0,0,0,0,0,0,4.501909,0,0,0.18614,0,0.02844,1.540735,6.564861,0,0.007631,0,11048,0
l2-n8192-zipf-w4,scale,2,8192,zipf,4,eas_k1_adaptive,eas,1,adaptive,101,2,ok,867f34599440504c590b82d2ab18b35e5de20280334af18eed936d9680e09807,l2-n8192-zipf-w4-s101-r2-measure-eas_k1_adaptive,1015,7177,70.599266,67.922646,14376.9200093,0.0695559270936,20512,20512,2.524888,0.151544,4.429921,9.948347,0.567572,1.772173,0,0.321089,0.004395,8036,10218,24108,0,0,0,0,315253,0,0,0,49152,0,0,0,0,0,2330440,4.429921,6.945812,0.439872,52.19852,0,1.039845,62.965532,67.922646,0,0,0,0,307217
l2-n8192-zipf-w4,scale,2,8192,zipf,4,accept_static_degree,accept_static_degree,,greedy,101,2,ok,867f34599440504c590b82d2ab18b35e5de20280334af18eed936d9680e09807,l2-n8192-zipf-w4-s101-r2-measure-accept_static_degree,1014,7178,11.294063,8.537122,89781.6844124,0.0111381291913,19232,19232,2.598859,0.157927,4.463511,9.729637,0.559215,1.839792,0,0.316522,0.003747,0,10686,24576,0,0,0,0,0,0,0,0,0,0,0,0,0,0,139536,4.463511,0,0,0.185543,0,0.03047,3.54239,8.537122,1.089739,0.91337,8192,11381,0
l2-n8192-zipf-w4,scale,2,8192,zipf,4,eas_k1_adaptive,eas,1,adaptive,101,3,ok,867f34599440504c590b82d2ab18b35e5de20280334af18eed936d9680e09807,l2-n8192-zipf-w4-s101-r3-measure-eas_k1_adaptive,1015,7177,70.591895,67.878621,14378.4212054,0.0695486650246,20356,20356,2.552814,0.160315,4.468477,9.884712,0.598091,1.787921,0,0.355152,0.004171,8036,10218,24108,0,0,0,0,315253,0,0,0,49152,0,0,0,0,0,2330440,4.468477,6.790372,0.446595,52.281379,0,1.036165,62.88203,67.878621,0,0,0,0,307217
l2-n8192-zipf-w4,scale,2,8192,zipf,4,accept_id,accept_id,,greedy,101,3,ok,867f34599440504c590b82d2ab18b35e5de20280334af18eed936d9680e09807,l2-n8192-zipf-w4-s101-r3-measure-accept_id,924,7268,9.089845,6.485141,101651.898355,0.00983749458874,19264,19264,2.470073,0.13442,4.458252,9.649438,0.514305,1.715112,0,0.285837,0.004282,0,0,0,0,0,0,0,0,0,0,0,0,0,0,0,0,0,0,4.458252,0,0,0.162239,0,0.027653,1.500991,6.485141,0,0.006457,0,11048,0
l2-n8192-zipf-w4,scale,2,8192,zipf,4,eas_k2_adaptive,eas,2,adaptive,101,3,ok,867f34599440504c590b82d2ab18b35e5de20280334af18eed936d9680e09807,l2-n8192-zipf-w4-s101-r3-measure-eas_k2_adaptive,1012,7180,58.830061,56.09225,17202.0899315,0.0581324713439,20276,20276,2.591993,0.145666,4.487607,10.14504,0.558485,1.812285,0,0.314982,0.004659,8036,10218,24108,0,0,0,0,246409,0,0,0,49152,0,0,0,0,0,2330440,4.487607,6.826565,0.369676,40.716759,0,1.073627,51.075473,56.09225,0,0,0,0,238373
l2-n8192-zipf-w4,scale,2,8192,zipf,4,native,native,,native,101,3,ok,867f34599440504c590b82d2ab18b35e5de20280334af18eed936d9680e09807,l2-n8192-zipf-w4-s101-r3-measure-native,536,7656,2.999086,0,178721.117034,0.00559530970149,18320,18320,2.565384,0.433592,0,10.049802,1.422282,1.726611,0.553651,0.133868,0.004047,8036,0,0,0,0,0,0,0,0,0,0,0,0,0,0,0,0,0,0,0,0,0,0,0,0,0,0,0,0,0,0
l2-n8192-zipf-w4,scale,2,8192,zipf,4,accept_static_degree,accept_static_degree,,greedy,101,3,ok,867f34599440504c590b82d2ab18b35e5de20280334af18eed936d9680e09807,l2-n8192-zipf-w4-s101-r3-measure-accept_static_degree,1014,7178,11.124238,8.508511,91152.3108369,0.0109706489152,19248,19248,2.458652,0.156898,4.4471,9.55737,0.546302,1.789885,0,0.307847,0.004391,0,10686,24576,0,0,0,0,0,0,0,0,0,0,0,0,0,0,139536,4.4471,0,0,0.178627,0,0.031251,3.516177,8.508511,1.085529,0.904701,8192,11381,0
l2-n4096-identical-w1,control,2,4096,identical,1,eas_k1_graph,eas,1,graph,11,1,ok,6224f7586704df93c2b8ceabff2f2dcc80df792db971a62d5025831ebd451c80,l2-n4096-identical-w1-s11-r1-measure-eas_k1_graph,1,4095,1618.592452,1595.985683,0.61782074837,1618.592452,15084,15084,22.546792,0.059643,2.407667,3.003046,0.055759,0.36943,0,0.010792,19.54763,4096,0,0,0,0,0,0,0,0,0,16781312,24576,0,0,0,0,2097152,0,2.407667,5.255859,0.192602,1586.276236,0,0.221453,1593.081833,1595.985683,0,0,0,0,0
l2-n4096-identical-w1,control,2,4096,identical,1,eas_k1_lazy,eas,1,lazy,11,1,ok,6224f7586704df93c2b8ceabff2f2dcc80df792db971a62d5025831ebd451c80,l2-n4096-identical-w1-s11-r1-measure-eas_k1_lazy,1,4095,1016.236103,989.340714,0.984023296405,1016.236103,13432,13432,26.848618,0.046423,2.378249,2.92481,0.04235,0.363302,0,0.001572,23.927881,4096,3,12288,0,0,0,0,8390655,0,0,0,24576,0,0,0,0,0,295328,2.378249,0.980887,0.191577,984.219901,0,0.124859,986.6251,989.340714,0,0,0,0,8386559
l2-n4096-identical-w1,control,2,4096,identical,1,eas_k1_profile,eas,1,profile,11,1,ok,6224f7586704df93c2b8ceabff2f2dcc80df792db971a62d5025831ebd451c80,l2-n4096-identical-w1-s11-r1-measure-eas_k1_profile,1,4095,56.618307,7.662569,17.6621317907,56.618307,13788,13788,26.739888,22.215694,2.37501,2.926957,0.038454,0.367256,0,0.000667,45.990171,4096,3,12288,1,3,3,64,0,0,12288,40954,24576,0,0,0,0,0,295352,2.37501,1.648021,0.181654,1.962024,0,0.137106,4.981596,7.662569,0,0,0,0,0
l2-n4096-identical-w1,control,2,4096,identical,1,eas_k1_adaptive,eas,1,adaptive,11,1,ok,6224f7586704df93c2b8ceabff2f2dcc80df792db971a62d5025831ebd451c80,l2-n4096-identical-w1-s11-r1-measure-eas_k1_adaptive,1,4095,111.4868,50.142466,8.96967174589,111.4868,13716,13716,27.963243,33.380877,2.379038,2.972719,0.039441,0.366614,0,0.000648,58.33196,4096,3,12288,1,3,3,64,264160,0,12093,40304,24576,1,65,4031,264160,0,295352,2.379038,0.988129,0.181196,43.384408,1.72435,0.132244,47.463654,50.142466,0,0,0,0,260064
l2-n4096-identical-w1,control,2,4096,identical,1,eas_k1_profile,eas,1,profile,11,2,ok,6224f7586704df93c2b8ceabff2f2dcc80df792db971a62d5025831ebd451c80,l2-n4096-identical-w1-s11-r2-measure-eas_k1_profile,1,4095,10.672745,7.66692,93.6966075738,10.672745,13812,13812,2.963545,0.042138,2.420553,2.961229,0.040009,0.369704,0,0.000534,0.004445,4096,3,12288,1,3,3,64,0,0,12288,40954,24576,0,0,0,0,0,295352,2.420553,1.634848,0.180905,1.941209,0,0.135426,4.940362,7.66692,0,0,0,0,0
l2-n4096-identical-w1,control,2,4096,identical,1,eas_k1_adaptive,eas,1,adaptive,11,2,ok,6224f7586704df93c2b8ceabff2f2dcc80df792db971a62d5025831ebd451c80,l2-n4096-identical-w1-s11-r2-measure-eas_k1_adaptive,1,4095,59.959468,34.165655,16.6779331665,59.959468,13996,13996,25.751289,0.042349,2.366899,2.934788,0.03974,0.36917,0,0.000872,22.81911,4096,3,12288,1,3,3,64,264160,0,12093,40304,24576,1,65,4031,264160,0,295352,2.366899,0.995945,0.179256,27.406263,1.728651,0.133065,31.497312,34.165655,0,0,0,0,260064
l2-n4096-identical-w1,control,2,4096,identical,1,eas_k1_lazy,eas,1,lazy,11,2,ok,6224f7586704df93c2b8ceabff2f2dcc80df792db971a62d5025831ebd451c80,l2-n4096-identical-w1-s11-r2-measure-eas_k1_lazy,1,4095,974.193171,943.711844,1.02649046387,974.193171,13384,13384,30.434441,0.046411,2.371987,2.947538,0.042391,0.36798,0,0.001823,27.490923,4096,3,12288,0,0,0,0,8390655,0,0,0,24576,0,0,0,0,0,295328,2.371987,0.984863,0.189803,938.587874,0,0.122622,941.009152,943.711844,0,0,0,0,8386559
l2-n4096-identical-w1,control,2,4096,identical,1,eas_k1_graph,eas,1,graph,11,2,ok,6224f7586704df93c2b8ceabff2f2dcc80df792db971a62d5025831ebd451c80,l2-n4096-identical-w1-s11-r2-measure-eas_k1_graph,1,4095,1565.269262,1562.285042,0.638867717061,1565.269262,15080,15080,2.924499,0.059418,2.39307,2.92197,0.055653,0.368647,0,0.009717,0.006294,4096,0,0,0,0,0,0,0,0,0,16781312,24576,0,0,0,0,2097152,0,2.39307,5.160783,0.183761,1552.782486,0,0.16375,1559.418528,1562.285042,0,0,0,0,0
l2-n4096-identical-w1,control,2,4096,identical,1,eas_k1_adaptive,eas,1,adaptive,11,3,ok,6224f7586704df93c2b8ceabff2f2dcc80df792db971a62d5025831ebd451c80,l2-n4096-identical-w1-s11-r3-measure-eas_k1_adaptive,1,4095,37.038642,34.053473,26.9988300327,37.038642,13560,13560,2.943381,0.041465,2.379045,2.94076,0.038883,0.366917,0,0.000614,0.005203,4096,3,12288,1,3,3,64,264160,0,12093,40304,24576,1,65,4031,264160,0,295352,2.379045,0.980623,0.179641,27.285377,1.74044,0.134518,31.374812,34.053473,0,0,0,0,260064
l2-n4096-identical-w1,control,2,4096,identical,1,eas_k1_profile,eas,1,profile,11,3,ok,6224f7586704df93c2b8ceabff2f2dcc80df792db971a62d5025831ebd451c80,l2-n4096-identical-w1-s11-r3-measure-eas_k1_profile,1,4095,10.621973,7.63862,94.144468264,10.621973,13788,13788,2.942447,0.04072,2.380304,2.939819,0.038524,0.372115,0,0.000593,0.004824,4096,3,12288,1,3,3,64,0,0,12288,40954,24576,0,0,0,0,0,295352,2.380304,1.639467,0.180208,1.942566,0,0.143159,4.952903,7.63862,0,0,0,0,0
l2-n4096-identical-w1,control,2,4096,identical,1,eas_k1_lazy,eas,1,lazy,11,3,ok,6224f7586704df93c2b8ceabff2f2dcc80df792db971a62d5025831ebd451c80,l2-n4096-identical-w1-s11-r3-measure-eas_k1_lazy,1,4095,1040.892659,1015.526922,0.960713855894,1040.892659,13308,13308,25.328871,0.0366,2.364334,2.927418,0.032965,0.366004,0,0.001481,22.405088,4096,3,12288,0,0,0,0,8390655,0,0,0,24576,0,0,0,0,0,295328,2.364334,0.979895,0.17469,1010.55975,0,0.103009,1012.880348,1015.526922,0,0,0,0,8386559
l2-n4096-identical-w1,control,2,4096,identical,1,eas_k1_graph,eas,1,graph,11,3,ok,6224f7586704df93c2b8ceabff2f2dcc80df792db971a62d5025831ebd451c80,l2-n4096-identical-w1-s11-r3-measure-eas_k1_graph,1,4095,1391.430593,1389.005352,0.718684787463,1391.430593,15076,15076,2.379774,0.045166,1.881117,2.377715,0.041495,0.333406,0,0.008338,0.00573,4096,0,0,0,0,0,0,0,0,0,16781312,24576,0,0,0,0,2097152,0,1.881117,4.70965,0.161035,1380.704133,0,0.137159,1386.698331,1389.005352,0,0,0,0,0
l2-n4096-identical-w1,control,2,4096,identical,1,eas_k1_graph,eas,1,graph,29,1,ok,50fa03da297319cea7163b0c2f2d227d1dabdeb39895a1b90b6fa393b8755382,l2-n4096-identical-w1-s29-r1-measure-eas_k1_graph,1,4095,1394.871551,1392.476344,0.716911890047,1394.871551,15000,15000,2.348493,0.046153,1.87195,2.346286,0.042339,0.32846,0,0.008949,0.006021,4096,0,0,0,0,0,0,0,0,0,16781312,24576,0,0,0,0,2097152,0,1.87195,4.712175,0.163469,1384.224359,0,0.130077,1390.189441,1392.476344,0,0,0,0,0
l2-n4096-identical-w1,control,2,4096,identical,1,eas_k1_adaptive,eas,1,adaptive,29,1,ok,50fa03da297319cea7163b0c2f2d227d1dabdeb39895a1b90b6fa393b8755382,l2-n4096-identical-w1-s29-r1-measure-eas_k1_adaptive,1,4095,32.95253,30.545807,30.3466835475,32.95253,13768,13768,2.370733,0.035699,1.876315,2.368515,0.032143,0.333733,0,0.001492,0.005774,4096,3,12288,1,3,3,64,264160,0,12093,40304,24576,1,65,4031,264160,0,295352,1.876315,0.85735,0.160429,24.908041,1.455372,0.11755,28.400631,30.545807,0,0,0,0,260064
l2-n4096-identical-w1,control,2,4096,identical,1,eas_k1_profile,eas,1,profile,29,1,ok,50fa03da297319cea7163b0c2f2d227d1dabdeb39895a1b90b6fa393b8755382,l2-n4096-identical-w1-s29-r1-measure-eas_k1_profile,1,4095,8.769467,6.34861,114.032015857,8.769467,13824,13824,2.387557,0.033136,1.872664,2.38513,0.030656,0.332948,0,0.0006,0.004907,4096,3,12288,1,3,3,64,0,0,12288,40954,24576,0,0,0,0,0,295352,1.872664,1.375393,0.161091,1.64896,0,0.120066,4.207096,6.34861,0,0,0,0,0
l2-n4096-identical-w1,control,2,4096,identical,1,eas_k1_lazy,eas,1,lazy,29,1,ok,50fa03da297319cea7163b0c2f2d227d1dabdeb39895a1b90b6fa393b8755382,l2-n4096-identical-w1-s29-r1-measure-eas_k1_lazy,1,4095,835.276411,832.860382,1.19720847713,835.276411,13416,13416,2.378814,0.036946,1.87529,2.376494,0.033081,0.328973,0,0.001666,0.006185,4096,3,12288,0,0,0,0,8390655,0,0,0,24576,0,0,0,0,0,295328,1.87529,0.823509,0.160051,828.685959,0,0.099697,830.694424,832.860382,0,0,0,0,8386559
l2-n4096-identical-w1,control,2,4096,identical,1,eas_k1_profile,eas,1,profile,29,2,ok,50fa03da297319cea7163b0c2f2d227d1dabdeb39895a1b90b6fa393b8755382,l2-n4096-identical-w1-s29-r2-measure-eas_k1_profile,1,4095,8.730454,6.327391,114.541580541,8.730454,13768,13768,2.369728,0.032956,1.874948,2.367454,0.030426,0.342136,0,0.00043,0.004804,4096,3,12288,1,3,3,64,0,0,12288,40954,24576,0,0,0,0,0,295352,1.874948,1.366585,0.160052,1.640985,0,0.120461,4.186699,6.327391,0,0,0,0,0
l2-n4096-identical-w1,control,2,4096,identical,1,eas_k1_graph,eas,1,graph,29,2,ok,50fa03da297319cea7163b0c2f2d227d1dabdeb39895a1b90b6fa393b8755382,l2-n4096-identical-w1-s29-r2-measure-eas_k1_graph,1,4095,1399.76384,1397.353829,0.71440622441,1399.76384,15076,15076,2.361797,0.047943,1.858653,2.359465,0.041723,0.32845,0,0.00821,0.008552,4096,0,0,0,0,0,0,0,0,0,16781312,24576,0,0,0,0,2097152,0,1.858653,4.841758,0.160786,1389.003492,0,0.125497,1395.07822,1397.353829,0,0,0,0,0
l2-n4096-identical-w1,control,2,4096,identical,1,eas_k1_lazy,eas,1,lazy,29,2,ok,50fa03da297319cea7163b0c2f2d227d1dabdeb39895a1b90b6fa393b8755382,l2-n4096-identical-w1-s29-r2-measure-eas_k1_lazy,1,4095,834.665461,832.276063,1.19808479771,834.665461,13372,13372,2.34922,0.039619,1.880888,2.346843,0.036013,0.332822,0,0.001479,0.005983,4096,3,12288,0,0,0,0,8390655,0,0,0,24576,0,0,0,0,0,295328,1.880888,0.833926,0.160907,828.085203,0,0.100659,830.116399,832.276063,0,0,0,0,8386559
l2-n4096-identical-w1,control,2,4096,identical,1,eas_k1_adaptive,eas,1,adaptive,29,2,ok,50fa03da297319cea7163b0c2f2d227d1dabdeb39895a1b90b6fa393b8755382,l2-n4096-identical-w1-s29-r2-measure-eas_k1_adaptive,1,4095,32.956952,30.582482,30.3426117804,32.956952,13716,13716,2.339607,0.034314,1.880616,2.336911,0.031356,0.330187,0,0.001082,0.005654,4096,3,12288,1,3,3,64,264160,0,12093,40304,24576,1,65,4031,264160,0,295352,1.880616,0.829189,0.160346,24.982011,1.450915,0.117597,28.438786,30.582482,0,0,0,0,260064
l2-n4096-identical-w1,control,2,4096,identical,1,eas_k1_adaptive,eas,1,adaptive,29,3,ok,50fa03da297319cea7163b0c2f2d227d1dabdeb39895a1b90b6fa393b8755382,l2-n4096-identical-w1-s29-r3-measure-eas_k1_adaptive,1,4095,32.912387,30.496722,30.3836971776,32.912387,13704,13704,2.381923,0.033594,1.883006,2.379683,0.030994,0.328432,0,0.000642,0.00484,4096,3,12288,1,3,3,64,264160,0,12093,40304,24576,1,65,4031,264160,0,295352,1.883006,0.826125,0.161823,24.889403,1.448775,0.118527,28.347264,30.496722,0,0,0,0,260064
l2-n4096-identical-w1,control,2,4096,identical,1,eas_k1_profile,eas,1,profile,29,3,ok,50fa03da297319cea7163b0c2f2d227d1dabdeb39895a1b90b6fa393b8755382,l2-n4096-identical-w1-s29-r3-measure-eas_k1_profile,1,4095,8.700549,6.311158,114.935275923,8.700549,14000,14000,2.357397,0.031577,1.861222,2.355074,0.029914,0.334326,0,0.00034,0.003986,4096,3,12288,1,3,3,64,0,0,12288,40954,24576,0,0,0,0,0,295352,1.861222,1.364551,0.159684,1.645416,0,0.120349,4.187724,6.311158,0,0,0,0,0
l2-n4096-identical-w1,control,2,4096,identical,1,eas_k1_lazy,eas,1,lazy,29,3,ok,50fa03da297319cea7163b0c2f2d227d1dabdeb39895a1b90b6fa393b8755382,l2-n4096-identical-w1-s29-r3-measure-eas_k1_lazy,1,4095,835.958668,833.543699,1.19623139071,835.958668,13312,13312,2.379358,0.035476,1.883944,2.377707,0.03207,0.328544,0,0.001226,0.005057,4096,3,12288,0,0,0,0,8390655,0,0,0,24576,0,0,0,0,0,295328,1.883944,0.82522,0.161015,829.370565,0,0.099661,831.379487,833.543699,0,0,0,0,8386559
l2-n4096-identical-w1,control,2,4096,identical,1,eas_k1_graph,eas,1,graph,29,3,ok,50fa03da297319cea7163b0c2f2d227d1dabdeb39895a1b90b6fa393b8755382,l2-n4096-identical-w1-s29-r3-measure-eas_k1_graph,1,4095,1391.378319,1388.991399,0.718711788408,1391.378319,15080,15080,2.342655,0.04396,1.880607,2.340543,0.040927,0.326359,0,0.007224,0.005145,4096,0,0,0,0,0,0,0,0,0,16781312,24576,0,0,0,0,2097152,0,1.880607,4.707826,0.160829,1380.753248,0,0.131468,1386.691684,1388.991399,0,0,0,0,0
l2-n4096-identical-w1,control,2,4096,identical,1,eas_k1_adaptive,eas,1,adaptive,47,1,ok,abc00de4fe28c7d70e80684859d0c542e89ea444ef12529cef60300460f4c71c,l2-n4096-identical-w1-s47-r1-measure-eas_k1_adaptive,1,4095,32.976228,30.556901,30.3248752404,32.976228,13732,13732,2.385244,0.0336,1.967671,2.383002,0.031075,0.333246,0,0.000807,0.004767,4096,3,12288,1,3,3,64,264160,0,12093,40304,24576,1,65,4031,264160,0,295352,1.967671,0.829734,0.161132,24.872446,1.440057,0.117306,28.32467,30.556901,0,0,0,0,260064
l2-n4096-identical-w1,control,2,4096,identical,1,eas_k1_lazy,eas,1,lazy,47,1,ok,abc00de4fe28c7d70e80684859d0c542e89ea444ef12529cef60300460f4c71c,l2-n4096-identical-w1-s47-r1-measure-eas_k1_lazy,1,4095,836.637067,834.271596,1.19526140957,836.637067,13344,13344,2.329833,0.035506,1.901663,2.32762,0.03196,0.326798,0,0.001189,0.005759,4096,3,12288,0,0,0,0,8390655,0,0,0,24576,0,0,0,0,0,295328,1.901663,0.826783,0.161021,830.071381,0,0.099776,832.088028,834.271596,0,0,0,0,8386559
l2-n4096-identical-w1,control,2,4096,identical,1,eas_k1_graph,eas,1,graph,47,1,ok,abc00de4fe28c7d70e80684859d0c542e89ea444ef12529cef60300460f4c71c,l2-n4096-identical-w1-s47-r1-measure-eas_k1_graph,1,4095,1382.268556,1379.820237,0.723448417935,1382.268556,14968,14968,2.399948,0.048059,2.113209,2.397737,0.044541,0.328571,0,0.009128,0.005729,4096,0,0,0,0,0,0,0,0,0,16781312,24576,0,0,0,0,2097152,0,2.113209,4.738642,0.162704,1371.303664,0,0.130048,1377.300094,1379.820237,0,0,0,0,0
l2-n4096-identical-w1,control,2,4096,identical,1,eas_k1_profile,eas,1,profile,47,1,ok,abc00de4fe28c7d70e80684859d0c542e89ea444ef12529cef60300460f4c71c,l2-n4096-identical-w1-s47-r1-measure-eas_k1_profile,1,4095,8.729837,6.301386,114.549676013,8.729837,14000,14000,2.395547,0.032765,1.862082,2.3933,0.03053,0.32743,0,0.000513,0.004482,4096,3,12288,1,3,3,64,0,0,12288,40954,24576,0,0,0,0,0,295352,1.862082,1.364912,0.159641,1.637598,0,0.120055,4.17858,6.301386,0,0,0,0,0
l2-n4096-identical-w1,control,2,4096,identical,1,eas_k1_profile,eas,1,profile,47,2,ok,abc00de4fe28c7d70e80684859d0c542e89ea444ef12529cef60300460f4c71c,l2-n4096-identical-w1-s47-r2-measure-eas_k1_profile,1,4095,8.71128,6.353199,114.793692775,8.71128,13780,13780,2.325742,0.032005,1.873703,2.323517,0.030373,0.326864,0,0.000608,0.003857,4096,3,12288,1,3,3,64,0,0,12288,40954,24576,0,0,0,0,0,295352,1.873703,1.377869,0.161263,1.651581,0,0.120465,4.21007,6.353199,0,0,0,0,0
l2-n4096-identical-w1,control,2,4096,identical,1,eas_k1_graph,eas,1,graph,47,2,ok,abc00de4fe28c7d70e80684859d0c542e89ea444ef12529cef60300460f4c71c,l2-n4096-identical-w1-s47-r2-measure-eas_k1_graph,1,4095,1381.279802,1378.864747,0.723966280077,1381.279802,14900,14900,2.370051,0.044716,1.867549,2.367018,0.041235,0.328786,0,0.007155,0.006514,4096,0,0,0,0,0,0,0,0,0,16781312,24576,0,0,0,0,2097152,0,1.867549,4.709554,0.163598,1370.640299,0,0.130792,1376.582245,1378.864747,0,0,0,0,0
l2-n4096-identical-w1,control,2,4096,identical,1,eas_k1_adaptive,eas,1,adaptive,47,2,ok,abc00de4fe28c7d70e80684859d0c542e89ea444ef12529cef60300460f4c71c,l2-n4096-identical-w1-s47-r2-measure-eas_k1_adaptive,1,4095,32.889889,30.498243,30.4044808421,32.889889,13728,13728,2.355501,0.035966,1.868672,2.352989,0.032584,0.335882,0,0.001444,0.005894,4096,3,12288,1,3,3,64,264160,0,12093,40304,24576,1,65,4031,264160,0,295352,1.868672,0.824815,0.160036,24.890667,1.462735,0.11753,28.363488,30.498243,0,0,0,0,260064
l2-n4096-identical-w1,control,2,4096,identical,1,eas_k1_lazy,eas,1,lazy,47,2,ok,abc00de4fe28c7d70e80684859d0c542e89ea444ef12529cef60300460f4c71c,l2-n4096-identical-w1-s47-r2-measure-eas_k1_lazy,1,4095,834.76288,832.384625,1.1979449781,834.76288,13416,13416,2.340995,0.036985,1.877976,2.338512,0.033474,0.328388,0,0.001916,0.005994,4096,3,12288,0,0,0,0,8390655,0,0,0,24576,0,0,0,0,0,295328,1.877976,0.827202,0.160983,828.187206,0,0.100233,830.22683,832.384625,0,0,0,0,8386559
l2-n4096-identical-w1,control,2,4096,identical,1,eas_k1_profile,eas,1,profile,47,3,ok,abc00de4fe28c7d70e80684859d0c542e89ea444ef12529cef60300460f4c71c,l2-n4096-identical-w1-s47-r3-measure-eas_k1_profile,1,4095,8.783127,6.402508,113.854667022,8.783127,13668,13668,2.348344,0.032025,1.905255,2.346168,0.030215,0.331179,0,0.00042,0.003986,4096,3,12288,1,3,3,64,0,0,12288,40954,24576,0,0,0,0,0,295352,1.905255,1.362377,0.161605,1.68063,0,0.12037,4.229424,6.402508,0,0,0,0,0
l2-n4096-identical-w1,control,2,4096,identical,1,eas_k1_lazy,eas,1,lazy,47,3,ok,abc00de4fe28c7d70e80684859d0c542e89ea444ef12529cef60300460f4c71c,l2-n4096-identical-w1-s47-r3-measure-eas_k1_lazy,1,4095,836.043395,833.681574,1.19611016124,836.043395,13432,13432,2.32565,0.036009,1.864816,2.323309,0.032536,0.329002,0,0.001313,0.005814,4096,3,12288,0,0,0,0,8390655,0,0,0,24576,0,0,0,0,0,295328,1.864816,0.828064,0.16004,829.520855,0,0.099465,831.541009,833.681574,0,0,0,0,8386559
l2-n4096-identical-w1,control,2,4096,identical,1,eas_k1_graph,eas,1,graph,47,3,ok,abc00de4fe28c7d70e80684859d0c542e89ea444ef12529cef60300460f4c71c,l2-n4096-identical-w1-s47-r3-measure-eas_k1_graph,1,4095,1380.796724,1378.374631,0.724219562966,1380.796724,15000,15000,2.373578,0.047937,1.860405,2.371268,0.044325,0.327467,0,0.009635,0.005922,4096,0,0,0,0,0,0,0,0,0,16781312,24576,0,0,0,0,2097152,0,1.860405,4.718428,0.169029,1370.130131,0,0.14326,1376.109238,1378.374631,0,0,0,0,0
l2-n4096-identical-w1,control,2,4096,identical,1,eas_k1_adaptive,eas,1,adaptive,47,3,ok,abc00de4fe28c7d70e80684859d0c542e89ea444ef12529cef60300460f4c71c,l2-n4096-identical-w1-s47-r3-measure-eas_k1_adaptive,1,4095,32.96277,30.552745,30.3372562439,32.96277,13816,13816,2.375079,0.034814,1.862282,2.372807,0.031991,0.333212,0,0.000979,0.005095,4096,3,12288,1,3,3,64,264160,0,12093,40304,24576,1,65,4031,264160,0,295352,1.862282,0.8325,0.160937,24.956373,1.466902,0.117639,28.43052,30.552745,0,0,0,0,260064
l2-n4096-identical-w1,control,2,4096,identical,1,eas_k1_graph,eas,1,graph,71,1,ok,9efd74b517e6db90dd8ce84868bf7398ad2290930a24c32d59c970c13e975e99,l2-n4096-identical-w1-s71-r1-measure-eas_k1_graph,1,4095,1382.11869,1379.681375,0.72352686295,1382.11869,15068,15068,2.390385,0.046619,1.881299,2.388305,0.043521,0.331006,0,0.009345,0.005178,4096,0,0,0,0,0,0,0,0,0,16781312,24576,0,0,0,0,2097152,0,1.881299,4.731693,0.161463,1371.40778,0,0.132727,1377.385518,1379.681375,0,0,0,0,0
l2-n4096-identical-w1,control,2,4096,identical,1,eas_k1_adaptive,eas,1,adaptive,71,1,ok,9efd74b517e6db90dd8ce84868bf7398ad2290930a24c32d59c970c13e975e99,l2-n4096-identical-w1-s71-r1-measure-eas_k1_adaptive,1,4095,33.106846,30.694057,30.2052330808,33.106846,13800,13800,2.378662,0.033943,1.887489,2.376546,0.031383,0.339775,0,0.00098,0.004676,4096,3,12288,1,3,3,64,264160,0,12093,40304,24576,1,65,4031,264160,0,295352,1.887489,0.830934,0.159762,24.935567,1.566167,0.117726,28.544631,30.694057,0,0,0,0,260064
l2-n4096-identical-w1,control,2,4096,identical,1,eas_k1_profile,eas,1,profile,71,1,ok,9efd74b517e6db90dd8ce84868bf7398ad2290930a24c32d59c970c13e975e99,l2-n4096-identical-w1-s71-r1-measure-eas_k1_profile,1,4095,8.712862,6.346294,114.77284961,8.712862,13736,13736,2.333416,0.032886,1.895009,2.331349,0.030579,0.327826,0,0.000572,0.004374,4096,3,12288,1,3,3,64,0,0,12288,40954,24576,0,0,0,0,0,295352,1.895009,1.361615,0.159952,1.643735,0,0.120292,4.179753,6.346294,0,0,0,0,0
l2-n4096-identical-w1,control,2,4096,identical,1,eas_k1_lazy,eas,1,lazy,71,1,ok,9efd74b517e6db90dd8ce84868bf7398ad2290930a24c32d59c970c13e975e99,l2-n4096-identical-w1-s71-r1-measure-eas_k1_lazy,1,4095,834.20636,831.794221,1.19874415726,834.20636,13544,13544,2.376252,0.035755,1.872541,2.374171,0.032401,0.332288,0,0.001333,0.005435,4096,3,12288,0,0,0,0,8390655,0,0,0,24576,0,0,0,0,0,295328,1.872541,0.828664,0.159789,827.628986,0,0.099665,829.647078,831.794221,0,0,0,0,8386559
l2-n4096-identical-w1,control,2,4096,identical,1,eas_k1_profile,eas,1,profile,71,2,ok,9efd74b517e6db90dd8ce84868bf7398ad2290930a24c32d59c970c13e975e99,l2-n4096-identical-w1-s71-r2-measure-eas_k1_profile,1,4095,8.78902,6.351784,113.778327959,8.78902,13608,13608,2.40339,0.033596,1.876227,2.400845,0.031062,0.335816,0,0.000656,0.005079,4096,3,12288,1,3,3,64,0,0,12288,40954,24576,0,0,0,0,0,295352,1.876227,1.36517,0.161689,1.64553,0,0.120178,4.197247,6.351784,0,0,0,0,0
l2-n4096-identical-w1,control,2,4096,identical,1,eas_k1_lazy,eas,1,lazy,71,2,ok,9efd74b517e6db90dd8ce84868bf7398ad2290930a24c32d59c970c13e975e99,l2-n4096-identical-w1-s71-r2-measure-eas_k1_lazy,1,4095,833.683576,831.322782,1.19949586244,833.683576,13344,13344,2.32479,0.035852,1.848443,2.322583,0.032274,0.33464,0,0.00124,0.005785,4096,3,12288,0,0,0,0,8390655,0,0,0,24576,0,0,0,0,0,295328,1.848443,0.830534,0.160766,827.171497,0,0.100869,829.193068,831.322782,0,0,0,0,8386559
l2-n4096-identical-w1,control,2,4096,identical,1,eas_k1_adaptive,eas,1,adaptive,71,2,ok,9efd74b517e6db90dd8ce84868bf7398ad2290930a24c32d59c970c13e975e99,l2-n4096-identical-w1-s71-r2-measure-eas_k1_adaptive,1,4095,32.804549,30.39257,30.4835771405,32.804549,13784,13784,2.37686,0.03489,1.841736,2.374964,0.032016,0.331643,0,0.001203,0.00477,4096,3,12288,1,3,3,64,264160,0,12093,40304,24576,1,65,4031,264160,0,295352,1.841736,0.822668,0.159467,24.828909,1.460291,0.118022,28.290287,30.39257,0,0,0,0,260064
l2-n4096-identical-w1,control,2,4096,identical,1,eas_k1_graph,eas,1,graph,71,2,ok,9efd74b517e6db90dd8ce84868bf7398ad2290930a24c32d59c970c13e975e99,l2-n4096-identical-w1-s71-r2-measure-eas_k1_graph,1,4095,1381.090617,1378.703031,0.72406545066,1381.090617,15072,15072,2.340775,0.046177,1.879542,2.338473,0.04055,0.331656,0,0.006754,0.007929,4096,0,0,0,0,0,0,0,0,0,16781312,24576,0,0,0,0,2097152,0,1.879542,4.72533,0.161747,1370.4144,0,0.135602,1376.407011,1378.703031,0,0,0,0,0
l2-n4096-identical-w1,control,2,4096,identical,1,eas_k1_graph,eas,1,graph,71,3,ok,9efd74b517e6db90dd8ce84868bf7398ad2290930a24c32d59c970c13e975e99,l2-n4096-identical-w1-s71-r3-measure-eas_k1_graph,1,4095,1383.518059,1381.101142,0.722795046653,1383.518059,15016,15016,2.367934,0.048464,1.884655,2.365444,0.042665,0.33158,0,0.0088,0.008289,4096,0,0,0,0,0,0,0,0,0,16781312,24576,0,0,0,0,2097152,0,1.884655,4.706399,0.161018,1372.866953,0,0.126185,1378.793737,1381.101142,0,0,0,0,0
l2-n4096-identical-w1,control,2,4096,identical,1,eas_k1_profile,eas,1,profile,71,3,ok,9efd74b517e6db90dd8ce84868bf7398ad2290930a24c32d59c970c13e975e99,l2-n4096-identical-w1-s71-r3-measure-eas_k1_profile,1,4095,8.738517,6.344732,114.435893413,8.738517,13864,13864,2.361261,0.03227,1.88589,2.358917,0.030347,0.334067,0,0.000442,0.004267,4096,3,12288,1,3,3,64,0,0,12288,40954,24576,0,0,0,0,0,295352,1.88589,1.36421,0.160113,1.649711,0,0.120499,4.191495,6.344732,0,0,0,0,0
l2-n4096-identical-w1,control,2,4096,identical,1,eas_k1_lazy,eas,1,lazy,71,3,ok,9efd74b517e6db90dd8ce84868bf7398ad2290930a24c32d59c970c13e975e99,l2-n4096-identical-w1-s71-r3-measure-eas_k1_lazy,1,4095,834.976913,832.578823,1.19763790403,834.976913,13572,13572,2.362417,0.035387,1.85654,2.360269,0.032179,0.336283,0,0.001293,0.005356,4096,3,12288,0,0,0,0,8390655,0,0,0,24576,0,0,0,0,0,295328,1.85654,0.830083,0.15977,828.426454,0,0.099626,830.444382,832.578823,0,0,0,0,8386559
l2-n4096-identical-w1,control,2,4096,identical,1,eas_k1_adaptive,eas,1,adaptive,71,3,ok,9efd74b517e6db90dd8ce84868bf7398ad2290930a24c32d59c970c13e975e99,l2-n4096-identical-w1-s71-r3-measure-eas_k1_adaptive,1,4095,32.983966,30.54629,30.31776106,32.983966,13792,13792,2.403458,0.033671,1.889967,2.400966,0.031223,0.335337,0,0.000864,0.00494,4096,3,12288,1,3,3,64,264160,0,12093,40304,24576,1,65,4031,264160,0,295352,1.889967,0.823306,0.160211,24.942464,1.453954,0.11728,28.397914,30.54629,0,0,0,0,260064
l2-n4096-identical-w1,control,2,4096,identical,1,eas_k1_profile,eas,1,profile,101,1,ok,9c4bb416525ba0f70947ba3eab2b265275f519eda0d981d7f0d6a6fb4886b5ca,l2-n4096-identical-w1-s101-r1-measure-eas_k1_profile,1,4095,8.751103,6.355923,114.271309571,8.751103,13780,13780,2.362153,0.032686,1.898342,2.359756,0.030483,0.330779,0,0.000549,0.0046,4096,3,12288,1,3,3,64,0,0,12288,40954,24576,0,0,0,0,0,295352,1.898342,1.356398,0.160266,1.650114,0,0.120568,4.192102,6.355923,0,0,0,0,0
l2-n4096-identical-w1,control,2,4096,identical,1,eas_k1_graph,eas,1,graph,101,1,ok,9c4bb416525ba0f70947ba3eab2b265275f519eda0d981d7f0d6a6fb4886b5ca,l2-n4096-identical-w1-s101-r1-measure-eas_k1_graph,1,4095,1386.29727,1383.86813,0.721346006834,1386.29727,15020,15020,2.383874,0.044971,1.886313,2.381793,0.041524,0.332068,0,0.007367,0.005528,4096,0,0,0,0,0,0,0,0,0,16781312,24576,0,0,0,0,2097152,0,1.886313,4.699487,0.166824,1375.628807,0,0.129319,1381.569602,1383.86813,0,0,0,0,0
l2-n4096-identical-w1,control,2,4096,identical,1,eas_k1_adaptive,eas,1,adaptive,101,1,ok,9c4bb416525ba0f70947ba3eab2b265275f519eda0d981d7f0d6a6fb4886b5ca,l2-n4096-identical-w1-s101-r1-measure-eas_k1_adaptive,1,4095,32.854305,30.450356,30.4374114747,32.854305,13808,13808,2.368025,0.035647,1.864566,2.365722,0.032183,0.334654,0,0.001393,0.005767,4096,3,12288,1,3,3,64,264160,0,12093,40304,24576,1,65,4031,264160,0,295352,1.864566,0.8257,0.160161,24.869366,1.45024,0.122892,28.323748,30.450356,0,0,0,0,260064
l2-n4096-identical-w1,control,2,4096,identical,1,eas_k1_lazy,eas,1,lazy,101,1,ok,9c4bb416525ba0f70947ba3eab2b265275f519eda0d981d7f0d6a6fb4886b5ca,l2-n4096-identical-w1-s101-r1-measure-eas_k1_lazy,1,4095,835.712873,833.285765,1.19658321932,835.712873,13432,13432,2.390423,0.036561,1.874841,2.388269,0.032745,0.325768,0,0.001535,0.00597,4096,3,12288,0,0,0,0,8390655,0,0,0,24576,0,0,0,0,0,295328,1.874841,0.825801,0.161133,829.110832,0,0.099309,831.13649,833.285765,0,0,0,0,8386559
l2-n4096-identical-w1,control,2,4096,identical,1,eas_k1_lazy,eas,1,lazy,101,2,ok,9c4bb416525ba0f70947ba3eab2b265275f519eda0d981d7f0d6a6fb4886b5ca,l2-n4096-identical-w1-s101-r2-measure-eas_k1_lazy,1,4095,835.877165,833.512162,1.1963480304,835.877165,13424,13424,2.328245,0.036449,1.874509,2.325922,0.032781,0.329316,0,0.001609,0.005991,4096,3,12288,0,0,0,0,8390655,0,0,0,24576,0,0,0,0,0,295328,1.874509,0.82418,0.165026,829.304794,0,0.100097,831.354363,833.512162,0,0,0,0,8386559
l2-n4096-identical-w1,control,2,4096,identical,1,eas_k1_adaptive,eas,1,adaptive,101,2,ok,9c4bb416525ba0f70947ba3eab2b265275f519eda0d981d7f0d6a6fb4886b5ca,l2-n4096-identical-w1-s101-r2-measure-eas_k1_adaptive,1,4095,32.924377,30.500543,30.3726324115,32.924377,13780,13780,2.389079,0.034458,1.889035,2.386865,0.03177,0.331987,0,0.001196,0.004902,4096,3,12288,1,3,3,64,264160,0,12093,40304,24576,1,65,4031,264160,0,295352,1.889035,0.857012,0.161707,24.855132,1.450338,0.113523,28.344772,30.500543,0,0,0,0,260064
l2-n4096-identical-w1,control,2,4096,identical,1,eas_k1_graph,eas,1,graph,101,2,ok,9c4bb416525ba0f70947ba3eab2b265275f519eda0d981d7f0d6a6fb4886b5ca,l2-n4096-identical-w1-s101-r2-measure-eas_k1_graph,1,4095,1391.384464,1388.993749,0.718708614243,1391.384464,14964,14964,2.343881,0.046512,1.886762,2.341402,0.043101,0.329119,0,0.008538,0.00589,4096,0,0,0,0,0,0,0,0,0,16781312,24576,0,0,0,0,2097152,0,1.886762,4.711411,0.160777,1380.755787,0,0.127087,1386.691903,1388.993749,0,0,0,0,0
l2-n4096-identical-w1,control,2,4096,identical,1,eas_k1_profile,eas,1,profile,101,2,ok,9c4bb416525ba0f70947ba3eab2b265275f519eda0d981d7f0d6a6fb4886b5ca,l2-n4096-identical-w1-s101-r2-measure-eas_k1_profile,1,4095,8.738393,6.342208,114.437517287,8.738393,13668,13668,2.362245,0.033638,1.890013,2.359894,0.03143,0.331614,0,0.000657,0.004559,4096,3,12288,1,3,3,64,0,0,12288,40954,24576,0,0,0,0,0,295352,1.890013,1.367572,0.160429,1.642186,0,0.120206,4.185724,6.342208,0,0,0,0,0
l2-n4096-identical-w1,control,2,4096,identical,1,eas_k1_lazy,eas,1,lazy,101,3,ok,9c4bb416525ba0f70947ba3eab2b265275f519eda0d981d7f0d6a6fb4886b5ca,l2-n4096-identical-w1-s101-r3-measure-eas_k1_lazy,1,4095,836.020965,833.669659,1.19614225225,836.020965,13428,13428,2.314758,0.03641,1.896598,2.311873,0.03267,0.327921,0,0.001353,0.006625,4096,3,12288,0,0,0,0,8390655,0,0,0,24576,0,0,0,0,0,295328,1.896598,0.833309,0.159694,829.453553,0,0.101218,831.490187,833.669659,0,0,0,0,8386559
l2-n4096-identical-w1,control,2,4096,identical,1,eas_k1_adaptive,eas,1,adaptive,101,3,ok,9c4bb416525ba0f70947ba3eab2b265275f519eda0d981d7f0d6a6fb4886b5ca,l2-n4096-identical-w1-s101-r3-measure-eas_k1_adaptive,1,4095,32.948365,30.555514,30.3505196692,32.948365,13824,13824,2.358408,0.034277,1.878119,2.355627,0.031629,0.329339,0,0.001,0.005429,4096,3,12288,1,3,3,64,264160,0,12093,40304,24576,1,65,4031,264160,0,295352,1.878119,0.824332,0.160254,24.937938,1.477617,0.113702,28.414466,30.555514,0,0,0,0,260064
l2-n4096-identical-w1,control,2,4096,identical,1,eas_k1_profile,eas,1,profile,101,3,ok,9c4bb416525ba0f70947ba3eab2b265275f519eda0d981d7f0d6a6fb4886b5ca,l2-n4096-identical-w1-s101-r3-measure-eas_k1_profile,1,4095,8.778247,6.360454,113.917961069,8.778247,13792,13792,2.385531,0.031985,1.87722,2.383393,0.030146,0.329894,0,0.000462,0.003977,4096,3,12288,1,3,3,64,0,0,12288,40954,24576,0,0,0,0,0,295352,1.87722,1.371627,0.159981,1.663842,0,0.120227,4.21206,6.360454,0,0,0,0,0
l2-n4096-identical-w1,control,2,4096,identical,1,eas_k1_graph,eas,1,graph,101,3,ok,9c4bb416525ba0f70947ba3eab2b265275f519eda0d981d7f0d6a6fb4886b5ca,l2-n4096-identical-w1-s101-r3-measure-eas_k1_graph,1,4095,1383.69018,1381.20654,0.722705136203,1383.69018,14992,14992,2.437436,0.045722,1.870319,2.435149,0.042246,0.333728,0,0.007691,0.005763,4096,0,0,0,0,0,0,0,0,0,16781312,24576,0,0,0,0,2097152,0,1.870319,4.756286,0.160911,1372.946378,0,0.128948,1378.926863,1381.20654,0,0,0,0,0
