condition,suite,arity,n,distribution,workers,variant,policy,policy_k,implementation,baseline,seed,repetition,commit_delta,batch_delta_ms,wins_for,crossover_us
l2-n128-uniform-w1,main,2,128,uniform,1,eas_k1_adaptive,eas,1,adaptive,accept_id,11,1,0,0.02026100000000003,no_c,
l2-n128-uniform-w1,main,2,128,uniform,1,eas_k1_adaptive,eas,1,adaptive,accept_static_degree,11,1,0,-0.009562999999999988,all_c,
l2-n128-uniform-w1,main,2,128,uniform,1,eas_k2_adaptive,eas,2,adaptive,accept_id,11,1,-2,0.019003000000000048,no_c,
l2-n128-uniform-w1,main,2,128,uniform,1,eas_k2_adaptive,eas,2,adaptive,accept_static_degree,11,1,-2,-0.01082099999999997,c_below,2.841453125000004
l2-n128-uniform-w1,main,2,128,uniform,1,eas_k1_adaptive,eas,1,adaptive,accept_id,11,2,0,0.02231099999999997,no_c,
l2-n128-uniform-w1,main,2,128,uniform,1,eas_k1_adaptive,eas,1,adaptive,accept_static_degree,11,2,0,-0.00867100000000004,all_c,
l2-n128-uniform-w1,main,2,128,uniform,1,eas_k2_adaptive,eas,2,adaptive,accept_id,11,2,-2,0.02319199999999999,no_c,
l2-n128-uniform-w1,main,2,128,uniform,1,eas_k2_adaptive,eas,2,adaptive,accept_static_degree,11,2,-2,-0.007790000000000019,c_below,1.3262031250000084
l2-n128-uniform-w1,main,2,128,uniform,1,eas_k1_adaptive,eas,1,adaptive,accept_id,11,3,0,0.01568799999999998,no_c,
l2-n128-uniform-w1,main,2,128,uniform,1,eas_k1_adaptive,eas,1,adaptive,accept_static_degree,11,3,0,0.0046720000000000095,no_c,
l2-n128-uniform-w1,main,2,128,uniform,1,eas_k2_adaptive,eas,2,adaptive,accept_id,11,3,-2,0.012131000000000003,no_c,
l2-n128-uniform-w1,main,2,128,uniform,1,eas_k2_adaptive,eas,2,adaptive,accept_static_degree,11,3,-2,0.0011150000000000326,no_c,
l2-n128-uniform-w1,main,2,128,uniform,1,eas_k1_adaptive,eas,1,adaptive,accept_id,29,1,0,0.013830000000000009,no_c,
l2-n128-uniform-w1,main,2,128,uniform,1,eas_k1_adaptive,eas,1,adaptive,accept_static_degree,29,1,0,-0.01658200000000004,all_c,
l2-n128-uniform-w1,main,2,128,uniform,1,eas_k2_adaptive,eas,2,adaptive,accept_id,29,1,0,0.005731000000000042,no_c,
l2-n128-uniform-w1,main,2,128,uniform,1,eas_k2_adaptive,eas,2,adaptive,accept_static_degree,29,1,0,-0.02468100000000001,all_c,
l2-n128-uniform-w1,main,2,128,uniform,1,eas_k1_adaptive,eas,1,adaptive,accept_id,29,2,0,0.021048999999999984,no_c,
l2-n128-uniform-w1,main,2,128,uniform,1,eas_k1_adaptive,eas,1,adaptive,accept_static_degree,29,2,0,-0.001933000000000018,all_c,
l2-n128-uniform-w1,main,2,128,uniform,1,eas_k2_adaptive,eas,2,adaptive,accept_id,29,2,0,0.018069,no_c,
l2-n128-uniform-w1,main,2,128,uniform,1,eas_k2_adaptive,eas,2,adaptive,accept_static_degree,29,2,0,-0.004913000000000001,all_c,
l2-n128-uniform-w1,main,2,128,uniform,1,eas_k1_adaptive,eas,1,adaptive,accept_id,29,3,0,0.016019000000000005,no_c,
l2-n128-uniform-w1,main,2,128,uniform,1,eas_k1_adaptive,eas,1,adaptive,accept_static_degree,29,3,0,-0.0019589999999999885,all_c,
l2-n128-uniform-w1,main,2,128,uniform,1,eas_k2_adaptive,eas,2,adaptive,accept_id,29,3,0,0.011947999999999959,no_c,
l2-n128-uniform-w1,main,2,128,uniform,1,eas_k2_adaptive,eas,2,adaptive,accept_static_degree,29,3,0,-0.006030000000000035,all_c,
l2-n128-uniform-w1,main,2,128,uniform,1,eas_k1_adaptive,eas,1,adaptive,accept_id,47,1,0,0.03511000000000003,no_c,
l2-n128-uniform-w1,main,2,128,uniform,1,eas_k1_adaptive,eas,1,adaptive,accept_static_degree,47,1,0,-0.00121899999999997,all_c,
l2-n128-uniform-w1,main,2,128,uniform,1,eas_k2_adaptive,eas,2,adaptive,accept_id,47,1,0,0.04216900000000001,no_c,
l2-n128-uniform-w1,main,2,128,uniform,1,eas_k2_adaptive,eas,2,adaptive,accept_static_degree,47,1,0,0.005840000000000012,no_c,
l2-n128-uniform-w1,main,2,128,uniform,1,eas_k1_adaptive,eas,1,adaptive,accept_id,47,2,0,0.024673,no_c,
l2-n128-uniform-w1,main,2,128,uniform,1,eas_k1_adaptive,eas,1,adaptive,accept_static_degree,47,2,0,-0.010938000000000003,all_c,
l2-n128-uniform-w1,main,2,128,uniform,1,eas_k2_adaptive,eas,2,adaptive,accept_id,47,2,0,0.02570699999999998,no_c,
l2-n128-uniform-w1,main,2,128,uniform,1,eas_k2_adaptive,eas,2,adaptive,accept_static_degree,47,2,0,-0.009904000000000024,all_c,
l2-n128-uniform-w1,main,2,128,uniform,1,eas_k1_adaptive,eas,1,adaptive,accept_id,47,3,0,0.02754000000000001,no_c,
l2-n128-uniform-w1,main,2,128,uniform,1,eas_k1_adaptive,eas,1,adaptive,accept_static_degree,47,3,0,0.0037920000000000176,no_c,
l2-n128-uniform-w1,main,2,128,uniform,1,eas_k2_adaptive,eas,2,adaptive,accept_id,47,3,0,0.025429000000000035,no_c,
l2-n128-uniform-w1,main,2,128,uniform,1,eas_k2_adaptive,eas,2,adaptive,accept_static_degree,47,3,0,0.0016810000000000436,no_c,
l2-n128-uniform-w1,main,2,128,uniform,1,eas_k2_adaptive,eas,2,adaptive,accept_id,71,1,-2,0.01728799999999997,no_c,
l2-n128-uniform-w1,main,2,128,uniform,1,eas_k2_adaptive,eas,2,adaptive,accept_static_degree,71,1,-2,-0.007909000000000055,c_below,1.4337421875000311
l2-n128-uniform-w1,main,2,128,uniform,1,eas_k1_adaptive,eas,1,adaptive,accept_id,71,1,0,0.01711299999999999,no_c,
l2-n128-uniform-w1,main,2,128,uniform,1,eas_k1_adaptive,eas,1,adaptive,accept_static_degree,71,1,0,-0.008084000000000036,all_c,
l2-n128-uniform-w1,main,2,128,uniform,1,eas_k1_adaptive,eas,1,adaptive,accept_id,71,2,0,-0.0012840000000000074,all_c,
l2-n128-uniform-w1,main,2,128,uniform,1,eas_k1_adaptive,eas,1,adaptive,accept_static_degree,71,2,0,-0.010394000000000014,all_c,
l2-n128-uniform-w1,main,2,128,uniform,1,eas_k2_adaptive,eas,2,adaptive,accept_id,71,2,-2,0.0038549999999999973,no_c,
l2-n128-uniform-w1,main,2,128,uniform,1,eas_k2_adaptive,eas,2,adaptive,accept_static_degree,71,2,-2,-0.00525500000000001,c_below,0.1295624999999856
l2-n128-uniform-w1,main,2,128,uniform,1,eas_k1_adaptive,eas,1,adaptive,accept_id,71,3,0,0.01861099999999999,no_c,
l2-n128-uniform-w1,main,2,128,uniform,1,eas_k1_adaptive,eas,1,adaptive,accept_static_degree,71,3,0,-0.012169999999999959,all_c,
l2-n128-uniform-w1,main,2,128,uniform,1,eas_k2_adaptive,eas,2,adaptive,accept_id,71,3,-2,0.02137699999999998,no_c,
l2-n128-uniform-w1,main,2,128,uniform,1,eas_k2_adaptive,eas,2,adaptive,accept_static_degree,71,3,-2,-0.009403999999999968,c_below,2.1068984375000044
l2-n128-uniform-w1,main,2,128,uniform,1,eas_k2_adaptive,eas,2,adaptive,accept_id,101,1,0,0.018006999999999995,no_c,
l2-n128-uniform-w1,main,2,128,uniform,1,eas_k2_adaptive,eas,2,adaptive,accept_static_degree,101,1,0,-0.0022800000000000042,all_c,
l2-n128-uniform-w1,main,2,128,uniform,1,eas_k1_adaptive,eas,1,adaptive,accept_id,101,1,0,0.007525000000000004,no_c,
l2-n128-uniform-w1,main,2,128,uniform,1,eas_k1_adaptive,eas,1,adaptive,accept_static_degree,101,1,0,-0.012761999999999996,all_c,
l2-n128-uniform-w1,main,2,128,uniform,1,eas_k1_adaptive,eas,1,adaptive,accept_id,101,2,0,0.025617,no_c,
l2-n128-uniform-w1,main,2,128,uniform,1,eas_k1_adaptive,eas,1,adaptive,accept_static_degree,101,2,0,0.004429000000000016,no_c,
l2-n128-uniform-w1,main,2,128,uniform,1,eas_k2_adaptive,eas,2,adaptive,accept_id,101,2,0,0.009402999999999995,no_c,
l2-n128-uniform-w1,main,2,128,uniform,1,eas_k2_adaptive,eas,2,adaptive,accept_static_degree,101,2,0,-0.01178499999999999,all_c,
l2-n128-uniform-w1,main,2,128,uniform,1,eas_k2_adaptive,eas,2,adaptive,accept_id,101,3,0,0.01737500000000003,no_c,
l2-n128-uniform-w1,main,2,128,uniform,1,eas_k2_adaptive,eas,2,adaptive,accept_static_degree,101,3,0,-0.008992999999999973,all_c,
l2-n128-uniform-w1,main,2,128,uniform,1,eas_k1_adaptive,eas,1,adaptive,accept_id,101,3,0,0.019637000000000016,no_c,
l2-n128-uniform-w1,main,2,128,uniform,1,eas_k1_adaptive,eas,1,adaptive,accept_static_degree,101,3,0,-0.006730999999999987,all_c,
l2-n128-zipf-w1,main,2,128,zipf,1,eas_k1_adaptive,eas,1,adaptive,accept_id,11,1,2,0.14244599999999996,c_above,28.416031249999993
l2-n128-zipf-w1,main,2,128,zipf,1,eas_k1_adaptive,eas,1,adaptive,accept_static_degree,11,1,0,0.13554099999999997,no_c,
l2-n128-zipf-w1,main,2,128,zipf,1,eas_k2_adaptive,eas,2,adaptive,accept_id,11,1,-1,0.132946,no_c,
l2-n128-zipf-w1,main,2,128,zipf,1,eas_k2_adaptive,eas,2,adaptive,accept_static_degree,11,1,-3,0.12604100000000001,no_c,
l2-n128-zipf-w1,main,2,128,zipf,1,eas_k2_adaptive,eas,2,adaptive,accept_id,11,2,-1,0.143934,no_c,
l2-n128-zipf-w1,main,2,128,zipf,1,eas_k2_adaptive,eas,2,adaptive,accept_static_degree,11,2,-3,0.11363600000000001,no_c,
l2-n128-zipf-w1,main,2,128,zipf,1,eas_k1_adaptive,eas,1,adaptive,accept_id,11,2,2,0.17232799999999998,c_above,35.0039296875
l2-n128-zipf-w1,main,2,128,zipf,1,eas_k1_adaptive,eas,1,adaptive,accept_static_degree,11,2,0,0.14203,no_c,
l2-n128-zipf-w1,main,2,128,zipf,1,eas_k1_adaptive,eas,1,adaptive,accept_id,11,3,2,0.170441,c_above,34.623207031250004
l2-n128-zipf-w1,main,2,128,zipf,1,eas_k1_adaptive,eas,1,adaptive,accept_static_degree,11,3,0,0.140681,no_c,
l2-n128-zipf-w1,main,2,128,zipf,1,eas_k2_adaptive,eas,2,adaptive,accept_id,11,3,-1,0.157499,no_c,
l2-n128-zipf-w1,main,2,128,zipf,1,eas_k2_adaptive,eas,2,adaptive,accept_static_degree,11,3,-3,0.127739,no_c,
l2-n128-zipf-w1,main,2,128,zipf,1,eas_k2_adaptive,eas,2,adaptive,accept_id,29,1,2,0.140992,c_above,30.954468750000004
l2-n128-zipf-w1,main,2,128,zipf,1,eas_k2_adaptive,eas,2,adaptive,accept_static_degree,29,1,0,0.11355100000000001,no_c,
l2-n128-zipf-w1,main,2,128,zipf,1,eas_k1_adaptive,eas,1,adaptive,accept_id,29,1,2,0.15757,c_above,34.8399375
l2-n128-zipf-w1,main,2,128,zipf,1,eas_k1_adaptive,eas,1,adaptive,accept_static_degree,29,1,0,0.130129,no_c,
l2-n128-zipf-w1,main,2,128,zipf,1,eas_k1_adaptive,eas,1,adaptive,accept_id,29,2,2,0.165344,c_above,36.684515624999996
l2-n128-zipf-w1,main,2,128,zipf,1,eas_k1_adaptive,eas,1,adaptive,accept_static_degree,29,2,0,0.13099499999999997,no_c,
l2-n128-zipf-w1,main,2,128,zipf,1,eas_k2_adaptive,eas,2,adaptive,accept_id,29,2,2,0.15567000000000003,c_above,34.417171875
l2-n128-zipf-w1,main,2,128,zipf,1,eas_k2_adaptive,eas,2,adaptive,accept_static_degree,29,2,0,0.12132100000000001,no_c,
l2-n128-zipf-w1,main,2,128,zipf,1,eas_k1_adaptive,eas,1,adaptive,accept_id,29,3,2,0.15794800000000003,c_above,34.95350781250001
l2-n128-zipf-w1,main,2,128,zipf,1,eas_k1_adaptive,eas,1,adaptive,accept_static_degree,29,3,0,0.13032100000000002,no_c,
l2-n128-zipf-w1,main,2,128,zipf,1,eas_k2_adaptive,eas,2,adaptive,accept_id,29,3,2,0.14984000000000003,c_above,33.05319531250001
l2-n128-zipf-w1,main,2,128,zipf,1,eas_k2_adaptive,eas,2,adaptive,accept_static_degree,29,3,0,0.12221300000000002,no_c,
l2-n128-zipf-w1,main,2,128,zipf,1,eas_k2_adaptive,eas,2,adaptive,accept_id,47,1,-3,0.13436200000000004,no_c,
l2-n128-zipf-w1,main,2,128,zipf,1,eas_k2_adaptive,eas,2,adaptive,accept_static_degree,47,1,-4,0.10624600000000001,no_c,
l2-n128-zipf-w1,main,2,128,zipf,1,eas_k1_adaptive,eas,1,adaptive,accept_id,47,1,1,0.15102900000000002,c_above,79.31003125000002
l2-n128-zipf-w1,main,2,128,zipf,1,eas_k1_adaptive,eas,1,adaptive,accept_static_degree,47,1,0,0.122913,no_c,
l2-n128-zipf-w1,main,2,128,zipf,1,eas_k1_adaptive,eas,1,adaptive,accept_id,47,2,1,0.150644,c_above,79.13330468749999
l2-n128-zipf-w1,main,2,128,zipf,1,eas_k1_adaptive,eas,1,adaptive,accept_static_degree,47,2,0,0.11714000000000002,no_c,
l2-n128-zipf-w1,main,2,128,zipf,1,eas_k2_adaptive,eas,2,adaptive,accept_id,47,2,-3,0.13124399999999997,no_c,
l2-n128-zipf-w1,main,2,128,zipf,1,eas_k2_adaptive,eas,2,adaptive,accept_static_degree,47,2,-4,0.09774,no_c,
l2-n128-zipf-w1,main,2,128,zipf,1,eas_k1_adaptive,eas,1,adaptive,accept_id,47,3,1,0.15253900000000004,c_above,80.09229687500003
l2-n128-zipf-w1,main,2,128,zipf,1,eas_k1_adaptive,eas,1,adaptive,accept_static_degree,47,3,0,0.12427500000000002,no_c,
l2-n128-zipf-w1,main,2,128,zipf,1,eas_k2_adaptive,eas,2,adaptive,accept_id,47,3,-3,0.12979200000000002,no_c,
l2-n128-zipf-w1,main,2,128,zipf,1,eas_k2_adaptive,eas,2,adaptive,accept_static_degree,47,3,-4,0.10152800000000001,no_c,
l2-n128-zipf-w1,main,2,128,zipf,1,eas_k1_adaptive,eas,1,adaptive,accept_id,71,1,2,0.12943500000000002,c_above,32.159054687499996
l2-n128-zipf-w1,main,2,128,zipf,1,eas_k1_adaptive,eas,1,adaptive,accept_static_degree,71,1,0,0.12049599999999999,no_c,
l2-n128-zipf-w1,main,2,128,zipf,1,eas_k2_adaptive,eas,2,adaptive,accept_id,71,1,0,0.12868400000000002,no_c,
l2-n128-zipf-w1,main,2,128,zipf,1,eas_k2_adaptive,eas,2,adaptive,accept_static_degree,71,1,-2,0.11974499999999999,no_c,
l2-n128-zipf-w1,main,2,128,zipf,1,eas_k2_adaptive,eas,2,adaptive,accept_id,71,2,0,0.13584700000000005,no_c,
l2-n128-zipf-w1,main,2,128,zipf,1,eas_k2_adaptive,eas,2,adaptive,accept_static_degree,71,2,-2,0.09667300000000001,no_c,
l2-n128-zipf-w1,main,2,128,zipf,1,eas_k1_adaptive,eas,1,adaptive,accept_id,71,2,2,0.14688500000000004,c_above,36.93482031250002
l2-n128-zipf-w1,main,2,128,zipf,1,eas_k1_adaptive,eas,1,adaptive,accept_static_degree,71,2,0,0.107711,no_c,
l2-n128-zipf-w1,main,2,128,zipf,1,eas_k1_adaptive,eas,1,adaptive,accept_id,71,3,2,0.13793899999999998,c_above,34.50569531249999
l2-n128-zipf-w1,main,2,128,zipf,1,eas_k1_adaptive,eas,1,adaptive,accept_static_degree,71,3,0,0.11853400000000003,no_c,
l2-n128-zipf-w1,main,2,128,zipf,1,eas_k2_adaptive,eas,2,adaptive,accept_id,71,3,0,0.124027,no_c,
l2-n128-zipf-w1,main,2,128,zipf,1,eas_k2_adaptive,eas,2,adaptive,accept_static_degree,71,3,-2,0.10462200000000005,no_c,
l2-n128-zipf-w1,main,2,128,zipf,1,eas_k2_adaptive,eas,2,adaptive,accept_id,101,1,1,0.15594600000000003,c_above,79.55594531250001
l2-n128-zipf-w1,main,2,128,zipf,1,eas_k2_adaptive,eas,2,adaptive,accept_static_degree,101,1,-1,0.123973,no_c,
l2-n128-zipf-w1,main,2,128,zipf,1,eas_k1_adaptive,eas,1,adaptive,accept_id,101,1,2,0.147144,c_above,36.43830468750001
l2-n128-zipf-w1,main,2,128,zipf,1,eas_k1_adaptive,eas,1,adaptive,accept_static_degree,101,1,0,0.11517099999999997,no_c,
l2-n128-zipf-w1,main,2,128,zipf,1,eas_k1_adaptive,eas,1,adaptive,accept_id,101,2,2,0.15458700000000003,c_above,38.399582031250006
l2-n128-zipf-w1,main,2,128,zipf,1,eas_k1_adaptive,eas,1,adaptive,accept_static_degree,101,2,0,0.114672,no_c,
l2-n128-zipf-w1,main,2,128,zipf,1,eas_k2_adaptive,eas,2,adaptive,accept_id,101,2,1,0.13992400000000005,c_above,71.182734375
l2-n128-zipf-w1,main,2,128,zipf,1,eas_k2_adaptive,eas,2,adaptive,accept_static_degree,101,2,-1,0.10000900000000001,no_c,
l2-n128-zipf-w1,main,2,128,zipf,1,eas_k1_adaptive,eas,1,adaptive,accept_id,101,3,2,0.14642899999999998,c_above,36.24395703125
l2-n128-zipf-w1,main,2,128,zipf,1,eas_k1_adaptive,eas,1,adaptive,accept_static_degree,101,3,0,0.11291499999999999,no_c,
l2-n128-zipf-w1,main,2,128,zipf,1,eas_k2_adaptive,eas,2,adaptive,accept_id,101,3,1,0.13979799999999998,c_above,71.09625781249999
l2-n128-zipf-w1,main,2,128,zipf,1,eas_k2_adaptive,eas,2,adaptive,accept_static_degree,101,3,-1,0.10628399999999999,no_c,
l2-n512-uniform-w1,main,2,512,uniform,1,eas_k1_adaptive,eas,1,adaptive,accept_id,11,1,3,0.11604100000000006,c_above,33.77256510416671
l2-n512-uniform-w1,main,2,512,uniform,1,eas_k1_adaptive,eas,1,adaptive,accept_static_degree,11,1,0,0.03215600000000007,no_c,
l2-n512-uniform-w1,main,2,512,uniform,1,eas_k2_adaptive,eas,2,adaptive,accept_id,11,1,1,0.1289880000000001,c_above,117.55409179687516
l2-n512-uniform-w1,main,2,512,uniform,1,eas_k2_adaptive,eas,2,adaptive,accept_static_degree,11,1,-2,0.045103000000000115,no_c,
l2-n512-uniform-w1,main,2,512,uniform,1,eas_k2_adaptive,eas,2,adaptive,accept_id,11,2,1,0.14339000000000013,c_above,130.90534375000007
l2-n512-uniform-w1,main,2,512,uniform,1,eas_k2_adaptive,eas,2,adaptive,accept_static_degree,11,2,-2,0.055057000000000134,no_c,
l2-n512-uniform-w1,main,2,512,uniform,1,eas_k1_adaptive,eas,1,adaptive,accept_id,11,2,3,0.10753100000000004,c_above,31.13091341145835
l2-n512-uniform-w1,main,2,512,uniform,1,eas_k1_adaptive,eas,1,adaptive,accept_static_degree,11,2,0,0.01919800000000005,no_c,
l2-n512-uniform-w1,main,2,512,uniform,1,eas_k1_adaptive,eas,1,adaptive,accept_id,11,3,3,0.16058799999999995,c_above,47.54218815104168
l2-n512-uniform-w1,main,2,512,uniform,1,eas_k1_adaptive,eas,1,adaptive,accept_static_degree,11,3,0,0.07073699999999983,no_c,
l2-n512-uniform-w1,main,2,512,uniform,1,eas_k2_adaptive,eas,2,adaptive,accept_id,11,3,1,0.12377900000000008,c_above,112.71521875000002
l2-n512-uniform-w1,main,2,512,uniform,1,eas_k2_adaptive,eas,2,adaptive,accept_static_degree,11,3,-2,0.03392799999999996,no_c,
l2-n512-uniform-w1,main,2,512,uniform,1,eas_k2_adaptive,eas,2,adaptive,accept_id,29,1,-1,0.15092799999999995,no_c,
l2-n512-uniform-w1,main,2,512,uniform,1,eas_k2_adaptive,eas,2,adaptive,accept_static_degree,29,1,-1,0.06505000000000005,no_c,
l2-n512-uniform-w1,main,2,512,uniform,1,eas_k1_adaptive,eas,1,adaptive,accept_id,29,1,0,0.13051199999999996,no_c,
l2-n512-uniform-w1,main,2,512,uniform,1,eas_k1_adaptive,eas,1,adaptive,accept_static_degree,29,1,0,0.04463400000000006,no_c,
l2-n512-uniform-w1,main,2,512,uniform,1,eas_k1_adaptive,eas,1,adaptive,accept_id,29,2,0,0.162331,no_c,
l2-n512-uniform-w1,main,2,512,uniform,1,eas_k1_adaptive,eas,1,adaptive,accept_static_degree,29,2,0,0.0582339999999999,no_c,
l2-n512-uniform-w1,main,2,512,uniform,1,eas_k2_adaptive,eas,2,adaptive,accept_id,29,2,-1,0.16866599999999998,no_c,
l2-n512-uniform-w1,main,2,512,uniform,1,eas_k2_adaptive,eas,2,adaptive,accept_static_degree,29,2,-1,0.06456899999999988,no_c,
l2-n512-uniform-w1,main,2,512,uniform,1,eas_k2_adaptive,eas,2,adaptive,accept_id,29,3,-1,0.14032900000000015,no_c,
l2-n512-uniform-w1,main,2,512,uniform,1,eas_k2_adaptive,eas,2,adaptive,accept_static_degree,29,3,-1,0.047793000000000196,no_c,
l2-n512-uniform-w1,main,2,512,uniform,1,eas_k1_adaptive,eas,1,adaptive,accept_id,29,3,0,0.12413600000000002,no_c,
l2-n512-uniform-w1,main,2,512,uniform,1,eas_k1_adaptive,eas,1,adaptive,accept_static_degree,29,3,0,0.03160000000000007,no_c,
l2-n512-uniform-w1,main,2,512,uniform,1,eas_k2_adaptive,eas,2,adaptive,accept_id,47,1,-3,0.1519299999999999,no_c,
l2-n512-uniform-w1,main,2,512,uniform,1,eas_k2_adaptive,eas,2,adaptive,accept_static_degree,47,1,-3,0.055908999999999986,no_c,
l2-n512-uniform-w1,main,2,512,uniform,1,eas_k1_adaptive,eas,1,adaptive,accept_id,47,1,0,0.13378899999999994,no_c,
l2-n512-uniform-w1,main,2,512,uniform,1,eas_k1_adaptive,eas,1,adaptive,accept_static_degree,47,1,0,0.037768000000000024,no_c,
l2-n512-uniform-w1,main,2,512,uniform,1,eas_k2_adaptive,eas,2,adaptive,accept_id,47,2,-3,0.10052100000000008,no_c,
l2-n512-uniform-w1,main,2,512,uniform,1,eas_k2_adaptive,eas,2,adaptive,accept_static_degree,47,2,-3,0.051900999999999975,no_c,
l2-n512-uniform-w1,main,2,512,uniform,1,eas_k1_adaptive,eas,1,adaptive,accept_id,47,2,0,0.12841400000000003,no_c,
l2-n512-uniform-w1,main,2,512,uniform,1,eas_k1_adaptive,eas,1,adaptive,accept_static_degree,47,2,0,0.07979399999999992,no_c,
l2-n512-uniform-w1,main,2,512,uniform,1,eas_k1_adaptive,eas,1,adaptive,accept_id,47,3,0,0.11861800000000011,no_c,
l2-n512-uniform-w1,main,2,512,uniform,1,eas_k1_adaptive,eas,1,adaptive,accept_static_degree,47,3,0,0.05451600000000001,no_c,
l2-n512-uniform-w1,main,2,512,uniform,1,eas_k2_adaptive,eas,2,adaptive,accept_id,47,3,-3,0.12383199999999994,no_c,
l2-n512-uniform-w1,main,2,512,uniform,1,eas_k2_adaptive,eas,2,adaptive,accept_static_degree,47,3,-3,0.05972999999999984,no_c,
l2-n512-uniform-w1,main,2,512,uniform,1,eas_k1_adaptive,eas,1,adaptive,accept_id,71,1,2,0.13512800000000014,c_above,58.49533789062511
l2-n512-uniform-w1,main,2,512,uniform,1,eas_k1_adaptive,eas,1,adaptive,accept_static_degree,71,1,0,0.09585700000000008,no_c,
l2-n512-uniform-w1,main,2,512,uniform,1,eas_k2_adaptive,eas,2,adaptive,accept_id,71,1,0,0.09720499999999999,no_c,
l2-n512-uniform-w1,main,2,512,uniform,1,eas_k2_adaptive,eas,2,adaptive,accept_static_degree,71,1,-2,0.05793399999999993,no_c,
l2-n512-uniform-w1,main,2,512,uniform,1,eas_k1_adaptive,eas,1,adaptive,accept_id,71,2,2,0.1546860000000001,c_above,67.36311132812506
l2-n512-uniform-w1,main,2,512,uniform,1,eas_k1_adaptive,eas,1,adaptive,accept_static_degree,71,2,0,0.0664340000000001,no_c,
l2-n512-uniform-w1,main,2,512,uniform,1,eas_k2_adaptive,eas,2,adaptive,accept_id,71,2,0,0.18390300000000015,no_c,
l2-n512-uniform-w1,main,2,512,uniform,1,eas_k2_adaptive,eas,2,adaptive,accept_static_degree,71,2,-2,0.09565100000000015,no_c,
l2-n512-uniform-w1,main,2,512,uniform,1,eas_k1_adaptive,eas,1,adaptive,accept_id,71,3,2,0.14768899999999996,c_above,64.23910742187495
l2-n512-uniform-w1,main,2,512,uniform,1,eas_k1_adaptive,eas,1,adaptive,accept_static_degree,71,3,0,0.046811999999999854,no_c,
l2-n512-uniform-w1,main,2,512,uniform,1,eas_k2_adaptive,eas,2,adaptive,accept_id,71,3,0,0.15668700000000002,no_c,
l2-n512-uniform-w1,main,2,512,uniform,1,eas_k2_adaptive,eas,2,adaptive,accept_static_degree,71,3,-2,0.055809999999999915,no_c,
l2-n512-uniform-w1,main,2,512,uniform,1,eas_k1_adaptive,eas,1,adaptive,accept_id,101,1,3,0.189986,c_above,55.20086848958335
l2-n512-uniform-w1,main,2,512,uniform,1,eas_k1_adaptive,eas,1,adaptive,accept_static_degree,101,1,0,0.067631,no_c,
l2-n512-uniform-w1,main,2,512,uniform,1,eas_k2_adaptive,eas,2,adaptive,accept_id,101,1,1,0.18155200000000016,c_above,162.10985937499998
l2-n512-uniform-w1,main,2,512,uniform,1,eas_k2_adaptive,eas,2,adaptive,accept_static_degree,101,1,-2,0.059197000000000166,no_c,
l2-n512-uniform-w1,main,2,512,uniform,1,eas_k2_adaptive,eas,2,adaptive,accept_id,101,2,1,0.14089400000000007,c_above,125.29686328125011
l2-n512-uniform-w1,main,2,512,uniform,1,eas_k2_adaptive,eas,2,adaptive,accept_static_degree,101,2,-2,0.038416000000000006,no_c,
l2-n512-uniform-w1,main,2,512,uniform,1,eas_k1_adaptive,eas,1,adaptive,accept_id,101,2,3,0.201314,c_above,58.569399739583304
l2-n512-uniform-w1,main,2,512,uniform,1,eas_k1_adaptive,eas,1,adaptive,accept_static_degree,101,2,0,0.09883599999999992,no_c,
l2-n512-uniform-w1,main,2,512,uniform,1,eas_k1_adaptive,eas,1,adaptive,accept_id,101,3,3,0.15695400000000004,c_above,45.25235742187502
l2-n512-uniform-w1,main,2,512,uniform,1,eas_k1_adaptive,eas,1,adaptive,accept_static_degree,101,3,0,0.033663,no_c,
l2-n512-uniform-w1,main,2,512,uniform,1,eas_k2_adaptive,eas,2,adaptive,accept_id,101,3,1,0.19032099999999996,c_above,170.04803906249987
l2-n512-uniform-w1,main,2,512,uniform,1,eas_k2_adaptive,eas,2,adaptive,accept_static_degree,101,3,-2,0.06702999999999992,no_c,
l2-n512-zipf-w1,main,2,512,zipf,1,eas_k1_adaptive,eas,1,adaptive,accept_id,11,1,10,0.964844,c_above,30.601427343750004
l2-n512-zipf-w1,main,2,512,zipf,1,eas_k1_adaptive,eas,1,adaptive,accept_static_degree,11,1,0,0.859701,no_c,
l2-n512-zipf-w1,main,2,512,zipf,1,eas_k2_adaptive,eas,2,adaptive,accept_id,11,1,10,0.803148,c_above,25.169452343750002
l2-n512-zipf-w1,main,2,512,zipf,1,eas_k2_adaptive,eas,2,adaptive,accept_static_degree,11,1,0,0.698005,no_c,
l2-n512-zipf-w1,main,2,512,zipf,1,eas_k2_adaptive,eas,2,adaptive,accept_id,11,2,10,0.817085,c_above,25.600400390624998
l2-n512-zipf-w1,main,2,512,zipf,1,eas_k2_adaptive,eas,2,adaptive,accept_static_degree,11,2,0,0.721076,no_c,
l2-n512-zipf-w1,main,2,512,zipf,1,eas_k1_adaptive,eas,1,adaptive,accept_id,11,2,10,0.9003899999999999,c_above,28.39892773437499
l2-n512-zipf-w1,main,2,512,zipf,1,eas_k1_adaptive,eas,1,adaptive,accept_static_degree,11,2,0,0.804381,no_c,
l2-n512-zipf-w1,main,2,512,zipf,1,eas_k2_adaptive,eas,2,adaptive,accept_id,11,3,10,0.79855,c_above,24.985298828124996
l2-n512-zipf-w1,main,2,512,zipf,1,eas_k2_adaptive,eas,2,adaptive,accept_static_degree,11,3,0,0.7050699999999999,no_c,
l2-n512-zipf-w1,main,2,512,zipf,1,eas_k1_adaptive,eas,1,adaptive,accept_id,11,3,10,0.95907,c_above,30.377767578124995
l2-n512-zipf-w1,main,2,512,zipf,1,eas_k1_adaptive,eas,1,adaptive,accept_static_degree,11,3,0,0.8655899999999999,no_c,
l2-n512-zipf-w1,main,2,512,zipf,1,eas_k1_adaptive,eas,1,adaptive,accept_id,29,1,6,0.950576,c_above,49.55720377604167
l2-n512-zipf-w1,main,2,512,zipf,1,eas_k1_adaptive,eas,1,adaptive,accept_static_degree,29,1,0,0.798718,no_c,
l2-n512-zipf-w1,main,2,512,zipf,1,eas_k2_adaptive,eas,2,adaptive,accept_id,29,1,2,0.8594529999999999,c_above,137.51683203125
l2-n512-zipf-w1,main,2,512,zipf,1,eas_k2_adaptive,eas,2,adaptive,accept_static_degree,29,1,-4,0.707595,no_c,
l2-n512-zipf-w1,main,2,512,zipf,1,eas_k1_adaptive,eas,1,adaptive,accept_id,29,2,6,0.9636129999999999,c_above,50.291845052083325
l2-n512-zipf-w1,main,2,512,zipf,1,eas_k1_adaptive,eas,1,adaptive,accept_static_degree,29,2,0,0.820417,no_c,
l2-n512-zipf-w1,main,2,512,zipf,1,eas_k2_adaptive,eas,2,adaptive,accept_id,29,2,2,0.843203,c_above,134.91272265625003
l2-n512-zipf-w1,main,2,512,zipf,1,eas_k2_adaptive,eas,2,adaptive,accept_static_degree,29,2,-4,0.700007,no_c,
l2-n512-zipf-w1,main,2,512,zipf,1,eas_k2_adaptive,eas,2,adaptive,accept_id,29,3,2,0.8375560000000001,c_above,133.96283007812502
l2-n512-zipf-w1,main,2,512,zipf,1,eas_k2_adaptive,eas,2,adaptive,accept_static_degree,29,3,-4,0.722747,no_c,
l2-n512-zipf-w1,main,2,512,zipf,1,eas_k1_adaptive,eas,1,adaptive,accept_id,29,3,6,0.933539,c_above,48.632291666666674
l2-n512-zipf-w1,main,2,512,zipf,1,eas_k1_adaptive,eas,1,adaptive,accept_static_degree,29,3,0,0.81873,no_c,
l2-n512-zipf-w1,main,2,512,zipf,1,eas_k2_adaptive,eas,2,adaptive,accept_id,47,1,6,0.884556,c_above,44.27259374999999
l2-n512-zipf-w1,main,2,512,zipf,1,eas_k2_adaptive,eas,2,adaptive,accept_static_degree,47,1,-3,0.7122899999999999,no_c,
l2-n512-zipf-w1,main,2,512,zipf,1,eas_k1_adaptive,eas,1,adaptive,accept_id,47,1,9,0.936146,c_above,30.707038194444447
l2-n512-zipf-w1,main,2,512,zipf,1,eas_k1_adaptive,eas,1,adaptive,accept_static_degree,47,1,0,0.7638799999999999,no_c,
l2-n512-zipf-w1,main,2,512,zipf,1,eas_k2_adaptive,eas,2,adaptive,accept_id,47,2,6,0.8570169999999999,c_above,42.824921223958334
l2-n512-zipf-w1,main,2,512,zipf,1,eas_k2_adaptive,eas,2,adaptive,accept_static_degree,47,2,-3,0.7448249999999998,no_c,
l2-n512-zipf-w1,main,2,512,zipf,1,eas_k1_adaptive,eas,1,adaptive,accept_id,47,2,9,0.906433,c_above,29.661987196180558
l2-n512-zipf-w1,main,2,512,zipf,1,eas_k1_adaptive,eas,1,adaptive,accept_static_degree,47,2,0,0.794241,no_c,
l2-n512-zipf-w1,main,2,512,zipf,1,eas_k1_adaptive,eas,1,adaptive,accept_id,47,3,9,0.9561000000000001,c_above,31.429322916666663
l2-n512-zipf-w1,main,2,512,zipf,1,eas_k1_adaptive,eas,1,adaptive,accept_static_degree,47,3,0,0.8230030000000002,no_c,
l2-n512-zipf-w1,main,2,512,zipf,1,eas_k2_adaptive,eas,2,adaptive,accept_id,47,3,6,0.8383470000000001,c_above,41.89531250000001
l2-n512-zipf-w1,main,2,512,zipf,1,eas_k2_adaptive,eas,2,adaptive,accept_static_degree,47,3,-3,0.7052500000000002,no_c,
l2-n512-zipf-w1,main,2,512,zipf,1,eas_k1_adaptive,eas,1,adaptive,accept_id,71,1,6,0.921951,c_above,49.18745312499999
l2-n512-zipf-w1,main,2,512,zipf,1,eas_k1_adaptive,eas,1,adaptive,accept_static_degree,71,1,0,0.8180350000000001,no_c,
l2-n512-zipf-w1,main,2,512,zipf,1,eas_k2_adaptive,eas,2,adaptive,accept_id,71,1,4,0.8286229999999999,c_above,66.95021191406248
l2-n512-zipf-w1,main,2,512,zipf,1,eas_k2_adaptive,eas,2,adaptive,accept_static_degree,71,1,-2,0.724707,no_c,
l2-n512-zipf-w1,main,2,512,zipf,1,eas_k1_adaptive,eas,1,adaptive,accept_id,71,2,6,0.9249569999999999,c_above,49.3635234375
l2-n512-zipf-w1,main,2,512,zipf,1,eas_k1_adaptive,eas,1,adaptive,accept_static_degree,71,2,0,0.8094569999999999,no_c,
l2-n512-zipf-w1,main,2,512,zipf,1,eas_k2_adaptive,eas,2,adaptive,accept_id,71,2,4,0.819589,c_above,66.2100419921875
l2-n512-zipf-w1,main,2,512,zipf,1,eas_k2_adaptive,eas,2,adaptive,accept_static_degree,71,2,-2,0.704089,no_c,
l2-n512-zipf-w1,main,2,512,zipf,1,eas_k1_adaptive,eas,1,adaptive,accept_id,71,3,6,0.947739,c_above,50.63506445312499
l2-n512-zipf-w1,main,2,512,zipf,1,eas_k1_adaptive,eas,1,adaptive,accept_static_degree,71,3,0,0.8240560000000001,no_c,
l2-n512-zipf-w1,main,2,512,zipf,1,eas_k2_adaptive,eas,2,adaptive,accept_id,71,3,4,0.8393019999999999,c_above,67.857193359375
l2-n512-zipf-w1,main,2,512,zipf,1,eas_k2_adaptive,eas,2,adaptive,accept_static_degree,71,3,-2,0.715619,no_c,
l2-n512-zipf-w1,main,2,512,zipf,1,eas_k2_adaptive,eas,2,adaptive,accept_id,101,1,9,0.834775,c_above,29.848744357638893
l2-n512-zipf-w1,main,2,512,zipf,1,eas_k2_adaptive,eas,2,adaptive,accept_static_degree,101,1,0,0.716669,no_c,
l2-n512-zipf-w1,main,2,512,zipf,1,eas_k1_adaptive,eas,1,adaptive,accept_id,101,1,9,0.9860150000000001,c_above,35.592450954861114
l2-n512-zipf-w1,main,2,512,zipf,1,eas_k1_adaptive,eas,1,adaptive,accept_static_degree,101,1,0,0.867909,no_c,
l2-n512-zipf-w1,main,2,512,zipf,1,eas_k2_adaptive,eas,2,adaptive,accept_id,101,2,9,0.8320299999999999,c_above,29.76475802951389
l2-n512-zipf-w1,main,2,512,zipf,1,eas_k2_adaptive,eas,2,adaptive,accept_static_degree,101,2,0,0.7216449999999999,no_c,
l2-n512-zipf-w1,main,2,512,zipf,1,eas_k1_adaptive,eas,1,adaptive,accept_id,101,2,9,0.9577920000000001,c_above,34.54087565104167
l2-n512-zipf-w1,main,2,512,zipf,1,eas_k1_adaptive,eas,1,adaptive,accept_static_degree,101,2,0,0.847407,no_c,
l2-n512-zipf-w1,main,2,512,zipf,1,eas_k1_adaptive,eas,1,adaptive,accept_id,101,3,9,0.981532,c_above,35.46313953993056
l2-n512-zipf-w1,main,2,512,zipf,1,eas_k1_adaptive,eas,1,adaptive,accept_static_degree,101,3,0,0.8667239999999998,no_c,
l2-n512-zipf-w1,main,2,512,zipf,1,eas_k2_adaptive,eas,2,adaptive,accept_id,101,3,9,0.8489350000000001,c_above,30.42744618055556
l2-n512-zipf-w1,main,2,512,zipf,1,eas_k2_adaptive,eas,2,adaptive,accept_static_degree,101,3,0,0.734127,no_c,
l2-n2048-uniform-w1,main,2,2048,uniform,1,eas_k2_adaptive,eas,2,adaptive,accept_id,11,1,26,1.6680000000000001,c_above,43.738835486778854
l2-n2048-uniform-w1,main,2,2048,uniform,1,eas_k2_adaptive,eas,2,adaptive,accept_static_degree,11,1,-8,1.1901849999999996,no_c,
l2-n2048-uniform-w1,main,2,2048,uniform,1,eas_k1_adaptive,eas,1,adaptive,accept_id,11,1,27,1.754403,c_above,44.327092556423615
l2-n2048-uniform-w1,main,2,2048,uniform,1,eas_k1_adaptive,eas,1,adaptive,accept_static_degree,11,1,-7,1.2765879999999994,no_c,
l2-n2048-uniform-w1,main,2,2048,uniform,1,eas_k1_adaptive,eas,1,adaptive,accept_id,11,2,27,1.6205629999999998,c_above,40.782565628616894
l2-n2048-uniform-w1,main,2,2048,uniform,1,eas_k1_adaptive,eas,1,adaptive,accept_static_degree,11,2,-7,1.2504529999999994,no_c,
l2-n2048-uniform-w1,main,2,2048,uniform,1,eas_k2_adaptive,eas,2,adaptive,accept_id,11,2,26,1.611885,c_above,42.192257061298086
l2-n2048-uniform-w1,main,2,2048,uniform,1,eas_k2_adaptive,eas,2,adaptive,accept_static_degree,11,2,-8,1.2417749999999996,no_c,
l2-n2048-uniform-w1,main,2,2048,uniform,1,eas_k2_adaptive,eas,2,adaptive,accept_id,11,3,26,1.5204630000000003,c_above,39.68512601412261
l2-n2048-uniform-w1,main,2,2048,uniform,1,eas_k2_adaptive,eas,2,adaptive,accept_static_degree,11,3,-8,1.0027720000000002,no_c,
l2-n2048-uniform-w1,main,2,2048,uniform,1,eas_k1_adaptive,eas,1,adaptive,accept_id,11,3,27,1.6415500000000005,c_above,41.34044267216437
l2-n2048-uniform-w1,main,2,2048,uniform,1,eas_k1_adaptive,eas,1,adaptive,accept_static_degree,11,3,-7,1.1238590000000004,no_c,
l2-n2048-uniform-w1,main,2,2048,uniform,1,eas_k1_adaptive,eas,1,adaptive,accept_id,29,1,34,1.5415280000000005,c_above,30.00801869829965
l2-n2048-uniform-w1,main,2,2048,uniform,1,eas_k1_adaptive,eas,1,adaptive,accept_static_degree,29,1,-3,1.2135610000000003,no_c,
l2-n2048-uniform-w1,main,2,2048,uniform,1,eas_k2_adaptive,eas,2,adaptive,accept_id,29,1,32,1.5881500000000006,c_above,33.04581732177736
l2-n2048-uniform-w1,main,2,2048,uniform,1,eas_k2_adaptive,eas,2,adaptive,accept_static_degree,29,1,-5,1.2601830000000005,no_c,
l2-n2048-uniform-w1,main,2,2048,uniform,1,eas_k1_adaptive,eas,1,adaptive,accept_id,29,2,34,1.6285129999999999,c_above,31.849440774356616
l2-n2048-uniform-w1,main,2,2048,uniform,1,eas_k1_adaptive,eas,1,adaptive,accept_static_degree,29,2,-3,1.168902,no_c,
l2-n2048-uniform-w1,main,2,2048,uniform,1,eas_k2_adaptive,eas,2,adaptive,accept_id,29,2,32,1.6370820000000004,c_above,34.15851715087892
l2-n2048-uniform-w1,main,2,2048,uniform,1,eas_k2_adaptive,eas,2,adaptive,accept_static_degree,29,2,-5,1.1774710000000006,no_c,
l2-n2048-uniform-w1,main,2,2048,uniform,1,eas_k1_adaptive,eas,1,adaptive,accept_id,29,3,34,1.6709900000000006,c_above,32.702622960707735
l2-n2048-uniform-w1,main,2,2048,uniform,1,eas_k1_adaptive,eas,1,adaptive,accept_static_degree,29,3,-3,1.2957490000000007,no_c,
l2-n2048-uniform-w1,main,2,2048,uniform,1,eas_k2_adaptive,eas,2,adaptive,accept_id,29,3,32,1.6971370000000006,c_above,35.45590005493167
l2-n2048-uniform-w1,main,2,2048,uniform,1,eas_k2_adaptive,eas,2,adaptive,accept_static_degree,29,3,-5,1.3218960000000006,no_c,
l2-n2048-uniform-w1,main,2,2048,uniform,1,eas_k2_adaptive,eas,2,adaptive,accept_id,47,1,33,1.6229389999999997,c_above,33.129832327178
l2-n2048-uniform-w1,main,2,2048,uniform,1,eas_k2_adaptive,eas,2,adaptive,accept_static_degree,47,1,-4,1.1215439999999992,no_c,
l2-n2048-uniform-w1,main,2,2048,uniform,1,eas_k1_adaptive,eas,1,adaptive,accept_id,47,1,33,1.747344,c_above,35.826525701349425
l2-n2048-uniform-w1,main,2,2048,uniform,1,eas_k1_adaptive,eas,1,adaptive,accept_static_degree,47,1,-4,1.2459489999999995,no_c,
l2-n2048-uniform-w1,main,2,2048,uniform,1,eas_k1_adaptive,eas,1,adaptive,accept_id,47,2,33,1.6810590000000003,c_above,34.466462579900565
l2-n2048-uniform-w1,main,2,2048,uniform,1,eas_k1_adaptive,eas,1,adaptive,accept_static_degree,47,2,-4,0.9698060000000002,no_c,
l2-n2048-uniform-w1,main,2,2048,uniform,1,eas_k2_adaptive,eas,2,adaptive,accept_id,47,2,33,1.5687760000000006,c_above,32.03253450520833
l2-n2048-uniform-w1,main,2,2048,uniform,1,eas_k2_adaptive,eas,2,adaptive,accept_static_degree,47,2,-4,0.8575230000000005,no_c,
l2-n2048-uniform-w1,main,2,2048,uniform,1,eas_k2_adaptive,eas,2,adaptive,accept_id,47,3,33,1.6350470000000001,c_above,33.460762902462115
l2-n2048-uniform-w1,main,2,2048,uniform,1,eas_k2_adaptive,eas,2,adaptive,accept_static_degree,47,3,-4,1.2328929999999998,no_c,
l2-n2048-uniform-w1,main,2,2048,uniform,1,eas_k1_adaptive,eas,1,adaptive,accept_id,47,3,33,1.6957190000000004,c_above,34.77593335700758
l2-n2048-uniform-w1,main,2,2048,uniform,1,eas_k1_adaptive,eas,1,adaptive,accept_static_degree,47,3,-4,1.293565,no_c,
l2-n2048-uniform-w1,main,2,2048,uniform,1,eas_k2_adaptive,eas,2,adaptive,accept_id,71,1,25,1.6519179999999993,c_above,43.973319335937475
l2-n2048-uniform-w1,main,2,2048,uniform,1,eas_k2_adaptive,eas,2,adaptive,accept_static_degree,71,1,-10,1.2343329999999995,no_c,
l2-n2048-uniform-w1,main,2,2048,uniform,1,eas_k1_adaptive,eas,1,adaptive,accept_id,71,1,28,1.6729579999999995,c_above,39.5701389160156
l2-n2048-uniform-w1,main,2,2048,uniform,1,eas_k1_adaptive,eas,1,adaptive,accept_static_degree,71,1,-7,1.2553729999999996,no_c,
l2-n2048-uniform-w1,main,2,2048,uniform,1,eas_k1_adaptive,eas,1,adaptive,accept_id,71,2,28,1.630509,c_above,38.526481253487724
l2-n2048-uniform-w1,main,2,2048,uniform,1,eas_k1_adaptive,eas,1,adaptive,accept_static_degree,71,2,-7,1.1544680000000005,no_c,
l2-n2048-uniform-w1,main,2,2048,uniform,1,eas_k2_adaptive,eas,2,adaptive,accept_id,71,2,25,1.646038,c_above,43.82086816406249
l2-n2048-uniform-w1,main,2,2048,uniform,1,eas_k2_adaptive,eas,2,adaptive,accept_static_degree,71,2,-10,1.1699970000000004,no_c,
l2-n2048-uniform-w1,main,2,2048,uniform,1,eas_k2_adaptive,eas,2,adaptive,accept_id,71,3,25,1.5906630000000002,c_above,42.26964941406251
l2-n2048-uniform-w1,main,2,2048,uniform,1,eas_k2_adaptive,eas,2,adaptive,accept_static_degree,71,3,-10,1.1743629999999996,no_c,
l2-n2048-uniform-w1,main,2,2048,uniform,1,eas_k1_adaptive,eas,1,adaptive,accept_id,71,3,28,1.625172,c_above,38.383836635044645
l2-n2048-uniform-w1,main,2,2048,uniform,1,eas_k1_adaptive,eas,1,adaptive,accept_static_degree,71,3,-7,1.2088719999999995,no_c,
l2-n2048-uniform-w1,main,2,2048,uniform,1,eas_k1_adaptive,eas,1,adaptive,accept_id,101,1,33,1.5738770000000004,c_above,32.32379838423296
l2-n2048-uniform-w1,main,2,2048,uniform,1,eas_k1_adaptive,eas,1,adaptive,accept_static_degree,101,1,-4,1.1553830000000005,no_c,
l2-n2048-uniform-w1,main,2,2048,uniform,1,eas_k2_adaptive,eas,2,adaptive,accept_id,101,1,31,1.506608,c_above,32.97615875441028
l2-n2048-uniform-w1,main,2,2048,uniform,1,eas_k2_adaptive,eas,2,adaptive,accept_static_degree,101,1,-6,1.088114,no_c,
l2-n2048-uniform-w1,main,2,2048,uniform,1,eas_k2_adaptive,eas,2,adaptive,accept_id,101,2,31,1.4732879999999993,c_above,32.18267417464716
l2-n2048-uniform-w1,main,2,2048,uniform,1,eas_k2_adaptive,eas,2,adaptive,accept_static_degree,101,2,-6,1.0998389999999993,no_c,
l2-n2048-uniform-w1,main,2,2048,uniform,1,eas_k1_adaptive,eas,1,adaptive,accept_id,101,2,33,1.5194869999999998,c_above,31.117943492542604
l2-n2048-uniform-w1,main,2,2048,uniform,1,eas_k1_adaptive,eas,1,adaptive,accept_static_degree,101,2,-4,1.146038,no_c,
l2-n2048-uniform-w1,main,2,2048,uniform,1,eas_k1_adaptive,eas,1,adaptive,accept_id,101,3,33,1.588291,c_above,32.61558917791193
l2-n2048-uniform-w1,main,2,2048,uniform,1,eas_k1_adaptive,eas,1,adaptive,accept_static_degree,101,3,-4,1.1602249999999996,no_c,
l2-n2048-uniform-w1,main,2,2048,uniform,1,eas_k2_adaptive,eas,2,adaptive,accept_id,101,3,31,1.6344139999999996,c_above,35.91905200982863
l2-n2048-uniform-w1,main,2,2048,uniform,1,eas_k2_adaptive,eas,2,adaptive,accept_static_degree,101,3,-6,1.2063479999999993,no_c,
l2-n2048-zipf-w1,main,2,2048,zipf,1,eas_k1_adaptive,eas,1,adaptive,accept_id,11,1,26,7.442799000000001,c_above,55.223733642578125
l2-n2048-zipf-w1,main,2,2048,zipf,1,eas_k1_adaptive,eas,1,adaptive,accept_static_degree,11,1,-1,6.977364,no_c,
l2-n2048-zipf-w1,main,2,2048,zipf,1,eas_k2_adaptive,eas,2,adaptive,accept_id,11,1,23,6.217653,c_above,52.05820352836277
l2-n2048-zipf-w1,main,2,2048,zipf,1,eas_k2_adaptive,eas,2,adaptive,accept_static_degree,11,1,-4,5.752217999999999,no_c,
l2-n2048-zipf-w1,main,2,2048,zipf,1,eas_k1_adaptive,eas,1,adaptive,accept_id,11,2,26,7.374681,c_above,54.70731094125602
l2-n2048-zipf-w1,main,2,2048,zipf,1,eas_k1_adaptive,eas,1,adaptive,accept_static_degree,11,2,-1,6.928912,no_c,
l2-n2048-zipf-w1,main,2,2048,zipf,1,eas_k2_adaptive,eas,2,adaptive,accept_id,11,2,23,6.221077999999999,c_above,52.09203292713995
l2-n2048-zipf-w1,main,2,2048,zipf,1,eas_k2_adaptive,eas,2,adaptive,accept_static_degree,11,2,-4,5.775309,no_c,
l2-n2048-zipf-w1,main,2,2048,zipf,1,eas_k2_adaptive,eas,2,adaptive,accept_id,11,3,23,6.281098,c_above,52.577943104619564
l2-n2048-zipf-w1,main,2,2048,zipf,1,eas_k2_adaptive,eas,2,adaptive,accept_static_degree,11,3,-4,5.845891,no_c,
l2-n2048-zipf-w1,main,2,2048,zipf,1,eas_k1_adaptive,eas,1,adaptive,accept_id,11,3,26,7.668460999999999,c_above,56.920122427133414
l2-n2048-zipf-w1,main,2,2048,zipf,1,eas_k1_adaptive,eas,1,adaptive,accept_static_degree,11,3,-1,7.233253999999999,no_c,
l2-n2048-zipf-w1,main,2,2048,zipf,1,eas_k1_adaptive,eas,1,adaptive,accept_id,29,1,33,7.200124000000001,c_above,43.60980844578598
l2-n2048-zipf-w1,main,2,2048,zipf,1,eas_k1_adaptive,eas,1,adaptive,accept_static_degree,29,1,0,6.600113,no_c,
l2-n2048-zipf-w1,main,2,2048,zipf,1,eas_k2_adaptive,eas,2,adaptive,accept_id,29,1,31,6.085202000000001,c_above,39.06746799395162
l2-n2048-zipf-w1,main,2,2048,zipf,1,eas_k2_adaptive,eas,2,adaptive,accept_static_degree,29,1,-2,5.485191,no_c,
l2-n2048-zipf-w1,main,2,2048,zipf,1,eas_k1_adaptive,eas,1,adaptive,accept_id,29,2,33,7.187277,c_above,43.512030229048285
l2-n2048-zipf-w1,main,2,2048,zipf,1,eas_k1_adaptive,eas,1,adaptive,accept_static_degree,29,2,0,6.725127,no_c,
l2-n2048-zipf-w1,main,2,2048,zipf,1,eas_k2_adaptive,eas,2,adaptive,accept_id,29,2,31,6.095541000000001,c_above,39.119688870337704
l2-n2048-zipf-w1,main,2,2048,zipf,1,eas_k2_adaptive,eas,2,adaptive,accept_static_degree,29,2,-2,5.6333910000000005,no_c,
l2-n2048-zipf-w1,main,2,2048,zipf,1,eas_k1_adaptive,eas,1,adaptive,accept_id,29,3,33,7.123401999999999,c_above,43.08874137369792
l2-n2048-zipf-w1,main,2,2048,zipf,1,eas_k1_adaptive,eas,1,adaptive,accept_static_degree,29,3,0,6.631080999999999,no_c,
l2-n2048-zipf-w1,main,2,2048,zipf,1,eas_k2_adaptive,eas,2,adaptive,accept_id,29,3,31,5.952850999999999,c_above,38.14288375756048
l2-n2048-zipf-w1,main,2,2048,zipf,1,eas_k2_adaptive,eas,2,adaptive,accept_static_degree,29,3,-2,5.460529999999999,no_c,
l2-n2048-zipf-w1,main,2,2048,zipf,1,eas_k2_adaptive,eas,2,adaptive,accept_id,47,1,26,6.57,c_above,49.89226006610578
l2-n2048-zipf-w1,main,2,2048,zipf,1,eas_k2_adaptive,eas,2,adaptive,accept_static_degree,47,1,-3,6.17796,no_c,
l2-n2048-zipf-w1,main,2,2048,zipf,1,eas_k1_adaptive,eas,1,adaptive,accept_id,47,1,29,7.88547,c_above,53.8151841325431
l2-n2048-zipf-w1,main,2,2048,zipf,1,eas_k1_adaptive,eas,1,adaptive,accept_static_degree,47,1,0,7.493429999999999,no_c,
l2-n2048-zipf-w1,main,2,2048,zipf,1,eas_k2_adaptive,eas,2,adaptive,accept_id,47,2,26,6.574547000000001,c_above,49.95906073467548
l2-n2048-zipf-w1,main,2,2048,zipf,1,eas_k2_adaptive,eas,2,adaptive,accept_static_degree,47,2,-3,6.124192000000001,no_c,
l2-n2048-zipf-w1,main,2,2048,zipf,1,eas_k1_adaptive,eas,1,adaptive,accept_id,47,2,29,8.046412,c_above,54.9789979458513
l2-n2048-zipf-w1,main,2,2048,zipf,1,eas_k1_adaptive,eas,1,adaptive,accept_static_degree,47,2,0,7.596057,no_c,
l2-n2048-zipf-w1,main,2,2048,zipf,1,eas_k2_adaptive,eas,2,adaptive,accept_id,47,3,26,6.514937000000001,c_above,49.516949218750014
l2-n2048-zipf-w1,main,2,2048,zipf,1,eas_k2_adaptive,eas,2,adaptive,accept_static_degree,47,3,-3,6.069740000000001,no_c,
l2-n2048-zipf-w1,main,2,2048,zipf,1,eas_k1_adaptive,eas,1,adaptive,accept_id,47,3,29,8.110668,c_above,55.457061270878235
l2-n2048-zipf-w1,main,2,2048,zipf,1,eas_k1_adaptive,eas,1,adaptive,accept_static_degree,47,3,0,7.665471,no_c,
l2-n2048-zipf-w1,main,2,2048,zipf,1,eas_k2_adaptive,eas,2,adaptive,accept_id,71,1,27,6.110976,c_above,42.69222471788194
l2-n2048-zipf-w1,main,2,2048,zipf,1,eas_k2_adaptive,eas,2,adaptive,accept_static_degree,71,1,-1,5.6757670000000005,no_c,
l2-n2048-zipf-w1,main,2,2048,zipf,1,eas_k1_adaptive,eas,1,adaptive,accept_id,71,1,28,7.406466000000001,c_above,50.168720598493316
l2-n2048-zipf-w1,main,2,2048,zipf,1,eas_k1_adaptive,eas,1,adaptive,accept_static_degree,71,1,0,6.971257000000001,no_c,
l2-n2048-zipf-w1,main,2,2048,zipf,1,eas_k1_adaptive,eas,1,adaptive,accept_id,71,2,28,7.556328000000001,c_above,51.19945640345982
l2-n2048-zipf-w1,main,2,2048,zipf,1,eas_k1_adaptive,eas,1,adaptive,accept_static_degree,71,2,0,7.054519000000001,no_c,
l2-n2048-zipf-w1,main,2,2048,zipf,1,eas_k2_adaptive,eas,2,adaptive,accept_id,71,2,27,6.110798000000001,c_above,42.673701949508114
l2-n2048-zipf-w1,main,2,2048,zipf,1,eas_k2_adaptive,eas,2,adaptive,accept_static_degree,71,2,-1,5.608989000000001,no_c,
l2-n2048-zipf-w1,main,2,2048,zipf,1,eas_k1_adaptive,eas,1,adaptive,accept_id,71,3,28,7.406655000000001,c_above,50.195995378766746
l2-n2048-zipf-w1,main,2,2048,zipf,1,eas_k1_adaptive,eas,1,adaptive,accept_static_degree,71,3,0,6.880511,no_c,
l2-n2048-zipf-w1,main,2,2048,zipf,1,eas_k2_adaptive,eas,2,adaptive,accept_id,71,3,27,6.169506,c_above,43.14263042534722
l2-n2048-zipf-w1,main,2,2048,zipf,1,eas_k2_adaptive,eas,2,adaptive,accept_static_degree,71,3,-1,5.643362,no_c,
l2-n2048-zipf-w1,main,2,2048,zipf,1,eas_k1_adaptive,eas,1,adaptive,accept_id,101,1,28,7.434298,c_above,49.601053187779016
l2-n2048-zipf-w1,main,2,2048,zipf,1,eas_k1_adaptive,eas,1,adaptive,accept_static_degree,101,1,0,6.950592,no_c,
l2-n2048-zipf-w1,main,2,2048,zipf,1,eas_k2_adaptive,eas,2,adaptive,accept_id,101,1,27,6.188594999999999,c_above,42.59917274305555
l2-n2048-zipf-w1,main,2,2048,zipf,1,eas_k2_adaptive,eas,2,adaptive,accept_static_degree,101,1,-1,5.704889,no_c,
l2-n2048-zipf-w1,main,2,2048,zipf,1,eas_k2_adaptive,eas,2,adaptive,accept_id,101,2,27,6.244586999999999,c_above,43.016824707031255
l2-n2048-zipf-w1,main,2,2048,zipf,1,eas_k2_adaptive,eas,2,adaptive,accept_static_degree,101,2,-1,5.744082,no_c,
l2-n2048-zipf-w1,main,2,2048,zipf,1,eas_k1_adaptive,eas,1,adaptive,accept_id,101,2,28,7.575946999999999,c_above,50.59444756208147
l2-n2048-zipf-w1,main,2,2048,zipf,1,eas_k1_adaptive,eas,1,adaptive,accept_static_degree,101,2,0,7.075442,no_c,
l2-n2048-zipf-w1,main,2,2048,zipf,1,eas_k1_adaptive,eas,1,adaptive,accept_id,101,3,28,7.316719999999999,c_above,48.73637709263392
l2-n2048-zipf-w1,main,2,2048,zipf,1,eas_k1_adaptive,eas,1,adaptive,accept_static_degree,101,3,0,6.9133629999999995,no_c,
l2-n2048-zipf-w1,main,2,2048,zipf,1,eas_k2_adaptive,eas,2,adaptive,accept_id,101,3,27,6.038340000000001,c_above,41.471076063368066
l2-n2048-zipf-w1,main,2,2048,zipf,1,eas_k2_adaptive,eas,2,adaptive,accept_static_degree,101,3,-1,5.634983000000001,no_c,
l2-n8192-uniform-w1,main,2,8192,uniform,1,eas_k2_adaptive,eas,2,adaptive,accept_id,11,1,278,14.655976,c_above,18.175548529535746
l2-n8192-uniform-w1,main,2,8192,uniform,1,eas_k2_adaptive,eas,2,adaptive,accept_static_degree,11,1,-119,12.469878999999999,no_c,
l2-n8192-uniform-w1,main,2,8192,uniform,1,eas_k1_adaptive,eas,1,adaptive,accept_id,11,1,281,14.882937,c_above,18.268323907709632
l2-n8192-uniform-w1,main,2,8192,uniform,1,eas_k1_adaptive,eas,1,adaptive,accept_static_degree,11,1,-116,12.696839999999998,no_c,
l2-n8192-uniform-w1,main,2,8192,uniform,1,eas_k1_adaptive,eas,1,adaptive,accept_id,11,2,281,14.298132999999998,c_above,17.451545344559744
l2-n8192-uniform-w1,main,2,8192,uniform,1,eas_k1_adaptive,eas,1,adaptive,accept_static_degree,11,2,-116,12.312189,no_c,
l2-n8192-uniform-w1,main,2,8192,uniform,1,eas_k2_adaptive,eas,2,adaptive,accept_id,11,2,278,13.828677,c_above,17.019746380922605
l2-n8192-uniform-w1,main,2,8192,uniform,1,eas_k2_adaptive,eas,2,adaptive,accept_static_degree,11,2,-119,11.842733000000003,no_c,
l2-n8192-uniform-w1,main,2,8192,uniform,1,eas_k1_adaptive,eas,1,adaptive,accept_id,11,3,281,14.966347,c_above,18.395463290720222
l2-n8192-uniform-w1,main,2,8192,uniform,1,eas_k1_adaptive,eas,1,adaptive,accept_static_degree,11,3,-116,12.180488,no_c,
l2-n8192-uniform-w1,main,2,8192,uniform,1,eas_k2_adaptive,eas,2,adaptive,accept_id,11,3,278,14.529537,c_above,18.017883299903044
l2-n8192-uniform-w1,main,2,8192,uniform,1,eas_k2_adaptive,eas,2,adaptive,accept_static_degree,11,3,-119,11.743678,no_c,
l2-n8192-uniform-w1,main,2,8192,uniform,1,eas_k1_adaptive,eas,1,adaptive,accept_id,29,1,289,14.519607,c_above,17.03579298268882
l2-n8192-uniform-w1,main,2,8192,uniform,1,eas_k1_adaptive,eas,1,adaptive,accept_static_degree,29,1,-118,12.584497000000002,no_c,
l2-n8192-uniform-w1,main,2,8192,uniform,1,eas_k2_adaptive,eas,2,adaptive,accept_id,29,1,287,13.984729999999999,c_above,16.467649030412947
l2-n8192-uniform-w1,main,2,8192,uniform,1,eas_k2_adaptive,eas,2,adaptive,accept_static_degree,29,1,-120,12.04962,no_c,
l2-n8192-uniform-w1,main,2,8192,uniform,1,eas_k1_adaptive,eas,1,adaptive,accept_id,29,2,289,14.407390000000001,c_above,16.89272908965114
l2-n8192-uniform-w1,main,2,8192,uniform,1,eas_k1_adaptive,eas,1,adaptive,accept_static_degree,29,2,-118,12.364671000000001,no_c,
l2-n8192-uniform-w1,main,2,8192,uniform,1,eas_k2_adaptive,eas,2,adaptive,accept_id,29,2,287,14.157477000000002,c_above,16.69627277483259
l2-n8192-uniform-w1,main,2,8192,uniform,1,eas_k2_adaptive,eas,2,adaptive,accept_static_degree,29,2,-120,12.114758000000002,no_c,
l2-n8192-uniform-w1,main,2,8192,uniform,1,eas_k2_adaptive,eas,2,adaptive,accept_id,29,3,287,14.592051999999999,c_above,17.300285191127234
l2-n8192-uniform-w1,main,2,8192,uniform,1,eas_k2_adaptive,eas,2,adaptive,accept_static_degree,29,3,-120,12.007698000000001,no_c,
l2-n8192-uniform-w1,main,2,8192,uniform,1,eas_k1_adaptive,eas,1,adaptive,accept_id,29,3,289,14.910523999999999,c_above,17.58185560306958
l2-n8192-uniform-w1,main,2,8192,uniform,1,eas_k1_adaptive,eas,1,adaptive,accept_static_degree,29,3,-118,12.326170000000001,no_c,
l2-n8192-uniform-w1,main,2,8192,uniform,1,eas_k2_adaptive,eas,2,adaptive,accept_id,47,1,322,14.292302000000001,c_above,14.820343204095499
l2-n8192-uniform-w1,main,2,8192,uniform,1,eas_k2_adaptive,eas,2,adaptive,accept_static_degree,47,1,-107,12.168417000000002,no_c,
l2-n8192-uniform-w1,main,2,8192,uniform,1,eas_k1_adaptive,eas,1,adaptive,accept_id,47,1,326,14.615392000000002,c_above,14.987983605133248
l2-n8192-uniform-w1,main,2,8192,uniform,1,eas_k1_adaptive,eas,1,adaptive,accept_static_degree,47,1,-103,12.491507000000002,no_c,
l2-n8192-uniform-w1,main,2,8192,uniform,1,eas_k1_adaptive,eas,1,adaptive,accept_id,47,2,326,15.000841,c_above,15.494243000053922
l2-n8192-uniform-w1,main,2,8192,uniform,1,eas_k1_adaptive,eas,1,adaptive,accept_static_degree,47,2,-103,12.634491999999998,no_c,
l2-n8192-uniform-w1,main,2,8192,uniform,1,eas_k2_adaptive,eas,2,adaptive,accept_id,47,2,322,14.869083999999999,c_above,15.555233490179782
l2-n8192-uniform-w1,main,2,8192,uniform,1,eas_k2_adaptive,eas,2,adaptive,accept_static_degree,47,2,-107,12.502734999999998,no_c,
l2-n8192-uniform-w1,main,2,8192,uniform,1,eas_k1_adaptive,eas,1,adaptive,accept_id,47,3,326,14.709387999999999,c_above,15.1503310224849
l2-n8192-uniform-w1,main,2,8192,uniform,1,eas_k1_adaptive,eas,1,adaptive,accept_static_degree,47,3,-103,12.407936,no_c,
l2-n8192-uniform-w1,main,2,8192,uniform,1,eas_k2_adaptive,eas,2,adaptive,accept_id,47,3,322,14.389166000000001,c_above,14.987379939677554
l2-n8192-uniform-w1,main,2,8192,uniform,1,eas_k2_adaptive,eas,2,adaptive,accept_static_degree,47,3,-107,12.087714000000002,no_c,
l2-n8192-uniform-w1,main,2,8192,uniform,1,eas_k2_adaptive,eas,2,adaptive,accept_id,71,1,267,14.798596,c_above,19.333247128833097
l2-n8192-uniform-w1,main,2,8192,uniform,1,eas_k2_adaptive,eas,2,adaptive,accept_static_degree,71,1,-122,12.398672999999999,no_c,
l2-n8192-uniform-w1,main,2,8192,uniform,1,eas_k1_adaptive,eas,1,adaptive,accept_id,71,1,274,14.920435000000001,c_above,18.963432854645443
l2-n8192-uniform-w1,main,2,8192,uniform,1,eas_k1_adaptive,eas,1,adaptive,accept_static_degree,71,1,-115,12.520512,no_c,
l2-n8192-uniform-w1,main,2,8192,uniform,1,eas_k1_adaptive,eas,1,adaptive,accept_id,71,2,274,16.703927999999998,c_above,21.031978795406584
l2-n8192-uniform-w1,main,2,8192,uniform,1,eas_k1_adaptive,eas,1,adaptive,accept_static_degree,71,2,-115,-30.396918999999997,c_below,105.2596392843495
l2-n8192-uniform-w1,main,2,8192,uniform,1,eas_k2_adaptive,eas,2,adaptive,accept_id,71,2,267,82.503098,c_above,115.468965674011
l2-n8192-uniform-w1,main,2,8192,uniform,1,eas_k2_adaptive,eas,2,adaptive,accept_static_degree,71,2,-122,35.40225100000001,no_c,
l2-n8192-uniform-w1,main,2,8192,uniform,1,eas_k1_adaptive,eas,1,adaptive,accept_id,71,3,274,23.145392,c_above,23.985967837591247
l2-n8192-uniform-w1,main,2,8192,uniform,1,eas_k1_adaptive,eas,1,adaptive,accept_static_degree,71,3,-115,69.459967,no_c,
l2-n8192-uniform-w1,main,2,8192,uniform,1,eas_k2_adaptive,eas,2,adaptive,accept_id,71,3,267,25.852490000000003,c_above,28.689433417273833
l2-n8192-uniform-w1,main,2,8192,uniform,1,eas_k2_adaptive,eas,2,adaptive,accept_static_degree,71,3,-122,72.16706500000001,no_c,
l2-n8192-uniform-w1,main,2,8192,uniform,1,eas_k2_adaptive,eas,2,adaptive,accept_id,101,1,252,-19.510098,all_c,
l2-n8192-uniform-w1,main,2,8192,uniform,1,eas_k2_adaptive,eas,2,adaptive,accept_static_degree,101,1,-114,-28.236829999999998,c_below,97.08551581774257
l2-n8192-uniform-w1,main,2,8192,uniform,1,eas_k1_adaptive,eas,1,adaptive,accept_id,101,1,253,-4.989809000000001,all_c,
l2-n8192-uniform-w1,main,2,8192,uniform,1,eas_k1_adaptive,eas,1,adaptive,accept_static_degree,101,1,-113,-13.716541,c_below,43.61508042597138
l2-n8192-uniform-w1,main,2,8192,uniform,1,eas_k2_adaptive,eas,2,adaptive,accept_id,101,2,252,-23.950317,all_c,
l2-n8192-uniform-w1,main,2,8192,uniform,1,eas_k2_adaptive,eas,2,adaptive,accept_static_degree,101,2,-114,13.866328999999997,no_c,
l2-n8192-uniform-w1,main,2,8192,uniform,1,eas_k1_adaptive,eas,1,adaptive,accept_id,101,2,253,59.743492,c_above,82.28539413850203
l2-n8192-uniform-w1,main,2,8192,uniform,1,eas_k1_adaptive,eas,1,adaptive,accept_static_degree,101,2,-113,97.560138,no_c,
l2-n8192-uniform-w1,main,2,8192,uniform,1,eas_k1_adaptive,eas,1,adaptive,accept_id,101,3,253,21.983078000000006,c_above,23.280043579101573
l2-n8192-uniform-w1,main,2,8192,uniform,1,eas_k1_adaptive,eas,1,adaptive,accept_static_degree,101,3,-113,80.14987500000001,no_c,
l2-n8192-uniform-w1,main,2,8192,uniform,1,eas_k2_adaptive,eas,2,adaptive,accept_id,101,3,252,-43.653276999999996,all_c,
l2-n8192-uniform-w1,main,2,8192,uniform,1,eas_k2_adaptive,eas,2,adaptive,accept_static_degree,101,3,-114,14.513520000000003,no_c,
l2-n8192-zipf-w1,main,2,8192,zipf,1,eas_k2_adaptive,eas,2,adaptive,accept_id,11,1,106,49.881426999999995,c_above,53.55250732421875
l2-n8192-zipf-w1,main,2,8192,zipf,1,eas_k2_adaptive,eas,2,adaptive,accept_static_degree,11,1,-3,47.96160999999999,no_c,
l2-n8192-zipf-w1,main,2,8192,zipf,1,eas_k1_adaptive,eas,1,adaptive,accept_id,11,1,107,63.481838999999994,c_above,67.9324348578052
l2-n8192-zipf-w1,main,2,8192,zipf,1,eas_k1_adaptive,eas,1,adaptive,accept_static_degree,11,1,-2,61.562022,no_c,
l2-n8192-zipf-w1,main,2,8192,zipf,1,eas_k1_adaptive,eas,1,adaptive,accept_id,11,2,107,63.58424899999999,c_above,68.03880347250109
l2-n8192-zipf-w1,main,2,8192,zipf,1,eas_k1_adaptive,eas,1,adaptive,accept_static_degree,11,2,-2,61.803487999999994,no_c,
l2-n8192-zipf-w1,main,2,8192,zipf,1,eas_k2_adaptive,eas,2,adaptive,accept_id,11,2,106,51.663177,c_above,55.516515719431744
l2-n8192-zipf-w1,main,2,8192,zipf,1,eas_k2_adaptive,eas,2,adaptive,accept_static_degree,11,2,-3,49.882416,no_c,
l2-n8192-zipf-w1,main,2,8192,zipf,1,eas_k2_adaptive,eas,2,adaptive,accept_id,11,3,106,51.22145400000001,c_above,55.05195991026681
l2-n8192-zipf-w1,main,2,8192,zipf,1,eas_k2_adaptive,eas,2,adaptive,accept_static_degree,11,3,-3,49.306107000000004,no_c,
l2-n8192-zipf-w1,main,2,8192,zipf,1,eas_k1_adaptive,eas,1,adaptive,accept_id,11,3,107,63.62246900000001,c_above,68.10445012914356
l2-n8192-zipf-w1,main,2,8192,zipf,1,eas_k1_adaptive,eas,1,adaptive,accept_static_degree,11,3,-2,61.707122000000005,no_c,
l2-n8192-zipf-w1,main,2,8192,zipf,1,eas_k1_adaptive,eas,1,adaptive,accept_id,29,1,85,63.315215,c_above,82.82433249798943
l2-n8192-zipf-w1,main,2,8192,zipf,1,eas_k1_adaptive,eas,1,adaptive,accept_static_degree,29,1,-2,61.370971000000004,no_c,
l2-n8192-zipf-w1,main,2,8192,zipf,1,eas_k2_adaptive,eas,2,adaptive,accept_id,29,1,82,51.250025,c_above,69.24365770591177
l2-n8192-zipf-w1,main,2,8192,zipf,1,eas_k2_adaptive,eas,2,adaptive,accept_static_degree,29,1,-5,49.305781,no_c,
l2-n8192-zipf-w1,main,2,8192,zipf,1,eas_k1_adaptive,eas,1,adaptive,accept_id,29,2,85,62.766422999999996,c_above,82.09676616928998
l2-n8192-zipf-w1,main,2,8192,zipf,1,eas_k1_adaptive,eas,1,adaptive,accept_static_degree,29,2,-2,60.772397,no_c,
l2-n8192-zipf-w1,main,2,8192,zipf,1,eas_k2_adaptive,eas,2,adaptive,accept_id,29,2,82,51.562096000000004,c_above,69.67859720071932
l2-n8192-zipf-w1,main,2,8192,zipf,1,eas_k2_adaptive,eas,2,adaptive,accept_static_degree,29,2,-5,49.568070000000006,no_c,
l2-n8192-zipf-w1,main,2,8192,zipf,1,eas_k2_adaptive,eas,2,adaptive,accept_id,29,3,82,50.813996,c_above,68.65059604849466
l2-n8192-zipf-w1,main,2,8192,zipf,1,eas_k2_adaptive,eas,2,adaptive,accept_static_degree,29,3,-5,48.627664,no_c,
l2-n8192-zipf-w1,main,2,8192,zipf,1,eas_k1_adaptive,eas,1,adaptive,accept_id,29,3,85,63.867667000000004,c_above,83.56989975298714
l2-n8192-zipf-w1,main,2,8192,zipf,1,eas_k1_adaptive,eas,1,adaptive,accept_static_degree,29,3,-2,61.681335000000004,no_c,
l2-n8192-zipf-w1,main,2,8192,zipf,1,eas_k2_adaptive,eas,2,adaptive,accept_id,47,1,102,50.607254,c_above,55.11171092313879
l2-n8192-zipf-w1,main,2,8192,zipf,1,eas_k2_adaptive,eas,2,adaptive,accept_static_degree,47,1,-4,48.745425,no_c,
l2-n8192-zipf-w1,main,2,8192,zipf,1,eas_k1_adaptive,eas,1,adaptive,accept_id,47,1,105,63.151453999999994,c_above,67.14224392438616
l2-n8192-zipf-w1,main,2,8192,zipf,1,eas_k1_adaptive,eas,1,adaptive,accept_static_degree,47,1,-1,61.289624999999994,no_c,
l2-n8192-zipf-w1,main,2,8192,zipf,1,eas_k2_adaptive,eas,2,adaptive,accept_id,47,2,102,50.90003,c_above,55.45385806094899
l2-n8192-zipf-w1,main,2,8192,zipf,1,eas_k2_adaptive,eas,2,adaptive,accept_static_degree,47,2,-4,48.87235,no_c,
l2-n8192-zipf-w1,main,2,8192,zipf,1,eas_k1_adaptive,eas,1,adaptive,accept_id,47,2,105,63.379488,c_above,67.4045704903739
l2-n8192-zipf-w1,main,2,8192,zipf,1,eas_k1_adaptive,eas,1,adaptive,accept_static_degree,47,2,-1,61.351808000000005,no_c,
l2-n8192-zipf-w1,main,2,8192,zipf,1,eas_k2_adaptive,eas,2,adaptive,accept_id,47,3,102,51.200119,c_above,55.79218690400964
l2-n8192-zipf-w1,main,2,8192,zipf,1,eas_k2_adaptive,eas,2,adaptive,accept_static_degree,47,3,-4,49.084517000000005,no_c,
l2-n8192-zipf-w1,main,2,8192,zipf,1,eas_k1_adaptive,eas,1,adaptive,accept_id,47,3,105,63.203548000000005,c_above,67.2152946812221
l2-n8192-zipf-w1,main,2,8192,zipf,1,eas_k1_adaptive,eas,1,adaptive,accept_static_degree,47,3,-1,61.087946,no_c,
l2-n8192-zipf-w1,main,2,8192,zipf,1,eas_k2_adaptive,eas,2,adaptive,accept_id,71,1,88,52.528181,c_above,67.95857958152077
l2-n8192-zipf-w1,main,2,8192,zipf,1,eas_k2_adaptive,eas,2,adaptive,accept_static_degree,71,1,-2,50.365415999999996,no_c,
l2-n8192-zipf-w1,main,2,8192,zipf,1,eas_k1_adaptive,eas,1,adaptive,accept_id,71,1,89,64.97967299999999,c_above,83.47010923647075
l2-n8192-zipf-w1,main,2,8192,zipf,1,eas_k1_adaptive,eas,1,adaptive,accept_static_degree,71,1,-1,62.816908,no_c,
l2-n8192-zipf-w1,main,2,8192,zipf,1,eas_k1_adaptive,eas,1,adaptive,accept_id,71,2,89,64.782922,c_above,83.20131738281249
l2-n8192-zipf-w1,main,2,8192,zipf,1,eas_k1_adaptive,eas,1,adaptive,accept_static_degree,71,2,-1,62.772361999999994,no_c,
l2-n8192-zipf-w1,main,2,8192,zipf,1,eas_k2_adaptive,eas,2,adaptive,accept_id,71,2,88,53.291717000000006,c_above,68.95766104680841
l2-n8192-zipf-w1,main,2,8192,zipf,1,eas_k2_adaptive,eas,2,adaptive,accept_static_degree,71,2,-2,51.281157,no_c,
l2-n8192-zipf-w1,main,2,8192,zipf,1,eas_k2_adaptive,eas,2,adaptive,accept_id,71,3,88,53.297669000000006,c_above,68.97823967118697
l2-n8192-zipf-w1,main,2,8192,zipf,1,eas_k2_adaptive,eas,2,adaptive,accept_static_degree,71,3,-2,50.95812900000001,no_c,
l2-n8192-zipf-w1,main,2,8192,zipf,1,eas_k1_adaptive,eas,1,adaptive,accept_id,71,3,89,65.750618,c_above,84.48023416514877
l2-n8192-zipf-w1,main,2,8192,zipf,1,eas_k1_adaptive,eas,1,adaptive,accept_static_degree,71,3,-1,63.411077999999996,no_c,
l2-n8192-zipf-w1,main,2,8192,zipf,1,eas_k2_adaptive,eas,2,adaptive,accept_id,101,1,88,50.175564,c_above,62.77864440917969
l2-n8192-zipf-w1,main,2,8192,zipf,1,eas_k2_adaptive,eas,2,adaptive,accept_static_degree,101,1,-2,47.859736999999996,no_c,
l2-n8192-zipf-w1,main,2,8192,zipf,1,eas_k1_adaptive,eas,1,adaptive,accept_id,101,1,91,62.529447000000005,c_above,75.9709006253756
l2-n8192-zipf-w1,main,2,8192,zipf,1,eas_k1_adaptive,eas,1,adaptive,accept_static_degree,101,1,1,60.213620000000006,c_above,7451.383555419921
l2-n8192-zipf-w1,main,2,8192,zipf,1,eas_k2_adaptive,eas,2,adaptive,accept_id,101,2,88,51.445752999999996,c_above,64.40306536865235
l2-n8192-zipf-w1,main,2,8192,zipf,1,eas_k2_adaptive,eas,2,adaptive,accept_static_degree,101,2,-2,49.28415,no_c,
l2-n8192-zipf-w1,main,2,8192,zipf,1,eas_k1_adaptive,eas,1,adaptive,accept_id,101,2,91,62.37804299999999,c_above,75.77960900878905
l2-n8192-zipf-w1,main,2,8192,zipf,1,eas_k1_adaptive,eas,1,adaptive,accept_static_degree,101,2,1,60.21643999999999,c_above,7451.747810302734
l2-n8192-zipf-w1,main,2,8192,zipf,1,eas_k1_adaptive,eas,1,adaptive,accept_id,101,3,91,62.567897,c_above,75.9850146859976
l2-n8192-zipf-w1,main,2,8192,zipf,1,eas_k1_adaptive,eas,1,adaptive,accept_static_degree,101,3,1,60.388281000000006,c_above,7472.986054443359
l2-n8192-zipf-w1,main,2,8192,zipf,1,eas_k2_adaptive,eas,2,adaptive,accept_id,101,3,88,50.654149,c_above,63.358521057128904
l2-n8192-zipf-w1,main,2,8192,zipf,1,eas_k2_adaptive,eas,2,adaptive,accept_static_degree,101,3,-2,48.474532999999994,no_c,
l2-n32768-uniform-w1,main,2,32768,uniform,1,eas_k2_adaptive,eas,2,adaptive,accept_id,11,1,-49,97.16496400000001,no_c,
l2-n32768-uniform-w1,main,2,32768,uniform,1,eas_k2_adaptive,eas,2,adaptive,accept_static_degree,11,1,-551,86.67576900000002,no_c,
l2-n32768-uniform-w1,main,2,32768,uniform,1,eas_k1_adaptive,eas,1,adaptive,accept_id,11,1,-44,95.33217,no_c,
l2-n32768-uniform-w1,main,2,32768,uniform,1,eas_k1_adaptive,eas,1,adaptive,accept_static_degree,11,1,-546,84.84297500000001,no_c,
l2-n32768-uniform-w1,main,2,32768,uniform,1,eas_k1_adaptive,eas,1,adaptive,accept_id,11,2,-44,95.680679,no_c,
l2-n32768-uniform-w1,main,2,32768,uniform,1,eas_k1_adaptive,eas,1,adaptive,accept_static_degree,11,2,-546,84.56374100000001,no_c,
l2-n32768-uniform-w1,main,2,32768,uniform,1,eas_k2_adaptive,eas,2,adaptive,accept_id,11,2,-49,91.81054,no_c,
l2-n32768-uniform-w1,main,2,32768,uniform,1,eas_k2_adaptive,eas,2,adaptive,accept_static_degree,11,2,-551,80.69360200000001,no_c,
l2-n32768-uniform-w1,main,2,32768,uniform,1,eas_k2_adaptive,eas,2,adaptive,accept_id,11,3,-49,93.777475,no_c,
l2-n32768-uniform-w1,main,2,32768,uniform,1,eas_k2_adaptive,eas,2,adaptive,accept_static_degree,11,3,-551,83.266194,no_c,
l2-n32768-uniform-w1,main,2,32768,uniform,1,eas_k1_adaptive,eas,1,adaptive,accept_id,11,3,-44,95.79940599999999,no_c,
l2-n32768-uniform-w1,main,2,32768,uniform,1,eas_k1_adaptive,eas,1,adaptive,accept_static_degree,11,3,-546,85.288125,no_c,
l2-n32768-uniform-w1,main,2,32768,uniform,1,eas_k2_adaptive,eas,2,adaptive,accept_id,29,1,-14,91.87938000000001,no_c,
l2-n32768-uniform-w1,main,2,32768,uniform,1,eas_k2_adaptive,eas,2,adaptive,accept_static_degree,29,1,-511,79.86441800000001,no_c,
l2-n32768-uniform-w1,main,2,32768,uniform,1,eas_k1_adaptive,eas,1,adaptive,accept_id,29,1,-20,99.03254199999999,no_c,
l2-n32768-uniform-w1,main,2,32768,uniform,1,eas_k1_adaptive,eas,1,adaptive,accept_static_degree,29,1,-517,87.01758,no_c,
l2-n32768-uniform-w1,main,2,32768,uniform,1,eas_k1_adaptive,eas,1,adaptive,accept_id,29,2,-20,93.96701999999999,no_c,
l2-n32768-uniform-w1,main,2,32768,uniform,1,eas_k1_adaptive,eas,1,adaptive,accept_static_degree,29,2,-517,80.97724599999998,no_c,
l2-n32768-uniform-w1,main,2,32768,uniform,1,eas_k2_adaptive,eas,2,adaptive,accept_id,29,2,-14,94.70496400000002,no_c,
l2-n32768-uniform-w1,main,2,32768,uniform,1,eas_k2_adaptive,eas,2,adaptive,accept_static_degree,29,2,-511,81.71519,no_c,
l2-n32768-uniform-w1,main,2,32768,uniform,1,eas_k1_adaptive,eas,1,adaptive,accept_id,29,3,-20,96.209057,no_c,
l2-n32768-uniform-w1,main,2,32768,uniform,1,eas_k1_adaptive,eas,1,adaptive,accept_static_degree,29,3,-517,83.445152,no_c,
l2-n32768-uniform-w1,main,2,32768,uniform,1,eas_k2_adaptive,eas,2,adaptive,accept_id,29,3,-14,94.60641000000001,no_c,
l2-n32768-uniform-w1,main,2,32768,uniform,1,eas_k2_adaptive,eas,2,adaptive,accept_static_degree,29,3,-511,81.842505,no_c,
l2-n32768-uniform-w1,main,2,32768,uniform,1,eas_k2_adaptive,eas,2,adaptive,accept_id,47,1,-43,91.692333,no_c,
l2-n32768-uniform-w1,main,2,32768,uniform,1,eas_k2_adaptive,eas,2,adaptive,accept_static_degree,47,1,-525,80.56165600000001,no_c,
l2-n32768-uniform-w1,main,2,32768,uniform,1,eas_k1_adaptive,eas,1,adaptive,accept_id,47,1,-37,96.805258,no_c,
l2-n32768-uniform-w1,main,2,32768,uniform,1,eas_k1_adaptive,eas,1,adaptive,accept_static_degree,47,1,-519,85.674581,no_c,
l2-n32768-uniform-w1,main,2,32768,uniform,1,eas_k1_adaptive,eas,1,adaptive,accept_id,47,2,-37,97.87160800000001,no_c,
l2-n32768-uniform-w1,main,2,32768,uniform,1,eas_k1_adaptive,eas,1,adaptive,accept_static_degree,47,2,-519,86.364776,no_c,
l2-n32768-uniform-w1,main,2,32768,uniform,1,eas_k2_adaptive,eas,2,adaptive,accept_id,47,2,-43,91.162148,no_c,
l2-n32768-uniform-w1,main,2,32768,uniform,1,eas_k2_adaptive,eas,2,adaptive,accept_static_degree,47,2,-525,79.655316,no_c,
l2-n32768-uniform-w1,main,2,32768,uniform,1,eas_k1_adaptive,eas,1,adaptive,accept_id,47,3,-37,97.555941,no_c,
l2-n32768-uniform-w1,main,2,32768,uniform,1,eas_k1_adaptive,eas,1,adaptive,accept_static_degree,47,3,-519,86.209365,no_c,
l2-n32768-uniform-w1,main,2,32768,uniform,1,eas_k2_adaptive,eas,2,adaptive,accept_id,47,3,-43,92.924977,no_c,
l2-n32768-uniform-w1,main,2,32768,uniform,1,eas_k2_adaptive,eas,2,adaptive,accept_static_degree,47,3,-525,81.578401,no_c,
l2-n32768-uniform-w1,main,2,32768,uniform,1,eas_k2_adaptive,eas,2,adaptive,accept_id,71,1,-29,93.55676399999999,no_c,
l2-n32768-uniform-w1,main,2,32768,uniform,1,eas_k2_adaptive,eas,2,adaptive,accept_static_degree,71,1,-521,81.750785,no_c,
l2-n32768-uniform-w1,main,2,32768,uniform,1,eas_k1_adaptive,eas,1,adaptive,accept_id,71,1,-26,97.17473799999999,no_c,
l2-n32768-uniform-w1,main,2,32768,uniform,1,eas_k1_adaptive,eas,1,adaptive,accept_static_degree,71,1,-518,85.368759,no_c,
l2-n32768-uniform-w1,main,2,32768,uniform,1,eas_k1_adaptive,eas,1,adaptive,accept_id,71,2,-26,96.7045,no_c,
l2-n32768-uniform-w1,main,2,32768,uniform,1,eas_k1_adaptive,eas,1,adaptive,accept_static_degree,71,2,-518,87.09908999999999,no_c,
l2-n32768-uniform-w1,main,2,32768,uniform,1,eas_k2_adaptive,eas,2,adaptive,accept_id,71,2,-29,91.073755,no_c,
l2-n32768-uniform-w1,main,2,32768,uniform,1,eas_k2_adaptive,eas,2,adaptive,accept_static_degree,71,2,-521,81.468345,no_c,
l2-n32768-uniform-w1,main,2,32768,uniform,1,eas_k1_adaptive,eas,1,adaptive,accept_id,71,3,-26,96.37847400000001,no_c,
l2-n32768-uniform-w1,main,2,32768,uniform,1,eas_k1_adaptive,eas,1,adaptive,accept_static_degree,71,3,-518,84.362781,no_c,
l2-n32768-uniform-w1,main,2,32768,uniform,1,eas_k2_adaptive,eas,2,adaptive,accept_id,71,3,-29,94.24632300000002,no_c,
l2-n32768-uniform-w1,main,2,32768,uniform,1,eas_k2_adaptive,eas,2,adaptive,accept_static_degree,71,3,-521,82.23063,no_c,
l2-n32768-uniform-w1,main,2,32768,uniform,1,eas_k2_adaptive,eas,2,adaptive,accept_id,101,1,-42,92.26354799999999,no_c,
l2-n32768-uniform-w1,main,2,32768,uniform,1,eas_k2_adaptive,eas,2,adaptive,accept_static_degree,101,1,-521,82.004814,no_c,
l2-n32768-uniform-w1,main,2,32768,uniform,1,eas_k1_adaptive,eas,1,adaptive,accept_id,101,1,-56,93.89632899999998,no_c,
l2-n32768-uniform-w1,main,2,32768,uniform,1,eas_k1_adaptive,eas,1,adaptive,accept_static_degree,101,1,-535,83.63759499999999,no_c,
l2-n32768-uniform-w1,main,2,32768,uniform,1,eas_k1_adaptive,eas,1,adaptive,accept_id,101,2,-56,94.09700400000001,no_c,
l2-n32768-uniform-w1,main,2,32768,uniform,1,eas_k1_adaptive,eas,1,adaptive,accept_static_degree,101,2,-535,83.67689500000002,no_c,
l2-n32768-uniform-w1,main,2,32768,uniform,1,eas_k2_adaptive,eas,2,adaptive,accept_id,101,2,-42,93.60120300000001,no_c,
l2-n32768-uniform-w1,main,2,32768,uniform,1,eas_k2_adaptive,eas,2,adaptive,accept_static_degree,101,2,-521,83.18109400000002,no_c,
l2-n32768-uniform-w1,main,2,32768,uniform,1,eas_k1_adaptive,eas,1,adaptive,accept_id,101,3,-56,93.19000700000001,no_c,
l2-n32768-uniform-w1,main,2,32768,uniform,1,eas_k1_adaptive,eas,1,adaptive,accept_static_degree,101,3,-535,81.95038700000002,no_c,
l2-n32768-uniform-w1,main,2,32768,uniform,1,eas_k2_adaptive,eas,2,adaptive,accept_id,101,3,-42,90.922087,no_c,
l2-n32768-uniform-w1,main,2,32768,uniform,1,eas_k2_adaptive,eas,2,adaptive,accept_static_degree,101,3,-521,79.68246700000002,no_c,
l2-n32768-zipf-w1,main,2,32768,zipf,1,eas_k2_adaptive,eas,2,adaptive,accept_id,11,1,277,397.189369,c_above,79.11532881643798
l2-n32768-zipf-w1,main,2,32768,zipf,1,eas_k2_adaptive,eas,2,adaptive,accept_static_degree,11,1,-5,386.750895,no_c,
l2-n32768-zipf-w1,main,2,32768,zipf,1,eas_k1_adaptive,eas,1,adaptive,accept_id,11,1,280,495.46196799999996,c_above,97.9913648271833
l2-n32768-zipf-w1,main,2,32768,zipf,1,eas_k1_adaptive,eas,1,adaptive,accept_static_degree,11,1,-2,485.02349399999997,no_c,
l2-n32768-zipf-w1,main,2,32768,zipf,1,eas_k2_adaptive,eas,2,adaptive,accept_id,11,2,277,396.787117,c_above,79.02067020545714
l2-n32768-zipf-w1,main,2,32768,zipf,1,eas_k2_adaptive,eas,2,adaptive,accept_static_degree,11,2,-5,386.530226,no_c,
l2-n32768-zipf-w1,main,2,32768,zipf,1,eas_k1_adaptive,eas,1,adaptive,accept_id,11,2,280,495.13276,c_above,97.91225374058315
l2-n32768-zipf-w1,main,2,32768,zipf,1,eas_k1_adaptive,eas,1,adaptive,accept_static_degree,11,2,-2,484.875869,no_c,
l2-n32768-zipf-w1,main,2,32768,zipf,1,eas_k1_adaptive,eas,1,adaptive,accept_id,11,3,280,495.862478,c_above,98.0653005582537
l2-n32768-zipf-w1,main,2,32768,zipf,1,eas_k1_adaptive,eas,1,adaptive,accept_static_degree,11,3,-2,485.714453,no_c,
l2-n32768-zipf-w1,main,2,32768,zipf,1,eas_k2_adaptive,eas,2,adaptive,accept_id,11,3,277,394.757869,c_above,78.61510597465875
l2-n32768-zipf-w1,main,2,32768,zipf,1,eas_k2_adaptive,eas,2,adaptive,accept_static_degree,11,3,-5,384.609844,no_c,
l2-n32768-zipf-w1,main,2,32768,zipf,1,eas_k2_adaptive,eas,2,adaptive,accept_id,29,1,295,417.743783,c_above,77.15635228385278
l2-n32768-zipf-w1,main,2,32768,zipf,1,eas_k2_adaptive,eas,2,adaptive,accept_static_degree,29,1,-11,407.761465,no_c,
l2-n32768-zipf-w1,main,2,32768,zipf,1,eas_k1_adaptive,eas,1,adaptive,accept_id,29,1,298,524.7016140000001,c_above,96.31014304039464
l2-n32768-zipf-w1,main,2,32768,zipf,1,eas_k1_adaptive,eas,1,adaptive,accept_static_degree,29,1,-8,514.719296,no_c,
l2-n32768-zipf-w1,main,2,32768,zipf,1,eas_k1_adaptive,eas,1,adaptive,accept_id,29,2,298,523.2934740000001,c_above,96.04341235904566
l2-n32768-zipf-w1,main,2,32768,zipf,1,eas_k1_adaptive,eas,1,adaptive,accept_static_degree,29,2,-8,512.809494,no_c,
l2-n32768-zipf-w1,main,2,32768,zipf,1,eas_k2_adaptive,eas,2,adaptive,accept_id,29,2,295,418.27290999999997,c_above,77.25189617402675
l2-n32768-zipf-w1,main,2,32768,zipf,1,eas_k2_adaptive,eas,2,adaptive,accept_static_degree,29,2,-11,407.78893,no_c,
l2-n32768-zipf-w1,main,2,32768,zipf,1,eas_k2_adaptive,eas,2,adaptive,accept_id,29,3,295,416.44393,c_above,76.90996790430101
l2-n32768-zipf-w1,main,2,32768,zipf,1,eas_k2_adaptive,eas,2,adaptive,accept_static_degree,29,3,-11,406.31575100000003,no_c,
l2-n32768-zipf-w1,main,2,32768,zipf,1,eas_k1_adaptive,eas,1,adaptive,accept_id,29,3,298,523.9844169999999,c_above,96.17488034067857
l2-n32768-zipf-w1,main,2,32768,zipf,1,eas_k1_adaptive,eas,1,adaptive,accept_static_degree,29,3,-8,513.856238,no_c,
l2-n32768-zipf-w1,main,2,32768,zipf,1,eas_k1_adaptive,eas,1,adaptive,accept_id,47,1,292,537.436786,c_above,99.28655247037703
l2-n32768-zipf-w1,main,2,32768,zipf,1,eas_k1_adaptive,eas,1,adaptive,accept_static_degree,47,1,-7,527.899828,no_c,
l2-n32768-zipf-w1,main,2,32768,zipf,1,eas_k2_adaptive,eas,2,adaptive,accept_id,47,1,289,427.70999,c_above,79.5347831470529
l2-n32768-zipf-w1,main,2,32768,zipf,1,eas_k2_adaptive,eas,2,adaptive,accept_static_degree,47,1,-10,418.17303200000003,no_c,
l2-n32768-zipf-w1,main,2,32768,zipf,1,eas_k2_adaptive,eas,2,adaptive,accept_id,47,2,289,426.556937,c_above,79.30383359355992
l2-n32768-zipf-w1,main,2,32768,zipf,1,eas_k2_adaptive,eas,2,adaptive,accept_static_degree,47,2,-10,417.120728,no_c,
l2-n32768-zipf-w1,main,2,32768,zipf,1,eas_k1_adaptive,eas,1,adaptive,accept_id,47,2,292,536.654319,c_above,99.12737011854615
l2-n32768-zipf-w1,main,2,32768,zipf,1,eas_k1_adaptive,eas,1,adaptive,accept_static_degree,47,2,-7,527.21811,no_c,
l2-n32768-zipf-w1,main,2,32768,zipf,1,eas_k2_adaptive,eas,2,adaptive,accept_id,47,3,289,426.77124100000003,c_above,79.36279092132673
l2-n32768-zipf-w1,main,2,32768,zipf,1,eas_k2_adaptive,eas,2,adaptive,accept_static_degree,47,3,-10,416.81827,no_c,
l2-n32768-zipf-w1,main,2,32768,zipf,1,eas_k1_adaptive,eas,1,adaptive,accept_id,47,3,292,536.186105,c_above,99.05787007820442
l2-n32768-zipf-w1,main,2,32768,zipf,1,eas_k1_adaptive,eas,1,adaptive,accept_static_degree,47,3,-7,526.233134,no_c,
l2-n32768-zipf-w1,main,2,32768,zipf,1,eas_k1_adaptive,eas,1,adaptive,accept_id,71,1,268,528.872403,c_above,109.62794574999454
l2-n32768-zipf-w1,main,2,32768,zipf,1,eas_k1_adaptive,eas,1,adaptive,accept_static_degree,71,1,-9,518.361732,no_c,
l2-n32768-zipf-w1,main,2,32768,zipf,1,eas_k2_adaptive,eas,2,adaptive,accept_id,71,1,264,422.477567,c_above,88.60858829868201
l2-n32768-zipf-w1,main,2,32768,zipf,1,eas_k2_adaptive,eas,2,adaptive,accept_static_degree,71,1,-13,411.966896,no_c,
l2-n32768-zipf-w1,main,2,32768,zipf,1,eas_k1_adaptive,eas,1,adaptive,accept_id,71,2,268,531.465149,c_above,110.17913237227256
l2-n32768-zipf-w1,main,2,32768,zipf,1,eas_k1_adaptive,eas,1,adaptive,accept_static_degree,71,2,-9,520.5314099999999,no_c,
l2-n32768-zipf-w1,main,2,32768,zipf,1,eas_k2_adaptive,eas,2,adaptive,accept_id,71,2,264,424.201367,c_above,88.98260669800729
l2-n32768-zipf-w1,main,2,32768,zipf,1,eas_k2_adaptive,eas,2,adaptive,accept_static_degree,71,2,-13,413.267628,no_c,
l2-n32768-zipf-w1,main,2,32768,zipf,1,eas_k2_adaptive,eas,2,adaptive,accept_id,71,3,264,424.790999,c_above,89.10429539096717
l2-n32768-zipf-w1,main,2,32768,zipf,1,eas_k2_adaptive,eas,2,adaptive,accept_static_degree,71,3,-13,414.19575,no_c,
l2-n32768-zipf-w1,main,2,32768,zipf,1,eas_k1_adaptive,eas,1,adaptive,accept_id,71,3,268,528.546873,c_above,109.561556648596
l2-n32768-zipf-w1,main,2,32768,zipf,1,eas_k1_adaptive,eas,1,adaptive,accept_static_degree,71,3,-9,517.9516239999999,no_c,
l2-n32768-zipf-w1,main,2,32768,zipf,1,eas_k1_adaptive,eas,1,adaptive,accept_id,101,1,294,517.954055,c_above,96.79741020555561
l2-n32768-zipf-w1,main,2,32768,zipf,1,eas_k1_adaptive,eas,1,adaptive,accept_static_degree,101,1,-12,508.20642000000004,no_c,
l2-n32768-zipf-w1,main,2,32768,zipf,1,eas_k2_adaptive,eas,2,adaptive,accept_id,101,1,291,414.968057,c_above,78.0574488740377
l2-n32768-zipf-w1,main,2,32768,zipf,1,eas_k2_adaptive,eas,2,adaptive,accept_static_degree,101,1,-15,405.220422,no_c,
l2-n32768-zipf-w1,main,2,32768,zipf,1,eas_k2_adaptive,eas,2,adaptive,accept_id,101,2,291,414.651552,c_above,77.99027170051497
l2-n32768-zipf-w1,main,2,32768,zipf,1,eas_k2_adaptive,eas,2,adaptive,accept_static_degree,101,2,-15,404.66450299999997,no_c,
l2-n32768-zipf-w1,main,2,32768,zipf,1,eas_k1_adaptive,eas,1,adaptive,accept_id,101,2,294,515.826672,c_above,96.38705269887497
l2-n32768-zipf-w1,main,2,32768,zipf,1,eas_k1_adaptive,eas,1,adaptive,accept_static_degree,101,2,-12,505.839623,no_c,
l2-n32768-zipf-w1,main,2,32768,zipf,1,eas_k2_adaptive,eas,2,adaptive,accept_id,101,3,291,416.138061,c_above,78.29003647416891
l2-n32768-zipf-w1,main,2,32768,zipf,1,eas_k2_adaptive,eas,2,adaptive,accept_static_degree,101,3,-15,405.922996,no_c,
l2-n32768-zipf-w1,main,2,32768,zipf,1,eas_k1_adaptive,eas,1,adaptive,accept_id,101,3,294,516.737847,c_above,96.57467938512687
l2-n32768-zipf-w1,main,2,32768,zipf,1,eas_k1_adaptive,eas,1,adaptive,accept_static_degree,101,3,-12,506.522782,no_c,
l1-n8192-uniform-w1,arity,1,8192,uniform,1,eas_k1_adaptive,eas,1,adaptive,accept_id,11,1,0,6.279418,no_c,
l1-n8192-uniform-w1,arity,1,8192,uniform,1,eas_k1_adaptive,eas,1,adaptive,accept_static_degree,11,1,0,5.905391999999999,no_c,
l1-n8192-uniform-w1,arity,1,8192,uniform,1,eas_k2_adaptive,eas,2,adaptive,accept_id,11,1,-4,6.190536000000002,no_c,
l1-n8192-uniform-w1,arity,1,8192,uniform,1,eas_k2_adaptive,eas,2,adaptive,accept_static_degree,11,1,-4,5.816510000000001,no_c,
l1-n8192-uniform-w1,arity,1,8192,uniform,1,eas_k1_adaptive,eas,1,adaptive,accept_id,11,2,0,6.932568,no_c,
l1-n8192-uniform-w1,arity,1,8192,uniform,1,eas_k1_adaptive,eas,1,adaptive,accept_static_degree,11,2,0,6.298202,no_c,
l1-n8192-uniform-w1,arity,1,8192,uniform,1,eas_k2_adaptive,eas,2,adaptive,accept_id,11,2,-4,6.338041999999998,no_c,
l1-n8192-uniform-w1,arity,1,8192,uniform,1,eas_k2_adaptive,eas,2,adaptive,accept_static_degree,11,2,-4,5.703675999999998,no_c,
l1-n8192-uniform-w1,arity,1,8192,uniform,1,eas_k1_adaptive,eas,1,adaptive,accept_id,11,3,0,6.568821,no_c,
l1-n8192-uniform-w1,arity,1,8192,uniform,1,eas_k1_adaptive,eas,1,adaptive,accept_static_degree,11,3,0,5.960007999999998,no_c,
l1-n8192-uniform-w1,arity,1,8192,uniform,1,eas_k2_adaptive,eas,2,adaptive,accept_id,11,3,-4,6.189005000000002,no_c,
l1-n8192-uniform-w1,arity,1,8192,uniform,1,eas_k2_adaptive,eas,2,adaptive,accept_static_degree,11,3,-4,5.580192,no_c,
l1-n8192-uniform-w1,arity,1,8192,uniform,1,eas_k1_adaptive,eas,1,adaptive,accept_id,29,1,0,5.864754000000001,no_c,
l1-n8192-uniform-w1,arity,1,8192,uniform,1,eas_k1_adaptive,eas,1,adaptive,accept_static_degree,29,1,0,5.1818300000000015,no_c,
l1-n8192-uniform-w1,arity,1,8192,uniform,1,eas_k2_adaptive,eas,2,adaptive,accept_id,29,1,-1,6.045551,no_c,
l1-n8192-uniform-w1,arity,1,8192,uniform,1,eas_k2_adaptive,eas,2,adaptive,accept_static_degree,29,1,-1,5.362627,no_c,
l1-n8192-uniform-w1,arity,1,8192,uniform,1,eas_k1_adaptive,eas,1,adaptive,accept_id,29,2,0,6.042489,no_c,
l1-n8192-uniform-w1,arity,1,8192,uniform,1,eas_k1_adaptive,eas,1,adaptive,accept_static_degree,29,2,0,5.651831,no_c,
l1-n8192-uniform-w1,arity,1,8192,uniform,1,eas_k2_adaptive,eas,2,adaptive,accept_id,29,2,-1,5.883595,no_c,
l1-n8192-uniform-w1,arity,1,8192,uniform,1,eas_k2_adaptive,eas,2,adaptive,accept_static_degree,29,2,-1,5.4929369999999995,no_c,
l1-n8192-uniform-w1,arity,1,8192,uniform,1,eas_k1_adaptive,eas,1,adaptive,accept_id,29,3,0,6.494930000000002,no_c,
l1-n8192-uniform-w1,arity,1,8192,uniform,1,eas_k1_adaptive,eas,1,adaptive,accept_static_degree,29,3,0,5.604116000000001,no_c,
l1-n8192-uniform-w1,arity,1,8192,uniform,1,eas_k2_adaptive,eas,2,adaptive,accept_id,29,3,-1,6.2302630000000025,no_c,
l1-n8192-uniform-w1,arity,1,8192,uniform,1,eas_k2_adaptive,eas,2,adaptive,accept_static_degree,29,3,-1,5.339449000000002,no_c,
l1-n8192-uniform-w1,arity,1,8192,uniform,1,eas_k1_adaptive,eas,1,adaptive,accept_id,47,1,0,6.180282999999999,no_c,
l1-n8192-uniform-w1,arity,1,8192,uniform,1,eas_k1_adaptive,eas,1,adaptive,accept_static_degree,47,1,0,5.405710999999998,no_c,
l1-n8192-uniform-w1,arity,1,8192,uniform,1,eas_k2_adaptive,eas,2,adaptive,accept_id,47,1,-2,6.193044,no_c,
l1-n8192-uniform-w1,arity,1,8192,uniform,1,eas_k2_adaptive,eas,2,adaptive,accept_static_degree,47,1,-2,5.4184719999999995,no_c,
l1-n8192-uniform-w1,arity,1,8192,uniform,1,eas_k1_adaptive,eas,1,adaptive,accept_id,47,2,0,5.994227999999998,no_c,
l1-n8192-uniform-w1,arity,1,8192,uniform,1,eas_k1_adaptive,eas,1,adaptive,accept_static_degree,47,2,0,5.365344999999998,no_c,
l1-n8192-uniform-w1,arity,1,8192,uniform,1,eas_k2_adaptive,eas,2,adaptive,accept_id,47,2,-2,6.371211000000001,no_c,
l1-n8192-uniform-w1,arity,1,8192,uniform,1,eas_k2_adaptive,eas,2,adaptive,accept_static_degree,47,2,-2,5.7423280000000005,no_c,
l1-n8192-uniform-w1,arity,1,8192,uniform,1,eas_k1_adaptive,eas,1,adaptive,accept_id,47,3,0,6.051873999999998,no_c,
l1-n8192-uniform-w1,arity,1,8192,uniform,1,eas_k1_adaptive,eas,1,adaptive,accept_static_degree,47,3,0,5.601361999999998,no_c,
l1-n8192-uniform-w1,arity,1,8192,uniform,1,eas_k2_adaptive,eas,2,adaptive,accept_id,47,3,-2,6.130101,no_c,
l1-n8192-uniform-w1,arity,1,8192,uniform,1,eas_k2_adaptive,eas,2,adaptive,accept_static_degree,47,3,-2,5.679589,no_c,
l1-n8192-uniform-w1,arity,1,8192,uniform,1,eas_k1_adaptive,eas,1,adaptive,accept_id,71,1,0,6.467073999999998,no_c,
l1-n8192-uniform-w1,arity,1,8192,uniform,1,eas_k1_adaptive,eas,1,adaptive,accept_static_degree,71,1,0,5.576672999999998,no_c,
l1-n8192-uniform-w1,arity,1,8192,uniform,1,eas_k2_adaptive,eas,2,adaptive,accept_id,71,1,-2,6.33929,no_c,
l1-n8192-uniform-w1,arity,1,8192,uniform,1,eas_k2_adaptive,eas,2,adaptive,accept_static_degree,71,1,-2,5.448888999999999,no_c,
l1-n8192-uniform-w1,arity,1,8192,uniform,1,eas_k1_adaptive,eas,1,adaptive,accept_id,71,2,0,6.809135000000001,no_c,
l1-n8192-uniform-w1,arity,1,8192,uniform,1,eas_k1_adaptive,eas,1,adaptive,accept_static_degree,71,2,0,5.653644000000002,no_c,
l1-n8192-uniform-w1,arity,1,8192,uniform,1,eas_k2_adaptive,eas,2,adaptive,accept_id,71,2,-2,6.508189999999999,no_c,
l1-n8192-uniform-w1,arity,1,8192,uniform,1,eas_k2_adaptive,eas,2,adaptive,accept_static_degree,71,2,-2,5.352698999999999,no_c,
l1-n8192-uniform-w1,arity,1,8192,uniform,1,eas_k1_adaptive,eas,1,adaptive,accept_id,71,3,0,6.339439000000002,no_c,
l1-n8192-uniform-w1,arity,1,8192,uniform,1,eas_k1_adaptive,eas,1,adaptive,accept_static_degree,71,3,0,5.560388000000001,no_c,
l1-n8192-uniform-w1,arity,1,8192,uniform,1,eas_k2_adaptive,eas,2,adaptive,accept_id,71,3,-2,6.053205999999999,no_c,
l1-n8192-uniform-w1,arity,1,8192,uniform,1,eas_k2_adaptive,eas,2,adaptive,accept_static_degree,71,3,-2,5.274154999999999,no_c,
l1-n8192-uniform-w1,arity,1,8192,uniform,1,eas_k1_adaptive,eas,1,adaptive,accept_id,101,1,0,6.184619,no_c,
l1-n8192-uniform-w1,arity,1,8192,uniform,1,eas_k1_adaptive,eas,1,adaptive,accept_static_degree,101,1,0,5.310754000000001,no_c,
l1-n8192-uniform-w1,arity,1,8192,uniform,1,eas_k2_adaptive,eas,2,adaptive,accept_id,101,1,-3,6.28495,no_c,
l1-n8192-uniform-w1,arity,1,8192,uniform,1,eas_k2_adaptive,eas,2,adaptive,accept_static_degree,101,1,-3,5.411085000000002,no_c,
l1-n8192-uniform-w1,arity,1,8192,uniform,1,eas_k2_adaptive,eas,2,adaptive,accept_id,101,2,-3,6.478833999999999,no_c,
l1-n8192-uniform-w1,arity,1,8192,uniform,1,eas_k2_adaptive,eas,2,adaptive,accept_static_degree,101,2,-3,5.555503999999999,no_c,
l1-n8192-uniform-w1,arity,1,8192,uniform,1,eas_k1_adaptive,eas,1,adaptive,accept_id,101,2,0,6.416558000000002,no_c,
l1-n8192-uniform-w1,arity,1,8192,uniform,1,eas_k1_adaptive,eas,1,adaptive,accept_static_degree,101,2,0,5.493228000000002,no_c,
l1-n8192-uniform-w1,arity,1,8192,uniform,1,eas_k1_adaptive,eas,1,adaptive,accept_id,101,3,0,6.246277000000001,no_c,
l1-n8192-uniform-w1,arity,1,8192,uniform,1,eas_k1_adaptive,eas,1,adaptive,accept_static_degree,101,3,0,5.436703,no_c,
l1-n8192-uniform-w1,arity,1,8192,uniform,1,eas_k2_adaptive,eas,2,adaptive,accept_id,101,3,-3,5.915329999999999,no_c,
l1-n8192-uniform-w1,arity,1,8192,uniform,1,eas_k2_adaptive,eas,2,adaptive,accept_static_degree,101,3,-3,5.105755999999998,no_c,
l1-n8192-zipf-w1,arity,1,8192,zipf,1,eas_k2_adaptive,eas,2,adaptive,accept_id,11,1,-6,7.372883,no_c,
l1-n8192-zipf-w1,arity,1,8192,zipf,1,eas_k2_adaptive,eas,2,adaptive,accept_static_degree,11,1,-6,6.661906999999999,no_c,
l1-n8192-zipf-w1,arity,1,8192,zipf,1,eas_k1_adaptive,eas,1,adaptive,accept_id,11,1,0,7.8759250000000005,no_c,
l1-n8192-zipf-w1,arity,1,8192,zipf,1,eas_k1_adaptive,eas,1,adaptive,accept_static_degree,11,1,0,7.164949,no_c,
l1-n8192-zipf-w1,arity,1,8192,zipf,1,eas_k1_adaptive,eas,1,adaptive,accept_id,11,2,0,7.788540999999999,no_c,
l1-n8192-zipf-w1,arity,1,8192,zipf,1,eas_k1_adaptive,eas,1,adaptive,accept_static_degree,11,2,0,6.978259999999999,no_c,
l1-n8192-zipf-w1,arity,1,8192,zipf,1,eas_k2_adaptive,eas,2,adaptive,accept_id,11,2,-6,7.239736999999998,no_c,
l1-n8192-zipf-w1,arity,1,8192,zipf,1,eas_k2_adaptive,eas,2,adaptive,accept_static_degree,11,2,-6,6.429455999999998,no_c,
l1-n8192-zipf-w1,arity,1,8192,zipf,1,eas_k1_adaptive,eas,1,adaptive,accept_id,11,3,0,7.647095,no_c,
l1-n8192-zipf-w1,arity,1,8192,zipf,1,eas_k1_adaptive,eas,1,adaptive,accept_static_degree,11,3,0,6.991263,no_c,
l1-n8192-zipf-w1,arity,1,8192,zipf,1,eas_k2_adaptive,eas,2,adaptive,accept_id,11,3,-6,7.145096000000002,no_c,
l1-n8192-zipf-w1,arity,1,8192,zipf,1,eas_k2_adaptive,eas,2,adaptive,accept_static_degree,11,3,-6,6.489264000000002,no_c,
l1-n8192-zipf-w1,arity,1,8192,zipf,1,eas_k2_adaptive,eas,2,adaptive,accept_id,29,1,-7,7.414744000000001,no_c,
l1-n8192-zipf-w1,arity,1,8192,zipf,1,eas_k2_adaptive,eas,2,adaptive,accept_static_degree,29,1,-7,6.392187,no_c,
l1-n8192-zipf-w1,arity,1,8192,zipf,1,eas_k1_adaptive,eas,1,adaptive,accept_id,29,1,0,7.827997000000002,no_c,
l1-n8192-zipf-w1,arity,1,8192,zipf,1,eas_k1_adaptive,eas,1,adaptive,accept_static_degree,29,1,0,6.805440000000001,no_c,
l1-n8192-zipf-w1,arity,1,8192,zipf,1,eas_k1_adaptive,eas,1,adaptive,accept_id,29,2,0,8.061685,no_c,
l1-n8192-zipf-w1,arity,1,8192,zipf,1,eas_k1_adaptive,eas,1,adaptive,accept_static_degree,29,2,0,7.19059,no_c,
l1-n8192-zipf-w1,arity,1,8192,zipf,1,eas_k2_adaptive,eas,2,adaptive,accept_id,29,2,-7,7.044066000000001,no_c,
l1-n8192-zipf-w1,arity,1,8192,zipf,1,eas_k2_adaptive,eas,2,adaptive,accept_static_degree,29,2,-7,6.172971,no_c,
l1-n8192-zipf-w1,arity,1,8192,zipf,1,eas_k1_adaptive,eas,1,adaptive,accept_id,29,3,0,7.7923100000000005,no_c,
l1-n8192-zipf-w1,arity,1,8192,zipf,1,eas_k1_adaptive,eas,1,adaptive,accept_static_degree,29,3,0,6.954559,no_c,
l1-n8192-zipf-w1,arity,1,8192,zipf,1,eas_k2_adaptive,eas,2,adaptive,accept_id,29,3,-7,7.362044000000001,no_c,
l1-n8192-zipf-w1,arity,1,8192,zipf,1,eas_k2_adaptive,eas,2,adaptive,accept_static_degree,29,3,-7,6.524293,no_c,
l1-n8192-zipf-w1,arity,1,8192,zipf,1,eas_k2_adaptive,eas,2,adaptive,accept_id,47,1,-3,7.195217000000001,no_c,
l1-n8192-zipf-w1,arity,1,8192,zipf,1,eas_k2_adaptive,eas,2,adaptive,accept_static_degree,47,1,-3,6.338221000000001,no_c,
l1-n8192-zipf-w1,arity,1,8192,zipf,1,eas_k1_adaptive,eas,1,adaptive,accept_id,47,1,0,7.522413000000002,no_c,
l1-n8192-zipf-w1,arity,1,8192,zipf,1,eas_k1_adaptive,eas,1,adaptive,accept_static_degree,47,1,0,6.6654170000000015,no_c,
l1-n8192-zipf-w1,arity,1,8192,zipf,1,eas_k1_adaptive,eas,1,adaptive,accept_id,47,2,0,7.631471999999999,no_c,
l1-n8192-zipf-w1,arity,1,8192,zipf,1,eas_k1_adaptive,eas,1,adaptive,accept_static_degree,47,2,0,6.563005999999998,no_c,
l1-n8192-zipf-w1,arity,1,8192,zipf,1,eas_k2_adaptive,eas,2,adaptive,accept_id,47,2,-3,7.374829999999999,no_c,
l1-n8192-zipf-w1,arity,1,8192,zipf,1,eas_k2_adaptive,eas,2,adaptive,accept_static_degree,47,2,-3,6.3063639999999985,no_c,
l1-n8192-zipf-w1,arity,1,8192,zipf,1,eas_k1_adaptive,eas,1,adaptive,accept_id,47,3,0,7.684161000000001,no_c,
l1-n8192-zipf-w1,arity,1,8192,zipf,1,eas_k1_adaptive,eas,1,adaptive,accept_static_degree,47,3,0,7.124850000000002,no_c,
l1-n8192-zipf-w1,arity,1,8192,zipf,1,eas_k2_adaptive,eas,2,adaptive,accept_id,47,3,-3,7.190557,no_c,
l1-n8192-zipf-w1,arity,1,8192,zipf,1,eas_k2_adaptive,eas,2,adaptive,accept_static_degree,47,3,-3,6.631246000000001,no_c,
l1-n8192-zipf-w1,arity,1,8192,zipf,1,eas_k2_adaptive,eas,2,adaptive,accept_id,71,1,-1,7.457879999999999,no_c,
l1-n8192-zipf-w1,arity,1,8192,zipf,1,eas_k2_adaptive,eas,2,adaptive,accept_static_degree,71,1,-1,6.621200999999999,no_c,
l1-n8192-zipf-w1,arity,1,8192,zipf,1,eas_k1_adaptive,eas,1,adaptive,accept_id,71,1,0,7.631684,no_c,
l1-n8192-zipf-w1,arity,1,8192,zipf,1,eas_k1_adaptive,eas,1,adaptive,accept_static_degree,71,1,0,6.795005,no_c,
l1-n8192-zipf-w1,arity,1,8192,zipf,1,eas_k1_adaptive,eas,1,adaptive,accept_id,71,2,0,7.951886999999999,no_c,
l1-n8192-zipf-w1,arity,1,8192,zipf,1,eas_k1_adaptive,eas,1,adaptive,accept_static_degree,71,2,0,6.998327,no_c,
l1-n8192-zipf-w1,arity,1,8192,zipf,1,eas_k2_adaptive,eas,2,adaptive,accept_id,71,2,-1,7.394313999999998,no_c,
l1-n8192-zipf-w1,arity,1,8192,zipf,1,eas_k2_adaptive,eas,2,adaptive,accept_static_degree,71,2,-1,6.440753999999998,no_c,
l1-n8192-zipf-w1,arity,1,8192,zipf,1,eas_k2_adaptive,eas,2,adaptive,accept_id,71,3,-1,7.3762979999999985,no_c,
l1-n8192-zipf-w1,arity,1,8192,zipf,1,eas_k2_adaptive,eas,2,adaptive,accept_static_degree,71,3,-1,6.342155999999999,no_c,
l1-n8192-zipf-w1,arity,1,8192,zipf,1,eas_k1_adaptive,eas,1,adaptive,accept_id,71,3,0,8.10032,no_c,
l1-n8192-zipf-w1,arity,1,8192,zipf,1,eas_k1_adaptive,eas,1,adaptive,accept_static_degree,71,3,0,7.066178000000001,no_c,
l1-n8192-zipf-w1,arity,1,8192,zipf,1,eas_k2_adaptive,eas,2,adaptive,accept_id,101,1,-3,7.2656670000000005,no_c,
l1-n8192-zipf-w1,arity,1,8192,zipf,1,eas_k2_adaptive,eas,2,adaptive,accept_static_degree,101,1,-3,6.6755580000000005,no_c,
l1-n8192-zipf-w1,arity,1,8192,zipf,1,eas_k1_adaptive,eas,1,adaptive,accept_id,101,1,0,7.809197000000001,no_c,
l1-n8192-zipf-w1,arity,1,8192,zipf,1,eas_k1_adaptive,eas,1,adaptive,accept_static_degree,101,1,0,7.219088000000001,no_c,
l1-n8192-zipf-w1,arity,1,8192,zipf,1,eas_k1_adaptive,eas,1,adaptive,accept_id,101,2,0,7.598267999999999,no_c,
l1-n8192-zipf-w1,arity,1,8192,zipf,1,eas_k1_adaptive,eas,1,adaptive,accept_static_degree,101,2,0,6.799899,no_c,
l1-n8192-zipf-w1,arity,1,8192,zipf,1,eas_k2_adaptive,eas,2,adaptive,accept_id,101,2,-3,7.347125,no_c,
l1-n8192-zipf-w1,arity,1,8192,zipf,1,eas_k2_adaptive,eas,2,adaptive,accept_static_degree,101,2,-3,6.548756000000001,no_c,
l1-n8192-zipf-w1,arity,1,8192,zipf,1,eas_k2_adaptive,eas,2,adaptive,accept_id,101,3,-3,7.382256999999999,no_c,
l1-n8192-zipf-w1,arity,1,8192,zipf,1,eas_k2_adaptive,eas,2,adaptive,accept_static_degree,101,3,-3,6.385005999999999,no_c,
l1-n8192-zipf-w1,arity,1,8192,zipf,1,eas_k1_adaptive,eas,1,adaptive,accept_id,101,3,0,7.763572,no_c,
l1-n8192-zipf-w1,arity,1,8192,zipf,1,eas_k1_adaptive,eas,1,adaptive,accept_static_degree,101,3,0,6.766321,no_c,
l3-n8192-uniform-w1,arity,3,8192,uniform,1,eas_k1_adaptive,eas,1,adaptive,accept_id,11,1,259,39.242357999999996,c_above,33.977745860920905
l3-n8192-uniform-w1,arity,3,8192,uniform,1,eas_k1_adaptive,eas,1,adaptive,accept_static_degree,11,1,-59,8.150151000000001,no_c,
l3-n8192-uniform-w1,arity,3,8192,uniform,1,eas_k2_adaptive,eas,2,adaptive,accept_id,11,1,258,38.529703,c_above,33.45843128860829
l3-n8192-uniform-w1,arity,3,8192,uniform,1,eas_k2_adaptive,eas,2,adaptive,accept_static_degree,11,1,-60,7.437496000000003,no_c,
l3-n8192-uniform-w1,arity,3,8192,uniform,1,eas_k2_adaptive,eas,2,adaptive,accept_id,11,2,258,38.962120999999996,c_above,33.855275382108466
l3-n8192-uniform-w1,arity,3,8192,uniform,1,eas_k2_adaptive,eas,2,adaptive,accept_static_degree,11,2,-60,7.479191,no_c,
l3-n8192-uniform-w1,arity,3,8192,uniform,1,eas_k1_adaptive,eas,1,adaptive,accept_id,11,2,259,39.308899,c_above,34.03574645336255
l3-n8192-uniform-w1,arity,3,8192,uniform,1,eas_k1_adaptive,eas,1,adaptive,accept_static_degree,11,2,-59,7.825969000000001,no_c,
l3-n8192-uniform-w1,arity,3,8192,uniform,1,eas_k1_adaptive,eas,1,adaptive,accept_id,11,3,259,39.506224,c_above,34.188819058333586
l3-n8192-uniform-w1,arity,3,8192,uniform,1,eas_k1_adaptive,eas,1,adaptive,accept_static_degree,11,3,-59,8.340684000000003,no_c,
l3-n8192-uniform-w1,arity,3,8192,uniform,1,eas_k2_adaptive,eas,2,adaptive,accept_id,11,3,258,38.561122000000005,c_above,33.455326169036155
l3-n8192-uniform-w1,arity,3,8192,uniform,1,eas_k2_adaptive,eas,2,adaptive,accept_static_degree,11,3,-60,7.3955820000000045,no_c,
l3-n8192-uniform-w1,arity,3,8192,uniform,1,eas_k2_adaptive,eas,2,adaptive,accept_id,29,1,242,38.745537,c_above,36.588603050547206
l3-n8192-uniform-w1,arity,3,8192,uniform,1,eas_k2_adaptive,eas,2,adaptive,accept_static_degree,29,1,-47,7.532136999999999,no_c,
l3-n8192-uniform-w1,arity,3,8192,uniform,1,eas_k1_adaptive,eas,1,adaptive,accept_id,29,1,246,39.3506,c_above,36.55379194554275
l3-n8192-uniform-w1,arity,3,8192,uniform,1,eas_k1_adaptive,eas,1,adaptive,accept_static_degree,29,1,-43,8.1372,no_c,
l3-n8192-uniform-w1,arity,3,8192,uniform,1,eas_k2_adaptive,eas,2,adaptive,accept_id,29,2,242,39.333256,c_above,37.15122247970202
l3-n8192-uniform-w1,arity,3,8192,uniform,1,eas_k2_adaptive,eas,2,adaptive,accept_static_degree,29,2,-47,8.401438999999996,no_c,
l3-n8192-uniform-w1,arity,3,8192,uniform,1,eas_k1_adaptive,eas,1,adaptive,accept_id,29,2,246,39.620136,c_above,36.793595753739524
l3-n8192-uniform-w1,arity,3,8192,uniform,1,eas_k1_adaptive,eas,1,adaptive,accept_static_degree,29,2,-43,8.688319,no_c,
l3-n8192-uniform-w1,arity,3,8192,uniform,1,eas_k2_adaptive,eas,2,adaptive,accept_id,29,3,242,38.745406,c_above,36.56851638264301
l3-n8192-uniform-w1,arity,3,8192,uniform,1,eas_k2_adaptive,eas,2,adaptive,accept_static_degree,29,3,-47,7.0142859999999985,no_c,
l3-n8192-uniform-w1,arity,3,8192,uniform,1,eas_k1_adaptive,eas,1,adaptive,accept_id,29,3,246,39.338922,c_above,36.52233936440073
l3-n8192-uniform-w1,arity,3,8192,uniform,1,eas_k1_adaptive,eas,1,adaptive,accept_static_degree,29,3,-43,7.6078019999999995,no_c,
l3-n8192-uniform-w1,arity,3,8192,uniform,1,eas_k2_adaptive,eas,2,adaptive,accept_id,47,1,248,39.429011,c_above,35.79563102574502
l3-n8192-uniform-w1,arity,3,8192,uniform,1,eas_k2_adaptive,eas,2,adaptive,accept_static_degree,47,1,-91,8.249057,no_c,
l3-n8192-uniform-w1,arity,3,8192,uniform,1,eas_k1_adaptive,eas,1,adaptive,accept_id,47,1,247,39.321666,c_above,35.84560418577619
l3-n8192-uniform-w1,arity,3,8192,uniform,1,eas_k1_adaptive,eas,1,adaptive,accept_static_degree,47,1,-92,8.141711999999998,no_c,
l3-n8192-uniform-w1,arity,3,8192,uniform,1,eas_k2_adaptive,eas,2,adaptive,accept_id,47,2,248,38.99301,c_above,35.39658693178239
l3-n8192-uniform-w1,arity,3,8192,uniform,1,eas_k2_adaptive,eas,2,adaptive,accept_static_degree,47,2,-91,7.842578000000003,no_c,
l3-n8192-uniform-w1,arity,3,8192,uniform,1,eas_k1_adaptive,eas,1,adaptive,accept_id,47,2,247,39.934466,c_above,36.45974865722656
l3-n8192-uniform-w1,arity,3,8192,uniform,1,eas_k1_adaptive,eas,1,adaptive,accept_static_degree,47,2,-92,8.784033999999998,no_c,
l3-n8192-uniform-w1,arity,3,8192,uniform,1,eas_k2_adaptive,eas,2,adaptive,accept_id,47,3,248,39.378301,c_above,35.75561361497448
l3-n8192-uniform-w1,arity,3,8192,uniform,1,eas_k2_adaptive,eas,2,adaptive,accept_static_degree,47,3,-91,8.019126999999997,no_c,
l3-n8192-uniform-w1,arity,3,8192,uniform,1,eas_k1_adaptive,eas,1,adaptive,accept_id,47,3,247,39.410122,c_above,35.940055212847135
l3-n8192-uniform-w1,arity,3,8192,uniform,1,eas_k1_adaptive,eas,1,adaptive,accept_static_degree,47,3,-92,8.050947999999998,no_c,
l3-n8192-uniform-w1,arity,3,8192,uniform,1,eas_k1_adaptive,eas,1,adaptive,accept_id,71,1,266,40.29249,c_above,33.46094949501439
l3-n8192-uniform-w1,arity,3,8192,uniform,1,eas_k1_adaptive,eas,1,adaptive,accept_static_degree,71,1,-85,8.812738000000003,no_c,
l3-n8192-uniform-w1,arity,3,8192,uniform,1,eas_k2_adaptive,eas,2,adaptive,accept_id,71,1,259,38.823488999999995,c_above,33.089399090269815
l3-n8192-uniform-w1,arity,3,8192,uniform,1,eas_k2_adaptive,eas,2,adaptive,accept_static_degree,71,1,-92,7.343736999999997,no_c,
l3-n8192-uniform-w1,arity,3,8192,uniform,1,eas_k1_adaptive,eas,1,adaptive,accept_id,71,2,266,39.132026999999994,c_above,32.44394277242789
l3-n8192-uniform-w1,arity,3,8192,uniform,1,eas_k1_adaptive,eas,1,adaptive,accept_static_degree,71,2,-85,8.308606999999995,no_c,
l3-n8192-uniform-w1,arity,3,8192,uniform,1,eas_k2_adaptive,eas,2,adaptive,accept_id,71,2,259,38.836675,c_above,33.11166797440577
l3-n8192-uniform-w1,arity,3,8192,uniform,1,eas_k2_adaptive,eas,2,adaptive,accept_static_degree,71,2,-92,8.013254999999994,no_c,
l3-n8192-uniform-w1,arity,3,8192,uniform,1,eas_k1_adaptive,eas,1,adaptive,accept_id,71,3,266,38.977641000000006,c_above,32.321360777890774
l3-n8192-uniform-w1,arity,3,8192,uniform,1,eas_k1_adaptive,eas,1,adaptive,accept_static_degree,71,3,-85,7.980619000000004,no_c,
l3-n8192-uniform-w1,arity,3,8192,uniform,1,eas_k2_adaptive,eas,2,adaptive,accept_id,71,3,259,38.547444999999996,c_above,32.86279684342196
l3-n8192-uniform-w1,arity,3,8192,uniform,1,eas_k2_adaptive,eas,2,adaptive,accept_static_degree,71,3,-92,7.550423000000002,no_c,
l3-n8192-uniform-w1,arity,3,8192,uniform,1,eas_k1_adaptive,eas,1,adaptive,accept_id,101,1,222,39.829314,c_above,41.171670264991555
l3-n8192-uniform-w1,arity,3,8192,uniform,1,eas_k1_adaptive,eas,1,adaptive,accept_static_degree,101,1,-84,9.014466999999996,no_c,
l3-n8192-uniform-w1,arity,3,8192,uniform,1,eas_k2_adaptive,eas,2,adaptive,accept_id,101,1,222,38.768468999999996,c_above,40.015524305188976
l3-n8192-uniform-w1,arity,3,8192,uniform,1,eas_k2_adaptive,eas,2,adaptive,accept_static_degree,101,1,-84,7.953621999999996,no_c,
l3-n8192-uniform-w1,arity,3,8192,uniform,1,eas_k2_adaptive,eas,2,adaptive,accept_id,101,2,222,39.74069,c_above,41.13802650465407
l3-n8192-uniform-w1,arity,3,8192,uniform,1,eas_k2_adaptive,eas,2,adaptive,accept_static_degree,101,2,-84,7.976298,no_c,
l3-n8192-uniform-w1,arity,3,8192,uniform,1,eas_k1_adaptive,eas,1,adaptive,accept_id,101,2,222,40.26721500000001,c_above,41.7118518528294
l3-n8192-uniform-w1,arity,3,8192,uniform,1,eas_k1_adaptive,eas,1,adaptive,accept_static_degree,101,2,-84,8.502823,no_c,
l3-n8192-uniform-w1,arity,3,8192,uniform,1,eas_k1_adaptive,eas,1,adaptive,accept_id,101,3,222,39.644431,c_above,41.00000216207418
l3-n8192-uniform-w1,arity,3,8192,uniform,1,eas_k1_adaptive,eas,1,adaptive,accept_static_degree,101,3,-84,7.830791999999995,no_c,
l3-n8192-uniform-w1,arity,3,8192,uniform,1,eas_k2_adaptive,eas,2,adaptive,accept_id,101,3,222,39.353049,c_above,40.68244387404984
l3-n8192-uniform-w1,arity,3,8192,uniform,1,eas_k2_adaptive,eas,2,adaptive,accept_static_degree,101,3,-84,7.539409999999997,no_c,
l3-n8192-zipf-w1,arity,3,8192,zipf,1,eas_k2_adaptive,eas,2,adaptive,accept_id,11,1,77,57.32934800000001,c_above,37.957102697595374
l3-n8192-zipf-w1,arity,3,8192,zipf,1,eas_k2_adaptive,eas,2,adaptive,accept_static_degree,11,1,-1,30.101502000000004,no_c,
l3-n8192-zipf-w1,arity,3,8192,zipf,1,eas_k1_adaptive,eas,1,adaptive,accept_id,11,1,79,62.424268,c_above,40.403092618918116
l3-n8192-zipf-w1,arity,3,8192,zipf,1,eas_k1_adaptive,eas,1,adaptive,accept_static_degree,11,1,1,35.19642199999999,c_above,2215.9930634765615
l3-n8192-zipf-w1,arity,3,8192,zipf,1,eas_k1_adaptive,eas,1,adaptive,accept_id,11,2,79,61.666101000000005,c_above,39.90966204911244
l3-n8192-zipf-w1,arity,3,8192,zipf,1,eas_k1_adaptive,eas,1,adaptive,accept_static_degree,11,2,1,34.145261000000005,c_above,2149.6390218505862
l3-n8192-zipf-w1,arity,3,8192,zipf,1,eas_k2_adaptive,eas,2,adaptive,accept_id,11,2,77,57.509041,c_above,38.10302621658126
l3-n8192-zipf-w1,arity,3,8192,zipf,1,eas_k2_adaptive,eas,2,adaptive,accept_static_degree,11,2,-1,29.988201000000004,no_c,
l3-n8192-zipf-w1,arity,3,8192,zipf,1,eas_k2_adaptive,eas,2,adaptive,accept_id,11,3,77,57.453866,c_above,38.097204908494824
l3-n8192-zipf-w1,arity,3,8192,zipf,1,eas_k2_adaptive,eas,2,adaptive,accept_static_degree,11,3,-1,29.576884,no_c,
l3-n8192-zipf-w1,arity,3,8192,zipf,1,eas_k1_adaptive,eas,1,adaptive,accept_id,11,3,79,62.444741,c_above,40.47042302462422
l3-n8192-zipf-w1,arity,3,8192,zipf,1,eas_k1_adaptive,eas,1,adaptive,accept_static_degree,11,3,1,34.567759,c_above,2176.292123046875
l3-n8192-zipf-w1,arity,3,8192,zipf,1,eas_k1_adaptive,eas,1,adaptive,accept_id,29,1,78,62.907922000000006,c_above,42.598293441381216
l3-n8192-zipf-w1,arity,3,8192,zipf,1,eas_k1_adaptive,eas,1,adaptive,accept_static_degree,29,1,4,35.630998000000005,c_above,566.7262194824219
l3-n8192-zipf-w1,arity,3,8192,zipf,1,eas_k2_adaptive,eas,2,adaptive,accept_id,29,1,76,58.181811,c_above,40.33820097913241
l3-n8192-zipf-w1,arity,3,8192,zipf,1,eas_k2_adaptive,eas,2,adaptive,accept_static_degree,29,1,2,30.904887000000002,c_above,986.9543742675781
l3-n8192-zipf-w1,arity,3,8192,zipf,1,eas_k1_adaptive,eas,1,adaptive,accept_id,29,2,78,62.922932,c_above,42.631617907401846
l3-n8192-zipf-w1,arity,3,8192,zipf,1,eas_k1_adaptive,eas,1,adaptive,accept_static_degree,29,2,4,35.27586300000001,c_above,561.0030280151368
l3-n8192-zipf-w1,arity,3,8192,zipf,1,eas_k2_adaptive,eas,2,adaptive,accept_id,29,2,76,58.42496799999999,c_above,40.53743892629522
l3-n8192-zipf-w1,arity,3,8192,zipf,1,eas_k2_adaptive,eas,2,adaptive,accept_static_degree,29,2,2,30.777898999999998,c_above,982.8550119628904
l3-n8192-zipf-w1,arity,3,8192,zipf,1,eas_k1_adaptive,eas,1,adaptive,accept_id,29,3,78,62.80392799999999,c_above,42.50655126640123
l3-n8192-zipf-w1,arity,3,8192,zipf,1,eas_k1_adaptive,eas,1,adaptive,accept_static_degree,29,3,4,35.19975699999999,c_above,559.7457069702148
l3-n8192-zipf-w1,arity,3,8192,zipf,1,eas_k2_adaptive,eas,2,adaptive,accept_id,29,3,76,58.100249999999996,c_above,40.26080921695106
l3-n8192-zipf-w1,arity,3,8192,zipf,1,eas_k2_adaptive,eas,2,adaptive,accept_static_degree,29,3,2,30.496078999999995,c_above,973.7716751708982
l3-n8192-zipf-w1,arity,3,8192,zipf,1,eas_k1_adaptive,eas,1,adaptive,accept_id,47,1,81,61.818921,c_above,43.17269371202258
l3-n8192-zipf-w1,arity,3,8192,zipf,1,eas_k1_adaptive,eas,1,adaptive,accept_static_degree,47,1,-1,34.629287000000005,no_c,
l3-n8192-zipf-w1,arity,3,8192,zipf,1,eas_k2_adaptive,eas,2,adaptive,accept_id,47,1,80,57.858937,c_above,40.81178501586914
l3-n8192-zipf-w1,arity,3,8192,zipf,1,eas_k2_adaptive,eas,2,adaptive,accept_static_degree,47,1,-2,30.669303,no_c,
l3-n8192-zipf-w1,arity,3,8192,zipf,1,eas_k2_adaptive,eas,2,adaptive,accept_id,47,2,80,57.207451,c_above,40.311363470458986
l3-n8192-zipf-w1,arity,3,8192,zipf,1,eas_k2_adaptive,eas,2,adaptive,accept_static_degree,47,2,-2,29.710200999999998,no_c,
l3-n8192-zipf-w1,arity,3,8192,zipf,1,eas_k1_adaptive,eas,1,adaptive,accept_id,47,2,81,61.385437,c_above,42.83722451141735
l3-n8192-zipf-w1,arity,3,8192,zipf,1,eas_k1_adaptive,eas,1,adaptive,accept_static_degree,47,2,-1,33.888187,no_c,
l3-n8192-zipf-w1,arity,3,8192,zipf,1,eas_k2_adaptive,eas,2,adaptive,accept_id,47,3,80,57.651742999999996,c_above,40.679697894287116
l3-n8192-zipf-w1,arity,3,8192,zipf,1,eas_k2_adaptive,eas,2,adaptive,accept_static_degree,47,3,-2,29.592335999999996,no_c,
l3-n8192-zipf-w1,arity,3,8192,zipf,1,eas_k1_adaptive,eas,1,adaptive,accept_id,47,3,81,61.664288,c_above,43.080834104938276
l3-n8192-zipf-w1,arity,3,8192,zipf,1,eas_k1_adaptive,eas,1,adaptive,accept_static_degree,47,3,-1,33.604881,no_c,
l3-n8192-zipf-w1,arity,3,8192,zipf,1,eas_k2_adaptive,eas,2,adaptive,accept_id,71,1,76,59.528034000000005,c_above,41.11315568462172
l3-n8192-zipf-w1,arity,3,8192,zipf,1,eas_k2_adaptive,eas,2,adaptive,accept_static_degree,71,1,-3,32.12786500000001,no_c,
l3-n8192-zipf-w1,arity,3,8192,zipf,1,eas_k1_adaptive,eas,1,adaptive,accept_id,71,1,79,63.267438,c_above,42.07940545731556
l3-n8192-zipf-w1,arity,3,8192,zipf,1,eas_k1_adaptive,eas,1,adaptive,accept_static_degree,71,1,0,35.867269,no_c,
l3-n8192-zipf-w1,arity,3,8192,zipf,1,eas_k1_adaptive,eas,1,adaptive,accept_id,71,2,79,63.96236699999999,c_above,42.55745847600623
l3-n8192-zipf-w1,arity,3,8192,zipf,1,eas_k1_adaptive,eas,1,adaptive,accept_static_degree,71,2,0,36.782695999999994,no_c,
l3-n8192-zipf-w1,arity,3,8192,zipf,1,eas_k2_adaptive,eas,2,adaptive,accept_id,71,2,76,57.98923,c_above,39.99577464535361
l3-n8192-zipf-w1,arity,3,8192,zipf,1,eas_k2_adaptive,eas,2,adaptive,accept_static_degree,71,2,-3,30.809559,no_c,
l3-n8192-zipf-w1,arity,3,8192,zipf,1,eas_k1_adaptive,eas,1,adaptive,accept_id,71,3,79,64.107726,c_above,42.648451433012745
l3-n8192-zipf-w1,arity,3,8192,zipf,1,eas_k1_adaptive,eas,1,adaptive,accept_static_degree,71,3,0,36.787531,no_c,
l3-n8192-zipf-w1,arity,3,8192,zipf,1,eas_k2_adaptive,eas,2,adaptive,accept_id,71,3,76,57.981851000000006,c_above,39.980360650313536
l3-n8192-zipf-w1,arity,3,8192,zipf,1,eas_k2_adaptive,eas,2,adaptive,accept_static_degree,71,3,-3,30.661656000000008,no_c,
l3-n8192-zipf-w1,arity,3,8192,zipf,1,eas_k1_adaptive,eas,1,adaptive,accept_id,101,1,74,62.035039999999995,c_above,46.68840928856101
l3-n8192-zipf-w1,arity,3,8192,zipf,1,eas_k1_adaptive,eas,1,adaptive,accept_static_degree,101,1,-7,34.833636999999996,no_c,
l3-n8192-zipf-w1,arity,3,8192,zipf,1,eas_k2_adaptive,eas,2,adaptive,accept_id,101,1,73,57.085286999999994,c_above,43.42271943560038
l3-n8192-zipf-w1,arity,3,8192,zipf,1,eas_k2_adaptive,eas,2,adaptive,accept_static_degree,101,1,-8,29.883883999999995,no_c,
l3-n8192-zipf-w1,arity,3,8192,zipf,1,eas_k2_adaptive,eas,2,adaptive,accept_id,101,2,73,57.55332000000001,c_above,43.798225075917706
l3-n8192-zipf-w1,arity,3,8192,zipf,1,eas_k2_adaptive,eas,2,adaptive,accept_static_degree,101,2,-8,29.97083200000001,no_c,
l3-n8192-zipf-w1,arity,3,8192,zipf,1,eas_k1_adaptive,eas,1,adaptive,accept_id,101,2,74,62.023688,c_above,46.68326456595755
l3-n8192-zipf-w1,arity,3,8192,zipf,1,eas_k1_adaptive,eas,1,adaptive,accept_static_degree,101,2,-7,34.4412,no_c,
l3-n8192-zipf-w1,arity,3,8192,zipf,1,eas_k2_adaptive,eas,2,adaptive,accept_id,101,3,73,57.420738,c_above,43.71052792065765
l3-n8192-zipf-w1,arity,3,8192,zipf,1,eas_k2_adaptive,eas,2,adaptive,accept_static_degree,101,3,-8,29.464283000000002,no_c,
l3-n8192-zipf-w1,arity,3,8192,zipf,1,eas_k1_adaptive,eas,1,adaptive,accept_id,101,3,74,62.25551899999999,c_above,46.88252975051467
l3-n8192-zipf-w1,arity,3,8192,zipf,1,eas_k1_adaptive,eas,1,adaptive,accept_static_degree,101,3,-7,34.299063999999994,no_c,
l4-n8192-uniform-w1,arity,4,8192,uniform,1,eas_k1_adaptive,eas,1,adaptive,accept_id,11,1,192,88.733767,c_above,73.45450195757549
l4-n8192-uniform-w1,arity,4,8192,uniform,1,eas_k1_adaptive,eas,1,adaptive,accept_static_degree,11,1,-56,9.070154000000002,no_c,
l4-n8192-uniform-w1,arity,4,8192,uniform,1,eas_k2_adaptive,eas,2,adaptive,accept_id,11,1,185,87.026997,c_above,74.81085754394532
l4-n8192-uniform-w1,arity,4,8192,uniform,1,eas_k2_adaptive,eas,2,adaptive,accept_static_degree,11,1,-63,7.363383999999996,no_c,
l4-n8192-uniform-w1,arity,4,8192,uniform,1,eas_k1_adaptive,eas,1,adaptive,accept_id,11,2,192,87.083805,c_above,72.04910699272155
l4-n8192-uniform-w1,arity,4,8192,uniform,1,eas_k1_adaptive,eas,1,adaptive,accept_static_degree,11,2,-56,7.454352,no_c,
l4-n8192-uniform-w1,arity,4,8192,uniform,1,eas_k2_adaptive,eas,2,adaptive,accept_id,11,2,185,87.969627,c_above,75.65296043272276
l4-n8192-uniform-w1,arity,4,8192,uniform,1,eas_k2_adaptive,eas,2,adaptive,accept_static_degree,11,2,-63,8.340174000000005,no_c,
l4-n8192-uniform-w1,arity,4,8192,uniform,1,eas_k1_adaptive,eas,1,adaptive,accept_id,11,3,192,89.133435,c_above,73.82151179695128
l4-n8192-uniform-w1,arity,4,8192,uniform,1,eas_k1_adaptive,eas,1,adaptive,accept_static_degree,11,3,-56,9.348239000000007,no_c,
l4-n8192-uniform-w1,arity,4,8192,uniform,1,eas_k2_adaptive,eas,2,adaptive,accept_id,11,3,185,88.343106,c_above,76.0041259930585
l4-n8192-uniform-w1,arity,4,8192,uniform,1,eas_k2_adaptive,eas,2,adaptive,accept_static_degree,11,3,-63,8.557910000000007,no_c,
l4-n8192-uniform-w1,arity,4,8192,uniform,1,eas_k2_adaptive,eas,2,adaptive,accept_id,29,1,169,89.448704,c_above,85.8248040208083
l4-n8192-uniform-w1,arity,4,8192,uniform,1,eas_k2_adaptive,eas,2,adaptive,accept_static_degree,29,1,-47,9.236788000000004,no_c,
l4-n8192-uniform-w1,arity,4,8192,uniform,1,eas_k1_adaptive,eas,1,adaptive,accept_id,29,1,156,87.740801,c_above,91.3499147644043
l4-n8192-uniform-w1,arity,4,8192,uniform,1,eas_k1_adaptive,eas,1,adaptive,accept_static_degree,29,1,-60,7.5288850000000025,no_c,
l4-n8192-uniform-w1,arity,4,8192,uniform,1,eas_k2_adaptive,eas,2,adaptive,accept_id,29,2,169,87.40805,c_above,83.76985621995192
l4-n8192-uniform-w1,arity,4,8192,uniform,1,eas_k2_adaptive,eas,2,adaptive,accept_static_degree,29,2,-47,6.919736,no_c,
l4-n8192-uniform-w1,arity,4,8192,uniform,1,eas_k1_adaptive,eas,1,adaptive,accept_id,29,2,156,88.764966,c_above,92.40088116455078
l4-n8192-uniform-w1,arity,4,8192,uniform,1,eas_k1_adaptive,eas,1,adaptive,accept_static_degree,29,2,-60,8.276651999999999,no_c,
l4-n8192-uniform-w1,arity,4,8192,uniform,1,eas_k1_adaptive,eas,1,adaptive,accept_id,29,3,156,88.406002,c_above,92.03920318603514
l4-n8192-uniform-w1,arity,4,8192,uniform,1,eas_k1_adaptive,eas,1,adaptive,accept_static_degree,29,3,-60,7.654977000000002,no_c,
l4-n8192-uniform-w1,arity,4,8192,uniform,1,eas_k2_adaptive,eas,2,adaptive,accept_id,29,3,169,89.26062900000001,c_above,85.61814809945913
l4-n8192-uniform-w1,arity,4,8192,uniform,1,eas_k2_adaptive,eas,2,adaptive,accept_static_degree,29,3,-47,8.50960400000001,no_c,
l4-n8192-uniform-w1,arity,4,8192,uniform,1,eas_k1_adaptive,eas,1,adaptive,accept_id,47,1,167,88.66135,c_above,87.07336205250633
l4-n8192-uniform-w1,arity,4,8192,uniform,1,eas_k1_adaptive,eas,1,adaptive,accept_static_degree,47,1,-53,8.791430000000005,no_c,
l4-n8192-uniform-w1,arity,4,8192,uniform,1,eas_k2_adaptive,eas,2,adaptive,accept_id,47,1,169,86.109884,c_above,83.4690824321318
l4-n8192-uniform-w1,arity,4,8192,uniform,1,eas_k2_adaptive,eas,2,adaptive,accept_static_degree,47,1,-51,6.2399640000000005,no_c,
l4-n8192-uniform-w1,arity,4,8192,uniform,1,eas_k1_adaptive,eas,1,adaptive,accept_id,47,2,167,87.811579,c_above,86.26011947321177
l4-n8192-uniform-w1,arity,4,8192,uniform,1,eas_k1_adaptive,eas,1,adaptive,accept_static_degree,47,2,-53,7.582698000000008,no_c,
l4-n8192-uniform-w1,arity,4,8192,uniform,1,eas_k2_adaptive,eas,2,adaptive,accept_id,47,2,169,87.61652900000001,c_above,85.01653869628908
l4-n8192-uniform-w1,arity,4,8192,uniform,1,eas_k2_adaptive,eas,2,adaptive,accept_static_degree,47,2,-51,7.387648000000013,no_c,
l4-n8192-uniform-w1,arity,4,8192,uniform,1,eas_k2_adaptive,eas,2,adaptive,accept_id,47,3,169,88.768811,c_above,86.10428037889469
l4-n8192-uniform-w1,arity,4,8192,uniform,1,eas_k2_adaptive,eas,2,adaptive,accept_static_degree,47,3,-51,8.700057000000001,no_c,
l4-n8192-uniform-w1,arity,4,8192,uniform,1,eas_k1_adaptive,eas,1,adaptive,accept_id,47,3,167,88.477496,c_above,86.87066265101632
l4-n8192-uniform-w1,arity,4,8192,uniform,1,eas_k1_adaptive,eas,1,adaptive,accept_static_degree,47,3,-53,8.408742000000004,no_c,
l4-n8192-uniform-w1,arity,4,8192,uniform,1,eas_k1_adaptive,eas,1,adaptive,accept_id,71,1,179,88.85362599999999,c_above,79.78986048863588
l4-n8192-uniform-w1,arity,4,8192,uniform,1,eas_k1_adaptive,eas,1,adaptive,accept_static_degree,71,1,-70,8.55437599999999,no_c,
l4-n8192-uniform-w1,arity,4,8192,uniform,1,eas_k2_adaptive,eas,2,adaptive,accept_id,71,1,188,88.97780399999999,c_above,75.96571858637382
l4-n8192-uniform-w1,arity,4,8192,uniform,1,eas_k2_adaptive,eas,2,adaptive,accept_static_degree,71,1,-61,8.678553999999991,no_c,
l4-n8192-uniform-w1,arity,4,8192,uniform,1,eas_k1_adaptive,eas,1,adaptive,accept_id,71,2,179,88.596516,c_above,79.51837294253556
l4-n8192-uniform-w1,arity,4,8192,uniform,1,eas_k1_adaptive,eas,1,adaptive,accept_static_degree,71,2,-70,8.558950999999993,no_c,
l4-n8192-uniform-w1,arity,4,8192,uniform,1,eas_k2_adaptive,eas,2,adaptive,accept_id,71,2,188,88.670708,c_above,75.66160218324053
l4-n8192-uniform-w1,arity,4,8192,uniform,1,eas_k2_adaptive,eas,2,adaptive,accept_static_degree,71,2,-61,8.633143000000004,no_c,
l4-n8192-uniform-w1,arity,4,8192,uniform,1,eas_k2_adaptive,eas,2,adaptive,accept_id,71,3,188,88.918685,c_above,75.91110133654006
l4-n8192-uniform-w1,arity,4,8192,uniform,1,eas_k2_adaptive,eas,2,adaptive,accept_static_degree,71,3,-61,9.069177999999994,no_c,
l4-n8192-uniform-w1,arity,4,8192,uniform,1,eas_k1_adaptive,eas,1,adaptive,accept_id,71,3,179,87.472149,c_above,78.50979699911618
l4-n8192-uniform-w1,arity,4,8192,uniform,1,eas_k1_adaptive,eas,1,adaptive,accept_static_degree,71,3,-70,7.622641999999999,no_c,
l4-n8192-uniform-w1,arity,4,8192,uniform,1,eas_k1_adaptive,eas,1,adaptive,accept_id,101,1,189,89.580119,c_above,75.78466377250228
l4-n8192-uniform-w1,arity,4,8192,uniform,1,eas_k1_adaptive,eas,1,adaptive,accept_static_degree,101,1,-55,10.253291999999988,no_c,
l4-n8192-uniform-w1,arity,4,8192,uniform,1,eas_k2_adaptive,eas,2,adaptive,accept_id,101,1,190,87.799604,c_above,73.82635900107935
l4-n8192-uniform-w1,arity,4,8192,uniform,1,eas_k2_adaptive,eas,2,adaptive,accept_static_degree,101,1,-54,8.472776999999994,no_c,
l4-n8192-uniform-w1,arity,4,8192,uniform,1,eas_k2_adaptive,eas,2,adaptive,accept_id,101,2,190,87.912121,c_above,73.95292580823397
l4-n8192-uniform-w1,arity,4,8192,uniform,1,eas_k2_adaptive,eas,2,adaptive,accept_static_degree,101,2,-54,8.083671999999993,no_c,
l4-n8192-uniform-w1,arity,4,8192,uniform,1,eas_k1_adaptive,eas,1,adaptive,accept_id,101,2,189,89.610422,c_above,75.83995657849185
l4-n8192-uniform-w1,arity,4,8192,uniform,1,eas_k1_adaptive,eas,1,adaptive,accept_static_degree,101,2,-55,9.781972999999994,no_c,
l4-n8192-uniform-w1,arity,4,8192,uniform,1,eas_k2_adaptive,eas,2,adaptive,accept_id,101,3,190,87.102401,c_above,73.2590193076686
l4-n8192-uniform-w1,arity,4,8192,uniform,1,eas_k2_adaptive,eas,2,adaptive,accept_static_degree,101,3,-54,6.268496999999996,no_c,
l4-n8192-uniform-w1,arity,4,8192,uniform,1,eas_k1_adaptive,eas,1,adaptive,accept_id,101,3,189,90.60008,c_above,76.71358612997065
l4-n8192-uniform-w1,arity,4,8192,uniform,1,eas_k1_adaptive,eas,1,adaptive,accept_static_degree,101,3,-55,9.766176000000002,no_c,
l4-n8192-zipf-w1,arity,4,8192,zipf,1,eas_k2_adaptive,eas,2,adaptive,accept_id,11,1,61,101.77662799999999,c_above,50.67038045314101
l4-n8192-zipf-w1,arity,4,8192,zipf,1,eas_k2_adaptive,eas,2,adaptive,accept_static_degree,11,1,-5,24.346040000000002,no_c,
l4-n8192-zipf-w1,arity,4,8192,zipf,1,eas_k1_adaptive,eas,1,adaptive,accept_id,11,1,64,105.858394,c_above,50.21409829330444
l4-n8192-zipf-w1,arity,4,8192,zipf,1,eas_k1_adaptive,eas,1,adaptive,accept_static_degree,11,1,-2,28.427806000000004,no_c,
l4-n8192-zipf-w1,arity,4,8192,zipf,1,eas_k1_adaptive,eas,1,adaptive,accept_id,11,2,64,104.393257,c_above,49.47421544456482
l4-n8192-zipf-w1,arity,4,8192,zipf,1,eas_k1_adaptive,eas,1,adaptive,accept_static_degree,11,2,-2,27.349356999999998,no_c,
l4-n8192-zipf-w1,arity,4,8192,zipf,1,eas_k2_adaptive,eas,2,adaptive,accept_id,11,2,61,102.70357200000001,c_above,51.13471383316791
l4-n8192-zipf-w1,arity,4,8192,zipf,1,eas_k2_adaptive,eas,2,adaptive,accept_static_degree,11,2,-5,25.659672,no_c,
l4-n8192-zipf-w1,arity,4,8192,zipf,1,eas_k2_adaptive,eas,2,adaptive,accept_id,11,3,61,101.64739,c_above,50.59922873975409
l4-n8192-zipf-w1,arity,4,8192,zipf,1,eas_k2_adaptive,eas,2,adaptive,accept_static_degree,11,3,-5,23.864814999999993,no_c,
l4-n8192-zipf-w1,arity,4,8192,zipf,1,eas_k1_adaptive,eas,1,adaptive,accept_id,11,3,64,106.41787400000001,c_above,50.48631541061401
l4-n8192-zipf-w1,arity,4,8192,zipf,1,eas_k1_adaptive,eas,1,adaptive,accept_static_degree,11,3,-2,28.635299000000003,no_c,
l4-n8192-zipf-w1,arity,4,8192,zipf,1,eas_k2_adaptive,eas,2,adaptive,accept_id,29,1,63,101.136345,c_above,47.883490774972095
l4-n8192-zipf-w1,arity,4,8192,zipf,1,eas_k2_adaptive,eas,2,adaptive,accept_static_degree,29,1,-3,24.372830000000008,no_c,
l4-n8192-zipf-w1,arity,4,8192,zipf,1,eas_k1_adaptive,eas,1,adaptive,accept_id,29,1,66,104.090167,c_above,47.00521415016867
l4-n8192-zipf-w1,arity,4,8192,zipf,1,eas_k1_adaptive,eas,1,adaptive,accept_static_degree,29,1,0,27.326651999999996,no_c,
l4-n8192-zipf-w1,arity,4,8192,zipf,1,eas_k1_adaptive,eas,1,adaptive,accept_id,29,2,66,106.33533700000001,c_above,48.08843686190519
l4-n8192-zipf-w1,arity,4,8192,zipf,1,eas_k1_adaptive,eas,1,adaptive,accept_static_degree,29,2,0,28.10249900000001,no_c,
l4-n8192-zipf-w1,arity,4,8192,zipf,1,eas_k2_adaptive,eas,2,adaptive,accept_id,29,2,63,103.234126,c_above,48.94431332542782
l4-n8192-zipf-w1,arity,4,8192,zipf,1,eas_k2_adaptive,eas,2,adaptive,accept_static_degree,29,2,-3,25.001288000000002,no_c,
l4-n8192-zipf-w1,arity,4,8192,zipf,1,eas_k1_adaptive,eas,1,adaptive,accept_id,29,3,66,104.247786,c_above,47.056272927024146
l4-n8192-zipf-w1,arity,4,8192,zipf,1,eas_k1_adaptive,eas,1,adaptive,accept_static_degree,29,3,0,27.46956,no_c,
l4-n8192-zipf-w1,arity,4,8192,zipf,1,eas_k2_adaptive,eas,2,adaptive,accept_id,29,3,63,100.590059,c_above,47.59029416620163
l4-n8192-zipf-w1,arity,4,8192,zipf,1,eas_k2_adaptive,eas,2,adaptive,accept_static_degree,29,3,-3,23.811832999999993,no_c,
l4-n8192-zipf-w1,arity,4,8192,zipf,1,eas_k2_adaptive,eas,2,adaptive,accept_id,47,1,68,100.768541,c_above,42.75087885598575
l4-n8192-zipf-w1,arity,4,8192,zipf,1,eas_k2_adaptive,eas,2,adaptive,accept_static_degree,47,1,-3,23.011588000000003,no_c,
l4-n8192-zipf-w1,arity,4,8192,zipf,1,eas_k1_adaptive,eas,1,adaptive,accept_id,47,1,71,106.264768,c_above,43.198821724045445
l4-n8192-zipf-w1,arity,4,8192,zipf,1,eas_k1_adaptive,eas,1,adaptive,accept_static_degree,47,1,0,28.507814999999994,no_c,
l4-n8192-zipf-w1,arity,4,8192,zipf,1,eas_k2_adaptive,eas,2,adaptive,accept_id,47,2,68,100.571173,c_above,42.65495958036535
l4-n8192-zipf-w1,arity,4,8192,zipf,1,eas_k2_adaptive,eas,2,adaptive,accept_static_degree,47,2,-3,22.804625,no_c,
l4-n8192-zipf-w1,arity,4,8192,zipf,1,eas_k1_adaptive,eas,1,adaptive,accept_id,47,2,71,104.250431,c_above,42.33188422060685
l4-n8192-zipf-w1,arity,4,8192,zipf,1,eas_k1_adaptive,eas,1,adaptive,accept_static_degree,47,2,0,26.483883000000006,no_c,
l4-n8192-zipf-w1,arity,4,8192,zipf,1,eas_k2_adaptive,eas,2,adaptive,accept_id,47,3,68,102.24368899999999,c_above,43.406096938189336
l4-n8192-zipf-w1,arity,4,8192,zipf,1,eas_k2_adaptive,eas,2,adaptive,accept_static_degree,47,3,-3,25.654461999999995,no_c,
l4-n8192-zipf-w1,arity,4,8192,zipf,1,eas_k1_adaptive,eas,1,adaptive,accept_id,47,3,71,105.16220999999999,c_above,42.72719165726783
l4-n8192-zipf-w1,arity,4,8192,zipf,1,eas_k1_adaptive,eas,1,adaptive,accept_static_degree,47,3,0,28.572982999999994,no_c,
l4-n8192-zipf-w1,arity,4,8192,zipf,1,eas_k2_adaptive,eas,2,adaptive,accept_id,71,1,53,103.440129,c_above,60.08144748673349
l4-n8192-zipf-w1,arity,4,8192,zipf,1,eas_k2_adaptive,eas,2,adaptive,accept_static_degree,71,1,-5,26.967599000000007,no_c,
l4-n8192-zipf-w1,arity,4,8192,zipf,1,eas_k1_adaptive,eas,1,adaptive,accept_id,71,1,56,104.221225,c_above,57.19466885157994
l4-n8192-zipf-w1,arity,4,8192,zipf,1,eas_k1_adaptive,eas,1,adaptive,accept_static_degree,71,1,-2,27.748695000000012,no_c,
l4-n8192-zipf-w1,arity,4,8192,zipf,1,eas_k2_adaptive,eas,2,adaptive,accept_id,71,2,53,103.027975,c_above,59.853158541697375
l4-n8192-zipf-w1,arity,4,8192,zipf,1,eas_k2_adaptive,eas,2,adaptive,accept_static_degree,71,2,-5,25.590501000000003,no_c,
l4-n8192-zipf-w1,arity,4,8192,zipf,1,eas_k1_adaptive,eas,1,adaptive,accept_id,71,2,56,104.87437,c_above,57.585738582066135
l4-n8192-zipf-w1,arity,4,8192,zipf,1,eas_k1_adaptive,eas,1,adaptive,accept_static_degree,71,2,-2,27.436896000000004,no_c,
l4-n8192-zipf-w1,arity,4,8192,zipf,1,eas_k1_adaptive,eas,1,adaptive,accept_id,71,3,56,106.45314400000001,c_above,58.489046142578125
l4-n8192-zipf-w1,arity,4,8192,zipf,1,eas_k1_adaptive,eas,1,adaptive,accept_static_degree,71,3,-2,28.23380300000001,no_c,
l4-n8192-zipf-w1,arity,4,8192,zipf,1,eas_k2_adaptive,eas,2,adaptive,accept_id,71,3,53,102.681255,c_above,59.64981974130306
l4-n8192-zipf-w1,arity,4,8192,zipf,1,eas_k2_adaptive,eas,2,adaptive,accept_static_degree,71,3,-5,24.461914000000007,no_c,
l4-n8192-zipf-w1,arity,4,8192,zipf,1,eas_k1_adaptive,eas,1,adaptive,accept_id,101,1,65,104.70778100000001,c_above,44.53395757023738
l4-n8192-zipf-w1,arity,4,8192,zipf,1,eas_k1_adaptive,eas,1,adaptive,accept_static_degree,101,1,-4,27.76678100000001,no_c,
l4-n8192-zipf-w1,arity,4,8192,zipf,1,eas_k2_adaptive,eas,2,adaptive,accept_id,101,1,63,101.92624900000001,c_above,44.736125912620906
l4-n8192-zipf-w1,arity,4,8192,zipf,1,eas_k2_adaptive,eas,2,adaptive,accept_static_degree,101,1,-6,24.98524900000001,no_c,
l4-n8192-zipf-w1,arity,4,8192,zipf,1,eas_k1_adaptive,eas,1,adaptive,accept_id,101,2,65,105.06525400000001,c_above,44.67125268179086
l4-n8192-zipf-w1,arity,4,8192,zipf,1,eas_k1_adaptive,eas,1,adaptive,accept_static_degree,101,2,-4,27.488029999999995,no_c,
l4-n8192-zipf-w1,arity,4,8192,zipf,1,eas_k2_adaptive,eas,2,adaptive,accept_id,101,2,63,102.58954299999999,c_above,45.0189101969401
l4-n8192-zipf-w1,arity,4,8192,zipf,1,eas_k2_adaptive,eas,2,adaptive,accept_static_degree,101,2,-6,25.01231899999999,no_c,
l4-n8192-zipf-w1,arity,4,8192,zipf,1,eas_k1_adaptive,eas,1,adaptive,accept_id,101,3,65,105.60398,c_above,44.8872075007512
l4-n8192-zipf-w1,arity,4,8192,zipf,1,eas_k1_adaptive,eas,1,adaptive,accept_static_degree,101,3,-4,28.086228000000006,no_c,
l4-n8192-zipf-w1,arity,4,8192,zipf,1,eas_k2_adaptive,eas,2,adaptive,accept_id,101,3,63,101.874964,c_above,44.66693825567336
l4-n8192-zipf-w1,arity,4,8192,zipf,1,eas_k2_adaptive,eas,2,adaptive,accept_static_degree,101,3,-6,24.357212000000004,no_c,
