condition,suite,arity,n,distribution,workers,variant,policy,policy_k,implementation,seed,repetition,baseline,status,commit_delta,batch_delta_ms,selector_delta_ms,batch_speedup,selector_speedup,rate_ratio,baseline_commits,commits,baseline_batch_ms,batch_ms,quality_cost
l2-n128-uniform-w1,main,2,128,uniform,1,native,native,,native,11,1,accept_id,ok,0,-0.12865700000000002,-0.134923,1.7446290079870357,,1.7446290079880118,126,126,0.301437,0.17278,variant_dominates
l2-n128-uniform-w1,main,2,128,uniform,1,native,native,,native,11,1,accept_static_degree,ok,0,-0.15415600000000002,-0.160082,1.8922097464984375,,1.8922097464977705,126,126,0.326936,0.17278,variant_dominates
l2-n128-uniform-w1,main,2,128,uniform,1,eas_k1_adaptive,eas,1,adaptive,11,1,native,ok,0,0.147011,0.154057,0.5402903771525778,0.0,0.5402903771519308,126,126,0.17278,0.319791,baseline_dominates
l2-n128-uniform-w1,main,2,128,uniform,1,eas_k1_adaptive,eas,1,adaptive,11,1,accept_id,ok,0,0.01835399999999998,0.019134000000000012,0.9426062647166431,0.8757992171728645,0.942606264716042,126,126,0.301437,0.319791,baseline_dominates
l2-n128-uniform-w1,main,2,128,uniform,1,eas_k1_adaptive,eas,1,adaptive,11,1,accept_static_degree,ok,0,-0.0071450000000000125,-0.006025000000000003,1.0223427175874242,1.0391089012508357,1.02234271758584,126,126,0.326936,0.319791,variant_dominates
l2-n128-uniform-w1,main,2,128,uniform,1,accept_id,accept_id,,greedy,11,1,native,ok,0,0.12865700000000002,0.134923,0.5731877639440414,0.0,0.5731877639437206,126,126,0.17278,0.301437,baseline_dominates
l2-n128-uniform-w1,main,2,128,uniform,1,accept_id,accept_id,,greedy,11,1,accept_static_degree,ok,0,-0.025498999999999994,-0.025159000000000015,1.0845914735085607,1.1864693195378107,1.0845914735075715,126,126,0.326936,0.301437,variant_dominates
l2-n128-uniform-w1,main,2,128,uniform,1,eas_k2_adaptive,eas,2,adaptive,11,1,native,ok,-2,0.143951,0.149904,0.5455102279221169,0.0,0.5368513354149016,126,124,0.17278,0.316731,baseline_dominates
l2-n128-uniform-w1,main,2,128,uniform,1,eas_k2_adaptive,eas,2,adaptive,11,1,accept_id,ok,-2,0.015293999999999974,0.014981000000000022,0.9517129677865445,0.9000627067990179,0.9366064127419392,126,124,0.301437,0.316731,baseline_dominates
l2-n128-uniform-w1,main,2,128,uniform,1,eas_k2_adaptive,eas,2,adaptive,11,1,accept_static_degree,ok,-2,-0.01020500000000002,-0.010177999999999993,1.0322197700888136,1.0678967872771907,1.0158353292924207,126,124,0.326936,0.316731,tradeoff_or_tie
l2-n128-uniform-w1,main,2,128,uniform,1,accept_static_degree,accept_static_degree,,greedy,11,1,native,ok,0,0.15415600000000002,0.160082,0.5284826388039249,0.0,0.5284826388041112,126,126,0.17278,0.326936,baseline_dominates
l2-n128-uniform-w1,main,2,128,uniform,1,accept_static_degree,accept_static_degree,,greedy,11,1,accept_id,ok,0,0.025498999999999994,0.025159000000000015,0.9220061418748624,0.8428367961419772,0.9220061418757033,126,126,0.301437,0.326936,baseline_dominates
l2-n128-uniform-w1,main,2,128,uniform,1,eas_k1_adaptive,eas,1,adaptive,11,2,native,ok,0,0.148402,0.159663,0.5415531377237369,0.0,0.5415531377242708,126,126,0.175304,0.323706,baseline_dominates
l2-n128-uniform-w1,main,2,128,uniform,1,eas_k1_adaptive,eas,1,adaptive,11,2,accept_id,ok,0,0.02020099999999997,0.02354400000000001,0.9375946074524415,0.8525394111347024,0.9375946074532528,126,126,0.303505,0.323706,baseline_dominates
l2-n128-uniform-w1,main,2,128,uniform,1,eas_k1_adaptive,eas,1,adaptive,11,2,accept_static_degree,ok,0,0.0014939999999999953,0.0019780000000000075,0.9953847009323274,0.9876114065249932,0.9953847009332863,126,126,0.322212,0.323706,baseline_dominates
l2-n128-uniform-w1,main,2,128,uniform,1,accept_id,accept_id,,greedy,11,2,native,ok,0,0.12820100000000004,0.136119,0.5775983921187459,0.0,0.5775983921188155,126,126,0.175304,0.303505,baseline_dominates
l2-n128-uniform-w1,main,2,128,uniform,1,accept_id,accept_id,,greedy,11,2,accept_static_degree,ok,0,-0.018706999999999974,-0.021566000000000002,1.0616365463501425,1.1584348988752489,1.0616365463502464,126,126,0.322212,0.303505,variant_dominates
l2-n128-uniform-w1,main,2,128,uniform,1,eas_k2_adaptive,eas,2,adaptive,11,2,native,ok,-2,0.14482000000000003,0.153991,0.5476128000399845,0.0,0.5389205333727456,126,124,0.175304,0.320124,baseline_dominates
l2-n128-uniform-w1,main,2,128,uniform,1,eas_k2_adaptive,eas,2,adaptive,11,2,accept_id,ok,-2,0.016618999999999995,0.017872,0.9480857417750622,0.8839412692949588,0.9330367617468824,126,124,0.303505,0.320124,baseline_dominates
l2-n128-uniform-w1,main,2,128,uniform,1,eas_k2_adaptive,eas,2,adaptive,11,2,accept_static_degree,ok,-2,-0.0020879999999999788,-0.003694000000000003,1.00652247254189,1.0239884149073648,0.9905459253587778,126,124,0.322212,0.320124,tradeoff_or_tie
l2-n128-uniform-w1,main,2,128,uniform,1,accept_static_degree,accept_static_degree,,greedy,11,2,native,ok,0,0.146908,0.157685,0.5440641565180688,0.0,0.544064156518081,126,126,0.175304,0.322212,baseline_dominates
l2-n128-uniform-w1,main,2,128,uniform,1,accept_static_degree,accept_static_degree,,greedy,11,2,accept_id,ok,0,0.018706999999999974,0.021566000000000002,0.9419419512619022,0.8632336620477534,0.94194195126181,126,126,0.303505,0.322212,baseline_dominates
l2-n128-uniform-w1,main,2,128,uniform,1,native,native,,native,11,2,accept_id,ok,0,-0.12820100000000004,-0.136119,1.731306758545156,,1.7313067585449478,126,126,0.303505,0.175304,variant_dominates
l2-n128-uniform-w1,main,2,128,uniform,1,native,native,,native,11,2,accept_static_degree,ok,0,-0.146908,-0.157685,1.8380185278145393,,1.838018527814498,126,126,0.322212,0.175304,variant_dominates
l2-n128-uniform-w1,main,2,128,uniform,1,eas_k1_adaptive,eas,1,adaptive,11,3,native,ok,0,0.14035000000000003,0.150897,0.552264041395239,0.0,0.5522640413955084,126,126,0.173116,0.313466,baseline_dominates
l2-n128-uniform-w1,main,2,128,uniform,1,eas_k1_adaptive,eas,1,adaptive,11,3,accept_id,ok,0,0.02272300000000005,0.015319,0.9275104796054435,0.8984804204192264,0.9275104796062188,126,126,0.290743,0.313466,baseline_dominates
l2-n128-uniform-w1,main,2,128,uniform,1,eas_k1_adaptive,eas,1,adaptive,11,3,accept_static_degree,ok,0,-0.00045999999999996044,-0.0046599999999999975,1.0014674637759755,1.0308819923523993,1.0014674637773997,126,126,0.313926,0.313466,variant_dominates
l2-n128-uniform-w1,main,2,128,uniform,1,native,native,,native,11,3,accept_id,ok,0,-0.11762699999999998,-0.135578,1.6794692576076156,,1.6794692576081998,126,126,0.290743,0.173116,variant_dominates
l2-n128-uniform-w1,main,2,128,uniform,1,native,native,,native,11,3,accept_static_degree,ok,0,-0.14081,-0.155557,1.8133852445758913,,1.8133852445775849,126,126,0.313926,0.173116,variant_dominates
l2-n128-uniform-w1,main,2,128,uniform,1,accept_id,accept_id,,greedy,11,3,native,ok,0,0.11762699999999998,0.135578,0.5954262011467172,0.0,0.5954262011465101,126,126,0.173116,0.290743,baseline_dominates
l2-n128-uniform-w1,main,2,128,uniform,1,accept_id,accept_id,,greedy,11,3,accept_static_degree,ok,0,-0.02318300000000001,-0.019978999999999997,1.0797370873933336,1.1473616663470474,1.0797370873939665,126,126,0.313926,0.290743,variant_dominates
l2-n128-uniform-w1,main,2,128,uniform,1,accept_static_degree,accept_static_degree,,greedy,11,3,native,ok,0,0.14081,0.155557,0.5514548014500232,0.0,0.5514548014495082,126,126,0.173116,0.313926,baseline_dominates
l2-n128-uniform-w1,main,2,128,uniform,1,accept_static_degree,accept_static_degree,,greedy,11,3,accept_id,ok,0,0.02318300000000001,0.019978999999999997,0.9261513859954257,0.8715647640414768,0.9261513859948829,126,126,0.290743,0.313926,baseline_dominates
l2-n128-uniform-w1,main,2,128,uniform,1,eas_k2_adaptive,eas,2,adaptive,11,3,native,ok,-2,0.13237100000000002,0.151866,0.5666885988601806,0.0,0.5576935417348118,126,124,0.173116,0.305487,baseline_dominates
l2-n128-uniform-w1,main,2,128,uniform,1,eas_k2_adaptive,eas,2,adaptive,11,3,accept_id,ok,-2,0.014744000000000035,0.016287999999999997,0.9517360804224074,0.892747553764503,0.936629158510252,126,124,0.290743,0.305487,baseline_dominates
l2-n128-uniform-w1,main,2,128,uniform,1,eas_k2_adaptive,eas,2,adaptive,11,3,accept_static_degree,ok,-2,-0.008438999999999974,-0.003691,1.0276247434424377,1.0243043209144904,1.011313239578121,126,124,0.313926,0.305487,tradeoff_or_tie
l2-n128-uniform-w1,main,2,128,uniform,1,eas_k1_adaptive,eas,1,adaptive,29,1,native,ok,0,0.143728,0.150071,0.5475826988029173,0.0,0.5475826988034952,126,126,0.173961,0.317689,baseline_dominates
l2-n128-uniform-w1,main,2,128,uniform,1,eas_k1_adaptive,eas,1,adaptive,29,1,accept_id,ok,0,0.018419999999999992,0.015758000000000022,0.9420187667813491,0.8949963683856307,0.94201876678136,126,126,0.299269,0.317689,baseline_dominates
l2-n128-uniform-w1,main,2,128,uniform,1,eas_k1_adaptive,eas,1,adaptive,29,1,accept_static_degree,ok,0,-0.0070230000000000015,-0.004825999999999997,1.0221065255643098,1.0321581118270684,1.0221065255635917,126,126,0.324712,0.317689,variant_dominates
l2-n128-uniform-w1,main,2,128,uniform,1,accept_id,accept_id,,greedy,29,1,native,ok,0,0.125308,0.134313,0.5812864011975848,0.0,0.5812864011981915,126,126,0.173961,0.299269,baseline_dominates
l2-n128-uniform-w1,main,2,128,uniform,1,accept_id,accept_id,,greedy,29,1,accept_static_degree,ok,0,-0.025442999999999993,-0.02058400000000002,1.0850171584761534,1.1532539664812789,1.0850171584753787,126,126,0.324712,0.299269,variant_dominates
l2-n128-uniform-w1,main,2,128,uniform,1,native,native,,native,29,1,accept_id,ok,0,-0.125308,-0.134313,1.7203223711061675,,1.7203223711043718,126,126,0.299269,0.173961,variant_dominates
l2-n128-uniform-w1,main,2,128,uniform,1,native,native,,native,29,1,accept_static_degree,ok,0,-0.150751,-0.154897,1.8665792907605727,,1.8665792907572916,126,126,0.324712,0.173961,variant_dominates
l2-n128-uniform-w1,main,2,128,uniform,1,eas_k2_adaptive,eas,2,adaptive,29,1,native,ok,0,0.15025799999999997,0.151587,0.5365539959101718,0.0,0.5365539959111293,126,126,0.173961,0.324219,baseline_dominates
l2-n128-uniform-w1,main,2,128,uniform,1,eas_k2_adaptive,eas,2,adaptive,29,1,accept_id,ok,0,0.024949999999999972,0.01727400000000001,0.9230458424706758,0.8860456371588592,0.9230458424713593,126,126,0.299269,0.324219,baseline_dominates
l2-n128-uniform-w1,main,2,128,uniform,1,eas_k2_adaptive,eas,2,adaptive,29,1,accept_static_degree,ok,0,-0.0004930000000000212,-0.0033100000000000074,1.0015205771407598,1.0218356455368864,1.0015205771407865,126,126,0.324712,0.324219,variant_dominates
l2-n128-uniform-w1,main,2,128,uniform,1,accept_static_degree,accept_static_degree,,greedy,29,1,native,ok,0,0.150751,0.154897,0.5357393628815689,0.0,0.5357393628825107,126,126,0.173961,0.324712,baseline_dominates
l2-n128-uniform-w1,main,2,128,uniform,1,accept_static_degree,accept_static_degree,,greedy,29,1,accept_id,ok,0,0.025442999999999993,0.02058400000000002,0.9216444110473281,0.867111693577022,0.9216444110479862,126,126,0.299269,0.324712,baseline_dominates
l2-n128-uniform-w1,main,2,128,uniform,1,accept_id,accept_id,,greedy,29,2,native,ok,0,0.13289399999999998,0.135226,0.5670923187178318,0.0,0.567092318717545,126,126,0.174086,0.30698,baseline_dominates
l2-n128-uniform-w1,main,2,128,uniform,1,accept_id,accept_id,,greedy,29,2,accept_static_degree,ok,0,-0.01760600000000001,-0.021148,1.057352270506222,1.1563900433348617,1.0573522705059972,126,126,0.324586,0.30698,variant_dominates
l2-n128-uniform-w1,main,2,128,uniform,1,eas_k1_adaptive,eas,1,adaptive,29,2,native,ok,0,0.13784900000000003,0.148209,0.5580842162630034,0.0,0.558084216262302,126,126,0.174086,0.311935,baseline_dominates
l2-n128-uniform-w1,main,2,128,uniform,1,eas_k1_adaptive,eas,1,adaptive,29,2,accept_id,ok,0,0.004955000000000043,0.012982999999999995,0.9841152804270119,0.9124007313995777,0.9841152804262727,126,126,0.30698,0.311935,baseline_dominates
l2-n128-uniform-w1,main,2,128,uniform,1,eas_k1_adaptive,eas,1,adaptive,29,2,accept_static_degree,ok,0,-0.012650999999999968,-0.008165000000000006,1.0405565261993683,1.055091121321917,1.0405565261983658,126,126,0.324586,0.311935,variant_dominates
l2-n128-uniform-w1,main,2,128,uniform,1,native,native,,native,29,2,accept_id,ok,0,-0.13289399999999998,-0.135226,1.763381317279965,,1.763381317280857,126,126,0.30698,0.174086,variant_dominates
l2-n128-uniform-w1,main,2,128,uniform,1,native,native,,native,29,2,accept_static_degree,ok,0,-0.1505,-0.156374,1.8645152395942235,,1.8645152395947704,126,126,0.324586,0.174086,variant_dominates
l2-n128-uniform-w1,main,2,128,uniform,1,accept_static_degree,accept_static_degree,,greedy,29,2,native,ok,0,0.1505,0.156374,0.5363324357797317,0.0,0.5363324357795743,126,126,0.174086,0.324586,baseline_dominates
l2-n128-uniform-w1,main,2,128,uniform,1,accept_static_degree,accept_static_degree,,greedy,29,2,accept_id,ok,0,0.01760600000000001,0.021148,0.9457585971052356,0.8647601263637178,0.9457585971054365,126,126,0.30698,0.324586,baseline_dominates
l2-n128-uniform-w1,main,2,128,uniform,1,eas_k2_adaptive,eas,2,adaptive,29,2,native,ok,0,0.14272900000000002,0.155329,0.5494878714707321,0.0,0.5494878714701682,126,126,0.174086,0.316815,baseline_dominates
l2-n128-uniform-w1,main,2,128,uniform,1,eas_k2_adaptive,eas,2,adaptive,29,2,accept_id,ok,0,0.009835000000000038,0.020102999999999982,0.9689566466234236,0.8705779345775742,0.9689566466229195,126,126,0.30698,0.316815,baseline_dominates
l2-n128-uniform-w1,main,2,128,uniform,1,eas_k2_adaptive,eas,2,adaptive,29,2,accept_static_degree,ok,0,-0.007770999999999972,-0.0010450000000000181,1.024528510329372,1.0067276554925353,1.0245285103286212,126,126,0.324586,0.316815,variant_dominates
l2-n128-uniform-w1,main,2,128,uniform,1,accept_id,accept_id,,greedy,29,3,native,ok,0,0.12499100000000002,0.131128,0.5806149633934383,0.0,0.5806149633930516,126,126,0.173043,0.298034,baseline_dominates
l2-n128-uniform-w1,main,2,128,uniform,1,accept_id,accept_id,,greedy,29,3,accept_static_degree,ok,0,-0.027505,-0.027338,1.0922881282001382,1.208483314013788,1.0922881281997763,126,126,0.325539,0.298034,variant_dominates
l2-n128-uniform-w1,main,2,128,uniform,1,eas_k1_adaptive,eas,1,adaptive,29,3,native,ok,0,0.128722,0.146294,0.5734362832005037,0.0,0.5734362832011852,126,126,0.173043,0.301765,baseline_dominates
l2-n128-uniform-w1,main,2,128,uniform,1,eas_k1_adaptive,eas,1,adaptive,29,3,accept_id,ok,0,0.0037309999999999843,0.015166000000000013,0.9876360744287774,0.8963320436928376,0.9876360744306089,126,126,0.298034,0.301765,baseline_dominates
l2-n128-uniform-w1,main,2,128,uniform,1,eas_k1_adaptive,eas,1,adaptive,29,3,accept_static_degree,ok,0,-0.023774000000000017,-0.012171999999999988,1.0787831590807417,1.0832023186186719,1.0787831590823846,126,126,0.325539,0.301765,variant_dominates
l2-n128-uniform-w1,main,2,128,uniform,1,native,native,,native,29,3,accept_id,ok,0,-0.12499100000000002,-0.131128,1.7223117953341078,,1.7223117953352547,126,126,0.298034,0.173043,variant_dominates
l2-n128-uniform-w1,main,2,128,uniform,1,native,native,,native,29,3,accept_static_degree,ok,0,-0.15249600000000002,-0.158466,1.8812607271025121,,1.8812607271031414,126,126,0.325539,0.173043,variant_dominates
l2-n128-uniform-w1,main,2,128,uniform,1,eas_k2_adaptive,eas,2,adaptive,29,3,native,ok,0,0.14594400000000002,0.153881,0.5424766526535564,0.0,0.5424766526541609,126,126,0.173043,0.318987,baseline_dominates
l2-n128-uniform-w1,main,2,128,uniform,1,eas_k2_adaptive,eas,2,adaptive,29,3,accept_id,ok,0,0.020953,0.022752999999999995,0.9343139375585839,0.8521389905186475,0.9343139375602473,126,126,0.298034,0.318987,baseline_dominates
l2-n128-uniform-w1,main,2,128,uniform,1,eas_k2_adaptive,eas,2,adaptive,29,3,accept_static_degree,ok,0,-0.006552000000000002,-0.004585000000000006,1.0205400220071665,1.029795751262339,1.0205400220086451,126,126,0.325539,0.318987,variant_dominates
l2-n128-uniform-w1,main,2,128,uniform,1,accept_static_degree,accept_static_degree,,greedy,29,3,native,ok,0,0.15249600000000002,0.158466,0.5315584307870946,0.0,0.5315584307869168,126,126,0.173043,0.325539,baseline_dominates
l2-n128-uniform-w1,main,2,128,uniform,1,accept_static_degree,accept_static_degree,,greedy,29,3,accept_id,ok,0,0.027505,0.027338,0.915509355253902,0.8274834980374339,0.9155093552542054,126,126,0.298034,0.325539,baseline_dominates
l2-n128-uniform-w1,main,2,128,uniform,1,eas_k1_adaptive,eas,1,adaptive,47,1,native,ok,0,0.17628199999999997,0.186813,0.49388901170519117,0.0,0.49388901170459915,122,122,0.172025,0.348307,baseline_dominates
l2-n128-uniform-w1,main,2,128,uniform,1,eas_k1_adaptive,eas,1,adaptive,47,1,accept_id,ok,0,0.050641999999999965,0.05457100000000001,0.8546052763797456,0.7078843549431785,0.8546052763782771,122,122,0.297665,0.348307,baseline_dominates
l2-n128-uniform-w1,main,2,128,uniform,1,eas_k1_adaptive,eas,1,adaptive,47,1,accept_static_degree,ok,0,0.021540000000000004,0.03018800000000002,0.9381580042893195,0.8384052501699559,0.9381580042892392,122,122,0.326767,0.348307,baseline_dominates
l2-n128-uniform-w1,main,2,128,uniform,1,native,native,,native,47,1,accept_id,ok,0,-0.12564,-0.132242,1.7303589594535678,,1.7303589594526687,122,122,0.297665,0.172025,variant_dominates
l2-n128-uniform-w1,main,2,128,uniform,1,native,native,,native,47,1,accept_static_degree,ok,0,-0.15474199999999996,-0.156625,1.8995320447609356,,1.8995320447630502,122,122,0.326767,0.172025,variant_dominates
l2-n128-uniform-w1,main,2,128,uniform,1,accept_static_degree,accept_static_degree,,greedy,47,1,native,ok,0,0.15474199999999996,0.156625,0.5264454488978386,0.0,0.5264454488972525,122,122,0.172025,0.326767,baseline_dominates
l2-n128-uniform-w1,main,2,128,uniform,1,accept_static_degree,accept_static_degree,,greedy,47,1,accept_id,ok,0,0.02910199999999996,0.024382999999999988,0.9109395991639304,0.8443224261771748,0.9109395991624429,122,122,0.297665,0.326767,baseline_dominates
l2-n128-uniform-w1,main,2,128,uniform,1,eas_k2_adaptive,eas,2,adaptive,47,1,native,ok,0,0.159691,0.163753,0.5185912045243521,0.0,0.5185912045240378,122,122,0.172025,0.331716,baseline_dominates
l2-n128-uniform-w1,main,2,128,uniform,1,eas_k2_adaptive,eas,2,adaptive,47,1,accept_id,ok,0,0.034051,0.03151100000000001,0.8973489370425304,0.8075699376499972,0.8973489370415202,122,122,0.297665,0.331716,baseline_dominates
l2-n128-uniform-w1,main,2,128,uniform,1,eas_k2_adaptive,eas,2,adaptive,47,1,accept_static_degree,ok,0,0.004949000000000037,0.007128000000000023,0.9850806111251793,0.9564710264850108,0.9850806111256788,122,122,0.326767,0.331716,baseline_dominates
l2-n128-uniform-w1,main,2,128,uniform,1,accept_id,accept_id,,greedy,47,1,native,ok,0,0.12564,0.132242,0.5779147699595183,0.0,0.5779147699598186,122,122,0.172025,0.297665,baseline_dominates
l2-n128-uniform-w1,main,2,128,uniform,1,accept_id,accept_id,,greedy,47,1,accept_static_degree,ok,0,-0.02910199999999996,-0.024382999999999988,1.0977676246787496,1.1843816639191784,1.097767624680542,122,122,0.326767,0.297665,variant_dominates
l2-n128-uniform-w1,main,2,128,uniform,1,eas_k1_adaptive,eas,1,adaptive,47,2,native,ok,0,0.152538,0.160396,0.5259217359684483,0.0,0.5259217359683863,122,122,0.169219,0.321757,baseline_dominates
l2-n128-uniform-w1,main,2,128,uniform,1,eas_k1_adaptive,eas,1,adaptive,47,2,accept_id,ok,0,0.016361999999999988,0.018435000000000007,0.949147959484953,0.8850657123619042,0.9491479594849187,122,122,0.305395,0.321757,baseline_dominates
l2-n128-uniform-w1,main,2,128,uniform,1,eas_k1_adaptive,eas,1,adaptive,47,2,accept_static_degree,ok,0,-0.005903999999999965,0.0018750000000000155,1.018349251142943,0.9883101822988104,1.0183492511424301,122,122,0.327661,0.321757,variant_dominates
l2-n128-uniform-w1,main,2,128,uniform,1,native,native,,native,47,2,accept_id,ok,0,-0.13617600000000002,-0.141961,1.8047323291119792,,1.8047323291121269,122,122,0.305395,0.169219,variant_dominates
l2-n128-uniform-w1,main,2,128,uniform,1,native,native,,native,47,2,accept_static_degree,ok,0,-0.15844199999999997,-0.158521,1.9363132981520985,,1.9363132981513513,122,122,0.327661,0.169219,variant_dominates
l2-n128-uniform-w1,main,2,128,uniform,1,eas_k2_adaptive,eas,2,adaptive,47,2,native,ok,0,0.15598099999999998,0.15787,0.5203536285362854,0.0,0.5203536285372997,122,122,0.169219,0.3252,baseline_dominates
l2-n128-uniform-w1,main,2,128,uniform,1,eas_k2_adaptive,eas,2,adaptive,47,2,accept_id,ok,0,0.01980499999999996,0.015909000000000006,0.93909901599016,0.8992272122632545,0.9390990159920674,122,122,0.305395,0.3252,baseline_dominates
l2-n128-uniform-w1,main,2,128,uniform,1,eas_k2_adaptive,eas,2,adaptive,47,2,accept_static_degree,ok,0,-0.002460999999999991,-0.0006509999999999849,1.0075676506765068,1.004123646037879,1.007567650678082,122,122,0.327661,0.3252,variant_dominates
l2-n128-uniform-w1,main,2,128,uniform,1,accept_id,accept_id,,greedy,47,2,native,ok,0,0.13617600000000002,0.141961,0.5540987900915207,0.0,0.5540987900914754,122,122,0.169219,0.305395,baseline_dominates
l2-n128-uniform-w1,main,2,128,uniform,1,accept_id,accept_id,,greedy,47,2,accept_static_degree,ok,0,-0.022265999999999952,-0.01655999999999999,1.0729088557442,1.1166517564683258,1.0729088557436983,122,122,0.327661,0.305395,variant_dominates
l2-n128-uniform-w1,main,2,128,uniform,1,accept_static_degree,accept_static_degree,,greedy,47,2,native,ok,0,0.15844199999999997,0.158521,0.5164453505299685,0.0,0.5164453505301678,122,122,0.169219,0.327661,baseline_dominates
l2-n128-uniform-w1,main,2,128,uniform,1,accept_static_degree,accept_static_degree,,greedy,47,2,accept_id,ok,0,0.022265999999999952,0.01655999999999999,0.9320456203210027,0.8955343456072067,0.9320456203214386,122,122,0.305395,0.327661,baseline_dominates
l2-n128-uniform-w1,main,2,128,uniform,1,eas_k1_adaptive,eas,1,adaptive,47,3,native,ok,0,0.164607,0.162054,0.49695926949123537,0.0,0.49695926949132574,122,122,0.162617,0.327224,baseline_dominates
l2-n128-uniform-w1,main,2,128,uniform,1,eas_k1_adaptive,eas,1,adaptive,47,3,accept_id,ok,0,0.028054000000000023,0.029338000000000003,0.914266679705645,0.8189615807076653,0.9142666797064253,122,122,0.29917,0.327224,baseline_dominates
l2-n128-uniform-w1,main,2,128,uniform,1,eas_k1_adaptive,eas,1,adaptive,47,3,accept_static_degree,ok,0,0.0012989999999999946,0.002734000000000014,0.9960302422805173,0.98312908042998,0.996030242281273,122,122,0.325925,0.327224,baseline_dominates
l2-n128-uniform-w1,main,2,128,uniform,1,accept_static_degree,accept_static_degree,,greedy,47,3,native,ok,0,0.163308,0.15932,0.4989399401702846,0.0,0.49893994016999677,122,122,0.162617,0.325925,baseline_dominates
l2-n128-uniform-w1,main,2,128,uniform,1,accept_static_degree,accept_static_degree,,greedy,47,3,accept_id,ok,0,0.02675500000000003,0.02660399999999999,0.9179105622459154,0.8330153150891288,0.9179105622460024,122,122,0.29917,0.325925,baseline_dominates
l2-n128-uniform-w1,main,2,128,uniform,1,eas_k2_adaptive,eas,2,adaptive,47,3,native,ok,0,0.16007099999999996,0.168875,0.5039449871082904,0.0,0.5039449871082752,122,122,0.162617,0.322688,baseline_dominates
l2-n128-uniform-w1,main,2,128,uniform,1,eas_k2_adaptive,eas,2,adaptive,47,3,accept_id,ok,0,0.023517999999999983,0.036159,0.9271184549781833,0.7858830495928941,0.927118454978778,122,122,0.29917,0.322688,baseline_dominates
l2-n128-uniform-w1,main,2,128,uniform,1,eas_k2_adaptive,eas,2,adaptive,47,3,accept_static_degree,ok,0,-0.0032370000000000454,0.009555000000000008,1.010031361562872,0.943419689119171,1.0100313615634242,122,122,0.325925,0.322688,variant_dominates
l2-n128-uniform-w1,main,2,128,uniform,1,accept_id,accept_id,,greedy,47,3,native,ok,0,0.13655299999999998,0.132716,0.5435605174315608,0.0,0.5435605174311956,122,122,0.162617,0.29917,baseline_dominates
l2-n128-uniform-w1,main,2,128,uniform,1,accept_id,accept_id,,greedy,47,3,accept_static_degree,ok,0,-0.02675500000000003,-0.02660399999999999,1.089430758431661,1.2004581211006962,1.0894307584315577,122,122,0.325925,0.29917,variant_dominates
l2-n128-uniform-w1,main,2,128,uniform,1,native,native,,native,47,3,accept_id,ok,0,-0.13655299999999998,-0.132716,1.8397215543270382,,1.839721554328274,122,122,0.29917,0.162617,variant_dominates
l2-n128-uniform-w1,main,2,128,uniform,1,native,native,,native,47,3,accept_static_degree,ok,0,-0.163308,-0.15932,2.0042492482335796,,2.0042492482347356,122,122,0.325925,0.162617,variant_dominates
l2-n128-uniform-w1,main,2,128,uniform,1,eas_k2_adaptive,eas,2,adaptive,71,1,native,ok,-2,0.148262,0.150357,0.5352142700398131,0.0,0.5267188054356693,126,124,0.170728,0.31899,baseline_dominates
l2-n128-uniform-w1,main,2,128,uniform,1,eas_k2_adaptive,eas,2,adaptive,71,1,accept_id,ok,-2,0.020633000000000012,0.01707699999999998,0.9353177215586695,0.8864236450580952,0.9204714085166006,126,124,0.298357,0.31899,baseline_dominates
l2-n128-uniform-w1,main,2,128,uniform,1,eas_k2_adaptive,eas,2,adaptive,71,1,accept_static_degree,ok,-2,-0.008508999999999989,-0.011227000000000015,1.0266748173923947,1.0746689545548263,1.010378391718505,126,124,0.327499,0.31899,tradeoff_or_tie
l2-n128-uniform-w1,main,2,128,uniform,1,native,native,,native,71,1,accept_id,ok,0,-0.127629,-0.13328,1.747557518391828,,1.7475575183901844,126,126,0.298357,0.170728,variant_dominates
l2-n128-uniform-w1,main,2,128,uniform,1,native,native,,native,71,1,accept_static_degree,ok,0,-0.156771,-0.161584,1.9182500820017807,,1.9182500820011206,126,126,0.327499,0.170728,variant_dominates
l2-n128-uniform-w1,main,2,128,uniform,1,accept_id,accept_id,,greedy,71,1,native,ok,0,0.127629,0.13328,0.572227231135854,0.0,0.5722272311363923,126,126,0.170728,0.298357,baseline_dominates
l2-n128-uniform-w1,main,2,128,uniform,1,accept_id,accept_id,,greedy,71,1,accept_static_degree,ok,0,-0.029142,-0.028303999999999996,1.097674933050004,1.2123649459783914,1.0976749330506586,126,126,0.327499,0.298357,variant_dominates
l2-n128-uniform-w1,main,2,128,uniform,1,eas_k1_adaptive,eas,1,adaptive,71,1,native,ok,0,0.149223,0.153803,0.5336067085272432,0.0,0.5336067085277709,126,126,0.170728,0.319951,baseline_dominates
l2-n128-uniform-w1,main,2,128,uniform,1,eas_k1_adaptive,eas,1,adaptive,71,1,accept_id,ok,0,0.021594000000000002,0.020522999999999986,0.9325084153511006,0.8665630709413992,0.9325084153511457,126,126,0.298357,0.319951,baseline_dominates
l2-n128-uniform-w1,main,2,128,uniform,1,eas_k1_adaptive,eas,1,adaptive,71,1,accept_static_degree,ok,0,-0.007547999999999999,-0.00778100000000001,1.0235911123890846,1.0505906906887383,1.0235911123897445,126,126,0.327499,0.319951,variant_dominates
l2-n128-uniform-w1,main,2,128,uniform,1,accept_static_degree,accept_static_degree,,greedy,71,1,native,ok,0,0.156771,0.161584,0.521308462010571,0.0,0.5213084620107504,126,126,0.170728,0.327499,baseline_dominates
l2-n128-uniform-w1,main,2,128,uniform,1,accept_static_degree,accept_static_degree,,greedy,71,1,accept_id,ok,0,0.029142,0.028303999999999996,0.911016522187854,0.8248341419942569,0.9110165221873106,126,126,0.298357,0.327499,baseline_dominates
l2-n128-uniform-w1,main,2,128,uniform,1,native,native,,native,71,2,accept_id,ok,0,-0.133239,-0.139802,1.7708359849580562,,1.7708359849572886,126,126,0.306089,0.17285,variant_dominates
l2-n128-uniform-w1,main,2,128,uniform,1,native,native,,native,71,2,accept_static_degree,ok,0,-0.15170299999999998,-0.159344,1.8776569279722302,,1.8776569279716597,126,126,0.324553,0.17285,variant_dominates
l2-n128-uniform-w1,main,2,128,uniform,1,eas_k1_adaptive,eas,1,adaptive,71,2,native,ok,0,0.135662,0.14828,0.5602699408775024,0.0,0.5602699408767772,126,126,0.17285,0.308512,baseline_dominates
l2-n128-uniform-w1,main,2,128,uniform,1,eas_k1_adaptive,eas,1,adaptive,71,2,accept_id,ok,0,0.0024230000000000085,0.008477999999999986,0.9921461725962036,0.9428243862961965,0.9921461725944896,126,126,0.306089,0.308512,baseline_dominates
l2-n128-uniform-w1,main,2,128,uniform,1,eas_k1_adaptive,eas,1,adaptive,71,2,accept_static_degree,ok,0,-0.016040999999999972,-0.011064000000000018,1.051994736023234,1.0746155921230107,1.051994736021553,126,126,0.324553,0.308512,variant_dominates
l2-n128-uniform-w1,main,2,128,uniform,1,eas_k2_adaptive,eas,2,adaptive,71,2,native,ok,-2,0.140581,0.147893,0.5514770396036129,0.0,0.5427234358003774,126,124,0.17285,0.313431,baseline_dominates
l2-n128-uniform-w1,main,2,128,uniform,1,eas_k2_adaptive,eas,2,adaptive,71,2,accept_id,ok,-2,0.007342000000000015,0.008090999999999987,0.9765753866082167,0.9452915283346744,0.9610741899949651,126,124,0.306089,0.313431,baseline_dominates
l2-n128-uniform-w1,main,2,128,uniform,1,eas_k2_adaptive,eas,2,adaptive,71,2,accept_static_degree,ok,-2,-0.011121999999999965,-0.011451000000000017,1.0354846840293397,1.0774275996835552,1.019048419203161,126,124,0.324553,0.313431,tradeoff_or_tie
l2-n128-uniform-w1,main,2,128,uniform,1,accept_id,accept_id,,greedy,71,2,native,ok,0,0.133239,0.139802,0.5647050367703511,0.0,0.5647050367705959,126,126,0.17285,0.306089,baseline_dominates
l2-n128-uniform-w1,main,2,128,uniform,1,accept_id,accept_id,,greedy,71,2,accept_static_degree,ok,0,-0.01846399999999998,-0.019542000000000004,1.0603223245526627,1.13978340796269,1.0603223245528004,126,126,0.324553,0.306089,variant_dominates
l2-n128-uniform-w1,main,2,128,uniform,1,accept_static_degree,accept_static_degree,,greedy,71,2,native,ok,0,0.15170299999999998,0.159344,0.5325786543338068,0.0,0.5325786543339686,126,126,0.17285,0.324553,baseline_dominates
l2-n128-uniform-w1,main,2,128,uniform,1,accept_static_degree,accept_static_degree,,greedy,71,2,accept_id,ok,0,0.01846399999999998,0.019542000000000004,0.9431094459148429,0.8773596746661311,0.9431094459147206,126,126,0.306089,0.324553,baseline_dominates
l2-n128-uniform-w1,main,2,128,uniform,1,eas_k1_adaptive,eas,1,adaptive,71,3,native,ok,0,0.14947099999999997,0.154989,0.5314344649009239,0.0,0.5314344649013442,126,126,0.169526,0.318997,baseline_dominates
l2-n128-uniform-w1,main,2,128,uniform,1,eas_k1_adaptive,eas,1,adaptive,71,3,accept_id,ok,0,0.014081999999999983,0.016535999999999995,0.9558553842199143,0.8933085573814916,0.9558553842204717,126,126,0.304915,0.318997,baseline_dominates
l2-n128-uniform-w1,main,2,128,uniform,1,eas_k1_adaptive,eas,1,adaptive,71,3,accept_static_degree,ok,0,-0.01234500000000005,-0.008912000000000003,1.0386994235055504,1.05750085489938,1.0386994235059788,126,126,0.331342,0.318997,variant_dominates
l2-n128-uniform-w1,main,2,128,uniform,1,accept_static_degree,accept_static_degree,,greedy,71,3,native,ok,0,0.16181600000000002,0.163901,0.5116345045300625,0.0,0.5116345045302562,126,126,0.169526,0.331342,baseline_dominates
l2-n128-uniform-w1,main,2,128,uniform,1,accept_static_degree,accept_static_degree,,greedy,71,3,accept_id,ok,0,0.026427000000000034,0.025448,0.9202425288674541,0.8447355415769275,0.920242528867611,126,126,0.304915,0.331342,baseline_dominates
l2-n128-uniform-w1,main,2,128,uniform,1,native,native,,native,71,3,accept_id,ok,0,-0.13538899999999998,-0.138453,1.7986326581173389,,1.798632658116965,126,126,0.304915,0.169526,variant_dominates
l2-n128-uniform-w1,main,2,128,uniform,1,native,native,,native,71,3,accept_static_degree,ok,0,-0.16181600000000002,-0.163901,1.954520250581032,,1.9545202505802923,126,126,0.331342,0.169526,variant_dominates
l2-n128-uniform-w1,main,2,128,uniform,1,accept_id,accept_id,,greedy,71,3,native,ok,0,0.13538899999999998,0.138453,0.555977895479068,0.0,0.5559778954791835,126,126,0.169526,0.304915,baseline_dominates
l2-n128-uniform-w1,main,2,128,uniform,1,accept_id,accept_id,,greedy,71,3,accept_static_degree,ok,0,-0.026427000000000034,-0.025448,1.0866700555892628,1.183802445595256,1.0866700555890774,126,126,0.331342,0.304915,variant_dominates
l2-n128-uniform-w1,main,2,128,uniform,1,eas_k2_adaptive,eas,2,adaptive,71,3,native,ok,-2,0.151219,0.155132,0.52853824689395,0.0,0.52014875091123,126,124,0.169526,0.320745,baseline_dominates
l2-n128-uniform-w1,main,2,128,uniform,1,eas_k2_adaptive,eas,2,adaptive,71,3,accept_id,ok,-2,0.01583000000000001,0.016679,0.9506461519275436,0.8924851094551737,0.9355565304676848,126,124,0.304915,0.320745,baseline_dominates
l2-n128-uniform-w1,main,2,128,uniform,1,eas_k2_adaptive,eas,2,adaptive,71,3,accept_static_degree,ok,-2,-0.010597000000000023,-0.008768999999999999,1.0330387067608224,1.0565260552303843,1.0166412669700433,126,124,0.331342,0.320745,tradeoff_or_tie
l2-n128-uniform-w1,main,2,128,uniform,1,native,native,,native,101,1,accept_id,ok,0,-0.12692299999999998,-0.13184,1.7439364632788228,,1.7439364632799812,126,126,0.297533,0.17061,variant_dominates
l2-n128-uniform-w1,main,2,128,uniform,1,native,native,,native,101,1,accept_static_degree,ok,0,-0.154388,-0.156727,1.9049176484379577,,1.9049176484371215,126,126,0.324998,0.17061,variant_dominates
l2-n128-uniform-w1,main,2,128,uniform,1,eas_k2_adaptive,eas,2,adaptive,101,1,native,ok,0,0.143927,0.150493,0.5424163135020681,0.0,0.5424163135015649,126,126,0.17061,0.314537,baseline_dominates
l2-n128-uniform-w1,main,2,128,uniform,1,eas_k2_adaptive,eas,2,adaptive,101,1,accept_id,ok,0,0.01700400000000002,0.018652999999999975,0.9459395873935339,0.8760540357358816,0.9459395873932845,126,126,0.297533,0.314537,baseline_dominates
l2-n128-uniform-w1,main,2,128,uniform,1,eas_k2_adaptive,eas,2,adaptive,101,1,accept_static_degree,ok,0,-0.010460999999999998,-0.006234000000000017,1.0332584083907457,1.0414238536011642,1.0332584083893335,126,126,0.324998,0.314537,variant_dominates
l2-n128-uniform-w1,main,2,128,uniform,1,accept_static_degree,accept_static_degree,,greedy,101,1,native,ok,0,0.154388,0.156727,0.5249570766589333,0.0,0.5249570766591638,126,126,0.17061,0.324998,baseline_dominates
l2-n128-uniform-w1,main,2,128,uniform,1,accept_static_degree,accept_static_degree,,greedy,101,1,accept_id,ok,0,0.027465000000000017,0.024886999999999992,0.9154917876417701,0.8412079603386782,0.9154917876427799,126,126,0.297533,0.324998,baseline_dominates
l2-n128-uniform-w1,main,2,128,uniform,1,accept_id,accept_id,,greedy,101,1,native,ok,0,0.12692299999999998,0.13184,0.5734153858563589,0.0,0.5734153858559781,126,126,0.17061,0.297533,baseline_dominates
l2-n128-uniform-w1,main,2,128,uniform,1,accept_id,accept_id,,greedy,101,1,accept_static_degree,ok,0,-0.027465000000000017,-0.024886999999999992,1.0923090884036393,1.1887666868932039,1.0923090884024342,126,126,0.324998,0.297533,variant_dominates
l2-n128-uniform-w1,main,2,128,uniform,1,eas_k1_adaptive,eas,1,adaptive,101,1,native,ok,0,0.14314799999999997,0.145403,0.5437630275562696,0.0,0.5437630275567321,126,126,0.17061,0.313758,baseline_dominates
l2-n128-uniform-w1,main,2,128,uniform,1,eas_k1_adaptive,eas,1,adaptive,101,1,accept_id,ok,0,0.01622499999999999,0.013562999999999992,0.9482881711382658,0.906721319367551,0.9482881711397024,126,126,0.297533,0.313758,baseline_dominates
l2-n128-uniform-w1,main,2,128,uniform,1,eas_k1_adaptive,eas,1,adaptive,101,1,accept_static_degree,ok,0,-0.011240000000000028,-0.011324,1.0358237877599934,1.0778800987599981,1.03582378776042,126,126,0.324998,0.313758,variant_dominates
l2-n128-uniform-w1,main,2,128,uniform,1,accept_static_degree,accept_static_degree,,greedy,101,2,native,ok,0,0.153825,0.161877,0.5311857123264709,0.0,0.5311857123268036,126,126,0.17429,0.328115,baseline_dominates
l2-n128-uniform-w1,main,2,128,uniform,1,accept_static_degree,accept_static_degree,,greedy,101,2,accept_id,ok,0,0.03845599999999999,0.03296299999999999,0.8827971900096003,0.7963700834584283,0.882797190009366,126,126,0.289659,0.328115,baseline_dominates
l2-n128-uniform-w1,main,2,128,uniform,1,accept_id,accept_id,,greedy,101,2,native,ok,0,0.115369,0.128914,0.6017075250553237,0.0,0.6017075250558601,126,126,0.17429,0.289659,baseline_dominates
l2-n128-uniform-w1,main,2,128,uniform,1,accept_id,accept_id,,greedy,101,2,accept_static_degree,ok,0,-0.03845599999999999,-0.03296299999999999,1.132763007536448,1.2556975968475106,1.1327630075367487,126,126,0.328115,0.289659,variant_dominates
l2-n128-uniform-w1,main,2,128,uniform,1,eas_k1_adaptive,eas,1,adaptive,101,2,native,ok,0,0.140583,0.148001,0.5535247544247999,0.0,0.5535247544243238,126,126,0.17429,0.314873,baseline_dominates
l2-n128-uniform-w1,main,2,128,uniform,1,eas_k1_adaptive,eas,1,adaptive,101,2,accept_id,ok,0,0.025214000000000014,0.019086999999999993,0.9199232706519771,0.8710346551712489,0.9199232706503657,126,126,0.289659,0.314873,baseline_dominates
l2-n128-uniform-w1,main,2,128,uniform,1,eas_k1_adaptive,eas,1,adaptive,101,2,accept_static_degree,ok,0,-0.013241999999999976,-0.013876,1.0420550507664994,1.0937561232694373,1.0420550507649509,126,126,0.328115,0.314873,variant_dominates
l2-n128-uniform-w1,main,2,128,uniform,1,native,native,,native,101,2,accept_id,ok,0,-0.115369,-0.128914,1.6619370015491421,,1.6619370015476604,126,126,0.289659,0.17429,variant_dominates
l2-n128-uniform-w1,main,2,128,uniform,1,native,native,,native,101,2,accept_static_degree,ok,0,-0.153825,-0.161877,1.8825807562109127,,1.882580756209734,126,126,0.328115,0.17429,variant_dominates
l2-n128-uniform-w1,main,2,128,uniform,1,eas_k2_adaptive,eas,2,adaptive,101,2,native,ok,0,0.13890000000000002,0.152714,0.5564992496567578,0.0,0.5564992496572115,126,126,0.17429,0.31319,baseline_dominates
l2-n128-uniform-w1,main,2,128,uniform,1,eas_k2_adaptive,eas,2,adaptive,101,2,accept_id,ok,0,0.023531000000000024,0.023799999999999988,0.9248666943388997,0.8441531228309127,0.9248666943388291,126,126,0.289659,0.31319,baseline_dominates
l2-n128-uniform-w1,main,2,128,uniform,1,eas_k2_adaptive,eas,2,adaptive,101,2,accept_static_degree,ok,0,-0.014924999999999966,-0.009163000000000004,1.0476547782496246,1.0600010477100987,1.047654778249823,126,126,0.328115,0.31319,variant_dominates
l2-n128-uniform-w1,main,2,128,uniform,1,eas_k2_adaptive,eas,2,adaptive,101,3,native,ok,0,0.13368599999999997,0.151482,0.5632575188338376,0.0,0.5632575188343146,126,126,0.172412,0.306098,baseline_dominates
l2-n128-uniform-w1,main,2,128,uniform,1,eas_k2_adaptive,eas,2,adaptive,101,3,accept_id,ok,0,0.0040020000000000056,0.01569900000000002,0.9869257558036968,0.8963639244266645,0.9869257558047451,126,126,0.302096,0.306098,baseline_dominates
l2-n128-uniform-w1,main,2,128,uniform,1,eas_k2_adaptive,eas,2,adaptive,101,3,accept_static_degree,ok,0,-0.011283000000000043,-0.004016999999999993,1.03686074394475,1.026518002138868,1.0368607439447382,126,126,0.317381,0.306098,variant_dominates
l2-n128-uniform-w1,main,2,128,uniform,1,accept_static_degree,accept_static_degree,,greedy,101,3,native,ok,0,0.14496900000000001,0.155499,0.5432335268966951,0.0,0.5432335268971612,126,126,0.172412,0.317381,baseline_dominates
l2-n128-uniform-w1,main,2,128,uniform,1,accept_static_degree,accept_static_degree,,greedy,101,3,accept_id,ok,0,0.015285000000000049,0.01971600000000001,0.9518402172782868,0.8732081878340053,0.9518402172793085,126,126,0.302096,0.317381,baseline_dominates
l2-n128-uniform-w1,main,2,128,uniform,1,eas_k1_adaptive,eas,1,adaptive,101,3,native,ok,0,0.137947,0.148076,0.5555244088297746,0.0,0.5555244088298285,126,126,0.172412,0.310359,baseline_dominates
l2-n128-uniform-w1,main,2,128,uniform,1,eas_k1_adaptive,eas,1,adaptive,101,3,accept_id,ok,0,0.00826300000000002,0.012293000000000026,0.973375993607403,0.9169818201464112,0.973375993607707,126,126,0.302096,0.310359,baseline_dominates
l2-n128-uniform-w1,main,2,128,uniform,1,eas_k1_adaptive,eas,1,adaptive,101,3,accept_static_degree,ok,0,-0.007022000000000028,-0.007422999999999985,1.0226254112173323,1.050129663145952,1.022625411216554,126,126,0.317381,0.310359,variant_dominates
l2-n128-uniform-w1,main,2,128,uniform,1,native,native,,native,101,3,accept_id,ok,0,-0.12968399999999997,-0.135783,1.752175022620235,,1.7521750226206123,126,126,0.302096,0.172412,variant_dominates
l2-n128-uniform-w1,main,2,128,uniform,1,native,native,,native,101,3,accept_static_degree,ok,0,-0.14496900000000001,-0.155499,1.8408289446210242,,1.8408289446194446,126,126,0.317381,0.172412,variant_dominates
l2-n128-uniform-w1,main,2,128,uniform,1,accept_id,accept_id,,greedy,101,3,native,ok,0,0.12968399999999997,0.135783,0.5707192415655952,0.0,0.5707192415654723,126,126,0.172412,0.302096,baseline_dominates
l2-n128-uniform-w1,main,2,128,uniform,1,accept_id,accept_id,,greedy,101,3,accept_static_degree,ok,0,-0.015285000000000049,-0.01971600000000001,1.0505964991261059,1.1452022712710723,1.050596499124978,126,126,0.317381,0.302096,variant_dominates
l2-n128-zipf-w1,main,2,128,zipf,1,eas_k1_adaptive,eas,1,adaptive,11,1,native,ok,5,0.299906,0.297995,0.31763399611839577,0.0,0.3481757265143567,52,57,0.139603,0.439509,extra_commits_extra_time
l2-n128-zipf-w1,main,2,128,zipf,1,eas_k1_adaptive,eas,1,adaptive,11,1,accept_id,ok,2,0.17128299999999996,0.164692,0.6102855686686736,0.44733300894310307,0.632477771166432,55,57,0.268226,0.439509,extra_commits_extra_time
l2-n128-zipf-w1,main,2,128,zipf,1,eas_k1_adaptive,eas,1,adaptive,11,1,accept_static_degree,ok,0,0.133658,0.13262000000000002,0.6958924618153439,0.5549589758217419,0.6958924618152572,57,57,0.305851,0.439509,baseline_dominates
l2-n128-zipf-w1,main,2,128,zipf,1,native,native,,native,11,1,accept_id,ok,-3,-0.12862300000000002,-0.133303,1.921348395091796,,1.816547573543592,55,52,0.268226,0.139603,tradeoff_or_tie
l2-n128-zipf-w1,main,2,128,zipf,1,native,native,,native,11,1,accept_static_degree,ok,-5,-0.16624799999999998,-0.165375,2.190862660544544,,1.9986817254090308,57,52,0.305851,0.139603,tradeoff_or_tie
l2-n128-zipf-w1,main,2,128,zipf,1,accept_id,accept_id,,greedy,11,1,native,ok,3,0.12862300000000002,0.133303,0.5204678144549745,0.0,0.5504948037497697,52,55,0.139603,0.268226,extra_commits_extra_time
l2-n128-zipf-w1,main,2,128,zipf,1,accept_id,accept_id,,greedy,11,1,accept_static_degree,ok,-2,-0.037624999999999964,-0.03207199999999999,1.1402735007046296,1.2405947353022813,1.1002639041872955,57,55,0.305851,0.268226,tradeoff_or_tie
l2-n128-zipf-w1,main,2,128,zipf,1,eas_k2_adaptive,eas,2,adaptive,11,1,native,ok,2,0.273397,0.27806,0.33802179176755454,0.0,0.35102262991265176,52,54,0.139603,0.413,extra_commits_extra_time
l2-n128-zipf-w1,main,2,128,zipf,1,eas_k2_adaptive,eas,2,adaptive,11,1,accept_id,ok,-1,0.14477399999999996,0.14475699999999997,0.6494576271186442,0.47940372581457247,0.6376493066267178,55,54,0.268226,0.413,baseline_dominates
l2-n128-zipf-w1,main,2,128,zipf,1,eas_k2_adaptive,eas,2,adaptive,11,1,accept_static_degree,ok,-3,0.107149,0.11268499999999998,0.7405593220338983,0.5947457383298569,0.7015825156114345,57,54,0.305851,0.413,baseline_dominates
l2-n128-zipf-w1,main,2,128,zipf,1,accept_static_degree,accept_static_degree,,greedy,11,1,native,ok,5,0.16624799999999998,0.165375,0.45644120830077395,0.0,0.500329786022009,52,57,0.139603,0.305851,extra_commits_extra_time
l2-n128-zipf-w1,main,2,128,zipf,1,accept_static_degree,accept_static_degree,,greedy,11,1,accept_id,ok,2,0.037624999999999964,0.03207199999999999,0.8769825830224522,0.8060650037792896,0.908872858769865,55,57,0.268226,0.305851,extra_commits_extra_time
l2-n128-zipf-w1,main,2,128,zipf,1,eas_k2_adaptive,eas,2,adaptive,11,2,native,ok,2,0.26971500000000004,0.272517,0.34323978815364947,0.0,0.3564413184666087,52,54,0.14096,0.410675,extra_commits_extra_time
l2-n128-zipf-w1,main,2,128,zipf,1,eas_k2_adaptive,eas,2,adaptive,11,2,accept_id,ok,-1,0.13573000000000002,0.136544,0.6694953430328118,0.4989523589354059,0.6573227004304327,55,54,0.274945,0.410675,baseline_dominates
l2-n128-zipf-w1,main,2,128,zipf,1,eas_k2_adaptive,eas,2,adaptive,11,2,accept_static_degree,ok,-3,0.11698400000000003,0.10684300000000002,0.7151421440311682,0.6079400551158276,0.6775030838192103,57,54,0.293691,0.410675,baseline_dominates
l2-n128-zipf-w1,main,2,128,zipf,1,native,native,,native,11,2,accept_id,ok,-3,-0.133985,-0.135973,1.9505178774120318,,1.8441259931878815,55,52,0.274945,0.14096,tradeoff_or_tie
l2-n128-zipf-w1,main,2,128,zipf,1,native,native,,native,11,2,accept_static_degree,ok,-5,-0.15273099999999998,-0.165674,2.083505959137344,,1.9007422785152743,57,52,0.293691,0.14096,tradeoff_or_tie
l2-n128-zipf-w1,main,2,128,zipf,1,accept_id,accept_id,,greedy,11,2,native,ok,3,0.133985,0.135973,0.5126843550528287,0.0,0.5422622986140616,52,55,0.14096,0.274945,extra_commits_extra_time
l2-n128-zipf-w1,main,2,128,zipf,1,accept_id,accept_id,,greedy,11,2,accept_static_degree,ok,-2,-0.018745999999999985,-0.029700999999999977,1.0681809089090546,1.2184330712715024,1.0307008770206216,57,55,0.293691,0.274945,tradeoff_or_tie
l2-n128-zipf-w1,main,2,128,zipf,1,eas_k1_adaptive,eas,1,adaptive,11,2,native,ok,5,0.29177200000000003,0.293093,0.3257443406080438,0.0,0.35706591181999264,52,57,0.14096,0.432732,extra_commits_extra_time
l2-n128-zipf-w1,main,2,128,zipf,1,eas_k1_adaptive,eas,1,adaptive,11,2,accept_id,ok,2,0.157787,0.15711999999999998,0.6353701598217835,0.4639244198940269,0.6584745292685804,55,57,0.274945,0.432732,extra_commits_extra_time
l2-n128-zipf-w1,main,2,128,zipf,1,eas_k1_adaptive,eas,1,adaptive,11,2,accept_static_degree,ok,0,0.13904100000000003,0.127419,0.6786902748121239,0.5652608557693292,0.6786902748128668,57,57,0.293691,0.432732,baseline_dominates
l2-n128-zipf-w1,main,2,128,zipf,1,accept_static_degree,accept_static_degree,,greedy,11,2,native,ok,5,0.15273099999999998,0.165674,0.47996023031008783,0.0,0.5261102524541778,52,57,0.14096,0.293691,extra_commits_extra_time
l2-n128-zipf-w1,main,2,128,zipf,1,accept_static_degree,accept_static_degree,,greedy,11,2,accept_id,ok,2,0.018745999999999985,0.029700999999999977,0.9361710096666225,0.8207262455183072,0.9702135918333875,55,57,0.274945,0.293691,extra_commits_extra_time
l2-n128-zipf-w1,main,2,128,zipf,1,native,native,,native,11,3,accept_id,ok,-3,-0.128702,-0.134317,1.9116034621977307,,1.8073341824357103,55,52,0.269884,0.141182,tradeoff_or_tie
l2-n128-zipf-w1,main,2,128,zipf,1,native,native,,native,11,3,accept_static_degree,ok,-5,-0.15452999999999997,-0.160128,2.0945446303353115,,1.9108126452158107,57,52,0.295712,0.141182,tradeoff_or_tie
l2-n128-zipf-w1,main,2,128,zipf,1,accept_id,accept_id,,greedy,11,3,native,ok,3,0.128702,0.134317,0.523121044596938,0.0,0.5533011048639155,52,55,0.141182,0.269884,extra_commits_extra_time
l2-n128-zipf-w1,main,2,128,zipf,1,accept_id,accept_id,,greedy,11,3,accept_static_degree,ok,-2,-0.025827999999999962,-0.025811,1.0957003749759153,1.1921648041573294,1.0572547477858492,57,55,0.295712,0.269884,tradeoff_or_tie
l2-n128-zipf-w1,main,2,128,zipf,1,accept_static_degree,accept_static_degree,,greedy,11,3,native,ok,5,0.15452999999999997,0.160128,0.4774307434260362,0.0,0.5233375456791883,52,57,0.141182,0.295712,extra_commits_extra_time
l2-n128-zipf-w1,main,2,128,zipf,1,accept_static_degree,accept_static_degree,,greedy,11,3,accept_id,ok,2,0.025827999999999962,0.025811,0.9126582620928472,0.8388102018385292,0.9458458352580069,55,57,0.269884,0.295712,extra_commits_extra_time
l2-n128-zipf-w1,main,2,128,zipf,1,eas_k1_adaptive,eas,1,adaptive,11,3,native,ok,5,0.28428699999999996,0.289012,0.33182676058655275,0.0,0.3637331798740916,52,57,0.141182,0.425469,extra_commits_extra_time
l2-n128-zipf-w1,main,2,128,zipf,1,eas_k1_adaptive,eas,1,adaptive,11,3,accept_id,ok,2,0.15558499999999997,0.154695,0.6343211843871117,0.464745408495149,0.6573874092724825,55,57,0.269884,0.425469,extra_commits_extra_time
l2-n128-zipf-w1,main,2,128,zipf,1,eas_k1_adaptive,eas,1,adaptive,11,3,accept_static_degree,ok,0,0.129757,0.128884,0.6950259595881251,0.5540531189016373,0.6950259595879713,57,57,0.295712,0.425469,baseline_dominates
l2-n128-zipf-w1,main,2,128,zipf,1,eas_k2_adaptive,eas,2,adaptive,11,3,native,ok,2,0.27788100000000004,0.277281,0.3368992251761668,0.0,0.3498568876832675,52,54,0.141182,0.419063,extra_commits_extra_time
l2-n128-zipf-w1,main,2,128,zipf,1,eas_k2_adaptive,eas,2,adaptive,11,3,accept_id,ok,-1,0.149179,0.142964,0.6440177252584933,0.4844075143987507,0.6323083120705404,55,54,0.269884,0.419063,baseline_dominates
l2-n128-zipf-w1,main,2,128,zipf,1,eas_k2_adaptive,eas,2,adaptive,11,3,accept_static_degree,ok,-3,0.12335100000000004,0.11715300000000001,0.7056504630568673,0.5774935895355253,0.6685109650010352,57,54,0.295712,0.419063,baseline_dominates
l2-n128-zipf-w1,main,2,128,zipf,1,native,native,,native,29,1,accept_id,ok,-4,-0.123952,-0.130837,1.8437561689527247,,1.7208390910221967,60,56,0.270857,0.146905,tradeoff_or_tie
l2-n128-zipf-w1,main,2,128,zipf,1,native,native,,native,29,1,accept_static_degree,ok,-6,-0.155152,-0.161869,2.0561383206834347,,1.8571571928731705,62,56,0.302057,0.146905,tradeoff_or_tie
l2-n128-zipf-w1,main,2,128,zipf,1,eas_k2_adaptive,eas,2,adaptive,29,1,native,ok,6,0.28005199999999997,0.279376,0.34407446183105095,0.0,0.38093958274068274,56,62,0.146905,0.426957,extra_commits_extra_time
l2-n128-zipf-w1,main,2,128,zipf,1,eas_k2_adaptive,eas,2,adaptive,29,1,accept_id,ok,2,0.15609999999999996,0.148539,0.6343894115800889,0.46831868163335433,0.6555357252978514,60,62,0.270857,0.426957,extra_commits_extra_time
l2-n128-zipf-w1,main,2,128,zipf,1,eas_k2_adaptive,eas,2,adaptive,29,1,accept_static_degree,ok,0,0.12489999999999996,0.117507,0.7074646861393536,0.5793947941125938,0.7074646861369632,62,62,0.302057,0.426957,baseline_dominates
l2-n128-zipf-w1,main,2,128,zipf,1,eas_k1_adaptive,eas,1,adaptive,29,1,native,ok,6,0.317521,0.319591,0.316315193378493,0.0,0.3502061069552911,56,62,0.146905,0.464426,extra_commits_extra_time
l2-n128-zipf-w1,main,2,128,zipf,1,eas_k1_adaptive,eas,1,adaptive,29,1,accept_id,ok,2,0.193569,0.188754,0.5832080891250705,0.4093888751560589,0.6026483587633653,60,62,0.270857,0.464426,extra_commits_extra_time
l2-n128-zipf-w1,main,2,128,zipf,1,eas_k1_adaptive,eas,1,adaptive,29,1,accept_static_degree,ok,0,0.16236899999999999,0.157722,0.6503877905199106,0.5064879799493728,0.6503877905201297,62,62,0.302057,0.464426,baseline_dominates
l2-n128-zipf-w1,main,2,128,zipf,1,accept_id,accept_id,,greedy,29,1,native,ok,4,0.123952,0.130837,0.5423710666514064,0.0,0.5811118571266238,56,60,0.146905,0.270857,extra_commits_extra_time
l2-n128-zipf-w1,main,2,128,zipf,1,accept_id,accept_id,,greedy,29,1,accept_static_degree,ok,-2,-0.031200000000000006,-0.031032000000000004,1.1151899341719063,1.2371806140464854,1.0792160653265956,62,60,0.302057,0.270857,tradeoff_or_tie
l2-n128-zipf-w1,main,2,128,zipf,1,accept_static_degree,accept_static_degree,,greedy,29,1,native,ok,6,0.155152,0.161869,0.48634860307822697,0.0,0.5384573819801005,56,62,0.146905,0.302057,extra_commits_extra_time
l2-n128-zipf-w1,main,2,128,zipf,1,accept_static_degree,accept_static_degree,,greedy,29,1,accept_id,ok,2,0.031200000000000006,0.031032000000000004,0.896708237187021,0.8082894192217163,0.926598511760828,60,62,0.270857,0.302057,extra_commits_extra_time
l2-n128-zipf-w1,main,2,128,zipf,1,eas_k1_adaptive,eas,1,adaptive,29,2,native,ok,6,0.29425500000000004,0.290634,0.314274728219708,0.0,0.3479470205287863,56,62,0.13486,0.429115,extra_commits_extra_time
l2-n128-zipf-w1,main,2,128,zipf,1,eas_k1_adaptive,eas,1,adaptive,29,2,accept_id,ok,2,0.15921300000000005,0.160268,0.6289735851694767,0.44855729198923733,0.6499393713413227,60,62,0.269902,0.429115,extra_commits_extra_time
l2-n128-zipf-w1,main,2,128,zipf,1,eas_k1_adaptive,eas,1,adaptive,29,2,accept_static_degree,ok,0,0.128083,0.131994,0.701518241030959,0.5458411610479159,0.7015182410299614,62,62,0.301032,0.429115,baseline_dominates
l2-n128-zipf-w1,main,2,128,zipf,1,native,native,,native,29,2,accept_id,ok,-4,-0.13504199999999997,-0.130366,2.0013495476790744,,1.867926244500065,60,56,0.269902,0.13486,tradeoff_or_tie
l2-n128-zipf-w1,main,2,128,zipf,1,native,native,,native,29,2,accept_static_degree,ok,-6,-0.16617200000000001,-0.15864,2.2321815215779326,,2.0161639549717703,62,56,0.301032,0.13486,tradeoff_or_tie
l2-n128-zipf-w1,main,2,128,zipf,1,accept_id,accept_id,,greedy,29,2,native,ok,4,0.13504199999999997,0.130366,0.49966284058658333,0.0,0.5353530434857409,56,60,0.13486,0.269902,extra_commits_extra_time
l2-n128-zipf-w1,main,2,128,zipf,1,accept_id,accept_id,,greedy,29,2,accept_static_degree,ok,-2,-0.031130000000000047,-0.028273999999999994,1.1153381597765117,1.216881702284338,1.0793595094603854,62,60,0.301032,0.269902,tradeoff_or_tie
l2-n128-zipf-w1,main,2,128,zipf,1,accept_static_degree,accept_static_degree,,greedy,29,2,native,ok,6,0.16617200000000001,0.15864,0.44799224002763827,0.0,0.4959914086024823,56,62,0.13486,0.301032,extra_commits_extra_time
l2-n128-zipf-w1,main,2,128,zipf,1,accept_static_degree,accept_static_degree,,greedy,29,2,accept_id,ok,2,0.031130000000000047,0.028273999999999994,0.8965890669430491,0.8217725668179526,0.9264753691751321,60,62,0.269902,0.301032,extra_commits_extra_time
l2-n128-zipf-w1,main,2,128,zipf,1,eas_k2_adaptive,eas,2,adaptive,29,2,native,ok,6,0.287747,0.279375,0.3191144491217609,0.0,0.35330528295673036,56,62,0.13486,0.422607,extra_commits_extra_time
l2-n128-zipf-w1,main,2,128,zipf,1,eas_k2_adaptive,eas,2,adaptive,29,2,accept_id,ok,2,0.15270500000000004,0.14900899999999997,0.6386595584076932,0.46663445190156605,0.6599482103553982,60,62,0.269902,0.422607,extra_commits_extra_time
l2-n128-zipf-w1,main,2,128,zipf,1,eas_k2_adaptive,eas,2,adaptive,29,2,accept_static_degree,ok,0,0.12157499999999999,0.12073499999999998,0.712321376598116,0.5678389261744967,0.7123213765984618,62,62,0.301032,0.422607,baseline_dominates
l2-n128-zipf-w1,main,2,128,zipf,1,eas_k1_adaptive,eas,1,adaptive,29,3,native,ok,6,0.280577,0.286762,0.3433047166101822,0.0,0.38008736481920735,56,62,0.146679,0.427256,extra_commits_extra_time
l2-n128-zipf-w1,main,2,128,zipf,1,eas_k1_adaptive,eas,1,adaptive,29,3,accept_id,ok,2,0.15261800000000003,0.15454400000000001,0.6427949519725878,0.46107224806634073,0.6642214503734433,60,62,0.274638,0.427256,extra_commits_extra_time
l2-n128-zipf-w1,main,2,128,zipf,1,eas_k1_adaptive,eas,1,adaptive,29,3,accept_static_degree,ok,0,0.12368300000000004,0.12396400000000002,0.710517816016627,0.567711203018531,0.7105178160187666,62,62,0.303573,0.427256,baseline_dominates
l2-n128-zipf-w1,main,2,128,zipf,1,accept_id,accept_id,,greedy,29,3,native,ok,4,0.127959,0.132218,0.5340812269241693,0.0,0.5722298859898487,56,60,0.146679,0.274638,extra_commits_extra_time
l2-n128-zipf-w1,main,2,128,zipf,1,accept_id,accept_id,,greedy,29,3,accept_static_degree,ok,-2,-0.02893499999999999,-0.030579999999999996,1.1053568697703886,1.2312846964861062,1.0697001965523611,62,60,0.303573,0.274638,tradeoff_or_tie
l2-n128-zipf-w1,main,2,128,zipf,1,native,native,,native,29,3,accept_id,ok,-4,-0.127959,-0.132218,1.8723743685190108,,1.7475494106187595,60,56,0.274638,0.146679,tradeoff_or_tie
l2-n128-zipf-w1,main,2,128,zipf,1,native,native,,native,29,3,accept_static_degree,ok,-6,-0.15689399999999998,-0.162798,2.0696418710244817,,1.86935394802385,62,56,0.303573,0.146679,tradeoff_or_tie
l2-n128-zipf-w1,main,2,128,zipf,1,eas_k2_adaptive,eas,2,adaptive,29,3,native,ok,6,0.284675,0.287969,0.3400432127672399,0.0,0.37647641413566235,56,62,0.146679,0.431354,extra_commits_extra_time
l2-n128-zipf-w1,main,2,128,zipf,1,eas_k2_adaptive,eas,2,adaptive,29,3,accept_id,ok,2,0.15671600000000002,0.15575099999999997,0.6366881957742364,0.45913969906482993,0.6579111356346408,60,62,0.274638,0.431354,extra_commits_extra_time
l2-n128-zipf-w1,main,2,128,zipf,1,eas_k2_adaptive,eas,2,adaptive,29,3,accept_static_degree,ok,0,0.12778100000000003,0.12517099999999998,0.7037676711007663,0.5653316850077613,0.7037676711023624,62,62,0.303573,0.431354,baseline_dominates
l2-n128-zipf-w1,main,2,128,zipf,1,accept_static_degree,accept_static_degree,,greedy,29,3,native,ok,6,0.15689399999999998,0.162798,0.4831753812097914,0.0,0.5349441720532006,56,62,0.146679,0.303573,extra_commits_extra_time
l2-n128-zipf-w1,main,2,128,zipf,1,accept_static_degree,accept_static_degree,,greedy,29,3,accept_id,ok,2,0.02893499999999999,0.030579999999999996,0.9046851992766155,0.8121598545436677,0.9348413725855108,60,62,0.274638,0.303573,extra_commits_extra_time
l2-n128-zipf-w1,main,2,128,zipf,1,eas_k2_adaptive,eas,2,adaptive,47,1,native,ok,1,0.270046,0.261453,0.33363109191856877,0.0,0.33876387794747725,65,66,0.135204,0.40525,extra_commits_extra_time
l2-n128-zipf-w1,main,2,128,zipf,1,eas_k2_adaptive,eas,2,adaptive,47,1,accept_id,ok,-3,0.136716,0.125572,0.6626378778531771,0.519714824461758,0.6338275353370524,69,66,0.268534,0.40525,baseline_dominates
l2-n128-zipf-w1,main,2,128,zipf,1,eas_k2_adaptive,eas,2,adaptive,47,1,accept_static_degree,ok,-4,0.10025400000000001,0.09926299999999999,0.7526119679210364,0.6203409408191912,0.7096055697534772,70,66,0.304996,0.40525,baseline_dominates
l2-n128-zipf-w1,main,2,128,zipf,1,native,native,,native,47,1,accept_id,ok,-4,-0.13333,-0.135881,1.9861394633294873,,1.8710009437172712,69,65,0.268534,0.135204,tradeoff_or_tie
l2-n128-zipf-w1,main,2,128,zipf,1,native,native,,native,47,1,accept_static_degree,ok,-5,-0.169792,-0.16219,2.255820833703145,,2.094690774154782,70,65,0.304996,0.135204,tradeoff_or_tie
l2-n128-zipf-w1,main,2,128,zipf,1,accept_static_degree,accept_static_degree,,greedy,47,1,native,ok,5,0.169792,0.16219,0.4432976170179281,0.0,0.47739743371119053,65,70,0.135204,0.304996,extra_commits_extra_time
l2-n128-zipf-w1,main,2,128,zipf,1,accept_static_degree,accept_static_degree,,greedy,47,1,accept_id,ok,1,0.036461999999999994,0.026309,0.8804508911592284,0.8377890128861212,0.893211049001841,69,70,0.268534,0.304996,extra_commits_extra_time
l2-n128-zipf-w1,main,2,128,zipf,1,eas_k1_adaptive,eas,1,adaptive,47,1,native,ok,5,0.282429,0.273848,0.32373878500980524,0.0,0.34864176847259926,65,70,0.135204,0.417633,extra_commits_extra_time
l2-n128-zipf-w1,main,2,128,zipf,1,eas_k1_adaptive,eas,1,adaptive,47,1,accept_id,ok,1,0.14909899999999998,0.13796699999999998,0.6429903767183149,0.4961913178113406,0.6523090778314916,69,70,0.268534,0.417633,extra_commits_extra_time
l2-n128-zipf-w1,main,2,128,zipf,1,eas_k1_adaptive,eas,1,adaptive,47,1,accept_static_degree,ok,0,0.11263699999999999,0.11165799999999998,0.7302966959028621,0.5922628611492508,0.7302966959045613,70,70,0.304996,0.417633,baseline_dominates
l2-n128-zipf-w1,main,2,128,zipf,1,accept_id,accept_id,,greedy,47,1,native,ok,4,0.13333,0.135881,0.50348931606426,0.0,0.5344732739755961,65,69,0.135204,0.268534,extra_commits_extra_time
l2-n128-zipf-w1,main,2,128,zipf,1,accept_id,accept_id,,greedy,47,1,accept_static_degree,ok,-1,-0.036461999999999994,-0.026309,1.1357816887247052,1.1936179451137392,1.1195562360289824,70,69,0.304996,0.268534,tradeoff_or_tie
l2-n128-zipf-w1,main,2,128,zipf,1,accept_id,accept_id,,greedy,47,2,native,ok,4,0.126973,0.133245,0.5407482693017166,0.0,0.5740250858743128,65,69,0.149505,0.276478,extra_commits_extra_time
l2-n128-zipf-w1,main,2,128,zipf,1,accept_id,accept_id,,greedy,47,2,accept_static_degree,ok,-1,-0.035673999999999984,-0.03051200000000001,1.1290301579149153,1.2289917070058916,1.1129011556613542,70,69,0.312152,0.276478,tradeoff_or_tie
l2-n128-zipf-w1,main,2,128,zipf,1,native,native,,native,47,2,accept_id,ok,-4,-0.126973,-0.133245,1.8492893214273771,,1.7420841433730612,69,65,0.276478,0.149505,tradeoff_or_tie
l2-n128-zipf-w1,main,2,128,zipf,1,native,native,,native,47,2,accept_static_degree,ok,-5,-0.16264699999999999,-0.163757,2.0879034146015183,,1.9387674564192001,70,65,0.312152,0.149505,tradeoff_or_tie
l2-n128-zipf-w1,main,2,128,zipf,1,eas_k1_adaptive,eas,1,adaptive,47,2,native,ok,5,0.278665,0.283681,0.34917205782749844,0.0,0.37603144689042184,65,70,0.149505,0.42817,extra_commits_extra_time
l2-n128-zipf-w1,main,2,128,zipf,1,eas_k1_adaptive,eas,1,adaptive,47,2,accept_id,ok,1,0.151692,0.15043600000000001,0.6457201578812154,0.46970012091045926,0.6550784210374333,69,70,0.276478,0.42817,extra_commits_extra_time
l2-n128-zipf-w1,main,2,128,zipf,1,eas_k1_adaptive,eas,1,adaptive,47,2,accept_static_degree,ok,0,0.11601800000000001,0.119924,0.7290375318214728,0.577257553378619,0.7290375318213747,70,70,0.312152,0.42817,baseline_dominates
l2-n128-zipf-w1,main,2,128,zipf,1,eas_k2_adaptive,eas,2,adaptive,47,2,native,ok,1,0.266323,0.267057,0.35953567340342646,0.0,0.3650669914547009,65,66,0.149505,0.415828,extra_commits_extra_time
l2-n128-zipf-w1,main,2,128,zipf,1,eas_k2_adaptive,eas,2,adaptive,47,2,accept_id,ok,-3,0.13934999999999997,0.133812,0.6648854814971575,0.49893842887473466,0.6359774170821433,69,66,0.276478,0.415828,baseline_dominates
l2-n128-zipf-w1,main,2,128,zipf,1,eas_k2_adaptive,eas,2,adaptive,47,2,accept_static_degree,ok,-4,0.10367599999999999,0.10329999999999998,0.7506757601700703,0.6131911913935977,0.7077800024452403,70,66,0.312152,0.415828,baseline_dominates
l2-n128-zipf-w1,main,2,128,zipf,1,accept_static_degree,accept_static_degree,,greedy,47,2,native,ok,5,0.16264699999999999,0.163757,0.4789493580050745,0.0,0.5157916163122247,65,70,0.149505,0.312152,extra_commits_extra_time
l2-n128-zipf-w1,main,2,128,zipf,1,accept_static_degree,accept_static_degree,,greedy,47,2,accept_id,ok,1,0.035673999999999984,0.03051200000000001,0.885715933263282,0.8136751406046764,0.8985523960622886,69,70,0.276478,0.312152,extra_commits_extra_time
l2-n128-zipf-w1,main,2,128,zipf,1,eas_k1_adaptive,eas,1,adaptive,47,3,native,ok,5,0.274055,0.276178,0.3496914026999001,0.0,0.37659074136922255,65,70,0.147368,0.421423,extra_commits_extra_time
l2-n128-zipf-w1,main,2,128,zipf,1,eas_k1_adaptive,eas,1,adaptive,47,3,accept_id,ok,1,0.13636700000000002,0.14056399999999997,0.6764130102058976,0.49103838828581575,0.686216097310262,69,70,0.285056,0.421423,extra_commits_extra_time
l2-n128-zipf-w1,main,2,128,zipf,1,eas_k1_adaptive,eas,1,adaptive,47,3,accept_static_degree,ok,0,0.11983299999999997,0.11540299999999998,0.7156467492282103,0.5821426761001963,0.7156467492287555,70,70,0.30159,0.421423,baseline_dominates
l2-n128-zipf-w1,main,2,128,zipf,1,accept_id,accept_id,,greedy,47,3,native,ok,4,0.13768799999999998,0.135614,0.5169791198922318,0.0,0.5487932195781074,65,69,0.147368,0.285056,extra_commits_extra_time
l2-n128-zipf-w1,main,2,128,zipf,1,accept_id,accept_id,,greedy,47,3,accept_static_degree,ok,-1,-0.01653400000000005,-0.02516099999999999,1.0580026380781322,1.1855339419234001,1.0428883146779153,70,69,0.30159,0.285056,tradeoff_or_tie
l2-n128-zipf-w1,main,2,128,zipf,1,accept_static_degree,accept_static_degree,,greedy,47,3,native,ok,5,0.15422200000000003,0.160775,0.48863689114360553,0.0,0.5262243443082362,65,70,0.147368,0.30159,extra_commits_extra_time
l2-n128-zipf-w1,main,2,128,zipf,1,accept_static_degree,accept_static_degree,,greedy,47,3,accept_id,ok,1,0.01653400000000005,0.02516099999999999,0.9451772273616498,0.8435017882133417,0.9588754480472237,69,70,0.285056,0.30159,extra_commits_extra_time
l2-n128-zipf-w1,main,2,128,zipf,1,native,native,,native,47,3,accept_id,ok,-4,-0.13768799999999998,-0.135614,1.93431409804028,,1.8221799474285856,69,65,0.285056,0.147368,tradeoff_or_tie
l2-n128-zipf-w1,main,2,128,zipf,1,native,native,,native,47,3,accept_static_degree,ok,-5,-0.15422200000000003,-0.160775,2.046509418598339,,1.9003301744136898,70,65,0.30159,0.147368,tradeoff_or_tie
l2-n128-zipf-w1,main,2,128,zipf,1,eas_k2_adaptive,eas,2,adaptive,47,3,native,ok,1,0.263381,0.263425,0.35877871887697843,0.0,0.3642983914755827,65,66,0.147368,0.410749,extra_commits_extra_time
l2-n128-zipf-w1,main,2,128,zipf,1,eas_k2_adaptive,eas,2,adaptive,47,3,accept_id,ok,-3,0.125693,0.127811,0.6939907340005697,0.5148106671728196,0.6638172238272956,69,66,0.285056,0.410749,baseline_dominates
l2-n128-zipf-w1,main,2,128,zipf,1,eas_k2_adaptive,eas,2,adaptive,47,3,accept_static_degree,ok,-4,0.10915899999999995,0.10265000000000002,0.734244027374382,0.6103255195976084,0.6922872258114207,70,66,0.30159,0.410749,baseline_dominates
l2-n128-zipf-w1,main,2,128,zipf,1,accept_static_degree,accept_static_degree,,greedy,71,1,native,ok,5,0.156095,0.163964,0.492492814690544,0.0,0.5303768773587759,65,70,0.151477,0.307572,extra_commits_extra_time
l2-n128-zipf-w1,main,2,128,zipf,1,accept_static_degree,accept_static_degree,,greedy,71,1,accept_id,ok,2,0.02737600000000001,0.02881800000000001,0.9109931983405511,0.8242419067600204,0.9377871159382888,68,70,0.280196,0.307572,extra_commits_extra_time
l2-n128-zipf-w1,main,2,128,zipf,1,eas_k1_adaptive,eas,1,adaptive,71,1,native,ok,5,0.268628,0.274023,0.3605693814641578,0.0,0.38830548773034,65,70,0.151477,0.420105,extra_commits_extra_time
l2-n128-zipf-w1,main,2,128,zipf,1,eas_k1_adaptive,eas,1,adaptive,71,1,accept_id,ok,2,0.139909,0.13887700000000003,0.666966591685412,0.4931921772989858,0.6865832561462076,68,70,0.280196,0.420105,extra_commits_extra_time
l2-n128-zipf-w1,main,2,128,zipf,1,eas_k1_adaptive,eas,1,adaptive,71,1,accept_static_degree,ok,0,0.112533,0.11005900000000002,0.7321312529010605,0.5983585319480481,0.7321312529008858,70,70,0.307572,0.420105,baseline_dominates
l2-n128-zipf-w1,main,2,128,zipf,1,native,native,,native,71,1,accept_id,ok,-3,-0.128719,-0.135146,1.8497593694092171,,1.7681523384058055,68,65,0.280196,0.151477,tradeoff_or_tie
l2-n128-zipf-w1,main,2,128,zipf,1,native,native,,native,71,1,accept_static_degree,ok,-5,-0.156095,-0.163964,2.0304864764947816,,1.8854517281746908,70,65,0.307572,0.151477,tradeoff_or_tie
l2-n128-zipf-w1,main,2,128,zipf,1,accept_id,accept_id,,greedy,71,1,native,ok,3,0.128719,0.135146,0.5406108581136062,0.0,0.5655621284881007,65,68,0.151477,0.280196,extra_commits_extra_time
l2-n128-zipf-w1,main,2,128,zipf,1,accept_id,accept_id,,greedy,71,1,accept_static_degree,ok,-2,-0.02737600000000001,-0.02881800000000001,1.0977030364459164,1.2132360558211122,1.066340092548046,70,68,0.307572,0.280196,tradeoff_or_tie
l2-n128-zipf-w1,main,2,128,zipf,1,eas_k2_adaptive,eas,2,adaptive,71,1,native,ok,3,0.25872799999999996,0.266251,0.3692714618300606,0.0,0.3863147600682034,65,68,0.151477,0.410205,extra_commits_extra_time
l2-n128-zipf-w1,main,2,128,zipf,1,eas_k2_adaptive,eas,2,adaptive,71,1,accept_id,ok,0,0.13000899999999999,0.13110500000000003,0.6830633463755927,0.5075887038921919,0.6830633463752717,68,68,0.280196,0.410205,baseline_dominates
l2-n128-zipf-w1,main,2,128,zipf,1,eas_k2_adaptive,eas,2,adaptive,71,1,accept_static_degree,ok,-2,0.10263299999999997,0.10228700000000002,0.7498007094013969,0.6158249170895133,0.7283778319899852,70,68,0.307572,0.410205,baseline_dominates
l2-n128-zipf-w1,main,2,128,zipf,1,eas_k2_adaptive,eas,2,adaptive,71,2,native,ok,3,0.273187,0.269185,0.3464988661263623,0.0,0.3624911214868404,65,68,0.144849,0.418036,extra_commits_extra_time
l2-n128-zipf-w1,main,2,128,zipf,1,eas_k2_adaptive,eas,2,adaptive,71,2,accept_id,ok,0,0.141027,0.137103,0.6626438871293381,0.49067370024332707,0.6626438871317425,68,68,0.277009,0.418036,baseline_dominates
l2-n128-zipf-w1,main,2,128,zipf,1,eas_k2_adaptive,eas,2,adaptive,71,2,accept_static_degree,ok,-2,0.10747700000000004,0.102599,0.7429001330028991,0.6188532050448576,0.7216744149187744,70,68,0.310559,0.418036,baseline_dominates
l2-n128-zipf-w1,main,2,128,zipf,1,accept_static_degree,accept_static_degree,,greedy,71,2,native,ok,5,0.16570999999999997,0.166586,0.4664137893282758,0.0,0.5022917731227029,65,70,0.144849,0.310559,extra_commits_extra_time
l2-n128-zipf-w1,main,2,128,zipf,1,accept_static_degree,accept_static_degree,,greedy,71,2,accept_id,ok,2,0.03354999999999997,0.03450400000000001,0.89196899783938,0.7928757518639021,0.9182033801299776,68,70,0.277009,0.310559,extra_commits_extra_time
l2-n128-zipf-w1,main,2,128,zipf,1,eas_k1_adaptive,eas,1,adaptive,71,2,native,ok,5,0.279331,0.276763,0.34148003206186056,0.0,0.3677477268349787,65,70,0.144849,0.42418,extra_commits_extra_time
l2-n128-zipf-w1,main,2,128,zipf,1,eas_k1_adaptive,eas,1,adaptive,71,2,accept_id,ok,2,0.147171,0.14468099999999998,0.6530458767504361,0.47723864822971285,0.6722531084189303,68,70,0.277009,0.42418,extra_commits_extra_time
l2-n128-zipf-w1,main,2,128,zipf,1,eas_k1_adaptive,eas,1,adaptive,71,2,accept_static_degree,ok,0,0.11362100000000003,0.11017699999999997,0.732139657692489,0.6019084921033521,0.7321396576908359,70,70,0.310559,0.42418,baseline_dominates
l2-n128-zipf-w1,main,2,128,zipf,1,accept_id,accept_id,,greedy,71,2,native,ok,3,0.13216,0.132082,0.522903587970066,0.0,0.5470375997217526,65,68,0.144849,0.277009,extra_commits_extra_time
l2-n128-zipf-w1,main,2,128,zipf,1,accept_id,accept_id,,greedy,71,2,accept_static_degree,ok,-2,-0.03354999999999997,-0.03450400000000001,1.1211151984231558,1.2612316591208492,1.0890833356096377,70,68,0.310559,0.277009,tradeoff_or_tie
l2-n128-zipf-w1,main,2,128,zipf,1,native,native,,native,71,2,accept_id,ok,-3,-0.13216,-0.132082,1.9123984287085172,,1.8280279097975058,68,65,0.277009,0.144849,tradeoff_or_tie
l2-n128-zipf-w1,main,2,128,zipf,1,native,native,,native,71,2,accept_static_degree,ok,-5,-0.16570999999999997,-0.166586,2.1440189438656807,,1.9908747335897812,70,65,0.310559,0.144849,tradeoff_or_tie
l2-n128-zipf-w1,main,2,128,zipf,1,eas_k1_adaptive,eas,1,adaptive,71,3,native,ok,5,0.264586,0.270492,0.3580237927127235,0.0,0.385564084459832,65,70,0.147557,0.412143,extra_commits_extra_time
l2-n128-zipf-w1,main,2,128,zipf,1,eas_k1_adaptive,eas,1,adaptive,71,3,accept_id,ok,2,0.14463699999999996,0.13556700000000002,0.6490611268418972,0.49881327359034644,0.6681511599836495,68,70,0.267506,0.412143,extra_commits_extra_time
l2-n128-zipf-w1,main,2,128,zipf,1,eas_k1_adaptive,eas,1,adaptive,71,3,accept_static_degree,ok,0,0.106292,0.10973000000000002,0.742099222842557,0.5943318101829259,0.7420992228448425,70,70,0.305851,0.412143,baseline_dominates
l2-n128-zipf-w1,main,2,128,zipf,1,eas_k2_adaptive,eas,2,adaptive,71,3,native,ok,3,0.26593500000000003,0.276171,0.3568557553713252,0.0,0.3733260210037264,65,68,0.147557,0.413492,extra_commits_extra_time
l2-n128-zipf-w1,main,2,128,zipf,1,eas_k2_adaptive,eas,2,adaptive,71,3,accept_id,ok,0,0.145986,0.141246,0.6469435926208972,0.4885560033457531,0.6469435926200915,68,68,0.267506,0.413492,baseline_dominates
l2-n128-zipf-w1,main,2,128,zipf,1,eas_k2_adaptive,eas,2,adaptive,71,3,accept_static_degree,ok,-2,0.10764100000000004,0.11540900000000001,0.7396781558047072,0.582110359161534,0.7185444942123109,70,68,0.305851,0.413492,baseline_dominates
l2-n128-zipf-w1,main,2,128,zipf,1,accept_static_degree,accept_static_degree,,greedy,71,3,native,ok,5,0.158294,0.160762,0.48244733546727003,0.0,0.5195586689631198,65,70,0.147557,0.305851,extra_commits_extra_time
l2-n128-zipf-w1,main,2,128,zipf,1,accept_static_degree,accept_static_degree,,greedy,71,3,accept_id,ok,2,0.03834499999999996,0.025837,0.8746284955746426,0.8392841591918488,0.9003528630878865,68,70,0.267506,0.305851,extra_commits_extra_time
l2-n128-zipf-w1,main,2,128,zipf,1,native,native,,native,71,3,accept_id,ok,-3,-0.11994900000000003,-0.134925,1.8128994219183097,,1.7329185650673782,68,65,0.267506,0.147557,tradeoff_or_tie
l2-n128-zipf-w1,main,2,128,zipf,1,native,native,,native,71,3,accept_static_degree,ok,-5,-0.158294,-0.160762,2.072765100944042,,1.924710450882658,70,65,0.305851,0.147557,tradeoff_or_tie
l2-n128-zipf-w1,main,2,128,zipf,1,accept_id,accept_id,,greedy,71,3,native,ok,3,0.11994900000000003,0.134925,0.5516025808766906,0.0,0.5770611615330687,65,68,0.147557,0.267506,extra_commits_extra_time
l2-n128-zipf-w1,main,2,128,zipf,1,accept_id,accept_id,,greedy,71,3,accept_static_degree,ok,-2,-0.03834499999999996,-0.025837,1.1433425792318674,1.191491569390402,1.110675648401183,70,68,0.305851,0.267506,tradeoff_or_tie
l2-n128-zipf-w1,main,2,128,zipf,1,eas_k2_adaptive,eas,2,adaptive,101,1,native,ok,6,0.264818,0.269177,0.3599998066596098,0.0,0.394838497626467,62,68,0.14896,0.413778,extra_commits_extra_time
l2-n128-zipf-w1,main,2,128,zipf,1,eas_k2_adaptive,eas,2,adaptive,101,1,accept_id,ok,1,0.13622199999999995,0.137599,0.6707848169791532,0.48881590923444423,0.6807965306656489,67,68,0.277556,0.413778,extra_commits_extra_time
l2-n128-zipf-w1,main,2,128,zipf,1,eas_k2_adaptive,eas,2,adaptive,101,1,accept_static_degree,ok,-1,0.11238199999999998,0.11016599999999999,0.7284002532759113,0.590730262986808,0.717843727866998,69,68,0.301396,0.413778,baseline_dominates
l2-n128-zipf-w1,main,2,128,zipf,1,eas_k1_adaptive,eas,1,adaptive,101,1,native,ok,7,0.277894,0.283248,0.34897177957802905,0.0,0.38837181920717967,62,69,0.14896,0.426854,extra_commits_extra_time
l2-n128-zipf-w1,main,2,128,zipf,1,eas_k1_adaptive,eas,1,adaptive,101,1,accept_id,ok,2,0.149298,0.15167,0.6502363805891476,0.464532847539965,0.6696464218002612,67,69,0.277556,0.426854,extra_commits_extra_time
l2-n128-zipf-w1,main,2,128,zipf,1,eas_k1_adaptive,eas,1,adaptive,101,1,accept_static_degree,ok,0,0.12545800000000001,0.12423699999999999,0.706086858738585,0.5613843698808112,0.7060868587386745,69,69,0.301396,0.426854,baseline_dominates
l2-n128-zipf-w1,main,2,128,zipf,1,accept_id,accept_id,,greedy,101,1,native,ok,5,0.12859600000000002,0.131578,0.5366844888959345,0.0,0.5799654960644608,62,67,0.14896,0.277556,extra_commits_extra_time
l2-n128-zipf-w1,main,2,128,zipf,1,accept_id,accept_id,,greedy,101,1,accept_static_degree,ok,-2,-0.023839999999999972,-0.027433000000000013,1.0858925766331837,1.2084923011445683,1.054417429485321,69,67,0.301396,0.277556,tradeoff_or_tie
l2-n128-zipf-w1,main,2,128,zipf,1,native,native,,native,101,1,accept_id,ok,-5,-0.12859600000000002,-0.131578,1.8632921589688507,,1.7242405053159475,67,62,0.277556,0.14896,tradeoff_or_tie
l2-n128-zipf-w1,main,2,128,zipf,1,native,native,,native,101,1,accept_static_degree,ok,-7,-0.152436,-0.159011,2.0233351235230934,,1.8180692414297122,69,62,0.301396,0.14896,tradeoff_or_tie
l2-n128-zipf-w1,main,2,128,zipf,1,accept_static_degree,accept_static_degree,,greedy,101,1,native,ok,7,0.152436,0.159011,0.4942335001128084,0.0,0.5500340565762004,62,69,0.14896,0.301396,extra_commits_extra_time
l2-n128-zipf-w1,main,2,128,zipf,1,accept_static_degree,accept_static_degree,,greedy,101,1,accept_id,ok,2,0.023839999999999972,0.027433000000000013,0.9209014054599266,0.8274773443346686,0.9483909996519282,67,69,0.277556,0.301396,extra_commits_extra_time
l2-n128-zipf-w1,main,2,128,zipf,1,accept_id,accept_id,,greedy,101,2,native,ok,5,0.131494,0.139414,0.5312624764729368,0.0,0.5741062245759919,62,67,0.149034,0.280528,extra_commits_extra_time
l2-n128-zipf-w1,main,2,128,zipf,1,accept_id,accept_id,,greedy,101,2,accept_static_degree,ok,-2,-0.02626099999999998,-0.020921999999999996,1.0936127587976956,1.1500710115196464,1.0619138382512292,69,67,0.306789,0.280528,tradeoff_or_tie
l2-n128-zipf-w1,main,2,128,zipf,1,eas_k1_adaptive,eas,1,adaptive,101,2,native,ok,7,0.273884,0.277768,0.3523945540270218,0.0,0.3921810359330165,62,69,0.149034,0.422918,extra_commits_extra_time
l2-n128-zipf-w1,main,2,128,zipf,1,eas_k1_adaptive,eas,1,adaptive,101,2,accept_id,ok,2,0.14239000000000002,0.138354,0.6633153471831419,0.5019080671639642,0.683115805307046,67,69,0.280528,0.422918,extra_commits_extra_time
l2-n128-zipf-w1,main,2,128,zipf,1,eas_k1_adaptive,eas,1,adaptive,101,2,accept_static_degree,ok,0,0.11612900000000004,0.11743200000000001,0.7254101267858071,0.577229918493131,0.7254101267836846,69,69,0.306789,0.422918,baseline_dominates
l2-n128-zipf-w1,main,2,128,zipf,1,native,native,,native,101,2,accept_id,ok,-5,-0.131494,-0.139414,1.8823087349195486,,1.7418379338049388,67,62,0.280528,0.149034,tradeoff_or_tie
l2-n128-zipf-w1,main,2,128,zipf,1,native,native,,native,101,2,accept_static_degree,ok,-7,-0.15775499999999998,-0.160336,2.058516848504368,,1.849681805898393,69,62,0.306789,0.149034,tradeoff_or_tie
l2-n128-zipf-w1,main,2,128,zipf,1,accept_static_degree,accept_static_degree,,greedy,101,2,native,ok,7,0.15775499999999998,0.160336,0.4857866481523132,0.0,0.5406335277836063,62,69,0.149034,0.306789,extra_commits_extra_time
l2-n128-zipf-w1,main,2,128,zipf,1,accept_static_degree,accept_static_degree,,greedy,101,2,accept_id,ok,2,0.02626099999999998,0.020921999999999996,0.9144004511243885,0.8695115257958288,0.9416959869802718,67,69,0.280528,0.306789,extra_commits_extra_time
l2-n128-zipf-w1,main,2,128,zipf,1,eas_k2_adaptive,eas,2,adaptive,101,2,native,ok,6,0.264259,0.269232,0.3606013167413917,0.0,0.39549821836175647,62,68,0.149034,0.413293,extra_commits_extra_time
l2-n128-zipf-w1,main,2,128,zipf,1,eas_k2_adaptive,eas,2,adaptive,101,2,accept_id,ok,1,0.13276500000000002,0.12981800000000002,0.6787630083258124,0.5178210613894336,0.6888937994947765,67,68,0.280528,0.413293,extra_commits_extra_time
l2-n128-zipf-w1,main,2,128,zipf,1,eas_k2_adaptive,eas,2,adaptive,101,2,accept_static_degree,ok,-1,0.10650400000000004,0.10889600000000002,0.742303886105015,0.5955309918583229,0.7315458587689707,69,68,0.306789,0.413293,baseline_dominates
l2-n128-zipf-w1,main,2,128,zipf,1,native,native,,native,101,3,accept_id,ok,-5,-0.131791,-0.136268,1.888732289889474,,1.7477821189974247,67,62,0.280082,0.148291,tradeoff_or_tie
l2-n128-zipf-w1,main,2,128,zipf,1,native,native,,native,101,3,accept_static_degree,ok,-7,-0.162779,-0.17,2.097699792974624,,1.8848896690479668,69,62,0.31107,0.148291,tradeoff_or_tie
l2-n128-zipf-w1,main,2,128,zipf,1,accept_static_degree,accept_static_degree,,greedy,101,3,native,ok,7,0.162779,0.17,0.4767126370270357,0.0,0.5305350315305654,62,69,0.148291,0.31107,extra_commits_extra_time
l2-n128-zipf-w1,main,2,128,zipf,1,accept_static_degree,accept_static_degree,,greedy,101,3,accept_id,ok,2,0.030988000000000016,0.03373200000000001,0.9003825505513228,0.8015764705882352,0.927259641610857,67,69,0.280082,0.31107,extra_commits_extra_time
l2-n128-zipf-w1,main,2,128,zipf,1,eas_k1_adaptive,eas,1,adaptive,101,3,native,ok,7,0.27392299999999997,0.285317,0.3512223659092309,0.0,0.3908765039971524,62,69,0.148291,0.422214,extra_commits_extra_time
l2-n128-zipf-w1,main,2,128,zipf,1,eas_k1_adaptive,eas,1,adaptive,101,3,accept_id,ok,2,0.14213199999999998,0.149049,0.6633650234241404,0.4776021057280148,0.6831669644224484,67,69,0.280082,0.422214,extra_commits_extra_time
l2-n128-zipf-w1,main,2,128,zipf,1,eas_k1_adaptive,eas,1,adaptive,101,3,accept_static_degree,ok,0,0.11114399999999997,0.11531699999999998,0.7367590842558513,0.5958284995285946,0.7367590842578189,69,69,0.31107,0.422214,baseline_dominates
l2-n128-zipf-w1,main,2,128,zipf,1,accept_id,accept_id,,greedy,101,3,native,ok,5,0.131791,0.136268,0.5294556594140287,0.0,0.5721536964651104,62,67,0.148291,0.280082,extra_commits_extra_time
l2-n128-zipf-w1,main,2,128,zipf,1,accept_id,accept_id,,greedy,101,3,accept_static_degree,ok,-2,-0.030988000000000016,-0.03373200000000001,1.1106390271420512,1.2475416091819063,1.0784465915746928,69,67,0.31107,0.280082,tradeoff_or_tie
l2-n128-zipf-w1,main,2,128,zipf,1,eas_k2_adaptive,eas,2,adaptive,101,3,native,ok,6,0.266999,0.270759,0.3570781863276265,0.0,0.39163413984376344,62,68,0.148291,0.41529,extra_commits_extra_time
l2-n128-zipf-w1,main,2,128,zipf,1,eas_k2_adaptive,eas,2,adaptive,101,3,accept_id,ok,1,0.135208,0.13449100000000003,0.6744251005321582,0.5032815160345546,0.6844911468078666,67,68,0.280082,0.41529,extra_commits_extra_time
l2-n128-zipf-w1,main,2,128,zipf,1,eas_k2_adaptive,eas,2,adaptive,101,3,accept_static_degree,ok,-1,0.10421999999999998,0.10075900000000002,0.7490428375352164,0.6278646323852577,0.7381871442379964,69,68,0.31107,0.41529,baseline_dominates
l2-n32-zipf-w1,smoke_parallel,2,32,zipf,1,accept_id,accept_id,,greedy,11,1,native,ok,0,0.043220999999999996,0.042572,0.5087964541425163,0.0,0.5087964541416929,23,23,0.044769,0.08799,baseline_dominates
l2-n32-zipf-w1,smoke_parallel,2,32,zipf,1,accept_id,accept_id,,greedy,11,1,accept_static_degree,ok,-1,-0.0065769999999999995,-0.007553000000000004,1.0747471303557223,1.1774170816499108,1.0299659999214674,24,23,0.094567,0.08799,tradeoff_or_tie
l2-n32-zipf-w1,smoke_parallel,2,32,zipf,1,native,native,,native,11,1,accept_id,ok,0,-0.043220999999999996,-0.042572,1.9654225021778462,,1.9654225021810265,23,23,0.08799,0.044769,variant_dominates
l2-n32-zipf-w1,smoke_parallel,2,32,zipf,1,native,native,,native,11,1,accept_static_degree,ok,-1,-0.049797999999999995,-0.050125,2.1123321941522035,,2.0243183527270334,24,23,0.094567,0.044769,tradeoff_or_tie
l2-n32-zipf-w1,smoke_parallel,2,32,zipf,1,eas_k1_adaptive,eas,1,adaptive,11,1,native,ok,1,0.068285,0.070301,0.3959966033930688,0.0,0.4132138470185203,23,24,0.044769,0.113054,extra_commits_extra_time
l2-n32-zipf-w1,smoke_parallel,2,32,zipf,1,eas_k1_adaptive,eas,1,adaptive,11,1,accept_id,ok,1,0.025064000000000003,0.027729000000000004,0.7783006350947335,0.6055674883714314,0.8121397931429881,23,24,0.08799,0.113054,extra_commits_extra_time
l2-n32-zipf-w1,smoke_parallel,2,32,zipf,1,eas_k1_adaptive,eas,1,adaptive,11,1,accept_static_degree,ok,0,0.018487000000000003,0.020176,0.836476374122101,0.7130055049003571,0.8364763741205314,24,24,0.094567,0.113054,baseline_dominates
l2-n32-zipf-w1,smoke_parallel,2,32,zipf,1,eas_k2_adaptive,eas,2,adaptive,11,1,native,ok,-1,0.069367,0.070022,0.3922425877900049,0.0,0.3751885622345539,23,22,0.044769,0.114136,baseline_dominates
l2-n32-zipf-w1,smoke_parallel,2,32,zipf,1,eas_k2_adaptive,eas,2,adaptive,11,1,accept_id,ok,-1,0.026146000000000003,0.027450000000000002,0.770922408354945,0.607980349033161,0.7374040427767387,23,22,0.08799,0.114136,baseline_dominates
l2-n32-zipf-w1,smoke_parallel,2,32,zipf,1,eas_k2_adaptive,eas,2,adaptive,11,1,accept_static_degree,ok,-2,0.019569000000000003,0.019896999999999998,0.8285466461063994,0.7158464482591186,0.7595010922646761,24,22,0.094567,0.114136,baseline_dominates
l2-n32-zipf-w1,smoke_parallel,2,32,zipf,1,accept_static_degree,accept_static_degree,,greedy,11,1,native,ok,1,0.049797999999999995,0.050125,0.4734103862869712,0.0,0.49399344656084526,23,24,0.044769,0.094567,extra_commits_extra_time
l2-n32-zipf-w1,smoke_parallel,2,32,zipf,1,accept_static_degree,accept_static_degree,,greedy,11,1,accept_id,ok,1,0.0065769999999999995,0.007553000000000004,0.9304514259731196,0.8493167082294264,0.9709058358006456,23,24,0.08799,0.094567,extra_commits_extra_time
l2-n32-zipf-w1,smoke_parallel,2,32,zipf,1,eas_k2_adaptive,eas,2,adaptive,11,2,native,ok,-1,0.065292,0.070617,0.4167597166516298,0.0,0.39863972897099803,23,22,0.046655,0.111947,baseline_dominates
l2-n32-zipf-w1,smoke_parallel,2,32,zipf,1,eas_k2_adaptive,eas,2,adaptive,11,2,accept_id,ok,-1,0.024624000000000007,0.028578,0.7800387683457349,0.5953099112111815,0.7461240392864184,23,22,0.087323,0.111947,baseline_dominates
l2-n32-zipf-w1,smoke_parallel,2,32,zipf,1,eas_k2_adaptive,eas,2,adaptive,11,2,accept_static_degree,ok,-2,0.018616000000000008,0.022276999999999998,0.8337070220729452,0.6845377175467664,0.7642314368997662,24,22,0.093331,0.111947,baseline_dominates
l2-n32-zipf-w1,smoke_parallel,2,32,zipf,1,native,native,,native,11,2,accept_id,ok,0,-0.040667999999999996,-0.042039,1.8716750616225484,,1.8716750616211175,23,23,0.087323,0.046655,variant_dominates
l2-n32-zipf-w1,smoke_parallel,2,32,zipf,1,native,native,,native,11,2,accept_static_degree,ok,-1,-0.046675999999999995,-0.04834,2.000450112528132,,1.9170980245056455,24,23,0.093331,0.046655,tradeoff_or_tie
l2-n32-zipf-w1,smoke_parallel,2,32,zipf,1,accept_id,accept_id,,greedy,11,2,native,ok,0,0.040667999999999996,0.042039,0.5342807736793285,0.0,0.5342807736797369,23,23,0.046655,0.087323,baseline_dominates
l2-n32-zipf-w1,smoke_parallel,2,32,zipf,1,accept_id,accept_id,,greedy,11,2,accept_static_degree,ok,-1,-0.0060079999999999995,-0.006301000000000001,1.06880203382843,1.1498846309379387,1.0242686157527716,24,23,0.093331,0.087323,tradeoff_or_tie
l2-n32-zipf-w1,smoke_parallel,2,32,zipf,1,accept_static_degree,accept_static_degree,,greedy,11,2,native,ok,1,0.046675999999999995,0.04834,0.4998874971874297,0.0,0.5216217361957097,23,24,0.046655,0.093331,extra_commits_extra_time
l2-n32-zipf-w1,smoke_parallel,2,32,zipf,1,accept_static_degree,accept_static_degree,,greedy,11,2,accept_id,ok,1,0.0060079999999999995,0.006301000000000001,0.935626962102624,0.8696524617294166,0.9763063952370192,23,24,0.087323,0.093331,extra_commits_extra_time
l2-n32-zipf-w1,smoke_parallel,2,32,zipf,1,eas_k1_adaptive,eas,1,adaptive,11,2,native,ok,1,0.066164,0.069363,0.4135384997207917,0.0,0.43151843449165744,23,24,0.046655,0.112819,extra_commits_extra_time
l2-n32-zipf-w1,smoke_parallel,2,32,zipf,1,eas_k1_adaptive,eas,1,adaptive,11,2,accept_id,ok,1,0.025496000000000005,0.027323999999999994,0.7740096969482091,0.6060724017127287,0.8076622924678211,23,24,0.087323,0.112819,extra_commits_extra_time
l2-n32-zipf-w1,smoke_parallel,2,32,zipf,1,eas_k1_adaptive,eas,1,adaptive,11,2,accept_static_degree,ok,0,0.019488000000000005,0.021022999999999993,0.8272631383011726,0.6969133399651112,0.8272631383017253,24,24,0.093331,0.112819,baseline_dominates
l2-n32-zipf-w1,smoke_parallel,2,32,zipf,1,accept_id,accept_id,,greedy,11,3,native,ok,0,0.038785999999999994,0.042096,0.5331262939958593,0.0,0.533126293996822,23,23,0.04429,0.083076,baseline_dominates
l2-n32-zipf-w1,smoke_parallel,2,32,zipf,1,accept_id,accept_id,,greedy,11,3,accept_static_degree,ok,-1,-0.013451000000000005,-0.007530999999999996,1.161911984207232,1.1789006081337894,1.1134989848658972,24,23,0.096527,0.083076,tradeoff_or_tie
l2-n32-zipf-w1,smoke_parallel,2,32,zipf,1,native,native,,native,11,3,accept_id,ok,0,-0.038785999999999994,-0.042096,1.8757281553398055,,1.8757281553364182,23,23,0.083076,0.04429,variant_dominates
l2-n32-zipf-w1,smoke_parallel,2,32,zipf,1,native,native,,native,11,3,accept_static_degree,ok,-1,-0.052237,-0.049627,2.179431022804245,,2.088621396851484,24,23,0.096527,0.04429,tradeoff_or_tie
l2-n32-zipf-w1,smoke_parallel,2,32,zipf,1,eas_k1_adaptive,eas,1,adaptive,11,3,native,ok,1,0.07161000000000001,0.070682,0.3821397756686799,0.0,0.39875454852423636,23,24,0.04429,0.1159,extra_commits_extra_time
l2-n32-zipf-w1,smoke_parallel,2,32,zipf,1,eas_k1_adaptive,eas,1,adaptive,11,3,accept_id,ok,1,0.032824000000000006,0.028585999999999993,0.7167903364969801,0.5955688859964348,0.7479551337353721,23,24,0.083076,0.1159,extra_commits_extra_time
l2-n32-zipf-w1,smoke_parallel,2,32,zipf,1,eas_k1_adaptive,eas,1,adaptive,11,3,accept_static_degree,ok,0,0.019373,0.021054999999999997,0.8328472821397757,0.7021165218867604,0.8328472821395733,24,24,0.096527,0.1159,baseline_dominates
l2-n32-zipf-w1,smoke_parallel,2,32,zipf,1,eas_k2_adaptive,eas,2,adaptive,11,3,native,ok,-1,0.06998199999999999,0.069879,0.3875840100812098,0.0,0.370732531381679,23,22,0.04429,0.114272,baseline_dominates
l2-n32-zipf-w1,smoke_parallel,2,32,zipf,1,eas_k2_adaptive,eas,2,adaptive,11,3,accept_id,ok,-1,0.031196,0.027782999999999995,0.7270022402688322,0.6024127420255013,0.6953934472117576,23,22,0.083076,0.114272,baseline_dominates
l2-n32-zipf-w1,smoke_parallel,2,32,zipf,1,eas_k2_adaptive,eas,2,adaptive,11,3,accept_static_degree,ok,-2,0.017744999999999997,0.020252,0.8447126155138617,0.710184747921407,0.7743198975526889,24,22,0.096527,0.114272,baseline_dominates
l2-n32-zipf-w1,smoke_parallel,2,32,zipf,1,accept_static_degree,accept_static_degree,,greedy,11,3,native,ok,1,0.052237,0.049627,0.4588353517668632,0.0,0.4787847148877539,23,24,0.04429,0.096527,extra_commits_extra_time
l2-n32-zipf-w1,smoke_parallel,2,32,zipf,1,accept_static_degree,accept_static_degree,,greedy,11,3,accept_id,ok,1,0.013451000000000005,0.007530999999999996,0.8606503879743491,0.8482479295544765,0.8980699700596797,23,24,0.083076,0.096527,extra_commits_extra_time
l2-n32-zipf-w1,smoke_parallel,2,32,zipf,1,accept_static_degree,accept_static_degree,,greedy,29,1,native,ok,0,0.057063,0.049299,0.44802669762042946,0.0,0.4480266976208454,24,24,0.046317,0.10338,baseline_dominates
l2-n32-zipf-w1,smoke_parallel,2,32,zipf,1,accept_static_degree,accept_static_degree,,greedy,29,1,accept_id,ok,0,0.013899999999999996,0.006601000000000003,0.865544592764558,0.8661027607050853,0.8655445927648766,24,24,0.08948,0.10338,baseline_dominates
l2-n32-zipf-w1,smoke_parallel,2,32,zipf,1,eas_k2_adaptive,eas,2,adaptive,29,1,native,ok,0,0.06787800000000001,0.069239,0.4055956915801917,0.0,0.40559569157987807,24,24,0.046317,0.114195,baseline_dominates
l2-n32-zipf-w1,smoke_parallel,2,32,zipf,1,eas_k2_adaptive,eas,2,adaptive,29,1,accept_id,ok,0,0.024715,0.026540999999999995,0.7835719602434432,0.6166755730152083,0.7835719602423983,24,24,0.08948,0.114195,baseline_dominates
l2-n32-zipf-w1,smoke_parallel,2,32,zipf,1,eas_k2_adaptive,eas,2,adaptive,29,1,accept_static_degree,ok,0,0.010815000000000005,0.019939999999999992,0.9052935767765664,0.7120120163491674,0.9052935767750258,24,24,0.10338,0.114195,baseline_dominates
l2-n32-zipf-w1,smoke_parallel,2,32,zipf,1,accept_id,accept_id,,greedy,29,1,native,ok,0,0.04316300000000001,0.042698,0.517624050067054,0.0,0.517624050067344,24,24,0.046317,0.08948,baseline_dominates
l2-n32-zipf-w1,smoke_parallel,2,32,zipf,1,accept_id,accept_id,,greedy,29,1,accept_static_degree,ok,0,-0.013899999999999996,-0.006601000000000003,1.1553419758605274,1.1545974050306806,1.155341975860102,24,24,0.10338,0.08948,variant_dominates
l2-n32-zipf-w1,smoke_parallel,2,32,zipf,1,eas_k1_adaptive,eas,1,adaptive,29,1,native,ok,0,0.069228,0.070764,0.40085680903544074,0.0,0.4008568090357791,24,24,0.046317,0.115545,baseline_dominates
l2-n32-zipf-w1,smoke_parallel,2,32,zipf,1,eas_k1_adaptive,eas,1,adaptive,29,1,accept_id,ok,0,0.02606499999999999,0.028065999999999994,0.7744168938508806,0.6033859024362671,0.7744168938511005,24,24,0.08948,0.115545,baseline_dominates
l2-n32-zipf-w1,smoke_parallel,2,32,zipf,1,eas_k1_adaptive,eas,1,adaptive,29,1,accept_static_degree,ok,0,0.012164999999999995,0.02146499999999999,0.8947163442814489,0.6966677971850094,0.8947163442813734,24,24,0.10338,0.115545,baseline_dominates
l2-n32-zipf-w1,smoke_parallel,2,32,zipf,1,native,native,,native,29,1,accept_id,ok,0,-0.04316300000000001,-0.042698,1.9319040525077187,,1.9319040525066362,24,24,0.08948,0.046317,variant_dominates
l2-n32-zipf-w1,smoke_parallel,2,32,zipf,1,native,native,,native,29,1,accept_static_degree,ok,0,-0.057063,-0.049299,2.232009845197228,,2.2320098451951558,24,24,0.10338,0.046317,variant_dominates
l2-n32-zipf-w1,smoke_parallel,2,32,zipf,1,native,native,,native,29,2,accept_id,ok,0,-0.048520999999999995,-0.04521,2.14003430370527,,2.1400343037098253,24,24,0.091082,0.042561,variant_dominates
l2-n32-zipf-w1,smoke_parallel,2,32,zipf,1,native,native,,native,29,2,accept_static_degree,ok,0,-0.055411,-0.052144,2.301919597753812,,2.301919597750841,24,24,0.097972,0.042561,variant_dominates
l2-n32-zipf-w1,smoke_parallel,2,32,zipf,1,eas_k1_adaptive,eas,1,adaptive,29,2,native,ok,0,0.074942,0.071967,0.3622120286290563,0.0,0.3622120286294485,24,24,0.042561,0.117503,baseline_dominates
l2-n32-zipf-w1,smoke_parallel,2,32,zipf,1,eas_k1_adaptive,eas,1,adaptive,29,2,accept_id,ok,0,0.026421,0.026757000000000003,0.7751461664808558,0.6282045937721455,0.775146166483345,24,24,0.091082,0.117503,baseline_dominates
l2-n32-zipf-w1,smoke_parallel,2,32,zipf,1,eas_k1_adaptive,eas,1,adaptive,29,2,accept_static_degree,ok,0,0.019530999999999993,0.019823,0.8337829672433896,0.7245543096141287,0.8337829672432163,24,24,0.097972,0.117503,baseline_dominates
l2-n32-zipf-w1,smoke_parallel,2,32,zipf,1,accept_id,accept_id,,greedy,29,2,native,ok,0,0.048520999999999995,0.04521,0.4672822292000615,0.0,0.46728222919906687,24,24,0.042561,0.091082,baseline_dominates
l2-n32-zipf-w1,smoke_parallel,2,32,zipf,1,accept_id,accept_id,,greedy,29,2,accept_static_degree,ok,0,-0.006890000000000007,-0.006934000000000003,1.0756461210777102,1.1533731475337314,1.0756461210740325,24,24,0.097972,0.091082,variant_dominates
l2-n32-zipf-w1,smoke_parallel,2,32,zipf,1,accept_static_degree,accept_static_degree,,greedy,29,2,native,ok,0,0.055411,0.052144,0.43442003837831217,0.0,0.43442003837887283,24,24,0.042561,0.097972,baseline_dominates
l2-n32-zipf-w1,smoke_parallel,2,32,zipf,1,accept_static_degree,accept_static_degree,,greedy,29,2,accept_id,ok,0,0.006890000000000007,0.006934000000000003,0.9296737843465479,0.867022092666462,0.9296737843497266,24,24,0.091082,0.097972,baseline_dominates
l2-n32-zipf-w1,smoke_parallel,2,32,zipf,1,eas_k2_adaptive,eas,2,adaptive,29,2,native,ok,0,0.074747,0.070742,0.3628141303235926,0.0,0.362814130323562,24,24,0.042561,0.117308,baseline_dominates
l2-n32-zipf-w1,smoke_parallel,2,32,zipf,1,eas_k2_adaptive,eas,2,adaptive,29,2,accept_id,ok,0,0.026226,0.025532,0.7764346847614826,0.6390828644935116,0.7764346847630699,24,24,0.091082,0.117308,baseline_dominates
l2-n32-zipf-w1,smoke_parallel,2,32,zipf,1,eas_k2_adaptive,eas,2,adaptive,29,2,accept_static_degree,ok,0,0.019335999999999992,0.018597999999999996,0.8351689569338835,0.7371010149557548,0.8351689569327352,24,24,0.097972,0.117308,baseline_dominates
l2-n32-zipf-w1,smoke_parallel,2,32,zipf,1,eas_k2_adaptive,eas,2,adaptive,29,3,native,ok,0,0.07245599999999999,0.071389,0.3868286986104294,0.0,0.3868286986110015,24,24,0.04571,0.118166,baseline_dominates
l2-n32-zipf-w1,smoke_parallel,2,32,zipf,1,eas_k2_adaptive,eas,2,adaptive,29,3,accept_id,ok,0,0.03158699999999999,0.030911999999999995,0.7326896061472844,0.5669921136309516,0.7326896061479019,24,24,0.086579,0.118166,baseline_dominates
l2-n32-zipf-w1,smoke_parallel,2,32,zipf,1,eas_k2_adaptive,eas,2,adaptive,29,3,accept_static_degree,ok,0,0.02151099999999999,0.020484999999999996,0.8179594807304978,0.71305103027077,0.8179594807320817,24,24,0.096655,0.118166,baseline_dominates
l2-n32-zipf-w1,smoke_parallel,2,32,zipf,1,native,native,,native,29,3,accept_id,ok,0,-0.040869,-0.040477,1.8940931962371472,,1.8940931962359422,24,24,0.086579,0.04571,variant_dominates
l2-n32-zipf-w1,smoke_parallel,2,32,zipf,1,native,native,,native,29,3,accept_static_degree,ok,0,-0.050945000000000004,-0.050904,2.114526361846423,,2.1145263618473904,24,24,0.096655,0.04571,variant_dominates
l2-n32-zipf-w1,smoke_parallel,2,32,zipf,1,eas_k1_adaptive,eas,1,adaptive,29,3,native,ok,0,0.071507,0.071848,0.3899605006099798,0.0,0.3899605006094151,24,24,0.04571,0.117217,baseline_dominates
l2-n32-zipf-w1,smoke_parallel,2,32,zipf,1,eas_k1_adaptive,eas,1,adaptive,29,3,accept_id,ok,0,0.030638,0.031370999999999996,0.7386215310065947,0.5633698919942101,0.7386215310050552,24,24,0.086579,0.117217,baseline_dominates
l2-n32-zipf-w1,smoke_parallel,2,32,zipf,1,eas_k1_adaptive,eas,1,adaptive,29,3,accept_static_degree,ok,0,0.020561999999999997,0.020943999999999997,0.8245817586186305,0.7084957131722526,0.8245817586178136,24,24,0.096655,0.117217,baseline_dominates
l2-n32-zipf-w1,smoke_parallel,2,32,zipf,1,accept_static_degree,accept_static_degree,,greedy,29,3,native,ok,0,0.050945000000000004,0.050904,0.4729191454141017,0.0,0.47291914541388536,24,24,0.04571,0.096655,baseline_dominates
l2-n32-zipf-w1,smoke_parallel,2,32,zipf,1,accept_static_degree,accept_static_degree,,greedy,29,3,accept_id,ok,0,0.010076000000000002,0.010426999999999999,0.895752935699136,0.7951634449159202,0.8957529356981565,24,24,0.086579,0.096655,baseline_dominates
l2-n32-zipf-w1,smoke_parallel,2,32,zipf,1,accept_id,accept_id,,greedy,29,3,native,ok,0,0.040869,0.040477,0.5279571258619296,0.0,0.5279571258622654,24,24,0.04571,0.086579,baseline_dominates
l2-n32-zipf-w1,smoke_parallel,2,32,zipf,1,accept_id,accept_id,,greedy,29,3,accept_static_degree,ok,0,-0.010076000000000002,-0.010426999999999999,1.11637926055972,1.257603083232453,1.1163792605609408,24,24,0.096655,0.086579,variant_dominates
l2-n32-zipf-w1,smoke_parallel,2,32,zipf,1,eas_k2_adaptive,eas,2,adaptive,47,1,native,ok,-1,0.076364,0.077021,0.36927308318122126,0.0,0.3498376577497889,19,18,0.044709,0.121073,baseline_dominates
l2-n32-zipf-w1,smoke_parallel,2,32,zipf,1,eas_k2_adaptive,eas,2,adaptive,47,1,accept_id,ok,-1,0.035611000000000004,0.035327000000000004,0.7058716642025885,0.5413328832396359,0.6687205239788102,19,18,0.085462,0.121073,baseline_dominates
l2-n32-zipf-w1,smoke_parallel,2,32,zipf,1,eas_k2_adaptive,eas,2,adaptive,47,1,accept_static_degree,ok,-1,0.029766,0.027001000000000004,0.754148323738571,0.6494332714454499,0.7144563066969375,19,18,0.091307,0.121073,baseline_dominates
l2-n32-zipf-w1,smoke_parallel,2,32,zipf,1,accept_id,accept_id,,greedy,47,1,native,ok,0,0.040753,0.041694,0.5231447894970864,0.0,0.5231447894978535,19,19,0.044709,0.085462,baseline_dominates
l2-n32-zipf-w1,smoke_parallel,2,32,zipf,1,accept_id,accept_id,,greedy,47,1,accept_static_degree,ok,0,-0.005845000000000003,-0.008326,1.0683929699749597,1.1996930013910874,1.0683929699749675,19,19,0.091307,0.085462,variant_dominates
l2-n32-zipf-w1,smoke_parallel,2,32,zipf,1,eas_k1_adaptive,eas,1,adaptive,47,1,native,ok,0,0.077503,0.07869,0.3658315059077668,0.0,0.36583150590776414,19,19,0.044709,0.122212,baseline_dominates
l2-n32-zipf-w1,smoke_parallel,2,32,zipf,1,eas_k1_adaptive,eas,1,adaptive,47,1,accept_id,ok,0,0.036750000000000005,0.036995999999999994,0.6992930317808398,0.5298513152878384,0.6992930317798094,19,19,0.085462,0.122212,baseline_dominates
l2-n32-zipf-w1,smoke_parallel,2,32,zipf,1,eas_k1_adaptive,eas,1,adaptive,47,1,accept_static_degree,ok,0,0.030905000000000002,0.028669999999999994,0.7471197591071254,0.6356589147286822,0.7471197591060299,19,19,0.091307,0.122212,baseline_dominates
l2-n32-zipf-w1,smoke_parallel,2,32,zipf,1,native,native,,native,47,1,accept_id,ok,0,-0.040753,-0.041694,1.9115166968619293,,1.9115166968591266,19,19,0.085462,0.044709,variant_dominates
l2-n32-zipf-w1,smoke_parallel,2,32,zipf,1,native,native,,native,47,1,accept_static_degree,ok,0,-0.046598,-0.05002,2.0422510009170414,,2.042251000914062,19,19,0.091307,0.044709,variant_dominates
l2-n32-zipf-w1,smoke_parallel,2,32,zipf,1,accept_static_degree,accept_static_degree,,greedy,47,1,native,ok,0,0.046598,0.05002,0.48965577666553495,0.0,0.4896557766662493,19,19,0.044709,0.091307,baseline_dominates
l2-n32-zipf-w1,smoke_parallel,2,32,zipf,1,accept_static_degree,accept_static_degree,,greedy,47,1,accept_id,ok,0,0.005845000000000003,0.008326,0.935985192811066,0.8335465813674531,0.9359851928110591,19,19,0.085462,0.091307,baseline_dominates
l2-n32-zipf-w1,smoke_parallel,2,32,zipf,1,eas_k2_adaptive,eas,2,adaptive,47,2,native,ok,-1,0.080656,0.080022,0.35616842945519855,0.0,0.3374227226418513,19,18,0.044619,0.125275,baseline_dominates
l2-n32-zipf-w1,smoke_parallel,2,32,zipf,1,eas_k2_adaptive,eas,2,adaptive,47,2,accept_id,ok,-1,0.038315,0.036697999999999995,0.6941528636998603,0.5414011146934593,0.6576185024510066,19,18,0.08696,0.125275,baseline_dominates
l2-n32-zipf-w1,smoke_parallel,2,32,zipf,1,eas_k2_adaptive,eas,2,adaptive,47,2,accept_static_degree,ok,-1,0.033657999999999993,0.031597999999999994,0.7313270804230693,0.6051335882632277,0.6928361814543972,19,18,0.091617,0.125275,baseline_dominates
l2-n32-zipf-w1,smoke_parallel,2,32,zipf,1,eas_k1_adaptive,eas,1,adaptive,47,2,native,ok,0,0.07655300000000001,0.076849,0.36822863367774733,0.0,0.3682286336771011,19,19,0.044619,0.121172,baseline_dominates
l2-n32-zipf-w1,smoke_parallel,2,32,zipf,1,eas_k1_adaptive,eas,1,adaptive,47,2,accept_id,ok,0,0.034212000000000006,0.033525,0.7176575446472782,0.5637548959648141,0.7176575446442107,19,19,0.08696,0.121172,baseline_dominates
l2-n32-zipf-w1,smoke_parallel,2,32,zipf,1,eas_k1_adaptive,eas,1,adaptive,47,2,accept_static_degree,ok,0,0.029554999999999998,0.028425,0.756090515960783,0.6301188044086455,0.7560905159603184,19,19,0.091617,0.121172,baseline_dominates
l2-n32-zipf-w1,smoke_parallel,2,32,zipf,1,native,native,,native,47,2,accept_id,ok,0,-0.042341,-0.043324,1.948945516484009,,1.948945516479099,19,19,0.08696,0.044619,variant_dominates
l2-n32-zipf-w1,smoke_parallel,2,32,zipf,1,native,native,,native,47,2,accept_static_degree,ok,0,-0.046998000000000005,-0.048424,2.0533180931890005,,2.053318093191342,19,19,0.091617,0.044619,variant_dominates
l2-n32-zipf-w1,smoke_parallel,2,32,zipf,1,accept_static_degree,accept_static_degree,,greedy,47,2,native,ok,0,0.046998000000000005,0.048424,0.48701660172238775,0.0,0.4870166017218323,19,19,0.044619,0.091617,baseline_dominates
l2-n32-zipf-w1,smoke_parallel,2,32,zipf,1,accept_static_degree,accept_static_degree,,greedy,47,2,accept_id,ok,0,0.004657000000000008,0.0051,0.9491688223801259,0.894680323806377,0.9491688223766521,19,19,0.08696,0.091617,baseline_dominates
l2-n32-zipf-w1,smoke_parallel,2,32,zipf,1,accept_id,accept_id,,greedy,47,2,native,ok,0,0.042341,0.043324,0.5130979760809568,0.0,0.5130979760822495,19,19,0.044619,0.08696,baseline_dominates
l2-n32-zipf-w1,smoke_parallel,2,32,zipf,1,accept_id,accept_id,,greedy,47,2,accept_static_degree,ok,0,-0.004657000000000008,-0.0051,1.0535533578656855,1.1177176622657188,1.0535533578695413,19,19,0.091617,0.08696,variant_dominates
l2-n32-zipf-w1,smoke_parallel,2,32,zipf,1,eas_k1_adaptive,eas,1,adaptive,47,3,native,ok,0,0.07755600000000001,0.078601,0.36670885559139343,0.0,0.3667088555907789,19,19,0.044909,0.122465,baseline_dominates
l2-n32-zipf-w1,smoke_parallel,2,32,zipf,1,eas_k1_adaptive,eas,1,adaptive,47,3,accept_id,ok,0,0.036079,0.036726,0.705393377699751,0.5327540362081907,0.7053933776989538,19,19,0.086386,0.122465,baseline_dominates
l2-n32-zipf-w1,smoke_parallel,2,32,zipf,1,eas_k1_adaptive,eas,1,adaptive,47,3,accept_static_degree,ok,0,0.029322,0.029949000000000003,0.7605683256440615,0.618974313303902,0.7605683256441648,19,19,0.093143,0.122465,baseline_dominates
l2-n32-zipf-w1,smoke_parallel,2,32,zipf,1,native,native,,native,47,3,accept_id,ok,0,-0.04147700000000001,-0.041875,1.923578792669621,,1.9235787926706707,19,19,0.086386,0.044909,variant_dominates
l2-n32-zipf-w1,smoke_parallel,2,32,zipf,1,native,native,,native,47,3,accept_static_degree,ok,0,-0.048234000000000006,-0.048652,2.0740386114141933,,2.0740386114179503,19,19,0.093143,0.044909,variant_dominates
l2-n32-zipf-w1,smoke_parallel,2,32,zipf,1,accept_id,accept_id,,greedy,47,3,native,ok,0,0.04147700000000001,0.041875,0.5198643298682656,0.0,0.5198643298679819,19,19,0.044909,0.086386,baseline_dominates
l2-n32-zipf-w1,smoke_parallel,2,32,zipf,1,accept_id,accept_id,,greedy,47,3,accept_static_degree,ok,0,-0.006756999999999999,-0.006776999999999998,1.0782186928437478,1.1618388059701492,1.0782186928451125,19,19,0.093143,0.086386,variant_dominates
l2-n32-zipf-w1,smoke_parallel,2,32,zipf,1,accept_static_degree,accept_static_degree,,greedy,47,3,native,ok,0,0.048234000000000006,0.048652,0.48215110099524383,0.0,0.4821511009943704,19,19,0.044909,0.093143,baseline_dominates
l2-n32-zipf-w1,smoke_parallel,2,32,zipf,1,accept_static_degree,accept_static_degree,,greedy,47,3,accept_id,ok,0,0.006756999999999999,0.006776999999999998,0.9274556327367596,0.8607045959056154,0.9274556327355856,19,19,0.086386,0.093143,baseline_dominates
l2-n32-zipf-w1,smoke_parallel,2,32,zipf,1,eas_k2_adaptive,eas,2,adaptive,47,3,native,ok,-1,0.076791,0.076112,0.3690139687756779,0.0,0.3495921809443648,19,18,0.044909,0.1217,baseline_dominates
l2-n32-zipf-w1,smoke_parallel,2,32,zipf,1,eas_k2_adaptive,eas,2,adaptive,47,3,accept_id,ok,-1,0.035314,0.034237,0.7098274445357436,0.5501760563380282,0.6724681053480679,19,18,0.086386,0.1217,baseline_dominates
l2-n32-zipf-w1,smoke_parallel,2,32,zipf,1,eas_k2_adaptive,eas,2,adaptive,47,3,accept_static_degree,ok,-1,0.028557,0.02746,0.7653492193919474,0.6392158923691402,0.7250676815284233,19,18,0.093143,0.1217,baseline_dominates
l2-n32-zipf-w1,smoke_parallel,2,32,zipf,1,native,native,,native,71,1,accept_id,ok,0,-0.038995,-0.041297,1.8754658524538639,,1.875465852451951,20,20,0.083537,0.044542,variant_dominates
l2-n32-zipf-w1,smoke_parallel,2,32,zipf,1,native,native,,native,71,1,accept_static_degree,ok,0,-0.04686800000000001,-0.047165,2.0522203762740787,,2.0522203762770683,20,20,0.09141,0.044542,variant_dominates
l2-n32-zipf-w1,smoke_parallel,2,32,zipf,1,accept_static_degree,accept_static_degree,,greedy,71,1,native,ok,0,0.04686800000000001,0.047165,0.48727710316157963,0.0,0.4872771031608698,20,20,0.044542,0.09141,baseline_dominates
l2-n32-zipf-w1,smoke_parallel,2,32,zipf,1,accept_static_degree,accept_static_degree,,greedy,71,1,accept_id,ok,0,0.007873000000000005,0.005867999999999998,0.9138715676621814,0.8755857097423938,0.9138715676599178,20,20,0.083537,0.09141,baseline_dominates
l2-n32-zipf-w1,smoke_parallel,2,32,zipf,1,accept_id,accept_id,,greedy,71,1,native,ok,0,0.038995,0.041297,0.5332008571052348,0.0,0.5332008571057787,20,20,0.044542,0.083537,baseline_dominates
l2-n32-zipf-w1,smoke_parallel,2,32,zipf,1,accept_id,accept_id,,greedy,71,1,accept_static_degree,ok,0,-0.007873000000000005,-0.005867999999999998,1.094245663598166,1.142092645954912,1.0942456636008764,20,20,0.09141,0.083537,variant_dominates
l2-n32-zipf-w1,smoke_parallel,2,32,zipf,1,eas_k1_adaptive,eas,1,adaptive,71,1,native,ok,0,0.073829,0.077305,0.3762914903143506,0.0,0.37629149031437925,20,20,0.044542,0.118371,baseline_dominates
l2-n32-zipf-w1,smoke_parallel,2,32,zipf,1,eas_k1_adaptive,eas,1,adaptive,71,1,accept_id,ok,0,0.034834000000000004,0.036008,0.7057218406535384,0.5342086540327275,0.7057218406528724,20,20,0.083537,0.118371,baseline_dominates
l2-n32-zipf-w1,smoke_parallel,2,32,zipf,1,eas_k1_adaptive,eas,1,adaptive,71,1,accept_static_degree,ok,0,0.026961,0.03014,0.7722330638416505,0.6101157751762499,0.7722330638428342,20,20,0.09141,0.118371,baseline_dominates
l2-n32-zipf-w1,smoke_parallel,2,32,zipf,1,eas_k2_adaptive,eas,2,adaptive,71,1,native,ok,-2,0.075875,0.076687,0.36989793799878756,0.0,0.33290814419837866,20,18,0.044542,0.120417,baseline_dominates
l2-n32-zipf-w1,smoke_parallel,2,32,zipf,1,eas_k2_adaptive,eas,2,adaptive,71,1,accept_id,ok,-2,0.036879999999999996,0.035390000000000005,0.6937309516098226,0.5385136985408218,0.6243578564472092,20,18,0.083537,0.120417,baseline_dominates
l2-n32-zipf-w1,smoke_parallel,2,32,zipf,1,eas_k2_adaptive,eas,2,adaptive,71,1,accept_static_degree,ok,-2,0.02900699999999999,0.029522000000000007,0.7591120855028776,0.6150325348494529,0.6832008769524971,20,18,0.09141,0.120417,baseline_dominates
l2-n32-zipf-w1,smoke_parallel,2,32,zipf,1,eas_k1_adaptive,eas,1,adaptive,71,2,native,ok,0,0.078758,0.077856,0.3577329255861366,0.0,0.35773292558550884,20,20,0.043867,0.122625,baseline_dominates
l2-n32-zipf-w1,smoke_parallel,2,32,zipf,1,eas_k1_adaptive,eas,1,adaptive,71,2,accept_id,ok,0,0.035587999999999995,0.035927999999999995,0.7097818552497452,0.5385326757090013,0.7097818552500605,20,20,0.087037,0.122625,baseline_dominates
l2-n32-zipf-w1,smoke_parallel,2,32,zipf,1,eas_k1_adaptive,eas,1,adaptive,71,2,accept_static_degree,ok,0,0.030315999999999996,0.029715999999999992,0.7527747196738023,0.6183210028771066,0.7527747196718142,20,20,0.092309,0.122625,baseline_dominates
l2-n32-zipf-w1,smoke_parallel,2,32,zipf,1,accept_id,accept_id,,greedy,71,2,native,ok,0,0.04317,0.041928,0.5040040442570402,0.0,0.5040040442559318,20,20,0.043867,0.087037,baseline_dominates
l2-n32-zipf-w1,smoke_parallel,2,32,zipf,1,accept_id,accept_id,,greedy,71,2,accept_static_degree,ok,0,-0.005271999999999999,-0.006212000000000002,1.060571940668911,1.1481587483304714,1.0605719406656386,20,20,0.092309,0.087037,variant_dominates
l2-n32-zipf-w1,smoke_parallel,2,32,zipf,1,accept_static_degree,accept_static_degree,,greedy,71,2,native,ok,0,0.048442,0.04814,0.47521910106273496,0.0,0.4752191010631561,20,20,0.043867,0.092309,baseline_dominates
l2-n32-zipf-w1,smoke_parallel,2,32,zipf,1,accept_static_degree,accept_static_degree,,greedy,71,2,accept_id,ok,0,0.005271999999999999,0.006212000000000002,0.94288747576076,0.8709597008724553,0.9428874757636692,20,20,0.087037,0.092309,baseline_dominates
l2-n32-zipf-w1,smoke_parallel,2,32,zipf,1,eas_k2_adaptive,eas,2,adaptive,71,2,native,ok,-2,0.079127,0.078825,0.3566596744556645,0.0,0.32099370701028085,20,18,0.043867,0.122994,baseline_dominates
l2-n32-zipf-w1,smoke_parallel,2,32,zipf,1,eas_k2_adaptive,eas,2,adaptive,71,2,accept_id,ok,-2,0.035957,0.036897000000000006,0.7076524058084134,0.5319124643196955,0.6368871652293353,20,18,0.087037,0.122994,baseline_dominates
l2-n32-zipf-w1,smoke_parallel,2,32,zipf,1,eas_k2_adaptive,eas,2,adaptive,71,2,accept_static_degree,ok,-2,0.030685000000000004,0.030685000000000004,0.7505162853472527,0.6107199492546781,0.6754646568123135,20,18,0.092309,0.122994,baseline_dominates
l2-n32-zipf-w1,smoke_parallel,2,32,zipf,1,native,native,,native,71,2,accept_id,ok,0,-0.04317,-0.041928,1.9841110629858436,,1.9841110629902068,20,20,0.087037,0.043867,variant_dominates
l2-n32-zipf-w1,smoke_parallel,2,32,zipf,1,native,native,,native,71,2,accept_static_degree,ok,0,-0.048442,-0.04814,2.104292520573552,,2.104292520571687,20,20,0.092309,0.043867,variant_dominates
l2-n32-zipf-w1,smoke_parallel,2,32,zipf,1,accept_id,accept_id,,greedy,71,3,native,ok,0,0.040456,0.040406,0.5218984140490203,0.0,0.5218984140481316,20,20,0.044162,0.084618,baseline_dominates
l2-n32-zipf-w1,smoke_parallel,2,32,zipf,1,accept_id,accept_id,,greedy,71,3,accept_static_degree,ok,0,-0.009631,-0.010514000000000003,1.1138173910988205,1.2602088798693265,1.1138173910951943,20,20,0.094249,0.084618,variant_dominates
l2-n32-zipf-w1,smoke_parallel,2,32,zipf,1,native,native,,native,71,3,accept_id,ok,0,-0.040456,-0.040406,1.9160816991984058,,1.9160816992016687,20,20,0.084618,0.044162,variant_dominates
l2-n32-zipf-w1,smoke_parallel,2,32,zipf,1,native,native,,native,71,3,accept_static_degree,ok,0,-0.050087,-0.05092,2.1341651193333635,,2.1341651193300493,20,20,0.094249,0.044162,variant_dominates
l2-n32-zipf-w1,smoke_parallel,2,32,zipf,1,accept_static_degree,accept_static_degree,,greedy,71,3,native,ok,0,0.050087,0.05092,0.4685673057539072,0.0,0.46856730575463484,20,20,0.044162,0.094249,baseline_dominates
l2-n32-zipf-w1,smoke_parallel,2,32,zipf,1,accept_static_degree,accept_static_degree,,greedy,71,3,accept_id,ok,0,0.009631,0.010514000000000003,0.8978132393977655,0.7935192458758837,0.8978132394006886,20,20,0.084618,0.094249,baseline_dominates
l2-n32-zipf-w1,smoke_parallel,2,32,zipf,1,eas_k1_adaptive,eas,1,adaptive,71,3,native,ok,0,0.078959,0.079836,0.3586877949334395,0.0,0.35868779493279584,20,20,0.044162,0.123121,baseline_dominates
l2-n32-zipf-w1,smoke_parallel,2,32,zipf,1,eas_k1_adaptive,eas,1,adaptive,71,3,accept_id,ok,0,0.038502999999999996,0.03943000000000001,0.6872751195977941,0.5061125306879102,0.6872751195977311,20,20,0.084618,0.123121,baseline_dominates
l2-n32-zipf-w1,smoke_parallel,2,32,zipf,1,eas_k1_adaptive,eas,1,adaptive,71,3,accept_static_degree,ok,0,0.028871999999999995,0.028916000000000004,0.7654989806775448,0.6378075053860414,0.7654989806749825,20,20,0.094249,0.123121,baseline_dominates
l2-n32-zipf-w1,smoke_parallel,2,32,zipf,1,eas_k2_adaptive,eas,2,adaptive,71,3,native,ok,-2,0.07874500000000001,0.079088,0.3593123255795032,0.0,0.3233810930203402,20,18,0.044162,0.122907,baseline_dominates
l2-n32-zipf-w1,smoke_parallel,2,32,zipf,1,eas_k2_adaptive,eas,2,adaptive,71,3,accept_id,ok,-2,0.038289000000000004,0.03868200000000001,0.6884717713393053,0.5108992514667205,0.6196245942041063,20,18,0.084618,0.122907,baseline_dominates
l2-n32-zipf-w1,smoke_parallel,2,32,zipf,1,eas_k2_adaptive,eas,2,adaptive,71,3,accept_static_degree,ok,-2,0.028658000000000003,0.028168000000000006,0.7668318321983288,0.6438397734169532,0.6901486489748361,20,18,0.094249,0.122907,baseline_dominates
l2-n32-zipf-w1,smoke_parallel,2,32,zipf,1,eas_k1_adaptive,eas,1,adaptive,101,1,native,ok,0,0.080488,0.079143,0.35134263885754813,0.0,0.3513426388574456,19,19,0.043596,0.124084,baseline_dominates
l2-n32-zipf-w1,smoke_parallel,2,32,zipf,1,eas_k1_adaptive,eas,1,adaptive,101,1,accept_id,ok,0,0.041394,0.03767,0.6664034041455787,0.524026129916733,0.6664034041461213,19,19,0.08269,0.124084,baseline_dominates
l2-n32-zipf-w1,smoke_parallel,2,32,zipf,1,eas_k1_adaptive,eas,1,adaptive,101,1,accept_static_degree,ok,0,0.030216999999999994,0.029987000000000007,0.7564794816414687,0.6211035720152129,0.7564794816432213,19,19,0.093867,0.124084,baseline_dominates
l2-n32-zipf-w1,smoke_parallel,2,32,zipf,1,accept_id,accept_id,,greedy,101,1,native,ok,0,0.039094,0.041473,0.5272221550368847,0.0,0.5272221550363017,19,19,0.043596,0.08269,baseline_dominates
l2-n32-zipf-w1,smoke_parallel,2,32,zipf,1,accept_id,accept_id,,greedy,101,1,accept_static_degree,ok,0,-0.011177000000000006,-0.007682999999999995,1.1351674930463176,1.185253056205242,1.1351674930480233,19,19,0.093867,0.08269,variant_dominates
l2-n32-zipf-w1,smoke_parallel,2,32,zipf,1,eas_k2_adaptive,eas,2,adaptive,101,1,native,ok,-1,0.077513,0.076803,0.35997324724008956,0.0,0.3410272868583265,19,18,0.043596,0.121109,baseline_dominates
l2-n32-zipf-w1,smoke_parallel,2,32,zipf,1,eas_k2_adaptive,eas,2,adaptive,101,1,accept_id,ok,-1,0.038418999999999995,0.03532999999999999,0.6827733694440545,0.5399919273986694,0.6468379289463759,19,18,0.08269,0.121109,baseline_dominates
l2-n32-zipf-w1,smoke_parallel,2,32,zipf,1,eas_k2_adaptive,eas,2,adaptive,101,1,accept_static_degree,ok,-1,0.02724199999999999,0.027646999999999998,0.7750621341105947,0.6400270822754319,0.734269390210433,19,18,0.093867,0.121109,baseline_dominates
l2-n32-zipf-w1,smoke_parallel,2,32,zipf,1,native,native,,native,101,1,accept_id,ok,0,-0.039094,-0.041473,1.8967336452885584,,1.8967336452906562,19,19,0.08269,0.043596,variant_dominates
l2-n32-zipf-w1,smoke_parallel,2,32,zipf,1,native,native,,native,101,1,accept_static_degree,ok,0,-0.050271,-0.049156,2.1531103770988165,,2.153110377104433,19,19,0.093867,0.043596,variant_dominates
l2-n32-zipf-w1,smoke_parallel,2,32,zipf,1,accept_static_degree,accept_static_degree,,greedy,101,1,native,ok,0,0.050271,0.049156,0.46444437342196937,0.0,0.46444437342075784,19,19,0.043596,0.093867,baseline_dominates
l2-n32-zipf-w1,smoke_parallel,2,32,zipf,1,accept_static_degree,accept_static_degree,,greedy,101,1,accept_id,ok,0,0.011177000000000006,0.007682999999999995,0.8809272694344125,0.843701684433233,0.8809272694330887,19,19,0.08269,0.093867,baseline_dominates
l2-n32-zipf-w1,smoke_parallel,2,32,zipf,1,eas_k2_adaptive,eas,2,adaptive,101,2,native,ok,-1,0.079902,0.078456,0.35314071063688546,0.0,0.3345543574454221,19,18,0.043621,0.123523,baseline_dominates
l2-n32-zipf-w1,smoke_parallel,2,32,zipf,1,eas_k2_adaptive,eas,2,adaptive,101,2,accept_id,ok,-1,0.038140999999999994,0.036488,0.6912234968386455,0.5349240338533701,0.6548433127922236,19,18,0.085382,0.123523,baseline_dominates
l2-n32-zipf-w1,smoke_parallel,2,32,zipf,1,eas_k2_adaptive,eas,2,adaptive,101,2,accept_static_degree,ok,-1,0.031756999999999994,0.031664,0.7429061794159793,0.596410727031712,0.7038058541843224,19,18,0.091766,0.123523,baseline_dominates
l2-n32-zipf-w1,smoke_parallel,2,32,zipf,1,accept_static_degree,accept_static_degree,,greedy,101,2,native,ok,0,0.048145,0.046792,0.47535034762330275,0.0,0.4753503476227187,19,19,0.043621,0.091766,baseline_dominates
l2-n32-zipf-w1,smoke_parallel,2,32,zipf,1,accept_static_degree,accept_static_degree,,greedy,101,2,accept_id,ok,0,0.006384000000000001,0.004824000000000002,0.9304317503214699,0.8969054539237477,0.9304317503172179,19,19,0.085382,0.091766,baseline_dominates
l2-n32-zipf-w1,smoke_parallel,2,32,zipf,1,native,native,,native,101,2,accept_id,ok,0,-0.041761,-0.041968,1.9573599871621468,,1.9573599871556067,19,19,0.085382,0.043621,variant_dominates
l2-n32-zipf-w1,smoke_parallel,2,32,zipf,1,native,native,,native,101,2,accept_static_degree,ok,0,-0.048145,-0.046792,2.1037115150959402,,2.103711515098525,19,19,0.091766,0.043621,variant_dominates
l2-n32-zipf-w1,smoke_parallel,2,32,zipf,1,accept_id,accept_id,,greedy,101,2,native,ok,0,0.041761,0.041968,0.5108922255276288,0.0,0.5108922255293358,19,19,0.043621,0.085382,baseline_dominates
l2-n32-zipf-w1,smoke_parallel,2,32,zipf,1,accept_id,accept_id,,greedy,101,2,accept_static_degree,ok,0,-0.006384000000000001,-0.004824000000000002,1.0747698578154645,1.1149447197865041,1.0747698578203762,19,19,0.091766,0.085382,variant_dominates
l2-n32-zipf-w1,smoke_parallel,2,32,zipf,1,eas_k1_adaptive,eas,1,adaptive,101,2,native,ok,0,0.07816200000000001,0.078378,0.35818628215760817,0.0,0.3581862821578748,19,19,0.043621,0.121783,baseline_dominates
l2-n32-zipf-w1,smoke_parallel,2,32,zipf,1,eas_k1_adaptive,eas,1,adaptive,101,2,accept_id,ok,0,0.036401,0.036410000000000005,0.7010994966456731,0.5354563780652734,0.7010994966438523,19,19,0.085382,0.121783,baseline_dominates
l2-n32-zipf-w1,smoke_parallel,2,32,zipf,1,eas_k1_adaptive,eas,1,adaptive,101,2,accept_static_degree,ok,0,0.030017000000000002,0.031586,0.7535206063243638,0.5970042613998826,0.7535206063258505,19,19,0.091766,0.121783,baseline_dominates
l2-n32-zipf-w1,smoke_parallel,2,32,zipf,1,native,native,,native,101,3,accept_id,ok,0,-0.041176,-0.041324,1.9350956079393196,,1.9350956079433408,19,19,0.08521,0.044034,variant_dominates
l2-n32-zipf-w1,smoke_parallel,2,32,zipf,1,native,native,,native,101,3,accept_static_degree,ok,0,-0.049392,-0.049271,2.1216787028205477,,2.121678702821617,19,19,0.093426,0.044034,variant_dominates
l2-n32-zipf-w1,smoke_parallel,2,32,zipf,1,accept_static_degree,accept_static_degree,,greedy,101,3,native,ok,0,0.049392,0.049271,0.47132489885042705,0.0,0.47132489885018947,19,19,0.044034,0.093426,baseline_dominates
l2-n32-zipf-w1,smoke_parallel,2,32,zipf,1,accept_static_degree,accept_static_degree,,greedy,101,3,accept_id,ok,0,0.008216000000000001,0.007947000000000003,0.9120587416779055,0.8387083680055204,0.912058741679341,19,19,0.08521,0.093426,baseline_dominates
l2-n32-zipf-w1,smoke_parallel,2,32,zipf,1,accept_id,accept_id,,greedy,101,3,native,ok,0,0.041176,0.041324,0.5167703321206432,0.0,0.5167703321195692,19,19,0.044034,0.08521,baseline_dominates
l2-n32-zipf-w1,smoke_parallel,2,32,zipf,1,accept_id,accept_id,,greedy,101,3,accept_static_degree,ok,0,-0.008216000000000001,-0.007947000000000003,1.0964206079098697,1.1923095537702062,1.096420607908144,19,19,0.093426,0.08521,variant_dominates
l2-n32-zipf-w1,smoke_parallel,2,32,zipf,1,eas_k1_adaptive,eas,1,adaptive,101,3,native,ok,0,0.08040900000000001,0.08057,0.3538487500301343,0.0,0.35384875002982363,19,19,0.044034,0.124443,baseline_dominates
l2-n32-zipf-w1,smoke_parallel,2,32,zipf,1,eas_k1_adaptive,eas,1,adaptive,101,3,accept_id,ok,0,0.039233000000000004,0.039246,0.684731162058131,0.5128956187166439,0.6847311620589528,19,19,0.08521,0.124443,baseline_dominates
l2-n32-zipf-w1,smoke_parallel,2,32,zipf,1,eas_k1_adaptive,eas,1,adaptive,101,3,accept_static_degree,ok,0,0.031017000000000003,0.031299,0.7507533569586076,0.6115303462827355,0.7507533569583269,19,19,0.093426,0.124443,baseline_dominates
l2-n32-zipf-w1,smoke_parallel,2,32,zipf,1,eas_k2_adaptive,eas,2,adaptive,101,3,native,ok,-1,0.076213,0.078756,0.36619624606019274,0.0,0.34692275942541306,19,18,0.044034,0.120247,baseline_dominates
l2-n32-zipf-w1,smoke_parallel,2,32,zipf,1,eas_k2_adaptive,eas,2,adaptive,101,3,accept_id,ok,-1,0.03503700000000001,0.03743200000000001,0.7086247473949453,0.5247092285032251,0.671328708059701,19,18,0.08521,0.120247,baseline_dominates
l2-n32-zipf-w1,smoke_parallel,2,32,zipf,1,eas_k2_adaptive,eas,2,adaptive,101,3,accept_static_degree,ok,-1,0.02682100000000001,0.029485000000000004,0.7769507763187439,0.6256158260957895,0.7360586301970065,19,18,0.093426,0.120247,baseline_dominates
l2-n32-zipf-w2,smoke_parallel,2,32,zipf,2,accept_static_degree,accept_static_degree,,greedy,11,1,native,ok,1,-48.997997000000005,0.045843,516.3235838539366,0.0,538.7724353250209,23,24,49.093079,0.095082,variant_dominates
l2-n32-zipf-w2,smoke_parallel,2,32,zipf,2,accept_static_degree,accept_static_degree,,greedy,11,1,accept_id,ok,1,0.0007260000000000044,0.006364000000000002,0.9923644853915567,0.8611783696529459,1.035510767364612,23,24,0.094356,0.095082,extra_commits_extra_time
l2-n32-zipf-w2,smoke_parallel,2,32,zipf,2,native,native,,native,11,1,accept_id,ok,0,48.998723000000005,-0.039479,0.0019219817115157922,,0.001921981711517828,23,23,0.094356,49.093079,baseline_dominates
l2-n32-zipf-w2,smoke_parallel,2,32,zipf,2,native,native,,native,11,1,accept_static_degree,ok,-1,48.997997000000005,-0.045843,0.0019367699467372987,,0.0018560711989594237,24,23,0.095082,49.093079,baseline_dominates
l2-n32-zipf-w2,smoke_parallel,2,32,zipf,2,eas_k1_adaptive,eas,1,adaptive,11,1,native,ok,1,-42.671277,0.070305,7.644751270749239,0.0,7.977131760780477,23,24,49.093079,6.421802,variant_dominates
l2-n32-zipf-w2,smoke_parallel,2,32,zipf,2,eas_k1_adaptive,eas,1,adaptive,11,1,accept_id,ok,1,6.327445999999999,0.030826000000000006,0.01469307213146715,0.5615390086053623,0.015331901354588088,23,24,0.094356,6.421802,extra_commits_extra_time
l2-n32-zipf-w2,smoke_parallel,2,32,zipf,2,eas_k1_adaptive,eas,1,adaptive,11,1,accept_static_degree,ok,0,6.32672,0.024462000000000005,0.0148061245114689,0.6520588862812033,0.014806124511489119,24,24,0.095082,6.421802,baseline_dominates
l2-n32-zipf-w2,smoke_parallel,2,32,zipf,2,accept_id,accept_id,,greedy,11,1,native,ok,0,-48.998723000000005,0.039479,520.2963139598966,0.0,520.2963139593454,23,23,49.093079,0.094356,variant_dominates
l2-n32-zipf-w2,smoke_parallel,2,32,zipf,2,accept_id,accept_id,,greedy,11,1,accept_static_degree,ok,-1,-0.0007260000000000044,-0.006364000000000002,1.0076942642757218,1.161199625117151,0.9657070032646909,24,23,0.095082,0.094356,tradeoff_or_tie
l2-n32-zipf-w2,smoke_parallel,2,32,zipf,2,eas_k2_adaptive,eas,2,adaptive,11,1,native,ok,-1,-46.744589000000005,0.067931,20.904103913578513,0.0,19.99522983035978,23,22,49.093079,2.34849,tradeoff_or_tie
l2-n32-zipf-w2,smoke_parallel,2,32,zipf,2,eas_k2_adaptive,eas,2,adaptive,11,1,accept_id,ok,-1,2.254134,0.028452000000000005,0.040177305417523596,0.5811632391691569,0.03843046605154722,23,22,0.094356,2.34849,baseline_dominates
l2-n32-zipf-w2,smoke_parallel,2,32,zipf,2,eas_k2_adaptive,eas,2,adaptive,11,1,accept_static_degree,ok,-2,2.253408,0.022088000000000003,0.04048644022329241,0.6748465354550941,0.03711257020470511,24,22,0.095082,2.34849,baseline_dominates
l2-n32-zipf-w2,smoke_parallel,2,32,zipf,2,accept_id,accept_id,,greedy,11,2,native,ok,0,55.86326,0.036655,0.0007992960285234583,0.0,0.0007992960285221981,23,23,0.044687,55.907947,baseline_dominates
l2-n32-zipf-w2,smoke_parallel,2,32,zipf,2,accept_id,accept_id,,greedy,11,2,accept_static_degree,ok,-1,55.81149,-0.010763000000000002,0.001725282454031088,1.293629791297231,0.0016533956851132513,24,23,0.096457,55.907947,baseline_dominates
l2-n32-zipf-w2,smoke_parallel,2,32,zipf,2,native,native,,native,11,2,accept_id,ok,0,-55.86326,-0.036655,1251.100924206145,,1251.1009242081177,23,23,55.907947,0.044687,variant_dominates
l2-n32-zipf-w2,smoke_parallel,2,32,zipf,2,native,native,,native,11,2,accept_static_degree,ok,-1,-0.051770000000000004,-0.047418,2.15850247275494,,2.0685648697269023,24,23,0.096457,0.044687,tradeoff_or_tie
l2-n32-zipf-w2,smoke_parallel,2,32,zipf,2,accept_static_degree,accept_static_degree,,greedy,11,2,native,ok,1,0.051770000000000004,0.047418,0.4632841577075795,0.0,0.4834269471723276,23,24,0.044687,0.096457,extra_commits_extra_time
l2-n32-zipf-w2,smoke_parallel,2,32,zipf,2,accept_static_degree,accept_static_degree,,greedy,11,2,accept_id,ok,1,-55.81149,0.010763000000000002,579.6152378780182,0.7730186848875954,604.8159003944079,23,24,55.907947,0.096457,variant_dominates
l2-n32-zipf-w2,smoke_parallel,2,32,zipf,2,eas_k2_adaptive,eas,2,adaptive,11,2,native,ok,-1,0.092727,0.097797,0.3251997613052527,0.0,0.31106064124748223,23,22,0.044687,0.137414,baseline_dominates
l2-n32-zipf-w2,smoke_parallel,2,32,zipf,2,eas_k2_adaptive,eas,2,adaptive,11,2,accept_id,ok,-1,-55.770533,0.061141999999999995,406.85772192061944,0.37480699816967805,389.16825574949473,23,22,55.907947,0.137414,tradeoff_or_tie
l2-n32-zipf-w2,smoke_parallel,2,32,zipf,2,eas_k2_adaptive,eas,2,adaptive,11,2,accept_static_degree,ok,-2,0.04095700000000001,0.05037899999999999,0.7019444889167042,0.4848614988189822,0.6434491148392648,24,22,0.096457,0.137414,baseline_dominates
l2-n32-zipf-w2,smoke_parallel,2,32,zipf,2,eas_k1_adaptive,eas,1,adaptive,11,2,native,ok,1,0.068966,0.064972,0.39318803727134344,0.0,0.41028316932630726,23,24,0.044687,0.113653,extra_commits_extra_time
l2-n32-zipf-w2,smoke_parallel,2,32,zipf,2,eas_k1_adaptive,eas,1,adaptive,11,2,accept_id,ok,1,-55.794294,0.028317000000000002,491.917916816978,0.5641661023209998,513.3056523311786,23,24,55.907947,0.113653,variant_dominates
l2-n32-zipf-w2,smoke_parallel,2,32,zipf,2,eas_k1_adaptive,eas,1,adaptive,11,2,accept_static_degree,ok,0,0.017196000000000003,0.017554,0.8486973507078563,0.7298220772024873,0.8486973507086134,24,24,0.096457,0.113653,baseline_dominates
l2-n32-zipf-w2,smoke_parallel,2,32,zipf,2,accept_static_degree,accept_static_degree,,greedy,11,3,native,ok,1,0.070303,0.068462,0.3583209353693376,0.0,0.3739001064725181,23,24,0.039258,0.109561,extra_commits_extra_time
l2-n32-zipf-w2,smoke_parallel,2,32,zipf,2,accept_static_degree,accept_static_degree,,greedy,11,3,accept_id,ok,1,-55.70085,0.029790999999999998,509.4003431878132,0.5648534953696941,531.5481841957958,23,24,55.810411,0.109561,variant_dominates
l2-n32-zipf-w2,smoke_parallel,2,32,zipf,2,eas_k2_adaptive,eas,2,adaptive,11,3,native,ok,-1,10.336546,0.098974,0.003783610407444088,0.0,0.0036191056071250877,23,22,0.039258,10.375804,baseline_dominates
l2-n32-zipf-w2,smoke_parallel,2,32,zipf,2,eas_k2_adaptive,eas,2,adaptive,11,3,accept_id,ok,-1,-45.434607,0.06030300000000001,5.378899890553059,0.39071877462767995,5.145034677922882,23,22,55.810411,10.375804,tradeoff_or_tie
l2-n32-zipf-w2,smoke_parallel,2,32,zipf,2,eas_k2_adaptive,eas,2,adaptive,11,3,accept_static_degree,ok,-2,10.266243000000001,0.03051200000000001,0.010559278105099133,0.6917170165902156,0.009679338263015697,24,22,0.109561,10.375804,baseline_dominates
l2-n32-zipf-w2,smoke_parallel,2,32,zipf,2,native,native,,native,11,3,accept_id,ok,0,-55.771153000000005,-0.038671,1421.6315400682663,,1421.6315400671463,23,23,55.810411,0.039258,variant_dominates
l2-n32-zipf-w2,smoke_parallel,2,32,zipf,2,native,native,,native,11,3,accept_static_degree,ok,-1,-0.070303,-0.068462,2.790794233022569,,2.674511139978776,24,23,0.109561,0.039258,tradeoff_or_tie
l2-n32-zipf-w2,smoke_parallel,2,32,zipf,2,eas_k1_adaptive,eas,1,adaptive,11,3,native,ok,1,0.10065700000000001,0.098571,0.28058464067469535,0.0,0.29278397287806907,23,24,0.039258,0.139915,extra_commits_extra_time
l2-n32-zipf-w2,smoke_parallel,2,32,zipf,2,eas_k1_adaptive,eas,1,adaptive,11,3,accept_id,ok,1,-55.670496,0.05990000000000001,398.88797484186824,0.39231619847622523,416.23093026962687,23,24,55.810411,0.139915,variant_dominates
l2-n32-zipf-w2,smoke_parallel,2,32,zipf,2,eas_k1_adaptive,eas,1,adaptive,11,3,accept_static_degree,ok,0,0.030354000000000006,0.03010900000000001,0.7830539970696494,0.6945450487465886,0.7830539970696394,24,24,0.109561,0.139915,baseline_dominates
l2-n32-zipf-w2,smoke_parallel,2,32,zipf,2,accept_id,accept_id,,greedy,11,3,native,ok,0,55.771153000000005,0.038671,0.0007034171455931403,0.0,0.0007034171455936946,23,23,0.039258,55.810411,baseline_dominates
l2-n32-zipf-w2,smoke_parallel,2,32,zipf,2,accept_id,accept_id,,greedy,11,3,accept_static_degree,ok,-1,55.70085,-0.029790999999999998,0.0019630925133305326,1.770370561919785,0.0018812969919424086,24,23,0.109561,55.810411,baseline_dominates
l2-n32-zipf-w2,smoke_parallel,2,32,zipf,2,eas_k1_adaptive,eas,1,adaptive,29,1,native,ok,0,56.751265000000004,0.075777,0.0008552664334782327,0.0,0.0008552664334789628,24,24,0.048579,56.799844,baseline_dominates
l2-n32-zipf-w2,smoke_parallel,2,32,zipf,2,eas_k1_adaptive,eas,1,adaptive,29,1,accept_id,ok,0,56.693903,0.014836999999999996,0.0018651635733365746,0.8042018026577986,0.001865163573335268,24,24,0.105941,56.799844,baseline_dominates
l2-n32-zipf-w2,smoke_parallel,2,32,zipf,2,eas_k1_adaptive,eas,1,adaptive,29,1,accept_static_degree,ok,0,56.703938,0.024265999999999996,0.001688490552896589,0.679770906739512,0.0016884905529002297,24,24,0.095906,56.799844,baseline_dominates
l2-n32-zipf-w2,smoke_parallel,2,32,zipf,2,native,native,,native,29,1,accept_id,ok,0,-0.057361999999999996,-0.06094,2.1807982873257994,,2.1807982873224097,24,24,0.105941,0.048579,variant_dominates
l2-n32-zipf-w2,smoke_parallel,2,32,zipf,2,native,native,,native,29,1,accept_static_degree,ok,0,-0.04732700000000001,-0.051511,1.974227546882398,,1.9742275468849693,24,24,0.095906,0.048579,variant_dominates
l2-n32-zipf-w2,smoke_parallel,2,32,zipf,2,accept_static_degree,accept_static_degree,,greedy,29,1,native,ok,0,0.04732700000000001,0.051511,0.5065272245740621,0.0,0.5065272245734023,24,24,0.048579,0.095906,baseline_dominates
l2-n32-zipf-w2,smoke_parallel,2,32,zipf,2,accept_static_degree,accept_static_degree,,greedy,29,1,accept_id,ok,0,-0.010034999999999988,-0.009429,1.104633703835005,1.1830482809497,1.1046337038318494,24,24,0.105941,0.095906,variant_dominates
l2-n32-zipf-w2,smoke_parallel,2,32,zipf,2,eas_k2_adaptive,eas,2,adaptive,29,1,native,ok,0,19.021707,0.075676,0.002547366096135108,0.0,0.002547366096135966,24,24,0.048579,19.070286,baseline_dominates
l2-n32-zipf-w2,smoke_parallel,2,32,zipf,2,eas_k2_adaptive,eas,2,adaptive,29,1,accept_id,ok,0,18.964344999999998,0.014735999999999992,0.00555529161964325,0.8052751202494848,0.005555291619636488,24,24,0.105941,19.070286,baseline_dominates
l2-n32-zipf-w2,smoke_parallel,2,32,zipf,2,eas_k2_adaptive,eas,2,adaptive,29,1,accept_static_degree,ok,0,18.97438,0.024164999999999992,0.0050290803189842045,0.6806781542364819,0.00502908031899245,24,24,0.095906,19.070286,baseline_dominates
l2-n32-zipf-w2,smoke_parallel,2,32,zipf,2,accept_id,accept_id,,greedy,29,1,native,ok,0,0.057361999999999996,0.06094,0.4585476822004701,0.0,0.45854768220118275,24,24,0.048579,0.105941,baseline_dominates
l2-n32-zipf-w2,smoke_parallel,2,32,zipf,2,accept_id,accept_id,,greedy,29,1,accept_static_degree,ok,0,0.010034999999999988,0.009429,0.9052774657592435,0.845274040039383,0.9052774657618295,24,24,0.095906,0.105941,baseline_dominates
l2-n32-zipf-w2,smoke_parallel,2,32,zipf,2,accept_static_degree,accept_static_degree,,greedy,29,2,native,ok,0,-41.495893,0.046734,456.1735095705589,0.0,456.17350957032545,24,24,41.587058,0.091165,variant_dominates
l2-n32-zipf-w2,smoke_parallel,2,32,zipf,2,accept_static_degree,accept_static_degree,,greedy,29,2,accept_id,ok,0,0.005018999999999996,0.007405999999999996,0.9449459770745352,0.8415286515170969,0.9449459770749058,24,24,0.086146,0.091165,baseline_dominates
l2-n32-zipf-w2,smoke_parallel,2,32,zipf,2,eas_k1_adaptive,eas,1,adaptive,29,2,native,ok,0,-29.563572,0.104074,3.4588186820361413,0.0,3.4588186820255484,24,24,41.587058,12.023486,variant_dominates
l2-n32-zipf-w2,smoke_parallel,2,32,zipf,2,eas_k1_adaptive,eas,1,adaptive,29,2,accept_id,ok,0,11.93734,0.064746,0.007164810604844552,0.3778849664661683,0.007164810604829086,24,24,0.086146,12.023486,baseline_dominates
l2-n32-zipf-w2,smoke_parallel,2,32,zipf,2,eas_k1_adaptive,eas,1,adaptive,29,2,accept_static_degree,ok,0,11.932321,0.05734,0.007582243618863946,0.44904587120702577,0.0075822436188446056,24,24,0.091165,12.023486,baseline_dominates
l2-n32-zipf-w2,smoke_parallel,2,32,zipf,2,accept_id,accept_id,,greedy,29,2,native,ok,0,-41.500912,0.039328,482.7508880273025,0.0,482.75088802686605,24,24,41.587058,0.086146,variant_dominates
l2-n32-zipf-w2,smoke_parallel,2,32,zipf,2,accept_id,accept_id,,greedy,29,2,accept_static_degree,ok,0,-0.005018999999999996,-0.007405999999999996,1.0582615559631323,1.188313669650122,1.0582615559627173,24,24,0.091165,0.086146,variant_dominates
l2-n32-zipf-w2,smoke_parallel,2,32,zipf,2,eas_k2_adaptive,eas,2,adaptive,29,2,native,ok,0,-41.473834,0.067369,367.2989648837702,0.0,367.29896488266627,24,24,41.587058,0.113224,variant_dominates
l2-n32-zipf-w2,smoke_parallel,2,32,zipf,2,eas_k2_adaptive,eas,2,adaptive,29,2,accept_id,ok,0,0.027078000000000005,0.028040999999999996,0.7608457570833038,0.5837699832267067,0.7608457570817049,24,24,0.086146,0.113224,baseline_dominates
l2-n32-zipf-w2,smoke_parallel,2,32,zipf,2,eas_k2_adaptive,eas,2,adaptive,29,2,accept_static_degree,ok,0,0.02205900000000001,0.020635,0.8051738147389246,0.6937018509997179,0.8051738147369166,24,24,0.091165,0.113224,baseline_dominates
l2-n32-zipf-w2,smoke_parallel,2,32,zipf,2,native,native,,native,29,2,accept_id,ok,0,41.500912,-0.039328,0.0020714617513939073,,0.00207146175139578,24,24,0.086146,41.587058,baseline_dominates
l2-n32-zipf-w2,smoke_parallel,2,32,zipf,2,native,native,,native,29,2,accept_static_degree,ok,0,41.495893,-0.046734,0.0021921483361482313,,0.0021921483361493532,24,24,0.091165,41.587058,baseline_dominates
l2-n32-zipf-w2,smoke_parallel,2,32,zipf,2,eas_k2_adaptive,eas,2,adaptive,29,3,native,ok,0,0.067993,0.066919,0.4099417691419844,0.0,0.4099417691415885,24,24,0.047238,0.115231,baseline_dominates
l2-n32-zipf-w2,smoke_parallel,2,32,zipf,2,eas_k2_adaptive,eas,2,adaptive,29,3,accept_id,ok,0,0.029703999999999994,0.028500000000000004,0.7422221450824865,0.5741119861324885,0.7422221450828868,24,24,0.085527,0.115231,baseline_dominates
l2-n32-zipf-w2,smoke_parallel,2,32,zipf,2,eas_k2_adaptive,eas,2,adaptive,29,3,accept_static_degree,ok,0,0.018206,0.01904800000000001,0.8420043217536948,0.7153573723456715,0.8420043217544083,24,24,0.097025,0.115231,baseline_dominates
l2-n32-zipf-w2,smoke_parallel,2,32,zipf,2,eas_k1_adaptive,eas,1,adaptive,29,3,native,ok,0,48.400287,0.068971,0.000975034328379004,0.0,0.0009750343283788926,24,24,0.047238,48.447525,baseline_dominates
l2-n32-zipf-w2,smoke_parallel,2,32,zipf,2,eas_k1_adaptive,eas,1,adaptive,29,3,accept_id,ok,0,48.361998,0.030552000000000003,0.0017653533384832355,0.5570312160183265,0.0017653533384856905,24,24,0.085527,48.447525,baseline_dominates
l2-n32-zipf-w2,smoke_parallel,2,32,zipf,2,eas_k1_adaptive,eas,1,adaptive,29,3,accept_static_degree,ok,0,48.3505,0.021100000000000008,0.002002682283563505,0.6940743210914732,0.002002682283566908,24,24,0.097025,48.447525,baseline_dominates
l2-n32-zipf-w2,smoke_parallel,2,32,zipf,2,accept_static_degree,accept_static_degree,,greedy,29,3,native,ok,0,0.049787,0.047871,0.4868642102550889,0.0,0.4868642102542061,24,24,0.047238,0.097025,baseline_dominates
l2-n32-zipf-w2,smoke_parallel,2,32,zipf,2,accept_static_degree,accept_static_degree,,greedy,29,3,accept_id,ok,0,0.011497999999999994,0.009451999999999995,0.8814944601906726,0.8025526936976458,0.8814944601904008,24,24,0.085527,0.097025,baseline_dominates
l2-n32-zipf-w2,smoke_parallel,2,32,zipf,2,native,native,,native,29,3,accept_id,ok,0,-0.038289000000000004,-0.038419,1.8105550616029469,,1.8105550616056716,24,24,0.085527,0.047238,variant_dominates
l2-n32-zipf-w2,smoke_parallel,2,32,zipf,2,native,native,,native,29,3,accept_static_degree,ok,0,-0.049787,-0.047871,2.053960794275795,,2.053960794279519,24,24,0.097025,0.047238,variant_dominates
l2-n32-zipf-w2,smoke_parallel,2,32,zipf,2,accept_id,accept_id,,greedy,29,3,native,ok,0,0.038289000000000004,0.038419,0.5523168122347328,0.0,0.5523168122339017,24,24,0.047238,0.085527,baseline_dominates
l2-n32-zipf-w2,smoke_parallel,2,32,zipf,2,accept_id,accept_id,,greedy,29,3,accept_static_degree,ok,0,-0.011497999999999994,-0.009451999999999995,1.134437078349527,1.2460241026575392,1.1344370783498767,24,24,0.097025,0.085527,variant_dominates
l2-n32-zipf-w2,smoke_parallel,2,32,zipf,2,native,native,,native,47,1,accept_id,ok,0,-0.052351999999999996,-0.058151,2.1228310991957104,,2.122831099199416,19,19,0.098977,0.046625,variant_dominates
l2-n32-zipf-w2,smoke_parallel,2,32,zipf,2,native,native,,native,47,1,accept_static_degree,ok,0,-0.06319,-0.06886,2.3552815013404826,,2.355281501345719,19,19,0.109815,0.046625,variant_dominates
l2-n32-zipf-w2,smoke_parallel,2,32,zipf,2,accept_id,accept_id,,greedy,47,1,native,ok,0,0.052351999999999996,0.058151,0.4710690362407428,0.0,0.4710690362399205,19,19,0.046625,0.098977,baseline_dominates
l2-n32-zipf-w2,smoke_parallel,2,32,zipf,2,accept_id,accept_id,,greedy,47,1,accept_static_degree,ok,0,-0.010838,-0.010709000000000003,1.1095001869121108,1.1841584839469657,1.1095001869126409,19,19,0.109815,0.098977,variant_dominates
l2-n32-zipf-w2,smoke_parallel,2,32,zipf,2,eas_k2_adaptive,eas,2,adaptive,47,1,native,ok,-1,0.103514,0.109613,0.3105455611133683,0.0,0.2942010578969447,19,18,0.046625,0.150139,baseline_dominates
l2-n32-zipf-w2,smoke_parallel,2,32,zipf,2,eas_k2_adaptive,eas,2,adaptive,47,1,accept_id,ok,-1,0.051162,0.051462,0.6592357748486403,0.530511891837647,0.624539155121002,19,18,0.098977,0.150139,baseline_dominates
l2-n32-zipf-w2,smoke_parallel,2,32,zipf,2,eas_k2_adaptive,eas,2,adaptive,47,1,accept_static_degree,ok,-1,0.040324,0.040753,0.7314222154137167,0.6282101575543048,0.6929263093410145,19,18,0.109815,0.150139,baseline_dominates
l2-n32-zipf-w2,smoke_parallel,2,32,zipf,2,eas_k1_adaptive,eas,1,adaptive,47,1,native,ok,0,56.794667000000004,0.075893,0.0008202663655147036,0.0,0.0008202663655142291,19,19,0.046625,56.841292,baseline_dominates
l2-n32-zipf-w2,smoke_parallel,2,32,zipf,2,eas_k1_adaptive,eas,1,adaptive,47,1,accept_id,ok,0,56.742315000000005,0.017742,0.0017412869503388485,0.7662234988734139,0.0017412869503408807,19,19,0.098977,56.841292,baseline_dominates
l2-n32-zipf-w2,smoke_parallel,2,32,zipf,2,eas_k1_adaptive,eas,1,adaptive,47,1,accept_static_degree,ok,0,56.731477000000005,0.007032999999999998,0.0019319581968685721,0.9073300567904814,0.0019319581968717495,19,19,0.109815,56.841292,baseline_dominates
l2-n32-zipf-w2,smoke_parallel,2,32,zipf,2,accept_static_degree,accept_static_degree,,greedy,47,1,native,ok,0,0.06319,0.06886,0.4245776988571689,0.0,0.4245776988562249,19,19,0.046625,0.109815,baseline_dominates
l2-n32-zipf-w2,smoke_parallel,2,32,zipf,2,accept_static_degree,accept_static_degree,,greedy,47,1,accept_id,ok,0,0.010838,0.010709000000000003,0.9013067431589491,0.8444815567818762,0.9013067431585187,19,19,0.098977,0.109815,baseline_dominates
l2-n32-zipf-w2,smoke_parallel,2,32,zipf,2,native,native,,native,47,2,accept_id,ok,0,-0.027295000000000007,-0.037335,1.5619492711850451,,1.5619492711852392,19,19,0.075867,0.048572,variant_dominates
l2-n32-zipf-w2,smoke_parallel,2,32,zipf,2,native,native,,native,47,2,accept_static_degree,ok,0,-0.045366,-0.046919,1.9339948941777156,,1.9339948941799459,19,19,0.093938,0.048572,variant_dominates
l2-n32-zipf-w2,smoke_parallel,2,32,zipf,2,accept_static_degree,accept_static_degree,,greedy,47,2,native,ok,0,0.045366,0.046919,0.5170644467627584,0.0,0.5170644467621621,19,19,0.048572,0.093938,baseline_dominates
l2-n32-zipf-w2,smoke_parallel,2,32,zipf,2,accept_static_degree,accept_static_degree,,greedy,47,2,accept_id,ok,0,0.01807099999999999,0.009584000000000002,0.807628435776789,0.7957330718898527,0.807628435775958,19,19,0.075867,0.093938,baseline_dominates
l2-n32-zipf-w2,smoke_parallel,2,32,zipf,2,eas_k2_adaptive,eas,2,adaptive,47,2,native,ok,-1,0.072355,0.073523,0.4016638137057894,0.0,0.38052361298544,19,18,0.048572,0.120927,baseline_dominates
l2-n32-zipf-w2,smoke_parallel,2,32,zipf,2,eas_k2_adaptive,eas,2,adaptive,47,2,accept_id,ok,-1,0.04506,0.036188000000000005,0.6273785010791635,0.507800280184432,0.5943585799713821,19,18,0.075867,0.120927,baseline_dominates
l2-n32-zipf-w2,smoke_parallel,2,32,zipf,2,eas_k2_adaptive,eas,2,adaptive,47,2,accept_static_degree,ok,-1,0.026989000000000013,0.026604000000000003,0.7768157648829458,0.6381540470329012,0.7359307246287468,19,18,0.093938,0.120927,baseline_dominates
l2-n32-zipf-w2,smoke_parallel,2,32,zipf,2,accept_id,accept_id,,greedy,47,2,native,ok,0,0.027295000000000007,0.037335,0.6402256580594988,0.0,0.6402256580594192,19,19,0.048572,0.075867,baseline_dominates
l2-n32-zipf-w2,smoke_parallel,2,32,zipf,2,accept_id,accept_id,,greedy,47,2,accept_static_degree,ok,0,-0.01807099999999999,-0.009584000000000002,1.2381931538086386,1.256702825766707,1.2381931538099127,19,19,0.093938,0.075867,variant_dominates
l2-n32-zipf-w2,smoke_parallel,2,32,zipf,2,eas_k1_adaptive,eas,1,adaptive,47,2,native,ok,0,0.06675900000000001,0.073672,0.4211530291075253,0.0,0.4211530291069586,19,19,0.048572,0.115331,baseline_dominates
l2-n32-zipf-w2,smoke_parallel,2,32,zipf,2,eas_k1_adaptive,eas,1,adaptive,47,2,accept_id,ok,0,0.039464,0.036337,0.6578196668718731,0.5067732652839614,0.6578196668710699,19,19,0.075867,0.115331,baseline_dominates
l2-n32-zipf-w2,smoke_parallel,2,32,zipf,2,eas_k1_adaptive,eas,1,adaptive,47,2,accept_static_degree,ok,0,0.02139300000000001,0.026753,0.8145078079614326,0.6368633945053752,0.8145078079612762,19,19,0.093938,0.115331,baseline_dominates
l2-n32-zipf-w2,smoke_parallel,2,32,zipf,2,native,native,,native,47,3,accept_id,ok,0,-0.054196,-0.056473,2.2184900400197853,,2.2184900400195113,19,19,0.098674,0.044478,variant_dominates
l2-n32-zipf-w2,smoke_parallel,2,32,zipf,2,native,native,,native,47,3,accept_static_degree,ok,0,-0.041983,-0.045701,1.9439048518368631,,1.9439048518340467,19,19,0.086461,0.044478,variant_dominates
l2-n32-zipf-w2,smoke_parallel,2,32,zipf,2,accept_static_degree,accept_static_degree,,greedy,47,3,native,ok,0,0.041983,0.045701,0.5144284706399417,0.0,0.5144284706406871,19,19,0.044478,0.086461,baseline_dominates
l2-n32-zipf-w2,smoke_parallel,2,32,zipf,2,accept_static_degree,accept_static_degree,,greedy,47,3,accept_id,ok,0,-0.012213000000000002,-0.010772000000000004,1.141254438417321,1.2357060020568478,1.141254438418834,19,19,0.098674,0.086461,variant_dominates
l2-n32-zipf-w2,smoke_parallel,2,32,zipf,2,eas_k1_adaptive,eas,1,adaptive,47,3,native,ok,0,0.07461700000000002,0.072256,0.373466560308997,0.0,0.37346656030834424,19,19,0.044478,0.119095,baseline_dominates
l2-n32-zipf-w2,smoke_parallel,2,32,zipf,2,eas_k1_adaptive,eas,1,adaptive,47,3,accept_id,ok,0,0.02042100000000001,0.015783,0.8285318443259582,0.7815683126660762,0.8285318443244079,19,19,0.098674,0.119095,baseline_dominates
l2-n32-zipf-w2,smoke_parallel,2,32,zipf,2,eas_k1_adaptive,eas,1,adaptive,47,3,accept_static_degree,ok,0,0.03263400000000001,0.026555000000000002,0.7259834585834837,0.6324872674933569,0.725983458581163,19,19,0.086461,0.119095,baseline_dominates
l2-n32-zipf-w2,smoke_parallel,2,32,zipf,2,eas_k2_adaptive,eas,2,adaptive,47,3,native,ok,-1,5.2125840000000006,0.071671,0.008460619258437507,0.0,0.008015323507991681,19,18,0.044478,5.257062,baseline_dominates
l2-n32-zipf-w2,smoke_parallel,2,32,zipf,2,eas_k2_adaptive,eas,2,adaptive,47,3,accept_id,ok,-1,5.158388,0.015197999999999996,0.01876979955724319,0.7879477054875752,0.017781915370013796,19,18,0.098674,5.257062,baseline_dominates
l2-n32-zipf-w2,smoke_parallel,2,32,zipf,2,eas_k2_adaptive,eas,2,adaptive,47,3,accept_static_degree,ok,-1,5.1706010000000004,0.02597,0.016446638826021074,0.6376498165227219,0.015581026256204519,19,18,0.086461,5.257062,baseline_dominates
l2-n32-zipf-w2,smoke_parallel,2,32,zipf,2,accept_id,accept_id,,greedy,47,3,native,ok,0,0.054196,0.056473,0.45075703832823233,0.0,0.45075703832828795,19,19,0.044478,0.098674,baseline_dominates
l2-n32-zipf-w2,smoke_parallel,2,32,zipf,2,accept_id,accept_id,,greedy,47,3,accept_static_degree,ok,0,0.012213000000000002,0.010772000000000004,0.8762287938058657,0.8092539797779469,0.8762287938047043,19,19,0.086461,0.098674,baseline_dominates
l2-n32-zipf-w2,smoke_parallel,2,32,zipf,2,accept_id,accept_id,,greedy,71,1,native,ok,0,56.114855,0.039748,0.0008048425166250282,0.0,0.0008048425166249142,20,20,0.0452,56.160055,baseline_dominates
l2-n32-zipf-w2,smoke_parallel,2,32,zipf,2,accept_id,accept_id,,greedy,71,1,accept_static_degree,ok,0,-3.279601999999997,-0.006675,1.0583974143187715,1.1679329777598872,1.0583974143197035,20,20,59.439657,56.160055,variant_dominates
l2-n32-zipf-w2,smoke_parallel,2,32,zipf,2,eas_k1_adaptive,eas,1,adaptive,71,1,native,ok,0,0.082369,0.078983,0.3543180553269211,0.0,0.35431805532677596,20,20,0.0452,0.127569,baseline_dominates
l2-n32-zipf-w2,smoke_parallel,2,32,zipf,2,eas_k1_adaptive,eas,1,adaptive,71,1,accept_id,ok,0,-56.032486,0.039235,440.2327759878968,0.5032475342795285,440.2327759877787,20,20,56.160055,0.127569,variant_dominates
l2-n32-zipf-w2,smoke_parallel,2,32,zipf,2,eas_k1_adaptive,eas,1,adaptive,71,1,accept_static_degree,ok,0,-59.312087999999996,0.03256,465.9412318039649,0.5877593912614106,465.9412318042502,20,20,59.439657,0.127569,variant_dominates
l2-n32-zipf-w2,smoke_parallel,2,32,zipf,2,native,native,,native,71,1,accept_id,ok,0,-56.114855,-0.039748,1242.479092920354,,1242.47909292053,20,20,56.160055,0.0452,variant_dominates
l2-n32-zipf-w2,smoke_parallel,2,32,zipf,2,native,native,,native,71,1,accept_static_degree,ok,0,-59.394456999999996,-0.046423,1315.0366592920354,,1315.0366592933794,20,20,59.439657,0.0452,variant_dominates
l2-n32-zipf-w2,smoke_parallel,2,32,zipf,2,eas_k2_adaptive,eas,2,adaptive,71,1,native,ok,-2,0.105631,0.108015,0.29967314411493656,0.0,0.2697058297043787,20,18,0.0452,0.150831,baseline_dominates
l2-n32-zipf-w2,smoke_parallel,2,32,zipf,2,eas_k2_adaptive,eas,2,adaptive,71,1,accept_id,ok,-2,-56.009224,0.068267,372.3376162725169,0.367985927880387,335.1038546464754,20,18,56.160055,0.150831,tradeoff_or_tie
l2-n32-zipf-w2,smoke_parallel,2,32,zipf,2,eas_k2_adaptive,eas,2,adaptive,71,1,accept_static_degree,ok,-2,-59.288826,0.061592,394.0811703164469,0.4297829005230755,354.67305328639526,20,18,59.439657,0.150831,tradeoff_or_tie
l2-n32-zipf-w2,smoke_parallel,2,32,zipf,2,accept_static_degree,accept_static_degree,,greedy,71,1,native,ok,0,59.394456999999996,0.046423,0.0007604350745159919,0.0,0.0007604350745152147,20,20,0.0452,59.439657,baseline_dominates
l2-n32-zipf-w2,smoke_parallel,2,32,zipf,2,accept_static_degree,accept_static_degree,,greedy,71,1,accept_id,ok,0,3.279601999999997,0.006675,0.9448246816094514,0.8562135148525515,0.9448246816086195,20,20,56.160055,59.439657,baseline_dominates
l2-n32-zipf-w2,smoke_parallel,2,32,zipf,2,accept_id,accept_id,,greedy,71,2,native,ok,0,54.461827,0.042128,0.0008307356904717822,0.0,0.0008307356904704529,20,20,0.045281,54.507108,baseline_dominates
l2-n32-zipf-w2,smoke_parallel,2,32,zipf,2,accept_id,accept_id,,greedy,71,2,accept_static_degree,ok,0,-2.9025689999999997,-0.005989000000000001,1.0532512016597908,1.1421619825294342,1.0532512016586104,20,20,57.409677,54.507108,variant_dominates
l2-n32-zipf-w2,smoke_parallel,2,32,zipf,2,eas_k1_adaptive,eas,1,adaptive,71,2,native,ok,0,0.098873,0.103928,0.3141154598554324,0.0,0.31411545985443884,20,20,0.045281,0.144154,baseline_dominates
l2-n32-zipf-w2,smoke_parallel,2,32,zipf,2,eas_k1_adaptive,eas,1,adaptive,71,2,accept_id,ok,0,-54.362954,0.06180000000000001,378.117207985904,0.4053575552305442,378.117207985313,20,20,54.507108,0.144154,variant_dominates
l2-n32-zipf-w2,smoke_parallel,2,32,zipf,2,eas_k1_adaptive,eas,1,adaptive,71,2,accept_static_degree,ok,0,-57.265523,0.055811000000000006,398.2524036793984,0.46298398891540293,398.2524036783296,20,20,57.409677,0.144154,variant_dominates
l2-n32-zipf-w2,smoke_parallel,2,32,zipf,2,native,native,,native,71,2,accept_id,ok,0,-54.461827,-0.042128,1203.7523022901437,,1203.7523022920698,20,20,54.507108,0.045281,variant_dominates
l2-n32-zipf-w2,smoke_parallel,2,32,zipf,2,native,native,,native,71,2,accept_static_degree,ok,0,-57.364396,-0.048117,1267.8535588878337,,1267.8535588884413,20,20,57.409677,0.045281,variant_dominates
l2-n32-zipf-w2,smoke_parallel,2,32,zipf,2,eas_k2_adaptive,eas,2,adaptive,71,2,native,ok,-2,0.106583,0.110372,0.29816809777169045,0.0,0.2683512879953208,20,18,0.045281,0.151864,baseline_dominates
l2-n32-zipf-w2,smoke_parallel,2,32,zipf,2,eas_k2_adaptive,eas,2,adaptive,71,2,accept_id,ok,-2,-54.355244,0.068244,358.9205341621451,0.3816910085891349,323.02848074740973,20,18,54.507108,0.151864,tradeoff_or_tie
l2-n32-zipf-w2,smoke_parallel,2,32,zipf,2,eas_k2_adaptive,eas,2,adaptive,71,2,accept_static_degree,ok,-2,-57.257813,0.062255,378.0334839066533,0.43595295908382564,340.23013551716457,20,18,57.409677,0.151864,tradeoff_or_tie
l2-n32-zipf-w2,smoke_parallel,2,32,zipf,2,accept_static_degree,accept_static_degree,,greedy,71,2,native,ok,0,57.364396,0.048117,0.0007887346239554701,0.0,0.0007887346239550922,20,20,0.045281,57.409677,baseline_dominates
l2-n32-zipf-w2,smoke_parallel,2,32,zipf,2,accept_static_degree,accept_static_degree,,greedy,71,2,accept_id,ok,0,2.9025689999999997,0.005989000000000001,0.9494411194823479,0.8755325560612673,0.949441119483412,20,20,54.507108,57.409677,baseline_dominates
l2-n32-zipf-w2,smoke_parallel,2,32,zipf,2,eas_k1_adaptive,eas,1,adaptive,71,3,native,ok,0,-56.24389,0.116191,340.94493804774856,0.0,340.94493804692075,20,20,56.40934,0.16545,variant_dominates
l2-n32-zipf-w2,smoke_parallel,2,32,zipf,2,eas_k1_adaptive,eas,1,adaptive,71,3,accept_id,ok,0,0.07830200000000001,0.07793800000000001,0.5267331520096705,0.32922515513249734,0.5267331520073149,20,20,0.087148,0.16545,baseline_dominates
l2-n32-zipf-w2,smoke_parallel,2,32,zipf,2,eas_k1_adaptive,eas,1,adaptive,71,3,accept_static_degree,ok,0,0.07622400000000001,0.07075300000000001,0.5392928377153218,0.3910629911094663,0.5392928377133551,20,20,0.089226,0.16545,baseline_dominates
l2-n32-zipf-w2,smoke_parallel,2,32,zipf,2,accept_id,accept_id,,greedy,71,3,native,ok,0,-56.322192,0.038253,647.2820948271905,0.0,647.2820948285139,20,20,56.40934,0.087148,variant_dominates
l2-n32-zipf-w2,smoke_parallel,2,32,zipf,2,accept_id,accept_id,,greedy,71,3,accept_static_degree,ok,0,-0.0020779999999999965,-0.007184999999999997,1.0238444944232798,1.1878284056152457,1.0238444944241252,20,20,0.089226,0.087148,variant_dominates
l2-n32-zipf-w2,smoke_parallel,2,32,zipf,2,eas_k2_adaptive,eas,2,adaptive,71,3,native,ok,-2,-56.282996,0.081359,446.4742290888368,0.0,401.82680618006776,20,18,56.40934,0.126344,tradeoff_or_tie
l2-n32-zipf-w2,smoke_parallel,2,32,zipf,2,eas_k2_adaptive,eas,2,adaptive,71,3,accept_id,ok,-2,0.03919600000000001,0.043106,0.6897676185651871,0.4701753954694625,0.6207908567075763,20,18,0.087148,0.126344,baseline_dominates
l2-n32-zipf-w2,smoke_parallel,2,32,zipf,2,eas_k2_adaptive,eas,2,adaptive,71,3,accept_static_degree,ok,-2,0.03711800000000001,0.035921,0.7062147786994237,0.5584876903600093,0.635593300828888,20,18,0.089226,0.126344,baseline_dominates
l2-n32-zipf-w2,smoke_parallel,2,32,zipf,2,accept_static_degree,accept_static_degree,,greedy,71,3,native,ok,0,-56.320114000000004,0.045438,632.2074283280658,0.0,632.2074283288364,20,20,56.40934,0.089226,variant_dominates
l2-n32-zipf-w2,smoke_parallel,2,32,zipf,2,accept_static_degree,accept_static_degree,,greedy,71,3,accept_id,ok,0,0.0020779999999999965,0.007184999999999997,0.9767108241992245,0.8418724415687311,0.976710824198418,20,20,0.087148,0.089226,baseline_dominates
l2-n32-zipf-w2,smoke_parallel,2,32,zipf,2,native,native,,native,71,3,accept_id,ok,0,56.322192,-0.038253,0.0015449214615877443,,0.0015449214615845855,20,20,0.087148,56.40934,baseline_dominates
l2-n32-zipf-w2,smoke_parallel,2,32,zipf,2,native,native,,native,71,3,accept_static_degree,ok,0,56.320114000000004,-0.045438,0.0015817593327629787,,0.0015817593327610508,20,20,0.089226,56.40934,baseline_dominates
l2-n32-zipf-w2,smoke_parallel,2,32,zipf,2,native,native,,native,101,1,accept_id,ok,0,-55.845122,-0.037004,1374.9727395743635,,1374.9727395758384,19,19,55.885767,0.040645,variant_dominates
l2-n32-zipf-w2,smoke_parallel,2,32,zipf,2,native,native,,native,101,1,accept_static_degree,ok,0,-0.070802,-0.066697,2.741960880797146,,2.7419608807925124,19,19,0.111447,0.040645,variant_dominates
l2-n32-zipf-w2,smoke_parallel,2,32,zipf,2,accept_id,accept_id,,greedy,101,1,native,ok,0,55.845122,0.037004,0.0007272871462961222,0.0,0.000727287146295342,19,19,0.040645,55.885767,baseline_dominates
l2-n32-zipf-w2,smoke_parallel,2,32,zipf,2,accept_id,accept_id,,greedy,101,1,accept_static_degree,ok,0,55.77432,-0.029693000000000004,0.001994192904250558,1.8024267646740892,0.001994192904245049,19,19,0.111447,55.885767,baseline_dominates
l2-n32-zipf-w2,smoke_parallel,2,32,zipf,2,eas_k2_adaptive,eas,2,adaptive,101,1,native,ok,-1,0.12441,0.12007,0.24625124958347216,0.0,0.23329065750070294,19,18,0.040645,0.165055,baseline_dominates
l2-n32-zipf-w2,smoke_parallel,2,32,zipf,2,eas_k2_adaptive,eas,2,adaptive,101,1,accept_id,ok,-1,-55.720712,0.083066,338.58875526339705,0.30818689098026153,320.7682944611901,19,18,55.885767,0.165055,tradeoff_or_tie
l2-n32-zipf-w2,smoke_parallel,2,32,zipf,2,eas_k2_adaptive,eas,2,adaptive,101,1,accept_static_degree,ok,-1,0.053608,0.05337299999999999,0.6752112932052952,0.555484300824519,0.6396738567212918,19,18,0.111447,0.165055,baseline_dominates
l2-n32-zipf-w2,smoke_parallel,2,32,zipf,2,accept_static_degree,accept_static_degree,,greedy,101,1,native,ok,0,0.070802,0.066697,0.3647025043294122,0.0,0.3647025043300285,19,19,0.040645,0.111447,baseline_dominates
l2-n32-zipf-w2,smoke_parallel,2,32,zipf,2,accept_static_degree,accept_static_degree,,greedy,101,1,accept_id,ok,0,-55.77432,0.029693000000000004,501.456001507443,0.5548075625590356,501.4560015088283,19,19,55.885767,0.111447,variant_dominates
l2-n32-zipf-w2,smoke_parallel,2,32,zipf,2,eas_k1_adaptive,eas,1,adaptive,101,1,native,ok,0,0.079803,0.076186,0.33744852550478216,0.0,0.33744852550494003,19,19,0.040645,0.120448,baseline_dominates
l2-n32-zipf-w2,smoke_parallel,2,32,zipf,2,eas_k1_adaptive,eas,1,adaptive,101,1,accept_id,ok,0,-55.765319,0.039182,463.98252357863976,0.48570603522956973,463.98252357935456,19,19,55.885767,0.120448,variant_dominates
l2-n32-zipf-w2,smoke_parallel,2,32,zipf,2,eas_k1_adaptive,eas,1,adaptive,101,1,accept_static_degree,ok,0,0.009000999999999995,0.009488999999999997,0.9252706562167907,0.8754495576615127,0.92527065621566,19,19,0.111447,0.120448,baseline_dominates
l2-n32-zipf-w2,smoke_parallel,2,32,zipf,2,native,native,,native,101,2,accept_id,ok,0,-0.043154,-0.036739,2.0595919169101577,,2.059591916910201,19,19,0.083881,0.040727,variant_dominates
l2-n32-zipf-w2,smoke_parallel,2,32,zipf,2,native,native,,native,101,2,accept_static_degree,ok,0,-0.071698,-0.069404,2.760453753038525,,2.7604537530414865,19,19,0.112425,0.040727,variant_dominates
l2-n32-zipf-w2,smoke_parallel,2,32,zipf,2,accept_id,accept_id,,greedy,101,2,native,ok,0,0.043154,0.036739,0.4855330766204504,0.0,0.48553307662044026,19,19,0.040727,0.083881,baseline_dominates
l2-n32-zipf-w2,smoke_parallel,2,32,zipf,2,accept_id,accept_id,,greedy,101,2,accept_static_degree,ok,0,-0.028544,-0.03266499999999999,1.340291603581264,1.889109665478102,1.340291603582674,19,19,0.112425,0.083881,variant_dominates
l2-n32-zipf-w2,smoke_parallel,2,32,zipf,2,eas_k2_adaptive,eas,2,adaptive,101,2,native,ok,-1,0.081847,0.0722,0.3322645911857327,0.0,0.3147769811245258,19,18,0.040727,0.122574,baseline_dominates
l2-n32-zipf-w2,smoke_parallel,2,32,zipf,2,eas_k2_adaptive,eas,2,adaptive,101,2,accept_id,ok,-1,0.038693000000000005,0.035461,0.6843294662815931,0.5088504155124653,0.6483121259534681,19,18,0.083881,0.122574,baseline_dominates
l2-n32-zipf-w2,smoke_parallel,2,32,zipf,2,eas_k2_adaptive,eas,2,adaptive,101,2,accept_static_degree,ok,-1,0.010149000000000005,0.002796000000000007,0.9172010377404669,0.9612742382271467,0.8689272989162664,19,18,0.112425,0.122574,baseline_dominates
l2-n32-zipf-w2,smoke_parallel,2,32,zipf,2,accept_static_degree,accept_static_degree,,greedy,101,2,native,ok,0,0.071698,0.069404,0.3622592839670892,0.0,0.3622592839667005,19,19,0.040727,0.112425,baseline_dominates
l2-n32-zipf-w2,smoke_parallel,2,32,zipf,2,accept_static_degree,accept_static_degree,,greedy,101,2,accept_id,ok,0,0.028544,0.03266499999999999,0.7461062930842784,0.5293498933779034,0.7461062930834934,19,19,0.083881,0.112425,baseline_dominates
l2-n32-zipf-w2,smoke_parallel,2,32,zipf,2,eas_k1_adaptive,eas,1,adaptive,101,2,native,ok,0,63.637492,0.113448,0.0006395750484164766,0.0,0.0006395750484160775,19,19,0.040727,63.678219,baseline_dominates
l2-n32-zipf-w2,smoke_parallel,2,32,zipf,2,eas_k1_adaptive,eas,1,adaptive,101,2,accept_id,ok,0,63.594338,0.076709,0.001317263599975998,0.3238399971793245,0.0013172635999752036,19,19,0.083881,63.678219,baseline_dominates
l2-n32-zipf-w2,smoke_parallel,2,32,zipf,2,eas_k1_adaptive,eas,1,adaptive,101,2,accept_static_degree,ok,0,63.565794,0.044044,0.001765517342751059,0.6117692687398631,0.0017655173427518517,19,19,0.112425,63.678219,baseline_dominates
l2-n32-zipf-w2,smoke_parallel,2,32,zipf,2,accept_id,accept_id,,greedy,101,3,native,ok,0,-51.343624999999996,0.041323,607.8627740677265,0.0,607.8627740677279,19,19,51.42823,0.084605,variant_dominates
l2-n32-zipf-w2,smoke_parallel,2,32,zipf,2,accept_id,accept_id,,greedy,101,3,accept_static_degree,ok,0,-0.028678999999999996,-0.028849,1.338975237870102,1.6981342109720978,1.3389752378675517,19,19,0.113284,0.084605,variant_dominates
l2-n32-zipf-w2,smoke_parallel,2,32,zipf,2,eas_k1_adaptive,eas,1,adaptive,101,3,native,ok,0,-51.305619,0.078899,419.44221970296303,0.0,419.44221970409404,19,19,51.42823,0.122611,variant_dominates
l2-n32-zipf-w2,smoke_parallel,2,32,zipf,2,eas_k1_adaptive,eas,1,adaptive,101,3,accept_id,ok,0,0.038006,0.037576,0.6900278115340386,0.5237455481058062,0.6900278115358977,19,19,0.084605,0.122611,baseline_dominates
l2-n32-zipf-w2,smoke_parallel,2,32,zipf,2,eas_k1_adaptive,eas,1,adaptive,101,3,accept_static_degree,ok,0,0.009327000000000002,0.008726999999999999,0.9239301530857753,0.8893902330828021,0.9239301530865047,19,19,0.113284,0.122611,baseline_dominates
l2-n32-zipf-w2,smoke_parallel,2,32,zipf,2,native,native,,native,101,3,accept_id,ok,0,51.343624999999996,-0.041323,0.0016451081439124,,0.0016451081439123963,19,19,0.084605,51.42823,baseline_dominates
l2-n32-zipf-w2,smoke_parallel,2,32,zipf,2,native,native,,native,101,3,accept_static_degree,ok,0,51.314946,-0.070172,0.002202759068317148,,0.002202759068312947,19,19,0.113284,51.42823,baseline_dominates
l2-n32-zipf-w2,smoke_parallel,2,32,zipf,2,accept_static_degree,accept_static_degree,,greedy,101,3,native,ok,0,-51.314946,0.070172,453.9761131315985,0.0,453.9761131324642,19,19,51.42823,0.113284,variant_dominates
l2-n32-zipf-w2,smoke_parallel,2,32,zipf,2,accept_static_degree,accept_static_degree,,greedy,101,3,accept_id,ok,0,0.028678999999999996,0.028849,0.7468398008544896,0.5888816051986547,0.7468398008559122,19,19,0.084605,0.113284,baseline_dominates
l2-n32-zipf-w2,smoke_parallel,2,32,zipf,2,eas_k2_adaptive,eas,2,adaptive,101,3,native,ok,-1,-51.275888,0.111249,337.5840542988801,0.0,319.8164724943124,19,18,51.42823,0.152342,tradeoff_or_tie
l2-n32-zipf-w2,smoke_parallel,2,32,zipf,2,eas_k2_adaptive,eas,2,adaptive,101,3,accept_id,ok,-1,0.067737,0.069926,0.5553622769820535,0.37144603546998173,0.5261326834577281,19,18,0.084605,0.152342,baseline_dominates
l2-n32-zipf-w2,smoke_parallel,2,32,zipf,2,eas_k2_adaptive,eas,2,adaptive,101,3,accept_static_degree,ok,-1,0.03905800000000001,0.041077,0.7436163369261267,0.6307652203615314,0.7044786349827049,19,18,0.113284,0.152342,baseline_dominates
l2-n32-zipf-w4,smoke_parallel,2,32,zipf,4,accept_id,accept_id,,greedy,11,1,native,ok,0,1.4472649999999945,0.039557,0.9762699226875619,0.0,0.9762699226888985,23,23,59.541369,60.988634,baseline_dominates
l2-n32-zipf-w4,smoke_parallel,2,32,zipf,4,accept_id,accept_id,,greedy,11,1,accept_static_degree,ok,-1,-23.7262,-0.041856,1.3890265848551386,2.058118664206082,1.3311504771517595,24,23,84.714834,60.988634,tradeoff_or_tie
l2-n32-zipf-w4,smoke_parallel,2,32,zipf,4,eas_k2_adaptive,eas,2,adaptive,11,1,native,ok,-1,-15.929997,0.113347,1.3652716314451194,0.0,1.3059119952962095,23,22,59.541369,43.611372,tradeoff_or_tie
l2-n32-zipf-w4,smoke_parallel,2,32,zipf,4,eas_k2_adaptive,eas,2,adaptive,11,1,accept_id,ok,-1,-17.377261999999995,0.07379,1.3984571271915038,0.3489902688205246,1.337654643399637,23,22,60.988634,43.611372,tradeoff_or_tie
l2-n32-zipf-w4,smoke_parallel,2,32,zipf,4,eas_k2_adaptive,eas,2,adaptive,11,1,accept_static_degree,ok,-2,-41.10346199999999,0.031934000000000004,1.9424941274491432,0.7182633858858196,1.7806196168256936,24,22,84.714834,43.611372,tradeoff_or_tie
l2-n32-zipf-w4,smoke_parallel,2,32,zipf,4,accept_static_degree,accept_static_degree,,greedy,11,1,native,ok,1,25.173464999999993,0.081413,0.7028446635449939,0.0,0.7334031271789849,23,24,59.541369,84.714834,extra_commits_extra_time
l2-n32-zipf-w4,smoke_parallel,2,32,zipf,4,accept_static_degree,accept_static_degree,,greedy,11,1,accept_id,ok,1,23.7262,0.041856,0.7199286254872435,0.4858806333140899,0.7512298700742559,23,24,60.988634,84.714834,extra_commits_extra_time
l2-n32-zipf-w4,smoke_parallel,2,32,zipf,4,native,native,,native,11,1,accept_id,ok,0,-1.4472649999999945,-0.039557,1.024306881489406,,1.0243068814880036,23,23,60.988634,59.541369,variant_dominates
l2-n32-zipf-w4,smoke_parallel,2,32,zipf,4,native,native,,native,11,1,accept_static_degree,ok,-1,-25.173464999999993,-0.081413,1.422789489438847,,1.363506594042587,24,23,84.714834,59.541369,tradeoff_or_tie
l2-n32-zipf-w4,smoke_parallel,2,32,zipf,4,eas_k1_adaptive,eas,1,adaptive,11,1,native,ok,1,2.626097999999999,0.107788,0.9577576805566166,0.0,0.9993993188429979,23,24,59.541369,62.167467,extra_commits_extra_time
l2-n32-zipf-w4,smoke_parallel,2,32,zipf,4,eas_k1_adaptive,eas,1,adaptive,11,1,accept_id,ok,1,1.1788330000000045,0.06823099999999999,0.9810377829934747,0.3669889041451739,1.0236915996453064,23,24,60.988634,62.167467,extra_commits_extra_time
l2-n32-zipf-w4,smoke_parallel,2,32,zipf,4,eas_k1_adaptive,eas,1,adaptive,11,1,accept_static_degree,ok,0,-22.547366999999994,0.026374999999999996,1.3626875613252827,0.7553067131777192,1.3626875613240974,24,24,84.714834,62.167467,variant_dominates
l2-n32-zipf-w4,smoke_parallel,2,32,zipf,4,eas_k1_adaptive,eas,1,adaptive,11,2,native,ok,1,-13.991222,0.071562,1.243063556350293,0.0,1.2971097979302375,23,24,71.553212,57.56199,variant_dominates
l2-n32-zipf-w4,smoke_parallel,2,32,zipf,4,eas_k1_adaptive,eas,1,adaptive,11,2,accept_id,ok,1,-31.064512,0.003134999999999999,1.5396705708054916,0.9561918336547329,1.6066127695355812,23,24,88.626502,57.56199,variant_dominates
l2-n32-zipf-w4,smoke_parallel,2,32,zipf,4,eas_k1_adaptive,eas,1,adaptive,11,2,accept_static_degree,ok,0,0.05063400000000229,0.016484,0.9991203570272674,0.7696542857941365,0.9991203570260365,24,24,57.511356,57.56199,baseline_dominates
l2-n32-zipf-w4,smoke_parallel,2,32,zipf,4,accept_id,accept_id,,greedy,11,2,native,ok,0,17.07329,0.068427,0.8073568332867295,0.0,0.80735683328671,23,23,71.553212,88.626502,baseline_dominates
l2-n32-zipf-w4,smoke_parallel,2,32,zipf,4,accept_id,accept_id,,greedy,11,2,accept_static_degree,ok,-1,31.115146000000003,0.013349,0.6489182660058048,0.804916188054423,0.6218800049216896,24,23,57.511356,88.626502,baseline_dominates
l2-n32-zipf-w4,smoke_parallel,2,32,zipf,4,native,native,,native,11,2,accept_id,ok,0,-17.07329,-0.068427,1.2386096937199689,,1.2386096937199988,23,23,88.626502,71.553212,variant_dominates
l2-n32-zipf-w4,smoke_parallel,2,32,zipf,4,native,native,,native,11,2,accept_static_degree,ok,-1,14.041856000000003,-0.055078,0.8037564547067433,,0.7702666024266452,24,23,57.511356,71.553212,baseline_dominates
l2-n32-zipf-w4,smoke_parallel,2,32,zipf,4,eas_k2_adaptive,eas,2,adaptive,11,2,native,ok,-1,3.075655999999995,0.11631,0.9587873153857834,0.0,0.9171009103681197,23,22,71.553212,74.628868,baseline_dominates
l2-n32-zipf-w4,smoke_parallel,2,32,zipf,4,eas_k2_adaptive,eas,2,adaptive,11,2,accept_id,ok,-1,-13.997634000000005,0.047882999999999995,1.1875632630525765,0.5883157080216662,1.1359300777013888,23,22,88.626502,74.628868,tradeoff_or_tie
l2-n32-zipf-w4,smoke_parallel,2,32,zipf,4,eas_k2_adaptive,eas,2,adaptive,11,2,accept_static_degree,ok,-2,17.117511999999998,0.061231999999999995,0.7706314934322734,0.4735448370733385,0.7064122023116348,24,22,57.511356,74.628868,baseline_dominates
l2-n32-zipf-w4,smoke_parallel,2,32,zipf,4,accept_static_degree,accept_static_degree,,greedy,11,2,native,ok,1,-14.041856000000003,0.055078,1.2441579711665989,0.0,1.2982517960010254,23,24,71.553212,57.511356,variant_dominates
l2-n32-zipf-w4,smoke_parallel,2,32,zipf,4,accept_static_degree,accept_static_degree,,greedy,11,2,accept_id,ok,1,-31.115146000000003,-0.013349,1.5410261236059188,1.2423653727441084,1.6080272594162683,23,24,88.626502,57.511356,variant_dominates
l2-n32-zipf-w4,smoke_parallel,2,32,zipf,4,native,native,,native,11,3,accept_id,ok,0,-21.361509999999996,-0.041477,1.3789125386404488,,1.378912538640918,23,23,77.737343,56.375833,variant_dominates
l2-n32-zipf-w4,smoke_parallel,2,32,zipf,4,native,native,,native,11,3,accept_static_degree,ok,-1,-6.601872,-0.048235,1.1171046465956431,,1.0705586196522041,24,23,62.977705,56.375833,tradeoff_or_tie
l2-n32-zipf-w4,smoke_parallel,2,32,zipf,4,accept_id,accept_id,,greedy,11,3,native,ok,0,21.361509999999996,0.041477,0.7252091572000345,0.0,0.7252091571997877,23,23,56.375833,77.737343,baseline_dominates
l2-n32-zipf-w4,smoke_parallel,2,32,zipf,4,accept_id,accept_id,,greedy,11,3,accept_static_degree,ok,-1,14.759637999999995,-0.006758,0.8101345192618689,1.1629336740844323,0.7763789142909431,24,23,62.977705,77.737343,baseline_dominates
l2-n32-zipf-w4,smoke_parallel,2,32,zipf,4,eas_k2_adaptive,eas,2,adaptive,11,3,native,ok,-1,0.4134809999999973,0.072303,0.9927190351339691,0.0,0.9495573379546848,23,22,56.375833,56.789314,baseline_dominates
l2-n32-zipf-w4,smoke_parallel,2,32,zipf,4,eas_k2_adaptive,eas,2,adaptive,11,3,accept_id,ok,-1,-20.948029,0.030826000000000006,1.3688727248932784,0.5736553116744809,1.3093565194642065,23,22,77.737343,56.789314,tradeoff_or_tie
l2-n32-zipf-w4,smoke_parallel,2,32,zipf,4,eas_k2_adaptive,eas,2,adaptive,11,3,accept_static_degree,ok,-2,-6.188391000000003,0.024068000000000006,1.1089710469121004,0.6671230792636543,1.0165567930013888,24,22,62.977705,56.789314,tradeoff_or_tie
l2-n32-zipf-w4,smoke_parallel,2,32,zipf,4,eas_k1_adaptive,eas,1,adaptive,11,3,native,ok,1,-6.2656709999999975,0.069812,1.1250379314279606,0.0,1.1739526241006033,23,24,56.375833,50.110162,variant_dominates
l2-n32-zipf-w4,smoke_parallel,2,32,zipf,4,eas_k1_adaptive,eas,1,adaptive,11,3,accept_id,ok,1,-27.627180999999993,0.028335,1.5513289100921284,0.5941242193319201,1.6187779931427302,23,24,77.737343,50.110162,variant_dominates
l2-n32-zipf-w4,smoke_parallel,2,32,zipf,4,eas_k1_adaptive,eas,1,adaptive,11,3,accept_static_degree,ok,0,-12.867542999999998,0.021577,1.2567851007945254,0.6909270612502149,1.2567851007942246,24,24,62.977705,50.110162,variant_dominates
l2-n32-zipf-w4,smoke_parallel,2,32,zipf,4,accept_static_degree,accept_static_degree,,greedy,11,3,native,ok,1,6.601872,0.048235,0.8951712832342811,0.0,0.9340917738113895,23,24,56.375833,62.977705,extra_commits_extra_time
l2-n32-zipf-w4,smoke_parallel,2,32,zipf,4,accept_static_degree,accept_static_degree,,greedy,11,3,accept_id,ok,1,-14.759637999999995,0.006758,1.234362906682611,0.8598942676479735,1.2880308591498615,23,24,77.737343,62.977705,variant_dominates
l2-n32-zipf-w4,smoke_parallel,2,32,zipf,4,accept_id,accept_id,,greedy,29,1,native,ok,0,-7.392899,0.067403,1.1610571339525233,0.0,1.1610571339514624,24,24,53.295237,45.902338,variant_dominates
l2-n32-zipf-w4,smoke_parallel,2,32,zipf,4,accept_id,accept_id,,greedy,29,1,accept_static_degree,ok,0,-32.596182,-0.009838,1.7101202993189584,1.1459578950491818,1.7101202993213085,24,24,78.49852,45.902338,variant_dominates
l2-n32-zipf-w4,smoke_parallel,2,32,zipf,4,eas_k1_adaptive,eas,1,adaptive,29,1,native,ok,0,17.927217999999996,0.106748,0.7482926136146248,0.0,0.7482926136141118,24,24,53.295237,71.222455,baseline_dominates
l2-n32-zipf-w4,smoke_parallel,2,32,zipf,4,eas_k1_adaptive,eas,1,adaptive,29,1,accept_id,ok,0,25.320116999999996,0.03934499999999999,0.6444924988895707,0.6314216659796905,0.6444924988897178,24,24,45.902338,71.222455,baseline_dominates
l2-n32-zipf-w4,smoke_parallel,2,32,zipf,4,eas_k1_adaptive,eas,1,adaptive,29,1,accept_static_degree,ok,0,-7.276065000000003,0.02950699999999999,1.1021597051098562,0.7235826432345337,1.1021597051116223,24,24,78.49852,71.222455,variant_dominates
l2-n32-zipf-w4,smoke_parallel,2,32,zipf,4,eas_k2_adaptive,eas,2,adaptive,29,1,native,ok,0,16.872789999999995,0.1114,0.7595373459766798,0.0,0.7595373459766245,24,24,53.295237,70.168027,baseline_dominates
l2-n32-zipf-w4,smoke_parallel,2,32,zipf,4,eas_k2_adaptive,eas,2,adaptive,29,1,accept_id,ok,0,24.265688999999995,0.043996999999999994,0.6541774076104492,0.6050538599640934,0.6541774076109993,24,24,45.902338,70.168027,baseline_dominates
l2-n32-zipf-w4,smoke_parallel,2,32,zipf,4,eas_k2_adaptive,eas,2,adaptive,29,1,accept_static_degree,ok,0,-8.330493000000004,0.034158999999999995,1.1187220641104816,0.6933662477558349,1.1187220641129598,24,24,78.49852,70.168027,variant_dominates
l2-n32-zipf-w4,smoke_parallel,2,32,zipf,4,native,native,,native,29,1,accept_id,ok,0,7.392899,-0.067403,0.861284058085716,,0.861284058086503,24,24,45.902338,53.295237,baseline_dominates
l2-n32-zipf-w4,smoke_parallel,2,32,zipf,4,native,native,,native,29,1,accept_static_degree,ok,0,-25.203283,-0.077241,1.4728993512121917,,1.4728993512155617,24,24,78.49852,53.295237,variant_dominates
l2-n32-zipf-w4,smoke_parallel,2,32,zipf,4,accept_static_degree,accept_static_degree,,greedy,29,1,native,ok,0,25.203283,0.077241,0.6789330168263045,0.0,0.6789330168247512,24,24,53.295237,78.49852,baseline_dominates
l2-n32-zipf-w4,smoke_parallel,2,32,zipf,4,accept_static_degree,accept_static_degree,,greedy,29,1,accept_id,ok,0,32.596182,0.009838,0.5847541839005372,0.8726324102484432,0.5847541838997337,24,24,45.902338,78.49852,baseline_dominates
l2-n32-zipf-w4,smoke_parallel,2,32,zipf,4,accept_static_degree,accept_static_degree,,greedy,29,2,native,ok,0,0.3280669999999972,0.079277,0.9938070266039032,0.0,0.9938070266027116,24,24,52.646002,52.974069,baseline_dominates
l2-n32-zipf-w4,smoke_parallel,2,32,zipf,4,accept_static_degree,accept_static_degree,,greedy,29,2,accept_id,ok,0,-9.539324999999998,0.031564,1.1800753685732541,0.6018517350555647,1.180075368572076,24,24,62.513394,52.974069,variant_dominates
l2-n32-zipf-w4,smoke_parallel,2,32,zipf,4,accept_id,accept_id,,greedy,29,2,native,ok,0,9.867391999999995,0.047713,0.8421555546960064,0.0,0.8421555546958376,24,24,52.646002,62.513394,baseline_dominates
l2-n32-zipf-w4,smoke_parallel,2,32,zipf,4,accept_id,accept_id,,greedy,29,2,accept_static_degree,ok,0,9.539324999999998,-0.031564,0.8474035020398989,1.661538783979209,0.847403502040745,24,24,52.974069,62.513394,baseline_dominates
l2-n32-zipf-w4,smoke_parallel,2,32,zipf,4,eas_k1_adaptive,eas,1,adaptive,29,2,native,ok,0,5.118404999999996,0.071598,0.9113917156632457,0.0,0.9113917156636451,24,24,52.646002,57.764407,baseline_dominates
l2-n32-zipf-w4,smoke_parallel,2,32,zipf,4,eas_k1_adaptive,eas,1,adaptive,29,2,accept_id,ok,0,-4.748987,0.023884999999999997,1.0822130312875886,0.6664012961255901,1.0822130312882796,24,24,62.513394,57.764407,variant_dominates
l2-n32-zipf-w4,smoke_parallel,2,32,zipf,4,eas_k1_adaptive,eas,1,adaptive,29,2,accept_static_degree,ok,0,4.790337999999998,-0.007679000000000005,0.9170711126663172,1.1072515992066818,0.9170711126678186,24,24,52.974069,57.764407,baseline_dominates
l2-n32-zipf-w4,smoke_parallel,2,32,zipf,4,native,native,,native,29,2,accept_id,ok,0,-9.867391999999995,-0.047713,1.1874290853083203,,1.1874290853085583,24,24,62.513394,52.646002,variant_dominates
l2-n32-zipf-w4,smoke_parallel,2,32,zipf,4,native,native,,native,29,2,accept_static_degree,ok,0,-0.3280669999999972,-0.079277,1.0062315653143044,,1.006231565315511,24,24,52.974069,52.646002,variant_dominates
l2-n32-zipf-w4,smoke_parallel,2,32,zipf,4,eas_k2_adaptive,eas,2,adaptive,29,2,native,ok,0,-10.813571000000003,0.105187,1.2584973127667385,0.0,1.2584973127671761,24,24,52.646002,41.832431,variant_dominates
l2-n32-zipf-w4,smoke_parallel,2,32,zipf,4,eas_k2_adaptive,eas,2,adaptive,29,2,accept_id,ok,0,-20.680963,0.057474000000000004,1.494376312961587,0.4536016808160704,1.4943763129624066,24,24,62.513394,41.832431,variant_dominates
l2-n32-zipf-w4,smoke_parallel,2,32,zipf,4,eas_k2_adaptive,eas,2,adaptive,29,2,accept_static_degree,ok,0,-11.141638,0.025910000000000002,1.2663397209691207,0.7536767851540589,1.2663397209710796,24,24,52.974069,41.832431,variant_dominates
l2-n32-zipf-w4,smoke_parallel,2,32,zipf,4,accept_static_degree,accept_static_degree,,greedy,29,3,native,ok,0,-25.043061,0.0757,1.64464706643697,0.0,1.644647066434375,24,24,63.890769,38.847708,variant_dominates
l2-n32-zipf-w4,smoke_parallel,2,32,zipf,4,accept_static_degree,accept_static_degree,,greedy,29,3,accept_id,ok,0,-29.233946000000003,0.018291,1.7525269187052168,0.7583751651254954,1.7525269187039036,24,24,68.081654,38.847708,variant_dominates
l2-n32-zipf-w4,smoke_parallel,2,32,zipf,4,accept_id,accept_id,,greedy,29,3,native,ok,0,4.1908850000000015,0.057409,0.9384432552123366,0.0,0.9384432552115594,24,24,63.890769,68.081654,baseline_dominates
l2-n32-zipf-w4,smoke_parallel,2,32,zipf,4,accept_id,accept_id,,greedy,29,3,accept_static_degree,ok,0,29.233946000000003,-0.018291,0.5706046448283997,1.318608580536153,0.5706046448288272,24,24,38.847708,68.081654,baseline_dominates
l2-n32-zipf-w4,smoke_parallel,2,32,zipf,4,eas_k1_adaptive,eas,1,adaptive,29,3,native,ok,0,-4.650044000000001,0.080524,1.0784940427383358,0.0,1.0784940427380678,24,24,63.890769,59.240725,variant_dominates
l2-n32-zipf-w4,smoke_parallel,2,32,zipf,4,eas_k1_adaptive,eas,1,adaptive,29,3,accept_id,ok,0,-8.840929000000003,0.023114999999999997,1.1492373531890436,0.7129427251502658,1.14923735318971,24,24,68.081654,59.240725,variant_dominates
l2-n32-zipf-w4,smoke_parallel,2,32,zipf,4,eas_k1_adaptive,eas,1,adaptive,29,3,accept_static_degree,ok,0,20.393017,0.004823999999999995,0.6557601717399644,0.9400923948139686,0.655760171740836,24,24,38.847708,59.240725,baseline_dominates
l2-n32-zipf-w4,smoke_parallel,2,32,zipf,4,eas_k2_adaptive,eas,2,adaptive,29,3,native,ok,0,-13.331718000000002,0.071975,1.2636860806584365,0.0,1.2636860806567454,24,24,63.890769,50.559051,variant_dominates
l2-n32-zipf-w4,smoke_parallel,2,32,zipf,4,eas_k2_adaptive,eas,2,adaptive,29,3,accept_id,ok,0,-17.522603000000004,0.014565999999999996,1.3465769759009125,0.7976241750607851,1.346576975900226,24,24,68.081654,50.559051,variant_dominates
l2-n32-zipf-w4,smoke_parallel,2,32,zipf,4,eas_k2_adaptive,eas,2,adaptive,29,3,accept_static_degree,ok,0,11.711343,-0.003725000000000006,0.7683630770680407,1.0517540812782218,0.7683630770682247,24,24,38.847708,50.559051,baseline_dominates
l2-n32-zipf-w4,smoke_parallel,2,32,zipf,4,native,native,,native,29,3,accept_id,ok,0,-4.1908850000000015,-0.057409,1.0655945305651275,,1.0655945305660102,24,24,68.081654,63.890769,variant_dominates
l2-n32-zipf-w4,smoke_parallel,2,32,zipf,4,native,native,,native,29,3,accept_static_degree,ok,0,25.043061,-0.0757,0.6080331886441999,,0.6080331886451591,24,24,38.847708,63.890769,baseline_dominates
l2-n32-zipf-w4,smoke_parallel,2,32,zipf,4,accept_static_degree,accept_static_degree,,greedy,47,1,native,ok,0,-23.922521000000003,0.050075,1.4039704659811487,0.0,1.403970465980586,19,19,83.141011,59.21849,variant_dominates
l2-n32-zipf-w4,smoke_parallel,2,32,zipf,4,accept_static_degree,accept_static_degree,,greedy,47,1,accept_id,ok,0,-34.67716,-0.020904,1.5855799430211746,1.4174538192710933,1.5855799430159423,19,19,93.89565,59.21849,variant_dominates
l2-n32-zipf-w4,smoke_parallel,2,32,zipf,4,eas_k2_adaptive,eas,2,adaptive,47,1,native,ok,-1,-29.198274000000005,0.079878,1.541282768058284,0.0,1.4601626223711253,19,18,83.141011,53.942737,tradeoff_or_tie
l2-n32-zipf-w4,smoke_parallel,2,32,zipf,4,eas_k2_adaptive,eas,2,adaptive,47,1,accept_id,ok,-1,-39.952913,0.008899000000000004,1.7406541681413015,0.888592603720674,1.649040790866061,19,18,93.89565,53.942737,tradeoff_or_tie
l2-n32-zipf-w4,smoke_parallel,2,32,zipf,4,eas_k2_adaptive,eas,2,adaptive,47,1,accept_static_degree,ok,-1,-5.275753000000002,0.029803000000000003,1.097802842299233,0.6268935126067252,1.0400237453366175,19,18,59.21849,53.942737,tradeoff_or_tie
l2-n32-zipf-w4,smoke_parallel,2,32,zipf,4,native,native,,native,47,1,accept_id,ok,0,-10.754638999999997,-0.070979,1.1293542004198145,,1.1293542004165404,19,19,93.89565,83.141011,variant_dominates
l2-n32-zipf-w4,smoke_parallel,2,32,zipf,4,native,native,,native,47,1,accept_static_degree,ok,0,23.922521000000003,-0.050075,0.7122656952054625,,0.7122656952057479,19,19,59.21849,83.141011,baseline_dominates
l2-n32-zipf-w4,smoke_parallel,2,32,zipf,4,accept_id,accept_id,,greedy,47,1,native,ok,0,10.754638999999997,0.070979,0.885461797218508,0.0,0.885461797221075,19,19,83.141011,93.89565,baseline_dominates
l2-n32-zipf-w4,smoke_parallel,2,32,zipf,4,accept_id,accept_id,,greedy,47,1,accept_static_degree,ok,0,34.67716,0.020904,0.6306840625737188,0.7054903563025684,0.6306840625758,19,19,59.21849,93.89565,baseline_dominates
l2-n32-zipf-w4,smoke_parallel,2,32,zipf,4,eas_k1_adaptive,eas,1,adaptive,47,1,native,ok,0,-14.14369400000001,0.082171,1.2049890432696102,0.0,1.2049890432693262,19,19,83.141011,68.997317,variant_dominates
l2-n32-zipf-w4,smoke_parallel,2,32,zipf,4,eas_k1_adaptive,eas,1,adaptive,47,1,accept_id,ok,0,-24.898333000000008,0.011191999999999994,1.3608594374763878,0.8637962298134378,1.3608594374721217,19,19,93.89565,68.997317,variant_dominates
l2-n32-zipf-w4,smoke_parallel,2,32,zipf,4,eas_k1_adaptive,eas,1,adaptive,47,1,accept_static_degree,ok,0,9.778826999999993,0.03209599999999999,0.858272358619394,0.6093999099438976,0.8582723586195357,19,19,59.21849,68.997317,baseline_dominates
l2-n32-zipf-w4,smoke_parallel,2,32,zipf,4,eas_k1_adaptive,eas,1,adaptive,47,2,native,ok,0,-7.280632000000004,0.082143,1.1140685444813667,0.0,1.1140685444834422,19,19,71.107448,63.826816,variant_dominates
l2-n32-zipf-w4,smoke_parallel,2,32,zipf,4,eas_k1_adaptive,eas,1,adaptive,47,2,accept_id,ok,0,9.948726999999998,0.03956199999999999,0.8441293546587065,0.5183764897800178,0.8441293546602492,19,19,53.878089,63.826816,baseline_dominates
l2-n32-zipf-w4,smoke_parallel,2,32,zipf,4,eas_k1_adaptive,eas,1,adaptive,47,2,accept_static_degree,ok,0,16.939888000000003,0.028123999999999996,0.734596066957186,0.6576214650061478,0.7345960669590115,19,19,46.886928,63.826816,baseline_dominates
l2-n32-zipf-w4,smoke_parallel,2,32,zipf,4,accept_static_degree,accept_static_degree,,greedy,47,2,native,ok,0,-24.220520000000008,0.054019,1.5165729774405354,0.0,1.5165729774395924,19,19,71.107448,46.886928,variant_dominates
l2-n32-zipf-w4,smoke_parallel,2,32,zipf,4,accept_static_degree,accept_static_degree,,greedy,47,2,accept_id,ok,0,-6.991161000000005,0.011437999999999997,1.1491068256807102,0.7882596864066348,1.1491068256799548,19,19,53.878089,46.886928,variant_dominates
l2-n32-zipf-w4,smoke_parallel,2,32,zipf,4,eas_k2_adaptive,eas,2,adaptive,47,2,native,ok,-1,-18.696566000000004,0.080558,1.3567306117840185,0.0,1.2853237374786846,19,18,71.107448,52.410882,tradeoff_or_tie
l2-n32-zipf-w4,smoke_parallel,2,32,zipf,4,eas_k2_adaptive,eas,2,adaptive,47,2,accept_id,ok,-1,-1.467207000000002,0.037977000000000004,1.0279943199582102,0.5285756845999156,0.9738893557491577,19,18,53.878089,52.410882,tradeoff_or_tie
l2-n32-zipf-w4,smoke_parallel,2,32,zipf,4,eas_k2_adaptive,eas,2,adaptive,47,2,accept_static_degree,ok,-1,5.523954000000003,0.026539000000000007,0.894602918531308,0.6705603416172198,0.8475185543980068,19,18,46.886928,52.410882,baseline_dominates
l2-n32-zipf-w4,smoke_parallel,2,32,zipf,4,accept_id,accept_id,,greedy,47,2,native,ok,0,-17.229359000000002,0.042581,1.319784151958322,0.0,1.319784151958369,19,19,71.107448,53.878089,variant_dominates
l2-n32-zipf-w4,smoke_parallel,2,32,zipf,4,accept_id,accept_id,,greedy,47,2,accept_static_degree,ok,0,6.991161000000005,-0.011437999999999997,0.8702411104447301,1.268617458490876,0.8702411104453021,19,19,46.886928,53.878089,baseline_dominates
l2-n32-zipf-w4,smoke_parallel,2,32,zipf,4,native,native,,native,47,2,accept_id,ok,0,17.229359000000002,-0.042581,0.7576996575661104,,0.7576996575660834,19,19,53.878089,71.107448,baseline_dominates
l2-n32-zipf-w4,smoke_parallel,2,32,zipf,4,native,native,,native,47,2,accept_static_degree,ok,0,24.220520000000008,-0.054019,0.6593813913839236,,0.6593813913843336,19,19,46.886928,71.107448,baseline_dominates
l2-n32-zipf-w4,smoke_parallel,2,32,zipf,4,native,native,,native,47,3,accept_id,ok,0,4.610121000000007,-0.044522,0.9258576926101052,,0.9258576926085278,19,19,57.569236,62.179357,baseline_dominates
l2-n32-zipf-w4,smoke_parallel,2,32,zipf,4,native,native,,native,47,3,accept_static_degree,ok,0,10.619183,-0.052281,0.8292169055398885,,0.8292169055390464,19,19,51.560174,62.179357,baseline_dominates
l2-n32-zipf-w4,smoke_parallel,2,32,zipf,4,eas_k2_adaptive,eas,2,adaptive,47,3,native,ok,-1,-13.517502,0.082383,1.2777843549120764,0.0,1.210532546759758,19,18,62.179357,48.661855,tradeoff_or_tie
l2-n32-zipf-w4,smoke_parallel,2,32,zipf,4,eas_k2_adaptive,eas,2,adaptive,47,3,accept_id,ok,-1,-8.907380999999994,0.037861,1.183046474492187,0.5404270298483911,1.1207808705705145,19,18,57.569236,48.661855,tradeoff_or_tie
l2-n32-zipf-w4,smoke_parallel,2,32,zipf,4,eas_k2_adaptive,eas,2,adaptive,47,3,accept_static_degree,ok,-1,-2.8983190000000008,0.030101999999999997,1.0595603887274745,0.634609081970795,1.0037940524784275,19,18,51.560174,48.661855,tradeoff_or_tie
l2-n32-zipf-w4,smoke_parallel,2,32,zipf,4,accept_id,accept_id,,greedy,47,3,native,ok,0,-4.610121000000007,0.044522,1.0800795932049543,0.0,1.0800795932067944,19,19,62.179357,57.569236,variant_dominates
l2-n32-zipf-w4,smoke_parallel,2,32,zipf,4,accept_id,accept_id,,greedy,47,3,accept_static_degree,ok,0,6.009061999999993,-0.007759000000000002,0.8956202580141936,1.1742733929293383,0.89562025801481,19,19,51.560174,57.569236,baseline_dominates
l2-n32-zipf-w4,smoke_parallel,2,32,zipf,4,accept_static_degree,accept_static_degree,,greedy,47,3,native,ok,0,-10.619183,0.052281,1.2059570823015453,0.0,1.20595708230277,19,19,62.179357,51.560174,variant_dominates
l2-n32-zipf-w4,smoke_parallel,2,32,zipf,4,accept_static_degree,accept_static_degree,,greedy,47,3,accept_id,ok,0,-6.009061999999993,0.007759000000000002,1.1165446416065234,0.8515904439471318,1.1165446416057552,19,19,57.569236,51.560174,variant_dominates
l2-n32-zipf-w4,smoke_parallel,2,32,zipf,4,eas_k1_adaptive,eas,1,adaptive,47,3,native,ok,0,-10.255255000000005,0.080525,1.197504715632829,0.0,1.1975047156350476,19,19,62.179357,51.924102,variant_dominates
l2-n32-zipf-w4,smoke_parallel,2,32,zipf,4,eas_k1_adaptive,eas,1,adaptive,47,3,accept_id,ok,0,-5.645133999999999,0.036003,1.1087189529055312,0.5528966159577771,1.1087189529056962,19,19,57.569236,51.924102,variant_dominates
l2-n32-zipf-w4,smoke_parallel,2,32,zipf,4,eas_k1_adaptive,eas,1,adaptive,47,3,accept_static_degree,ok,0,0.36392799999999426,0.028244,0.9929911546664785,0.6492517851598882,0.9929911546673098,19,19,51.560174,51.924102,baseline_dominates
l2-n32-zipf-w4,smoke_parallel,2,32,zipf,4,accept_id,accept_id,,greedy,71,1,native,ok,0,6.454363999999998,0.043449,0.8778799705384542,0.0,0.877879970539274,20,20,46.39826,52.852624,baseline_dominates
l2-n32-zipf-w4,smoke_parallel,2,32,zipf,4,accept_id,accept_id,,greedy,71,1,accept_static_degree,ok,0,-2.6653750000000045,-0.012569999999999998,1.0504303248973978,1.2893047020644894,1.0504303248998585,20,20,55.517999,52.852624,variant_dominates
l2-n32-zipf-w4,smoke_parallel,2,32,zipf,4,eas_k2_adaptive,eas,2,adaptive,71,1,native,ok,-2,6.904815999999997,0.081474,0.8704612094056261,0.0,0.7834150884645822,20,18,46.39826,53.303076,baseline_dominates
l2-n32-zipf-w4,smoke_parallel,2,32,zipf,4,eas_k2_adaptive,eas,2,adaptive,71,1,accept_id,ok,-2,0.4504519999999985,0.038025,0.9915492306672884,0.5332866926872376,0.892394307599178,20,18,52.852624,53.303076,baseline_dominates
l2-n32-zipf-w4,smoke_parallel,2,32,zipf,4,eas_k2_adaptive,eas,2,adaptive,71,1,accept_static_degree,ok,-2,-2.214923000000006,0.025455000000000005,1.0415533805216046,0.6875690404300758,0.937398042470189,20,18,55.517999,53.303076,tradeoff_or_tie
l2-n32-zipf-w4,smoke_parallel,2,32,zipf,4,native,native,,native,71,1,accept_id,ok,0,-6.454363999999998,-0.043449,1.1391078889596291,,1.1391078889585655,20,20,52.852624,46.39826,variant_dominates
l2-n32-zipf-w4,smoke_parallel,2,32,zipf,4,native,native,,native,71,1,accept_static_degree,ok,0,-9.119739000000003,-0.056019,1.196553469893052,,1.196553469894738,20,20,55.517999,46.39826,variant_dominates
l2-n32-zipf-w4,smoke_parallel,2,32,zipf,4,accept_static_degree,accept_static_degree,,greedy,71,1,native,ok,0,9.119739000000003,0.056019,0.8357336509912758,0.0,0.8357336509900983,20,20,46.39826,55.517999,baseline_dominates
l2-n32-zipf-w4,smoke_parallel,2,32,zipf,4,accept_static_degree,accept_static_degree,,greedy,71,1,accept_id,ok,0,2.6653750000000045,0.012569999999999998,0.9519907949131956,0.775611845980828,0.9519907949109654,20,20,52.852624,55.517999,baseline_dominates
l2-n32-zipf-w4,smoke_parallel,2,32,zipf,4,eas_k1_adaptive,eas,1,adaptive,71,1,native,ok,0,9.315195000000003,0.085613,0.8328016993381581,0.0,0.8328016993381692,20,20,46.39826,55.713455,baseline_dominates
l2-n32-zipf-w4,smoke_parallel,2,32,zipf,4,eas_k1_adaptive,eas,1,adaptive,71,1,accept_id,ok,0,2.8608310000000046,0.04216399999999999,0.9486509856550809,0.5075047013888079,0.9486509856542079,20,20,52.852624,55.713455,baseline_dominates
l2-n32-zipf-w4,smoke_parallel,2,32,zipf,4,eas_k1_adaptive,eas,1,adaptive,71,1,accept_static_degree,ok,0,0.19545600000000007,0.029593999999999995,0.9964917630759033,0.6543281978204245,0.9964917630773207,20,20,55.517999,55.713455,baseline_dominates
l2-n32-zipf-w4,smoke_parallel,2,32,zipf,4,eas_k1_adaptive,eas,1,adaptive,71,2,native,ok,0,-5.142800999999999,0.079538,1.0972688726126028,0.0,1.0972688726126525,20,20,58.014813,52.872012,variant_dominates
l2-n32-zipf-w4,smoke_parallel,2,32,zipf,4,eas_k1_adaptive,eas,1,adaptive,71,2,accept_id,ok,0,-4.108718000000003,0.034172999999999995,1.0777106420690026,0.5703563076768338,1.0777106420707903,20,20,56.98073,52.872012,variant_dominates
l2-n32-zipf-w4,smoke_parallel,2,32,zipf,4,eas_k1_adaptive,eas,1,adaptive,71,2,accept_static_degree,ok,0,-10.75678,0.020597999999999998,1.2034494166781473,0.7410294450451357,1.203449416677798,20,20,63.628792,52.872012,variant_dominates
l2-n32-zipf-w4,smoke_parallel,2,32,zipf,4,native,native,,native,71,2,accept_id,ok,0,1.0340829999999954,-0.045365,0.9821755350655014,,0.982175535067086,20,20,56.98073,58.014813,baseline_dominates
l2-n32-zipf-w4,smoke_parallel,2,32,zipf,4,native,native,,native,71,2,accept_static_degree,ok,0,-5.6139790000000005,-0.05894,1.096768027158857,,1.0967680271584888,20,20,63.628792,58.014813,variant_dominates
l2-n32-zipf-w4,smoke_parallel,2,32,zipf,4,accept_id,accept_id,,greedy,71,2,native,ok,0,-1.0340829999999954,0.045365,1.0181479422955795,0.0,1.0181479422939368,20,20,58.014813,56.98073,variant_dominates
l2-n32-zipf-w4,smoke_parallel,2,32,zipf,4,accept_id,accept_id,,greedy,71,2,accept_static_degree,ok,0,-6.648061999999996,-0.013574999999999997,1.1166721100273724,1.2992395018185825,1.116672110025196,20,20,63.628792,56.98073,variant_dominates
l2-n32-zipf-w4,smoke_parallel,2,32,zipf,4,accept_static_degree,accept_static_degree,,greedy,71,2,native,ok,0,5.6139790000000005,0.05894,0.9117698321225397,0.0,0.9117698321228457,20,20,58.014813,63.628792,baseline_dominates
l2-n32-zipf-w4,smoke_parallel,2,32,zipf,4,accept_static_degree,accept_static_degree,,greedy,71,2,accept_id,ok,0,6.648061999999996,0.013574999999999997,0.8955180227215378,0.7696810315575162,0.8955180227232832,20,20,56.98073,63.628792,baseline_dominates
l2-n32-zipf-w4,smoke_parallel,2,32,zipf,4,eas_k2_adaptive,eas,2,adaptive,71,2,native,ok,-2,-11.454162999999994,0.080776,1.2460052211470414,0.0,1.1214046990306707,20,18,58.014813,46.56065,tradeoff_or_tie
l2-n32-zipf-w4,smoke_parallel,2,32,zipf,4,eas_k2_adaptive,eas,2,adaptive,71,2,accept_id,ok,-2,-10.420079999999999,0.035411,1.2237958447745036,0.5616148360899277,1.1014162602971937,20,18,56.98073,46.56065,tradeoff_or_tie
l2-n32-zipf-w4,smoke_parallel,2,32,zipf,4,eas_k2_adaptive,eas,2,adaptive,71,2,accept_static_degree,ok,-2,-17.068141999999995,0.021836,1.3665786882270756,0.7296721798554026,1.2299208194021276,20,18,63.628792,46.56065,tradeoff_or_tie
l2-n32-zipf-w4,smoke_parallel,2,32,zipf,4,eas_k2_adaptive,eas,2,adaptive,71,3,native,ok,-2,14.149431999999997,0.084724,0.7772878929090467,0.0,0.6995591036169546,20,18,49.382956,63.532388,baseline_dominates
l2-n32-zipf-w4,smoke_parallel,2,32,zipf,4,eas_k2_adaptive,eas,2,adaptive,71,3,accept_id,ok,-2,10.371834999999997,0.042651999999999995,0.8367472823467615,0.496577121004674,0.7530725541124392,20,18,53.160553,63.532388,baseline_dominates
l2-n32-zipf-w4,smoke_parallel,2,32,zipf,4,eas_k2_adaptive,eas,2,adaptive,71,3,accept_static_degree,ok,-2,63.413850999999994,0.030778999999999994,0.001865772777185709,0.6367145082857278,0.0016791954994625736,20,18,0.118537,63.532388,baseline_dominates
l2-n32-zipf-w4,smoke_parallel,2,32,zipf,4,eas_k1_adaptive,eas,1,adaptive,71,3,native,ok,0,8.996986,0.082554,0.845889089783611,0.0,0.8458890897838308,20,20,49.382956,58.379942,baseline_dominates
l2-n32-zipf-w4,smoke_parallel,2,32,zipf,4,eas_k1_adaptive,eas,1,adaptive,71,3,accept_id,ok,0,5.219389,0.040482000000000004,0.9105961941517516,0.5096300603241515,0.9105961941539618,20,20,53.160553,58.379942,baseline_dominates
l2-n32-zipf-w4,smoke_parallel,2,32,zipf,4,eas_k1_adaptive,eas,1,adaptive,71,3,accept_static_degree,ok,0,58.261404999999996,0.028609000000000002,0.0020304405235620137,0.6534510744482399,0.002030440523560469,20,20,0.118537,58.379942,baseline_dominates
l2-n32-zipf-w4,smoke_parallel,2,32,zipf,4,native,native,,native,71,3,accept_id,ok,0,-3.777597,-0.042072,1.0764959675560937,,1.0764959675584267,20,20,53.160553,49.382956,variant_dominates
l2-n32-zipf-w4,smoke_parallel,2,32,zipf,4,native,native,,native,71,3,accept_static_degree,ok,0,49.264419,-0.053945,0.0024003625866381917,,0.0024003625866357414,20,20,0.118537,49.382956,baseline_dominates
l2-n32-zipf-w4,smoke_parallel,2,32,zipf,4,accept_static_degree,accept_static_degree,,greedy,71,3,native,ok,0,-49.264419,0.053945,416.60372710630435,0.0,416.60372710672965,20,20,49.382956,0.118537,variant_dominates
l2-n32-zipf-w4,smoke_parallel,2,32,zipf,4,accept_static_degree,accept_static_degree,,greedy,71,3,accept_id,ok,0,-53.042016,0.011873000000000002,448.4722322987759,0.7799054592640652,448.4722323002057,20,20,53.160553,0.118537,variant_dominates
l2-n32-zipf-w4,smoke_parallel,2,32,zipf,4,accept_id,accept_id,,greedy,71,3,native,ok,0,3.777597,0.042072,0.9289398475595241,0.0,0.9289398475575108,20,20,49.382956,53.160553,baseline_dominates
l2-n32-zipf-w4,smoke_parallel,2,32,zipf,4,accept_id,accept_id,,greedy,71,3,accept_static_degree,ok,0,53.042016,-0.011873000000000002,0.0022297924553192666,1.2822066932876974,0.0022297924553121577,20,20,0.118537,53.160553,baseline_dominates
l2-n32-zipf-w4,smoke_parallel,2,32,zipf,4,native,native,,native,101,1,accept_id,ok,0,-44.315976,-0.04562,4.09486979450559,,4.094869794510462,19,19,58.635149,14.319173,variant_dominates
l2-n32-zipf-w4,smoke_parallel,2,32,zipf,4,native,native,,native,101,1,accept_static_degree,ok,0,-41.929007,-0.05015,3.928172388167948,,3.9281723881685235,19,19,56.24818,14.319173,variant_dominates
l2-n32-zipf-w4,smoke_parallel,2,32,zipf,4,eas_k1_adaptive,eas,1,adaptive,101,1,native,ok,0,49.298804000000004,0.085558,0.22508060889770196,0.0,0.22508060889774523,19,19,14.319173,63.617977,baseline_dominates
l2-n32-zipf-w4,smoke_parallel,2,32,zipf,4,eas_k1_adaptive,eas,1,adaptive,101,1,accept_id,ok,0,4.982828000000005,0.039937999999999994,0.921675786704126,0.5332055447766428,0.9216757867053997,19,19,58.635149,63.617977,baseline_dominates
l2-n32-zipf-w4,smoke_parallel,2,32,zipf,4,eas_k1_adaptive,eas,1,adaptive,101,1,accept_static_degree,ok,0,7.3697970000000055,0.035407999999999995,0.8841554329839818,0.5861520839664321,0.8841554329842812,19,19,56.24818,63.617977,baseline_dominates
l2-n32-zipf-w4,smoke_parallel,2,32,zipf,4,accept_id,accept_id,,greedy,101,1,native,ok,0,44.315976,0.04562,0.2442080090902472,0.0,0.24420800908995668,19,19,14.319173,58.635149,baseline_dominates
l2-n32-zipf-w4,smoke_parallel,2,32,zipf,4,accept_id,accept_id,,greedy,101,1,accept_static_degree,ok,0,2.3869690000000006,-0.004529999999999999,0.9592911582777763,1.0992985532661113,0.9592911582767756,19,19,56.24818,58.635149,baseline_dominates
l2-n32-zipf-w4,smoke_parallel,2,32,zipf,4,eas_k2_adaptive,eas,2,adaptive,101,1,native,ok,-1,43.181855,0.083052,0.24902464352463402,0.0,0.2359180833391634,19,18,14.319173,57.501028,baseline_dominates
l2-n32-zipf-w4,smoke_parallel,2,32,zipf,4,eas_k2_adaptive,eas,2,adaptive,101,1,accept_id,ok,-1,-1.1341210000000004,0.037432,1.019723490856546,0.5492944179550161,0.9660538334443421,19,18,58.635149,57.501028,tradeoff_or_tie
l2-n32-zipf-w4,smoke_parallel,2,32,zipf,4,eas_k2_adaptive,eas,2,adaptive,101,1,accept_static_degree,ok,-1,1.2528480000000002,0.032902,0.9782117286668336,0.6038385589751,0.9267269008425422,19,18,56.24818,57.501028,baseline_dominates
l2-n32-zipf-w4,smoke_parallel,2,32,zipf,4,accept_static_degree,accept_static_degree,,greedy,101,1,native,ok,0,41.929007,0.05015,0.2545713123517952,0.0,0.2545713123517579,19,19,14.319173,56.24818,baseline_dominates
l2-n32-zipf-w4,smoke_parallel,2,32,zipf,4,accept_static_degree,accept_static_degree,,greedy,101,1,accept_id,ok,0,-2.3869690000000006,0.004529999999999999,1.0424363774970142,0.9096709870388834,1.0424363774981016,19,19,58.635149,56.24818,variant_dominates
l2-n32-zipf-w4,smoke_parallel,2,32,zipf,4,eas_k2_adaptive,eas,2,adaptive,101,2,native,ok,-1,55.967206999999995,0.081083,0.029635529075283374,0.0,0.028075764387180905,19,18,1.709273,57.67648,baseline_dominates
l2-n32-zipf-w4,smoke_parallel,2,32,zipf,4,eas_k2_adaptive,eas,2,adaptive,101,2,accept_id,ok,-1,-0.46715400000000074,0.038281,1.0080995580867627,0.5278788402007819,0.9550416866063405,19,18,58.143634,57.67648,tradeoff_or_tie
l2-n32-zipf-w4,smoke_parallel,2,32,zipf,4,eas_k2_adaptive,eas,2,adaptive,101,2,accept_static_degree,ok,-1,5.529537999999995,0.028515000000000006,0.9041283726052631,0.6483233230146886,0.8565426687815638,19,18,52.146942,57.67648,baseline_dominates
l2-n32-zipf-w4,smoke_parallel,2,32,zipf,4,accept_static_degree,accept_static_degree,,greedy,101,2,native,ok,0,50.437669,0.052568,0.032778010261848144,0.0,0.03277801026202094,19,19,1.709273,52.146942,baseline_dominates
l2-n32-zipf-w4,smoke_parallel,2,32,zipf,4,accept_static_degree,accept_static_degree,,greedy,101,2,accept_id,ok,0,-5.996691999999996,0.009765999999999997,1.1149960432962684,0.8142215796682393,1.114996043296818,19,19,58.143634,52.146942,variant_dominates
l2-n32-zipf-w4,smoke_parallel,2,32,zipf,4,native,native,,native,101,2,accept_id,ok,0,-56.434360999999996,-0.042802,34.01658716893088,,34.01658716876832,19,19,58.143634,1.709273,variant_dominates
l2-n32-zipf-w4,smoke_parallel,2,32,zipf,4,native,native,,native,101,2,accept_static_degree,ok,0,-50.437669,-0.052568,30.508258189300363,,30.50825818913953,19,19,52.146942,1.709273,variant_dominates
l2-n32-zipf-w4,smoke_parallel,2,32,zipf,4,eas_k1_adaptive,eas,1,adaptive,101,2,native,ok,0,65.71960800000001,0.084081,0.025349271330781836,0.0,0.025349271330900307,19,19,1.709273,67.428881,baseline_dominates
l2-n32-zipf-w4,smoke_parallel,2,32,zipf,4,eas_k1_adaptive,eas,1,adaptive,101,2,accept_id,ok,0,9.285247000000005,0.041279,0.8622956978924209,0.5090567429026771,0.86229569789233,19,19,58.143634,67.428881,baseline_dominates
l2-n32-zipf-w4,smoke_parallel,2,32,zipf,4,eas_k1_adaptive,eas,1,adaptive,101,2,accept_static_degree,ok,0,15.281939000000001,0.031513000000000006,0.7733621146701218,0.6252066459723361,0.7733621146696592,19,19,52.146942,67.428881,baseline_dominates
l2-n32-zipf-w4,smoke_parallel,2,32,zipf,4,accept_id,accept_id,,greedy,101,2,native,ok,0,56.434360999999996,0.042802,0.02939742294057506,0.0,0.02939742294071555,19,19,1.709273,58.143634,baseline_dominates
l2-n32-zipf-w4,smoke_parallel,2,32,zipf,4,accept_id,accept_id,,greedy,101,2,accept_static_degree,ok,0,5.996691999999996,-0.009765999999999997,0.8968641691711255,1.228166908088407,0.8968641691706835,19,19,52.146942,58.143634,baseline_dominates
l2-n32-zipf-w4,smoke_parallel,2,32,zipf,4,accept_id,accept_id,,greedy,101,3,native,ok,0,-0.8926830000000052,0.041938,1.0155541557071555,0.0,1.0155541557066523,19,19,58.284612,57.391929,variant_dominates
l2-n32-zipf-w4,smoke_parallel,2,32,zipf,4,accept_id,accept_id,,greedy,101,3,accept_static_degree,ok,0,0.2075669999999974,-0.012261999999999995,0.9963833416367658,1.292383995421813,0.9963833416356651,19,19,57.184362,57.391929,baseline_dominates
l2-n32-zipf-w4,smoke_parallel,2,32,zipf,4,eas_k1_adaptive,eas,1,adaptive,101,3,native,ok,0,-2.5386270000000053,0.0835,1.0455391899524245,0.0,1.0455391899510615,19,19,58.284612,55.745985,variant_dominates
l2-n32-zipf-w4,smoke_parallel,2,32,zipf,4,eas_k1_adaptive,eas,1,adaptive,101,3,accept_id,ok,0,-1.645944,0.041562,1.0295257855789972,0.502251497005988,1.0295257855781652,19,19,57.391929,55.745985,variant_dominates
l2-n32-zipf-w4,smoke_parallel,2,32,zipf,4,eas_k1_adaptive,eas,1,adaptive,101,3,accept_static_degree,ok,0,-1.4383770000000027,0.029300000000000007,1.0258023425364178,0.6491017964071856,1.0258023425344553,19,19,57.184362,55.745985,variant_dominates
l2-n32-zipf-w4,smoke_parallel,2,32,zipf,4,eas_k2_adaptive,eas,2,adaptive,101,3,native,ok,-1,-5.180354000000001,0.081167,1.0975506333220963,0.0,1.0397848105144707,19,18,58.284612,53.104258,tradeoff_or_tie
l2-n32-zipf-w4,smoke_parallel,2,32,zipf,4,eas_k2_adaptive,eas,2,adaptive,101,3,accept_id,ok,-1,-4.287670999999996,0.039229,1.0807406253562566,0.5166878164771398,1.0238595398105164,19,18,57.391929,53.104258,tradeoff_or_tie
l2-n32-zipf-w4,smoke_parallel,2,32,zipf,4,eas_k2_adaptive,eas,2,adaptive,101,3,accept_static_degree,ok,-1,-4.080103999999999,0.026967000000000005,1.076831955735075,0.6677590646444983,1.0201565896419567,19,18,57.184362,53.104258,tradeoff_or_tie
l2-n32-zipf-w4,smoke_parallel,2,32,zipf,4,native,native,,native,101,3,accept_id,ok,0,0.8926830000000052,-0.041938,0.9846840706428653,,0.984684070643353,19,19,57.391929,58.284612,baseline_dominates
l2-n32-zipf-w4,smoke_parallel,2,32,zipf,4,native,native,,native,101,3,accept_static_degree,ok,0,1.1002500000000026,-0.0542,0.9811228047636312,,0.9811228047630334,19,19,57.184362,58.284612,baseline_dominates
l2-n32-zipf-w4,smoke_parallel,2,32,zipf,4,accept_static_degree,accept_static_degree,,greedy,101,3,native,ok,0,-1.1002500000000026,0.0542,1.0192404000240485,0.0,1.0192404000246698,19,19,58.284612,57.184362,variant_dominates
l2-n32-zipf-w4,smoke_parallel,2,32,zipf,4,accept_static_degree,accept_static_degree,,greedy,101,3,accept_id,ok,0,-0.2075669999999974,0.012261999999999995,1.0036297860593426,0.7737638376383764,1.003629786060451,19,19,57.391929,57.184362,variant_dominates
l1-n2-identical-w1,zero_commit,1,2,identical,1,native,native,,native,11,1,accept_id,ok,0,-0.010842999999999998,-0.008393,2.4762423417290673,,2.476242341732533,1,1,0.018188,0.007345,variant_dominates
l1-n2-identical-w1,zero_commit,1,2,identical,1,native,native,,native,11,1,accept_static_degree,ok,0,-0.011158999999999999,-0.00893,2.5192648059904696,,2.519264805990646,1,1,0.018504,0.007345,variant_dominates
l1-n2-identical-w1,zero_commit,1,2,identical,1,accept_id,accept_id,,greedy,11,1,native,ok,0,0.010842999999999998,0.008393,0.4038376951836376,0.0,0.4038376951830724,1,1,0.007345,0.018188,baseline_dominates
l1-n2-identical-w1,zero_commit,1,2,identical,1,accept_id,accept_id,,greedy,11,1,accept_static_degree,ok,0,-0.0003160000000000003,-0.000537000000000001,1.0173740928084452,1.063981889669963,1.0173740928070925,1,1,0.018504,0.018188,variant_dominates
l1-n2-identical-w1,zero_commit,1,2,identical,1,eas_k1_adaptive,eas,1,adaptive,11,1,native,ok,0,0.026462999999999997,0.021843,0.21725627070515854,0.0,0.2172562707053566,1,1,0.007345,0.033808,baseline_dominates
l1-n2-identical-w1,zero_commit,1,2,identical,1,eas_k1_adaptive,eas,1,adaptive,11,1,accept_id,ok,0,0.015619999999999998,0.013450000000000002,0.537979176526266,0.3842420912878267,0.5379791765275094,1,1,0.018188,0.033808,baseline_dominates
l1-n2-identical-w1,zero_commit,1,2,identical,1,eas_k1_adaptive,eas,1,adaptive,11,1,accept_static_degree,ok,0,0.015303999999999998,0.012913,0.5473260766682442,0.40882662637916034,0.5473260766687814,1,1,0.018504,0.033808,baseline_dominates
l1-n2-identical-w1,zero_commit,1,2,identical,1,eas_k2_adaptive,eas,2,adaptive,11,1,native,ok,-1,0.029328999999999997,0.022561,0.20027812619294325,0.0,0.0,1,0,0.007345,0.036674,baseline_dominates
l1-n2-identical-w1,zero_commit,1,2,identical,1,eas_k2_adaptive,eas,2,adaptive,11,1,accept_id,ok,-1,0.018486,0.014168000000000002,0.49593717620112343,0.37201365187713303,0.0,1,0,0.018188,0.036674,baseline_dominates
l1-n2-identical-w1,zero_commit,1,2,identical,1,eas_k2_adaptive,eas,2,adaptive,11,1,accept_static_degree,ok,-1,0.01817,0.013631,0.5045536347276,0.3958157883072559,0.0,1,0,0.018504,0.036674,baseline_dominates
l1-n2-identical-w1,zero_commit,1,2,identical,1,accept_static_degree,accept_static_degree,,greedy,11,1,native,ok,0,0.011158999999999999,0.00893,0.39694120190229143,0.0,0.3969412019022637,1,1,0.007345,0.018504,baseline_dominates
l1-n2-identical-w1,zero_commit,1,2,identical,1,accept_static_degree,accept_static_degree,,greedy,11,1,accept_id,ok,0,0.0003160000000000003,0.000537000000000001,0.9829226113272805,0.9398656215005597,0.9829226113285876,1,1,0.018188,0.018504,baseline_dominates
l1-n2-identical-w1,zero_commit,1,2,identical,1,eas_k1_adaptive,eas,1,adaptive,11,2,native,ok,0,0.022043,0.020689,0.26131832043162095,0.0,0.26131832043147624,1,1,0.007798,0.029841,baseline_dominates
l1-n2-identical-w1,zero_commit,1,2,identical,1,eas_k1_adaptive,eas,1,adaptive,11,2,accept_id,ok,0,0.01175,0.012398,0.6062464394624845,0.40074435690463533,0.6062464394615122,1,1,0.018091,0.029841,baseline_dominates
l1-n2-identical-w1,zero_commit,1,2,identical,1,eas_k1_adaptive,eas,1,adaptive,11,2,accept_static_degree,ok,0,0.010872,0.011472999999999999,0.6356690459435006,0.4454541060466915,0.6356690459427548,1,1,0.018969,0.029841,baseline_dominates
l1-n2-identical-w1,zero_commit,1,2,identical,1,native,native,,native,11,2,accept_id,ok,0,-0.010293,-0.008291,2.3199538343164914,,2.319953834314055,1,1,0.018091,0.007798,variant_dominates
l1-n2-identical-w1,zero_commit,1,2,identical,1,native,native,,native,11,2,accept_static_degree,ok,0,-0.011171,-0.009216,2.432546806873557,,2.43254680687205,1,1,0.018969,0.007798,variant_dominates
l1-n2-identical-w1,zero_commit,1,2,identical,1,accept_static_degree,accept_static_degree,,greedy,11,2,native,ok,0,0.011171,0.009216,0.41109178132742896,0.0,0.4110917813276837,1,1,0.007798,0.018969,baseline_dominates
l1-n2-identical-w1,zero_commit,1,2,identical,1,accept_static_degree,accept_static_degree,,greedy,11,2,accept_id,ok,0,0.0008780000000000003,0.0009250000000000005,0.9537139543465655,0.8996310763888888,0.9537139543461549,1,1,0.018091,0.018969,baseline_dominates
l1-n2-identical-w1,zero_commit,1,2,identical,1,accept_id,accept_id,,greedy,11,2,native,ok,0,0.010293,0.008291,0.4310430600851252,0.0,0.43104306008557786,1,1,0.007798,0.018091,baseline_dominates
l1-n2-identical-w1,zero_commit,1,2,identical,1,accept_id,accept_id,,greedy,11,2,accept_static_degree,ok,0,-0.0008780000000000003,-0.0009250000000000005,1.0485324194350782,1.1115667591364131,1.0485324194355297,1,1,0.018969,0.018091,variant_dominates
l1-n2-identical-w1,zero_commit,1,2,identical,1,eas_k2_adaptive,eas,2,adaptive,11,2,native,ok,-1,0.020835,0.019945,0.27234310061816785,0.0,0.0,1,0,0.007798,0.028633,baseline_dominates
l1-n2-identical-w1,zero_commit,1,2,identical,1,eas_k2_adaptive,eas,2,adaptive,11,2,accept_id,ok,-1,0.010542,0.011654000000000001,0.6318234205287605,0.4156931561794936,0.0,1,0,0.018091,0.028633,baseline_dominates
l1-n2-identical-w1,zero_commit,1,2,identical,1,eas_k2_adaptive,eas,2,adaptive,11,2,accept_static_degree,ok,-1,0.009663999999999999,0.010729,0.6624873397827682,0.46207069440962645,0.0,1,0,0.018969,0.028633,baseline_dominates
l1-n2-identical-w1,zero_commit,1,2,identical,1,accept_id,accept_id,,greedy,11,3,native,ok,0,0.009123,0.008744,0.5105161498014809,0.0,0.5105161498009175,1,1,0.009515,0.018638,baseline_dominates
l1-n2-identical-w1,zero_commit,1,2,identical,1,accept_id,accept_id,,greedy,11,3,accept_static_degree,ok,0,-0.002169000000000001,-0.0014099999999999998,1.1163751475480201,1.161253430924062,1.116375147548077,1,1,0.020807,0.018638,variant_dominates
l1-n2-identical-w1,zero_commit,1,2,identical,1,accept_static_degree,accept_static_degree,,greedy,11,3,native,ok,0,0.011292,0.010154,0.45729802470322484,0.0,0.4572980247026969,1,1,0.009515,0.020807,baseline_dominates
l1-n2-identical-w1,zero_commit,1,2,identical,1,accept_static_degree,accept_static_degree,,greedy,11,3,accept_id,ok,0,0.002169000000000001,0.0014099999999999998,0.895756235882155,0.8611384675989758,0.8957562358821094,1,1,0.018638,0.020807,baseline_dominates
l1-n2-identical-w1,zero_commit,1,2,identical,1,eas_k2_adaptive,eas,2,adaptive,11,3,native,ok,-1,0.024441,0.027198,0.280215573094593,0.0,0.0,1,0,0.009515,0.033956,baseline_dominates
l1-n2-identical-w1,zero_commit,1,2,identical,1,eas_k2_adaptive,eas,2,adaptive,11,3,accept_id,ok,-1,0.015318000000000002,0.018453999999999998,0.5488867946754623,0.3214942275167292,0.0,1,0,0.018638,0.033956,baseline_dominates
l1-n2-identical-w1,zero_commit,1,2,identical,1,eas_k2_adaptive,eas,2,adaptive,11,3,accept_static_degree,ok,-1,0.013149000000000001,0.017044,0.6127635763929791,0.3733362747260828,0.0,1,0,0.020807,0.033956,baseline_dominates
l1-n2-identical-w1,zero_commit,1,2,identical,1,native,native,,native,11,3,accept_id,ok,0,-0.009123,-0.008744,1.9588018917498686,,1.9588018917520302,1,1,0.018638,0.009515,variant_dominates
l1-n2-identical-w1,zero_commit,1,2,identical,1,native,native,,native,11,3,accept_static_degree,ok,0,-0.011292,-0.010154,2.186757750919601,,2.1867577509221254,1,1,0.020807,0.009515,variant_dominates
l1-n2-identical-w1,zero_commit,1,2,identical,1,eas_k1_adaptive,eas,1,adaptive,11,3,native,ok,0,0.020732,0.021231,0.3145766522299732,0.0,0.31457665222915593,1,1,0.009515,0.030247,baseline_dominates
l1-n2-identical-w1,zero_commit,1,2,identical,1,eas_k1_adaptive,eas,1,adaptive,11,3,accept_id,ok,0,0.011609000000000001,0.012487,0.616193341488412,0.41185059582685696,0.6161933414874912,1,1,0.018638,0.030247,baseline_dominates
l1-n2-identical-w1,zero_commit,1,2,identical,1,eas_k1_adaptive,eas,1,adaptive,11,3,accept_static_degree,ok,0,0.00944,0.011077,0.6879029325222336,0.4782629174320569,0.6879029325212406,1,1,0.020807,0.030247,baseline_dominates
l1-n2-identical-w1,zero_commit,1,2,identical,1,accept_static_degree,accept_static_degree,,greedy,29,1,native,ok,0,0.009548999999999998,0.009592,0.44333683105981114,0.0,0.4433368310590291,1,1,0.007605,0.017154,baseline_dominates
l1-n2-identical-w1,zero_commit,1,2,identical,1,accept_static_degree,accept_static_degree,,greedy,29,1,accept_id,ok,0,-0.0001030000000000024,0.0013410000000000002,1.0060044304535387,0.8601959966638866,1.006004430453592,1,1,0.017257,0.017154,variant_dominates
l1-n2-identical-w1,zero_commit,1,2,identical,1,accept_id,accept_id,,greedy,29,1,native,ok,0,0.009652,0.008251,0.44069073419481947,0.0,0.4406907341940187,1,1,0.007605,0.017257,baseline_dominates
l1-n2-identical-w1,zero_commit,1,2,identical,1,accept_id,accept_id,,greedy,29,1,accept_static_degree,ok,0,0.0001030000000000024,-0.0013410000000000002,0.9940314075447643,1.1625257544540055,0.9940314075447115,1,1,0.017154,0.017257,baseline_dominates
l1-n2-identical-w1,zero_commit,1,2,identical,1,eas_k1_adaptive,eas,1,adaptive,29,1,native,ok,0,0.022380999999999998,0.020415,0.2536183552324418,0.0,0.25361835523166926,1,1,0.007605,0.029986,baseline_dominates
l1-n2-identical-w1,zero_commit,1,2,identical,1,eas_k1_adaptive,eas,1,adaptive,29,1,accept_id,ok,0,0.012728999999999997,0.012164,0.5755019008870808,0.4041636051922606,0.5755019008863734,1,1,0.017257,0.029986,baseline_dominates
l1-n2-identical-w1,zero_commit,1,2,identical,1,eas_k1_adaptive,eas,1,adaptive,29,1,accept_static_degree,ok,0,0.012832,0.010823,0.5720669645834723,0.4698506000489836,0.5720669645827389,1,1,0.017154,0.029986,baseline_dominates
l1-n2-identical-w1,zero_commit,1,2,identical,1,eas_k2_adaptive,eas,2,adaptive,29,1,native,ok,-1,0.020581,0.021066,0.2698148016745902,0.0,0.0,1,0,0.007605,0.028186,baseline_dominates
l1-n2-identical-w1,zero_commit,1,2,identical,1,eas_k2_adaptive,eas,2,adaptive,29,1,accept_id,ok,-1,0.010928999999999998,0.012815000000000002,0.6122543106506777,0.39167378714516277,0.0,1,0,0.017257,0.028186,baseline_dominates
l1-n2-identical-w1,zero_commit,1,2,identical,1,eas_k2_adaptive,eas,2,adaptive,29,1,accept_static_degree,ok,-1,0.011032,0.011474000000000002,0.6086000141914425,0.45533086490078795,0.0,1,0,0.017154,0.028186,baseline_dominates
l1-n2-identical-w1,zero_commit,1,2,identical,1,native,native,,native,29,1,accept_id,ok,0,-0.009652,-0.008251,2.269165023011177,,2.2691650230153004,1,1,0.017257,0.007605,variant_dominates
l1-n2-identical-w1,zero_commit,1,2,identical,1,native,native,,native,29,1,accept_static_degree,ok,0,-0.009548999999999998,-0.009592,2.255621301775148,,2.2556213017791267,1,1,0.017154,0.007605,variant_dominates
l1-n2-identical-w1,zero_commit,1,2,identical,1,eas_k1_adaptive,eas,1,adaptive,29,2,native,ok,0,0.021966,0.021074,0.29164785553047406,0.0,0.2916478555306598,1,1,0.009044,0.03101,baseline_dominates
l1-n2-identical-w1,zero_commit,1,2,identical,1,eas_k1_adaptive,eas,1,adaptive,29,2,accept_id,ok,0,0.01347,0.012898,0.5656239922605611,0.3879662142924931,0.5656239922606001,1,1,0.01754,0.03101,baseline_dominates
l1-n2-identical-w1,zero_commit,1,2,identical,1,eas_k1_adaptive,eas,1,adaptive,29,2,accept_static_degree,ok,0,0.014949999999999998,0.012126999999999999,0.5178974524346985,0.4245515801461517,0.517897452434379,1,1,0.01606,0.03101,baseline_dominates
l1-n2-identical-w1,zero_commit,1,2,identical,1,accept_id,accept_id,,greedy,29,2,native,ok,0,0.008496,0.008176,0.5156214367160775,0.0,0.5156214367163704,1,1,0.009044,0.01754,baseline_dominates
l1-n2-identical-w1,zero_commit,1,2,identical,1,accept_id,accept_id,,greedy,29,2,accept_static_degree,ok,0,0.0014799999999999987,-0.0007710000000000009,0.9156214367160777,1.0943003913894327,0.9156214367154495,1,1,0.01606,0.01754,baseline_dominates
l1-n2-identical-w1,zero_commit,1,2,identical,1,accept_static_degree,accept_static_degree,,greedy,29,2,native,ok,0,0.007016000000000001,0.008947,0.5631382316313822,0.0,0.5631382316320884,1,1,0.009044,0.01606,baseline_dominates
l1-n2-identical-w1,zero_commit,1,2,identical,1,accept_static_degree,accept_static_degree,,greedy,29,2,accept_id,ok,0,-0.0014799999999999987,0.0007710000000000009,1.0921544209215441,0.9138258634179054,1.0921544209222933,1,1,0.01754,0.01606,variant_dominates
l1-n2-identical-w1,zero_commit,1,2,identical,1,native,native,,native,29,2,accept_id,ok,0,-0.008496,-0.008176,1.939407341884122,,1.9394073418830207,1,1,0.01754,0.009044,variant_dominates
l1-n2-identical-w1,zero_commit,1,2,identical,1,native,native,,native,29,2,accept_static_degree,ok,0,-0.007016000000000001,-0.008947,1.775762936753649,,1.775762936751422,1,1,0.01606,0.009044,variant_dominates
l1-n2-identical-w1,zero_commit,1,2,identical,1,eas_k2_adaptive,eas,2,adaptive,29,2,native,ok,-1,0.01862,0.02108,0.3269230769230769,0.0,0.0,1,0,0.009044,0.027664,baseline_dominates
l1-n2-identical-w1,zero_commit,1,2,identical,1,eas_k2_adaptive,eas,2,adaptive,29,2,accept_id,ok,-1,0.010124000000000001,0.012904000000000002,0.6340370156159629,0.38785578747628074,0.0,1,0,0.01754,0.027664,baseline_dominates
l1-n2-identical-w1,zero_commit,1,2,identical,1,eas_k2_adaptive,eas,2,adaptive,29,2,accept_static_degree,ok,-1,0.011604,0.012133000000000001,0.5805378831694621,0.4244307400379506,0.0,1,0,0.01606,0.027664,baseline_dominates
l1-n2-identical-w1,zero_commit,1,2,identical,1,accept_id,accept_id,,greedy,29,3,native,ok,0,0.008163000000000002,0.007949,0.5345535408826547,0.0,0.5345535408808295,1,1,0.009375,0.017538,baseline_dominates
l1-n2-identical-w1,zero_commit,1,2,identical,1,accept_id,accept_id,,greedy,29,3,accept_static_degree,ok,0,0.0014490000000000024,-0.001693,0.9173794047211767,1.212982765127689,0.9173794047212362,1,1,0.016089,0.017538,baseline_dominates
l1-n2-identical-w1,zero_commit,1,2,identical,1,accept_static_degree,accept_static_degree,,greedy,29,3,native,ok,0,0.0067139999999999995,0.009642,0.5826962520977065,0.0,0.5826962520956791,1,1,0.009375,0.016089,baseline_dominates
l1-n2-identical-w1,zero_commit,1,2,identical,1,accept_static_degree,accept_static_degree,,greedy,29,3,accept_id,ok,0,-0.0014490000000000024,0.001693,1.0900615327242216,0.8244140219871395,1.090061532724151,1,1,0.017538,0.016089,variant_dominates
l1-n2-identical-w1,zero_commit,1,2,identical,1,native,native,,native,29,3,accept_id,ok,0,-0.008163000000000002,-0.007949,1.8707200000000002,,1.8707200000063877,1,1,0.017538,0.009375,variant_dominates
l1-n2-identical-w1,zero_commit,1,2,identical,1,native,native,,native,29,3,accept_static_degree,ok,0,-0.0067139999999999995,-0.009642,1.71616,,1.7161600000059711,1,1,0.016089,0.009375,variant_dominates
l1-n2-identical-w1,zero_commit,1,2,identical,1,eas_k1_adaptive,eas,1,adaptive,29,3,native,ok,0,0.019012,0.019357,0.3302568076936626,0.0,0.33025680769303045,1,1,0.009375,0.028387,baseline_dominates
l1-n2-identical-w1,zero_commit,1,2,identical,1,eas_k1_adaptive,eas,1,adaptive,29,3,accept_id,ok,0,0.010848999999999998,0.011408,0.6178180152886885,0.4106524771400527,0.6178180152896156,1,1,0.017538,0.028387,baseline_dominates
l1-n2-identical-w1,zero_commit,1,2,identical,1,eas_k1_adaptive,eas,1,adaptive,29,3,accept_static_degree,ok,0,0.012298,0.009715,0.5667735230915559,0.4981143772278762,0.5667735230924431,1,1,0.016089,0.028387,baseline_dominates
l1-n2-identical-w1,zero_commit,1,2,identical,1,eas_k2_adaptive,eas,2,adaptive,29,3,native,ok,-1,0.020575000000000003,0.021225,0.3130217028380634,0.0,0.0,1,0,0.009375,0.02995,baseline_dominates
l1-n2-identical-w1,zero_commit,1,2,identical,1,eas_k2_adaptive,eas,2,adaptive,29,3,accept_id,ok,-1,0.012412,0.013276000000000001,0.5855759599332221,0.3745111896348645,0.0,1,0,0.017538,0.02995,baseline_dominates
l1-n2-identical-w1,zero_commit,1,2,identical,1,eas_k2_adaptive,eas,2,adaptive,29,3,accept_static_degree,ok,-1,0.013861000000000002,0.011583000000000001,0.5371953255425709,0.45427561837455827,0.0,1,0,0.016089,0.02995,baseline_dominates
l1-n2-identical-w1,zero_commit,1,2,identical,1,eas_k2_adaptive,eas,2,adaptive,47,1,native,ok,-1,0.019067,0.020199,0.334810214903712,0.0,0.0,1,0,0.009597,0.028664,baseline_dominates
l1-n2-identical-w1,zero_commit,1,2,identical,1,eas_k2_adaptive,eas,2,adaptive,47,1,accept_id,ok,-1,0.010775999999999997,0.011787000000000002,0.6240580519118059,0.4164562602109015,0.0,1,0,0.017888,0.028664,baseline_dominates
l1-n2-identical-w1,zero_commit,1,2,identical,1,eas_k2_adaptive,eas,2,adaptive,47,1,accept_static_degree,ok,-1,0.012378,0.011167000000000002,0.5681691320122801,0.44715084905193325,0.0,1,0,0.016286,0.028664,baseline_dominates
l1-n2-identical-w1,zero_commit,1,2,identical,1,accept_id,accept_id,,greedy,47,1,native,ok,0,0.008291000000000001,0.008412,0.5365049194991055,0.0,0.5365049194980259,1,1,0.009597,0.017888,baseline_dominates
l1-n2-identical-w1,zero_commit,1,2,identical,1,accept_id,accept_id,,greedy,47,1,accept_static_degree,ok,0,0.0016020000000000027,-0.0006200000000000008,0.910442754919499,1.0737042320494532,0.9104427549200707,1,1,0.016286,0.017888,baseline_dominates
l1-n2-identical-w1,zero_commit,1,2,identical,1,accept_static_degree,accept_static_degree,,greedy,47,1,native,ok,0,0.006688999999999999,0.009032,0.589279135453764,0.0,0.5892791354522081,1,1,0.009597,0.016286,baseline_dominates
l1-n2-identical-w1,zero_commit,1,2,identical,1,accept_static_degree,accept_static_degree,,greedy,47,1,accept_id,ok,0,-0.0016020000000000027,0.0006200000000000008,1.0983666953211348,0.9313551815766163,1.0983666953204452,1,1,0.017888,0.016286,variant_dominates
l1-n2-identical-w1,zero_commit,1,2,identical,1,native,native,,native,47,1,accept_id,ok,0,-0.008291000000000001,-0.008412,1.8639158070230282,,1.863915807026779,1,1,0.017888,0.009597,variant_dominates
l1-n2-identical-w1,zero_commit,1,2,identical,1,native,native,,native,47,1,accept_static_degree,ok,0,-0.006688999999999999,-0.009032,1.696988642284047,,1.6969886422885274,1,1,0.016286,0.009597,variant_dominates
l1-n2-identical-w1,zero_commit,1,2,identical,1,eas_k1_adaptive,eas,1,adaptive,47,1,native,ok,0,0.020609000000000002,0.022358,0.3177183341058068,0.0,0.31771833410505523,1,1,0.009597,0.030206,baseline_dominates
l1-n2-identical-w1,zero_commit,1,2,identical,1,eas_k1_adaptive,eas,1,adaptive,47,1,accept_id,ok,0,0.012317999999999999,0.013946,0.5922002251208369,0.3762411664728509,0.5922002251206278,1,1,0.017888,0.030206,baseline_dominates
l1-n2-identical-w1,zero_commit,1,2,identical,1,eas_k1_adaptive,eas,1,adaptive,47,1,accept_static_degree,ok,0,0.013920000000000002,0.013326,0.5391644044229623,0.4039717327131228,0.5391644044231104,1,1,0.016286,0.030206,baseline_dominates
l1-n2-identical-w1,zero_commit,1,2,identical,1,accept_id,accept_id,,greedy,47,2,native,ok,0,0.009023999999999999,0.008652,0.5194120466528199,0.0,0.5194120466523302,1,1,0.009753,0.018777,baseline_dominates
l1-n2-identical-w1,zero_commit,1,2,identical,1,accept_id,accept_id,,greedy,47,2,accept_static_degree,ok,0,0.00047299999999999773,-0.00026900000000000014,0.9748096074985355,1.031091077207582,0.9748096074977688,1,1,0.018304,0.018777,baseline_dominates
l1-n2-identical-w1,zero_commit,1,2,identical,1,native,native,,native,47,2,accept_id,ok,0,-0.009023999999999999,-0.008652,1.9252537680713626,,1.9252537680731778,1,1,0.018777,0.009753,variant_dominates
l1-n2-identical-w1,zero_commit,1,2,identical,1,native,native,,native,47,2,accept_static_degree,ok,0,-0.008551000000000001,-0.008921,1.8767558699887217,,1.876755869989015,1,1,0.018304,0.009753,variant_dominates
l1-n2-identical-w1,zero_commit,1,2,identical,1,eas_k2_adaptive,eas,2,adaptive,47,2,native,ok,-1,0.021315,0.023913,0.31392429509463116,0.0,0.0,1,0,0.009753,0.031068,baseline_dominates
l1-n2-identical-w1,zero_commit,1,2,identical,1,eas_k2_adaptive,eas,2,adaptive,47,2,accept_id,ok,-1,0.012291,0.015261,0.604383932020085,0.3618115669301217,0.0,1,0,0.018777,0.031068,baseline_dominates
l1-n2-identical-w1,zero_commit,1,2,identical,1,eas_k2_adaptive,eas,2,adaptive,47,2,accept_static_degree,ok,-1,0.012763999999999998,0.014992,0.5891592635509206,0.37306067829214234,0.0,1,0,0.018304,0.031068,baseline_dominates
l1-n2-identical-w1,zero_commit,1,2,identical,1,accept_static_degree,accept_static_degree,,greedy,47,2,native,ok,0,0.008551000000000001,0.008921,0.5328343531468531,0.0,0.5328343531467697,1,1,0.009753,0.018304,baseline_dominates
l1-n2-identical-w1,zero_commit,1,2,identical,1,accept_static_degree,accept_static_degree,,greedy,47,2,accept_id,ok,0,-0.00047299999999999773,0.00026900000000000014,1.025841346153846,0.9698464297724471,1.025841346154653,1,1,0.018777,0.018304,variant_dominates
l1-n2-identical-w1,zero_commit,1,2,identical,1,eas_k1_adaptive,eas,1,adaptive,47,2,native,ok,0,0.020628,0.020765,0.32102300780092824,0.0,0.3210230078009373,1,1,0.009753,0.030381,baseline_dominates
l1-n2-identical-w1,zero_commit,1,2,identical,1,eas_k1_adaptive,eas,1,adaptive,47,2,accept_id,ok,0,0.011604,0.012112999999999999,0.6180507554063395,0.41666265350349146,0.6180507554069397,1,1,0.018777,0.030381,baseline_dominates
l1-n2-identical-w1,zero_commit,1,2,identical,1,eas_k1_adaptive,eas,1,adaptive,47,2,accept_static_degree,ok,0,0.012076999999999997,0.011843999999999999,0.6024818142918272,0.42961714423308456,0.6024818142919384,1,1,0.018304,0.030381,baseline_dominates
l1-n2-identical-w1,zero_commit,1,2,identical,1,eas_k2_adaptive,eas,2,adaptive,47,3,native,ok,-1,0.020052,0.019058,0.2622787976895626,0.0,0.0,1,0,0.007129,0.027181,baseline_dominates
l1-n2-identical-w1,zero_commit,1,2,identical,1,eas_k2_adaptive,eas,2,adaptive,47,3,accept_id,ok,-1,0.010064,0.00994,0.6297413634524116,0.4784342533319341,0.0,1,0,0.017117,0.027181,baseline_dominates
l1-n2-identical-w1,zero_commit,1,2,identical,1,eas_k2_adaptive,eas,2,adaptive,47,3,accept_static_degree,ok,-1,0.008022000000000001,0.009878999999999999,0.7048673705897501,0.48163500892013855,0.0,1,0,0.019159,0.027181,baseline_dominates
l1-n2-identical-w1,zero_commit,1,2,identical,1,accept_static_degree,accept_static_degree,,greedy,47,3,native,ok,0,0.012029999999999999,0.009179,0.3720966647528577,0.0,0.37209666475360637,1,1,0.007129,0.019159,baseline_dominates
l1-n2-identical-w1,zero_commit,1,2,identical,1,accept_static_degree,accept_static_degree,,greedy,47,3,accept_id,ok,0,0.0020419999999999987,6.100000000000029e-05,0.8934182368599615,0.9933543959036932,0.893418236860694,1,1,0.017117,0.019159,baseline_dominates
l1-n2-identical-w1,zero_commit,1,2,identical,1,eas_k1_adaptive,eas,1,adaptive,47,3,native,ok,0,0.02353,0.020985,0.23252552268501908,0.0,0.2325255226850329,1,1,0.007129,0.030659,baseline_dominates
l1-n2-identical-w1,zero_commit,1,2,identical,1,eas_k1_adaptive,eas,1,adaptive,47,3,accept_id,ok,0,0.013541999999999998,0.011867,0.5583026191330441,0.43450083392899685,0.5583026191324117,1,1,0.017117,0.030659,baseline_dominates
l1-n2-identical-w1,zero_commit,1,2,identical,1,eas_k1_adaptive,eas,1,adaptive,47,3,accept_static_degree,ok,0,0.0115,0.011806,0.6249062265566392,0.4374076721467715,0.6249062265554189,1,1,0.019159,0.030659,baseline_dominates
l1-n2-identical-w1,zero_commit,1,2,identical,1,accept_id,accept_id,,greedy,47,3,native,ok,0,0.009988,0.009118,0.41648653385523166,0.0,0.4164865338557281,1,1,0.007129,0.017117,baseline_dominates
l1-n2-identical-w1,zero_commit,1,2,identical,1,accept_id,accept_id,,greedy,47,3,accept_static_degree,ok,0,-0.0020419999999999987,-6.100000000000029e-05,1.119296605713618,1.006690063610441,1.1192966057127003,1,1,0.019159,0.017117,variant_dominates
l1-n2-identical-w1,zero_commit,1,2,identical,1,native,native,,native,47,3,accept_id,ok,0,-0.009988,-0.009118,2.4010380137466685,,2.4010380137438063,1,1,0.017117,0.007129,variant_dominates
l1-n2-identical-w1,zero_commit,1,2,identical,1,native,native,,native,47,3,accept_static_degree,ok,0,-0.012029999999999999,-0.009179,2.6874736989760133,,2.687473698970606,1,1,0.019159,0.007129,variant_dominates
l1-n2-identical-w1,zero_commit,1,2,identical,1,accept_static_degree,accept_static_degree,,greedy,71,1,native,ok,0,0.008713,0.009249,0.5209742151850019,0.0,0.5209742151858615,1,1,0.009476,0.018189,baseline_dominates
l1-n2-identical-w1,zero_commit,1,2,identical,1,accept_static_degree,accept_static_degree,,greedy,71,1,accept_id,ok,0,0.0003009999999999992,0.0010260000000000009,0.9834515366430261,0.8890690885501135,0.9834515366424679,1,1,0.017888,0.018189,baseline_dominates
l1-n2-identical-w1,zero_commit,1,2,identical,1,accept_id,accept_id,,greedy,71,1,native,ok,0,0.008412000000000001,0.008223,0.5297406082289803,0.0,0.529740608230155,1,1,0.009476,0.017888,baseline_dominates
l1-n2-identical-w1,zero_commit,1,2,identical,1,accept_id,accept_id,,greedy,71,1,accept_static_degree,ok,0,-0.0003009999999999992,-0.0010260000000000009,1.0168269230769231,1.1247719810288217,1.0168269230775002,1,1,0.018189,0.017888,variant_dominates
l1-n2-identical-w1,zero_commit,1,2,identical,1,eas_k2_adaptive,eas,2,adaptive,71,1,native,ok,-1,0.018772999999999998,0.019738,0.3354455024956636,0.0,0.0,1,0,0.009476,0.028249,baseline_dominates
l1-n2-identical-w1,zero_commit,1,2,identical,1,eas_k2_adaptive,eas,2,adaptive,71,1,accept_id,ok,-1,0.010360999999999999,0.011515,0.6332259549010585,0.41660755902320395,0.0,1,0,0.017888,0.028249,baseline_dominates
l1-n2-identical-w1,zero_commit,1,2,identical,1,eas_k2_adaptive,eas,2,adaptive,71,1,accept_static_degree,ok,-1,0.01006,0.010488999999999998,0.6438811993344897,0.4685885094741109,0.0,1,0,0.018189,0.028249,baseline_dominates
l1-n2-identical-w1,zero_commit,1,2,identical,1,native,native,,native,71,1,accept_id,ok,0,-0.008412000000000001,-0.008223,1.887716336006754,,1.887716336002568,1,1,0.017888,0.009476,variant_dominates
l1-n2-identical-w1,zero_commit,1,2,identical,1,native,native,,native,71,1,accept_static_degree,ok,0,-0.008713,-0.009249,1.9194807935837908,,1.9194807935806235,1,1,0.018189,0.009476,variant_dominates
l1-n2-identical-w1,zero_commit,1,2,identical,1,eas_k1_adaptive,eas,1,adaptive,71,1,native,ok,0,0.019844,0.021548,0.3231923601637108,0.0,0.32319236016457303,1,1,0.009476,0.02932,baseline_dominates
l1-n2-identical-w1,zero_commit,1,2,identical,1,eas_k1_adaptive,eas,1,adaptive,71,1,accept_id,ok,0,0.011431999999999998,0.013325000000000002,0.6100954979536154,0.38161314275106734,0.6100954979538901,1,1,0.017888,0.02932,baseline_dominates
l1-n2-identical-w1,zero_commit,1,2,identical,1,eas_k1_adaptive,eas,1,adaptive,71,1,accept_static_degree,ok,0,0.011130999999999999,0.012299000000000001,0.6203615279672579,0.42922777055875255,0.6203615279678893,1,1,0.018189,0.02932,baseline_dominates
l1-n2-identical-w1,zero_commit,1,2,identical,1,eas_k1_adaptive,eas,1,adaptive,71,2,native,ok,0,0.021238,0.02137,0.31395161029815555,0.0,0.3139516102986161,1,1,0.009719,0.030957,baseline_dominates
l1-n2-identical-w1,zero_commit,1,2,identical,1,eas_k1_adaptive,eas,1,adaptive,71,2,accept_id,ok,0,0.013366999999999997,0.013292,0.5682075136479634,0.37800655124005617,0.5682075136481014,1,1,0.01759,0.030957,baseline_dominates
l1-n2-identical-w1,zero_commit,1,2,identical,1,eas_k1_adaptive,eas,1,adaptive,71,2,accept_static_degree,ok,0,0.012944999999999998,0.012588,0.5818393255160385,0.41094992980814227,0.5818393255163824,1,1,0.018012,0.030957,baseline_dominates
l1-n2-identical-w1,zero_commit,1,2,identical,1,accept_static_degree,accept_static_degree,,greedy,71,2,native,ok,0,0.008293,0.008782,0.5395847212969132,0.0,0.5395847212973858,1,1,0.009719,0.018012,baseline_dominates
l1-n2-identical-w1,zero_commit,1,2,identical,1,accept_static_degree,accept_static_degree,,greedy,71,2,accept_id,ok,0,0.00042199999999999876,0.0007039999999999998,0.9765711747723741,0.919836028239581,0.9765711747720339,1,1,0.01759,0.018012,baseline_dominates
l1-n2-identical-w1,zero_commit,1,2,identical,1,accept_id,accept_id,,greedy,71,2,native,ok,0,0.007871000000000001,0.008078,0.5525298465036953,0.0,0.5525298465043715,1,1,0.009719,0.01759,baseline_dominates
l1-n2-identical-w1,zero_commit,1,2,identical,1,accept_id,accept_id,,greedy,71,2,accept_static_degree,ok,0,-0.00042199999999999876,-0.0007039999999999998,1.0239909039226833,1.0871502847239416,1.02399090392304,1,1,0.018012,0.01759,variant_dominates
l1-n2-identical-w1,zero_commit,1,2,identical,1,native,native,,native,71,2,accept_id,ok,0,-0.007871000000000001,-0.008078,1.8098569811709024,,1.809856981168687,1,1,0.01759,0.009719,variant_dominates
l1-n2-identical-w1,zero_commit,1,2,identical,1,native,native,,native,71,2,accept_static_degree,ok,0,-0.008293,-0.008782,1.8532770861199712,,1.853277086118348,1,1,0.018012,0.009719,variant_dominates
l1-n2-identical-w1,zero_commit,1,2,identical,1,eas_k2_adaptive,eas,2,adaptive,71,2,native,ok,-1,0.017301999999999998,0.020271,0.3596832093556863,0.0,0.0,1,0,0.009719,0.027021,baseline_dominates
l1-n2-identical-w1,zero_commit,1,2,identical,1,eas_k2_adaptive,eas,2,adaptive,71,2,accept_id,ok,-1,0.009430999999999998,0.012193,0.6509751674623442,0.3985003206551231,0.0,1,0,0.01759,0.027021,baseline_dominates
l1-n2-identical-w1,zero_commit,1,2,identical,1,eas_k2_adaptive,eas,2,adaptive,71,2,accept_static_degree,ok,-1,0.009009,0.011489000000000001,0.6665926501609859,0.43322973706279905,0.0,1,0,0.018012,0.027021,baseline_dominates
l1-n2-identical-w1,zero_commit,1,2,identical,1,eas_k1_adaptive,eas,1,adaptive,71,3,native,ok,0,0.018831,0.01946,0.3413661641775384,0.0,0.34136616417869076,1,1,0.00976,0.028591,baseline_dominates
l1-n2-identical-w1,zero_commit,1,2,identical,1,eas_k1_adaptive,eas,1,adaptive,71,3,accept_id,ok,0,0.011770999999999997,0.010278000000000002,0.5882970165436677,0.4718396711202466,0.5882970165434814,1,1,0.01682,0.028591,baseline_dominates
l1-n2-identical-w1,zero_commit,1,2,identical,1,eas_k1_adaptive,eas,1,adaptive,71,3,accept_static_degree,ok,0,0.010797999999999999,0.010812000000000002,0.6223287048371866,0.44439876670092493,0.6223287048365608,1,1,0.017793,0.028591,baseline_dominates
l1-n2-identical-w1,zero_commit,1,2,identical,1,eas_k2_adaptive,eas,2,adaptive,71,3,native,ok,-1,0.019081,0.022196,0.33840712874033496,0.0,0.0,1,0,0.00976,0.028841,baseline_dominates
l1-n2-identical-w1,zero_commit,1,2,identical,1,eas_k2_adaptive,eas,2,adaptive,71,3,accept_id,ok,-1,0.012020999999999997,0.013014000000000001,0.5831975312922576,0.41367814020544236,0.0,1,0,0.01682,0.028841,baseline_dominates
l1-n2-identical-w1,zero_commit,1,2,identical,1,eas_k2_adaptive,eas,2,adaptive,71,3,accept_static_degree,ok,-1,0.011047999999999999,0.013548000000000001,0.6169342255816372,0.3896197513065417,0.0,1,0,0.017793,0.028841,baseline_dominates
l1-n2-identical-w1,zero_commit,1,2,identical,1,native,native,,native,71,3,accept_id,ok,0,-0.007060000000000002,-0.009182,1.7233606557377052,,1.7233606557313421,1,1,0.01682,0.00976,variant_dominates
l1-n2-identical-w1,zero_commit,1,2,identical,1,native,native,,native,71,3,accept_static_degree,ok,0,-0.008033,-0.008648,1.8230532786885247,,1.8230532786805376,1,1,0.017793,0.00976,variant_dominates
l1-n2-identical-w1,zero_commit,1,2,identical,1,accept_static_degree,accept_static_degree,,greedy,71,3,native,ok,0,0.008033,0.008648,0.5485303209127185,0.0,0.5485303209151217,1,1,0.00976,0.017793,baseline_dominates
l1-n2-identical-w1,zero_commit,1,2,identical,1,accept_static_degree,accept_static_degree,,greedy,71,3,accept_id,ok,0,0.0009729999999999982,-0.0005339999999999998,0.9453155735401564,1.0617483811285846,0.9453155735408076,1,1,0.01682,0.017793,baseline_dominates
l1-n2-identical-w1,zero_commit,1,2,identical,1,accept_id,accept_id,,greedy,71,3,native,ok,0,0.007060000000000002,0.009182,0.5802615933412604,0.0,0.5802615933434028,1,1,0.00976,0.01682,baseline_dominates
l1-n2-identical-w1,zero_commit,1,2,identical,1,accept_id,accept_id,,greedy,71,3,accept_static_degree,ok,0,-0.0009729999999999982,0.0005339999999999998,1.057847800237812,0.9418427357874102,1.0578478002370832,1,1,0.017793,0.01682,variant_dominates
l1-n2-identical-w1,zero_commit,1,2,identical,1,eas_k1_adaptive,eas,1,adaptive,101,1,native,ok,0,0.022065,0.019975,0.24959189225955652,0.0,0.24959189225904868,1,1,0.007339,0.029404,baseline_dominates
l1-n2-identical-w1,zero_commit,1,2,identical,1,eas_k1_adaptive,eas,1,adaptive,101,1,accept_id,ok,0,0.011264,0.011706,0.6169228676370562,0.41396745932415524,0.6169228676375517,1,1,0.01814,0.029404,baseline_dominates
l1-n2-identical-w1,zero_commit,1,2,identical,1,eas_k1_adaptive,eas,1,adaptive,101,1,accept_static_degree,ok,0,0.010717,0.010605999999999999,0.6355257788056047,0.46903629536921154,0.6355257788052043,1,1,0.018687,0.029404,baseline_dominates
l1-n2-identical-w1,zero_commit,1,2,identical,1,native,native,,native,101,1,accept_id,ok,0,-0.010801,-0.008269,2.471726393241586,,2.4717263932486007,1,1,0.01814,0.007339,variant_dominates
l1-n2-identical-w1,zero_commit,1,2,identical,1,native,native,,native,101,1,accept_static_degree,ok,0,-0.011347999999999999,-0.009369,2.5462597084071397,,2.5462597084107172,1,1,0.018687,0.007339,variant_dominates
l1-n2-identical-w1,zero_commit,1,2,identical,1,eas_k2_adaptive,eas,2,adaptive,101,1,native,ok,-1,0.021339999999999998,0.020179,0.255901530736776,0.0,0.0,1,0,0.007339,0.028679,baseline_dominates
l1-n2-identical-w1,zero_commit,1,2,identical,1,eas_k2_adaptive,eas,2,adaptive,101,1,accept_id,ok,-1,0.010539,0.011909999999999999,0.6325185675930123,0.4097824470984687,0.0,1,0,0.01814,0.028679,baseline_dominates
l1-n2-identical-w1,zero_commit,1,2,identical,1,eas_k2_adaptive,eas,2,adaptive,101,1,accept_static_degree,ok,-1,0.009992000000000001,0.010809999999999998,0.6515917570347641,0.46429456365528526,0.0,1,0,0.018687,0.028679,baseline_dominates
l1-n2-identical-w1,zero_commit,1,2,identical,1,accept_id,accept_id,,greedy,101,1,native,ok,0,0.010801,0.008269,0.4045755237045204,0.0,0.40457552370337224,1,1,0.007339,0.01814,baseline_dominates
l1-n2-identical-w1,zero_commit,1,2,identical,1,accept_id,accept_id,,greedy,101,1,accept_static_degree,ok,0,-0.0005469999999999989,-0.0011000000000000003,1.030154355016538,1.1330269681944614,1.0301543550150618,1,1,0.018687,0.01814,variant_dominates
l1-n2-identical-w1,zero_commit,1,2,identical,1,accept_static_degree,accept_static_degree,,greedy,101,1,native,ok,0,0.011347999999999999,0.009369,0.39273291593086107,0.0,0.3927329159303093,1,1,0.007339,0.018687,baseline_dominates
l1-n2-identical-w1,zero_commit,1,2,identical,1,accept_static_degree,accept_static_degree,,greedy,101,1,accept_id,ok,0,0.0005469999999999989,0.0011000000000000003,0.9707283138010382,0.882591525242822,0.9707283138024293,1,1,0.01814,0.018687,baseline_dominates
l1-n2-identical-w1,zero_commit,1,2,identical,1,native,native,,native,101,2,accept_id,ok,0,-0.009134,-0.009081,2.3677747828691227,,2.367774782864044,1,1,0.015812,0.006678,variant_dominates
l1-n2-identical-w1,zero_commit,1,2,identical,1,native,native,,native,101,2,accept_static_degree,ok,0,-0.010209,-0.009359,2.528751123090746,,2.528751123087092,1,1,0.016887,0.006678,variant_dominates
l1-n2-identical-w1,zero_commit,1,2,identical,1,eas_k2_adaptive,eas,2,adaptive,101,2,native,ok,-1,0.0202,0.02025,0.2484559863085051,0.0,0.0,1,0,0.006678,0.026878,baseline_dominates
l1-n2-identical-w1,zero_commit,1,2,identical,1,eas_k2_adaptive,eas,2,adaptive,101,2,accept_id,ok,-1,0.011066,0.011169,0.5882878190341543,0.4484444444444445,0.0,1,0,0.015812,0.026878,baseline_dominates
l1-n2-identical-w1,zero_commit,1,2,identical,1,eas_k2_adaptive,eas,2,adaptive,101,2,accept_static_degree,ok,-1,0.009991,0.010891000000000001,0.6282833544162512,0.4621728395061728,0.0,1,0,0.016887,0.026878,baseline_dominates
l1-n2-identical-w1,zero_commit,1,2,identical,1,accept_id,accept_id,,greedy,101,2,native,ok,0,0.009134,0.009081,0.42233746521629145,0.0,0.4223374652171972,1,1,0.006678,0.015812,baseline_dominates
l1-n2-identical-w1,zero_commit,1,2,identical,1,accept_id,accept_id,,greedy,101,2,accept_static_degree,ok,0,-0.0010749999999999996,-0.00027799999999999873,1.0679863394889957,1.0306133685717431,1.0679863394897433,1,1,0.016887,0.015812,variant_dominates
l1-n2-identical-w1,zero_commit,1,2,identical,1,accept_static_degree,accept_static_degree,,greedy,101,2,native,ok,0,0.010209,0.009359,0.3954521229348019,0.0,0.3954521229353733,1,1,0.006678,0.016887,baseline_dominates
l1-n2-identical-w1,zero_commit,1,2,identical,1,accept_static_degree,accept_static_degree,,greedy,101,2,accept_id,ok,0,0.0010749999999999996,0.00027799999999999873,0.9363415645170842,0.9702959717918582,0.9363415645164288,1,1,0.015812,0.016887,baseline_dominates
l1-n2-identical-w1,zero_commit,1,2,identical,1,eas_k1_adaptive,eas,1,adaptive,101,2,native,ok,0,0.021265,0.020431,0.23898650824893533,0.0,0.2389865082496427,1,1,0.006678,0.027943,baseline_dominates
l1-n2-identical-w1,zero_commit,1,2,identical,1,eas_k1_adaptive,eas,1,adaptive,101,2,accept_id,ok,0,0.012131,0.01135,0.5658662276777726,0.4444716362390485,0.5658662276782338,1,1,0.015812,0.027943,baseline_dominates
l1-n2-identical-w1,zero_commit,1,2,identical,1,eas_k1_adaptive,eas,1,adaptive,101,2,accept_static_degree,ok,0,0.011056,0.011072000000000002,0.604337401138031,0.4580784102589202,0.6043374011389465,1,1,0.016887,0.027943,baseline_dominates
l1-n2-identical-w1,zero_commit,1,2,identical,1,eas_k1_adaptive,eas,1,adaptive,101,3,native,ok,0,0.020152,0.02013,0.3185906539527964,0.0,0.3185906539515373,1,1,0.009422,0.029574,baseline_dominates
l1-n2-identical-w1,zero_commit,1,2,identical,1,eas_k1_adaptive,eas,1,adaptive,101,3,accept_id,ok,0,0.011723999999999998,0.011791999999999999,0.6035707039967539,0.4142076502732241,0.6035707039957882,1,1,0.01785,0.029574,baseline_dominates
l1-n2-identical-w1,zero_commit,1,2,identical,1,eas_k1_adaptive,eas,1,adaptive,101,3,accept_static_degree,ok,0,0.011201,0.010891999999999999,0.6212551565564347,0.4589170392449081,0.6212551565556225,1,1,0.018373,0.029574,baseline_dominates
l1-n2-identical-w1,zero_commit,1,2,identical,1,accept_id,accept_id,,greedy,101,3,native,ok,0,0.008428000000000001,0.008338,0.527843137254902,0.0,0.5278431372536605,1,1,0.009422,0.01785,baseline_dominates
l1-n2-identical-w1,zero_commit,1,2,identical,1,accept_id,accept_id,,greedy,101,3,accept_static_degree,ok,0,-0.0005229999999999992,-0.0008999999999999998,1.0292997198879552,1.107939553849844,1.0292997198882565,1,1,0.018373,0.01785,variant_dominates
l1-n2-identical-w1,zero_commit,1,2,identical,1,accept_static_degree,accept_static_degree,,greedy,101,3,native,ok,0,0.008951,0.009238,0.512817721656779,0.0,0.5128177216554227,1,1,0.009422,0.018373,baseline_dominates
l1-n2-identical-w1,zero_commit,1,2,identical,1,accept_static_degree,accept_static_degree,,greedy,101,3,accept_id,ok,0,0.0005229999999999992,0.0008999999999999998,0.9715343166603169,0.9025763152197446,0.9715343166600324,1,1,0.01785,0.018373,baseline_dominates
l1-n2-identical-w1,zero_commit,1,2,identical,1,native,native,,native,101,3,accept_id,ok,0,-0.008428000000000001,-0.008338,1.8945022288261517,,1.8945022288306073,1,1,0.01785,0.009422,variant_dominates
l1-n2-identical-w1,zero_commit,1,2,identical,1,native,native,,native,101,3,accept_static_degree,ok,0,-0.008951,-0.009238,1.9500106134578647,,1.9500106134630215,1,1,0.018373,0.009422,variant_dominates
l1-n2-identical-w1,zero_commit,1,2,identical,1,eas_k2_adaptive,eas,2,adaptive,101,3,native,ok,-1,0.019355,0.02008,0.32741425443930916,0.0,0.0,1,0,0.009422,0.028777,baseline_dominates
l1-n2-identical-w1,zero_commit,1,2,identical,1,eas_k2_adaptive,eas,2,adaptive,101,3,accept_id,ok,-1,0.010927,0.011742,0.6202870347847239,0.41523904382470117,0.0,1,0,0.01785,0.028777,baseline_dominates
l1-n2-identical-w1,zero_commit,1,2,identical,1,eas_k2_adaptive,eas,2,adaptive,101,3,accept_static_degree,ok,-1,0.010404,0.010842000000000001,0.6384612711540466,0.4600597609561753,0.0,1,0,0.018373,0.028777,baseline_dominates
l2-n32-identical-w1,control,2,32,identical,1,eas_k1_lazy,eas,1,lazy,11,1,eas_k1_graph,ok,0,-0.023854,-0.022874000000000005,1.2049524005911263,1.2526006581708153,1.2049524005913679,1,1,0.140242,0.116388,variant_dominates
l2-n32-identical-w1,control,2,32,identical,1,eas_k1_adaptive,eas,1,adaptive,11,1,eas_k1_graph,ok,0,-0.018961000000000006,-0.017020000000000007,1.1563394101301936,1.1765413658617543,1.1563394101301911,1,1,0.140242,0.121281,variant_dominates
l2-n32-identical-w1,control,2,32,identical,1,eas_k1_profile,eas,1,profile,11,1,eas_k1_graph,ok,0,-0.03614200000000001,-0.033806,1.3471853986551394,1.4245811459144457,1.347185398655155,1,1,0.140242,0.1041,variant_dominates
l2-n32-identical-w1,control,2,32,identical,1,eas_k1_adaptive,eas,1,adaptive,11,2,eas_k1_graph,ok,0,-0.013274999999999981,-0.013289999999999996,1.1058173644102922,1.1325897400083804,1.1058173644102713,1,1,0.138727,0.125452,variant_dominates
l2-n32-identical-w1,control,2,32,identical,1,eas_k1_profile,eas,1,profile,11,2,eas_k1_graph,ok,0,-0.03176799999999999,-0.031559000000000004,1.2970110042165688,1.385030195815287,1.2970110042169196,1,1,0.138727,0.106959,variant_dominates
l2-n32-identical-w1,control,2,32,identical,1,eas_k1_lazy,eas,1,lazy,11,2,eas_k1_graph,ok,0,-0.008097999999999994,-0.008421999999999999,1.0619923600425631,1.0801316816045365,1.0619923600437193,1,1,0.138727,0.130629,variant_dominates
l2-n32-identical-w1,control,2,32,identical,1,eas_k1_lazy,eas,1,lazy,11,3,eas_k1_graph,ok,0,-0.021715000000000012,-0.02178100000000001,1.188581750601395,1.242094499216397,1.1885817506014933,1,1,0.136864,0.115149,variant_dominates
l2-n32-identical-w1,control,2,32,identical,1,eas_k1_profile,eas,1,profile,11,3,eas_k1_graph,ok,0,-0.027489000000000013,-0.027506000000000003,1.2513280000000002,1.3265039646740422,1.2513280000004037,1,1,0.136864,0.109375,variant_dominates
l2-n32-identical-w1,control,2,32,identical,1,eas_k1_adaptive,eas,1,adaptive,11,3,eas_k1_graph,ok,0,-0.015453000000000008,-0.015918,1.127278417935772,1.1661031805659905,1.127278417935907,1,1,0.136864,0.121411,variant_dominates
l2-n32-identical-w1,control,2,32,identical,1,eas_k1_profile,eas,1,profile,29,1,eas_k1_graph,ok,0,-0.03408399999999999,-0.033774,1.3210988431246937,1.420362188063974,1.3210988431254953,1,1,0.140232,0.106148,variant_dominates
l2-n32-identical-w1,control,2,32,identical,1,eas_k1_adaptive,eas,1,adaptive,29,1,eas_k1_graph,ok,0,-0.015638,-0.01579,1.125511661877779,1.160583347740748,1.1255116618776393,1,1,0.140232,0.124594,variant_dominates
l2-n32-identical-w1,control,2,32,identical,1,eas_k1_lazy,eas,1,lazy,29,1,eas_k1_graph,ok,0,-0.01722,-0.016779000000000002,1.1399863427958248,1.1723751797822066,1.1399863427968537,1,1,0.140232,0.123012,variant_dominates
l2-n32-identical-w1,control,2,32,identical,1,eas_k1_lazy,eas,1,lazy,29,2,eas_k1_graph,ok,0,-0.020246999999999987,-0.022161,1.1695813859992963,1.2407051386490273,1.1695813859999646,1,1,0.139641,0.119394,variant_dominates
l2-n32-identical-w1,control,2,32,identical,1,eas_k1_profile,eas,1,profile,29,2,eas_k1_graph,ok,0,-0.02867799999999998,-0.029655,1.2584465091967592,1.3506438224965416,1.2584465091975552,1,1,0.139641,0.110963,variant_dominates
l2-n32-identical-w1,control,2,32,identical,1,eas_k1_adaptive,eas,1,adaptive,29,2,eas_k1_graph,ok,0,-0.010332999999999981,-0.010817999999999994,1.07990998236768,1.1046127067014795,1.0799099823683491,1,1,0.139641,0.129308,variant_dominates
l2-n32-identical-w1,control,2,32,identical,1,eas_k1_profile,eas,1,profile,29,3,eas_k1_graph,ok,0,-0.039096000000000006,-0.039442000000000005,1.3694226589813854,1.4928155533898095,1.3694226589809526,1,1,0.144926,0.10583,variant_dominates
l2-n32-identical-w1,control,2,32,identical,1,eas_k1_lazy,eas,1,lazy,29,3,eas_k1_graph,ok,0,-0.027482999999999994,-0.026881000000000002,1.2340113927607435,1.2903072520114478,1.2340113927600296,1,1,0.144926,0.117443,variant_dominates
l2-n32-identical-w1,control,2,32,identical,1,eas_k1_adaptive,eas,1,adaptive,29,3,eas_k1_graph,ok,0,-0.015811999999999993,-0.016335000000000002,1.122465418157597,1.158375427812412,1.1224654181570715,1,1,0.144926,0.129114,variant_dominates
l2-n32-identical-w1,control,2,32,identical,1,eas_k1_adaptive,eas,1,adaptive,47,1,eas_k1_graph,ok,0,-0.020526000000000003,-0.020471000000000003,1.167311971698959,1.2112655706575024,1.1673119716997706,1,1,0.143207,0.122681,variant_dominates
l2-n32-identical-w1,control,2,32,identical,1,eas_k1_lazy,eas,1,lazy,47,1,eas_k1_graph,ok,0,-0.0067929999999999935,-0.006953000000000001,1.0497969416628792,1.0629715165511933,1.0497969416633066,1,1,0.143207,0.136414,variant_dominates
l2-n32-identical-w1,control,2,32,identical,1,eas_k1_profile,eas,1,profile,47,1,eas_k1_graph,ok,0,-0.028790999999999997,-0.030827999999999994,1.2516343867990491,1.3562283337185115,1.2516343867991044,1,1,0.143207,0.114416,variant_dominates
l2-n32-identical-w1,control,2,32,identical,1,eas_k1_profile,eas,1,profile,47,2,eas_k1_graph,ok,0,-0.033929000000000015,-0.03464299999999999,1.3202208484734086,1.435301065540812,1.320220848473232,1,1,0.139884,0.105955,variant_dominates
l2-n32-identical-w1,control,2,32,identical,1,eas_k1_lazy,eas,1,lazy,47,2,eas_k1_graph,ok,0,-0.014905000000000002,-0.016560999999999992,1.1192600356859952,1.1695677103597977,1.11926003568611,1,1,0.139884,0.124979,variant_dominates
l2-n32-identical-w1,control,2,32,identical,1,eas_k1_adaptive,eas,1,adaptive,47,2,eas_k1_graph,ok,0,-0.012561000000000017,-0.012619999999999992,1.0986546028604416,1.124204041060163,1.098654602860412,1,1,0.139884,0.127323,variant_dominates
l2-n32-identical-w1,control,2,32,identical,1,eas_k1_adaptive,eas,1,adaptive,47,3,eas_k1_graph,ok,0,-0.028300000000000006,-0.021135,1.2298365155809667,1.2152788388082505,1.2298365155804774,1,1,0.151431,0.123131,variant_dominates
l2-n32-identical-w1,control,2,32,identical,1,eas_k1_profile,eas,1,profile,47,3,eas_k1_graph,ok,0,-0.04183600000000001,-0.036359,1.381732743282084,1.4383190076069006,1.381732743281192,1,1,0.151431,0.109595,variant_dominates
l2-n32-identical-w1,control,2,32,identical,1,eas_k1_lazy,eas,1,lazy,47,3,eas_k1_graph,ok,0,-0.032877,-0.027458999999999997,1.2773166658231692,1.2989515628572361,1.277316665823443,1,1,0.151431,0.118554,variant_dominates
l2-n32-identical-w1,control,2,32,identical,1,eas_k1_profile,eas,1,profile,71,1,eas_k1_graph,ok,0,-0.03493700000000001,-0.034286,1.3263310293293482,1.4228402293889129,1.3263310293302282,1,1,0.141997,0.10706,variant_dominates
l2-n32-identical-w1,control,2,32,identical,1,eas_k1_adaptive,eas,1,adaptive,71,1,eas_k1_graph,ok,0,-0.009343000000000018,-0.008293999999999996,1.0704313477166163,1.0774582776880188,1.070431347717704,1,1,0.141997,0.132654,variant_dominates
l2-n32-identical-w1,control,2,32,identical,1,eas_k1_lazy,eas,1,lazy,71,1,eas_k1_graph,ok,0,-0.021873000000000017,-0.022169000000000008,1.182086843594952,1.2378597025814897,1.1820868435963234,1,1,0.141997,0.120124,variant_dominates
l2-n32-identical-w1,control,2,32,identical,1,eas_k1_lazy,eas,1,lazy,71,2,eas_k1_graph,ok,0,-0.019187999999999997,-0.02138699999999999,1.160064065667309,1.2301929845332529,1.1600640656675016,1,1,0.139065,0.119877,variant_dominates
l2-n32-identical-w1,control,2,32,identical,1,eas_k1_adaptive,eas,1,adaptive,71,2,eas_k1_graph,ok,0,-0.01389499999999999,-0.014900999999999998,1.1110090277222977,1.1499169978369133,1.111009027722187,1,1,0.139065,0.12517,variant_dominates
l2-n32-identical-w1,control,2,32,identical,1,eas_k1_profile,eas,1,profile,71,2,eas_k1_graph,ok,0,-0.028383999999999993,-0.03139199999999999,1.2564487129678987,1.3786548296825243,1.2564487129686843,1,1,0.139065,0.110681,variant_dominates
l2-n32-identical-w1,control,2,32,identical,1,eas_k1_profile,eas,1,profile,71,3,eas_k1_graph,ok,0,-0.03696100000000001,-0.03931699999999999,1.335667320546353,1.4811832233903242,1.3356673205457568,1,1,0.147073,0.110112,variant_dominates
l2-n32-identical-w1,control,2,32,identical,1,eas_k1_adaptive,eas,1,adaptive,71,3,eas_k1_graph,ok,0,-0.019637000000000016,-0.019886,1.1540930349351832,1.1966185485465692,1.154093034935165,1,1,0.147073,0.127436,variant_dominates
l2-n32-identical-w1,control,2,32,identical,1,eas_k1_lazy,eas,1,lazy,71,3,eas_k1_graph,ok,0,-0.03027400000000001,-0.03014399999999999,1.259197424635485,1.331682841486763,1.2591974246348692,1,1,0.147073,0.116799,variant_dominates
l2-n32-identical-w1,control,2,32,identical,1,eas_k1_adaptive,eas,1,adaptive,101,1,eas_k1_graph,ok,0,-0.016865999999999992,-0.018048999999999996,1.1318140254624744,1.1769596548850434,1.1318140254625044,1,1,0.144819,0.127953,variant_dominates
l2-n32-identical-w1,control,2,32,identical,1,eas_k1_lazy,eas,1,lazy,101,1,eas_k1_graph,ok,0,-0.028995000000000007,-0.029870999999999995,1.2503367177786988,1.331263238441662,1.2503367177789348,1,1,0.144819,0.115824,variant_dominates
l2-n32-identical-w1,control,2,32,identical,1,eas_k1_profile,eas,1,profile,101,1,eas_k1_graph,ok,0,-0.034716,-0.035754999999999995,1.315304760088281,1.4241953279787398,1.3153047600893986,1,1,0.144819,0.110103,variant_dominates
l2-n32-identical-w1,control,2,32,identical,1,eas_k1_lazy,eas,1,lazy,101,2,eas_k1_graph,ok,0,-0.02229500000000001,-0.023055000000000006,1.193538026163876,1.256840158638207,1.1935380261649093,1,1,0.137492,0.115197,variant_dominates
l2-n32-identical-w1,control,2,32,identical,1,eas_k1_adaptive,eas,1,adaptive,101,2,eas_k1_graph,ok,0,-0.009236999999999995,-0.010110000000000008,1.0720205839928267,1.0984334381602392,1.0720205839927002,1,1,0.137492,0.128255,variant_dominates
l2-n32-identical-w1,control,2,32,identical,1,eas_k1_profile,eas,1,profile,101,2,eas_k1_graph,ok,0,-0.024038000000000004,-0.024403000000000008,1.2118744160628978,1.2760020810712993,1.2118744160635908,1,1,0.137492,0.113454,variant_dominates
l2-n32-identical-w1,control,2,32,identical,1,eas_k1_profile,eas,1,profile,101,3,eas_k1_graph,ok,0,-0.031639,-0.030788999999999997,1.2819598791562326,1.3552235361984424,1.2819598791573334,1,1,0.14385,0.112211,variant_dominates
l2-n32-identical-w1,control,2,32,identical,1,eas_k1_lazy,eas,1,lazy,101,3,eas_k1_graph,ok,0,-0.02562600000000001,-0.024525999999999992,1.2167580186764109,1.2638963610148701,1.2167580186767761,1,1,0.14385,0.118224,variant_dominates
l2-n32-identical-w1,control,2,32,identical,1,eas_k1_adaptive,eas,1,adaptive,101,3,eas_k1_graph,ok,0,-0.01442300000000002,-0.015381999999999993,1.111437335331886,1.1506827844282046,1.1114373353317097,1,1,0.14385,0.129427,variant_dominates
