condition,suite,arity,n,distribution,workers,variant,policy,policy_k,implementation,baseline,seed,metric,count,median,minimum,maximum,q1,q3,iqr
l2-n128-uniform-w1,main,2,128,uniform,1,native,native,,native,accept_id,11,commit_delta,3,0,0,0,0.0,0.0,0.0
l2-n128-uniform-w1,main,2,128,uniform,1,native,native,,native,accept_id,11,batch_delta_ms,3,-0.12820100000000004,-0.12865700000000002,-0.11762699999999998,-0.12842900000000002,-0.12291400000000001,0.005515000000000006
l2-n128-uniform-w1,main,2,128,uniform,1,native,native,,native,accept_id,11,selector_delta_ms,3,-0.135578,-0.136119,-0.134923,-0.13584849999999998,-0.1352505,0.0005979999999999874
l2-n128-uniform-w1,main,2,128,uniform,1,native,native,,native,accept_id,11,batch_speedup,3,1.731306758545156,1.6794692576076156,1.7446290079870357,1.705388008076386,1.7379678832660959,0.03257987518970995
l2-n128-uniform-w1,main,2,128,uniform,1,native,native,,native,accept_id,11,selector_speedup,0,,,,,,
l2-n128-uniform-w1,main,2,128,uniform,1,native,native,,native,accept_id,11,rate_ratio,3,1.7313067585449478,1.6794692576081998,1.7446290079880118,1.7053880080765738,1.7379678832664798,0.032579875189906016
l2-n128-uniform-w1,main,2,128,uniform,1,native,native,,native,accept_static_degree,11,commit_delta,3,0,0,0,0.0,0.0,0.0
l2-n128-uniform-w1,main,2,128,uniform,1,native,native,,native,accept_static_degree,11,batch_delta_ms,3,-0.146908,-0.15415600000000002,-0.14081,-0.150532,-0.14385900000000001,0.0066729999999999845
l2-n128-uniform-w1,main,2,128,uniform,1,native,native,,native,accept_static_degree,11,selector_delta_ms,3,-0.157685,-0.160082,-0.155557,-0.1588835,-0.156621,0.0022625000000000006
l2-n128-uniform-w1,main,2,128,uniform,1,native,native,,native,accept_static_degree,11,batch_speedup,3,1.8380185278145393,1.8133852445758913,1.8922097464984375,1.8257018861952155,1.8651141371564885,0.0394122509612731
l2-n128-uniform-w1,main,2,128,uniform,1,native,native,,native,accept_static_degree,11,selector_speedup,0,,,,,,
l2-n128-uniform-w1,main,2,128,uniform,1,native,native,,native,accept_static_degree,11,rate_ratio,3,1.838018527814498,1.8133852445775849,1.8922097464977705,1.8257018861960415,1.8651141371561342,0.03941225096009271
l2-n128-uniform-w1,main,2,128,uniform,1,eas_k1_adaptive,eas,1,adaptive,native,11,commit_delta,3,0,0,0,0.0,0.0,0.0
l2-n128-uniform-w1,main,2,128,uniform,1,eas_k1_adaptive,eas,1,adaptive,native,11,batch_delta_ms,3,0.147011,0.14035000000000003,0.148402,0.14368050000000002,0.14770650000000002,0.004026000000000002
l2-n128-uniform-w1,main,2,128,uniform,1,eas_k1_adaptive,eas,1,adaptive,native,11,selector_delta_ms,3,0.154057,0.150897,0.159663,0.152477,0.15686,0.004382999999999998
l2-n128-uniform-w1,main,2,128,uniform,1,eas_k1_adaptive,eas,1,adaptive,native,11,batch_speedup,3,0.5415531377237369,0.5402903771525778,0.552264041395239,0.5409217574381573,0.546908589559488,0.005986832121330665
l2-n128-uniform-w1,main,2,128,uniform,1,eas_k1_adaptive,eas,1,adaptive,native,11,selector_speedup,3,0.0,0.0,0.0,0.0,0.0,0.0
l2-n128-uniform-w1,main,2,128,uniform,1,eas_k1_adaptive,eas,1,adaptive,native,11,rate_ratio,3,0.5415531377242708,0.5402903771519308,0.5522640413955084,0.5409217574381009,0.5469085895598896,0.005986832121788743
l2-n128-uniform-w1,main,2,128,uniform,1,eas_k1_adaptive,eas,1,adaptive,accept_id,11,commit_delta,3,0,0,0,0.0,0.0,0.0
l2-n128-uniform-w1,main,2,128,uniform,1,eas_k1_adaptive,eas,1,adaptive,accept_id,11,batch_delta_ms,3,0.02020099999999997,0.01835399999999998,0.02272300000000005,0.019277499999999975,0.02146200000000001,0.0021845000000000336
l2-n128-uniform-w1,main,2,128,uniform,1,eas_k1_adaptive,eas,1,adaptive,accept_id,11,selector_delta_ms,3,0.019134000000000012,0.015319,0.02354400000000001,0.017226500000000006,0.02133900000000001,0.004112500000000005
l2-n128-uniform-w1,main,2,128,uniform,1,eas_k1_adaptive,eas,1,adaptive,accept_id,11,batch_speedup,3,0.9375946074524415,0.9275104796054435,0.9426062647166431,0.9325525435289426,0.9401004360845423,0.007547892555599733
l2-n128-uniform-w1,main,2,128,uniform,1,eas_k1_adaptive,eas,1,adaptive,accept_id,11,selector_speedup,3,0.8757992171728645,0.8525394111347024,0.8984804204192264,0.8641693141537834,0.8871398187960454,0.022970504642262024
l2-n128-uniform-w1,main,2,128,uniform,1,eas_k1_adaptive,eas,1,adaptive,accept_id,11,rate_ratio,3,0.9375946074532528,0.9275104796062188,0.942606264716042,0.9325525435297358,0.9401004360846474,0.007547892554911617
l2-n128-uniform-w1,main,2,128,uniform,1,eas_k1_adaptive,eas,1,adaptive,accept_static_degree,11,commit_delta,3,0,0,0,0.0,0.0,0.0
l2-n128-uniform-w1,main,2,128,uniform,1,eas_k1_adaptive,eas,1,adaptive,accept_static_degree,11,batch_delta_ms,3,-0.00045999999999996044,-0.0071450000000000125,0.0014939999999999953,-0.0038024999999999864,0.0005170000000000174,0.004319500000000004
l2-n128-uniform-w1,main,2,128,uniform,1,eas_k1_adaptive,eas,1,adaptive,accept_static_degree,11,selector_delta_ms,3,-0.0046599999999999975,-0.006025000000000003,0.0019780000000000075,-0.0053425,-0.001340999999999995,0.004001500000000005
l2-n128-uniform-w1,main,2,128,uniform,1,eas_k1_adaptive,eas,1,adaptive,accept_static_degree,11,batch_speedup,3,1.0014674637759755,0.9953847009323274,1.0223427175874242,0.9984260823541515,1.0119050906817,0.013479008327548447
l2-n128-uniform-w1,main,2,128,uniform,1,eas_k1_adaptive,eas,1,adaptive,accept_static_degree,11,selector_speedup,3,1.0308819923523993,0.9876114065249932,1.0391089012508357,1.0092466994386964,1.0349954468016174,0.025748747362920987
l2-n128-uniform-w1,main,2,128,uniform,1,eas_k1_adaptive,eas,1,adaptive,accept_static_degree,11,rate_ratio,3,1.0014674637773997,0.9953847009332863,1.02234271758584,0.998426082355343,1.0119050906816198,0.013479008326276798
l2-n128-uniform-w1,main,2,128,uniform,1,accept_id,accept_id,,greedy,native,11,commit_delta,3,0,0,0,0.0,0.0,0.0
l2-n128-uniform-w1,main,2,128,uniform,1,accept_id,accept_id,,greedy,native,11,batch_delta_ms,3,0.12820100000000004,0.11762699999999998,0.12865700000000002,0.12291400000000001,0.12842900000000002,0.005515000000000006
l2-n128-uniform-w1,main,2,128,uniform,1,accept_id,accept_id,,greedy,native,11,selector_delta_ms,3,0.135578,0.134923,0.136119,0.1352505,0.13584849999999998,0.0005979999999999874
l2-n128-uniform-w1,main,2,128,uniform,1,accept_id,accept_id,,greedy,native,11,batch_speedup,3,0.5775983921187459,0.5731877639440414,0.5954262011467172,0.5753930780313936,0.5865122966327315,0.01111921860133791
l2-n128-uniform-w1,main,2,128,uniform,1,accept_id,accept_id,,greedy,native,11,selector_speedup,3,0.0,0.0,0.0,0.0,0.0,0.0
l2-n128-uniform-w1,main,2,128,uniform,1,accept_id,accept_id,,greedy,native,11,rate_ratio,3,0.5775983921188155,0.5731877639437206,0.5954262011465101,0.575393078031268,0.5865122966326628,0.011119218601394754
l2-n128-uniform-w1,main,2,128,uniform,1,accept_id,accept_id,,greedy,accept_static_degree,11,commit_delta,3,0,0,0,0.0,0.0,0.0
l2-n128-uniform-w1,main,2,128,uniform,1,accept_id,accept_id,,greedy,accept_static_degree,11,batch_delta_ms,3,-0.02318300000000001,-0.025498999999999994,-0.018706999999999974,-0.024341,-0.02094499999999999,0.00339600000000001
l2-n128-uniform-w1,main,2,128,uniform,1,accept_id,accept_id,,greedy,accept_static_degree,11,selector_delta_ms,3,-0.021566000000000002,-0.025159000000000015,-0.019978999999999997,-0.023362500000000008,-0.0207725,0.002590000000000009
l2-n128-uniform-w1,main,2,128,uniform,1,accept_id,accept_id,,greedy,accept_static_degree,11,batch_speedup,3,1.0797370873933336,1.0616365463501425,1.0845914735085607,1.070686816871738,1.082164280450947,0.01147746357920898
l2-n128-uniform-w1,main,2,128,uniform,1,accept_id,accept_id,,greedy,accept_static_degree,11,selector_speedup,3,1.1584348988752489,1.1473616663470474,1.1864693195378107,1.1528982826111482,1.1724521092065299,0.01955382659538163
l2-n128-uniform-w1,main,2,128,uniform,1,accept_id,accept_id,,greedy,accept_static_degree,11,rate_ratio,3,1.0797370873939665,1.0616365463502464,1.0845914735075715,1.0706868168721064,1.082164280450769,0.011477463578662528
l2-n128-uniform-w1,main,2,128,uniform,1,eas_k2_adaptive,eas,2,adaptive,native,11,commit_delta,3,-2,-2,-2,-2.0,-2.0,0.0
l2-n128-uniform-w1,main,2,128,uniform,1,eas_k2_adaptive,eas,2,adaptive,native,11,batch_delta_ms,3,0.143951,0.13237100000000002,0.14482000000000003,0.138161,0.1443855,0.006224499999999994
l2-n128-uniform-w1,main,2,128,uniform,1,eas_k2_adaptive,eas,2,adaptive,native,11,selector_delta_ms,3,0.151866,0.149904,0.153991,0.150885,0.1529285,0.0020435000000000036
l2-n128-uniform-w1,main,2,128,uniform,1,eas_k2_adaptive,eas,2,adaptive,native,11,batch_speedup,3,0.5476128000399845,0.5455102279221169,0.5666885988601806,0.5465615139810507,0.5571506994500826,0.01058918546903187
l2-n128-uniform-w1,main,2,128,uniform,1,eas_k2_adaptive,eas,2,adaptive,native,11,selector_speedup,3,0.0,0.0,0.0,0.0,0.0,0.0
l2-n128-uniform-w1,main,2,128,uniform,1,eas_k2_adaptive,eas,2,adaptive,native,11,rate_ratio,3,0.5389205333727456,0.5368513354149016,0.5576935417348118,0.5378859343938236,0.5483070375537786,0.010421103159955036
l2-n128-uniform-w1,main,2,128,uniform,1,eas_k2_adaptive,eas,2,adaptive,accept_id,11,commit_delta,3,-2,-2,-2,-2.0,-2.0,0.0
l2-n128-uniform-w1,main,2,128,uniform,1,eas_k2_adaptive,eas,2,adaptive,accept_id,11,batch_delta_ms,3,0.015293999999999974,0.014744000000000035,0.016618999999999995,0.015019000000000005,0.015956499999999985,0.00093749999999998
l2-n128-uniform-w1,main,2,128,uniform,1,eas_k2_adaptive,eas,2,adaptive,accept_id,11,selector_delta_ms,3,0.016287999999999997,0.014981000000000022,0.017872,0.01563450000000001,0.017079999999999998,0.0014454999999999885
l2-n128-uniform-w1,main,2,128,uniform,1,eas_k2_adaptive,eas,2,adaptive,accept_id,11,batch_speedup,3,0.9517129677865445,0.9480857417750622,0.9517360804224074,0.9498993547808033,0.9517245241044759,0.001825169323672604
l2-n128-uniform-w1,main,2,128,uniform,1,eas_k2_adaptive,eas,2,adaptive,accept_id,11,selector_speedup,3,0.892747553764503,0.8839412692949588,0.9000627067990179,0.8883444115297309,0.8964051302817604,0.008060718752029516
l2-n128-uniform-w1,main,2,128,uniform,1,eas_k2_adaptive,eas,2,adaptive,accept_id,11,rate_ratio,3,0.9366064127419392,0.9330367617468824,0.936629158510252,0.9348215872444108,0.9366177856260955,0.001796198381684766
l2-n128-uniform-w1,main,2,128,uniform,1,eas_k2_adaptive,eas,2,adaptive,accept_static_degree,11,commit_delta,3,-2,-2,-2,-2.0,-2.0,0.0
l2-n128-uniform-w1,main,2,128,uniform,1,eas_k2_adaptive,eas,2,adaptive,accept_static_degree,11,batch_delta_ms,3,-0.008438999999999974,-0.01020500000000002,-0.0020879999999999788,-0.009321999999999997,-0.0052634999999999765,0.00405850000000002
l2-n128-uniform-w1,main,2,128,uniform,1,eas_k2_adaptive,eas,2,adaptive,accept_static_degree,11,selector_delta_ms,3,-0.003694000000000003,-0.010177999999999993,-0.003691,-0.006935999999999998,-0.0036925000000000013,0.0032434999999999964
l2-n128-uniform-w1,main,2,128,uniform,1,eas_k2_adaptive,eas,2,adaptive,accept_static_degree,11,batch_speedup,3,1.0276247434424377,1.00652247254189,1.0322197700888136,1.0170736079921638,1.0299222567656257,0.012848648773461813
l2-n128-uniform-w1,main,2,128,uniform,1,eas_k2_adaptive,eas,2,adaptive,accept_static_degree,11,selector_speedup,3,1.0243043209144904,1.0239884149073648,1.0678967872771907,1.0241463679109275,1.0461005540958406,0.02195418618491307
l2-n128-uniform-w1,main,2,128,uniform,1,eas_k2_adaptive,eas,2,adaptive,accept_static_degree,11,rate_ratio,3,1.011313239578121,0.9905459253587778,1.0158353292924207,1.0009295824684494,1.0135742844352709,0.012644701966821437
l2-n128-uniform-w1,main,2,128,uniform,1,accept_static_degree,accept_static_degree,,greedy,native,11,commit_delta,3,0,0,0,0.0,0.0,0.0
l2-n128-uniform-w1,main,2,128,uniform,1,accept_static_degree,accept_static_degree,,greedy,native,11,batch_delta_ms,3,0.146908,0.14081,0.15415600000000002,0.14385900000000001,0.150532,0.0066729999999999845
l2-n128-uniform-w1,main,2,128,uniform,1,accept_static_degree,accept_static_degree,,greedy,native,11,selector_delta_ms,3,0.157685,0.155557,0.160082,0.156621,0.1588835,0.0022625000000000006
l2-n128-uniform-w1,main,2,128,uniform,1,accept_static_degree,accept_static_degree,,greedy,native,11,batch_speedup,3,0.5440641565180688,0.5284826388039249,0.5514548014500232,0.5362733976609968,0.5477594789840461,0.01148608132304929
l2-n128-uniform-w1,main,2,128,uniform,1,accept_static_degree,accept_static_degree,,greedy,native,11,selector_speedup,3,0.0,0.0,0.0,0.0,0.0,0.0
l2-n128-uniform-w1,main,2,128,uniform,1,accept_static_degree,accept_static_degree,,greedy,native,11,rate_ratio,3,0.544064156518081,0.5284826388041112,0.5514548014495082,0.536273397661096,0.5477594789837946,0.011486081322698571
l2-n128-uniform-w1,main,2,128,uniform,1,accept_static_degree,accept_static_degree,,greedy,accept_id,11,commit_delta,3,0,0,0,0.0,0.0,0.0
l2-n128-uniform-w1,main,2,128,uniform,1,accept_static_degree,accept_static_degree,,greedy,accept_id,11,batch_delta_ms,3,0.02318300000000001,0.018706999999999974,0.025498999999999994,0.02094499999999999,0.024341,0.00339600000000001
l2-n128-uniform-w1,main,2,128,uniform,1,accept_static_degree,accept_static_degree,,greedy,accept_id,11,selector_delta_ms,3,0.021566000000000002,0.019978999999999997,0.025159000000000015,0.0207725,0.023362500000000008,0.002590000000000009
l2-n128-uniform-w1,main,2,128,uniform,1,accept_static_degree,accept_static_degree,,greedy,accept_id,11,batch_speedup,3,0.9261513859954257,0.9220061418748624,0.9419419512619022,0.924078763935144,0.9340466686286639,0.009967904693519936
l2-n128-uniform-w1,main,2,128,uniform,1,accept_static_degree,accept_static_degree,,greedy,accept_id,11,selector_speedup,3,0.8632336620477534,0.8428367961419772,0.8715647640414768,0.8530352290948653,0.8673992130446151,0.014363983949749803
l2-n128-uniform-w1,main,2,128,uniform,1,accept_static_degree,accept_static_degree,,greedy,accept_id,11,rate_ratio,3,0.9261513859948829,0.9220061418757033,0.94194195126181,0.9240787639352931,0.9340466686283464,0.009967904693053309
l2-n128-uniform-w1,main,2,128,uniform,1,eas_k1_adaptive,eas,1,adaptive,native,29,commit_delta,3,0,0,0,0.0,0.0,0.0
l2-n128-uniform-w1,main,2,128,uniform,1,eas_k1_adaptive,eas,1,adaptive,native,29,batch_delta_ms,3,0.13784900000000003,0.128722,0.143728,0.1332855,0.1407885,0.00750300000000001
l2-n128-uniform-w1,main,2,128,uniform,1,eas_k1_adaptive,eas,1,adaptive,native,29,selector_delta_ms,3,0.148209,0.146294,0.150071,0.1472515,0.14914,0.0018884999999999874
l2-n128-uniform-w1,main,2,128,uniform,1,eas_k1_adaptive,eas,1,adaptive,native,29,batch_speedup,3,0.5580842162630034,0.5475826988029173,0.5734362832005037,0.5528334575329603,0.5657602497317535,0.012926792198793224
l2-n128-uniform-w1,main,2,128,uniform,1,eas_k1_adaptive,eas,1,adaptive,native,29,selector_speedup,3,0.0,0.0,0.0,0.0,0.0,0.0
l2-n128-uniform-w1,main,2,128,uniform,1,eas_k1_adaptive,eas,1,adaptive,native,29,rate_ratio,3,0.558084216262302,0.5475826988034952,0.5734362832011852,0.5528334575328986,0.5657602497317435,0.01292679219884496
l2-n128-uniform-w1,main,2,128,uniform,1,eas_k1_adaptive,eas,1,adaptive,accept_id,29,commit_delta,3,0,0,0,0.0,0.0,0.0
l2-n128-uniform-w1,main,2,128,uniform,1,eas_k1_adaptive,eas,1,adaptive,accept_id,29,batch_delta_ms,3,0.004955000000000043,0.0037309999999999843,0.018419999999999992,0.0043430000000000135,0.011687500000000017,0.007344500000000004
l2-n128-uniform-w1,main,2,128,uniform,1,eas_k1_adaptive,eas,1,adaptive,accept_id,29,selector_delta_ms,3,0.015166000000000013,0.012982999999999995,0.015758000000000022,0.014074500000000004,0.015462000000000017,0.0013875000000000137
l2-n128-uniform-w1,main,2,128,uniform,1,eas_k1_adaptive,eas,1,adaptive,accept_id,29,batch_speedup,3,0.9841152804270119,0.9420187667813491,0.9876360744287774,0.9630670236041805,0.9858756774278947,0.02280865382371422
l2-n128-uniform-w1,main,2,128,uniform,1,eas_k1_adaptive,eas,1,adaptive,accept_id,29,selector_speedup,3,0.8963320436928376,0.8949963683856307,0.9124007313995777,0.8956642060392341,0.9043663875462076,0.008702181506973439
l2-n128-uniform-w1,main,2,128,uniform,1,eas_k1_adaptive,eas,1,adaptive,accept_id,29,rate_ratio,3,0.9841152804262727,0.94201876678136,0.9876360744306089,0.9630670236038164,0.9858756774284407,0.02280865382462438
l2-n128-uniform-w1,main,2,128,uniform,1,eas_k1_adaptive,eas,1,adaptive,accept_static_degree,29,commit_delta,3,0,0,0,0.0,0.0,0.0
l2-n128-uniform-w1,main,2,128,uniform,1,eas_k1_adaptive,eas,1,adaptive,accept_static_degree,29,batch_delta_ms,3,-0.012650999999999968,-0.023774000000000017,-0.0070230000000000015,-0.018212499999999993,-0.009836999999999985,0.008375500000000008
l2-n128-uniform-w1,main,2,128,uniform,1,eas_k1_adaptive,eas,1,adaptive,accept_static_degree,29,selector_delta_ms,3,-0.008165000000000006,-0.012171999999999988,-0.004825999999999997,-0.010168499999999997,-0.006495500000000001,0.0036729999999999957
l2-n128-uniform-w1,main,2,128,uniform,1,eas_k1_adaptive,eas,1,adaptive,accept_static_degree,29,batch_speedup,3,1.0405565261993683,1.0221065255643098,1.0787831590807417,1.0313315258818392,1.059669842640055,0.028338316758215853
l2-n128-uniform-w1,main,2,128,uniform,1,eas_k1_adaptive,eas,1,adaptive,accept_static_degree,29,selector_speedup,3,1.055091121321917,1.0321581118270684,1.0832023186186719,1.0436246165744927,1.0691467199702944,0.025522103395801743
l2-n128-uniform-w1,main,2,128,uniform,1,eas_k1_adaptive,eas,1,adaptive,accept_static_degree,29,rate_ratio,3,1.0405565261983658,1.0221065255635917,1.0787831590823846,1.0313315258809788,1.0596698426403752,0.028338316759396465
l2-n128-uniform-w1,main,2,128,uniform,1,accept_id,accept_id,,greedy,native,29,commit_delta,3,0,0,0,0.0,0.0,0.0
l2-n128-uniform-w1,main,2,128,uniform,1,accept_id,accept_id,,greedy,native,29,batch_delta_ms,3,0.125308,0.12499100000000002,0.13289399999999998,0.12514950000000002,0.129101,0.003951499999999969
l2-n128-uniform-w1,main,2,128,uniform,1,accept_id,accept_id,,greedy,native,29,selector_delta_ms,3,0.134313,0.131128,0.135226,0.1327205,0.1347695,0.0020489999999999953
l2-n128-uniform-w1,main,2,128,uniform,1,accept_id,accept_id,,greedy,native,29,batch_speedup,3,0.5806149633934383,0.5670923187178318,0.5812864011975848,0.5738536410556351,0.5809506822955115,0.007097041239876423
l2-n128-uniform-w1,main,2,128,uniform,1,accept_id,accept_id,,greedy,native,29,selector_speedup,3,0.0,0.0,0.0,0.0,0.0,0.0
l2-n128-uniform-w1,main,2,128,uniform,1,accept_id,accept_id,,greedy,native,29,rate_ratio,3,0.5806149633930516,0.567092318717545,0.5812864011981915,0.5738536410552983,0.5809506822956216,0.007097041240323287
l2-n128-uniform-w1,main,2,128,uniform,1,accept_id,accept_id,,greedy,accept_static_degree,29,commit_delta,3,0,0,0,0.0,0.0,0.0
l2-n128-uniform-w1,main,2,128,uniform,1,accept_id,accept_id,,greedy,accept_static_degree,29,batch_delta_ms,3,-0.025442999999999993,-0.027505,-0.01760600000000001,-0.026473999999999998,-0.021524500000000002,0.004949499999999996
l2-n128-uniform-w1,main,2,128,uniform,1,accept_id,accept_id,,greedy,accept_static_degree,29,selector_delta_ms,3,-0.021148,-0.027338,-0.02058400000000002,-0.024243,-0.02086600000000001,0.003376999999999991
l2-n128-uniform-w1,main,2,128,uniform,1,accept_id,accept_id,,greedy,accept_static_degree,29,batch_speedup,3,1.0850171584761534,1.057352270506222,1.0922881282001382,1.0711847144911877,1.0886526433381458,0.017467928846958136
l2-n128-uniform-w1,main,2,128,uniform,1,accept_id,accept_id,,greedy,accept_static_degree,29,selector_speedup,3,1.1563900433348617,1.1532539664812789,1.208483314013788,1.1548220049080702,1.1824366786743248,0.027614673766254594
l2-n128-uniform-w1,main,2,128,uniform,1,accept_id,accept_id,,greedy,accept_static_degree,29,rate_ratio,3,1.0850171584753787,1.0573522705059972,1.0922881281997763,1.071184714490688,1.0886526433375776,0.017467928846889524
l2-n128-uniform-w1,main,2,128,uniform,1,native,native,,native,accept_id,29,commit_delta,3,0,0,0,0.0,0.0,0.0
l2-n128-uniform-w1,main,2,128,uniform,1,native,native,,native,accept_id,29,batch_delta_ms,3,-0.125308,-0.13289399999999998,-0.12499100000000002,-0.129101,-0.12514950000000002,0.003951499999999969
l2-n128-uniform-w1,main,2,128,uniform,1,native,native,,native,accept_id,29,selector_delta_ms,3,-0.134313,-0.135226,-0.131128,-0.1347695,-0.1327205,0.0020489999999999953
l2-n128-uniform-w1,main,2,128,uniform,1,native,native,,native,accept_id,29,batch_speedup,3,1.7223117953341078,1.7203223711061675,1.763381317279965,1.7213170832201377,1.7428465563070366,0.021529473086898898
l2-n128-uniform-w1,main,2,128,uniform,1,native,native,,native,accept_id,29,selector_speedup,0,,,,,,
l2-n128-uniform-w1,main,2,128,uniform,1,native,native,,native,accept_id,29,rate_ratio,3,1.7223117953352547,1.7203223711043718,1.763381317280857,1.7213170832198132,1.7428465563080557,0.02152947308824249
l2-n128-uniform-w1,main,2,128,uniform,1,native,native,,native,accept_static_degree,29,commit_delta,3,0,0,0,0.0,0.0,0.0
l2-n128-uniform-w1,main,2,128,uniform,1,native,native,,native,accept_static_degree,29,batch_delta_ms,3,-0.150751,-0.15249600000000002,-0.1505,-0.15162350000000002,-0.1506255,0.0009980000000000266
l2-n128-uniform-w1,main,2,128,uniform,1,native,native,,native,accept_static_degree,29,selector_delta_ms,3,-0.156374,-0.158466,-0.154897,-0.15742,-0.1556355,0.0017844999999999944
l2-n128-uniform-w1,main,2,128,uniform,1,native,native,,native,accept_static_degree,29,batch_speedup,3,1.8665792907605727,1.8645152395942235,1.8812607271025121,1.865547265177398,1.8739200089315424,0.008372743754144318
l2-n128-uniform-w1,main,2,128,uniform,1,native,native,,native,accept_static_degree,29,selector_speedup,0,,,,,,
l2-n128-uniform-w1,main,2,128,uniform,1,native,native,,native,accept_static_degree,29,rate_ratio,3,1.8665792907572916,1.8645152395947704,1.8812607271031414,1.865547265176031,1.8739200089302166,0.008372743754185619
l2-n128-uniform-w1,main,2,128,uniform,1,eas_k2_adaptive,eas,2,adaptive,native,29,commit_delta,3,0,0,0,0.0,0.0,0.0
l2-n128-uniform-w1,main,2,128,uniform,1,eas_k2_adaptive,eas,2,adaptive,native,29,batch_delta_ms,3,0.14594400000000002,0.14272900000000002,0.15025799999999997,0.14433650000000003,0.14810099999999998,0.0037644999999999484
l2-n128-uniform-w1,main,2,128,uniform,1,eas_k2_adaptive,eas,2,adaptive,native,29,selector_delta_ms,3,0.153881,0.151587,0.155329,0.15273399999999998,0.154605,0.0018710000000000115
l2-n128-uniform-w1,main,2,128,uniform,1,eas_k2_adaptive,eas,2,adaptive,native,29,batch_speedup,3,0.5424766526535564,0.5365539959101718,0.5494878714707321,0.5395153242818641,0.5459822620621442,0.006466937780280069
l2-n128-uniform-w1,main,2,128,uniform,1,eas_k2_adaptive,eas,2,adaptive,native,29,selector_speedup,3,0.0,0.0,0.0,0.0,0.0,0.0
l2-n128-uniform-w1,main,2,128,uniform,1,eas_k2_adaptive,eas,2,adaptive,native,29,rate_ratio,3,0.5424766526541609,0.5365539959111293,0.5494878714701682,0.5395153242826451,0.5459822620621646,0.006466937779519455
l2-n128-uniform-w1,main,2,128,uniform,1,eas_k2_adaptive,eas,2,adaptive,accept_id,29,commit_delta,3,0,0,0,0.0,0.0,0.0
l2-n128-uniform-w1,main,2,128,uniform,1,eas_k2_adaptive,eas,2,adaptive,accept_id,29,batch_delta_ms,3,0.020953,0.009835000000000038,0.024949999999999972,0.015394000000000019,0.022951499999999986,0.007557499999999967
l2-n128-uniform-w1,main,2,128,uniform,1,eas_k2_adaptive,eas,2,adaptive,accept_id,29,selector_delta_ms,3,0.020102999999999982,0.01727400000000001,0.022752999999999995,0.018688499999999997,0.02142799999999999,0.002739499999999992
l2-n128-uniform-w1,main,2,128,uniform,1,eas_k2_adaptive,eas,2,adaptive,accept_id,29,batch_speedup,3,0.9343139375585839,0.9230458424706758,0.9689566466234236,0.9286798900146298,0.9516352920910038,0.022955402076374032
l2-n128-uniform-w1,main,2,128,uniform,1,eas_k2_adaptive,eas,2,adaptive,accept_id,29,selector_speedup,3,0.8705779345775742,0.8521389905186475,0.8860456371588592,0.8613584625481108,0.8783117858682167,0.016953323320105906
l2-n128-uniform-w1,main,2,128,uniform,1,eas_k2_adaptive,eas,2,adaptive,accept_id,29,rate_ratio,3,0.9343139375602473,0.9230458424713593,0.9689566466229195,0.9286798900158033,0.9516352920915834,0.022955402075780063
l2-n128-uniform-w1,main,2,128,uniform,1,eas_k2_adaptive,eas,2,adaptive,accept_static_degree,29,commit_delta,3,0,0,0,0.0,0.0,0.0
l2-n128-uniform-w1,main,2,128,uniform,1,eas_k2_adaptive,eas,2,adaptive,accept_static_degree,29,batch_delta_ms,3,-0.006552000000000002,-0.007770999999999972,-0.0004930000000000212,-0.007161499999999987,-0.0035225000000000117,0.0036389999999999756
l2-n128-uniform-w1,main,2,128,uniform,1,eas_k2_adaptive,eas,2,adaptive,accept_static_degree,29,selector_delta_ms,3,-0.0033100000000000074,-0.004585000000000006,-0.0010450000000000181,-0.0039475000000000066,-0.0021775000000000128,0.0017699999999999938
l2-n128-uniform-w1,main,2,128,uniform,1,eas_k2_adaptive,eas,2,adaptive,accept_static_degree,29,batch_speedup,3,1.0205400220071665,1.0015205771407598,1.024528510329372,1.0110302995739633,1.0225342661682693,0.01150396659430597
l2-n128-uniform-w1,main,2,128,uniform,1,eas_k2_adaptive,eas,2,adaptive,accept_static_degree,29,selector_speedup,3,1.0218356455368864,1.0067276554925353,1.029795751262339,1.014281650514711,1.0258156983996127,0.011534047884901755
l2-n128-uniform-w1,main,2,128,uniform,1,eas_k2_adaptive,eas,2,adaptive,accept_static_degree,29,rate_ratio,3,1.0205400220086451,1.0015205771407865,1.0245285103286212,1.0110302995747158,1.0225342661686332,0.011503966593917392
l2-n128-uniform-w1,main,2,128,uniform,1,accept_static_degree,accept_static_degree,,greedy,native,29,commit_delta,3,0,0,0,0.0,0.0,0.0
l2-n128-uniform-w1,main,2,128,uniform,1,accept_static_degree,accept_static_degree,,greedy,native,29,batch_delta_ms,3,0.150751,0.1505,0.15249600000000002,0.1506255,0.15162350000000002,0.0009980000000000266
l2-n128-uniform-w1,main,2,128,uniform,1,accept_static_degree,accept_static_degree,,greedy,native,29,selector_delta_ms,3,0.156374,0.154897,0.158466,0.1556355,0.15742,0.0017844999999999944
l2-n128-uniform-w1,main,2,128,uniform,1,accept_static_degree,accept_static_degree,,greedy,native,29,batch_speedup,3,0.5357393628815689,0.5315584307870946,0.5363324357797317,0.5336488968343318,0.5360358993306502,0.0023870024963184022
l2-n128-uniform-w1,main,2,128,uniform,1,accept_static_degree,accept_static_degree,,greedy,native,29,selector_speedup,3,0.0,0.0,0.0,0.0,0.0,0.0
l2-n128-uniform-w1,main,2,128,uniform,1,accept_static_degree,accept_static_degree,,greedy,native,29,rate_ratio,3,0.5357393628825107,0.5315584307869168,0.5363324357795743,0.5336488968347137,0.5360358993310426,0.0023870024963288383
l2-n128-uniform-w1,main,2,128,uniform,1,accept_static_degree,accept_static_degree,,greedy,accept_id,29,commit_delta,3,0,0,0,0.0,0.0,0.0
l2-n128-uniform-w1,main,2,128,uniform,1,accept_static_degree,accept_static_degree,,greedy,accept_id,29,batch_delta_ms,3,0.025442999999999993,0.01760600000000001,0.027505,0.021524500000000002,0.026473999999999998,0.004949499999999996
l2-n128-uniform-w1,main,2,128,uniform,1,accept_static_degree,accept_static_degree,,greedy,accept_id,29,selector_delta_ms,3,0.021148,0.02058400000000002,0.027338,0.02086600000000001,0.024243,0.003376999999999991
l2-n128-uniform-w1,main,2,128,uniform,1,accept_static_degree,accept_static_degree,,greedy,accept_id,29,batch_speedup,3,0.9216444110473281,0.915509355253902,0.9457585971052356,0.918576883150615,0.9337015040762818,0.015124620925666798
l2-n128-uniform-w1,main,2,128,uniform,1,accept_static_degree,accept_static_degree,,greedy,accept_id,29,selector_speedup,3,0.8647601263637178,0.8274834980374339,0.867111693577022,0.8461218122005758,0.8659359099703698,0.019814097769794037
l2-n128-uniform-w1,main,2,128,uniform,1,accept_static_degree,accept_static_degree,,greedy,accept_id,29,rate_ratio,3,0.9216444110479862,0.9155093552542054,0.9457585971054365,0.9185768831510959,0.9337015040767114,0.015124620925615506
l2-n128-uniform-w1,main,2,128,uniform,1,eas_k1_adaptive,eas,1,adaptive,native,47,commit_delta,3,0,0,0,0.0,0.0,0.0
l2-n128-uniform-w1,main,2,128,uniform,1,eas_k1_adaptive,eas,1,adaptive,native,47,batch_delta_ms,3,0.164607,0.152538,0.17628199999999997,0.1585725,0.1704445,0.011871999999999994
l2-n128-uniform-w1,main,2,128,uniform,1,eas_k1_adaptive,eas,1,adaptive,native,47,selector_delta_ms,3,0.162054,0.160396,0.186813,0.161225,0.17443350000000002,0.013208500000000012
l2-n128-uniform-w1,main,2,128,uniform,1,eas_k1_adaptive,eas,1,adaptive,native,47,batch_speedup,3,0.49695926949123537,0.49388901170519117,0.5259217359684483,0.49542414059821327,0.5114405027298419,0.016016362131628603
l2-n128-uniform-w1,main,2,128,uniform,1,eas_k1_adaptive,eas,1,adaptive,native,47,selector_speedup,3,0.0,0.0,0.0,0.0,0.0,0.0
l2-n128-uniform-w1,main,2,128,uniform,1,eas_k1_adaptive,eas,1,adaptive,native,47,rate_ratio,3,0.49695926949132574,0.49388901170459915,0.5259217359683863,0.49542414059796247,0.5114405027298561,0.016016362131893613
l2-n128-uniform-w1,main,2,128,uniform,1,eas_k1_adaptive,eas,1,adaptive,accept_id,47,commit_delta,3,0,0,0,0.0,0.0,0.0
l2-n128-uniform-w1,main,2,128,uniform,1,eas_k1_adaptive,eas,1,adaptive,accept_id,47,batch_delta_ms,3,0.028054000000000023,0.016361999999999988,0.050641999999999965,0.022208000000000006,0.039347999999999994,0.01713999999999999
l2-n128-uniform-w1,main,2,128,uniform,1,eas_k1_adaptive,eas,1,adaptive,accept_id,47,selector_delta_ms,3,0.029338000000000003,0.018435000000000007,0.05457100000000001,0.023886500000000005,0.041954500000000006,0.018068
l2-n128-uniform-w1,main,2,128,uniform,1,eas_k1_adaptive,eas,1,adaptive,accept_id,47,batch_speedup,3,0.914266679705645,0.8546052763797456,0.949147959484953,0.8844359780426954,0.931707319595299,0.047271341552603596
l2-n128-uniform-w1,main,2,128,uniform,1,eas_k1_adaptive,eas,1,adaptive,accept_id,47,selector_speedup,3,0.8189615807076653,0.7078843549431785,0.8850657123619042,0.7634229678254218,0.8520136465347847,0.08859067870936288
l2-n128-uniform-w1,main,2,128,uniform,1,eas_k1_adaptive,eas,1,adaptive,accept_id,47,rate_ratio,3,0.9142666797064253,0.8546052763782771,0.9491479594849187,0.8844359780423512,0.931707319595672,0.0472713415533208
l2-n128-uniform-w1,main,2,128,uniform,1,eas_k1_adaptive,eas,1,adaptive,accept_static_degree,47,commit_delta,3,0,0,0,0.0,0.0,0.0
l2-n128-uniform-w1,main,2,128,uniform,1,eas_k1_adaptive,eas,1,adaptive,accept_static_degree,47,batch_delta_ms,3,0.0012989999999999946,-0.005903999999999965,0.021540000000000004,-0.002302499999999985,0.011419499999999999,0.013721999999999984
l2-n128-uniform-w1,main,2,128,uniform,1,eas_k1_adaptive,eas,1,adaptive,accept_static_degree,47,selector_delta_ms,3,0.002734000000000014,0.0018750000000000155,0.03018800000000002,0.002304500000000015,0.016461000000000017,0.014156500000000002
l2-n128-uniform-w1,main,2,128,uniform,1,eas_k1_adaptive,eas,1,adaptive,accept_static_degree,47,batch_speedup,3,0.9960302422805173,0.9381580042893195,1.018349251142943,0.9670941232849184,1.0071897467117301,0.04009562342681172
l2-n128-uniform-w1,main,2,128,uniform,1,eas_k1_adaptive,eas,1,adaptive,accept_static_degree,47,selector_speedup,3,0.98312908042998,0.8384052501699559,0.9883101822988104,0.910767165299968,0.9857196313643952,0.07495246606442718
l2-n128-uniform-w1,main,2,128,uniform,1,eas_k1_adaptive,eas,1,adaptive,accept_static_degree,47,rate_ratio,3,0.996030242281273,0.9381580042892392,1.0183492511424301,0.9670941232852561,1.0071897467118516,0.04009562342659545
l2-n128-uniform-w1,main,2,128,uniform,1,native,native,,native,accept_id,47,commit_delta,3,0,0,0,0.0,0.0,0.0
l2-n128-uniform-w1,main,2,128,uniform,1,native,native,,native,accept_id,47,batch_delta_ms,3,-0.13617600000000002,-0.13655299999999998,-0.12564,-0.1363645,-0.13090800000000002,0.005456499999999975
l2-n128-uniform-w1,main,2,128,uniform,1,native,native,,native,accept_id,47,selector_delta_ms,3,-0.132716,-0.141961,-0.132242,-0.1373385,-0.132479,0.004859499999999989
l2-n128-uniform-w1,main,2,128,uniform,1,native,native,,native,accept_id,47,batch_speedup,3,1.8047323291119792,1.7303589594535678,1.8397215543270382,1.7675456442827735,1.8222269417195087,0.05468129743673522
l2-n128-uniform-w1,main,2,128,uniform,1,native,native,,native,accept_id,47,selector_speedup,0,,,,,,
l2-n128-uniform-w1,main,2,128,uniform,1,native,native,,native,accept_id,47,rate_ratio,3,1.8047323291121269,1.7303589594526687,1.839721554328274,1.7675456442823978,1.8222269417202004,0.05468129743780259
l2-n128-uniform-w1,main,2,128,uniform,1,native,native,,native,accept_static_degree,47,commit_delta,3,0,0,0,0.0,0.0,0.0
l2-n128-uniform-w1,main,2,128,uniform,1,native,native,,native,accept_static_degree,47,batch_delta_ms,3,-0.15844199999999997,-0.163308,-0.15474199999999996,-0.160875,-0.15659199999999995,0.004283000000000037
l2-n128-uniform-w1,main,2,128,uniform,1,native,native,,native,accept_static_degree,47,selector_delta_ms,3,-0.158521,-0.15932,-0.156625,-0.1589205,-0.157573,0.0013475000000000015
l2-n128-uniform-w1,main,2,128,uniform,1,native,native,,native,accept_static_degree,47,batch_speedup,3,1.9363132981520985,1.8995320447609356,2.0042492482335796,1.917922671456517,1.970281273192839,0.05235860173632201
l2-n128-uniform-w1,main,2,128,uniform,1,native,native,,native,accept_static_degree,47,selector_speedup,0,,,,,,
l2-n128-uniform-w1,main,2,128,uniform,1,native,native,,native,accept_static_degree,47,rate_ratio,3,1.9363132981513513,1.8995320447630502,2.0042492482347356,1.9179226714572009,1.9702812731930435,0.052358601735842614
l2-n128-uniform-w1,main,2,128,uniform,1,accept_static_degree,accept_static_degree,,greedy,native,47,commit_delta,3,0,0,0,0.0,0.0,0.0
l2-n128-uniform-w1,main,2,128,uniform,1,accept_static_degree,accept_static_degree,,greedy,native,47,batch_delta_ms,3,0.15844199999999997,0.15474199999999996,0.163308,0.15659199999999995,0.160875,0.004283000000000037
l2-n128-uniform-w1,main,2,128,uniform,1,accept_static_degree,accept_static_degree,,greedy,native,47,selector_delta_ms,3,0.158521,0.156625,0.15932,0.157573,0.1589205,0.0013475000000000015
l2-n128-uniform-w1,main,2,128,uniform,1,accept_static_degree,accept_static_degree,,greedy,native,47,batch_speedup,3,0.5164453505299685,0.4989399401702846,0.5264454488978386,0.5076926453501266,0.5214453997139036,0.013752754363776987
l2-n128-uniform-w1,main,2,128,uniform,1,accept_static_degree,accept_static_degree,,greedy,native,47,selector_speedup,3,0.0,0.0,0.0,0.0,0.0,0.0
l2-n128-uniform-w1,main,2,128,uniform,1,accept_static_degree,accept_static_degree,,greedy,native,47,rate_ratio,3,0.5164453505301678,0.49893994016999677,0.5264454488972525,0.5076926453500823,0.5214453997137102,0.013752754363627884
l2-n128-uniform-w1,main,2,128,uniform,1,accept_static_degree,accept_static_degree,,greedy,accept_id,47,commit_delta,3,0,0,0,0.0,0.0,0.0
l2-n128-uniform-w1,main,2,128,uniform,1,accept_static_degree,accept_static_degree,,greedy,accept_id,47,batch_delta_ms,3,0.02675500000000003,0.022265999999999952,0.02910199999999996,0.02451049999999999,0.027928499999999995,0.0034180000000000044
l2-n128-uniform-w1,main,2,128,uniform,1,accept_static_degree,accept_static_degree,,greedy,accept_id,47,selector_delta_ms,3,0.024382999999999988,0.01655999999999999,0.02660399999999999,0.02047149999999999,0.02549349999999999,0.005021999999999999
l2-n128-uniform-w1,main,2,128,uniform,1,accept_static_degree,accept_static_degree,,greedy,accept_id,47,batch_speedup,3,0.9179105622459154,0.9109395991639304,0.9320456203210027,0.9144250807049229,0.9249780912834591,0.010553010578536193
l2-n128-uniform-w1,main,2,128,uniform,1,accept_static_degree,accept_static_degree,,greedy,accept_id,47,selector_speedup,3,0.8443224261771748,0.8330153150891288,0.8955343456072067,0.8386688706331518,0.8699283858921907,0.03125951525903892
l2-n128-uniform-w1,main,2,128,uniform,1,accept_static_degree,accept_static_degree,,greedy,accept_id,47,rate_ratio,3,0.9179105622460024,0.9109395991624429,0.9320456203214386,0.9144250807042227,0.9249780912837204,0.010553010579497757
l2-n128-uniform-w1,main,2,128,uniform,1,eas_k2_adaptive,eas,2,adaptive,native,47,commit_delta,3,0,0,0,0.0,0.0,0.0
l2-n128-uniform-w1,main,2,128,uniform,1,eas_k2_adaptive,eas,2,adaptive,native,47,batch_delta_ms,3,0.159691,0.15598099999999998,0.16007099999999996,0.15783599999999998,0.159881,0.002045000000000019
l2-n128-uniform-w1,main,2,128,uniform,1,eas_k2_adaptive,eas,2,adaptive,native,47,selector_delta_ms,3,0.163753,0.15787,0.168875,0.1608115,0.16631400000000002,0.005502500000000021
l2-n128-uniform-w1,main,2,128,uniform,1,eas_k2_adaptive,eas,2,adaptive,native,47,batch_speedup,3,0.5185912045243521,0.5039449871082904,0.5203536285362854,0.5112680958163213,0.5194724165303188,0.00820432071399757
l2-n128-uniform-w1,main,2,128,uniform,1,eas_k2_adaptive,eas,2,adaptive,native,47,selector_speedup,3,0.0,0.0,0.0,0.0,0.0,0.0
l2-n128-uniform-w1,main,2,128,uniform,1,eas_k2_adaptive,eas,2,adaptive,native,47,rate_ratio,3,0.5185912045240378,0.5039449871082752,0.5203536285372997,0.5112680958161565,0.5194724165306688,0.00820432071451227
l2-n128-uniform-w1,main,2,128,uniform,1,eas_k2_adaptive,eas,2,adaptive,accept_id,47,commit_delta,3,0,0,0,0.0,0.0,0.0
l2-n128-uniform-w1,main,2,128,uniform,1,eas_k2_adaptive,eas,2,adaptive,accept_id,47,batch_delta_ms,3,0.023517999999999983,0.01980499999999996,0.034051,0.021661499999999972,0.02878449999999999,0.007123000000000018
l2-n128-uniform-w1,main,2,128,uniform,1,eas_k2_adaptive,eas,2,adaptive,accept_id,47,selector_delta_ms,3,0.03151100000000001,0.015909000000000006,0.036159,0.02371000000000001,0.033835000000000004,0.010124999999999995
l2-n128-uniform-w1,main,2,128,uniform,1,eas_k2_adaptive,eas,2,adaptive,accept_id,47,batch_speedup,3,0.9271184549781833,0.8973489370425304,0.93909901599016,0.9122336960103569,0.9331087354841716,0.02087503947381475
l2-n128-uniform-w1,main,2,128,uniform,1,eas_k2_adaptive,eas,2,adaptive,accept_id,47,selector_speedup,3,0.8075699376499972,0.7858830495928941,0.8992272122632545,0.7967264936214457,0.8533985749566259,0.0566720813351802
l2-n128-uniform-w1,main,2,128,uniform,1,eas_k2_adaptive,eas,2,adaptive,accept_id,47,rate_ratio,3,0.927118454978778,0.8973489370415202,0.9390990159920674,0.9122336960101491,0.9331087354854226,0.02087503947527347
l2-n128-uniform-w1,main,2,128,uniform,1,eas_k2_adaptive,eas,2,adaptive,accept_static_degree,47,commit_delta,3,0,0,0,0.0,0.0,0.0
l2-n128-uniform-w1,main,2,128,uniform,1,eas_k2_adaptive,eas,2,adaptive,accept_static_degree,47,batch_delta_ms,3,-0.002460999999999991,-0.0032370000000000454,0.004949000000000037,-0.002849000000000018,0.0012440000000000229,0.004093000000000041
l2-n128-uniform-w1,main,2,128,uniform,1,eas_k2_adaptive,eas,2,adaptive,accept_static_degree,47,selector_delta_ms,3,0.007128000000000023,-0.0006509999999999849,0.009555000000000008,0.003238500000000019,0.008341500000000016,0.005102999999999996
l2-n128-uniform-w1,main,2,128,uniform,1,eas_k2_adaptive,eas,2,adaptive,accept_static_degree,47,batch_speedup,3,1.0075676506765068,0.9850806111251793,1.010031361562872,0.996324130900843,1.0087995061196895,0.012475375218846452
l2-n128-uniform-w1,main,2,128,uniform,1,eas_k2_adaptive,eas,2,adaptive,accept_static_degree,47,selector_speedup,3,0.9564710264850108,0.943419689119171,1.004123646037879,0.9499453578020909,0.9802973362614449,0.030351978459354
l2-n128-uniform-w1,main,2,128,uniform,1,eas_k2_adaptive,eas,2,adaptive,accept_static_degree,47,rate_ratio,3,1.007567650678082,0.9850806111256788,1.0100313615634242,0.9963241309018804,1.008799506120753,0.012475375218872653
l2-n128-uniform-w1,main,2,128,uniform,1,accept_id,accept_id,,greedy,native,47,commit_delta,3,0,0,0,0.0,0.0,0.0
l2-n128-uniform-w1,main,2,128,uniform,1,accept_id,accept_id,,greedy,native,47,batch_delta_ms,3,0.13617600000000002,0.12564,0.13655299999999998,0.13090800000000002,0.1363645,0.005456499999999975
l2-n128-uniform-w1,main,2,128,uniform,1,accept_id,accept_id,,greedy,native,47,selector_delta_ms,3,0.132716,0.132242,0.141961,0.132479,0.1373385,0.004859499999999989
l2-n128-uniform-w1,main,2,128,uniform,1,accept_id,accept_id,,greedy,native,47,batch_speedup,3,0.5540987900915207,0.5435605174315608,0.5779147699595183,0.5488296537615407,0.5660067800255195,0.017177126263978826
l2-n128-uniform-w1,main,2,128,uniform,1,accept_id,accept_id,,greedy,native,47,selector_speedup,3,0.0,0.0,0.0,0.0,0.0,0.0
l2-n128-uniform-w1,main,2,128,uniform,1,accept_id,accept_id,,greedy,native,47,rate_ratio,3,0.5540987900914754,0.5435605174311956,0.5779147699598186,0.5488296537613355,0.566006780025647,0.01717712626431145
l2-n128-uniform-w1,main,2,128,uniform,1,accept_id,accept_id,,greedy,accept_static_degree,47,commit_delta,3,0,0,0,0.0,0.0,0.0
l2-n128-uniform-w1,main,2,128,uniform,1,accept_id,accept_id,,greedy,accept_static_degree,47,batch_delta_ms,3,-0.02675500000000003,-0.02910199999999996,-0.022265999999999952,-0.027928499999999995,-0.02451049999999999,0.0034180000000000044
l2-n128-uniform-w1,main,2,128,uniform,1,accept_id,accept_id,,greedy,accept_static_degree,47,selector_delta_ms,3,-0.024382999999999988,-0.02660399999999999,-0.01655999999999999,-0.02549349999999999,-0.02047149999999999,0.005021999999999999
l2-n128-uniform-w1,main,2,128,uniform,1,accept_id,accept_id,,greedy,accept_static_degree,47,batch_speedup,3,1.089430758431661,1.0729088557442,1.0977676246787496,1.0811698070879303,1.0935991915552052,0.012429384467274929
l2-n128-uniform-w1,main,2,128,uniform,1,accept_id,accept_id,,greedy,accept_static_degree,47,selector_speedup,3,1.1843816639191784,1.1166517564683258,1.2004581211006962,1.1505167101937521,1.1924198925099372,0.04190318231618506
l2-n128-uniform-w1,main,2,128,uniform,1,accept_id,accept_id,,greedy,accept_static_degree,47,rate_ratio,3,1.0894307584315577,1.0729088557436983,1.097767624680542,1.0811698070876279,1.09359919155605,0.012429384468422011
l2-n128-uniform-w1,main,2,128,uniform,1,eas_k2_adaptive,eas,2,adaptive,native,71,commit_delta,3,-2,-2,-2,-2.0,-2.0,0.0
l2-n128-uniform-w1,main,2,128,uniform,1,eas_k2_adaptive,eas,2,adaptive,native,71,batch_delta_ms,3,0.148262,0.140581,0.151219,0.1444215,0.1497405,0.00531899999999999
l2-n128-uniform-w1,main,2,128,uniform,1,eas_k2_adaptive,eas,2,adaptive,native,71,selector_delta_ms,3,0.150357,0.147893,0.155132,0.149125,0.1527445,0.0036194999999999977
l2-n128-uniform-w1,main,2,128,uniform,1,eas_k2_adaptive,eas,2,adaptive,native,71,batch_speedup,3,0.5352142700398131,0.52853824689395,0.5514770396036129,0.5318762584668816,0.543345654821713,0.011469396354831463
l2-n128-uniform-w1,main,2,128,uniform,1,eas_k2_adaptive,eas,2,adaptive,native,71,selector_speedup,3,0.0,0.0,0.0,0.0,0.0,0.0
l2-n128-uniform-w1,main,2,128,uniform,1,eas_k2_adaptive,eas,2,adaptive,native,71,rate_ratio,3,0.5267188054356693,0.52014875091123,0.5427234358003774,0.5234337781734497,0.5347211206180233,0.011287342444573634
l2-n128-uniform-w1,main,2,128,uniform,1,eas_k2_adaptive,eas,2,adaptive,accept_id,71,commit_delta,3,-2,-2,-2,-2.0,-2.0,0.0
l2-n128-uniform-w1,main,2,128,uniform,1,eas_k2_adaptive,eas,2,adaptive,accept_id,71,batch_delta_ms,3,0.01583000000000001,0.007342000000000015,0.020633000000000012,0.011586000000000013,0.01823150000000001,0.006645499999999999
l2-n128-uniform-w1,main,2,128,uniform,1,eas_k2_adaptive,eas,2,adaptive,accept_id,71,selector_delta_ms,3,0.016679,0.008090999999999987,0.01707699999999998,0.012384999999999993,0.01687799999999999,0.004492999999999997
l2-n128-uniform-w1,main,2,128,uniform,1,eas_k2_adaptive,eas,2,adaptive,accept_id,71,batch_speedup,3,0.9506461519275436,0.9353177215586695,0.9765753866082167,0.9429819367431066,0.9636107692678801,0.020628832524773544
l2-n128-uniform-w1,main,2,128,uniform,1,eas_k2_adaptive,eas,2,adaptive,accept_id,71,selector_speedup,3,0.8924851094551737,0.8864236450580952,0.9452915283346744,0.8894543772566345,0.9188883188949241,0.029433941638289607
l2-n128-uniform-w1,main,2,128,uniform,1,eas_k2_adaptive,eas,2,adaptive,accept_id,71,rate_ratio,3,0.9355565304676848,0.9204714085166006,0.9610741899949651,0.9280139694921428,0.948315360231325,0.020301390739182246
l2-n128-uniform-w1,main,2,128,uniform,1,eas_k2_adaptive,eas,2,adaptive,accept_static_degree,71,commit_delta,3,-2,-2,-2,-2.0,-2.0,0.0
l2-n128-uniform-w1,main,2,128,uniform,1,eas_k2_adaptive,eas,2,adaptive,accept_static_degree,71,batch_delta_ms,3,-0.010597000000000023,-0.011121999999999965,-0.008508999999999989,-0.010859499999999994,-0.009553000000000006,0.0013064999999999882
l2-n128-uniform-w1,main,2,128,uniform,1,eas_k2_adaptive,eas,2,adaptive,accept_static_degree,71,selector_delta_ms,3,-0.011227000000000015,-0.011451000000000017,-0.008768999999999999,-0.011339000000000016,-0.009998000000000007,0.0013410000000000089
l2-n128-uniform-w1,main,2,128,uniform,1,eas_k2_adaptive,eas,2,adaptive,accept_static_degree,71,batch_speedup,3,1.0330387067608224,1.0266748173923947,1.0354846840293397,1.0298567620766086,1.034261695395081,0.004404933318472359
l2-n128-uniform-w1,main,2,128,uniform,1,eas_k2_adaptive,eas,2,adaptive,accept_static_degree,71,selector_speedup,3,1.0746689545548263,1.0565260552303843,1.0774275996835552,1.0655975048926054,1.0760482771191908,0.010450772226585414
l2-n128-uniform-w1,main,2,128,uniform,1,eas_k2_adaptive,eas,2,adaptive,accept_static_degree,71,rate_ratio,3,1.0166412669700433,1.010378391718505,1.019048419203161,1.0135098293442741,1.017844843086602,0.00433501374232792
l2-n128-uniform-w1,main,2,128,uniform,1,native,native,,native,accept_id,71,commit_delta,3,0,0,0,0.0,0.0,0.0
l2-n128-uniform-w1,main,2,128,uniform,1,native,native,,native,accept_id,71,batch_delta_ms,3,-0.133239,-0.13538899999999998,-0.127629,-0.134314,-0.130434,0.0038799999999999946
l2-n128-uniform-w1,main,2,128,uniform,1,native,native,,native,accept_id,71,selector_delta_ms,3,-0.138453,-0.139802,-0.13328,-0.13912750000000002,-0.1358665,0.003261000000000014
l2-n128-uniform-w1,main,2,128,uniform,1,native,native,,native,accept_id,71,batch_speedup,3,1.7708359849580562,1.747557518391828,1.7986326581173389,1.759196751674942,1.7847343215376976,0.02553756986275557
l2-n128-uniform-w1,main,2,128,uniform,1,native,native,,native,accept_id,71,selector_speedup,0,,,,,,
l2-n128-uniform-w1,main,2,128,uniform,1,native,native,,native,accept_id,71,rate_ratio,3,1.7708359849572886,1.7475575183901844,1.798632658116965,1.7591967516737363,1.7847343215371267,0.025537569863390397
l2-n128-uniform-w1,main,2,128,uniform,1,native,native,,native,accept_static_degree,71,commit_delta,3,0,0,0,0.0,0.0,0.0
l2-n128-uniform-w1,main,2,128,uniform,1,native,native,,native,accept_static_degree,71,batch_delta_ms,3,-0.156771,-0.16181600000000002,-0.15170299999999998,-0.1592935,-0.15423699999999999,0.005056500000000019
l2-n128-uniform-w1,main,2,128,uniform,1,native,native,,native,accept_static_degree,71,selector_delta_ms,3,-0.161584,-0.163901,-0.159344,-0.1627425,-0.160464,0.0022785000000000166
l2-n128-uniform-w1,main,2,128,uniform,1,native,native,,native,accept_static_degree,71,batch_speedup,3,1.9182500820017807,1.8776569279722302,1.954520250581032,1.8979535049870053,1.9363851662914064,0.03843166130440112
l2-n128-uniform-w1,main,2,128,uniform,1,native,native,,native,accept_static_degree,71,selector_speedup,0,,,,,,
l2-n128-uniform-w1,main,2,128,uniform,1,native,native,,native,accept_static_degree,71,rate_ratio,3,1.9182500820011206,1.8776569279716597,1.9545202505802923,1.8979535049863903,1.9363851662907066,0.0384316613043163
l2-n128-uniform-w1,main,2,128,uniform,1,accept_id,accept_id,,greedy,native,71,commit_delta,3,0,0,0,0.0,0.0,0.0
l2-n128-uniform-w1,main,2,128,uniform,1,accept_id,accept_id,,greedy,native,71,batch_delta_ms,3,0.133239,0.127629,0.13538899999999998,0.130434,0.134314,0.0038799999999999946
l2-n128-uniform-w1,main,2,128,uniform,1,accept_id,accept_id,,greedy,native,71,selector_delta_ms,3,0.138453,0.13328,0.139802,0.1358665,0.13912750000000002,0.003261000000000014
l2-n128-uniform-w1,main,2,128,uniform,1,accept_id,accept_id,,greedy,native,71,batch_speedup,3,0.5647050367703511,0.555977895479068,0.572227231135854,0.5603414661247095,0.5684661339531025,0.00812466782839305
l2-n128-uniform-w1,main,2,128,uniform,1,accept_id,accept_id,,greedy,native,71,selector_speedup,3,0.0,0.0,0.0,0.0,0.0,0.0
l2-n128-uniform-w1,main,2,128,uniform,1,accept_id,accept_id,,greedy,native,71,rate_ratio,3,0.5647050367705959,0.5559778954791835,0.5722272311363923,0.5603414661248898,0.5684661339534941,0.008124667828604326
l2-n128-uniform-w1,main,2,128,uniform,1,accept_id,accept_id,,greedy,accept_static_degree,71,commit_delta,3,0,0,0,0.0,0.0,0.0
l2-n128-uniform-w1,main,2,128,uniform,1,accept_id,accept_id,,greedy,accept_static_degree,71,batch_delta_ms,3,-0.026427000000000034,-0.029142,-0.01846399999999998,-0.027784500000000018,-0.022445500000000007,0.00533900000000001
l2-n128-uniform-w1,main,2,128,uniform,1,accept_id,accept_id,,greedy,accept_static_degree,71,selector_delta_ms,3,-0.025448,-0.028303999999999996,-0.019542000000000004,-0.026875999999999997,-0.022495,0.004380999999999996
l2-n128-uniform-w1,main,2,128,uniform,1,accept_id,accept_id,,greedy,accept_static_degree,71,batch_speedup,3,1.0866700555892628,1.0603223245526627,1.097674933050004,1.0734961900709628,1.0921724943196334,0.018676304248670617
l2-n128-uniform-w1,main,2,128,uniform,1,accept_id,accept_id,,greedy,accept_static_degree,71,selector_speedup,3,1.183802445595256,1.13978340796269,1.2123649459783914,1.161792926778973,1.1980836957868237,0.036290769007850665
l2-n128-uniform-w1,main,2,128,uniform,1,accept_id,accept_id,,greedy,accept_static_degree,71,rate_ratio,3,1.0866700555890774,1.0603223245528004,1.0976749330506586,1.073496190070939,1.0921724943198678,0.018676304248928854
l2-n128-uniform-w1,main,2,128,uniform,1,eas_k1_adaptive,eas,1,adaptive,native,71,commit_delta,3,0,0,0,0.0,0.0,0.0
l2-n128-uniform-w1,main,2,128,uniform,1,eas_k1_adaptive,eas,1,adaptive,native,71,batch_delta_ms,3,0.149223,0.135662,0.14947099999999997,0.1424425,0.14934699999999998,0.00690449999999998
l2-n128-uniform-w1,main,2,128,uniform,1,eas_k1_adaptive,eas,1,adaptive,native,71,selector_delta_ms,3,0.153803,0.14828,0.154989,0.1510415,0.15439599999999998,0.0033544999999999825
l2-n128-uniform-w1,main,2,128,uniform,1,eas_k1_adaptive,eas,1,adaptive,native,71,batch_speedup,3,0.5336067085272432,0.5314344649009239,0.5602699408775024,0.5325205867140836,0.5469383247023728,0.014417737988289159
l2-n128-uniform-w1,main,2,128,uniform,1,eas_k1_adaptive,eas,1,adaptive,native,71,selector_speedup,3,0.0,0.0,0.0,0.0,0.0,0.0
l2-n128-uniform-w1,main,2,128,uniform,1,eas_k1_adaptive,eas,1,adaptive,native,71,rate_ratio,3,0.5336067085277709,0.5314344649013442,0.5602699408767772,0.5325205867145575,0.5469383247022741,0.014417737987716617
l2-n128-uniform-w1,main,2,128,uniform,1,eas_k1_adaptive,eas,1,adaptive,accept_id,71,commit_delta,3,0,0,0,0.0,0.0,0.0
l2-n128-uniform-w1,main,2,128,uniform,1,eas_k1_adaptive,eas,1,adaptive,accept_id,71,batch_delta_ms,3,0.014081999999999983,0.0024230000000000085,0.021594000000000002,0.008252499999999996,0.017837999999999993,0.009585499999999997
l2-n128-uniform-w1,main,2,128,uniform,1,eas_k1_adaptive,eas,1,adaptive,accept_id,71,selector_delta_ms,3,0.016535999999999995,0.008477999999999986,0.020522999999999986,0.01250699999999999,0.01852949999999999,0.0060225
l2-n128-uniform-w1,main,2,128,uniform,1,eas_k1_adaptive,eas,1,adaptive,accept_id,71,batch_speedup,3,0.9558553842199143,0.9325084153511006,0.9921461725962036,0.9441818997855075,0.974000778408059,0.029818878622551503
l2-n128-uniform-w1,main,2,128,uniform,1,eas_k1_adaptive,eas,1,adaptive,accept_id,71,selector_speedup,3,0.8933085573814916,0.8665630709413992,0.9428243862961965,0.8799358141614454,0.918066471838844,0.03813065767739865
l2-n128-uniform-w1,main,2,128,uniform,1,eas_k1_adaptive,eas,1,adaptive,accept_id,71,rate_ratio,3,0.9558553842204717,0.9325084153511457,0.9921461725944896,0.9441818997858087,0.9740007784074807,0.029818878621671985
l2-n128-uniform-w1,main,2,128,uniform,1,eas_k1_adaptive,eas,1,adaptive,accept_static_degree,71,commit_delta,3,0,0,0,0.0,0.0,0.0
l2-n128-uniform-w1,main,2,128,uniform,1,eas_k1_adaptive,eas,1,adaptive,accept_static_degree,71,batch_delta_ms,3,-0.01234500000000005,-0.016040999999999972,-0.007547999999999999,-0.014193000000000011,-0.009946500000000025,0.004246499999999986
l2-n128-uniform-w1,main,2,128,uniform,1,eas_k1_adaptive,eas,1,adaptive,accept_static_degree,71,selector_delta_ms,3,-0.008912000000000003,-0.011064000000000018,-0.00778100000000001,-0.00998800000000001,-0.008346500000000007,0.001641500000000004
l2-n128-uniform-w1,main,2,128,uniform,1,eas_k1_adaptive,eas,1,adaptive,accept_static_degree,71,batch_speedup,3,1.0386994235055504,1.0235911123890846,1.051994736023234,1.0311452679473176,1.0453470797643922,0.014201811817074583
l2-n128-uniform-w1,main,2,128,uniform,1,eas_k1_adaptive,eas,1,adaptive,accept_static_degree,71,selector_speedup,3,1.05750085489938,1.0505906906887383,1.0746155921230107,1.0540457727940593,1.0660582235111953,0.01201245071713597
l2-n128-uniform-w1,main,2,128,uniform,1,eas_k1_adaptive,eas,1,adaptive,accept_static_degree,71,rate_ratio,3,1.0386994235059788,1.0235911123897445,1.051994736021553,1.0311452679478617,1.0453470797637658,0.014201811815904186
l2-n128-uniform-w1,main,2,128,uniform,1,accept_static_degree,accept_static_degree,,greedy,native,71,commit_delta,3,0,0,0,0.0,0.0,0.0
l2-n128-uniform-w1,main,2,128,uniform,1,accept_static_degree,accept_static_degree,,greedy,native,71,batch_delta_ms,3,0.156771,0.15170299999999998,0.16181600000000002,0.15423699999999999,0.1592935,0.005056500000000019
l2-n128-uniform-w1,main,2,128,uniform,1,accept_static_degree,accept_static_degree,,greedy,native,71,selector_delta_ms,3,0.161584,0.159344,0.163901,0.160464,0.1627425,0.0022785000000000166
l2-n128-uniform-w1,main,2,128,uniform,1,accept_static_degree,accept_static_degree,,greedy,native,71,batch_speedup,3,0.521308462010571,0.5116345045300625,0.5325786543338068,0.5164714832703168,0.5269435581721889,0.010472074901872075
l2-n128-uniform-w1,main,2,128,uniform,1,accept_static_degree,accept_static_degree,,greedy,native,71,selector_speedup,3,0.0,0.0,0.0,0.0,0.0,0.0
l2-n128-uniform-w1,main,2,128,uniform,1,accept_static_degree,accept_static_degree,,greedy,native,71,rate_ratio,3,0.5213084620107504,0.5116345045302562,0.5325786543339686,0.5164714832705033,0.5269435581723595,0.010472074901856199
l2-n128-uniform-w1,main,2,128,uniform,1,accept_static_degree,accept_static_degree,,greedy,accept_id,71,commit_delta,3,0,0,0,0.0,0.0,0.0
l2-n128-uniform-w1,main,2,128,uniform,1,accept_static_degree,accept_static_degree,,greedy,accept_id,71,batch_delta_ms,3,0.026427000000000034,0.01846399999999998,0.029142,0.022445500000000007,0.027784500000000018,0.00533900000000001
l2-n128-uniform-w1,main,2,128,uniform,1,accept_static_degree,accept_static_degree,,greedy,accept_id,71,selector_delta_ms,3,0.025448,0.019542000000000004,0.028303999999999996,0.022495,0.026875999999999997,0.004380999999999996
l2-n128-uniform-w1,main,2,128,uniform,1,accept_static_degree,accept_static_degree,,greedy,accept_id,71,batch_speedup,3,0.9202425288674541,0.911016522187854,0.9431094459148429,0.9156295255276541,0.9316759873911484,0.016046461863494343
l2-n128-uniform-w1,main,2,128,uniform,1,accept_static_degree,accept_static_degree,,greedy,accept_id,71,selector_speedup,3,0.8447355415769275,0.8248341419942569,0.8773596746661311,0.8347848417855922,0.8610476081215293,0.02626276633593705
l2-n128-uniform-w1,main,2,128,uniform,1,accept_static_degree,accept_static_degree,,greedy,accept_id,71,rate_ratio,3,0.920242528867611,0.9110165221873106,0.9431094459147206,0.9156295255274608,0.9316759873911657,0.016046461863704953
l2-n128-uniform-w1,main,2,128,uniform,1,native,native,,native,accept_id,101,commit_delta,3,0,0,0,0.0,0.0,0.0
l2-n128-uniform-w1,main,2,128,uniform,1,native,native,,native,accept_id,101,batch_delta_ms,3,-0.12692299999999998,-0.12968399999999997,-0.115369,-0.12830349999999996,-0.12114599999999999,0.0071574999999999694
l2-n128-uniform-w1,main,2,128,uniform,1,native,native,,native,accept_id,101,selector_delta_ms,3,-0.13184,-0.135783,-0.128914,-0.1338115,-0.13037700000000002,0.0034344999999999792
l2-n128-uniform-w1,main,2,128,uniform,1,native,native,,native,accept_id,101,batch_speedup,3,1.7439364632788228,1.6619370015491421,1.752175022620235,1.7029367324139826,1.748055742949529,0.045119010535546344
l2-n128-uniform-w1,main,2,128,uniform,1,native,native,,native,accept_id,101,selector_speedup,0,,,,,,
l2-n128-uniform-w1,main,2,128,uniform,1,native,native,,native,accept_id,101,rate_ratio,3,1.7439364632799812,1.6619370015476604,1.7521750226206123,1.702936732413821,1.7480557429502968,0.04511901053647582
l2-n128-uniform-w1,main,2,128,uniform,1,native,native,,native,accept_static_degree,101,commit_delta,3,0,0,0,0.0,0.0,0.0
l2-n128-uniform-w1,main,2,128,uniform,1,native,native,,native,accept_static_degree,101,batch_delta_ms,3,-0.153825,-0.154388,-0.14496900000000001,-0.15410649999999998,-0.149397,0.004709499999999978
l2-n128-uniform-w1,main,2,128,uniform,1,native,native,,native,accept_static_degree,101,selector_delta_ms,3,-0.156727,-0.161877,-0.155499,-0.159302,-0.156113,0.0031889999999999974
l2-n128-uniform-w1,main,2,128,uniform,1,native,native,,native,accept_static_degree,101,batch_speedup,3,1.8825807562109127,1.8408289446210242,1.9049176484379577,1.8617048504159683,1.893749202324435,0.03204435190846677
l2-n128-uniform-w1,main,2,128,uniform,1,native,native,,native,accept_static_degree,101,selector_speedup,0,,,,,,
l2-n128-uniform-w1,main,2,128,uniform,1,native,native,,native,accept_static_degree,101,rate_ratio,3,1.882580756209734,1.8408289446194446,1.9049176484371215,1.8617048504145894,1.893749202323428,0.032044351908838475
l2-n128-uniform-w1,main,2,128,uniform,1,eas_k2_adaptive,eas,2,adaptive,native,101,commit_delta,3,0,0,0,0.0,0.0,0.0
l2-n128-uniform-w1,main,2,128,uniform,1,eas_k2_adaptive,eas,2,adaptive,native,101,batch_delta_ms,3,0.13890000000000002,0.13368599999999997,0.143927,0.136293,0.14141350000000003,0.005120500000000028
l2-n128-uniform-w1,main,2,128,uniform,1,eas_k2_adaptive,eas,2,adaptive,native,101,selector_delta_ms,3,0.151482,0.150493,0.152714,0.1509875,0.152098,0.0011105000000000143
l2-n128-uniform-w1,main,2,128,uniform,1,eas_k2_adaptive,eas,2,adaptive,native,101,batch_speedup,3,0.5564992496567578,0.5424163135020681,0.5632575188338376,0.5494577815794129,0.5598783842452977,0.010420602665884737
l2-n128-uniform-w1,main,2,128,uniform,1,eas_k2_adaptive,eas,2,adaptive,native,101,selector_speedup,3,0.0,0.0,0.0,0.0,0.0,0.0
l2-n128-uniform-w1,main,2,128,uniform,1,eas_k2_adaptive,eas,2,adaptive,native,101,rate_ratio,3,0.5564992496572115,0.5424163135015649,0.5632575188343146,0.5494577815793882,0.5598783842457631,0.0104206026663749
l2-n128-uniform-w1,main,2,128,uniform,1,eas_k2_adaptive,eas,2,adaptive,accept_id,101,commit_delta,3,0,0,0,0.0,0.0,0.0
l2-n128-uniform-w1,main,2,128,uniform,1,eas_k2_adaptive,eas,2,adaptive,accept_id,101,batch_delta_ms,3,0.01700400000000002,0.0040020000000000056,0.023531000000000024,0.010503000000000012,0.02026750000000002,0.00976450000000001
l2-n128-uniform-w1,main,2,128,uniform,1,eas_k2_adaptive,eas,2,adaptive,accept_id,101,selector_delta_ms,3,0.018652999999999975,0.01569900000000002,0.023799999999999988,0.017175999999999997,0.02122649999999998,0.004050499999999985
l2-n128-uniform-w1,main,2,128,uniform,1,eas_k2_adaptive,eas,2,adaptive,accept_id,101,batch_speedup,3,0.9459395873935339,0.9248666943388997,0.9869257558036968,0.9354031408662168,0.9664326715986153,0.031029530732398558
l2-n128-uniform-w1,main,2,128,uniform,1,eas_k2_adaptive,eas,2,adaptive,accept_id,101,selector_speedup,3,0.8760540357358816,0.8441531228309127,0.8963639244266645,0.8601035792833971,0.886208980081273,0.026105400797875933
l2-n128-uniform-w1,main,2,128,uniform,1,eas_k2_adaptive,eas,2,adaptive,accept_id,101,rate_ratio,3,0.9459395873932845,0.9248666943388291,0.9869257558047451,0.9354031408660568,0.9664326715990148,0.031029530732958
l2-n128-uniform-w1,main,2,128,uniform,1,eas_k2_adaptive,eas,2,adaptive,accept_static_degree,101,commit_delta,3,0,0,0,0.0,0.0,0.0
l2-n128-uniform-w1,main,2,128,uniform,1,eas_k2_adaptive,eas,2,adaptive,accept_static_degree,101,batch_delta_ms,3,-0.011283000000000043,-0.014924999999999966,-0.010460999999999998,-0.013104000000000005,-0.01087200000000002,0.002231999999999984
l2-n128-uniform-w1,main,2,128,uniform,1,eas_k2_adaptive,eas,2,adaptive,accept_static_degree,101,selector_delta_ms,3,-0.006234000000000017,-0.009163000000000004,-0.004016999999999993,-0.007698500000000011,-0.005125500000000005,0.002573000000000006
l2-n128-uniform-w1,main,2,128,uniform,1,eas_k2_adaptive,eas,2,adaptive,accept_static_degree,101,batch_speedup,3,1.03686074394475,1.0332584083907457,1.0476547782496246,1.0350595761677477,1.0422577610971873,0.007198184929439577
l2-n128-uniform-w1,main,2,128,uniform,1,eas_k2_adaptive,eas,2,adaptive,accept_static_degree,101,selector_speedup,3,1.0414238536011642,1.026518002138868,1.0600010477100987,1.033970927870016,1.0507124506556313,0.01674152278561536
l2-n128-uniform-w1,main,2,128,uniform,1,eas_k2_adaptive,eas,2,adaptive,accept_static_degree,101,rate_ratio,3,1.0368607439447382,1.0332584083893335,1.047654778249823,1.0350595761670358,1.0422577610972805,0.007198184930244711
l2-n128-uniform-w1,main,2,128,uniform,1,accept_static_degree,accept_static_degree,,greedy,native,101,commit_delta,3,0,0,0,0.0,0.0,0.0
l2-n128-uniform-w1,main,2,128,uniform,1,accept_static_degree,accept_static_degree,,greedy,native,101,batch_delta_ms,3,0.153825,0.14496900000000001,0.154388,0.149397,0.15410649999999998,0.004709499999999978
l2-n128-uniform-w1,main,2,128,uniform,1,accept_static_degree,accept_static_degree,,greedy,native,101,selector_delta_ms,3,0.156727,0.155499,0.161877,0.156113,0.159302,0.0031889999999999974
l2-n128-uniform-w1,main,2,128,uniform,1,accept_static_degree,accept_static_degree,,greedy,native,101,batch_speedup,3,0.5311857123264709,0.5249570766589333,0.5432335268966951,0.5280713944927021,0.537209619611583,0.00913822511888085
l2-n128-uniform-w1,main,2,128,uniform,1,accept_static_degree,accept_static_degree,,greedy,native,101,selector_speedup,3,0.0,0.0,0.0,0.0,0.0,0.0
l2-n128-uniform-w1,main,2,128,uniform,1,accept_static_degree,accept_static_degree,,greedy,native,101,rate_ratio,3,0.5311857123268036,0.5249570766591638,0.5432335268971612,0.5280713944929837,0.5372096196119824,0.009138225118998755
l2-n128-uniform-w1,main,2,128,uniform,1,accept_static_degree,accept_static_degree,,greedy,accept_id,101,commit_delta,3,0,0,0,0.0,0.0,0.0
l2-n128-uniform-w1,main,2,128,uniform,1,accept_static_degree,accept_static_degree,,greedy,accept_id,101,batch_delta_ms,3,0.027465000000000017,0.015285000000000049,0.03845599999999999,0.021375000000000033,0.032960500000000004,0.01158549999999997
l2-n128-uniform-w1,main,2,128,uniform,1,accept_static_degree,accept_static_degree,,greedy,accept_id,101,selector_delta_ms,3,0.024886999999999992,0.01971600000000001,0.03296299999999999,0.022301500000000002,0.028924999999999992,0.0066234999999999905
l2-n128-uniform-w1,main,2,128,uniform,1,accept_static_degree,accept_static_degree,,greedy,accept_id,101,batch_speedup,3,0.9154917876417701,0.8827971900096003,0.9518402172782868,0.8991444888256852,0.9336660024600285,0.034521513634343304
l2-n128-uniform-w1,main,2,128,uniform,1,accept_static_degree,accept_static_degree,,greedy,accept_id,101,selector_speedup,3,0.8412079603386782,0.7963700834584283,0.8732081878340053,0.8187890218985532,0.8572080740863417,0.038419052187788516
l2-n128-uniform-w1,main,2,128,uniform,1,accept_static_degree,accept_static_degree,,greedy,accept_id,101,rate_ratio,3,0.9154917876427799,0.882797190009366,0.9518402172793085,0.8991444888260729,0.9336660024610441,0.034521513634971246
l2-n128-uniform-w1,main,2,128,uniform,1,accept_id,accept_id,,greedy,native,101,commit_delta,3,0,0,0,0.0,0.0,0.0
l2-n128-uniform-w1,main,2,128,uniform,1,accept_id,accept_id,,greedy,native,101,batch_delta_ms,3,0.12692299999999998,0.115369,0.12968399999999997,0.12114599999999999,0.12830349999999996,0.0071574999999999694
l2-n128-uniform-w1,main,2,128,uniform,1,accept_id,accept_id,,greedy,native,101,selector_delta_ms,3,0.13184,0.128914,0.135783,0.13037700000000002,0.1338115,0.0034344999999999792
l2-n128-uniform-w1,main,2,128,uniform,1,accept_id,accept_id,,greedy,native,101,batch_speedup,3,0.5734153858563589,0.5707192415655952,0.6017075250553237,0.5720673137109771,0.5875614554558413,0.015494141744864187
l2-n128-uniform-w1,main,2,128,uniform,1,accept_id,accept_id,,greedy,native,101,selector_speedup,3,0.0,0.0,0.0,0.0,0.0,0.0
l2-n128-uniform-w1,main,2,128,uniform,1,accept_id,accept_id,,greedy,native,101,rate_ratio,3,0.5734153858559781,0.5707192415654723,0.6017075250558601,0.5720673137107252,0.5875614554559191,0.015494141745193923
l2-n128-uniform-w1,main,2,128,uniform,1,accept_id,accept_id,,greedy,accept_static_degree,101,commit_delta,3,0,0,0,0.0,0.0,0.0
l2-n128-uniform-w1,main,2,128,uniform,1,accept_id,accept_id,,greedy,accept_static_degree,101,batch_delta_ms,3,-0.027465000000000017,-0.03845599999999999,-0.015285000000000049,-0.032960500000000004,-0.021375000000000033,0.01158549999999997
l2-n128-uniform-w1,main,2,128,uniform,1,accept_id,accept_id,,greedy,accept_static_degree,101,selector_delta_ms,3,-0.024886999999999992,-0.03296299999999999,-0.01971600000000001,-0.028924999999999992,-0.022301500000000002,0.0066234999999999905
l2-n128-uniform-w1,main,2,128,uniform,1,accept_id,accept_id,,greedy,accept_static_degree,101,batch_speedup,3,1.0923090884036393,1.0505964991261059,1.132763007536448,1.0714527937648726,1.1125360479700437,0.041083254205171116
l2-n128-uniform-w1,main,2,128,uniform,1,accept_id,accept_id,,greedy,accept_static_degree,101,selector_speedup,3,1.1887666868932039,1.1452022712710723,1.2556975968475106,1.1669844790821382,1.2222321418703572,0.05524766278821902
l2-n128-uniform-w1,main,2,128,uniform,1,accept_id,accept_id,,greedy,accept_static_degree,101,rate_ratio,3,1.0923090884024342,1.050596499124978,1.1327630075367487,1.0714527937637062,1.1125360479695914,0.04108325420588521
l2-n128-uniform-w1,main,2,128,uniform,1,eas_k1_adaptive,eas,1,adaptive,native,101,commit_delta,3,0,0,0,0.0,0.0,0.0
l2-n128-uniform-w1,main,2,128,uniform,1,eas_k1_adaptive,eas,1,adaptive,native,101,batch_delta_ms,3,0.140583,0.137947,0.14314799999999997,0.139265,0.14186549999999998,0.002600499999999978
l2-n128-uniform-w1,main,2,128,uniform,1,eas_k1_adaptive,eas,1,adaptive,native,101,selector_delta_ms,3,0.148001,0.145403,0.148076,0.146702,0.14803850000000002,0.0013365000000000182
l2-n128-uniform-w1,main,2,128,uniform,1,eas_k1_adaptive,eas,1,adaptive,native,101,batch_speedup,3,0.5535247544247999,0.5437630275562696,0.5555244088297746,0.5486438909905347,0.5545245816272872,0.005880690636752561
l2-n128-uniform-w1,main,2,128,uniform,1,eas_k1_adaptive,eas,1,adaptive,native,101,selector_speedup,3,0.0,0.0,0.0,0.0,0.0,0.0
l2-n128-uniform-w1,main,2,128,uniform,1,eas_k1_adaptive,eas,1,adaptive,native,101,rate_ratio,3,0.5535247544243238,0.5437630275567321,0.5555244088298285,0.548643890990528,0.5545245816270761,0.005880690636548058
l2-n128-uniform-w1,main,2,128,uniform,1,eas_k1_adaptive,eas,1,adaptive,accept_id,101,commit_delta,3,0,0,0,0.0,0.0,0.0
l2-n128-uniform-w1,main,2,128,uniform,1,eas_k1_adaptive,eas,1,adaptive,accept_id,101,batch_delta_ms,3,0.01622499999999999,0.00826300000000002,0.025214000000000014,0.012244000000000005,0.020719500000000002,0.008475499999999997
l2-n128-uniform-w1,main,2,128,uniform,1,eas_k1_adaptive,eas,1,adaptive,accept_id,101,selector_delta_ms,3,0.013562999999999992,0.012293000000000026,0.019086999999999993,0.012928000000000009,0.016324999999999992,0.0033969999999999834
l2-n128-uniform-w1,main,2,128,uniform,1,eas_k1_adaptive,eas,1,adaptive,accept_id,101,batch_speedup,3,0.9482881711382658,0.9199232706519771,0.973375993607403,0.9341057208951214,0.9608320823728345,0.026726361477713012
l2-n128-uniform-w1,main,2,128,uniform,1,eas_k1_adaptive,eas,1,adaptive,accept_id,101,selector_speedup,3,0.906721319367551,0.8710346551712489,0.9169818201464112,0.8888779872693999,0.9118515697569811,0.02297358248758119
l2-n128-uniform-w1,main,2,128,uniform,1,eas_k1_adaptive,eas,1,adaptive,accept_id,101,rate_ratio,3,0.9482881711397024,0.9199232706503657,0.973375993607707,0.9341057208950341,0.9608320823737047,0.02672636147867058
l2-n128-uniform-w1,main,2,128,uniform,1,eas_k1_adaptive,eas,1,adaptive,accept_static_degree,101,commit_delta,3,0,0,0,0.0,0.0,0.0
l2-n128-uniform-w1,main,2,128,uniform,1,eas_k1_adaptive,eas,1,adaptive,accept_static_degree,101,batch_delta_ms,3,-0.011240000000000028,-0.013241999999999976,-0.007022000000000028,-0.012241000000000002,-0.009131000000000028,0.003109999999999974
l2-n128-uniform-w1,main,2,128,uniform,1,eas_k1_adaptive,eas,1,adaptive,accept_static_degree,101,selector_delta_ms,3,-0.011324,-0.013876,-0.007422999999999985,-0.0126,-0.009373499999999993,0.003226500000000007
l2-n128-uniform-w1,main,2,128,uniform,1,eas_k1_adaptive,eas,1,adaptive,accept_static_degree,101,batch_speedup,3,1.0358237877599934,1.0226254112173323,1.0420550507664994,1.0292245994886629,1.0389394192632464,0.00971481977458355
l2-n128-uniform-w1,main,2,128,uniform,1,eas_k1_adaptive,eas,1,adaptive,accept_static_degree,101,selector_speedup,3,1.0778800987599981,1.050129663145952,1.0937561232694373,1.0640048809529752,1.0858181110147176,0.021813230061742406
l2-n128-uniform-w1,main,2,128,uniform,1,eas_k1_adaptive,eas,1,adaptive,accept_static_degree,101,rate_ratio,3,1.03582378776042,1.022625411216554,1.0420550507649509,1.029224599488487,1.0389394192626855,0.009714819774198524
l2-n128-zipf-w1,main,2,128,zipf,1,eas_k1_adaptive,eas,1,adaptive,native,11,commit_delta,3,5,5,5,5.0,5.0,0.0
l2-n128-zipf-w1,main,2,128,zipf,1,eas_k1_adaptive,eas,1,adaptive,native,11,batch_delta_ms,3,0.29177200000000003,0.28428699999999996,0.299906,0.2880295,0.295839,0.007809500000000025
l2-n128-zipf-w1,main,2,128,zipf,1,eas_k1_adaptive,eas,1,adaptive,native,11,selector_delta_ms,3,0.293093,0.289012,0.297995,0.2910525,0.29554400000000003,0.004491500000000037
l2-n128-zipf-w1,main,2,128,zipf,1,eas_k1_adaptive,eas,1,adaptive,native,11,batch_speedup,3,0.3257443406080438,0.31763399611839577,0.33182676058655275,0.3216891683632198,0.3287855505972983,0.007096382234078491
l2-n128-zipf-w1,main,2,128,zipf,1,eas_k1_adaptive,eas,1,adaptive,native,11,selector_speedup,3,0.0,0.0,0.0,0.0,0.0,0.0
l2-n128-zipf-w1,main,2,128,zipf,1,eas_k1_adaptive,eas,1,adaptive,native,11,rate_ratio,3,0.35706591181999264,0.3481757265143567,0.3637331798740916,0.3526208191671747,0.36039954584704215,0.007778726679867454
l2-n128-zipf-w1,main,2,128,zipf,1,eas_k1_adaptive,eas,1,adaptive,accept_id,11,commit_delta,3,2,2,2,2.0,2.0,0.0
l2-n128-zipf-w1,main,2,128,zipf,1,eas_k1_adaptive,eas,1,adaptive,accept_id,11,batch_delta_ms,3,0.157787,0.15558499999999997,0.17128299999999996,0.156686,0.164535,0.007848999999999995
l2-n128-zipf-w1,main,2,128,zipf,1,eas_k1_adaptive,eas,1,adaptive,accept_id,11,selector_delta_ms,3,0.15711999999999998,0.154695,0.164692,0.15590749999999998,0.160906,0.004998500000000017
l2-n128-zipf-w1,main,2,128,zipf,1,eas_k1_adaptive,eas,1,adaptive,accept_id,11,batch_speedup,3,0.6343211843871117,0.6102855686686736,0.6353701598217835,0.6223033765278927,0.6348456721044475,0.01254229557655484
l2-n128-zipf-w1,main,2,128,zipf,1,eas_k1_adaptive,eas,1,adaptive,accept_id,11,selector_speedup,3,0.4639244198940269,0.44733300894310307,0.464745408495149,0.455628714418565,0.46433491419458794,0.008706199776022938
l2-n128-zipf-w1,main,2,128,zipf,1,eas_k1_adaptive,eas,1,adaptive,accept_id,11,rate_ratio,3,0.6573874092724825,0.632477771166432,0.6584745292685804,0.6449325902194573,0.6579309692705315,0.01299837905107426
l2-n128-zipf-w1,main,2,128,zipf,1,eas_k1_adaptive,eas,1,adaptive,accept_static_degree,11,commit_delta,3,0,0,0,0.0,0.0,0.0
l2-n128-zipf-w1,main,2,128,zipf,1,eas_k1_adaptive,eas,1,adaptive,accept_static_degree,11,batch_delta_ms,3,0.133658,0.129757,0.13904100000000003,0.1317075,0.1363495,0.004642000000000007
l2-n128-zipf-w1,main,2,128,zipf,1,eas_k1_adaptive,eas,1,adaptive,accept_static_degree,11,selector_delta_ms,3,0.128884,0.127419,0.13262000000000002,0.1281515,0.130752,0.0026005000000000056
l2-n128-zipf-w1,main,2,128,zipf,1,eas_k1_adaptive,eas,1,adaptive,accept_static_degree,11,batch_speedup,3,0.6950259595881251,0.6786902748121239,0.6958924618153439,0.6868581172001245,0.6954592107017346,0.008601093501610091
l2-n128-zipf-w1,main,2,128,zipf,1,eas_k1_adaptive,eas,1,adaptive,accept_static_degree,11,selector_speedup,3,0.5549589758217419,0.5540531189016373,0.5652608557693292,0.5545060473616896,0.5601099157955356,0.005603868433845971
l2-n128-zipf-w1,main,2,128,zipf,1,eas_k1_adaptive,eas,1,adaptive,accept_static_degree,11,rate_ratio,3,0.6950259595879713,0.6786902748128668,0.6958924618152572,0.6868581172004191,0.6954592107016142,0.00860109350119509
l2-n128-zipf-w1,main,2,128,zipf,1,native,native,,native,accept_id,11,commit_delta,3,-3,-3,-3,-3.0,-3.0,0.0
l2-n128-zipf-w1,main,2,128,zipf,1,native,native,,native,accept_id,11,batch_delta_ms,3,-0.128702,-0.133985,-0.12862300000000002,-0.1313435,-0.1286625,0.002680999999999989
l2-n128-zipf-w1,main,2,128,zipf,1,native,native,,native,accept_id,11,selector_delta_ms,3,-0.134317,-0.135973,-0.133303,-0.13514500000000002,-0.13380999999999998,0.0013350000000000306
l2-n128-zipf-w1,main,2,128,zipf,1,native,native,,native,accept_id,11,batch_speedup,3,1.921348395091796,1.9116034621977307,1.9505178774120318,1.9164759286447635,1.9359331362519139,0.019457207607150417
l2-n128-zipf-w1,main,2,128,zipf,1,native,native,,native,accept_id,11,selector_speedup,0,,,,,,
l2-n128-zipf-w1,main,2,128,zipf,1,native,native,,native,accept_id,11,rate_ratio,3,1.816547573543592,1.8073341824357103,1.8441259931878815,1.811940877989651,1.8303367833657367,0.018395905376085597
l2-n128-zipf-w1,main,2,128,zipf,1,native,native,,native,accept_static_degree,11,commit_delta,3,-5,-5,-5,-5.0,-5.0,0.0
l2-n128-zipf-w1,main,2,128,zipf,1,native,native,,native,accept_static_degree,11,batch_delta_ms,3,-0.15452999999999997,-0.16624799999999998,-0.15273099999999998,-0.16038899999999998,-0.15363049999999998,0.006758500000000001
l2-n128-zipf-w1,main,2,128,zipf,1,native,native,,native,accept_static_degree,11,selector_delta_ms,3,-0.165375,-0.165674,-0.160128,-0.1655245,-0.1627515,0.0027729999999999977
l2-n128-zipf-w1,main,2,128,zipf,1,native,native,,native,accept_static_degree,11,batch_speedup,3,2.0945446303353115,2.083505959137344,2.190862660544544,2.0890252947363277,2.1427036454399278,0.05367835070360005
l2-n128-zipf-w1,main,2,128,zipf,1,native,native,,native,accept_static_degree,11,selector_speedup,0,,,,,,
l2-n128-zipf-w1,main,2,128,zipf,1,native,native,,native,accept_static_degree,11,rate_ratio,3,1.9108126452158107,1.9007422785152743,1.9986817254090308,1.9057774618655425,1.9547471853124208,0.04896972344687822
l2-n128-zipf-w1,main,2,128,zipf,1,accept_id,accept_id,,greedy,native,11,commit_delta,3,3,3,3,3.0,3.0,0.0
l2-n128-zipf-w1,main,2,128,zipf,1,accept_id,accept_id,,greedy,native,11,batch_delta_ms,3,0.128702,0.12862300000000002,0.133985,0.1286625,0.1313435,0.002680999999999989
l2-n128-zipf-w1,main,2,128,zipf,1,accept_id,accept_id,,greedy,native,11,selector_delta_ms,3,0.134317,0.133303,0.135973,0.13380999999999998,0.13514500000000002,0.0013350000000000306
l2-n128-zipf-w1,main,2,128,zipf,1,accept_id,accept_id,,greedy,native,11,batch_speedup,3,0.5204678144549745,0.5126843550528287,0.523121044596938,0.5165760847539016,0.5217944295259562,0.005218344772054628
l2-n128-zipf-w1,main,2,128,zipf,1,accept_id,accept_id,,greedy,native,11,selector_speedup,3,0.0,0.0,0.0,0.0,0.0,0.0
l2-n128-zipf-w1,main,2,128,zipf,1,accept_id,accept_id,,greedy,native,11,rate_ratio,3,0.5504948037497697,0.5422622986140616,0.5533011048639155,0.5463785511819157,0.5518979543068425,0.005519403124926825
l2-n128-zipf-w1,main,2,128,zipf,1,accept_id,accept_id,,greedy,accept_static_degree,11,commit_delta,3,-2,-2,-2,-2.0,-2.0,0.0
l2-n128-zipf-w1,main,2,128,zipf,1,accept_id,accept_id,,greedy,accept_static_degree,11,batch_delta_ms,3,-0.025827999999999962,-0.037624999999999964,-0.018745999999999985,-0.03172649999999996,-0.022286999999999973,0.00943949999999999
l2-n128-zipf-w1,main,2,128,zipf,1,accept_id,accept_id,,greedy,accept_static_degree,11,selector_delta_ms,3,-0.029700999999999977,-0.03207199999999999,-0.025811,-0.030886499999999983,-0.02775599999999999,0.0031304999999999944
l2-n128-zipf-w1,main,2,128,zipf,1,accept_id,accept_id,,greedy,accept_static_degree,11,batch_speedup,3,1.0957003749759153,1.0681809089090546,1.1402735007046296,1.0819406419424848,1.1179869378402725,0.03604629589778763
l2-n128-zipf-w1,main,2,128,zipf,1,accept_id,accept_id,,greedy,accept_static_degree,11,selector_speedup,3,1.2184330712715024,1.1921648041573294,1.2405947353022813,1.2052989377144159,1.2295139032868918,0.024214965572475933
l2-n128-zipf-w1,main,2,128,zipf,1,accept_id,accept_id,,greedy,accept_static_degree,11,rate_ratio,3,1.0572547477858492,1.0307008770206216,1.1002639041872955,1.0439778124032353,1.0787593259865722,0.03478151358333692
l2-n128-zipf-w1,main,2,128,zipf,1,eas_k2_adaptive,eas,2,adaptive,native,11,commit_delta,3,2,2,2,2.0,2.0,0.0
l2-n128-zipf-w1,main,2,128,zipf,1,eas_k2_adaptive,eas,2,adaptive,native,11,batch_delta_ms,3,0.273397,0.26971500000000004,0.27788100000000004,0.271556,0.275639,0.004083000000000003
l2-n128-zipf-w1,main,2,128,zipf,1,eas_k2_adaptive,eas,2,adaptive,native,11,selector_delta_ms,3,0.277281,0.272517,0.27806,0.274899,0.2776705,0.0027714999999999823
l2-n128-zipf-w1,main,2,128,zipf,1,eas_k2_adaptive,eas,2,adaptive,native,11,batch_speedup,3,0.33802179176755454,0.3368992251761668,0.34323978815364947,0.3374605084718607,0.34063078996060203,0.003170281488741322
l2-n128-zipf-w1,main,2,128,zipf,1,eas_k2_adaptive,eas,2,adaptive,native,11,selector_speedup,3,0.0,0.0,0.0,0.0,0.0,0.0
l2-n128-zipf-w1,main,2,128,zipf,1,eas_k2_adaptive,eas,2,adaptive,native,11,rate_ratio,3,0.35102262991265176,0.3498568876832675,0.3564413184666087,0.35043975879795963,0.3537319741896302,0.003292215391670572
l2-n128-zipf-w1,main,2,128,zipf,1,eas_k2_adaptive,eas,2,adaptive,accept_id,11,commit_delta,3,-1,-1,-1,-1.0,-1.0,0.0
l2-n128-zipf-w1,main,2,128,zipf,1,eas_k2_adaptive,eas,2,adaptive,accept_id,11,batch_delta_ms,3,0.14477399999999996,0.13573000000000002,0.149179,0.140252,0.14697649999999998,0.006724499999999994
l2-n128-zipf-w1,main,2,128,zipf,1,eas_k2_adaptive,eas,2,adaptive,accept_id,11,selector_delta_ms,3,0.142964,0.136544,0.14475699999999997,0.139754,0.1438605,0.004106500000000013
l2-n128-zipf-w1,main,2,128,zipf,1,eas_k2_adaptive,eas,2,adaptive,accept_id,11,batch_speedup,3,0.6494576271186442,0.6440177252584933,0.6694953430328118,0.6467376761885688,0.659476485075728,0.01273880888715917
l2-n128-zipf-w1,main,2,128,zipf,1,eas_k2_adaptive,eas,2,adaptive,accept_id,11,selector_speedup,3,0.4844075143987507,0.47940372581457247,0.4989523589354059,0.4819056201066616,0.4916799366670783,0.009774316560416718
l2-n128-zipf-w1,main,2,128,zipf,1,eas_k2_adaptive,eas,2,adaptive,accept_id,11,rate_ratio,3,0.6376493066267178,0.6323083120705404,0.6573227004304327,0.634978809348629,0.6474860035285752,0.012507194179946168
l2-n128-zipf-w1,main,2,128,zipf,1,eas_k2_adaptive,eas,2,adaptive,accept_static_degree,11,commit_delta,3,-3,-3,-3,-3.0,-3.0,0.0
l2-n128-zipf-w1,main,2,128,zipf,1,eas_k2_adaptive,eas,2,adaptive,accept_static_degree,11,batch_delta_ms,3,0.11698400000000003,0.107149,0.12335100000000004,0.11206650000000001,0.12016750000000004,0.008101000000000025
l2-n128-zipf-w1,main,2,128,zipf,1,eas_k2_adaptive,eas,2,adaptive,accept_static_degree,11,selector_delta_ms,3,0.11268499999999998,0.10684300000000002,0.11715300000000001,0.109764,0.114919,0.005154999999999993
l2-n128-zipf-w1,main,2,128,zipf,1,eas_k2_adaptive,eas,2,adaptive,accept_static_degree,11,batch_speedup,3,0.7151421440311682,0.7056504630568673,0.7405593220338983,0.7103963035440177,0.7278507330325332,0.0174544294885155
l2-n128-zipf-w1,main,2,128,zipf,1,eas_k2_adaptive,eas,2,adaptive,accept_static_degree,11,selector_speedup,3,0.5947457383298569,0.5774935895355253,0.6079400551158276,0.5861196639326911,0.6013428967228422,0.015223232790151142
l2-n128-zipf-w1,main,2,128,zipf,1,eas_k2_adaptive,eas,2,adaptive,accept_static_degree,11,rate_ratio,3,0.6775030838192103,0.6685109650010352,0.7015825156114345,0.6730070244101227,0.6895427997153224,0.016535775305199674
l2-n128-zipf-w1,main,2,128,zipf,1,accept_static_degree,accept_static_degree,,greedy,native,11,commit_delta,3,5,5,5,5.0,5.0,0.0
l2-n128-zipf-w1,main,2,128,zipf,1,accept_static_degree,accept_static_degree,,greedy,native,11,batch_delta_ms,3,0.15452999999999997,0.15273099999999998,0.16624799999999998,0.15363049999999998,0.16038899999999998,0.006758500000000001
l2-n128-zipf-w1,main,2,128,zipf,1,accept_static_degree,accept_static_degree,,greedy,native,11,selector_delta_ms,3,0.165375,0.160128,0.165674,0.1627515,0.1655245,0.0027729999999999977
l2-n128-zipf-w1,main,2,128,zipf,1,accept_static_degree,accept_static_degree,,greedy,native,11,batch_speedup,3,0.4774307434260362,0.45644120830077395,0.47996023031008783,0.4669359758634051,0.478695486868062,0.011759511004656942
l2-n128-zipf-w1,main,2,128,zipf,1,accept_static_degree,accept_static_degree,,greedy,native,11,selector_speedup,3,0.0,0.0,0.0,0.0,0.0,0.0
l2-n128-zipf-w1,main,2,128,zipf,1,accept_static_degree,accept_static_degree,,greedy,native,11,rate_ratio,3,0.5233375456791883,0.500329786022009,0.5261102524541778,0.5118336658505986,0.524723899066683,0.012890233216084401
l2-n128-zipf-w1,main,2,128,zipf,1,accept_static_degree,accept_static_degree,,greedy,accept_id,11,commit_delta,3,2,2,2,2.0,2.0,0.0
l2-n128-zipf-w1,main,2,128,zipf,1,accept_static_degree,accept_static_degree,,greedy,accept_id,11,batch_delta_ms,3,0.025827999999999962,0.018745999999999985,0.037624999999999964,0.022286999999999973,0.03172649999999996,0.00943949999999999
l2-n128-zipf-w1,main,2,128,zipf,1,accept_static_degree,accept_static_degree,,greedy,accept_id,11,selector_delta_ms,3,0.029700999999999977,0.025811,0.03207199999999999,0.02775599999999999,0.030886499999999983,0.0031304999999999944
l2-n128-zipf-w1,main,2,128,zipf,1,accept_static_degree,accept_static_degree,,greedy,accept_id,11,batch_speedup,3,0.9126582620928472,0.8769825830224522,0.9361710096666225,0.8948204225576497,0.9244146358797348,0.029594213322085117
l2-n128-zipf-w1,main,2,128,zipf,1,accept_static_degree,accept_static_degree,,greedy,accept_id,11,selector_speedup,3,0.8207262455183072,0.8060650037792896,0.8388102018385292,0.8133956246487983,0.8297682236784182,0.01637259902961985
l2-n128-zipf-w1,main,2,128,zipf,1,accept_static_degree,accept_static_degree,,greedy,accept_id,11,rate_ratio,3,0.9458458352580069,0.908872858769865,0.9702135918333875,0.927359347013936,0.9580297135456972,0.03067036653176125
l2-n128-zipf-w1,main,2,128,zipf,1,native,native,,native,accept_id,29,commit_delta,3,-4,-4,-4,-4.0,-4.0,0.0
l2-n128-zipf-w1,main,2,128,zipf,1,native,native,,native,accept_id,29,batch_delta_ms,3,-0.127959,-0.13504199999999997,-0.123952,-0.13150049999999996,-0.1259555,0.005544999999999967
l2-n128-zipf-w1,main,2,128,zipf,1,native,native,,native,accept_id,29,selector_delta_ms,3,-0.130837,-0.132218,-0.130366,-0.13152750000000002,-0.1306015,0.0009260000000000101
l2-n128-zipf-w1,main,2,128,zipf,1,native,native,,native,accept_id,29,batch_speedup,3,1.8723743685190108,1.8437561689527247,2.0013495476790744,1.8580652687358676,1.9368619580990427,0.07879668936317508
l2-n128-zipf-w1,main,2,128,zipf,1,native,native,,native,accept_id,29,selector_speedup,0,,,,,,
l2-n128-zipf-w1,main,2,128,zipf,1,native,native,,native,accept_id,29,rate_ratio,3,1.7475494106187595,1.7208390910221967,1.867926244500065,1.7341942508204782,1.8077378275594123,0.07354357673893408
l2-n128-zipf-w1,main,2,128,zipf,1,native,native,,native,accept_static_degree,29,commit_delta,3,-6,-6,-6,-6.0,-6.0,0.0
l2-n128-zipf-w1,main,2,128,zipf,1,native,native,,native,accept_static_degree,29,batch_delta_ms,3,-0.15689399999999998,-0.16617200000000001,-0.155152,-0.16153299999999998,-0.156023,0.005509999999999987
l2-n128-zipf-w1,main,2,128,zipf,1,native,native,,native,accept_static_degree,29,selector_delta_ms,3,-0.161869,-0.162798,-0.15864,-0.16233350000000002,-0.16025450000000002,0.0020789999999999975
l2-n128-zipf-w1,main,2,128,zipf,1,native,native,,native,accept_static_degree,29,batch_speedup,3,2.0696418710244817,2.0561383206834347,2.2321815215779326,2.062890095853958,2.150911696301207,0.08802160044724916
l2-n128-zipf-w1,main,2,128,zipf,1,native,native,,native,accept_static_degree,29,selector_speedup,0,,,,,,
l2-n128-zipf-w1,main,2,128,zipf,1,native,native,,native,accept_static_degree,29,rate_ratio,3,1.86935394802385,1.8571571928731705,2.0161639549717703,1.8632555704485103,1.94275895149781,0.07950338104929977
l2-n128-zipf-w1,main,2,128,zipf,1,eas_k2_adaptive,eas,2,adaptive,native,29,commit_delta,3,6,6,6,6.0,6.0,0.0
l2-n128-zipf-w1,main,2,128,zipf,1,eas_k2_adaptive,eas,2,adaptive,native,29,batch_delta_ms,3,0.284675,0.28005199999999997,0.287747,0.2823635,0.286211,0.0038475000000000037
l2-n128-zipf-w1,main,2,128,zipf,1,eas_k2_adaptive,eas,2,adaptive,native,29,selector_delta_ms,3,0.279376,0.279375,0.287969,0.2793755,0.2836725,0.004296999999999995
l2-n128-zipf-w1,main,2,128,zipf,1,eas_k2_adaptive,eas,2,adaptive,native,29,batch_speedup,3,0.3400432127672399,0.3191144491217609,0.34407446183105095,0.3295788309445004,0.34205883729914544,0.012480006354645024
l2-n128-zipf-w1,main,2,128,zipf,1,eas_k2_adaptive,eas,2,adaptive,native,29,selector_speedup,3,0.0,0.0,0.0,0.0,0.0,0.0
l2-n128-zipf-w1,main,2,128,zipf,1,eas_k2_adaptive,eas,2,adaptive,native,29,rate_ratio,3,0.37647641413566235,0.35330528295673036,0.38093958274068274,0.36489084854619636,0.37870799843817254,0.013817149891976188
l2-n128-zipf-w1,main,2,128,zipf,1,eas_k2_adaptive,eas,2,adaptive,accept_id,29,commit_delta,3,2,2,2,2.0,2.0,0.0
l2-n128-zipf-w1,main,2,128,zipf,1,eas_k2_adaptive,eas,2,adaptive,accept_id,29,batch_delta_ms,3,0.15609999999999996,0.15270500000000004,0.15671600000000002,0.1544025,0.156408,0.0020054999999999934
l2-n128-zipf-w1,main,2,128,zipf,1,eas_k2_adaptive,eas,2,adaptive,accept_id,29,selector_delta_ms,3,0.14900899999999997,0.148539,0.15575099999999997,0.148774,0.15237999999999996,0.0036059999999999703
l2-n128-zipf-w1,main,2,128,zipf,1,eas_k2_adaptive,eas,2,adaptive,accept_id,29,batch_speedup,3,0.6366881957742364,0.6343894115800889,0.6386595584076932,0.6355388036771626,0.6376738770909648,0.0021350734138021465
l2-n128-zipf-w1,main,2,128,zipf,1,eas_k2_adaptive,eas,2,adaptive,accept_id,29,selector_speedup,3,0.46663445190156605,0.45913969906482993,0.46831868163335433,0.46288707548319796,0.4674765667674602,0.004589491284262226
l2-n128-zipf-w1,main,2,128,zipf,1,eas_k2_adaptive,eas,2,adaptive,accept_id,29,rate_ratio,3,0.6579111356346408,0.6555357252978514,0.6599482103553982,0.6567234304662461,0.6589296729950195,0.002206242528773328
l2-n128-zipf-w1,main,2,128,zipf,1,eas_k2_adaptive,eas,2,adaptive,accept_static_degree,29,commit_delta,3,0,0,0,0.0,0.0,0.0
l2-n128-zipf-w1,main,2,128,zipf,1,eas_k2_adaptive,eas,2,adaptive,accept_static_degree,29,batch_delta_ms,3,0.12489999999999996,0.12157499999999999,0.12778100000000003,0.12323749999999997,0.1263405,0.0031030000000000224
l2-n128-zipf-w1,main,2,128,zipf,1,eas_k2_adaptive,eas,2,adaptive,accept_static_degree,29,selector_delta_ms,3,0.12073499999999998,0.117507,0.12517099999999998,0.11912099999999999,0.12295299999999998,0.003831999999999988
l2-n128-zipf-w1,main,2,128,zipf,1,eas_k2_adaptive,eas,2,adaptive,accept_static_degree,29,batch_speedup,3,0.7074646861393536,0.7037676711007663,0.712321376598116,0.70561617862006,0.7098930313687348,0.004276852748674842
l2-n128-zipf-w1,main,2,128,zipf,1,eas_k2_adaptive,eas,2,adaptive,accept_static_degree,29,selector_speedup,3,0.5678389261744967,0.5653316850077613,0.5793947941125938,0.566585305591129,0.5736168601435452,0.007031554552416219
l2-n128-zipf-w1,main,2,128,zipf,1,eas_k2_adaptive,eas,2,adaptive,accept_static_degree,29,rate_ratio,3,0.7074646861369632,0.7037676711023624,0.7123213765984618,0.7056161786196629,0.7098930313677125,0.004276852748049675
l2-n128-zipf-w1,main,2,128,zipf,1,eas_k1_adaptive,eas,1,adaptive,native,29,commit_delta,3,6,6,6,6.0,6.0,0.0
l2-n128-zipf-w1,main,2,128,zipf,1,eas_k1_adaptive,eas,1,adaptive,native,29,batch_delta_ms,3,0.29425500000000004,0.280577,0.317521,0.287416,0.30588800000000005,0.018472000000000044
l2-n128-zipf-w1,main,2,128,zipf,1,eas_k1_adaptive,eas,1,adaptive,native,29,selector_delta_ms,3,0.290634,0.286762,0.319591,0.288698,0.3051125,0.0164145
l2-n128-zipf-w1,main,2,128,zipf,1,eas_k1_adaptive,eas,1,adaptive,native,29,batch_speedup,3,0.316315193378493,0.314274728219708,0.3433047166101822,0.31529496079910047,0.32980995499433763,0.014514994195237163
l2-n128-zipf-w1,main,2,128,zipf,1,eas_k1_adaptive,eas,1,adaptive,native,29,selector_speedup,3,0.0,0.0,0.0,0.0,0.0,0.0
l2-n128-zipf-w1,main,2,128,zipf,1,eas_k1_adaptive,eas,1,adaptive,native,29,rate_ratio,3,0.3502061069552911,0.3479470205287863,0.38008736481920735,0.34907656374203866,0.3651467358872492,0.01607017214521056
l2-n128-zipf-w1,main,2,128,zipf,1,eas_k1_adaptive,eas,1,adaptive,accept_id,29,commit_delta,3,2,2,2,2.0,2.0,0.0
l2-n128-zipf-w1,main,2,128,zipf,1,eas_k1_adaptive,eas,1,adaptive,accept_id,29,batch_delta_ms,3,0.15921300000000005,0.15261800000000003,0.193569,0.15591550000000004,0.17639100000000002,0.02047549999999998
l2-n128-zipf-w1,main,2,128,zipf,1,eas_k1_adaptive,eas,1,adaptive,accept_id,29,selector_delta_ms,3,0.160268,0.15454400000000001,0.188754,0.157406,0.174511,0.01710500000000001
l2-n128-zipf-w1,main,2,128,zipf,1,eas_k1_adaptive,eas,1,adaptive,accept_id,29,batch_speedup,3,0.6289735851694767,0.5832080891250705,0.6427949519725878,0.6060908371472735,0.6358842685710322,0.029793431423758676
l2-n128-zipf-w1,main,2,128,zipf,1,eas_k1_adaptive,eas,1,adaptive,accept_id,29,selector_speedup,3,0.44855729198923733,0.4093888751560589,0.46107224806634073,0.4289730835726481,0.45481477002778903,0.025841686455140955
l2-n128-zipf-w1,main,2,128,zipf,1,eas_k1_adaptive,eas,1,adaptive,accept_id,29,rate_ratio,3,0.6499393713413227,0.6026483587633653,0.6642214503734433,0.626293865052344,0.657080410857383,0.030786545805039034
l2-n128-zipf-w1,main,2,128,zipf,1,eas_k1_adaptive,eas,1,adaptive,accept_static_degree,29,commit_delta,3,0,0,0,0.0,0.0,0.0
l2-n128-zipf-w1,main,2,128,zipf,1,eas_k1_adaptive,eas,1,adaptive,accept_static_degree,29,batch_delta_ms,3,0.128083,0.12368300000000004,0.16236899999999999,0.12588300000000002,0.145226,0.01934299999999997
l2-n128-zipf-w1,main,2,128,zipf,1,eas_k1_adaptive,eas,1,adaptive,accept_static_degree,29,selector_delta_ms,3,0.131994,0.12396400000000002,0.157722,0.127979,0.144858,0.016878999999999977
l2-n128-zipf-w1,main,2,128,zipf,1,eas_k1_adaptive,eas,1,adaptive,accept_static_degree,29,batch_speedup,3,0.701518241030959,0.6503877905199106,0.710517816016627,0.6759530157754348,0.706018028523793,0.030065012748358266
l2-n128-zipf-w1,main,2,128,zipf,1,eas_k1_adaptive,eas,1,adaptive,accept_static_degree,29,selector_speedup,3,0.5458411610479159,0.5064879799493728,0.567711203018531,0.5261645704986444,0.5567761820332234,0.03061161153457903
l2-n128-zipf-w1,main,2,128,zipf,1,eas_k1_adaptive,eas,1,adaptive,accept_static_degree,29,rate_ratio,3,0.7015182410299614,0.6503877905201297,0.7105178160187666,0.6759530157750455,0.706018028524364,0.030065012749318498
l2-n128-zipf-w1,main,2,128,zipf,1,accept_id,accept_id,,greedy,native,29,commit_delta,3,4,4,4,4.0,4.0,0.0
l2-n128-zipf-w1,main,2,128,zipf,1,accept_id,accept_id,,greedy,native,29,batch_delta_ms,3,0.127959,0.123952,0.13504199999999997,0.1259555,0.13150049999999996,0.005544999999999967
l2-n128-zipf-w1,main,2,128,zipf,1,accept_id,accept_id,,greedy,native,29,selector_delta_ms,3,0.130837,0.130366,0.132218,0.1306015,0.13152750000000002,0.0009260000000000101
l2-n128-zipf-w1,main,2,128,zipf,1,accept_id,accept_id,,greedy,native,29,batch_speedup,3,0.5340812269241693,0.49966284058658333,0.5423710666514064,0.5168720337553763,0.5382261467877878,0.021354113032411526
l2-n128-zipf-w1,main,2,128,zipf,1,accept_id,accept_id,,greedy,native,29,selector_speedup,3,0.0,0.0,0.0,0.0,0.0,0.0
l2-n128-zipf-w1,main,2,128,zipf,1,accept_id,accept_id,,greedy,native,29,rate_ratio,3,0.5722298859898487,0.5353530434857409,0.5811118571266238,0.5537914647377948,0.5766708715582363,0.022879406820441428
l2-n128-zipf-w1,main,2,128,zipf,1,accept_id,accept_id,,greedy,accept_static_degree,29,commit_delta,3,-2,-2,-2,-2.0,-2.0,0.0
l2-n128-zipf-w1,main,2,128,zipf,1,accept_id,accept_id,,greedy,accept_static_degree,29,batch_delta_ms,3,-0.031130000000000047,-0.031200000000000006,-0.02893499999999999,-0.031165000000000026,-0.030032500000000018,0.0011325000000000085
l2-n128-zipf-w1,main,2,128,zipf,1,accept_id,accept_id,,greedy,accept_static_degree,29,selector_delta_ms,3,-0.030579999999999996,-0.031032000000000004,-0.028273999999999994,-0.030806,-0.029426999999999995,0.0013790000000000052
l2-n128-zipf-w1,main,2,128,zipf,1,accept_id,accept_id,,greedy,accept_static_degree,29,batch_speedup,3,1.1151899341719063,1.1053568697703886,1.1153381597765117,1.1102734019711473,1.115264046974209,0.004990645003061678
l2-n128-zipf-w1,main,2,128,zipf,1,accept_id,accept_id,,greedy,accept_static_degree,29,selector_speedup,3,1.2312846964861062,1.216881702284338,1.2371806140464854,1.224083199385222,1.2342326552662959,0.010149455881073965
l2-n128-zipf-w1,main,2,128,zipf,1,accept_id,accept_id,,greedy,accept_static_degree,29,rate_ratio,3,1.0792160653265956,1.0697001965523611,1.0793595094603854,1.0744581309394783,1.0792877873934905,0.004829656454012232
l2-n128-zipf-w1,main,2,128,zipf,1,accept_static_degree,accept_static_degree,,greedy,native,29,commit_delta,3,6,6,6,6.0,6.0,0.0
l2-n128-zipf-w1,main,2,128,zipf,1,accept_static_degree,accept_static_degree,,greedy,native,29,batch_delta_ms,3,0.15689399999999998,0.155152,0.16617200000000001,0.156023,0.16153299999999998,0.005509999999999987
l2-n128-zipf-w1,main,2,128,zipf,1,accept_static_degree,accept_static_degree,,greedy,native,29,selector_delta_ms,3,0.161869,0.15864,0.162798,0.16025450000000002,0.16233350000000002,0.0020789999999999975
l2-n128-zipf-w1,main,2,128,zipf,1,accept_static_degree,accept_static_degree,,greedy,native,29,batch_speedup,3,0.4831753812097914,0.44799224002763827,0.48634860307822697,0.46558381061871484,0.48476199214400917,0.019178181525294324
l2-n128-zipf-w1,main,2,128,zipf,1,accept_static_degree,accept_static_degree,,greedy,native,29,selector_speedup,3,0.0,0.0,0.0,0.0,0.0,0.0
l2-n128-zipf-w1,main,2,128,zipf,1,accept_static_degree,accept_static_degree,,greedy,native,29,rate_ratio,3,0.5349441720532006,0.4959914086024823,0.5384573819801005,0.5154677903278414,0.5367007770166505,0.02123298668880913
l2-n128-zipf-w1,main,2,128,zipf,1,accept_static_degree,accept_static_degree,,greedy,accept_id,29,commit_delta,3,2,2,2,2.0,2.0,0.0
l2-n128-zipf-w1,main,2,128,zipf,1,accept_static_degree,accept_static_degree,,greedy,accept_id,29,batch_delta_ms,3,0.031130000000000047,0.02893499999999999,0.031200000000000006,0.030032500000000018,0.031165000000000026,0.0011325000000000085
l2-n128-zipf-w1,main,2,128,zipf,1,accept_static_degree,accept_static_degree,,greedy,accept_id,29,selector_delta_ms,3,0.030579999999999996,0.028273999999999994,0.031032000000000004,0.029426999999999995,0.030806,0.0013790000000000052
l2-n128-zipf-w1,main,2,128,zipf,1,accept_static_degree,accept_static_degree,,greedy,accept_id,29,batch_speedup,3,0.896708237187021,0.8965890669430491,0.9046851992766155,0.896648652065035,0.9006967182318182,0.004048066166783215
l2-n128-zipf-w1,main,2,128,zipf,1,accept_static_degree,accept_static_degree,,greedy,accept_id,29,selector_speedup,3,0.8121598545436677,0.8082894192217163,0.8217725668179526,0.810224636882692,0.8169662106808102,0.006741573798118239
l2-n128-zipf-w1,main,2,128,zipf,1,accept_static_degree,accept_static_degree,,greedy,accept_id,29,rate_ratio,3,0.926598511760828,0.9264753691751321,0.9348413725855108,0.92653694046798,0.9307199421731693,0.004183001705189371
l2-n128-zipf-w1,main,2,128,zipf,1,eas_k2_adaptive,eas,2,adaptive,native,47,commit_delta,3,1,1,1,1.0,1.0,0.0
l2-n128-zipf-w1,main,2,128,zipf,1,eas_k2_adaptive,eas,2,adaptive,native,47,batch_delta_ms,3,0.266323,0.263381,0.270046,0.264852,0.2681845,0.003332500000000016
l2-n128-zipf-w1,main,2,128,zipf,1,eas_k2_adaptive,eas,2,adaptive,native,47,selector_delta_ms,3,0.263425,0.261453,0.267057,0.262439,0.265241,0.0028020000000000267
l2-n128-zipf-w1,main,2,128,zipf,1,eas_k2_adaptive,eas,2,adaptive,native,47,batch_speedup,3,0.35877871887697843,0.33363109191856877,0.35953567340342646,0.3462049053977736,0.3591571961402025,0.012952290742428874
l2-n128-zipf-w1,main,2,128,zipf,1,eas_k2_adaptive,eas,2,adaptive,native,47,selector_speedup,3,0.0,0.0,0.0,0.0,0.0,0.0
l2-n128-zipf-w1,main,2,128,zipf,1,eas_k2_adaptive,eas,2,adaptive,native,47,rate_ratio,3,0.3642983914755827,0.33876387794747725,0.3650669914547009,0.35153113471152997,0.36468269146514176,0.013151556753611793
l2-n128-zipf-w1,main,2,128,zipf,1,eas_k2_adaptive,eas,2,adaptive,accept_id,47,commit_delta,3,-3,-3,-3,-3.0,-3.0,0.0
l2-n128-zipf-w1,main,2,128,zipf,1,eas_k2_adaptive,eas,2,adaptive,accept_id,47,batch_delta_ms,3,0.136716,0.125693,0.13934999999999997,0.1312045,0.138033,0.006828499999999987
l2-n128-zipf-w1,main,2,128,zipf,1,eas_k2_adaptive,eas,2,adaptive,accept_id,47,selector_delta_ms,3,0.127811,0.125572,0.133812,0.1266915,0.1308115,0.004119999999999985
l2-n128-zipf-w1,main,2,128,zipf,1,eas_k2_adaptive,eas,2,adaptive,accept_id,47,batch_speedup,3,0.6648854814971575,0.6626378778531771,0.6939907340005697,0.6637616796751673,0.6794381077488636,0.01567642807369629
l2-n128-zipf-w1,main,2,128,zipf,1,eas_k2_adaptive,eas,2,adaptive,accept_id,47,selector_speedup,3,0.5148106671728196,0.49893842887473466,0.519714824461758,0.5068745480237772,0.5172627458172888,0.010388197793511633
l2-n128-zipf-w1,main,2,128,zipf,1,eas_k2_adaptive,eas,2,adaptive,accept_id,47,rate_ratio,3,0.6359774170821433,0.6338275353370524,0.6638172238272956,0.6349024762095978,0.6498973204547194,0.014994844245121541
l2-n128-zipf-w1,main,2,128,zipf,1,eas_k2_adaptive,eas,2,adaptive,accept_static_degree,47,commit_delta,3,-4,-4,-4,-4.0,-4.0,0.0
l2-n128-zipf-w1,main,2,128,zipf,1,eas_k2_adaptive,eas,2,adaptive,accept_static_degree,47,batch_delta_ms,3,0.10367599999999999,0.10025400000000001,0.10915899999999995,0.101965,0.10641749999999997,0.00445249999999997
l2-n128-zipf-w1,main,2,128,zipf,1,eas_k2_adaptive,eas,2,adaptive,accept_static_degree,47,selector_delta_ms,3,0.10265000000000002,0.09926299999999999,0.10329999999999998,0.1009565,0.102975,0.0020184999999999925
l2-n128-zipf-w1,main,2,128,zipf,1,eas_k2_adaptive,eas,2,adaptive,accept_static_degree,47,batch_speedup,3,0.7506757601700703,0.734244027374382,0.7526119679210364,0.7424598937722262,0.7516438640455534,0.00918397027332718
l2-n128-zipf-w1,main,2,128,zipf,1,eas_k2_adaptive,eas,2,adaptive,accept_static_degree,47,selector_speedup,3,0.6131911913935977,0.6103255195976084,0.6203409408191912,0.611758355495603,0.6167660661063945,0.005007710610791527
l2-n128-zipf-w1,main,2,128,zipf,1,eas_k2_adaptive,eas,2,adaptive,accept_static_degree,47,rate_ratio,3,0.7077800024452403,0.6922872258114207,0.7096055697534772,0.7000336141283305,0.7086927860993588,0.008659171971028279
l2-n128-zipf-w1,main,2,128,zipf,1,native,native,,native,accept_id,47,commit_delta,3,-4,-4,-4,-4.0,-4.0,0.0
l2-n128-zipf-w1,main,2,128,zipf,1,native,native,,native,accept_id,47,batch_delta_ms,3,-0.13333,-0.13768799999999998,-0.126973,-0.135509,-0.1301515,0.005357499999999987
l2-n128-zipf-w1,main,2,128,zipf,1,native,native,,native,accept_id,47,selector_delta_ms,3,-0.135614,-0.135881,-0.133245,-0.13574750000000002,-0.1344295,0.0013180000000000136
l2-n128-zipf-w1,main,2,128,zipf,1,native,native,,native,accept_id,47,batch_speedup,3,1.93431409804028,1.8492893214273771,1.9861394633294873,1.8918017097338287,1.9602267806848837,0.06842507095105499
l2-n128-zipf-w1,main,2,128,zipf,1,native,native,,native,accept_id,47,selector_speedup,0,,,,,,
l2-n128-zipf-w1,main,2,128,zipf,1,native,native,,native,accept_id,47,rate_ratio,3,1.8221799474285856,1.7420841433730612,1.8710009437172712,1.7821320454008234,1.8465904455729283,0.06445840017210491
l2-n128-zipf-w1,main,2,128,zipf,1,native,native,,native,accept_static_degree,47,commit_delta,3,-5,-5,-5,-5.0,-5.0,0.0
l2-n128-zipf-w1,main,2,128,zipf,1,native,native,,native,accept_static_degree,47,batch_delta_ms,3,-0.16264699999999999,-0.169792,-0.15422200000000003,-0.1662195,-0.1584345,0.007784999999999986
l2-n128-zipf-w1,main,2,128,zipf,1,native,native,,native,accept_static_degree,47,selector_delta_ms,3,-0.16219,-0.163757,-0.160775,-0.1629735,-0.1614825,0.0014909999999999923
l2-n128-zipf-w1,main,2,128,zipf,1,native,native,,native,accept_static_degree,47,batch_speedup,3,2.0879034146015183,2.046509418598339,2.255820833703145,2.0672064165999284,2.171862124152332,0.1046557075524035
l2-n128-zipf-w1,main,2,128,zipf,1,native,native,,native,accept_static_degree,47,selector_speedup,0,,,,,,
l2-n128-zipf-w1,main,2,128,zipf,1,native,native,,native,accept_static_degree,47,rate_ratio,3,1.9387674564192001,1.9003301744136898,2.094690774154782,1.9195488154164448,2.0167291152869913,0.09718029987054644
l2-n128-zipf-w1,main,2,128,zipf,1,accept_static_degree,accept_static_degree,,greedy,native,47,commit_delta,3,5,5,5,5.0,5.0,0.0
l2-n128-zipf-w1,main,2,128,zipf,1,accept_static_degree,accept_static_degree,,greedy,native,47,batch_delta_ms,3,0.16264699999999999,0.15422200000000003,0.169792,0.1584345,0.1662195,0.007784999999999986
l2-n128-zipf-w1,main,2,128,zipf,1,accept_static_degree,accept_static_degree,,greedy,native,47,selector_delta_ms,3,0.16219,0.160775,0.163757,0.1614825,0.1629735,0.0014909999999999923
l2-n128-zipf-w1,main,2,128,zipf,1,accept_static_degree,accept_static_degree,,greedy,native,47,batch_speedup,3,0.4789493580050745,0.4432976170179281,0.48863689114360553,0.4611234875115013,0.48379312457434,0.0226696370628387
l2-n128-zipf-w1,main,2,128,zipf,1,accept_static_degree,accept_static_degree,,greedy,native,47,selector_speedup,3,0.0,0.0,0.0,0.0,0.0,0.0
l2-n128-zipf-w1,main,2,128,zipf,1,accept_static_degree,accept_static_degree,,greedy,native,47,rate_ratio,3,0.5157916163122247,0.47739743371119053,0.5262243443082362,0.49659452501170764,0.5210079803102304,0.02441345529852279
l2-n128-zipf-w1,main,2,128,zipf,1,accept_static_degree,accept_static_degree,,greedy,accept_id,47,commit_delta,3,1,1,1,1.0,1.0,0.0
l2-n128-zipf-w1,main,2,128,zipf,1,accept_static_degree,accept_static_degree,,greedy,accept_id,47,batch_delta_ms,3,0.035673999999999984,0.01653400000000005,0.036461999999999994,0.026104000000000016,0.03606799999999999,0.009963999999999973
l2-n128-zipf-w1,main,2,128,zipf,1,accept_static_degree,accept_static_degree,,greedy,accept_id,47,selector_delta_ms,3,0.026309,0.02516099999999999,0.03051200000000001,0.025734999999999994,0.028410500000000005,0.002675500000000011
l2-n128-zipf-w1,main,2,128,zipf,1,accept_static_degree,accept_static_degree,,greedy,accept_id,47,batch_speedup,3,0.885715933263282,0.8804508911592284,0.9451772273616498,0.8830834122112552,0.9154465803124658,0.03236316810121065
l2-n128-zipf-w1,main,2,128,zipf,1,accept_static_degree,accept_static_degree,,greedy,accept_id,47,selector_speedup,3,0.8377890128861212,0.8136751406046764,0.8435017882133417,0.8257320767453988,0.8406454005497315,0.014913323804332634
l2-n128-zipf-w1,main,2,128,zipf,1,accept_static_degree,accept_static_degree,,greedy,accept_id,47,rate_ratio,3,0.8985523960622886,0.893211049001841,0.9588754480472237,0.8958817225320648,0.9287139220547562,0.03283219952269145
l2-n128-zipf-w1,main,2,128,zipf,1,eas_k1_adaptive,eas,1,adaptive,native,47,commit_delta,3,5,5,5,5.0,5.0,0.0
l2-n128-zipf-w1,main,2,128,zipf,1,eas_k1_adaptive,eas,1,adaptive,native,47,batch_delta_ms,3,0.278665,0.274055,0.282429,0.27636,0.280547,0.004186999999999996
l2-n128-zipf-w1,main,2,128,zipf,1,eas_k1_adaptive,eas,1,adaptive,native,47,selector_delta_ms,3,0.276178,0.273848,0.283681,0.27501299999999995,0.2799295,0.004916500000000046
l2-n128-zipf-w1,main,2,128,zipf,1,eas_k1_adaptive,eas,1,adaptive,native,47,batch_speedup,3,0.34917205782749844,0.32373878500980524,0.3496914026999001,0.3364554214186518,0.3494317302636993,0.012976308845047468
l2-n128-zipf-w1,main,2,128,zipf,1,eas_k1_adaptive,eas,1,adaptive,native,47,selector_speedup,3,0.0,0.0,0.0,0.0,0.0,0.0
l2-n128-zipf-w1,main,2,128,zipf,1,eas_k1_adaptive,eas,1,adaptive,native,47,rate_ratio,3,0.37603144689042184,0.34864176847259926,0.37659074136922255,0.36233660768151055,0.3763110941298222,0.013974486448311674
l2-n128-zipf-w1,main,2,128,zipf,1,eas_k1_adaptive,eas,1,adaptive,accept_id,47,commit_delta,3,1,1,1,1.0,1.0,0.0
l2-n128-zipf-w1,main,2,128,zipf,1,eas_k1_adaptive,eas,1,adaptive,accept_id,47,batch_delta_ms,3,0.14909899999999998,0.13636700000000002,0.151692,0.142733,0.1503955,0.007662499999999989
l2-n128-zipf-w1,main,2,128,zipf,1,eas_k1_adaptive,eas,1,adaptive,accept_id,47,selector_delta_ms,3,0.14056399999999997,0.13796699999999998,0.15043600000000001,0.1392655,0.1455,0.006234500000000004
l2-n128-zipf-w1,main,2,128,zipf,1,eas_k1_adaptive,eas,1,adaptive,accept_id,47,batch_speedup,3,0.6457201578812154,0.6429903767183149,0.6764130102058976,0.6443552672997652,0.6610665840435566,0.016711316743791338
l2-n128-zipf-w1,main,2,128,zipf,1,eas_k1_adaptive,eas,1,adaptive,accept_id,47,selector_speedup,3,0.49103838828581575,0.46970012091045926,0.4961913178113406,0.4803692545981375,0.4936148530485782,0.01324559845044071
l2-n128-zipf-w1,main,2,128,zipf,1,eas_k1_adaptive,eas,1,adaptive,accept_id,47,rate_ratio,3,0.6550784210374333,0.6523090778314916,0.686216097310262,0.6536937494344625,0.6706472591738477,0.016953509739385253
l2-n128-zipf-w1,main,2,128,zipf,1,eas_k1_adaptive,eas,1,adaptive,accept_static_degree,47,commit_delta,3,0,0,0,0.0,0.0,0.0
l2-n128-zipf-w1,main,2,128,zipf,1,eas_k1_adaptive,eas,1,adaptive,accept_static_degree,47,batch_delta_ms,3,0.11601800000000001,0.11263699999999999,0.11983299999999997,0.1143275,0.11792549999999999,0.00359799999999999
l2-n128-zipf-w1,main,2,128,zipf,1,eas_k1_adaptive,eas,1,adaptive,accept_static_degree,47,selector_delta_ms,3,0.11540299999999998,0.11165799999999998,0.119924,0.11353049999999998,0.11766349999999999,0.004133000000000012
l2-n128-zipf-w1,main,2,128,zipf,1,eas_k1_adaptive,eas,1,adaptive,accept_static_degree,47,batch_speedup,3,0.7290375318214728,0.7156467492282103,0.7302966959028621,0.7223421405248416,0.7296671138621674,0.007324973337325846
l2-n128-zipf-w1,main,2,128,zipf,1,eas_k1_adaptive,eas,1,adaptive,accept_static_degree,47,selector_speedup,3,0.5821426761001963,0.577257553378619,0.5922628611492508,0.5797001147394076,0.5872027686247235,0.007502653885315902
l2-n128-zipf-w1,main,2,128,zipf,1,eas_k1_adaptive,eas,1,adaptive,accept_static_degree,47,rate_ratio,3,0.7290375318213747,0.7156467492287555,0.7302966959045613,0.7223421405250651,0.729667113862968,0.00732497333790294
l2-n128-zipf-w1,main,2,128,zipf,1,accept_id,accept_id,,greedy,native,47,commit_delta,3,4,4,4,4.0,4.0,0.0
l2-n128-zipf-w1,main,2,128,zipf,1,accept_id,accept_id,,greedy,native,47,batch_delta_ms,3,0.13333,0.126973,0.13768799999999998,0.1301515,0.135509,0.005357499999999987
l2-n128-zipf-w1,main,2,128,zipf,1,accept_id,accept_id,,greedy,native,47,selector_delta_ms,3,0.135614,0.133245,0.135881,0.1344295,0.13574750000000002,0.0013180000000000136
l2-n128-zipf-w1,main,2,128,zipf,1,accept_id,accept_id,,greedy,native,47,batch_speedup,3,0.5169791198922318,0.50348931606426,0.5407482693017166,0.5102342179782459,0.5288636945969742,0.01862947661872838
l2-n128-zipf-w1,main,2,128,zipf,1,accept_id,accept_id,,greedy,native,47,selector_speedup,3,0.0,0.0,0.0,0.0,0.0,0.0
l2-n128-zipf-w1,main,2,128,zipf,1,accept_id,accept_id,,greedy,native,47,rate_ratio,3,0.5487932195781074,0.5344732739755961,0.5740250858743128,0.5416332467768518,0.5614091527262102,0.019775905949358408
l2-n128-zipf-w1,main,2,128,zipf,1,accept_id,accept_id,,greedy,accept_static_degree,47,commit_delta,3,-1,-1,-1,-1.0,-1.0,0.0
l2-n128-zipf-w1,main,2,128,zipf,1,accept_id,accept_id,,greedy,accept_static_degree,47,batch_delta_ms,3,-0.035673999999999984,-0.036461999999999994,-0.01653400000000005,-0.03606799999999999,-0.026104000000000016,0.009963999999999973
l2-n128-zipf-w1,main,2,128,zipf,1,accept_id,accept_id,,greedy,accept_static_degree,47,selector_delta_ms,3,-0.026309,-0.03051200000000001,-0.02516099999999999,-0.028410500000000005,-0.025734999999999994,0.002675500000000011
l2-n128-zipf-w1,main,2,128,zipf,1,accept_id,accept_id,,greedy,accept_static_degree,47,batch_speedup,3,1.1290301579149153,1.0580026380781322,1.1357816887247052,1.093516397996524,1.1324059233198103,0.03888952532328638
l2-n128-zipf-w1,main,2,128,zipf,1,accept_id,accept_id,,greedy,accept_static_degree,47,selector_speedup,3,1.1936179451137392,1.1855339419234001,1.2289917070058916,1.1895759435185695,1.2113048260598154,0.02172888254124583
l2-n128-zipf-w1,main,2,128,zipf,1,accept_id,accept_id,,greedy,accept_static_degree,47,rate_ratio,3,1.1129011556613542,1.0428883146779153,1.1195562360289824,1.0778947351696346,1.1162286958451682,0.03833396067553352
l2-n128-zipf-w1,main,2,128,zipf,1,accept_static_degree,accept_static_degree,,greedy,native,71,commit_delta,3,5,5,5,5.0,5.0,0.0
l2-n128-zipf-w1,main,2,128,zipf,1,accept_static_degree,accept_static_degree,,greedy,native,71,batch_delta_ms,3,0.158294,0.156095,0.16570999999999997,0.15719450000000001,0.16200199999999998,0.004807499999999965
l2-n128-zipf-w1,main,2,128,zipf,1,accept_static_degree,accept_static_degree,,greedy,native,71,selector_delta_ms,3,0.163964,0.160762,0.166586,0.16236299999999998,0.165275,0.0029120000000000257
l2-n128-zipf-w1,main,2,128,zipf,1,accept_static_degree,accept_static_degree,,greedy,native,71,batch_speedup,3,0.48244733546727003,0.4664137893282758,0.492492814690544,0.4744305623977729,0.48747007507890705,0.013039512681134124
l2-n128-zipf-w1,main,2,128,zipf,1,accept_static_degree,accept_static_degree,,greedy,native,71,selector_speedup,3,0.0,0.0,0.0,0.0,0.0,0.0
l2-n128-zipf-w1,main,2,128,zipf,1,accept_static_degree,accept_static_degree,,greedy,native,71,rate_ratio,3,0.5195586689631198,0.5022917731227029,0.5303768773587759,0.5109252210429114,0.5249677731609479,0.014042552118036511
l2-n128-zipf-w1,main,2,128,zipf,1,accept_static_degree,accept_static_degree,,greedy,accept_id,71,commit_delta,3,2,2,2,2.0,2.0,0.0
l2-n128-zipf-w1,main,2,128,zipf,1,accept_static_degree,accept_static_degree,,greedy,accept_id,71,batch_delta_ms,3,0.03354999999999997,0.02737600000000001,0.03834499999999996,0.03046299999999999,0.035947499999999966,0.0054844999999999755
l2-n128-zipf-w1,main,2,128,zipf,1,accept_static_degree,accept_static_degree,,greedy,accept_id,71,selector_delta_ms,3,0.02881800000000001,0.025837,0.03450400000000001,0.027327500000000005,0.03166100000000001,0.004333500000000004
l2-n128-zipf-w1,main,2,128,zipf,1,accept_static_degree,accept_static_degree,,greedy,accept_id,71,batch_speedup,3,0.89196899783938,0.8746284955746426,0.9109931983405511,0.8832987467070113,0.9014810980899656,0.01818235138295432
l2-n128-zipf-w1,main,2,128,zipf,1,accept_static_degree,accept_static_degree,,greedy,accept_id,71,selector_speedup,3,0.8242419067600204,0.7928757518639021,0.8392841591918488,0.8085588293119612,0.8317630329759347,0.023204203663973466
l2-n128-zipf-w1,main,2,128,zipf,1,accept_static_degree,accept_static_degree,,greedy,accept_id,71,rate_ratio,3,0.9182033801299776,0.9003528630878865,0.9377871159382888,0.9092781216089321,0.9279952480341331,0.01871712642520107
l2-n128-zipf-w1,main,2,128,zipf,1,eas_k1_adaptive,eas,1,adaptive,native,71,commit_delta,3,5,5,5,5.0,5.0,0.0
l2-n128-zipf-w1,main,2,128,zipf,1,eas_k1_adaptive,eas,1,adaptive,native,71,batch_delta_ms,3,0.268628,0.264586,0.279331,0.266607,0.2739795,0.007372500000000004
l2-n128-zipf-w1,main,2,128,zipf,1,eas_k1_adaptive,eas,1,adaptive,native,71,selector_delta_ms,3,0.274023,0.270492,0.276763,0.27225750000000004,0.275393,0.0031354999999999578
l2-n128-zipf-w1,main,2,128,zipf,1,eas_k1_adaptive,eas,1,adaptive,native,71,batch_speedup,3,0.3580237927127235,0.34148003206186056,0.3605693814641578,0.34975191238729203,0.35929658708844064,0.009544674701148614
l2-n128-zipf-w1,main,2,128,zipf,1,eas_k1_adaptive,eas,1,adaptive,native,71,selector_speedup,3,0.0,0.0,0.0,0.0,0.0,0.0
l2-n128-zipf-w1,main,2,128,zipf,1,eas_k1_adaptive,eas,1,adaptive,native,71,rate_ratio,3,0.385564084459832,0.3677477268349787,0.38830548773034,0.37665590564740536,0.386934786095086,0.01027888044768066
l2-n128-zipf-w1,main,2,128,zipf,1,eas_k1_adaptive,eas,1,adaptive,accept_id,71,commit_delta,3,2,2,2,2.0,2.0,0.0
l2-n128-zipf-w1,main,2,128,zipf,1,eas_k1_adaptive,eas,1,adaptive,accept_id,71,batch_delta_ms,3,0.14463699999999996,0.139909,0.147171,0.14227299999999998,0.14590399999999998,0.0036309999999999953
l2-n128-zipf-w1,main,2,128,zipf,1,eas_k1_adaptive,eas,1,adaptive,accept_id,71,selector_delta_ms,3,0.13887700000000003,0.13556700000000002,0.14468099999999998,0.137222,0.141779,0.004556999999999978
l2-n128-zipf-w1,main,2,128,zipf,1,eas_k1_adaptive,eas,1,adaptive,accept_id,71,batch_speedup,3,0.6530458767504361,0.6490611268418972,0.666966591685412,0.6510535017961667,0.660006234217924,0.008952732421757315
l2-n128-zipf-w1,main,2,128,zipf,1,eas_k1_adaptive,eas,1,adaptive,accept_id,71,selector_speedup,3,0.4931921772989858,0.47723864822971285,0.49881327359034644,0.4852154127643493,0.4960027254446661,0.010787312680316796
l2-n128-zipf-w1,main,2,128,zipf,1,eas_k1_adaptive,eas,1,adaptive,accept_id,71,rate_ratio,3,0.6722531084189303,0.6681511599836495,0.6865832561462076,0.6702021342012898,0.6794181822825689,0.009216048081279071
l2-n128-zipf-w1,main,2,128,zipf,1,eas_k1_adaptive,eas,1,adaptive,accept_static_degree,71,commit_delta,3,0,0,0,0.0,0.0,0.0
l2-n128-zipf-w1,main,2,128,zipf,1,eas_k1_adaptive,eas,1,adaptive,accept_static_degree,71,batch_delta_ms,3,0.112533,0.106292,0.11362100000000003,0.1094125,0.11307700000000001,0.003664500000000015
l2-n128-zipf-w1,main,2,128,zipf,1,eas_k1_adaptive,eas,1,adaptive,accept_static_degree,71,selector_delta_ms,3,0.11005900000000002,0.10973000000000002,0.11017699999999997,0.10989450000000002,0.110118,0.00022349999999997372
l2-n128-zipf-w1,main,2,128,zipf,1,eas_k1_adaptive,eas,1,adaptive,accept_static_degree,71,batch_speedup,3,0.732139657692489,0.7321312529010605,0.742099222842557,0.7321354552967747,0.737119440267523,0.004983984970748256
l2-n128-zipf-w1,main,2,128,zipf,1,eas_k1_adaptive,eas,1,adaptive,accept_static_degree,71,selector_speedup,3,0.5983585319480481,0.5943318101829259,0.6019084921033521,0.596345171065487,0.6001335120257001,0.003788340960213077
l2-n128-zipf-w1,main,2,128,zipf,1,eas_k1_adaptive,eas,1,adaptive,accept_static_degree,71,rate_ratio,3,0.7321396576908359,0.7321312529008858,0.7420992228448425,0.7321354552958608,0.7371194402678392,0.0049839849719783835
l2-n128-zipf-w1,main,2,128,zipf,1,native,native,,native,accept_id,71,commit_delta,3,-3,-3,-3,-3.0,-3.0,0.0
l2-n128-zipf-w1,main,2,128,zipf,1,native,native,,native,accept_id,71,batch_delta_ms,3,-0.128719,-0.13216,-0.11994900000000003,-0.13043949999999999,-0.12433400000000001,0.006105499999999972
l2-n128-zipf-w1,main,2,128,zipf,1,native,native,,native,accept_id,71,selector_delta_ms,3,-0.134925,-0.135146,-0.132082,-0.13503549999999997,-0.1335035,0.0015319999999999778
l2-n128-zipf-w1,main,2,128,zipf,1,native,native,,native,accept_id,71,batch_speedup,3,1.8497593694092171,1.8128994219183097,1.9123984287085172,1.8313293956637633,1.8810788990588672,0.04974950339510387
l2-n128-zipf-w1,main,2,128,zipf,1,native,native,,native,accept_id,71,selector_speedup,0,,,,,,
l2-n128-zipf-w1,main,2,128,zipf,1,native,native,,native,accept_id,71,rate_ratio,3,1.7681523384058055,1.7329185650673782,1.8280279097975058,1.7505354517365919,1.7980901241016558,0.047554672365063944
l2-n128-zipf-w1,main,2,128,zipf,1,native,native,,native,accept_static_degree,71,commit_delta,3,-5,-5,-5,-5.0,-5.0,0.0
l2-n128-zipf-w1,main,2,128,zipf,1,native,native,,native,accept_static_degree,71,batch_delta_ms,3,-0.158294,-0.16570999999999997,-0.156095,-0.16200199999999998,-0.15719450000000001,0.004807499999999965
l2-n128-zipf-w1,main,2,128,zipf,1,native,native,,native,accept_static_degree,71,selector_delta_ms,3,-0.163964,-0.166586,-0.160762,-0.165275,-0.16236299999999998,0.0029120000000000257
l2-n128-zipf-w1,main,2,128,zipf,1,native,native,,native,accept_static_degree,71,batch_speedup,3,2.072765100944042,2.0304864764947816,2.1440189438656807,2.051625788719412,2.1083920224048613,0.05676623368544931
l2-n128-zipf-w1,main,2,128,zipf,1,native,native,,native,accept_static_degree,71,selector_speedup,0,,,,,,
l2-n128-zipf-w1,main,2,128,zipf,1,native,native,,native,accept_static_degree,71,rate_ratio,3,1.924710450882658,1.8854517281746908,1.9908747335897812,1.9050810895286743,1.9577925922362196,0.05271150270754532
l2-n128-zipf-w1,main,2,128,zipf,1,accept_id,accept_id,,greedy,native,71,commit_delta,3,3,3,3,3.0,3.0,0.0
l2-n128-zipf-w1,main,2,128,zipf,1,accept_id,accept_id,,greedy,native,71,batch_delta_ms,3,0.128719,0.11994900000000003,0.13216,0.12433400000000001,0.13043949999999999,0.006105499999999972
l2-n128-zipf-w1,main,2,128,zipf,1,accept_id,accept_id,,greedy,native,71,selector_delta_ms,3,0.134925,0.132082,0.135146,0.1335035,0.13503549999999997,0.0015319999999999778
l2-n128-zipf-w1,main,2,128,zipf,1,accept_id,accept_id,,greedy,native,71,batch_speedup,3,0.5406108581136062,0.522903587970066,0.5516025808766906,0.5317572230418361,0.5461067194951483,0.014349496453312183
l2-n128-zipf-w1,main,2,128,zipf,1,accept_id,accept_id,,greedy,native,71,selector_speedup,3,0.0,0.0,0.0,0.0,0.0,0.0
l2-n128-zipf-w1,main,2,128,zipf,1,accept_id,accept_id,,greedy,native,71,rate_ratio,3,0.5655621284881007,0.5470375997217526,0.5770611615330687,0.5562998641049266,0.5713116450105847,0.015011780905658134
l2-n128-zipf-w1,main,2,128,zipf,1,accept_id,accept_id,,greedy,accept_static_degree,71,commit_delta,3,-2,-2,-2,-2.0,-2.0,0.0
l2-n128-zipf-w1,main,2,128,zipf,1,accept_id,accept_id,,greedy,accept_static_degree,71,batch_delta_ms,3,-0.03354999999999997,-0.03834499999999996,-0.02737600000000001,-0.035947499999999966,-0.03046299999999999,0.0054844999999999755
l2-n128-zipf-w1,main,2,128,zipf,1,accept_id,accept_id,,greedy,accept_static_degree,71,selector_delta_ms,3,-0.02881800000000001,-0.03450400000000001,-0.025837,-0.03166100000000001,-0.027327500000000005,0.004333500000000004
l2-n128-zipf-w1,main,2,128,zipf,1,accept_id,accept_id,,greedy,accept_static_degree,71,batch_speedup,3,1.1211151984231558,1.0977030364459164,1.1433425792318674,1.1094091174345362,1.1322288888275116,0.02281977139297542
l2-n128-zipf-w1,main,2,128,zipf,1,accept_id,accept_id,,greedy,accept_static_degree,71,selector_speedup,3,1.2132360558211122,1.191491569390402,1.2612316591208492,1.202363812605757,1.2372338574709807,0.034870044865223715
l2-n128-zipf-w1,main,2,128,zipf,1,accept_id,accept_id,,greedy,accept_static_degree,71,rate_ratio,3,1.0890833356096377,1.066340092548046,1.110675648401183,1.0777117140788417,1.0998794920054102,0.022167777926568544
l2-n128-zipf-w1,main,2,128,zipf,1,eas_k2_adaptive,eas,2,adaptive,native,71,commit_delta,3,3,3,3,3.0,3.0,0.0
l2-n128-zipf-w1,main,2,128,zipf,1,eas_k2_adaptive,eas,2,adaptive,native,71,batch_delta_ms,3,0.26593500000000003,0.25872799999999996,0.273187,0.2623315,0.26956100000000005,0.007229500000000055
l2-n128-zipf-w1,main,2,128,zipf,1,eas_k2_adaptive,eas,2,adaptive,native,71,selector_delta_ms,3,0.269185,0.266251,0.276171,0.267718,0.272678,0.0049599999999999644
l2-n128-zipf-w1,main,2,128,zipf,1,eas_k2_adaptive,eas,2,adaptive,native,71,batch_speedup,3,0.3568557553713252,0.3464988661263623,0.3692714618300606,0.3516773107488438,0.36306360860069287,0.011386297851849081
l2-n128-zipf-w1,main,2,128,zipf,1,eas_k2_adaptive,eas,2,adaptive,native,71,selector_speedup,3,0.0,0.0,0.0,0.0,0.0,0.0
l2-n128-zipf-w1,main,2,128,zipf,1,eas_k2_adaptive,eas,2,adaptive,native,71,rate_ratio,3,0.3733260210037264,0.3624911214868404,0.3863147600682034,0.3679085712452834,0.37982039053596495,0.011911819290681525
l2-n128-zipf-w1,main,2,128,zipf,1,eas_k2_adaptive,eas,2,adaptive,accept_id,71,commit_delta,3,0,0,0,0.0,0.0,0.0
l2-n128-zipf-w1,main,2,128,zipf,1,eas_k2_adaptive,eas,2,adaptive,accept_id,71,batch_delta_ms,3,0.141027,0.13000899999999999,0.145986,0.135518,0.1435065,0.00798850000000001
l2-n128-zipf-w1,main,2,128,zipf,1,eas_k2_adaptive,eas,2,adaptive,accept_id,71,selector_delta_ms,3,0.137103,0.13110500000000003,0.141246,0.134104,0.1391745,0.0050705000000000056
l2-n128-zipf-w1,main,2,128,zipf,1,eas_k2_adaptive,eas,2,adaptive,accept_id,71,batch_speedup,3,0.6626438871293381,0.6469435926208972,0.6830633463755927,0.6547937398751176,0.6728536167524655,0.01805987687734789
l2-n128-zipf-w1,main,2,128,zipf,1,eas_k2_adaptive,eas,2,adaptive,accept_id,71,selector_speedup,3,0.49067370024332707,0.4885560033457531,0.5075887038921919,0.4896148517945401,0.4991312020677595,0.009516350273219398
l2-n128-zipf-w1,main,2,128,zipf,1,eas_k2_adaptive,eas,2,adaptive,accept_id,71,rate_ratio,3,0.6626438871317425,0.6469435926200915,0.6830633463752717,0.6547937398759169,0.6728536167535071,0.018059876877590142
l2-n128-zipf-w1,main,2,128,zipf,1,eas_k2_adaptive,eas,2,adaptive,accept_static_degree,71,commit_delta,3,-2,-2,-2,-2.0,-2.0,0.0
l2-n128-zipf-w1,main,2,128,zipf,1,eas_k2_adaptive,eas,2,adaptive,accept_static_degree,71,batch_delta_ms,3,0.10747700000000004,0.10263299999999997,0.10764100000000004,0.10505500000000001,0.10755900000000004,0.002504000000000034
l2-n128-zipf-w1,main,2,128,zipf,1,eas_k2_adaptive,eas,2,adaptive,accept_static_degree,71,selector_delta_ms,3,0.102599,0.10228700000000002,0.11540900000000001,0.102443,0.109004,0.006560999999999997
l2-n128-zipf-w1,main,2,128,zipf,1,eas_k2_adaptive,eas,2,adaptive,accept_static_degree,71,batch_speedup,3,0.7429001330028991,0.7396781558047072,0.7498007094013969,0.7412891444038032,0.746350421202148,0.005061276798344783
l2-n128-zipf-w1,main,2,128,zipf,1,eas_k2_adaptive,eas,2,adaptive,accept_static_degree,71,selector_speedup,3,0.6158249170895133,0.582110359161534,0.6188532050448576,0.5989676381255236,0.6173390610671854,0.01837142294166183
l2-n128-zipf-w1,main,2,128,zipf,1,eas_k2_adaptive,eas,2,adaptive,accept_static_degree,71,rate_ratio,3,0.7216744149187744,0.7185444942123109,0.7283778319899852,0.7201094545655427,0.7250261234543798,0.004916668888837128
l2-n128-zipf-w1,main,2,128,zipf,1,eas_k2_adaptive,eas,2,adaptive,native,101,commit_delta,3,6,6,6,6.0,6.0,0.0
l2-n128-zipf-w1,main,2,128,zipf,1,eas_k2_adaptive,eas,2,adaptive,native,101,batch_delta_ms,3,0.264818,0.264259,0.266999,0.2645385,0.2659085,0.0013699999999999823
l2-n128-zipf-w1,main,2,128,zipf,1,eas_k2_adaptive,eas,2,adaptive,native,101,selector_delta_ms,3,0.269232,0.269177,0.270759,0.2692045,0.26999550000000005,0.0007910000000000417
l2-n128-zipf-w1,main,2,128,zipf,1,eas_k2_adaptive,eas,2,adaptive,native,101,batch_speedup,3,0.3599998066596098,0.3570781863276265,0.3606013167413917,0.35853899649361815,0.36030056170050073,0.0017615652068825871
l2-n128-zipf-w1,main,2,128,zipf,1,eas_k2_adaptive,eas,2,adaptive,native,101,selector_speedup,3,0.0,0.0,0.0,0.0,0.0,0.0
l2-n128-zipf-w1,main,2,128,zipf,1,eas_k2_adaptive,eas,2,adaptive,native,101,rate_ratio,3,0.394838497626467,0.39163413984376344,0.39549821836175647,0.3932363187351152,0.39516835799411176,0.001932039258996543
l2-n128-zipf-w1,main,2,128,zipf,1,eas_k2_adaptive,eas,2,adaptive,accept_id,101,commit_delta,3,1,1,1,1.0,1.0,0.0
l2-n128-zipf-w1,main,2,128,zipf,1,eas_k2_adaptive,eas,2,adaptive,accept_id,101,batch_delta_ms,3,0.135208,0.13276500000000002,0.13622199999999995,0.1339865,0.13571499999999997,0.0017284999999999662
l2-n128-zipf-w1,main,2,128,zipf,1,eas_k2_adaptive,eas,2,adaptive,accept_id,101,selector_delta_ms,3,0.13449100000000003,0.12981800000000002,0.137599,0.1321545,0.13604500000000003,0.003890500000000019
l2-n128-zipf-w1,main,2,128,zipf,1,eas_k2_adaptive,eas,2,adaptive,accept_id,101,batch_speedup,3,0.6744251005321582,0.6707848169791532,0.6787630083258124,0.6726049587556557,0.6765940544289852,0.003989095673329501
l2-n128-zipf-w1,main,2,128,zipf,1,eas_k2_adaptive,eas,2,adaptive,accept_id,101,selector_speedup,3,0.5032815160345546,0.48881590923444423,0.5178210613894336,0.49604871263449946,0.5105512887119941,0.014502576077494611
l2-n128-zipf-w1,main,2,128,zipf,1,eas_k2_adaptive,eas,2,adaptive,accept_id,101,rate_ratio,3,0.6844911468078666,0.6807965306656489,0.6888937994947765,0.6826438387367577,0.6866924731513215,0.004048634414563823
l2-n128-zipf-w1,main,2,128,zipf,1,eas_k2_adaptive,eas,2,adaptive,accept_static_degree,101,commit_delta,3,-1,-1,-1,-1.0,-1.0,0.0
l2-n128-zipf-w1,main,2,128,zipf,1,eas_k2_adaptive,eas,2,adaptive,accept_static_degree,101,batch_delta_ms,3,0.10650400000000004,0.10421999999999998,0.11238199999999998,0.10536200000000001,0.10944300000000001,0.004081000000000001
l2-n128-zipf-w1,main,2,128,zipf,1,eas_k2_adaptive,eas,2,adaptive,accept_static_degree,101,selector_delta_ms,3,0.10889600000000002,0.10075900000000002,0.11016599999999999,0.10482750000000002,0.109531,0.0047034999999999855
l2-n128-zipf-w1,main,2,128,zipf,1,eas_k2_adaptive,eas,2,adaptive,accept_static_degree,101,batch_speedup,3,0.742303886105015,0.7284002532759113,0.7490428375352164,0.7353520696904632,0.7456733618201157,0.010321292129652493
l2-n128-zipf-w1,main,2,128,zipf,1,eas_k2_adaptive,eas,2,adaptive,accept_static_degree,101,selector_speedup,3,0.5955309918583229,0.590730262986808,0.6278646323852577,0.5931306274225654,0.6116978121217903,0.018567184699224915
l2-n128-zipf-w1,main,2,128,zipf,1,eas_k2_adaptive,eas,2,adaptive,accept_static_degree,101,rate_ratio,3,0.7315458587689707,0.717843727866998,0.7381871442379964,0.7246947933179844,0.7348665015034835,0.010171708185499173
l2-n128-zipf-w1,main,2,128,zipf,1,eas_k1_adaptive,eas,1,adaptive,native,101,commit_delta,3,7,7,7,7.0,7.0,0.0
l2-n128-zipf-w1,main,2,128,zipf,1,eas_k1_adaptive,eas,1,adaptive,native,101,batch_delta_ms,3,0.27392299999999997,0.273884,0.277894,0.27390349999999997,0.2759085,0.0020050000000000345
l2-n128-zipf-w1,main,2,128,zipf,1,eas_k1_adaptive,eas,1,adaptive,native,101,selector_delta_ms,3,0.283248,0.277768,0.285317,0.280508,0.2842825,0.003774500000000014
l2-n128-zipf-w1,main,2,128,zipf,1,eas_k1_adaptive,eas,1,adaptive,native,101,batch_speedup,3,0.3512223659092309,0.34897177957802905,0.3523945540270218,0.35009707274363,0.3518084599681264,0.0017113872244963746
l2-n128-zipf-w1,main,2,128,zipf,1,eas_k1_adaptive,eas,1,adaptive,native,101,selector_speedup,3,0.0,0.0,0.0,0.0,0.0,0.0
l2-n128-zipf-w1,main,2,128,zipf,1,eas_k1_adaptive,eas,1,adaptive,native,101,rate_ratio,3,0.3908765039971524,0.38837181920717967,0.3921810359330165,0.38962416160216606,0.39152876996508446,0.0019046083629183919
l2-n128-zipf-w1,main,2,128,zipf,1,eas_k1_adaptive,eas,1,adaptive,accept_id,101,commit_delta,3,2,2,2,2.0,2.0,0.0
l2-n128-zipf-w1,main,2,128,zipf,1,eas_k1_adaptive,eas,1,adaptive,accept_id,101,batch_delta_ms,3,0.14239000000000002,0.14213199999999998,0.149298,0.142261,0.145844,0.003583000000000003
l2-n128-zipf-w1,main,2,128,zipf,1,eas_k1_adaptive,eas,1,adaptive,accept_id,101,selector_delta_ms,3,0.149049,0.138354,0.15167,0.14370149999999998,0.15035949999999998,0.006657999999999997
l2-n128-zipf-w1,main,2,128,zipf,1,eas_k1_adaptive,eas,1,adaptive,accept_id,101,batch_speedup,3,0.6633153471831419,0.6502363805891476,0.6633650234241404,0.6567758638861447,0.6633401853036411,0.00656432141749641
l2-n128-zipf-w1,main,2,128,zipf,1,eas_k1_adaptive,eas,1,adaptive,accept_id,101,selector_speedup,3,0.4776021057280148,0.464532847539965,0.5019080671639642,0.4710674766339899,0.48975508644598953,0.018687609811999628
l2-n128-zipf-w1,main,2,128,zipf,1,eas_k1_adaptive,eas,1,adaptive,accept_id,101,rate_ratio,3,0.683115805307046,0.6696464218002612,0.6831669644224484,0.6763811135536536,0.6831413848647472,0.00676027131109358
l2-n128-zipf-w1,main,2,128,zipf,1,eas_k1_adaptive,eas,1,adaptive,accept_static_degree,101,commit_delta,3,0,0,0,0.0,0.0,0.0
l2-n128-zipf-w1,main,2,128,zipf,1,eas_k1_adaptive,eas,1,adaptive,accept_static_degree,101,batch_delta_ms,3,0.11612900000000004,0.11114399999999997,0.12545800000000001,0.1136365,0.12079350000000003,0.0071570000000000245
l2-n128-zipf-w1,main,2,128,zipf,1,eas_k1_adaptive,eas,1,adaptive,accept_static_degree,101,selector_delta_ms,3,0.11743200000000001,0.11531699999999998,0.12423699999999999,0.11637449999999999,0.1208345,0.004460000000000006
l2-n128-zipf-w1,main,2,128,zipf,1,eas_k1_adaptive,eas,1,adaptive,accept_static_degree,101,batch_speedup,3,0.7254101267858071,0.706086858738585,0.7367590842558513,0.715748492762196,0.7310846055208292,0.015336112758633225
l2-n128-zipf-w1,main,2,128,zipf,1,eas_k1_adaptive,eas,1,adaptive,accept_static_degree,101,selector_speedup,3,0.577229918493131,0.5613843698808112,0.5958284995285946,0.569307144186971,0.5865292090108628,0.01722206482389177
l2-n128-zipf-w1,main,2,128,zipf,1,eas_k1_adaptive,eas,1,adaptive,accept_static_degree,101,rate_ratio,3,0.7254101267836846,0.7060868587386745,0.7367590842578189,0.7157484927611795,0.7310846055207517,0.015336112759572251
l2-n128-zipf-w1,main,2,128,zipf,1,accept_id,accept_id,,greedy,native,101,commit_delta,3,5,5,5,5.0,5.0,0.0
l2-n128-zipf-w1,main,2,128,zipf,1,accept_id,accept_id,,greedy,native,101,batch_delta_ms,3,0.131494,0.12859600000000002,0.131791,0.13004500000000002,0.1316425,0.001597499999999974
l2-n128-zipf-w1,main,2,128,zipf,1,accept_id,accept_id,,greedy,native,101,selector_delta_ms,3,0.136268,0.131578,0.139414,0.13392300000000001,0.137841,0.003917999999999977
l2-n128-zipf-w1,main,2,128,zipf,1,accept_id,accept_id,,greedy,native,101,batch_speedup,3,0.5312624764729368,0.5294556594140287,0.5366844888959345,0.5303590679434828,0.5339734826844356,0.0036144147409528093
l2-n128-zipf-w1,main,2,128,zipf,1,accept_id,accept_id,,greedy,native,101,selector_speedup,3,0.0,0.0,0.0,0.0,0.0,0.0
l2-n128-zipf-w1,main,2,128,zipf,1,accept_id,accept_id,,greedy,native,101,rate_ratio,3,0.5741062245759919,0.5721536964651104,0.5799654960644608,0.5731299605205511,0.5770358603202264,0.003905899799675261
l2-n128-zipf-w1,main,2,128,zipf,1,accept_id,accept_id,,greedy,accept_static_degree,101,commit_delta,3,-2,-2,-2,-2.0,-2.0,0.0
l2-n128-zipf-w1,main,2,128,zipf,1,accept_id,accept_id,,greedy,accept_static_degree,101,batch_delta_ms,3,-0.02626099999999998,-0.030988000000000016,-0.023839999999999972,-0.028624499999999997,-0.025050499999999976,0.0035740000000000216
l2-n128-zipf-w1,main,2,128,zipf,1,accept_id,accept_id,,greedy,accept_static_degree,101,selector_delta_ms,3,-0.027433000000000013,-0.03373200000000001,-0.020921999999999996,-0.030582500000000012,-0.024177500000000005,0.006405000000000008
l2-n128-zipf-w1,main,2,128,zipf,1,accept_id,accept_id,,greedy,accept_static_degree,101,batch_speedup,3,1.0936127587976956,1.0858925766331837,1.1106390271420512,1.0897526677154397,1.1021258929698734,0.01237322525443374
l2-n128-zipf-w1,main,2,128,zipf,1,accept_id,accept_id,,greedy,accept_static_degree,101,selector_speedup,3,1.2084923011445683,1.1500710115196464,1.2475416091819063,1.1792816563321074,1.2280169551632372,0.048735298831129814
l2-n128-zipf-w1,main,2,128,zipf,1,accept_id,accept_id,,greedy,accept_static_degree,101,rate_ratio,3,1.0619138382512292,1.054417429485321,1.0784465915746928,1.058165633868275,1.070180214912961,0.01201458104468589
l2-n128-zipf-w1,main,2,128,zipf,1,native,native,,native,accept_id,101,commit_delta,3,-5,-5,-5,-5.0,-5.0,0.0
l2-n128-zipf-w1,main,2,128,zipf,1,native,native,,native,accept_id,101,batch_delta_ms,3,-0.131494,-0.131791,-0.12859600000000002,-0.1316425,-0.13004500000000002,0.001597499999999974
l2-n128-zipf-w1,main,2,128,zipf,1,native,native,,native,accept_id,101,selector_delta_ms,3,-0.136268,-0.139414,-0.131578,-0.137841,-0.13392300000000001,0.003917999999999977
l2-n128-zipf-w1,main,2,128,zipf,1,native,native,,native,accept_id,101,batch_speedup,3,1.8823087349195486,1.8632921589688507,1.888732289889474,1.8728004469441997,1.8855205124045114,0.01272006546031168
l2-n128-zipf-w1,main,2,128,zipf,1,native,native,,native,accept_id,101,selector_speedup,0,,,,,,
l2-n128-zipf-w1,main,2,128,zipf,1,native,native,,native,accept_id,101,rate_ratio,3,1.7418379338049388,1.7242405053159475,1.7477821189974247,1.7330392195604432,1.7448100264011819,0.011770806840738723
l2-n128-zipf-w1,main,2,128,zipf,1,native,native,,native,accept_static_degree,101,commit_delta,3,-7,-7,-7,-7.0,-7.0,0.0
l2-n128-zipf-w1,main,2,128,zipf,1,native,native,,native,accept_static_degree,101,batch_delta_ms,3,-0.15775499999999998,-0.162779,-0.152436,-0.160267,-0.1550955,0.0051714999999999955
l2-n128-zipf-w1,main,2,128,zipf,1,native,native,,native,accept_static_degree,101,selector_delta_ms,3,-0.160336,-0.17,-0.159011,-0.165168,-0.15967350000000002,0.0054944999999999855
l2-n128-zipf-w1,main,2,128,zipf,1,native,native,,native,accept_static_degree,101,batch_speedup,3,2.058516848504368,2.0233351235230934,2.097699792974624,2.0409259860137308,2.078108320739496,0.037182334725765376
l2-n128-zipf-w1,main,2,128,zipf,1,native,native,,native,accept_static_degree,101,selector_speedup,0,,,,,,
l2-n128-zipf-w1,main,2,128,zipf,1,native,native,,native,accept_static_degree,101,rate_ratio,3,1.849681805898393,1.8180692414297122,1.8848896690479668,1.8338755236640525,1.86728573747318,0.033410213809127454
l2-n128-zipf-w1,main,2,128,zipf,1,accept_static_degree,accept_static_degree,,greedy,native,101,commit_delta,3,7,7,7,7.0,7.0,0.0
l2-n128-zipf-w1,main,2,128,zipf,1,accept_static_degree,accept_static_degree,,greedy,native,101,batch_delta_ms,3,0.15775499999999998,0.152436,0.162779,0.1550955,0.160267,0.0051714999999999955
l2-n128-zipf-w1,main,2,128,zipf,1,accept_static_degree,accept_static_degree,,greedy,native,101,selector_delta_ms,3,0.160336,0.159011,0.17,0.15967350000000002,0.165168,0.0054944999999999855
l2-n128-zipf-w1,main,2,128,zipf,1,accept_static_degree,accept_static_degree,,greedy,native,101,batch_speedup,3,0.4857866481523132,0.4767126370270357,0.4942335001128084,0.48124964258967445,0.4900100741325608,0.00876043154288636
l2-n128-zipf-w1,main,2,128,zipf,1,accept_static_degree,accept_static_degree,,greedy,native,101,selector_speedup,3,0.0,0.0,0.0,0.0,0.0,0.0
l2-n128-zipf-w1,main,2,128,zipf,1,accept_static_degree,accept_static_degree,,greedy,native,101,rate_ratio,3,0.5406335277836063,0.5305350315305654,0.5500340565762004,0.5355842796570858,0.5453337921799033,0.009749512522817527
l2-n128-zipf-w1,main,2,128,zipf,1,accept_static_degree,accept_static_degree,,greedy,accept_id,101,commit_delta,3,2,2,2,2.0,2.0,0.0
l2-n128-zipf-w1,main,2,128,zipf,1,accept_static_degree,accept_static_degree,,greedy,accept_id,101,batch_delta_ms,3,0.02626099999999998,0.023839999999999972,0.030988000000000016,0.025050499999999976,0.028624499999999997,0.0035740000000000216
l2-n128-zipf-w1,main,2,128,zipf,1,accept_static_degree,accept_static_degree,,greedy,accept_id,101,selector_delta_ms,3,0.027433000000000013,0.020921999999999996,0.03373200000000001,0.024177500000000005,0.030582500000000012,0.006405000000000008
l2-n128-zipf-w1,main,2,128,zipf,1,accept_static_degree,accept_static_degree,,greedy,accept_id,101,batch_speedup,3,0.9144004511243885,0.9003825505513228,0.9209014054599266,0.9073915008378557,0.9176509282921576,0.010259427454301862
l2-n128-zipf-w1,main,2,128,zipf,1,accept_static_degree,accept_static_degree,,greedy,accept_id,101,selector_speedup,3,0.8274773443346686,0.8015764705882352,0.8695115257958288,0.8145269074614518,0.8484944350652487,0.03396752760379684
l2-n128-zipf-w1,main,2,128,zipf,1,accept_static_degree,accept_static_degree,,greedy,accept_id,101,rate_ratio,3,0.9416959869802718,0.927259641610857,0.9483909996519282,0.9344778142955644,0.9450434933161,0.010565679020535623
l2-n32-zipf-w1,smoke_parallel,2,32,zipf,1,accept_id,accept_id,,greedy,native,11,commit_delta,3,0,0,0,0.0,0.0,0.0
l2-n32-zipf-w1,smoke_parallel,2,32,zipf,1,accept_id,accept_id,,greedy,native,11,batch_delta_ms,3,0.040667999999999996,0.038785999999999994,0.043220999999999996,0.039727,0.041944499999999996,0.0022174999999999973
l2-n32-zipf-w1,smoke_parallel,2,32,zipf,1,accept_id,accept_id,,greedy,native,11,selector_delta_ms,3,0.042096,0.042039,0.042572,0.0420675,0.042334,0.0002664999999999959
l2-n32-zipf-w1,smoke_parallel,2,32,zipf,1,accept_id,accept_id,,greedy,native,11,batch_speedup,3,0.5331262939958593,0.5087964541425163,0.5342807736793285,0.5209613740691879,0.533703533837594,0.012742159768406092
l2-n32-zipf-w1,smoke_parallel,2,32,zipf,1,accept_id,accept_id,,greedy,native,11,selector_speedup,3,0.0,0.0,0.0,0.0,0.0,0.0
l2-n32-zipf-w1,smoke_parallel,2,32,zipf,1,accept_id,accept_id,,greedy,native,11,rate_ratio,3,0.533126293996822,0.5087964541416929,0.5342807736797369,0.5209613740692575,0.5337035338382794,0.012742159769021932
l2-n32-zipf-w1,smoke_parallel,2,32,zipf,1,accept_id,accept_id,,greedy,accept_static_degree,11,commit_delta,3,-1,-1,-1,-1.0,-1.0,0.0
l2-n32-zipf-w1,smoke_parallel,2,32,zipf,1,accept_id,accept_id,,greedy,accept_static_degree,11,batch_delta_ms,3,-0.0065769999999999995,-0.013451000000000005,-0.0060079999999999995,-0.010014000000000002,-0.0062924999999999995,0.0037215000000000026
l2-n32-zipf-w1,smoke_parallel,2,32,zipf,1,accept_id,accept_id,,greedy,accept_static_degree,11,selector_delta_ms,3,-0.007530999999999996,-0.007553000000000004,-0.006301000000000001,-0.007542,-0.0069159999999999985,0.0006260000000000016
l2-n32-zipf-w1,smoke_parallel,2,32,zipf,1,accept_id,accept_id,,greedy,accept_static_degree,11,batch_speedup,3,1.0747471303557223,1.06880203382843,1.161911984207232,1.0717745820920763,1.118329557281477,0.04655497518940077
l2-n32-zipf-w1,smoke_parallel,2,32,zipf,1,accept_id,accept_id,,greedy,accept_static_degree,11,selector_speedup,3,1.1774170816499108,1.1498846309379387,1.1789006081337894,1.1636508562939247,1.17815884489185,0.014507988597925348
l2-n32-zipf-w1,smoke_parallel,2,32,zipf,1,accept_id,accept_id,,greedy,accept_static_degree,11,rate_ratio,3,1.0299659999214674,1.0242686157527716,1.1134989848658972,1.0271173078371194,1.0717324923936822,0.04461518455656277
l2-n32-zipf-w1,smoke_parallel,2,32,zipf,1,native,native,,native,accept_id,11,commit_delta,3,0,0,0,0.0,0.0,0.0
l2-n32-zipf-w1,smoke_parallel,2,32,zipf,1,native,native,,native,accept_id,11,batch_delta_ms,3,-0.040667999999999996,-0.043220999999999996,-0.038785999999999994,-0.041944499999999996,-0.039727,0.0022174999999999973
l2-n32-zipf-w1,smoke_parallel,2,32,zipf,1,native,native,,native,accept_id,11,selector_delta_ms,3,-0.042096,-0.042572,-0.042039,-0.042334,-0.0420675,0.0002664999999999959
l2-n32-zipf-w1,smoke_parallel,2,32,zipf,1,native,native,,native,accept_id,11,batch_speedup,3,1.8757281553398055,1.8716750616225484,1.9654225021778462,1.873701608481177,1.9205753287588259,0.0468737202776488
l2-n32-zipf-w1,smoke_parallel,2,32,zipf,1,native,native,,native,accept_id,11,selector_speedup,0,,,,,,
l2-n32-zipf-w1,smoke_parallel,2,32,zipf,1,native,native,,native,accept_id,11,rate_ratio,3,1.8757281553364182,1.8716750616211175,1.9654225021810265,1.8737016084787679,1.9205753287587224,0.04687372027995451
l2-n32-zipf-w1,smoke_parallel,2,32,zipf,1,native,native,,native,accept_static_degree,11,commit_delta,3,-1,-1,-1,-1.0,-1.0,0.0
l2-n32-zipf-w1,smoke_parallel,2,32,zipf,1,native,native,,native,accept_static_degree,11,batch_delta_ms,3,-0.049797999999999995,-0.052237,-0.046675999999999995,-0.05101749999999999,-0.048236999999999995,0.0027804999999999983
l2-n32-zipf-w1,smoke_parallel,2,32,zipf,1,native,native,,native,accept_static_degree,11,selector_delta_ms,3,-0.049627,-0.050125,-0.04834,-0.049876000000000004,-0.0489835,0.0008925000000000044
l2-n32-zipf-w1,smoke_parallel,2,32,zipf,1,native,native,,native,accept_static_degree,11,batch_speedup,3,2.1123321941522035,2.000450112528132,2.179431022804245,2.0563911533401678,2.1458816084782244,0.08949045513805665
l2-n32-zipf-w1,smoke_parallel,2,32,zipf,1,native,native,,native,accept_static_degree,11,selector_speedup,0,,,,,,
l2-n32-zipf-w1,smoke_parallel,2,32,zipf,1,native,native,,native,accept_static_degree,11,rate_ratio,3,2.0243183527270334,1.9170980245056455,2.088621396851484,1.9707081886163396,2.0564698747892587,0.08576168617291913
l2-n32-zipf-w1,smoke_parallel,2,32,zipf,1,eas_k1_adaptive,eas,1,adaptive,native,11,commit_delta,3,1,1,1,1.0,1.0,0.0
l2-n32-zipf-w1,smoke_parallel,2,32,zipf,1,eas_k1_adaptive,eas,1,adaptive,native,11,batch_delta_ms,3,0.068285,0.066164,0.07161000000000001,0.06722449999999999,0.0699475,0.002723000000000003
l2-n32-zipf-w1,smoke_parallel,2,32,zipf,1,eas_k1_adaptive,eas,1,adaptive,native,11,selector_delta_ms,3,0.070301,0.069363,0.070682,0.069832,0.0704915,0.0006594999999999934
l2-n32-zipf-w1,smoke_parallel,2,32,zipf,1,eas_k1_adaptive,eas,1,adaptive,native,11,batch_speedup,3,0.3959966033930688,0.3821397756686799,0.4135384997207917,0.38906818953087435,0.4047675515569302,0.015699362026055874
l2-n32-zipf-w1,smoke_parallel,2,32,zipf,1,eas_k1_adaptive,eas,1,adaptive,native,11,selector_speedup,3,0.0,0.0,0.0,0.0,0.0,0.0
l2-n32-zipf-w1,smoke_parallel,2,32,zipf,1,eas_k1_adaptive,eas,1,adaptive,native,11,rate_ratio,3,0.4132138470185203,0.39875454852423636,0.43151843449165744,0.40598419777137834,0.4223661407550889,0.01638194298371054
l2-n32-zipf-w1,smoke_parallel,2,32,zipf,1,eas_k1_adaptive,eas,1,adaptive,accept_id,11,commit_delta,3,1,1,1,1.0,1.0,0.0
l2-n32-zipf-w1,smoke_parallel,2,32,zipf,1,eas_k1_adaptive,eas,1,adaptive,accept_id,11,batch_delta_ms,3,0.025496000000000005,0.025064000000000003,0.032824000000000006,0.025280000000000004,0.029160000000000005,0.0038800000000000015
l2-n32-zipf-w1,smoke_parallel,2,32,zipf,1,eas_k1_adaptive,eas,1,adaptive,accept_id,11,selector_delta_ms,3,0.027729000000000004,0.027323999999999994,0.028585999999999993,0.0275265,0.0281575,0.0006309999999999996
l2-n32-zipf-w1,smoke_parallel,2,32,zipf,1,eas_k1_adaptive,eas,1,adaptive,accept_id,11,batch_speedup,3,0.7740096969482091,0.7167903364969801,0.7783006350947335,0.7454000167225946,0.7761551660214713,0.030755149298876683
l2-n32-zipf-w1,smoke_parallel,2,32,zipf,1,eas_k1_adaptive,eas,1,adaptive,accept_id,11,selector_speedup,3,0.6055674883714314,0.5955688859964348,0.6060724017127287,0.600568187183933,0.60581994504208,0.0052517578581470215
l2-n32-zipf-w1,smoke_parallel,2,32,zipf,1,eas_k1_adaptive,eas,1,adaptive,accept_id,11,rate_ratio,3,0.8076622924678211,0.7479551337353721,0.8121397931429881,0.7778087131015966,0.8099010428054045,0.03209232970380793
l2-n32-zipf-w1,smoke_parallel,2,32,zipf,1,eas_k1_adaptive,eas,1,adaptive,accept_static_degree,11,commit_delta,3,0,0,0,0.0,0.0,0.0
l2-n32-zipf-w1,smoke_parallel,2,32,zipf,1,eas_k1_adaptive,eas,1,adaptive,accept_static_degree,11,batch_delta_ms,3,0.019373,0.018487000000000003,0.019488000000000005,0.018930000000000002,0.019430500000000003,0.0005005000000000009
l2-n32-zipf-w1,smoke_parallel,2,32,zipf,1,eas_k1_adaptive,eas,1,adaptive,accept_static_degree,11,selector_delta_ms,3,0.021022999999999993,0.020176,0.021054999999999997,0.020599499999999996,0.021038999999999995,0.0004394999999999989
l2-n32-zipf-w1,smoke_parallel,2,32,zipf,1,eas_k1_adaptive,eas,1,adaptive,accept_static_degree,11,batch_speedup,3,0.8328472821397757,0.8272631383011726,0.836476374122101,0.8300552102204741,0.8346618281309384,0.004606617910464239
l2-n32-zipf-w1,smoke_parallel,2,32,zipf,1,eas_k1_adaptive,eas,1,adaptive,accept_static_degree,11,selector_speedup,3,0.7021165218867604,0.6969133399651112,0.7130055049003571,0.6995149309259359,0.7075610133935588,0.00804608246762295
l2-n32-zipf-w1,smoke_parallel,2,32,zipf,1,eas_k1_adaptive,eas,1,adaptive,accept_static_degree,11,rate_ratio,3,0.8328472821395733,0.8272631383017253,0.8364763741205314,0.8300552102206493,0.8346618281300524,0.004606617909403088
l2-n32-zipf-w1,smoke_parallel,2,32,zipf,1,eas_k2_adaptive,eas,2,adaptive,native,11,commit_delta,3,-1,-1,-1,-1.0,-1.0,0.0
l2-n32-zipf-w1,smoke_parallel,2,32,zipf,1,eas_k2_adaptive,eas,2,adaptive,native,11,batch_delta_ms,3,0.069367,0.065292,0.06998199999999999,0.0673295,0.0696745,0.002345
l2-n32-zipf-w1,smoke_parallel,2,32,zipf,1,eas_k2_adaptive,eas,2,adaptive,native,11,selector_delta_ms,3,0.070022,0.069879,0.070617,0.0699505,0.07031950000000001,0.0003690000000000082
l2-n32-zipf-w1,smoke_parallel,2,32,zipf,1,eas_k2_adaptive,eas,2,adaptive,native,11,batch_speedup,3,0.3922425877900049,0.3875840100812098,0.4167597166516298,0.38991329893560733,0.4045011522208174,0.014587853285210062
l2-n32-zipf-w1,smoke_parallel,2,32,zipf,1,eas_k2_adaptive,eas,2,adaptive,native,11,selector_speedup,3,0.0,0.0,0.0,0.0,0.0,0.0
l2-n32-zipf-w1,smoke_parallel,2,32,zipf,1,eas_k2_adaptive,eas,2,adaptive,native,11,rate_ratio,3,0.3751885622345539,0.370732531381679,0.39863972897099803,0.3729605468081164,0.3869141456027759,0.013953598794659516
l2-n32-zipf-w1,smoke_parallel,2,32,zipf,1,eas_k2_adaptive,eas,2,adaptive,accept_id,11,commit_delta,3,-1,-1,-1,-1.0,-1.0,0.0
l2-n32-zipf-w1,smoke_parallel,2,32,zipf,1,eas_k2_adaptive,eas,2,adaptive,accept_id,11,batch_delta_ms,3,0.026146000000000003,0.024624000000000007,0.031196,0.025385000000000005,0.028671000000000002,0.0032859999999999973
l2-n32-zipf-w1,smoke_parallel,2,32,zipf,1,eas_k2_adaptive,eas,2,adaptive,accept_id,11,selector_delta_ms,3,0.027782999999999995,0.027450000000000002,0.028578,0.0276165,0.028180499999999997,0.0005639999999999985
l2-n32-zipf-w1,smoke_parallel,2,32,zipf,1,eas_k2_adaptive,eas,2,adaptive,accept_id,11,batch_speedup,3,0.770922408354945,0.7270022402688322,0.7800387683457349,0.7489623243118886,0.77548058835034,0.026518264038451367
l2-n32-zipf-w1,smoke_parallel,2,32,zipf,1,eas_k2_adaptive,eas,2,adaptive,accept_id,11,selector_speedup,3,0.6024127420255013,0.5953099112111815,0.607980349033161,0.5988613266183413,0.6051965455293311,0.006335218910989759
l2-n32-zipf-w1,smoke_parallel,2,32,zipf,1,eas_k2_adaptive,eas,2,adaptive,accept_id,11,rate_ratio,3,0.7374040427767387,0.6953934472117576,0.7461240392864184,0.7163987449942482,0.7417640410315784,0.025365296037330287
l2-n32-zipf-w1,smoke_parallel,2,32,zipf,1,eas_k2_adaptive,eas,2,adaptive,accept_static_degree,11,commit_delta,3,-2,-2,-2,-2.0,-2.0,0.0
l2-n32-zipf-w1,smoke_parallel,2,32,zipf,1,eas_k2_adaptive,eas,2,adaptive,accept_static_degree,11,batch_delta_ms,3,0.018616000000000008,0.017744999999999997,0.019569000000000003,0.018180500000000002,0.019092500000000005,0.0009120000000000031
l2-n32-zipf-w1,smoke_parallel,2,32,zipf,1,eas_k2_adaptive,eas,2,adaptive,accept_static_degree,11,selector_delta_ms,3,0.020252,0.019896999999999998,0.022276999999999998,0.0200745,0.0212645,0.00119
l2-n32-zipf-w1,smoke_parallel,2,32,zipf,1,eas_k2_adaptive,eas,2,adaptive,accept_static_degree,11,batch_speedup,3,0.8337070220729452,0.8285466461063994,0.8447126155138617,0.8311268340896723,0.8392098187934034,0.008082984703731144
l2-n32-zipf-w1,smoke_parallel,2,32,zipf,1,eas_k2_adaptive,eas,2,adaptive,accept_static_degree,11,selector_speedup,3,0.710184747921407,0.6845377175467664,0.7158464482591186,0.6973612327340867,0.7130155980902628,0.015654365356176148
l2-n32-zipf-w1,smoke_parallel,2,32,zipf,1,eas_k2_adaptive,eas,2,adaptive,accept_static_degree,11,rate_ratio,3,0.7642314368997662,0.7595010922646761,0.7743198975526889,0.7618662645822212,0.7692756672262275,0.007409402644006358
l2-n32-zipf-w1,smoke_parallel,2,32,zipf,1,accept_static_degree,accept_static_degree,,greedy,native,11,commit_delta,3,1,1,1,1.0,1.0,0.0
l2-n32-zipf-w1,smoke_parallel,2,32,zipf,1,accept_static_degree,accept_static_degree,,greedy,native,11,batch_delta_ms,3,0.049797999999999995,0.046675999999999995,0.052237,0.048236999999999995,0.05101749999999999,0.0027804999999999983
l2-n32-zipf-w1,smoke_parallel,2,32,zipf,1,accept_static_degree,accept_static_degree,,greedy,native,11,selector_delta_ms,3,0.049627,0.04834,0.050125,0.0489835,0.049876000000000004,0.0008925000000000044
l2-n32-zipf-w1,smoke_parallel,2,32,zipf,1,accept_static_degree,accept_static_degree,,greedy,native,11,batch_speedup,3,0.4734103862869712,0.4588353517668632,0.4998874971874297,0.4661228690269172,0.4866489417372004,0.020526072710283227
l2-n32-zipf-w1,smoke_parallel,2,32,zipf,1,accept_static_degree,accept_static_degree,,greedy,native,11,selector_speedup,3,0.0,0.0,0.0,0.0,0.0,0.0
l2-n32-zipf-w1,smoke_parallel,2,32,zipf,1,accept_static_degree,accept_static_degree,,greedy,native,11,rate_ratio,3,0.49399344656084526,0.4787847148877539,0.5216217361957097,0.4863890807242996,0.5078075913782775,0.021418510653977874
l2-n32-zipf-w1,smoke_parallel,2,32,zipf,1,accept_static_degree,accept_static_degree,,greedy,accept_id,11,commit_delta,3,1,1,1,1.0,1.0,0.0
l2-n32-zipf-w1,smoke_parallel,2,32,zipf,1,accept_static_degree,accept_static_degree,,greedy,accept_id,11,batch_delta_ms,3,0.0065769999999999995,0.0060079999999999995,0.013451000000000005,0.0062924999999999995,0.010014000000000002,0.0037215000000000026
l2-n32-zipf-w1,smoke_parallel,2,32,zipf,1,accept_static_degree,accept_static_degree,,greedy,accept_id,11,selector_delta_ms,3,0.007530999999999996,0.006301000000000001,0.007553000000000004,0.0069159999999999985,0.007542,0.0006260000000000016
l2-n32-zipf-w1,smoke_parallel,2,32,zipf,1,accept_static_degree,accept_static_degree,,greedy,accept_id,11,batch_speedup,3,0.9304514259731196,0.8606503879743491,0.935626962102624,0.8955509069737344,0.9330391940378717,0.037488287064137316
l2-n32-zipf-w1,smoke_parallel,2,32,zipf,1,accept_static_degree,accept_static_degree,,greedy,accept_id,11,selector_speedup,3,0.8493167082294264,0.8482479295544765,0.8696524617294166,0.8487823188919514,0.8594845849794215,0.010702266087470047
l2-n32-zipf-w1,smoke_parallel,2,32,zipf,1,accept_static_degree,accept_static_degree,,greedy,accept_id,11,rate_ratio,3,0.9709058358006456,0.8980699700596797,0.9763063952370192,0.9344879029301627,0.9736061155188325,0.039118212588669765
l2-n32-zipf-w1,smoke_parallel,2,32,zipf,1,accept_static_degree,accept_static_degree,,greedy,native,29,commit_delta,3,0,0,0,0.0,0.0,0.0
l2-n32-zipf-w1,smoke_parallel,2,32,zipf,1,accept_static_degree,accept_static_degree,,greedy,native,29,batch_delta_ms,3,0.055411,0.050945000000000004,0.057063,0.053178,0.056237,0.0030589999999999992
l2-n32-zipf-w1,smoke_parallel,2,32,zipf,1,accept_static_degree,accept_static_degree,,greedy,native,29,selector_delta_ms,3,0.050904,0.049299,0.052144,0.0501015,0.051524,0.0014225000000000002
l2-n32-zipf-w1,smoke_parallel,2,32,zipf,1,accept_static_degree,accept_static_degree,,greedy,native,29,batch_speedup,3,0.44802669762042946,0.43442003837831217,0.4729191454141017,0.4412233679993708,0.4604729215172656,0.019249553517894813
l2-n32-zipf-w1,smoke_parallel,2,32,zipf,1,accept_static_degree,accept_static_degree,,greedy,native,29,selector_speedup,3,0.0,0.0,0.0,0.0,0.0,0.0
l2-n32-zipf-w1,smoke_parallel,2,32,zipf,1,accept_static_degree,accept_static_degree,,greedy,native,29,rate_ratio,3,0.4480266976208454,0.43442003837887283,0.47291914541388536,0.4412233679998591,0.4604729215173654,0.01924955351750629
l2-n32-zipf-w1,smoke_parallel,2,32,zipf,1,accept_static_degree,accept_static_degree,,greedy,accept_id,29,commit_delta,3,0,0,0,0.0,0.0,0.0
l2-n32-zipf-w1,smoke_parallel,2,32,zipf,1,accept_static_degree,accept_static_degree,,greedy,accept_id,29,batch_delta_ms,3,0.010076000000000002,0.006890000000000007,0.013899999999999996,0.008483000000000004,0.011987999999999999,0.0035049999999999942
l2-n32-zipf-w1,smoke_parallel,2,32,zipf,1,accept_static_degree,accept_static_degree,,greedy,accept_id,29,selector_delta_ms,3,0.006934000000000003,0.006601000000000003,0.010426999999999999,0.006767500000000003,0.0086805,0.001912999999999998
l2-n32-zipf-w1,smoke_parallel,2,32,zipf,1,accept_static_degree,accept_static_degree,,greedy,accept_id,29,batch_speedup,3,0.895752935699136,0.865544592764558,0.9296737843465479,0.880648764231847,0.912713360022842,0.032064595790994965
l2-n32-zipf-w1,smoke_parallel,2,32,zipf,1,accept_static_degree,accept_static_degree,,greedy,accept_id,29,selector_speedup,3,0.8661027607050853,0.7951634449159202,0.867022092666462,0.8306331028105027,0.8665624266857737,0.035929323875270924
l2-n32-zipf-w1,smoke_parallel,2,32,zipf,1,accept_static_degree,accept_static_degree,,greedy,accept_id,29,rate_ratio,3,0.8957529356981565,0.8655445927648766,0.9296737843497266,0.8806487642315166,0.9127133600239415,0.03206459579242493
l2-n32-zipf-w1,smoke_parallel,2,32,zipf,1,eas_k2_adaptive,eas,2,adaptive,native,29,commit_delta,3,0,0,0,0.0,0.0,0.0
l2-n32-zipf-w1,smoke_parallel,2,32,zipf,1,eas_k2_adaptive,eas,2,adaptive,native,29,batch_delta_ms,3,0.07245599999999999,0.06787800000000001,0.074747,0.07016700000000001,0.07360149999999999,0.0034344999999999792
l2-n32-zipf-w1,smoke_parallel,2,32,zipf,1,eas_k2_adaptive,eas,2,adaptive,native,29,selector_delta_ms,3,0.070742,0.069239,0.071389,0.0699905,0.0710655,0.0010750000000000065
l2-n32-zipf-w1,smoke_parallel,2,32,zipf,1,eas_k2_adaptive,eas,2,adaptive,native,29,batch_speedup,3,0.3868286986104294,0.3628141303235926,0.4055956915801917,0.374821414467011,0.3962121950953106,0.021390780628299577
l2-n32-zipf-w1,smoke_parallel,2,32,zipf,1,eas_k2_adaptive,eas,2,adaptive,native,29,selector_speedup,3,0.0,0.0,0.0,0.0,0.0,0.0
l2-n32-zipf-w1,smoke_parallel,2,32,zipf,1,eas_k2_adaptive,eas,2,adaptive,native,29,rate_ratio,3,0.3868286986110015,0.362814130323562,0.40559569157987807,0.3748214144672818,0.3962121950954398,0.021390780628158024
l2-n32-zipf-w1,smoke_parallel,2,32,zipf,1,eas_k2_adaptive,eas,2,adaptive,accept_id,29,commit_delta,3,0,0,0,0.0,0.0,0.0
l2-n32-zipf-w1,smoke_parallel,2,32,zipf,1,eas_k2_adaptive,eas,2,adaptive,accept_id,29,batch_delta_ms,3,0.026226,0.024715,0.03158699999999999,0.0254705,0.028906499999999995,0.0034359999999999946
l2-n32-zipf-w1,smoke_parallel,2,32,zipf,1,eas_k2_adaptive,eas,2,adaptive,accept_id,29,selector_delta_ms,3,0.026540999999999995,0.025532,0.030911999999999995,0.026036499999999997,0.028726499999999995,0.002689999999999998
l2-n32-zipf-w1,smoke_parallel,2,32,zipf,1,eas_k2_adaptive,eas,2,adaptive,accept_id,29,batch_speedup,3,0.7764346847614826,0.7326896061472844,0.7835719602434432,0.7545621454543835,0.780003322502463,0.025441177048079466
l2-n32-zipf-w1,smoke_parallel,2,32,zipf,1,eas_k2_adaptive,eas,2,adaptive,accept_id,29,selector_speedup,3,0.6166755730152083,0.5669921136309516,0.6390828644935116,0.5918338433230799,0.6278792187543599,0.03604537543128006
l2-n32-zipf-w1,smoke_parallel,2,32,zipf,1,eas_k2_adaptive,eas,2,adaptive,accept_id,29,rate_ratio,3,0.7764346847630699,0.7326896061479019,0.7835719602423983,0.7545621454554858,0.7800033225027341,0.025441177047248242
l2-n32-zipf-w1,smoke_parallel,2,32,zipf,1,eas_k2_adaptive,eas,2,adaptive,accept_static_degree,29,commit_delta,3,0,0,0,0.0,0.0,0.0
l2-n32-zipf-w1,smoke_parallel,2,32,zipf,1,eas_k2_adaptive,eas,2,adaptive,accept_static_degree,29,batch_delta_ms,3,0.019335999999999992,0.010815000000000005,0.02151099999999999,0.015075499999999999,0.02042349999999999,0.005347999999999992
l2-n32-zipf-w1,smoke_parallel,2,32,zipf,1,eas_k2_adaptive,eas,2,adaptive,accept_static_degree,29,selector_delta_ms,3,0.019939999999999992,0.018597999999999996,0.020484999999999996,0.019268999999999994,0.020212499999999994,0.0009434999999999999
l2-n32-zipf-w1,smoke_parallel,2,32,zipf,1,eas_k2_adaptive,eas,2,adaptive,accept_static_degree,29,batch_speedup,3,0.8351689569338835,0.8179594807304978,0.9052935767765664,0.8265642188321907,0.870231266855225,0.04366704802303434
l2-n32-zipf-w1,smoke_parallel,2,32,zipf,1,eas_k2_adaptive,eas,2,adaptive,accept_static_degree,29,selector_speedup,3,0.71305103027077,0.7120120163491674,0.7371010149557548,0.7125315233099687,0.7250760226132624,0.01254449930329371
l2-n32-zipf-w1,smoke_parallel,2,32,zipf,1,eas_k2_adaptive,eas,2,adaptive,accept_static_degree,29,rate_ratio,3,0.8351689569327352,0.8179594807320817,0.9052935767750258,0.8265642188324085,0.8702312668538805,0.04366704802147203
l2-n32-zipf-w1,smoke_parallel,2,32,zipf,1,accept_id,accept_id,,greedy,native,29,commit_delta,3,0,0,0,0.0,0.0,0.0
l2-n32-zipf-w1,smoke_parallel,2,32,zipf,1,accept_id,accept_id,,greedy,native,29,batch_delta_ms,3,0.04316300000000001,0.040869,0.048520999999999995,0.042016000000000005,0.045842,0.003825999999999996
l2-n32-zipf-w1,smoke_parallel,2,32,zipf,1,accept_id,accept_id,,greedy,native,29,selector_delta_ms,3,0.042698,0.040477,0.04521,0.0415875,0.043954,0.0023665000000000005
l2-n32-zipf-w1,smoke_parallel,2,32,zipf,1,accept_id,accept_id,,greedy,native,29,batch_speedup,3,0.517624050067054,0.4672822292000615,0.5279571258619296,0.49245313963355775,0.5227905879644918,0.030337448330934103
l2-n32-zipf-w1,smoke_parallel,2,32,zipf,1,accept_id,accept_id,,greedy,native,29,selector_speedup,3,0.0,0.0,0.0,0.0,0.0,0.0
l2-n32-zipf-w1,smoke_parallel,2,32,zipf,1,accept_id,accept_id,,greedy,native,29,rate_ratio,3,0.517624050067344,0.46728222919906687,0.5279571258622654,0.49245313963320547,0.5227905879648047,0.030337448331599237
l2-n32-zipf-w1,smoke_parallel,2,32,zipf,1,accept_id,accept_id,,greedy,accept_static_degree,29,commit_delta,3,0,0,0,0.0,0.0,0.0
l2-n32-zipf-w1,smoke_parallel,2,32,zipf,1,accept_id,accept_id,,greedy,accept_static_degree,29,batch_delta_ms,3,-0.010076000000000002,-0.013899999999999996,-0.006890000000000007,-0.011987999999999999,-0.008483000000000004,0.0035049999999999942
l2-n32-zipf-w1,smoke_parallel,2,32,zipf,1,accept_id,accept_id,,greedy,accept_static_degree,29,selector_delta_ms,3,-0.006934000000000003,-0.010426999999999999,-0.006601000000000003,-0.0086805,-0.006767500000000003,0.001912999999999998
l2-n32-zipf-w1,smoke_parallel,2,32,zipf,1,accept_id,accept_id,,greedy,accept_static_degree,29,batch_speedup,3,1.11637926055972,1.0756461210777102,1.1553419758605274,1.096012690818715,1.1358606182101236,0.03984792739140852
l2-n32-zipf-w1,smoke_parallel,2,32,zipf,1,accept_id,accept_id,,greedy,accept_static_degree,29,selector_speedup,3,1.1545974050306806,1.1533731475337314,1.257603083232453,1.153985276282206,1.2061002441315667,0.05211496784936065
l2-n32-zipf-w1,smoke_parallel,2,32,zipf,1,accept_id,accept_id,,greedy,accept_static_degree,29,rate_ratio,3,1.1163792605609408,1.0756461210740325,1.155341975860102,1.0960126908174868,1.1358606182105215,0.03984792739303478
l2-n32-zipf-w1,smoke_parallel,2,32,zipf,1,eas_k1_adaptive,eas,1,adaptive,native,29,commit_delta,3,0,0,0,0.0,0.0,0.0
l2-n32-zipf-w1,smoke_parallel,2,32,zipf,1,eas_k1_adaptive,eas,1,adaptive,native,29,batch_delta_ms,3,0.071507,0.069228,0.074942,0.0703675,0.0732245,0.0028569999999999984
l2-n32-zipf-w1,smoke_parallel,2,32,zipf,1,eas_k1_adaptive,eas,1,adaptive,native,29,selector_delta_ms,3,0.071848,0.070764,0.071967,0.071306,0.0719075,0.0006015000000000048
l2-n32-zipf-w1,smoke_parallel,2,32,zipf,1,eas_k1_adaptive,eas,1,adaptive,native,29,batch_speedup,3,0.3899605006099798,0.3622120286290563,0.40085680903544074,0.37608626461951805,0.39540865482271026,0.019322390203192208
l2-n32-zipf-w1,smoke_parallel,2,32,zipf,1,eas_k1_adaptive,eas,1,adaptive,native,29,selector_speedup,3,0.0,0.0,0.0,0.0,0.0,0.0
l2-n32-zipf-w1,smoke_parallel,2,32,zipf,1,eas_k1_adaptive,eas,1,adaptive,native,29,rate_ratio,3,0.3899605006094151,0.3622120286294485,0.4008568090357791,0.37608626461943184,0.3954086548225971,0.019322390203165285
l2-n32-zipf-w1,smoke_parallel,2,32,zipf,1,eas_k1_adaptive,eas,1,adaptive,accept_id,29,commit_delta,3,0,0,0,0.0,0.0,0.0
l2-n32-zipf-w1,smoke_parallel,2,32,zipf,1,eas_k1_adaptive,eas,1,adaptive,accept_id,29,batch_delta_ms,3,0.026421,0.02606499999999999,0.030638,0.026242999999999995,0.0285295,0.002286500000000004
l2-n32-zipf-w1,smoke_parallel,2,32,zipf,1,eas_k1_adaptive,eas,1,adaptive,accept_id,29,selector_delta_ms,3,0.028065999999999994,0.026757000000000003,0.031370999999999996,0.0274115,0.029718499999999995,0.0023069999999999966
l2-n32-zipf-w1,smoke_parallel,2,32,zipf,1,eas_k1_adaptive,eas,1,adaptive,accept_id,29,batch_speedup,3,0.7744168938508806,0.7386215310065947,0.7751461664808558,0.7565192124287377,0.7747815301658683,0.018262317737130607
l2-n32-zipf-w1,smoke_parallel,2,32,zipf,1,eas_k1_adaptive,eas,1,adaptive,accept_id,29,selector_speedup,3,0.6033859024362671,0.5633698919942101,0.6282045937721455,0.5833778972152386,0.6157952481042064,0.0324173508889678
l2-n32-zipf-w1,smoke_parallel,2,32,zipf,1,eas_k1_adaptive,eas,1,adaptive,accept_id,29,rate_ratio,3,0.7744168938511005,0.7386215310050552,0.775146166483345,0.7565192124280778,0.7747815301672227,0.018262317739144884
l2-n32-zipf-w1,smoke_parallel,2,32,zipf,1,eas_k1_adaptive,eas,1,adaptive,accept_static_degree,29,commit_delta,3,0,0,0,0.0,0.0,0.0
l2-n32-zipf-w1,smoke_parallel,2,32,zipf,1,eas_k1_adaptive,eas,1,adaptive,accept_static_degree,29,batch_delta_ms,3,0.019530999999999993,0.012164999999999995,0.020561999999999997,0.015847999999999994,0.020046499999999995,0.004198500000000001
l2-n32-zipf-w1,smoke_parallel,2,32,zipf,1,eas_k1_adaptive,eas,1,adaptive,accept_static_degree,29,selector_delta_ms,3,0.020943999999999997,0.019823,0.02146499999999999,0.0203835,0.021204499999999994,0.0008209999999999953
l2-n32-zipf-w1,smoke_parallel,2,32,zipf,1,eas_k1_adaptive,eas,1,adaptive,accept_static_degree,29,batch_speedup,3,0.8337829672433896,0.8245817586186305,0.8947163442814489,0.82918236293101,0.8642496557624193,0.0350672928314093
l2-n32-zipf-w1,smoke_parallel,2,32,zipf,1,eas_k1_adaptive,eas,1,adaptive,accept_static_degree,29,selector_speedup,3,0.7084957131722526,0.6966677971850094,0.7245543096141287,0.702581755178631,0.7165250113931907,0.013943256214559718
l2-n32-zipf-w1,smoke_parallel,2,32,zipf,1,eas_k1_adaptive,eas,1,adaptive,accept_static_degree,29,rate_ratio,3,0.8337829672432163,0.8245817586178136,0.8947163442813734,0.829182362930515,0.8642496557622948,0.035067292831779895
l2-n32-zipf-w1,smoke_parallel,2,32,zipf,1,native,native,,native,accept_id,29,commit_delta,3,0,0,0,0.0,0.0,0.0
l2-n32-zipf-w1,smoke_parallel,2,32,zipf,1,native,native,,native,accept_id,29,batch_delta_ms,3,-0.04316300000000001,-0.048520999999999995,-0.040869,-0.045842,-0.042016000000000005,0.003825999999999996
l2-n32-zipf-w1,smoke_parallel,2,32,zipf,1,native,native,,native,accept_id,29,selector_delta_ms,3,-0.042698,-0.04521,-0.040477,-0.043954,-0.0415875,0.0023665000000000005
l2-n32-zipf-w1,smoke_parallel,2,32,zipf,1,native,native,,native,accept_id,29,batch_speedup,3,1.9319040525077187,1.8940931962371472,2.14003430370527,1.9129986243724328,2.035969178106494,0.1229705537340613
l2-n32-zipf-w1,smoke_parallel,2,32,zipf,1,native,native,,native,accept_id,29,selector_speedup,0,,,,,,
l2-n32-zipf-w1,smoke_parallel,2,32,zipf,1,native,native,,native,accept_id,29,rate_ratio,3,1.9319040525066362,1.8940931962359422,2.1400343037098253,1.9129986243712893,2.035969178108231,0.12297055373694166
l2-n32-zipf-w1,smoke_parallel,2,32,zipf,1,native,native,,native,accept_static_degree,29,commit_delta,3,0,0,0,0.0,0.0,0.0
l2-n32-zipf-w1,smoke_parallel,2,32,zipf,1,native,native,,native,accept_static_degree,29,batch_delta_ms,3,-0.055411,-0.057063,-0.050945000000000004,-0.056237,-0.053178,0.0030589999999999992
l2-n32-zipf-w1,smoke_parallel,2,32,zipf,1,native,native,,native,accept_static_degree,29,selector_delta_ms,3,-0.050904,-0.052144,-0.049299,-0.051524,-0.0501015,0.0014225000000000002
l2-n32-zipf-w1,smoke_parallel,2,32,zipf,1,native,native,,native,accept_static_degree,29,batch_speedup,3,2.232009845197228,2.114526361846423,2.301919597753812,2.1732681035218255,2.26696472147552,0.09369661795369444
l2-n32-zipf-w1,smoke_parallel,2,32,zipf,1,native,native,,native,accept_static_degree,29,selector_speedup,0,,,,,,
l2-n32-zipf-w1,smoke_parallel,2,32,zipf,1,native,native,,native,accept_static_degree,29,rate_ratio,3,2.2320098451951558,2.1145263618473904,2.301919597750841,2.173268103521273,2.2669647214729984,0.09369661795172535
l2-n32-zipf-w1,smoke_parallel,2,32,zipf,1,eas_k2_adaptive,eas,2,adaptive,native,47,commit_delta,3,-1,-1,-1,-1.0,-1.0,0.0
l2-n32-zipf-w1,smoke_parallel,2,32,zipf,1,eas_k2_adaptive,eas,2,adaptive,native,47,batch_delta_ms,3,0.076791,0.076364,0.080656,0.07657749999999999,0.0787235,0.002146000000000009
l2-n32-zipf-w1,smoke_parallel,2,32,zipf,1,eas_k2_adaptive,eas,2,adaptive,native,47,selector_delta_ms,3,0.077021,0.076112,0.080022,0.07656650000000001,0.0785215,0.0019549999999999845
l2-n32-zipf-w1,smoke_parallel,2,32,zipf,1,eas_k2_adaptive,eas,2,adaptive,native,47,batch_speedup,3,0.3690139687756779,0.35616842945519855,0.36927308318122126,0.36259119911543825,0.36914352597844957,0.006552326863011326
l2-n32-zipf-w1,smoke_parallel,2,32,zipf,1,eas_k2_adaptive,eas,2,adaptive,native,47,selector_speedup,3,0.0,0.0,0.0,0.0,0.0,0.0
l2-n32-zipf-w1,smoke_parallel,2,32,zipf,1,eas_k2_adaptive,eas,2,adaptive,native,47,rate_ratio,3,0.3495921809443648,0.3374227226418513,0.3498376577497889,0.34350745179310804,0.3497149193470769,0.006207467553968837
l2-n32-zipf-w1,smoke_parallel,2,32,zipf,1,eas_k2_adaptive,eas,2,adaptive,accept_id,47,commit_delta,3,-1,-1,-1,-1.0,-1.0,0.0
l2-n32-zipf-w1,smoke_parallel,2,32,zipf,1,eas_k2_adaptive,eas,2,adaptive,accept_id,47,batch_delta_ms,3,0.035611000000000004,0.035314,0.038315,0.0354625,0.036963,0.0015005000000000018
l2-n32-zipf-w1,smoke_parallel,2,32,zipf,1,eas_k2_adaptive,eas,2,adaptive,accept_id,47,selector_delta_ms,3,0.035327000000000004,0.034237,0.036697999999999995,0.034782,0.0360125,0.0012305000000000024
l2-n32-zipf-w1,smoke_parallel,2,32,zipf,1,eas_k2_adaptive,eas,2,adaptive,accept_id,47,batch_speedup,3,0.7058716642025885,0.6941528636998603,0.7098274445357436,0.7000122639512244,0.7078495543691661,0.007837290417941678
l2-n32-zipf-w1,smoke_parallel,2,32,zipf,1,eas_k2_adaptive,eas,2,adaptive,accept_id,47,selector_speedup,3,0.5414011146934593,0.5413328832396359,0.5501760563380282,0.5413669989665476,0.5457885855157438,0.004421586549196221
l2-n32-zipf-w1,smoke_parallel,2,32,zipf,1,eas_k2_adaptive,eas,2,adaptive,accept_id,47,rate_ratio,3,0.6687205239788102,0.6576185024510066,0.6724681053480679,0.6631695132149085,0.670594314663439,0.007424801448530527
l2-n32-zipf-w1,smoke_parallel,2,32,zipf,1,eas_k2_adaptive,eas,2,adaptive,accept_static_degree,47,commit_delta,3,-1,-1,-1,-1.0,-1.0,0.0
l2-n32-zipf-w1,smoke_parallel,2,32,zipf,1,eas_k2_adaptive,eas,2,adaptive,accept_static_degree,47,batch_delta_ms,3,0.029766,0.028557,0.033657999999999993,0.0291615,0.031712,0.002550499999999997
l2-n32-zipf-w1,smoke_parallel,2,32,zipf,1,eas_k2_adaptive,eas,2,adaptive,accept_static_degree,47,selector_delta_ms,3,0.02746,0.027001000000000004,0.031597999999999994,0.0272305,0.029528999999999996,0.002298499999999995
l2-n32-zipf-w1,smoke_parallel,2,32,zipf,1,eas_k2_adaptive,eas,2,adaptive,accept_static_degree,47,batch_speedup,3,0.754148323738571,0.7313270804230693,0.7653492193919474,0.7427377020808201,0.7597487715652592,0.01701106948443909
l2-n32-zipf-w1,smoke_parallel,2,32,zipf,1,eas_k2_adaptive,eas,2,adaptive,accept_static_degree,47,selector_speedup,3,0.6392158923691402,0.6051335882632277,0.6494332714454499,0.6221747403161839,0.6443245819072951,0.02214984159111122
l2-n32-zipf-w1,smoke_parallel,2,32,zipf,1,eas_k2_adaptive,eas,2,adaptive,accept_static_degree,47,rate_ratio,3,0.7144563066969375,0.6928361814543972,0.7250676815284233,0.7036462440756673,0.7197619941126804,0.016115750037013044
l2-n32-zipf-w1,smoke_parallel,2,32,zipf,1,accept_id,accept_id,,greedy,native,47,commit_delta,3,0,0,0,0.0,0.0,0.0
l2-n32-zipf-w1,smoke_parallel,2,32,zipf,1,accept_id,accept_id,,greedy,native,47,batch_delta_ms,3,0.04147700000000001,0.040753,0.042341,0.041115,0.041909,0.000794000000000003
l2-n32-zipf-w1,smoke_parallel,2,32,zipf,1,accept_id,accept_id,,greedy,native,47,selector_delta_ms,3,0.041875,0.041694,0.043324,0.0417845,0.0425995,0.0008149999999999963
l2-n32-zipf-w1,smoke_parallel,2,32,zipf,1,accept_id,accept_id,,greedy,native,47,batch_speedup,3,0.5198643298682656,0.5130979760809568,0.5231447894970864,0.5164811529746112,0.521504559682676,0.0050234067080647815
l2-n32-zipf-w1,smoke_parallel,2,32,zipf,1,accept_id,accept_id,,greedy,native,47,selector_speedup,3,0.0,0.0,0.0,0.0,0.0,0.0
l2-n32-zipf-w1,smoke_parallel,2,32,zipf,1,accept_id,accept_id,,greedy,native,47,rate_ratio,3,0.5198643298679819,0.5130979760822495,0.5231447894978535,0.5164811529751157,0.5215045596829178,0.005023406707802103
l2-n32-zipf-w1,smoke_parallel,2,32,zipf,1,accept_id,accept_id,,greedy,accept_static_degree,47,commit_delta,3,0,0,0,0.0,0.0,0.0
l2-n32-zipf-w1,smoke_parallel,2,32,zipf,1,accept_id,accept_id,,greedy,accept_static_degree,47,batch_delta_ms,3,-0.005845000000000003,-0.006756999999999999,-0.004657000000000008,-0.006301000000000001,-0.005251000000000006,0.0010499999999999954
l2-n32-zipf-w1,smoke_parallel,2,32,zipf,1,accept_id,accept_id,,greedy,accept_static_degree,47,selector_delta_ms,3,-0.006776999999999998,-0.008326,-0.0051,-0.007551499999999999,-0.005938499999999999,0.0016129999999999999
l2-n32-zipf-w1,smoke_parallel,2,32,zipf,1,accept_id,accept_id,,greedy,accept_static_degree,47,batch_speedup,3,1.0683929699749597,1.0535533578656855,1.0782186928437478,1.0609731639203226,1.0733058314093538,0.012332667489031168
l2-n32-zipf-w1,smoke_parallel,2,32,zipf,1,accept_id,accept_id,,greedy,accept_static_degree,47,selector_speedup,3,1.1618388059701492,1.1177176622657188,1.1996930013910874,1.139778234117934,1.1807659036806184,0.04098766956268429
l2-n32-zipf-w1,smoke_parallel,2,32,zipf,1,accept_id,accept_id,,greedy,accept_static_degree,47,rate_ratio,3,1.0683929699749675,1.0535533578695413,1.0782186928451125,1.0609731639222544,1.0733058314100399,0.012332667487785498
l2-n32-zipf-w1,smoke_parallel,2,32,zipf,1,eas_k1_adaptive,eas,1,adaptive,native,47,commit_delta,3,0,0,0,0.0,0.0,0.0
l2-n32-zipf-w1,smoke_parallel,2,32,zipf,1,eas_k1_adaptive,eas,1,adaptive,native,47,batch_delta_ms,3,0.077503,0.07655300000000001,0.07755600000000001,0.07702800000000001,0.0775295,0.0005014999999999881
l2-n32-zipf-w1,smoke_parallel,2,32,zipf,1,eas_k1_adaptive,eas,1,adaptive,native,47,selector_delta_ms,3,0.078601,0.076849,0.07869,0.077725,0.07864550000000001,0.0009205000000000046
l2-n32-zipf-w1,smoke_parallel,2,32,zipf,1,eas_k1_adaptive,eas,1,adaptive,native,47,batch_speedup,3,0.36670885559139343,0.3658315059077668,0.36822863367774733,0.3662701807495801,0.36746874463457035,0.0011985638849902336
l2-n32-zipf-w1,smoke_parallel,2,32,zipf,1,eas_k1_adaptive,eas,1,adaptive,native,47,selector_speedup,3,0.0,0.0,0.0,0.0,0.0,0.0
l2-n32-zipf-w1,smoke_parallel,2,32,zipf,1,eas_k1_adaptive,eas,1,adaptive,native,47,rate_ratio,3,0.3667088555907789,0.36583150590776414,0.3682286336771011,0.36627018074927153,0.36746874463394,0.001198563884668491
l2-n32-zipf-w1,smoke_parallel,2,32,zipf,1,eas_k1_adaptive,eas,1,adaptive,accept_id,47,commit_delta,3,0,0,0,0.0,0.0,0.0
l2-n32-zipf-w1,smoke_parallel,2,32,zipf,1,eas_k1_adaptive,eas,1,adaptive,accept_id,47,batch_delta_ms,3,0.036079,0.034212000000000006,0.036750000000000005,0.0351455,0.0364145,0.0012689999999999993
l2-n32-zipf-w1,smoke_parallel,2,32,zipf,1,eas_k1_adaptive,eas,1,adaptive,accept_id,47,selector_delta_ms,3,0.036726,0.033525,0.036995999999999994,0.035125500000000004,0.036861,0.001735499999999994
l2-n32-zipf-w1,smoke_parallel,2,32,zipf,1,eas_k1_adaptive,eas,1,adaptive,accept_id,47,batch_speedup,3,0.705393377699751,0.6992930317808398,0.7176575446472782,0.7023432047402953,0.7115254611735146,0.009182256433219238
l2-n32-zipf-w1,smoke_parallel,2,32,zipf,1,eas_k1_adaptive,eas,1,adaptive,accept_id,47,selector_speedup,3,0.5327540362081907,0.5298513152878384,0.5637548959648141,0.5313026757480146,0.5482544660865024,0.016951790338487815
l2-n32-zipf-w1,smoke_parallel,2,32,zipf,1,eas_k1_adaptive,eas,1,adaptive,accept_id,47,rate_ratio,3,0.7053933776989538,0.6992930317798094,0.7176575446442107,0.7023432047393816,0.7115254611715822,0.009182256432200608
l2-n32-zipf-w1,smoke_parallel,2,32,zipf,1,eas_k1_adaptive,eas,1,adaptive,accept_static_degree,47,commit_delta,3,0,0,0,0.0,0.0,0.0
l2-n32-zipf-w1,smoke_parallel,2,32,zipf,1,eas_k1_adaptive,eas,1,adaptive,accept_static_degree,47,batch_delta_ms,3,0.029554999999999998,0.029322,0.030905000000000002,0.0294385,0.03023,0.0007915000000000005
l2-n32-zipf-w1,smoke_parallel,2,32,zipf,1,eas_k1_adaptive,eas,1,adaptive,accept_static_degree,47,selector_delta_ms,3,0.028669999999999994,0.028425,0.029949000000000003,0.028547499999999996,0.0293095,0.0007620000000000023
l2-n32-zipf-w1,smoke_parallel,2,32,zipf,1,eas_k1_adaptive,eas,1,adaptive,accept_static_degree,47,batch_speedup,3,0.756090515960783,0.7471197591071254,0.7605683256440615,0.7516051375339542,0.7583294208024223,0.006724283268468079
l2-n32-zipf-w1,smoke_parallel,2,32,zipf,1,eas_k1_adaptive,eas,1,adaptive,accept_static_degree,47,selector_speedup,3,0.6301188044086455,0.618974313303902,0.6356589147286822,0.6245465588562737,0.6328888595686639,0.008342300712390172
l2-n32-zipf-w1,smoke_parallel,2,32,zipf,1,eas_k1_adaptive,eas,1,adaptive,accept_static_degree,47,rate_ratio,3,0.7560905159603184,0.7471197591060299,0.7605683256441648,0.7516051375331742,0.7583294208022415,0.006724283269067377
l2-n32-zipf-w1,smoke_parallel,2,32,zipf,1,native,native,,native,accept_id,47,commit_delta,3,0,0,0,0.0,0.0,0.0
l2-n32-zipf-w1,smoke_parallel,2,32,zipf,1,native,native,,native,accept_id,47,batch_delta_ms,3,-0.04147700000000001,-0.042341,-0.040753,-0.041909,-0.041115,0.000794000000000003
l2-n32-zipf-w1,smoke_parallel,2,32,zipf,1,native,native,,native,accept_id,47,selector_delta_ms,3,-0.041875,-0.043324,-0.041694,-0.0425995,-0.0417845,0.0008149999999999963
l2-n32-zipf-w1,smoke_parallel,2,32,zipf,1,native,native,,native,accept_id,47,batch_speedup,3,1.923578792669621,1.9115166968619293,1.948945516484009,1.9175477447657752,1.936262154576815,0.01871440981103989
l2-n32-zipf-w1,smoke_parallel,2,32,zipf,1,native,native,,native,accept_id,47,selector_speedup,0,,,,,,
l2-n32-zipf-w1,smoke_parallel,2,32,zipf,1,native,native,,native,accept_id,47,rate_ratio,3,1.9235787926706707,1.9115166968591266,1.948945516479099,1.9175477447648985,1.9362621545748848,0.018714409809986288
l2-n32-zipf-w1,smoke_parallel,2,32,zipf,1,native,native,,native,accept_static_degree,47,commit_delta,3,0,0,0,0.0,0.0,0.0
l2-n32-zipf-w1,smoke_parallel,2,32,zipf,1,native,native,,native,accept_static_degree,47,batch_delta_ms,3,-0.046998000000000005,-0.048234000000000006,-0.046598,-0.047616000000000006,-0.046798000000000006,0.0008179999999999993
l2-n32-zipf-w1,smoke_parallel,2,32,zipf,1,native,native,,native,accept_static_degree,47,selector_delta_ms,3,-0.048652,-0.05002,-0.048424,-0.049336000000000005,-0.048538,0.000798000000000007
l2-n32-zipf-w1,smoke_parallel,2,32,zipf,1,native,native,,native,accept_static_degree,47,batch_speedup,3,2.0533180931890005,2.0422510009170414,2.0740386114141933,2.0477845470530207,2.063678352301597,0.01589380524857642
l2-n32-zipf-w1,smoke_parallel,2,32,zipf,1,native,native,,native,accept_static_degree,47,selector_speedup,0,,,,,,
l2-n32-zipf-w1,smoke_parallel,2,32,zipf,1,native,native,,native,accept_static_degree,47,rate_ratio,3,2.053318093191342,2.042251000914062,2.0740386114179503,2.047784547052702,2.0636783523046462,0.015893805251944393
l2-n32-zipf-w1,smoke_parallel,2,32,zipf,1,accept_static_degree,accept_static_degree,,greedy,native,47,commit_delta,3,0,0,0,0.0,0.0,0.0
l2-n32-zipf-w1,smoke_parallel,2,32,zipf,1,accept_static_degree,accept_static_degree,,greedy,native,47,batch_delta_ms,3,0.046998000000000005,0.046598,0.048234000000000006,0.046798000000000006,0.047616000000000006,0.0008179999999999993
l2-n32-zipf-w1,smoke_parallel,2,32,zipf,1,accept_static_degree,accept_static_degree,,greedy,native,47,selector_delta_ms,3,0.048652,0.048424,0.05002,0.048538,0.049336000000000005,0.000798000000000007
l2-n32-zipf-w1,smoke_parallel,2,32,zipf,1,accept_static_degree,accept_static_degree,,greedy,native,47,batch_speedup,3,0.48701660172238775,0.48215110099524383,0.48965577666553495,0.48458385135881576,0.4883361891939614,0.003752337835145614
l2-n32-zipf-w1,smoke_parallel,2,32,zipf,1,accept_static_degree,accept_static_degree,,greedy,native,47,selector_speedup,3,0.0,0.0,0.0,0.0,0.0,0.0
l2-n32-zipf-w1,smoke_parallel,2,32,zipf,1,accept_static_degree,accept_static_degree,,greedy,native,47,rate_ratio,3,0.4870166017218323,0.4821511009943704,0.4896557766662493,0.48458385135810134,0.4883361891940408,0.0037523378359394788
l2-n32-zipf-w1,smoke_parallel,2,32,zipf,1,accept_static_degree,accept_static_degree,,greedy,accept_id,47,commit_delta,3,0,0,0,0.0,0.0,0.0
l2-n32-zipf-w1,smoke_parallel,2,32,zipf,1,accept_static_degree,accept_static_degree,,greedy,accept_id,47,batch_delta_ms,3,0.005845000000000003,0.004657000000000008,0.006756999999999999,0.005251000000000006,0.006301000000000001,0.0010499999999999954
l2-n32-zipf-w1,smoke_parallel,2,32,zipf,1,accept_static_degree,accept_static_degree,,greedy,accept_id,47,selector_delta_ms,3,0.006776999999999998,0.0051,0.008326,0.005938499999999999,0.007551499999999999,0.0016129999999999999
l2-n32-zipf-w1,smoke_parallel,2,32,zipf,1,accept_static_degree,accept_static_degree,,greedy,accept_id,47,batch_speedup,3,0.935985192811066,0.9274556327367596,0.9491688223801259,0.9317204127739127,0.9425770075955959,0.010856594821683219
l2-n32-zipf-w1,smoke_parallel,2,32,zipf,1,accept_static_degree,accept_static_degree,,greedy,accept_id,47,selector_speedup,3,0.8607045959056154,0.8335465813674531,0.894680323806377,0.8471255886365343,0.8776924598559962,0.03056687121946189
l2-n32-zipf-w1,smoke_parallel,2,32,zipf,1,accept_static_degree,accept_static_degree,,greedy,accept_id,47,rate_ratio,3,0.9359851928110591,0.9274556327355856,0.9491688223766521,0.9317204127733223,0.9425770075938555,0.01085659482053325
l2-n32-zipf-w1,smoke_parallel,2,32,zipf,1,native,native,,native,accept_id,71,commit_delta,3,0,0,0,0.0,0.0,0.0
l2-n32-zipf-w1,smoke_parallel,2,32,zipf,1,native,native,,native,accept_id,71,batch_delta_ms,3,-0.040456,-0.04317,-0.038995,-0.041813,-0.0397255,0.002087500000000006
l2-n32-zipf-w1,smoke_parallel,2,32,zipf,1,native,native,,native,accept_id,71,selector_delta_ms,3,-0.041297,-0.041928,-0.040406,-0.0416125,-0.0408515,0.0007609999999999978
l2-n32-zipf-w1,smoke_parallel,2,32,zipf,1,native,native,,native,accept_id,71,batch_speedup,3,1.9160816991984058,1.8754658524538639,1.9841110629858436,1.8957737758261348,1.9500963810921248,0.054322605265989976
l2-n32-zipf-w1,smoke_parallel,2,32,zipf,1,native,native,,native,accept_id,71,selector_speedup,0,,,,,,
l2-n32-zipf-w1,smoke_parallel,2,32,zipf,1,native,native,,native,accept_id,71,rate_ratio,3,1.9160816992016687,1.875465852451951,1.9841110629902068,1.8957737758268098,1.9500963810959377,0.05432260526912791
l2-n32-zipf-w1,smoke_parallel,2,32,zipf,1,native,native,,native,accept_static_degree,71,commit_delta,3,0,0,0,0.0,0.0,0.0
l2-n32-zipf-w1,smoke_parallel,2,32,zipf,1,native,native,,native,accept_static_degree,71,batch_delta_ms,3,-0.048442,-0.050087,-0.04686800000000001,-0.0492645,-0.047655,0.0016094999999999998
l2-n32-zipf-w1,smoke_parallel,2,32,zipf,1,native,native,,native,accept_static_degree,71,selector_delta_ms,3,-0.04814,-0.05092,-0.047165,-0.049530000000000005,-0.0476525,0.0018775000000000042
l2-n32-zipf-w1,smoke_parallel,2,32,zipf,1,native,native,,native,accept_static_degree,71,batch_speedup,3,2.104292520573552,2.0522203762740787,2.1341651193333635,2.078256448423815,2.1192288199534577,0.040972371529642615
l2-n32-zipf-w1,smoke_parallel,2,32,zipf,1,native,native,,native,accept_static_degree,71,selector_speedup,0,,,,,,
l2-n32-zipf-w1,smoke_parallel,2,32,zipf,1,native,native,,native,accept_static_degree,71,rate_ratio,3,2.104292520571687,2.0522203762770683,2.1341651193300493,2.0782564484243777,2.119228819950868,0.04097237152649047
l2-n32-zipf-w1,smoke_parallel,2,32,zipf,1,accept_static_degree,accept_static_degree,,greedy,native,71,commit_delta,3,0,0,0,0.0,0.0,0.0
l2-n32-zipf-w1,smoke_parallel,2,32,zipf,1,accept_static_degree,accept_static_degree,,greedy,native,71,batch_delta_ms,3,0.048442,0.04686800000000001,0.050087,0.047655,0.0492645,0.0016094999999999998
l2-n32-zipf-w1,smoke_parallel,2,32,zipf,1,accept_static_degree,accept_static_degree,,greedy,native,71,selector_delta_ms,3,0.04814,0.047165,0.05092,0.0476525,0.049530000000000005,0.0018775000000000042
l2-n32-zipf-w1,smoke_parallel,2,32,zipf,1,accept_static_degree,accept_static_degree,,greedy,native,71,batch_speedup,3,0.47521910106273496,0.4685673057539072,0.48727710316157963,0.4718932034083211,0.4812481021121573,0.009354898703836212
l2-n32-zipf-w1,smoke_parallel,2,32,zipf,1,accept_static_degree,accept_static_degree,,greedy,native,71,selector_speedup,3,0.0,0.0,0.0,0.0,0.0,0.0
l2-n32-zipf-w1,smoke_parallel,2,32,zipf,1,accept_static_degree,accept_static_degree,,greedy,native,71,rate_ratio,3,0.4752191010631561,0.46856730575463484,0.4872771031608698,0.4718932034088955,0.48124810211201297,0.009354898703117454
l2-n32-zipf-w1,smoke_parallel,2,32,zipf,1,accept_static_degree,accept_static_degree,,greedy,accept_id,71,commit_delta,3,0,0,0,0.0,0.0,0.0
l2-n32-zipf-w1,smoke_parallel,2,32,zipf,1,accept_static_degree,accept_static_degree,,greedy,accept_id,71,batch_delta_ms,3,0.007873000000000005,0.005271999999999999,0.009631,0.006572500000000002,0.008752000000000003,0.002179500000000001
l2-n32-zipf-w1,smoke_parallel,2,32,zipf,1,accept_static_degree,accept_static_degree,,greedy,accept_id,71,selector_delta_ms,3,0.006212000000000002,0.005867999999999998,0.010514000000000003,0.00604,0.008363000000000002,0.002323000000000002
l2-n32-zipf-w1,smoke_parallel,2,32,zipf,1,accept_static_degree,accept_static_degree,,greedy,accept_id,71,batch_speedup,3,0.9138715676621814,0.8978132393977655,0.94288747576076,0.9058424035299735,0.9283795217114708,0.022537118181497284
l2-n32-zipf-w1,smoke_parallel,2,32,zipf,1,accept_static_degree,accept_static_degree,,greedy,accept_id,71,selector_speedup,3,0.8709597008724553,0.7935192458758837,0.8755857097423938,0.8322394733741696,0.8732727053074245,0.04103323193325492
l2-n32-zipf-w1,smoke_parallel,2,32,zipf,1,accept_static_degree,accept_static_degree,,greedy,accept_id,71,rate_ratio,3,0.9138715676599178,0.8978132394006886,0.9428874757636692,0.9058424035303032,0.9283795217117935,0.02253711818149029
l2-n32-zipf-w1,smoke_parallel,2,32,zipf,1,accept_id,accept_id,,greedy,native,71,commit_delta,3,0,0,0,0.0,0.0,0.0
l2-n32-zipf-w1,smoke_parallel,2,32,zipf,1,accept_id,accept_id,,greedy,native,71,batch_delta_ms,3,0.040456,0.038995,0.04317,0.0397255,0.041813,0.002087500000000006
l2-n32-zipf-w1,smoke_parallel,2,32,zipf,1,accept_id,accept_id,,greedy,native,71,selector_delta_ms,3,0.041297,0.040406,0.041928,0.0408515,0.0416125,0.0007609999999999978
l2-n32-zipf-w1,smoke_parallel,2,32,zipf,1,accept_id,accept_id,,greedy,native,71,batch_speedup,3,0.5218984140490203,0.5040040442570402,0.5332008571052348,0.5129512291530303,0.5275496355771275,0.014598406424097266
l2-n32-zipf-w1,smoke_parallel,2,32,zipf,1,accept_id,accept_id,,greedy,native,71,selector_speedup,3,0.0,0.0,0.0,0.0,0.0,0.0
l2-n32-zipf-w1,smoke_parallel,2,32,zipf,1,accept_id,accept_id,,greedy,native,71,rate_ratio,3,0.5218984140481316,0.5040040442559318,0.5332008571057787,0.5129512291520317,0.5275496355769551,0.014598406424923382
l2-n32-zipf-w1,smoke_parallel,2,32,zipf,1,accept_id,accept_id,,greedy,accept_static_degree,71,commit_delta,3,0,0,0,0.0,0.0,0.0
l2-n32-zipf-w1,smoke_parallel,2,32,zipf,1,accept_id,accept_id,,greedy,accept_static_degree,71,batch_delta_ms,3,-0.007873000000000005,-0.009631,-0.005271999999999999,-0.008752000000000003,-0.006572500000000002,0.002179500000000001
l2-n32-zipf-w1,smoke_parallel,2,32,zipf,1,accept_id,accept_id,,greedy,accept_static_degree,71,selector_delta_ms,3,-0.006212000000000002,-0.010514000000000003,-0.005867999999999998,-0.008363000000000002,-0.00604,0.002323000000000002
l2-n32-zipf-w1,smoke_parallel,2,32,zipf,1,accept_id,accept_id,,greedy,accept_static_degree,71,batch_speedup,3,1.094245663598166,1.060571940668911,1.1138173910988205,1.0774088021335384,1.1040315273484933,0.0266227252149549
l2-n32-zipf-w1,smoke_parallel,2,32,zipf,1,accept_id,accept_id,,greedy,accept_static_degree,71,selector_speedup,3,1.1481587483304714,1.142092645954912,1.2602088798693265,1.1451256971426917,1.204183814099899,0.05905811695720731
l2-n32-zipf-w1,smoke_parallel,2,32,zipf,1,accept_id,accept_id,,greedy,accept_static_degree,71,rate_ratio,3,1.0942456636008764,1.0605719406656386,1.1138173910951943,1.0774088021332575,1.1040315273480354,0.02662272521477793
l2-n32-zipf-w1,smoke_parallel,2,32,zipf,1,eas_k1_adaptive,eas,1,adaptive,native,71,commit_delta,3,0,0,0,0.0,0.0,0.0
l2-n32-zipf-w1,smoke_parallel,2,32,zipf,1,eas_k1_adaptive,eas,1,adaptive,native,71,batch_delta_ms,3,0.078758,0.073829,0.078959,0.0762935,0.0788585,0.002564999999999998
l2-n32-zipf-w1,smoke_parallel,2,32,zipf,1,eas_k1_adaptive,eas,1,adaptive,native,71,selector_delta_ms,3,0.077856,0.077305,0.079836,0.0775805,0.078846,0.0012655000000000027
l2-n32-zipf-w1,smoke_parallel,2,32,zipf,1,eas_k1_adaptive,eas,1,adaptive,native,71,batch_speedup,3,0.3586877949334395,0.3577329255861366,0.3762914903143506,0.35821036025978803,0.36748964262389505,0.009279282364107022
l2-n32-zipf-w1,smoke_parallel,2,32,zipf,1,eas_k1_adaptive,eas,1,adaptive,native,71,selector_speedup,3,0.0,0.0,0.0,0.0,0.0,0.0
l2-n32-zipf-w1,smoke_parallel,2,32,zipf,1,eas_k1_adaptive,eas,1,adaptive,native,71,rate_ratio,3,0.35868779493279584,0.35773292558550884,0.37629149031437925,0.3582103602591523,0.3674896426235875,0.009279282364435204
l2-n32-zipf-w1,smoke_parallel,2,32,zipf,1,eas_k1_adaptive,eas,1,adaptive,accept_id,71,commit_delta,3,0,0,0,0.0,0.0,0.0
l2-n32-zipf-w1,smoke_parallel,2,32,zipf,1,eas_k1_adaptive,eas,1,adaptive,accept_id,71,batch_delta_ms,3,0.035587999999999995,0.034834000000000004,0.038502999999999996,0.035211,0.037045499999999995,0.0018344999999999959
l2-n32-zipf-w1,smoke_parallel,2,32,zipf,1,eas_k1_adaptive,eas,1,adaptive,accept_id,71,selector_delta_ms,3,0.036008,0.035927999999999995,0.03943000000000001,0.035968,0.037719,0.0017510000000000026
l2-n32-zipf-w1,smoke_parallel,2,32,zipf,1,eas_k1_adaptive,eas,1,adaptive,accept_id,71,batch_speedup,3,0.7057218406535384,0.6872751195977941,0.7097818552497452,0.6964984801256662,0.7077518479516418,0.011253367825975635
l2-n32-zipf-w1,smoke_parallel,2,32,zipf,1,eas_k1_adaptive,eas,1,adaptive,accept_id,71,selector_speedup,3,0.5342086540327275,0.5061125306879102,0.5385326757090013,0.5201605923603189,0.5363706648708644,0.016210072510545515
l2-n32-zipf-w1,smoke_parallel,2,32,zipf,1,eas_k1_adaptive,eas,1,adaptive,accept_id,71,rate_ratio,3,0.7057218406528724,0.6872751195977311,0.7097818552500605,0.6964984801253018,0.7077518479514664,0.011253367826164595
l2-n32-zipf-w1,smoke_parallel,2,32,zipf,1,eas_k1_adaptive,eas,1,adaptive,accept_static_degree,71,commit_delta,3,0,0,0,0.0,0.0,0.0
l2-n32-zipf-w1,smoke_parallel,2,32,zipf,1,eas_k1_adaptive,eas,1,adaptive,accept_static_degree,71,batch_delta_ms,3,0.028871999999999995,0.026961,0.030315999999999996,0.027916499999999997,0.029593999999999995,0.0016774999999999984
l2-n32-zipf-w1,smoke_parallel,2,32,zipf,1,eas_k1_adaptive,eas,1,adaptive,accept_static_degree,71,selector_delta_ms,3,0.029715999999999992,0.028916000000000004,0.03014,0.029316,0.029927999999999996,0.000611999999999998
l2-n32-zipf-w1,smoke_parallel,2,32,zipf,1,eas_k1_adaptive,eas,1,adaptive,accept_static_degree,71,batch_speedup,3,0.7654989806775448,0.7527747196738023,0.7722330638416505,0.7591368501756736,0.7688660222595977,0.009729172083924098
l2-n32-zipf-w1,smoke_parallel,2,32,zipf,1,eas_k1_adaptive,eas,1,adaptive,accept_static_degree,71,selector_speedup,3,0.6183210028771066,0.6101157751762499,0.6378075053860414,0.6142183890266782,0.628064254131574,0.013845865104895716
l2-n32-zipf-w1,smoke_parallel,2,32,zipf,1,eas_k1_adaptive,eas,1,adaptive,accept_static_degree,71,rate_ratio,3,0.7654989806749825,0.7527747196718142,0.7722330638428342,0.7591368501733984,0.7688660222589083,0.00972917208550994
l2-n32-zipf-w1,smoke_parallel,2,32,zipf,1,eas_k2_adaptive,eas,2,adaptive,native,71,commit_delta,3,-2,-2,-2,-2.0,-2.0,0.0
l2-n32-zipf-w1,smoke_parallel,2,32,zipf,1,eas_k2_adaptive,eas,2,adaptive,native,71,batch_delta_ms,3,0.07874500000000001,0.075875,0.079127,0.07731,0.078936,0.0016260000000000024
l2-n32-zipf-w1,smoke_parallel,2,32,zipf,1,eas_k2_adaptive,eas,2,adaptive,native,71,selector_delta_ms,3,0.078825,0.076687,0.079088,0.077756,0.07895650000000001,0.0012005000000000071
l2-n32-zipf-w1,smoke_parallel,2,32,zipf,1,eas_k2_adaptive,eas,2,adaptive,native,71,batch_speedup,3,0.3593123255795032,0.3566596744556645,0.36989793799878756,0.35798600001758385,0.3646051317891454,0.006619131771561537
l2-n32-zipf-w1,smoke_parallel,2,32,zipf,1,eas_k2_adaptive,eas,2,adaptive,native,71,selector_speedup,3,0.0,0.0,0.0,0.0,0.0,0.0
l2-n32-zipf-w1,smoke_parallel,2,32,zipf,1,eas_k2_adaptive,eas,2,adaptive,native,71,rate_ratio,3,0.3233810930203402,0.32099370701028085,0.33290814419837866,0.32218740001531054,0.3281446186093594,0.005957218594048852
l2-n32-zipf-w1,smoke_parallel,2,32,zipf,1,eas_k2_adaptive,eas,2,adaptive,accept_id,71,commit_delta,3,-2,-2,-2,-2.0,-2.0,0.0
l2-n32-zipf-w1,smoke_parallel,2,32,zipf,1,eas_k2_adaptive,eas,2,adaptive,accept_id,71,batch_delta_ms,3,0.036879999999999996,0.035957,0.038289000000000004,0.0364185,0.0375845,0.0011660000000000004
l2-n32-zipf-w1,smoke_parallel,2,32,zipf,1,eas_k2_adaptive,eas,2,adaptive,accept_id,71,selector_delta_ms,3,0.036897000000000006,0.035390000000000005,0.03868200000000001,0.03614350000000001,0.037789500000000004,0.0016459999999999947
l2-n32-zipf-w1,smoke_parallel,2,32,zipf,1,eas_k2_adaptive,eas,2,adaptive,accept_id,71,batch_speedup,3,0.6937309516098226,0.6884717713393053,0.7076524058084134,0.6911013614745639,0.700691678709118,0.009590317234554058
l2-n32-zipf-w1,smoke_parallel,2,32,zipf,1,eas_k2_adaptive,eas,2,adaptive,accept_id,71,selector_speedup,3,0.5319124643196955,0.5108992514667205,0.5385136985408218,0.521405857893208,0.5352130814302587,0.013807223537050661
l2-n32-zipf-w1,smoke_parallel,2,32,zipf,1,eas_k2_adaptive,eas,2,adaptive,accept_id,71,rate_ratio,3,0.6243578564472092,0.6196245942041063,0.6368871652293353,0.6219912253256578,0.6306225108382723,0.008631285512614495
l2-n32-zipf-w1,smoke_parallel,2,32,zipf,1,eas_k2_adaptive,eas,2,adaptive,accept_static_degree,71,commit_delta,3,-2,-2,-2,-2.0,-2.0,0.0
l2-n32-zipf-w1,smoke_parallel,2,32,zipf,1,eas_k2_adaptive,eas,2,adaptive,accept_static_degree,71,batch_delta_ms,3,0.02900699999999999,0.028658000000000003,0.030685000000000004,0.028832499999999997,0.029845999999999998,0.0010135000000000005
l2-n32-zipf-w1,smoke_parallel,2,32,zipf,1,eas_k2_adaptive,eas,2,adaptive,accept_static_degree,71,selector_delta_ms,3,0.029522000000000007,0.028168000000000006,0.030685000000000004,0.028845000000000006,0.030103500000000005,0.0012584999999999992
l2-n32-zipf-w1,smoke_parallel,2,32,zipf,1,eas_k2_adaptive,eas,2,adaptive,accept_static_degree,71,batch_speedup,3,0.7591120855028776,0.7505162853472527,0.7668318321983288,0.7548141854250652,0.7629719588506032,0.008157773425538029
l2-n32-zipf-w1,smoke_parallel,2,32,zipf,1,eas_k2_adaptive,eas,2,adaptive,accept_static_degree,71,selector_speedup,3,0.6150325348494529,0.6107199492546781,0.6438397734169532,0.6128762420520655,0.629436154133203,0.016559912081137496
l2-n32-zipf-w1,smoke_parallel,2,32,zipf,1,eas_k2_adaptive,eas,2,adaptive,accept_static_degree,71,rate_ratio,3,0.6832008769524971,0.6754646568123135,0.6901486489748361,0.6793327668824053,0.6866747629636666,0.007341996081261293
l2-n32-zipf-w1,smoke_parallel,2,32,zipf,1,eas_k1_adaptive,eas,1,adaptive,native,101,commit_delta,3,0,0,0,0.0,0.0,0.0
l2-n32-zipf-w1,smoke_parallel,2,32,zipf,1,eas_k1_adaptive,eas,1,adaptive,native,101,batch_delta_ms,3,0.08040900000000001,0.07816200000000001,0.080488,0.07928550000000001,0.0804485,0.0011629999999999974
l2-n32-zipf-w1,smoke_parallel,2,32,zipf,1,eas_k1_adaptive,eas,1,adaptive,native,101,selector_delta_ms,3,0.079143,0.078378,0.08057,0.07876050000000001,0.0798565,0.0010959999999999859
l2-n32-zipf-w1,smoke_parallel,2,32,zipf,1,eas_k1_adaptive,eas,1,adaptive,native,101,batch_speedup,3,0.3538487500301343,0.35134263885754813,0.35818628215760817,0.3525956944438412,0.3560175160938712,0.0034218216500300214
l2-n32-zipf-w1,smoke_parallel,2,32,zipf,1,eas_k1_adaptive,eas,1,adaptive,native,101,selector_speedup,3,0.0,0.0,0.0,0.0,0.0,0.0
l2-n32-zipf-w1,smoke_parallel,2,32,zipf,1,eas_k1_adaptive,eas,1,adaptive,native,101,rate_ratio,3,0.35384875002982363,0.3513426388574456,0.3581862821578748,0.3525956944436346,0.35601751609384924,0.0034218216502146515
l2-n32-zipf-w1,smoke_parallel,2,32,zipf,1,eas_k1_adaptive,eas,1,adaptive,accept_id,101,commit_delta,3,0,0,0,0.0,0.0,0.0
l2-n32-zipf-w1,smoke_parallel,2,32,zipf,1,eas_k1_adaptive,eas,1,adaptive,accept_id,101,batch_delta_ms,3,0.039233000000000004,0.036401,0.041394,0.037817,0.0403135,0.0024964999999999987
l2-n32-zipf-w1,smoke_parallel,2,32,zipf,1,eas_k1_adaptive,eas,1,adaptive,accept_id,101,selector_delta_ms,3,0.03767,0.036410000000000005,0.039246,0.037040000000000003,0.038458000000000006,0.0014180000000000026
l2-n32-zipf-w1,smoke_parallel,2,32,zipf,1,eas_k1_adaptive,eas,1,adaptive,accept_id,101,batch_speedup,3,0.684731162058131,0.6664034041455787,0.7010994966456731,0.6755672831018549,0.692915329351902,0.017348046250047156
l2-n32-zipf-w1,smoke_parallel,2,32,zipf,1,eas_k1_adaptive,eas,1,adaptive,accept_id,101,selector_speedup,3,0.524026129916733,0.5128956187166439,0.5354563780652734,0.5184608743166885,0.5297412539910031,0.011280379674314611
l2-n32-zipf-w1,smoke_parallel,2,32,zipf,1,eas_k1_adaptive,eas,1,adaptive,accept_id,101,rate_ratio,3,0.6847311620589528,0.6664034041461213,0.7010994966438523,0.675567283102537,0.6929153293514025,0.017348046248865545
l2-n32-zipf-w1,smoke_parallel,2,32,zipf,1,eas_k1_adaptive,eas,1,adaptive,accept_static_degree,101,commit_delta,3,0,0,0,0.0,0.0,0.0
l2-n32-zipf-w1,smoke_parallel,2,32,zipf,1,eas_k1_adaptive,eas,1,adaptive,accept_static_degree,101,batch_delta_ms,3,0.030216999999999994,0.030017000000000002,0.031017000000000003,0.030116999999999998,0.030617,0.0005000000000000004
l2-n32-zipf-w1,smoke_parallel,2,32,zipf,1,eas_k1_adaptive,eas,1,adaptive,accept_static_degree,101,selector_delta_ms,3,0.031299,0.029987000000000007,0.031586,0.030643000000000004,0.0314425,0.0007994999999999947
l2-n32-zipf-w1,smoke_parallel,2,32,zipf,1,eas_k1_adaptive,eas,1,adaptive,accept_static_degree,101,batch_speedup,3,0.7535206063243638,0.7507533569586076,0.7564794816414687,0.7521369816414857,0.7550000439829163,0.0028630623414306333
l2-n32-zipf-w1,smoke_parallel,2,32,zipf,1,eas_k1_adaptive,eas,1,adaptive,accept_static_degree,101,selector_speedup,3,0.6115303462827355,0.5970042613998826,0.6211035720152129,0.6042673038413091,0.6163169591489742,0.012049655307665108
l2-n32-zipf-w1,smoke_parallel,2,32,zipf,1,eas_k1_adaptive,eas,1,adaptive,accept_static_degree,101,rate_ratio,3,0.7535206063258505,0.7507533569583269,0.7564794816432213,0.7521369816420886,0.7550000439845359,0.0028630623424472645
l2-n32-zipf-w1,smoke_parallel,2,32,zipf,1,accept_id,accept_id,,greedy,native,101,commit_delta,3,0,0,0,0.0,0.0,0.0
l2-n32-zipf-w1,smoke_parallel,2,32,zipf,1,accept_id,accept_id,,greedy,native,101,batch_delta_ms,3,0.041176,0.039094,0.041761,0.040135,0.0414685,0.0013335000000000014
l2-n32-zipf-w1,smoke_parallel,2,32,zipf,1,accept_id,accept_id,,greedy,native,101,selector_delta_ms,3,0.041473,0.041324,0.041968,0.041398500000000005,0.0417205,0.0003219999999999959
l2-n32-zipf-w1,smoke_parallel,2,32,zipf,1,accept_id,accept_id,,greedy,native,101,batch_speedup,3,0.5167703321206432,0.5108922255276288,0.5272221550368847,0.5138312788241359,0.521996243578764,0.008164964754628024
l2-n32-zipf-w1,smoke_parallel,2,32,zipf,1,accept_id,accept_id,,greedy,native,101,selector_speedup,3,0.0,0.0,0.0,0.0,0.0,0.0
l2-n32-zipf-w1,smoke_parallel,2,32,zipf,1,accept_id,accept_id,,greedy,native,101,rate_ratio,3,0.5167703321195692,0.5108922255293358,0.5272221550363017,0.5138312788244526,0.5219962435779355,0.00816496475348294
l2-n32-zipf-w1,smoke_parallel,2,32,zipf,1,accept_id,accept_id,,greedy,accept_static_degree,101,commit_delta,3,0,0,0,0.0,0.0,0.0
l2-n32-zipf-w1,smoke_parallel,2,32,zipf,1,accept_id,accept_id,,greedy,accept_static_degree,101,batch_delta_ms,3,-0.008216000000000001,-0.011177000000000006,-0.006384000000000001,-0.009696500000000004,-0.007300000000000001,0.002396500000000003
l2-n32-zipf-w1,smoke_parallel,2,32,zipf,1,accept_id,accept_id,,greedy,accept_static_degree,101,selector_delta_ms,3,-0.007682999999999995,-0.007947000000000003,-0.004824000000000002,-0.007814999999999999,-0.006253499999999999,0.0015615000000000004
l2-n32-zipf-w1,smoke_parallel,2,32,zipf,1,accept_id,accept_id,,greedy,accept_static_degree,101,batch_speedup,3,1.0964206079098697,1.0747698578154645,1.1351674930463176,1.085595232862667,1.1157940504780937,0.030198817615426643
l2-n32-zipf-w1,smoke_parallel,2,32,zipf,1,accept_id,accept_id,,greedy,accept_static_degree,101,selector_speedup,3,1.185253056205242,1.1149447197865041,1.1923095537702062,1.1500988879958731,1.188781304987724,0.03868241699185093
l2-n32-zipf-w1,smoke_parallel,2,32,zipf,1,accept_id,accept_id,,greedy,accept_static_degree,101,rate_ratio,3,1.096420607908144,1.0747698578203762,1.1351674930480233,1.08559523286426,1.1157940504780837,0.030198817613823703
l2-n32-zipf-w1,smoke_parallel,2,32,zipf,1,eas_k2_adaptive,eas,2,adaptive,native,101,commit_delta,3,-1,-1,-1,-1.0,-1.0,0.0
l2-n32-zipf-w1,smoke_parallel,2,32,zipf,1,eas_k2_adaptive,eas,2,adaptive,native,101,batch_delta_ms,3,0.077513,0.076213,0.079902,0.076863,0.0787075,0.001844499999999999
l2-n32-zipf-w1,smoke_parallel,2,32,zipf,1,eas_k2_adaptive,eas,2,adaptive,native,101,selector_delta_ms,3,0.078456,0.076803,0.078756,0.07762949999999999,0.07860600000000001,0.000976500000000019
l2-n32-zipf-w1,smoke_parallel,2,32,zipf,1,eas_k2_adaptive,eas,2,adaptive,native,101,batch_speedup,3,0.35997324724008956,0.35314071063688546,0.36619624606019274,0.3565569789384875,0.3630847466501411,0.0065277677116536426
l2-n32-zipf-w1,smoke_parallel,2,32,zipf,1,eas_k2_adaptive,eas,2,adaptive,native,101,selector_speedup,3,0.0,0.0,0.0,0.0,0.0,0.0
l2-n32-zipf-w1,smoke_parallel,2,32,zipf,1,eas_k2_adaptive,eas,2,adaptive,native,101,rate_ratio,3,0.3410272868583265,0.3345543574454221,0.34692275942541306,0.3377908221518743,0.3439750231418698,0.006184200989995503
l2-n32-zipf-w1,smoke_parallel,2,32,zipf,1,eas_k2_adaptive,eas,2,adaptive,accept_id,101,commit_delta,3,-1,-1,-1,-1.0,-1.0,0.0
l2-n32-zipf-w1,smoke_parallel,2,32,zipf,1,eas_k2_adaptive,eas,2,adaptive,accept_id,101,batch_delta_ms,3,0.038140999999999994,0.03503700000000001,0.038418999999999995,0.036589,0.038279999999999995,0.0016909999999999911
l2-n32-zipf-w1,smoke_parallel,2,32,zipf,1,eas_k2_adaptive,eas,2,adaptive,accept_id,101,selector_delta_ms,3,0.036488,0.03532999999999999,0.03743200000000001,0.035908999999999996,0.03696000000000001,0.0010510000000000103
l2-n32-zipf-w1,smoke_parallel,2,32,zipf,1,eas_k2_adaptive,eas,2,adaptive,accept_id,101,batch_speedup,3,0.6912234968386455,0.6827733694440545,0.7086247473949453,0.68699843314135,0.6999241221167953,0.012925688975445326
l2-n32-zipf-w1,smoke_parallel,2,32,zipf,1,eas_k2_adaptive,eas,2,adaptive,accept_id,101,selector_speedup,3,0.5349240338533701,0.5247092285032251,0.5399919273986694,0.5298166311782976,0.5374579806260198,0.007641349447722212
l2-n32-zipf-w1,smoke_parallel,2,32,zipf,1,eas_k2_adaptive,eas,2,adaptive,accept_id,101,rate_ratio,3,0.6548433127922236,0.6468379289463759,0.671328708059701,0.6508406208692998,0.6630860104259624,0.012245389556662545
l2-n32-zipf-w1,smoke_parallel,2,32,zipf,1,eas_k2_adaptive,eas,2,adaptive,accept_static_degree,101,commit_delta,3,-1,-1,-1,-1.0,-1.0,0.0
l2-n32-zipf-w1,smoke_parallel,2,32,zipf,1,eas_k2_adaptive,eas,2,adaptive,accept_static_degree,101,batch_delta_ms,3,0.02724199999999999,0.02682100000000001,0.031756999999999994,0.0270315,0.02949949999999999,0.002467999999999991
l2-n32-zipf-w1,smoke_parallel,2,32,zipf,1,eas_k2_adaptive,eas,2,adaptive,accept_static_degree,101,selector_delta_ms,3,0.029485000000000004,0.027646999999999998,0.031664,0.028566,0.0305745,0.0020085
l2-n32-zipf-w1,smoke_parallel,2,32,zipf,1,eas_k2_adaptive,eas,2,adaptive,accept_static_degree,101,batch_speedup,3,0.7750621341105947,0.7429061794159793,0.7769507763187439,0.7589841567632869,0.7760064552146693,0.017022298451382367
l2-n32-zipf-w1,smoke_parallel,2,32,zipf,1,eas_k2_adaptive,eas,2,adaptive,accept_static_degree,101,selector_speedup,3,0.6256158260957895,0.596410727031712,0.6400270822754319,0.6110132765637508,0.6328214541856108,0.021808177621859937
l2-n32-zipf-w1,smoke_parallel,2,32,zipf,1,eas_k2_adaptive,eas,2,adaptive,accept_static_degree,101,rate_ratio,3,0.734269390210433,0.7038058541843224,0.7360586301970065,0.7190376221973778,0.7351640102037198,0.01612638800634203
l2-n32-zipf-w1,smoke_parallel,2,32,zipf,1,native,native,,native,accept_id,101,commit_delta,3,0,0,0,0.0,0.0,0.0
l2-n32-zipf-w1,smoke_parallel,2,32,zipf,1,native,native,,native,accept_id,101,batch_delta_ms,3,-0.041176,-0.041761,-0.039094,-0.0414685,-0.040135,0.0013335000000000014
l2-n32-zipf-w1,smoke_parallel,2,32,zipf,1,native,native,,native,accept_id,101,selector_delta_ms,3,-0.041473,-0.041968,-0.041324,-0.0417205,-0.041398500000000005,0.0003219999999999959
l2-n32-zipf-w1,smoke_parallel,2,32,zipf,1,native,native,,native,accept_id,101,batch_speedup,3,1.9350956079393196,1.8967336452885584,1.9573599871621468,1.9159146266139389,1.9462277975507332,0.03031317093679431
l2-n32-zipf-w1,smoke_parallel,2,32,zipf,1,native,native,,native,accept_id,101,selector_speedup,0,,,,,,
l2-n32-zipf-w1,smoke_parallel,2,32,zipf,1,native,native,,native,accept_id,101,rate_ratio,3,1.9350956079433408,1.8967336452906562,1.9573599871556067,1.9159146266169986,1.9462277975494737,0.030313170932475098
l2-n32-zipf-w1,smoke_parallel,2,32,zipf,1,native,native,,native,accept_static_degree,101,commit_delta,3,0,0,0,0.0,0.0,0.0
l2-n32-zipf-w1,smoke_parallel,2,32,zipf,1,native,native,,native,accept_static_degree,101,batch_delta_ms,3,-0.049392,-0.050271,-0.048145,-0.0498315,-0.0487685,0.0010630000000000014
l2-n32-zipf-w1,smoke_parallel,2,32,zipf,1,native,native,,native,accept_static_degree,101,selector_delta_ms,3,-0.049156,-0.049271,-0.046792,-0.0492135,-0.047974,0.0012394999999999975
l2-n32-zipf-w1,smoke_parallel,2,32,zipf,1,native,native,,native,accept_static_degree,101,batch_speedup,3,2.1216787028205477,2.1037115150959402,2.1531103770988165,2.1126951089582438,2.137394539959682,0.02469943100143812
l2-n32-zipf-w1,smoke_parallel,2,32,zipf,1,native,native,,native,accept_static_degree,101,selector_speedup,0,,,,,,
l2-n32-zipf-w1,smoke_parallel,2,32,zipf,1,native,native,,native,accept_static_degree,101,rate_ratio,3,2.121678702821617,2.103711515098525,2.153110377104433,2.1126951089600707,2.137394539963025,0.024699431002954242
l2-n32-zipf-w1,smoke_parallel,2,32,zipf,1,accept_static_degree,accept_static_degree,,greedy,native,101,commit_delta,3,0,0,0,0.0,0.0,0.0
l2-n32-zipf-w1,smoke_parallel,2,32,zipf,1,accept_static_degree,accept_static_degree,,greedy,native,101,batch_delta_ms,3,0.049392,0.048145,0.050271,0.0487685,0.0498315,0.0010630000000000014
l2-n32-zipf-w1,smoke_parallel,2,32,zipf,1,accept_static_degree,accept_static_degree,,greedy,native,101,selector_delta_ms,3,0.049156,0.046792,0.049271,0.047974,0.0492135,0.0012394999999999975
l2-n32-zipf-w1,smoke_parallel,2,32,zipf,1,accept_static_degree,accept_static_degree,,greedy,native,101,batch_speedup,3,0.47132489885042705,0.46444437342196937,0.47535034762330275,0.46788463613619824,0.4733376232368649,0.005452987100666662
l2-n32-zipf-w1,smoke_parallel,2,32,zipf,1,accept_static_degree,accept_static_degree,,greedy,native,101,selector_speedup,3,0.0,0.0,0.0,0.0,0.0,0.0
l2-n32-zipf-w1,smoke_parallel,2,32,zipf,1,accept_static_degree,accept_static_degree,,greedy,native,101,rate_ratio,3,0.47132489885018947,0.46444437342075784,0.4753503476227187,0.46788463613547365,0.4733376232364541,0.0054529871009804665
l2-n32-zipf-w1,smoke_parallel,2,32,zipf,1,accept_static_degree,accept_static_degree,,greedy,accept_id,101,commit_delta,3,0,0,0,0.0,0.0,0.0
l2-n32-zipf-w1,smoke_parallel,2,32,zipf,1,accept_static_degree,accept_static_degree,,greedy,accept_id,101,batch_delta_ms,3,0.008216000000000001,0.006384000000000001,0.011177000000000006,0.007300000000000001,0.009696500000000004,0.002396500000000003
l2-n32-zipf-w1,smoke_parallel,2,32,zipf,1,accept_static_degree,accept_static_degree,,greedy,accept_id,101,selector_delta_ms,3,0.007682999999999995,0.004824000000000002,0.007947000000000003,0.006253499999999999,0.007814999999999999,0.0015615000000000004
l2-n32-zipf-w1,smoke_parallel,2,32,zipf,1,accept_static_degree,accept_static_degree,,greedy,accept_id,101,batch_speedup,3,0.9120587416779055,0.8809272694344125,0.9304317503214699,0.896493005556159,0.9212452459996876,0.02475224044352864
l2-n32-zipf-w1,smoke_parallel,2,32,zipf,1,accept_static_degree,accept_static_degree,,greedy,accept_id,101,selector_speedup,3,0.843701684433233,0.8387083680055204,0.8969054539237477,0.8412050262193767,0.8703035691784904,0.029098542959113738
l2-n32-zipf-w1,smoke_parallel,2,32,zipf,1,accept_static_degree,accept_static_degree,,greedy,accept_id,101,rate_ratio,3,0.912058741679341,0.8809272694330887,0.9304317503172179,0.8964930055562148,0.9212452459982794,0.024752240442064588
l2-n32-zipf-w2,smoke_parallel,2,32,zipf,2,accept_static_degree,accept_static_degree,,greedy,native,11,commit_delta,3,1,1,1,1.0,1.0,0.0
l2-n32-zipf-w2,smoke_parallel,2,32,zipf,2,accept_static_degree,accept_static_degree,,greedy,native,11,batch_delta_ms,3,0.051770000000000004,-48.997997000000005,0.070303,-24.473113500000004,0.06103650000000001,24.534150000000004
l2-n32-zipf-w2,smoke_parallel,2,32,zipf,2,accept_static_degree,accept_static_degree,,greedy,native,11,selector_delta_ms,3,0.047418,0.045843,0.068462,0.046630500000000005,0.05794,0.011309499999999993
l2-n32-zipf-w2,smoke_parallel,2,32,zipf,2,accept_static_degree,accept_static_degree,,greedy,native,11,batch_speedup,3,0.4632841577075795,0.3583209353693376,516.3235838539366,0.4108025465384586,258.3934340058221,257.98263145928365
l2-n32-zipf-w2,smoke_parallel,2,32,zipf,2,accept_static_degree,accept_static_degree,,greedy,native,11,selector_speedup,3,0.0,0.0,0.0,0.0,0.0,0.0
l2-n32-zipf-w2,smoke_parallel,2,32,zipf,2,accept_static_degree,accept_static_degree,,greedy,native,11,rate_ratio,3,0.4834269471723276,0.3739001064725181,538.7724353250209,0.4286635268224228,269.6279311360966,269.19926760927416
l2-n32-zipf-w2,smoke_parallel,2,32,zipf,2,accept_static_degree,accept_static_degree,,greedy,accept_id,11,commit_delta,3,1,1,1,1.0,1.0,0.0
l2-n32-zipf-w2,smoke_parallel,2,32,zipf,2,accept_static_degree,accept_static_degree,,greedy,accept_id,11,batch_delta_ms,3,-55.70085,-55.81149,0.0007260000000000044,-55.75617,-27.850062,27.906107999999996
l2-n32-zipf-w2,smoke_parallel,2,32,zipf,2,accept_static_degree,accept_static_degree,,greedy,accept_id,11,selector_delta_ms,3,0.010763000000000002,0.006364000000000002,0.029790999999999998,0.008563500000000002,0.020277,0.011713499999999998
l2-n32-zipf-w2,smoke_parallel,2,32,zipf,2,accept_static_degree,accept_static_degree,,greedy,accept_id,11,batch_speedup,3,509.4003431878132,0.9923644853915567,579.6152378780182,255.19635383660238,544.5077905329157,289.3114366963133
l2-n32-zipf-w2,smoke_parallel,2,32,zipf,2,accept_static_degree,accept_static_degree,,greedy,accept_id,11,selector_speedup,3,0.7730186848875954,0.5648534953696941,0.8611783696529459,0.6689360901286447,0.8170985272702707,0.1481624371416259
l2-n32-zipf-w2,smoke_parallel,2,32,zipf,2,accept_static_degree,accept_static_degree,,greedy,accept_id,11,rate_ratio,3,531.5481841957958,1.035510767364612,604.8159003944079,266.2918474815802,568.1820422951018,301.89019481352165
l2-n32-zipf-w2,smoke_parallel,2,32,zipf,2,native,native,,native,accept_id,11,commit_delta,3,0,0,0,0.0,0.0,0.0
l2-n32-zipf-w2,smoke_parallel,2,32,zipf,2,native,native,,native,accept_id,11,batch_delta_ms,3,-55.771153000000005,-55.86326,48.998723000000005,-55.8172065,-3.386215,52.4309915
l2-n32-zipf-w2,smoke_parallel,2,32,zipf,2,native,native,,native,accept_id,11,selector_delta_ms,3,-0.038671,-0.039479,-0.036655,-0.039075,-0.037663,0.0014119999999999966
l2-n32-zipf-w2,smoke_parallel,2,32,zipf,2,native,native,,native,accept_id,11,batch_speedup,3,1251.100924206145,0.0019219817115157922,1421.6315400682663,625.5514230939282,1336.3662321372058,710.8148090432776
l2-n32-zipf-w2,smoke_parallel,2,32,zipf,2,native,native,,native,accept_id,11,selector_speedup,0,,,,,,
l2-n32-zipf-w2,smoke_parallel,2,32,zipf,2,native,native,,native,accept_id,11,rate_ratio,3,1251.1009242081177,0.001921981711517828,1421.6315400671463,625.5514230949145,1336.3662321376319,710.8148090427173
l2-n32-zipf-w2,smoke_parallel,2,32,zipf,2,native,native,,native,accept_static_degree,11,commit_delta,3,-1,-1,-1,-1.0,-1.0,0.0
l2-n32-zipf-w2,smoke_parallel,2,32,zipf,2,native,native,,native,accept_static_degree,11,batch_delta_ms,3,-0.051770000000000004,-0.070303,48.997997000000005,-0.06103650000000001,24.4731135,24.53415
l2-n32-zipf-w2,smoke_parallel,2,32,zipf,2,native,native,,native,accept_static_degree,11,selector_delta_ms,3,-0.047418,-0.068462,-0.045843,-0.05794,-0.046630500000000005,0.011309499999999993
l2-n32-zipf-w2,smoke_parallel,2,32,zipf,2,native,native,,native,accept_static_degree,11,batch_speedup,3,2.15850247275494,0.0019367699467372987,2.790794233022569,1.0802196213508386,2.4746483528887544,1.3944287315379158
l2-n32-zipf-w2,smoke_parallel,2,32,zipf,2,native,native,,native,accept_static_degree,11,selector_speedup,0,,,,,,
l2-n32-zipf-w2,smoke_parallel,2,32,zipf,2,native,native,,native,accept_static_degree,11,rate_ratio,3,2.0685648697269023,0.0018560711989594237,2.674511139978776,1.035210470462931,2.371538004852839,1.3363275343899081
l2-n32-zipf-w2,smoke_parallel,2,32,zipf,2,eas_k1_adaptive,eas,1,adaptive,native,11,commit_delta,3,1,1,1,1.0,1.0,0.0
l2-n32-zipf-w2,smoke_parallel,2,32,zipf,2,eas_k1_adaptive,eas,1,adaptive,native,11,batch_delta_ms,3,0.068966,-42.671277,0.10065700000000001,-21.3011555,0.08481150000000001,21.385967
l2-n32-zipf-w2,smoke_parallel,2,32,zipf,2,eas_k1_adaptive,eas,1,adaptive,native,11,selector_delta_ms,3,0.070305,0.064972,0.098571,0.0676385,0.08443800000000001,0.01679950000000001
l2-n32-zipf-w2,smoke_parallel,2,32,zipf,2,eas_k1_adaptive,eas,1,adaptive,native,11,batch_speedup,3,0.39318803727134344,0.28058464067469535,7.644751270749239,0.3368863389730194,4.0189696540102915,3.6820833150372723
l2-n32-zipf-w2,smoke_parallel,2,32,zipf,2,eas_k1_adaptive,eas,1,adaptive,native,11,selector_speedup,3,0.0,0.0,0.0,0.0,0.0,0.0
l2-n32-zipf-w2,smoke_parallel,2,32,zipf,2,eas_k1_adaptive,eas,1,adaptive,native,11,rate_ratio,3,0.41028316932630726,0.29278397287806907,7.977131760780477,0.3515335711021882,4.193707465053392,3.842173893951204
l2-n32-zipf-w2,smoke_parallel,2,32,zipf,2,eas_k1_adaptive,eas,1,adaptive,accept_id,11,commit_delta,3,1,1,1,1.0,1.0,0.0
l2-n32-zipf-w2,smoke_parallel,2,32,zipf,2,eas_k1_adaptive,eas,1,adaptive,accept_id,11,batch_delta_ms,3,-55.670496,-55.794294,6.327445999999999,-55.732395,-24.671525,31.060869999999998
l2-n32-zipf-w2,smoke_parallel,2,32,zipf,2,eas_k1_adaptive,eas,1,adaptive,accept_id,11,selector_delta_ms,3,0.030826000000000006,0.028317000000000002,0.05990000000000001,0.029571500000000004,0.04536300000000001,0.015791500000000003
l2-n32-zipf-w2,smoke_parallel,2,32,zipf,2,eas_k1_adaptive,eas,1,adaptive,accept_id,11,batch_speedup,3,398.88797484186824,0.01469307213146715,491.917916816978,199.45133395699986,445.4029458294231,245.95161187242326
l2-n32-zipf-w2,smoke_parallel,2,32,zipf,2,eas_k1_adaptive,eas,1,adaptive,accept_id,11,selector_speedup,3,0.5615390086053623,0.39231619847622523,0.5641661023209998,0.4769276035407938,0.5628525554631811,0.08592495192238736
l2-n32-zipf-w2,smoke_parallel,2,32,zipf,2,eas_k1_adaptive,eas,1,adaptive,accept_id,11,rate_ratio,3,416.23093026962687,0.015331901354588088,513.3056523311786,208.1231310854907,464.7682913004028,256.64516021491204
l2-n32-zipf-w2,smoke_parallel,2,32,zipf,2,eas_k1_adaptive,eas,1,adaptive,accept_static_degree,11,commit_delta,3,0,0,0,0.0,0.0,0.0
l2-n32-zipf-w2,smoke_parallel,2,32,zipf,2,eas_k1_adaptive,eas,1,adaptive,accept_static_degree,11,batch_delta_ms,3,0.030354000000000006,0.017196000000000003,6.32672,0.023775000000000004,3.178537,3.154762
l2-n32-zipf-w2,smoke_parallel,2,32,zipf,2,eas_k1_adaptive,eas,1,adaptive,accept_static_degree,11,selector_delta_ms,3,0.024462000000000005,0.017554,0.03010900000000001,0.021008000000000002,0.027285500000000008,0.006277500000000005
l2-n32-zipf-w2,smoke_parallel,2,32,zipf,2,eas_k1_adaptive,eas,1,adaptive,accept_static_degree,11,batch_speedup,3,0.7830539970696494,0.0148061245114689,0.8486973507078563,0.39893006079055915,0.8158756738887529,0.4169456130981938
l2-n32-zipf-w2,smoke_parallel,2,32,zipf,2,eas_k1_adaptive,eas,1,adaptive,accept_static_degree,11,selector_speedup,3,0.6945450487465886,0.6520588862812033,0.7298220772024873,0.673301967513896,0.7121835629745379,0.03888159546064185
l2-n32-zipf-w2,smoke_parallel,2,32,zipf,2,eas_k1_adaptive,eas,1,adaptive,accept_static_degree,11,rate_ratio,3,0.7830539970696394,0.014806124511489119,0.8486973507086134,0.39893006079056426,0.8158756738891264,0.41694561309856215
l2-n32-zipf-w2,smoke_parallel,2,32,zipf,2,accept_id,accept_id,,greedy,native,11,commit_delta,3,0,0,0,0.0,0.0,0.0
l2-n32-zipf-w2,smoke_parallel,2,32,zipf,2,accept_id,accept_id,,greedy,native,11,batch_delta_ms,3,55.771153000000005,-48.998723000000005,55.86326,3.386215,55.8172065,52.4309915
l2-n32-zipf-w2,smoke_parallel,2,32,zipf,2,accept_id,accept_id,,greedy,native,11,selector_delta_ms,3,0.038671,0.036655,0.039479,0.037663,0.039075,0.0014119999999999966
l2-n32-zipf-w2,smoke_parallel,2,32,zipf,2,accept_id,accept_id,,greedy,native,11,batch_speedup,3,0.0007992960285234583,0.0007034171455931403,520.2963139598966,0.0007513565870582993,260.14855662796253,260.1478052713755
l2-n32-zipf-w2,smoke_parallel,2,32,zipf,2,accept_id,accept_id,,greedy,native,11,selector_speedup,3,0.0,0.0,0.0,0.0,0.0,0.0
l2-n32-zipf-w2,smoke_parallel,2,32,zipf,2,accept_id,accept_id,,greedy,native,11,rate_ratio,3,0.0007992960285221981,0.0007034171455936946,520.2963139593454,0.0007513565870579463,260.14855662768696,260.1478052710999
l2-n32-zipf-w2,smoke_parallel,2,32,zipf,2,accept_id,accept_id,,greedy,accept_static_degree,11,commit_delta,3,-1,-1,-1,-1.0,-1.0,0.0
l2-n32-zipf-w2,smoke_parallel,2,32,zipf,2,accept_id,accept_id,,greedy,accept_static_degree,11,batch_delta_ms,3,55.70085,-0.0007260000000000044,55.81149,27.850062,55.75617,27.906107999999996
l2-n32-zipf-w2,smoke_parallel,2,32,zipf,2,accept_id,accept_id,,greedy,accept_static_degree,11,selector_delta_ms,3,-0.010763000000000002,-0.029790999999999998,-0.006364000000000002,-0.020277,-0.008563500000000002,0.011713499999999998
l2-n32-zipf-w2,smoke_parallel,2,32,zipf,2,accept_id,accept_id,,greedy,accept_static_degree,11,batch_speedup,3,0.0019630925133305326,0.001725282454031088,1.0076942642757218,0.0018441874836808104,0.5048286783945262,0.5029844909108454
l2-n32-zipf-w2,smoke_parallel,2,32,zipf,2,accept_id,accept_id,,greedy,accept_static_degree,11,selector_speedup,3,1.293629791297231,1.161199625117151,1.770370561919785,1.2274147082071911,1.5320001766085078,0.30458546840131673
l2-n32-zipf-w2,smoke_parallel,2,32,zipf,2,accept_id,accept_id,,greedy,accept_static_degree,11,rate_ratio,3,0.0018812969919424086,0.0016533956851132513,0.9657070032646909,0.0017673463385278298,0.48379415012831667,0.48202680378978885
l2-n32-zipf-w2,smoke_parallel,2,32,zipf,2,eas_k2_adaptive,eas,2,adaptive,native,11,commit_delta,3,-1,-1,-1,-1.0,-1.0,0.0
l2-n32-zipf-w2,smoke_parallel,2,32,zipf,2,eas_k2_adaptive,eas,2,adaptive,native,11,batch_delta_ms,3,0.092727,-46.744589000000005,10.336546,-23.325931000000004,5.2146365,28.540567500000005
l2-n32-zipf-w2,smoke_parallel,2,32,zipf,2,eas_k2_adaptive,eas,2,adaptive,native,11,selector_delta_ms,3,0.097797,0.067931,0.098974,0.082864,0.0983855,0.015521500000000008
l2-n32-zipf-w2,smoke_parallel,2,32,zipf,2,eas_k2_adaptive,eas,2,adaptive,native,11,batch_speedup,3,0.3251997613052527,0.003783610407444088,20.904103913578513,0.1644916858563484,10.614651837441883,10.450160151585536
l2-n32-zipf-w2,smoke_parallel,2,32,zipf,2,eas_k2_adaptive,eas,2,adaptive,native,11,selector_speedup,3,0.0,0.0,0.0,0.0,0.0,0.0
l2-n32-zipf-w2,smoke_parallel,2,32,zipf,2,eas_k2_adaptive,eas,2,adaptive,native,11,rate_ratio,3,0.31106064124748223,0.0036191056071250877,19.99522983035978,0.15733987342730366,10.153145235803631,9.995805362376327
l2-n32-zipf-w2,smoke_parallel,2,32,zipf,2,eas_k2_adaptive,eas,2,adaptive,accept_id,11,commit_delta,3,-1,-1,-1,-1.0,-1.0,0.0
l2-n32-zipf-w2,smoke_parallel,2,32,zipf,2,eas_k2_adaptive,eas,2,adaptive,accept_id,11,batch_delta_ms,3,-45.434607,-55.770533,2.254134,-50.60257,-21.5902365,29.0123335
l2-n32-zipf-w2,smoke_parallel,2,32,zipf,2,eas_k2_adaptive,eas,2,adaptive,accept_id,11,selector_delta_ms,3,0.06030300000000001,0.028452000000000005,0.061141999999999995,0.04437750000000001,0.0607225,0.01634499999999999
l2-n32-zipf-w2,smoke_parallel,2,32,zipf,2,eas_k2_adaptive,eas,2,adaptive,accept_id,11,batch_speedup,3,5.378899890553059,0.040177305417523596,406.85772192061944,2.7095385979852917,206.11831090558627,203.40877230760097
l2-n32-zipf-w2,smoke_parallel,2,32,zipf,2,eas_k2_adaptive,eas,2,adaptive,accept_id,11,selector_speedup,3,0.39071877462767995,0.37480699816967805,0.5811632391691569,0.382762886398679,0.48594100689841846,0.10317812049973946
l2-n32-zipf-w2,smoke_parallel,2,32,zipf,2,eas_k2_adaptive,eas,2,adaptive,accept_id,11,rate_ratio,3,5.145034677922882,0.03843046605154722,389.16825574949473,2.5917325719872144,197.15664521370883,194.5649126417216
l2-n32-zipf-w2,smoke_parallel,2,32,zipf,2,eas_k2_adaptive,eas,2,adaptive,accept_static_degree,11,commit_delta,3,-2,-2,-2,-2.0,-2.0,0.0
l2-n32-zipf-w2,smoke_parallel,2,32,zipf,2,eas_k2_adaptive,eas,2,adaptive,accept_static_degree,11,batch_delta_ms,3,2.253408,0.04095700000000001,10.266243000000001,1.1471824999999998,6.2598255,5.112643
l2-n32-zipf-w2,smoke_parallel,2,32,zipf,2,eas_k2_adaptive,eas,2,adaptive,accept_static_degree,11,selector_delta_ms,3,0.03051200000000001,0.022088000000000003,0.05037899999999999,0.026300000000000007,0.0404455,0.014145499999999995
l2-n32-zipf-w2,smoke_parallel,2,32,zipf,2,eas_k2_adaptive,eas,2,adaptive,accept_static_degree,11,batch_speedup,3,0.04048644022329241,0.010559278105099133,0.7019444889167042,0.02552285916419577,0.3712154645699983,0.34569260540580254
l2-n32-zipf-w2,smoke_parallel,2,32,zipf,2,eas_k2_adaptive,eas,2,adaptive,accept_static_degree,11,selector_speedup,3,0.6748465354550941,0.4848614988189822,0.6917170165902156,0.5798540171370381,0.6832817760226548,0.10342775888561673
l2-n32-zipf-w2,smoke_parallel,2,32,zipf,2,eas_k2_adaptive,eas,2,adaptive,accept_static_degree,11,rate_ratio,3,0.03711257020470511,0.009679338263015697,0.6434491148392648,0.023395954233860407,0.3402808425219849,0.3168848882881245
l2-n32-zipf-w2,smoke_parallel,2,32,zipf,2,eas_k1_adaptive,eas,1,adaptive,native,29,commit_delta,3,0,0,0,0.0,0.0,0.0
l2-n32-zipf-w2,smoke_parallel,2,32,zipf,2,eas_k1_adaptive,eas,1,adaptive,native,29,batch_delta_ms,3,48.400287,-29.563572,56.751265000000004,9.418357499999999,52.575776000000005,43.157418500000006
l2-n32-zipf-w2,smoke_parallel,2,32,zipf,2,eas_k1_adaptive,eas,1,adaptive,native,29,selector_delta_ms,3,0.075777,0.068971,0.104074,0.072374,0.08992549999999999,0.017551499999999998
l2-n32-zipf-w2,smoke_parallel,2,32,zipf,2,eas_k1_adaptive,eas,1,adaptive,native,29,batch_speedup,3,0.000975034328379004,0.0008552664334782327,3.4588186820361413,0.0009151503809286183,1.72989685818226,1.7289817078013314
l2-n32-zipf-w2,smoke_parallel,2,32,zipf,2,eas_k1_adaptive,eas,1,adaptive,native,29,selector_speedup,3,0.0,0.0,0.0,0.0,0.0,0.0
l2-n32-zipf-w2,smoke_parallel,2,32,zipf,2,eas_k1_adaptive,eas,1,adaptive,native,29,rate_ratio,3,0.0009750343283788926,0.0008552664334789628,3.4588186820255484,0.0009151503809289277,1.7298968581769638,1.728981707796035
l2-n32-zipf-w2,smoke_parallel,2,32,zipf,2,eas_k1_adaptive,eas,1,adaptive,accept_id,29,commit_delta,3,0,0,0,0.0,0.0,0.0
l2-n32-zipf-w2,smoke_parallel,2,32,zipf,2,eas_k1_adaptive,eas,1,adaptive,accept_id,29,batch_delta_ms,3,48.361998,11.93734,56.693903,30.149669000000003,52.5279505,22.3782815
l2-n32-zipf-w2,smoke_parallel,2,32,zipf,2,eas_k1_adaptive,eas,1,adaptive,accept_id,29,selector_delta_ms,3,0.030552000000000003,0.014836999999999996,0.064746,0.0226945,0.047649,0.024954499999999998
l2-n32-zipf-w2,smoke_parallel,2,32,zipf,2,eas_k1_adaptive,eas,1,adaptive,accept_id,29,batch_speedup,3,0.0018651635733365746,0.0017653533384832355,0.007164810604844552,0.001815258455909905,0.004514987089090563,0.002699728633180658
l2-n32-zipf-w2,smoke_parallel,2,32,zipf,2,eas_k1_adaptive,eas,1,adaptive,accept_id,29,selector_speedup,3,0.5570312160183265,0.3778849664661683,0.8042018026577986,0.4674580912422474,0.6806165093380625,0.2131584180958151
l2-n32-zipf-w2,smoke_parallel,2,32,zipf,2,eas_k1_adaptive,eas,1,adaptive,accept_id,29,rate_ratio,3,0.001865163573335268,0.0017653533384856905,0.007164810604829086,0.0018152584559104792,0.004514987089082177,0.002699728633171698
l2-n32-zipf-w2,smoke_parallel,2,32,zipf,2,eas_k1_adaptive,eas,1,adaptive,accept_static_degree,29,commit_delta,3,0,0,0,0.0,0.0,0.0
l2-n32-zipf-w2,smoke_parallel,2,32,zipf,2,eas_k1_adaptive,eas,1,adaptive,accept_static_degree,29,batch_delta_ms,3,48.3505,11.932321,56.703938,30.1414105,52.527219,22.385808500000003
l2-n32-zipf-w2,smoke_parallel,2,32,zipf,2,eas_k1_adaptive,eas,1,adaptive,accept_static_degree,29,selector_delta_ms,3,0.024265999999999996,0.021100000000000008,0.05734,0.022683000000000002,0.040803,0.018119999999999997
l2-n32-zipf-w2,smoke_parallel,2,32,zipf,2,eas_k1_adaptive,eas,1,adaptive,accept_static_degree,29,batch_speedup,3,0.002002682283563505,0.001688490552896589,0.007582243618863946,0.0018455864182300471,0.004792462951213725,0.0029468765329836778
l2-n32-zipf-w2,smoke_parallel,2,32,zipf,2,eas_k1_adaptive,eas,1,adaptive,accept_static_degree,29,selector_speedup,3,0.679770906739512,0.44904587120702577,0.6940743210914732,0.564408388973269,0.6869226139154926,0.12251422494222364
l2-n32-zipf-w2,smoke_parallel,2,32,zipf,2,eas_k1_adaptive,eas,1,adaptive,accept_static_degree,29,rate_ratio,3,0.002002682283566908,0.0016884905529002297,0.0075822436188446056,0.0018455864182335686,0.004792462951205757,0.0029468765329721887
l2-n32-zipf-w2,smoke_parallel,2,32,zipf,2,native,native,,native,accept_id,29,commit_delta,3,0,0,0,0.0,0.0,0.0
l2-n32-zipf-w2,smoke_parallel,2,32,zipf,2,native,native,,native,accept_id,29,batch_delta_ms,3,-0.038289000000000004,-0.057361999999999996,41.500912,-0.0478255,20.7313115,20.779137
l2-n32-zipf-w2,smoke_parallel,2,32,zipf,2,native,native,,native,accept_id,29,selector_delta_ms,3,-0.039328,-0.06094,-0.038419,-0.050134,-0.038873500000000005,0.011260499999999993
l2-n32-zipf-w2,smoke_parallel,2,32,zipf,2,native,native,,native,accept_id,29,batch_speedup,3,1.8105550616029469,0.0020714617513939073,2.1807982873257994,0.9063132616771704,1.9956766744643732,1.0893634127872027
l2-n32-zipf-w2,smoke_parallel,2,32,zipf,2,native,native,,native,accept_id,29,selector_speedup,0,,,,,,
l2-n32-zipf-w2,smoke_parallel,2,32,zipf,2,native,native,,native,accept_id,29,rate_ratio,3,1.8105550616056716,0.00207146175139578,2.1807982873224097,0.9063132616785338,1.9956766744640406,1.0893634127855067
l2-n32-zipf-w2,smoke_parallel,2,32,zipf,2,native,native,,native,accept_static_degree,29,commit_delta,3,0,0,0,0.0,0.0,0.0
l2-n32-zipf-w2,smoke_parallel,2,32,zipf,2,native,native,,native,accept_static_degree,29,batch_delta_ms,3,-0.04732700000000001,-0.049787,41.495893,-0.048557,20.724283000000003,20.772840000000002
l2-n32-zipf-w2,smoke_parallel,2,32,zipf,2,native,native,,native,accept_static_degree,29,selector_delta_ms,3,-0.047871,-0.051511,-0.046734,-0.049691,-0.0473025,0.0023885000000000017
l2-n32-zipf-w2,smoke_parallel,2,32,zipf,2,native,native,,native,accept_static_degree,29,batch_speedup,3,1.974227546882398,0.0021921483361482313,2.053960794275795,0.9882098476092731,2.0140941705790967,1.0258843229698236
l2-n32-zipf-w2,smoke_parallel,2,32,zipf,2,native,native,,native,accept_static_degree,29,selector_speedup,0,,,,,,
l2-n32-zipf-w2,smoke_parallel,2,32,zipf,2,native,native,,native,accept_static_degree,29,rate_ratio,3,1.9742275468849693,0.0021921483361493532,2.053960794279519,0.9882098476105593,2.0140941705822444,1.025884322971685
l2-n32-zipf-w2,smoke_parallel,2,32,zipf,2,accept_static_degree,accept_static_degree,,greedy,native,29,commit_delta,3,0,0,0,0.0,0.0,0.0
l2-n32-zipf-w2,smoke_parallel,2,32,zipf,2,accept_static_degree,accept_static_degree,,greedy,native,29,batch_delta_ms,3,0.04732700000000001,-41.495893,0.049787,-20.724283,0.048557,20.77284
l2-n32-zipf-w2,smoke_parallel,2,32,zipf,2,accept_static_degree,accept_static_degree,,greedy,native,29,selector_delta_ms,3,0.047871,0.046734,0.051511,0.0473025,0.049691,0.0023885000000000017
l2-n32-zipf-w2,smoke_parallel,2,32,zipf,2,accept_static_degree,accept_static_degree,,greedy,native,29,batch_speedup,3,0.5065272245740621,0.4868642102550889,456.1735095705589,0.4966957174145755,228.34001839756647,227.84332268015189
l2-n32-zipf-w2,smoke_parallel,2,32,zipf,2,accept_static_degree,accept_static_degree,,greedy,native,29,selector_speedup,3,0.0,0.0,0.0,0.0,0.0,0.0
l2-n32-zipf-w2,smoke_parallel,2,32,zipf,2,accept_static_degree,accept_static_degree,,greedy,native,29,rate_ratio,3,0.5065272245734023,0.4868642102542061,456.17350957032545,0.4966957174138042,228.34001839744943,227.8433226800356
l2-n32-zipf-w2,smoke_parallel,2,32,zipf,2,accept_static_degree,accept_static_degree,,greedy,accept_id,29,commit_delta,3,0,0,0,0.0,0.0,0.0
l2-n32-zipf-w2,smoke_parallel,2,32,zipf,2,accept_static_degree,accept_static_degree,,greedy,accept_id,29,batch_delta_ms,3,0.005018999999999996,-0.010034999999999988,0.011497999999999994,-0.0025079999999999963,0.008258499999999995,0.010766499999999991
l2-n32-zipf-w2,smoke_parallel,2,32,zipf,2,accept_static_degree,accept_static_degree,,greedy,accept_id,29,selector_delta_ms,3,0.007405999999999996,-0.009429,0.009451999999999995,-0.001011500000000002,0.008428999999999996,0.009440499999999998
l2-n32-zipf-w2,smoke_parallel,2,32,zipf,2,accept_static_degree,accept_static_degree,,greedy,accept_id,29,batch_speedup,3,0.9449459770745352,0.8814944601906726,1.104633703835005,0.9132202186326039,1.02478984045477,0.11156962182216601
l2-n32-zipf-w2,smoke_parallel,2,32,zipf,2,accept_static_degree,accept_static_degree,,greedy,accept_id,29,selector_speedup,3,0.8415286515170969,0.8025526936976458,1.1830482809497,0.8220406726073713,1.0122884662333984,0.19024779362602706
l2-n32-zipf-w2,smoke_parallel,2,32,zipf,2,accept_static_degree,accept_static_degree,,greedy,accept_id,29,rate_ratio,3,0.9449459770749058,0.8814944601904008,1.1046337038318494,0.9132202186326532,1.0247898404533777,0.1115696218207245
l2-n32-zipf-w2,smoke_parallel,2,32,zipf,2,eas_k2_adaptive,eas,2,adaptive,native,29,commit_delta,3,0,0,0,0.0,0.0,0.0
l2-n32-zipf-w2,smoke_parallel,2,32,zipf,2,eas_k2_adaptive,eas,2,adaptive,native,29,batch_delta_ms,3,0.067993,-41.473834,19.021707,-20.702920499999998,9.544849999999999,30.247770499999994
l2-n32-zipf-w2,smoke_parallel,2,32,zipf,2,eas_k2_adaptive,eas,2,adaptive,native,29,selector_delta_ms,3,0.067369,0.066919,0.075676,0.06714400000000001,0.07152249999999999,0.00437849999999998
l2-n32-zipf-w2,smoke_parallel,2,32,zipf,2,eas_k2_adaptive,eas,2,adaptive,native,29,batch_speedup,3,0.4099417691419844,0.002547366096135108,367.2989648837702,0.20624456761905974,183.8544533264561,183.64820875883706
l2-n32-zipf-w2,smoke_parallel,2,32,zipf,2,eas_k2_adaptive,eas,2,adaptive,native,29,selector_speedup,3,0.0,0.0,0.0,0.0,0.0,0.0
l2-n32-zipf-w2,smoke_parallel,2,32,zipf,2,eas_k2_adaptive,eas,2,adaptive,native,29,rate_ratio,3,0.4099417691415885,0.002547366096135966,367.29896488266627,0.2062445676188622,183.85445332590393,183.64820875828508
l2-n32-zipf-w2,smoke_parallel,2,32,zipf,2,eas_k2_adaptive,eas,2,adaptive,accept_id,29,commit_delta,3,0,0,0,0.0,0.0,0.0
l2-n32-zipf-w2,smoke_parallel,2,32,zipf,2,eas_k2_adaptive,eas,2,adaptive,accept_id,29,batch_delta_ms,3,0.029703999999999994,0.027078000000000005,18.964344999999998,0.028391,9.4970245,9.468633500000001
l2-n32-zipf-w2,smoke_parallel,2,32,zipf,2,eas_k2_adaptive,eas,2,adaptive,accept_id,29,selector_delta_ms,3,0.028040999999999996,0.014735999999999992,0.028500000000000004,0.021388499999999994,0.0282705,0.006882000000000006
l2-n32-zipf-w2,smoke_parallel,2,32,zipf,2,eas_k2_adaptive,eas,2,adaptive,accept_id,29,batch_speedup,3,0.7422221450824865,0.00555529161964325,0.7608457570833038,0.37388871835106485,0.7515339510828951,0.37764523273183026
l2-n32-zipf-w2,smoke_parallel,2,32,zipf,2,eas_k2_adaptive,eas,2,adaptive,accept_id,29,selector_speedup,3,0.5837699832267067,0.5741119861324885,0.8052751202494848,0.5789409846795976,0.6945225517380957,0.11558156705849809
l2-n32-zipf-w2,smoke_parallel,2,32,zipf,2,eas_k2_adaptive,eas,2,adaptive,accept_id,29,rate_ratio,3,0.7422221450828868,0.005555291619636488,0.7608457570817049,0.3738887183512616,0.7515339510822958,0.37764523273103423
l2-n32-zipf-w2,smoke_parallel,2,32,zipf,2,eas_k2_adaptive,eas,2,adaptive,accept_static_degree,29,commit_delta,3,0,0,0,0.0,0.0,0.0
l2-n32-zipf-w2,smoke_parallel,2,32,zipf,2,eas_k2_adaptive,eas,2,adaptive,accept_static_degree,29,batch_delta_ms,3,0.02205900000000001,0.018206,18.97438,0.020132500000000005,9.498219500000001,9.478087
l2-n32-zipf-w2,smoke_parallel,2,32,zipf,2,eas_k2_adaptive,eas,2,adaptive,accept_static_degree,29,selector_delta_ms,3,0.020635,0.01904800000000001,0.024164999999999992,0.019841500000000005,0.022399999999999996,0.0025584999999999913
l2-n32-zipf-w2,smoke_parallel,2,32,zipf,2,eas_k2_adaptive,eas,2,adaptive,accept_static_degree,29,batch_speedup,3,0.8051738147389246,0.0050290803189842045,0.8420043217536948,0.4051014475289544,0.8235890682463096,0.41848762071735524
l2-n32-zipf-w2,smoke_parallel,2,32,zipf,2,eas_k2_adaptive,eas,2,adaptive,accept_static_degree,29,selector_speedup,3,0.6937018509997179,0.6806781542364819,0.7153573723456715,0.6871900026180999,0.7045296116726947,0.01733960905459475
l2-n32-zipf-w2,smoke_parallel,2,32,zipf,2,eas_k2_adaptive,eas,2,adaptive,accept_static_degree,29,rate_ratio,3,0.8051738147369166,0.00502908031899245,0.8420043217544083,0.4051014475279546,0.8235890682456625,0.4184876207177079
l2-n32-zipf-w2,smoke_parallel,2,32,zipf,2,accept_id,accept_id,,greedy,native,29,commit_delta,3,0,0,0,0.0,0.0,0.0
l2-n32-zipf-w2,smoke_parallel,2,32,zipf,2,accept_id,accept_id,,greedy,native,29,batch_delta_ms,3,0.038289000000000004,-41.500912,0.057361999999999996,-20.7313115,0.0478255,20.779137
l2-n32-zipf-w2,smoke_parallel,2,32,zipf,2,accept_id,accept_id,,greedy,native,29,selector_delta_ms,3,0.039328,0.038419,0.06094,0.038873500000000005,0.050134,0.011260499999999993
l2-n32-zipf-w2,smoke_parallel,2,32,zipf,2,accept_id,accept_id,,greedy,native,29,batch_speedup,3,0.5523168122347328,0.4585476822004701,482.7508880273025,0.5054322472176015,241.6516024197686,241.146170172551
l2-n32-zipf-w2,smoke_parallel,2,32,zipf,2,accept_id,accept_id,,greedy,native,29,selector_speedup,3,0.0,0.0,0.0,0.0,0.0,0.0
l2-n32-zipf-w2,smoke_parallel,2,32,zipf,2,accept_id,accept_id,,greedy,native,29,rate_ratio,3,0.5523168122339017,0.45854768220118275,482.75088802686605,0.5054322472175422,241.65160241954996,241.1461701723324
l2-n32-zipf-w2,smoke_parallel,2,32,zipf,2,accept_id,accept_id,,greedy,accept_static_degree,29,commit_delta,3,0,0,0,0.0,0.0,0.0
l2-n32-zipf-w2,smoke_parallel,2,32,zipf,2,accept_id,accept_id,,greedy,accept_static_degree,29,batch_delta_ms,3,-0.005018999999999996,-0.011497999999999994,0.010034999999999988,-0.008258499999999995,0.0025079999999999963,0.010766499999999991
l2-n32-zipf-w2,smoke_parallel,2,32,zipf,2,accept_id,accept_id,,greedy,accept_static_degree,29,selector_delta_ms,3,-0.007405999999999996,-0.009451999999999995,0.009429,-0.008428999999999996,0.001011500000000002,0.009440499999999998
l2-n32-zipf-w2,smoke_parallel,2,32,zipf,2,accept_id,accept_id,,greedy,accept_static_degree,29,batch_speedup,3,1.0582615559631323,0.9052774657592435,1.134437078349527,0.9817695108611879,1.0963493171563297,0.11457980629514175
l2-n32-zipf-w2,smoke_parallel,2,32,zipf,2,accept_id,accept_id,,greedy,accept_static_degree,29,selector_speedup,3,1.188313669650122,0.845274040039383,1.2460241026575392,1.0167938548447526,1.2171688861538306,0.20037503130907797
l2-n32-zipf-w2,smoke_parallel,2,32,zipf,2,accept_id,accept_id,,greedy,accept_static_degree,29,rate_ratio,3,1.0582615559627173,0.9052774657618295,1.1344370783498767,0.9817695108622735,1.096349317156297,0.11457980629402353
l2-n32-zipf-w2,smoke_parallel,2,32,zipf,2,native,native,,native,accept_id,47,commit_delta,3,0,0,0,0.0,0.0,0.0
l2-n32-zipf-w2,smoke_parallel,2,32,zipf,2,native,native,,native,accept_id,47,batch_delta_ms,3,-0.052351999999999996,-0.054196,-0.027295000000000007,-0.053274,-0.0398235,0.013450500000000004
l2-n32-zipf-w2,smoke_parallel,2,32,zipf,2,native,native,,native,accept_id,47,selector_delta_ms,3,-0.056473,-0.058151,-0.037335,-0.057312,-0.046904,0.010408
l2-n32-zipf-w2,smoke_parallel,2,32,zipf,2,native,native,,native,accept_id,47,batch_speedup,3,2.1228310991957104,1.5619492711850451,2.2184900400197853,1.8423901851903777,2.170660569607748,0.3282703844173702
l2-n32-zipf-w2,smoke_parallel,2,32,zipf,2,native,native,,native,accept_id,47,selector_speedup,0,,,,,,
l2-n32-zipf-w2,smoke_parallel,2,32,zipf,2,native,native,,native,accept_id,47,rate_ratio,3,2.122831099199416,1.5619492711852392,2.2184900400195113,1.8423901851923277,2.1706605696094634,0.32827038441713574
l2-n32-zipf-w2,smoke_parallel,2,32,zipf,2,native,native,,native,accept_static_degree,47,commit_delta,3,0,0,0,0.0,0.0,0.0
l2-n32-zipf-w2,smoke_parallel,2,32,zipf,2,native,native,,native,accept_static_degree,47,batch_delta_ms,3,-0.045366,-0.06319,-0.041983,-0.05427799999999999,-0.0436745,0.010603499999999995
l2-n32-zipf-w2,smoke_parallel,2,32,zipf,2,native,native,,native,accept_static_degree,47,selector_delta_ms,3,-0.046919,-0.06886,-0.045701,-0.0578895,-0.046310000000000004,0.0115795
l2-n32-zipf-w2,smoke_parallel,2,32,zipf,2,native,native,,native,accept_static_degree,47,batch_speedup,3,1.9439048518368631,1.9339948941777156,2.3552815013404826,1.9389498730072894,2.149593176588673,0.2106433035813835
l2-n32-zipf-w2,smoke_parallel,2,32,zipf,2,native,native,,native,accept_static_degree,47,selector_speedup,0,,,,,,
l2-n32-zipf-w2,smoke_parallel,2,32,zipf,2,native,native,,native,accept_static_degree,47,rate_ratio,3,1.9439048518340467,1.9339948941799459,2.355281501345719,1.9389498730069963,2.1495931765898826,0.2106433035828863
l2-n32-zipf-w2,smoke_parallel,2,32,zipf,2,accept_id,accept_id,,greedy,native,47,commit_delta,3,0,0,0,0.0,0.0,0.0
l2-n32-zipf-w2,smoke_parallel,2,32,zipf,2,accept_id,accept_id,,greedy,native,47,batch_delta_ms,3,0.052351999999999996,0.027295000000000007,0.054196,0.0398235,0.053274,0.013450500000000004
l2-n32-zipf-w2,smoke_parallel,2,32,zipf,2,accept_id,accept_id,,greedy,native,47,selector_delta_ms,3,0.056473,0.037335,0.058151,0.046904,0.057312,0.010408
l2-n32-zipf-w2,smoke_parallel,2,32,zipf,2,accept_id,accept_id,,greedy,native,47,batch_speedup,3,0.4710690362407428,0.45075703832823233,0.6402256580594988,0.46091303728448757,0.5556473471501209,0.0947343098656333
l2-n32-zipf-w2,smoke_parallel,2,32,zipf,2,accept_id,accept_id,,greedy,native,47,selector_speedup,3,0.0,0.0,0.0,0.0,0.0,0.0
l2-n32-zipf-w2,smoke_parallel,2,32,zipf,2,accept_id,accept_id,,greedy,native,47,rate_ratio,3,0.4710690362399205,0.45075703832828795,0.6402256580594192,0.46091303728410427,0.5556473471496699,0.09473430986556564
l2-n32-zipf-w2,smoke_parallel,2,32,zipf,2,accept_id,accept_id,,greedy,accept_static_degree,47,commit_delta,3,0,0,0,0.0,0.0,0.0
l2-n32-zipf-w2,smoke_parallel,2,32,zipf,2,accept_id,accept_id,,greedy,accept_static_degree,47,batch_delta_ms,3,-0.010838,-0.01807099999999999,0.012213000000000002,-0.014454499999999995,0.0006875000000000006,0.015141999999999996
l2-n32-zipf-w2,smoke_parallel,2,32,zipf,2,accept_id,accept_id,,greedy,accept_static_degree,47,selector_delta_ms,3,-0.009584000000000002,-0.010709000000000003,0.010772000000000004,-0.010146500000000003,0.0005940000000000008,0.010740500000000004
l2-n32-zipf-w2,smoke_parallel,2,32,zipf,2,accept_id,accept_id,,greedy,accept_static_degree,47,batch_speedup,3,1.1095001869121108,0.8762287938058657,1.2381931538086386,0.9928644903589883,1.1738466703603747,0.18098218000138644
l2-n32-zipf-w2,smoke_parallel,2,32,zipf,2,accept_id,accept_id,,greedy,accept_static_degree,47,selector_speedup,3,1.1841584839469657,0.8092539797779469,1.256702825766707,0.9967062318624562,1.2204306548568362,0.22372442299438
l2-n32-zipf-w2,smoke_parallel,2,32,zipf,2,accept_id,accept_id,,greedy,accept_static_degree,47,rate_ratio,3,1.1095001869126409,0.8762287938047043,1.2381931538099127,0.9928644903586725,1.1738466703612769,0.18098218000260435
l2-n32-zipf-w2,smoke_parallel,2,32,zipf,2,eas_k2_adaptive,eas,2,adaptive,native,47,commit_delta,3,-1,-1,-1,-1.0,-1.0,0.0
l2-n32-zipf-w2,smoke_parallel,2,32,zipf,2,eas_k2_adaptive,eas,2,adaptive,native,47,batch_delta_ms,3,0.103514,0.072355,5.2125840000000006,0.0879345,2.6580490000000006,2.5701145000000007
l2-n32-zipf-w2,smoke_parallel,2,32,zipf,2,eas_k2_adaptive,eas,2,adaptive,native,47,selector_delta_ms,3,0.073523,0.071671,0.109613,0.072597,0.09156800000000001,0.018971000000000016
l2-n32-zipf-w2,smoke_parallel,2,32,zipf,2,eas_k2_adaptive,eas,2,adaptive,native,47,batch_speedup,3,0.3105455611133683,0.008460619258437507,0.4016638137057894,0.1595030901859029,0.35610468740957885,0.19660159722367596
l2-n32-zipf-w2,smoke_parallel,2,32,zipf,2,eas_k2_adaptive,eas,2,adaptive,native,47,selector_speedup,3,0.0,0.0,0.0,0.0,0.0,0.0
l2-n32-zipf-w2,smoke_parallel,2,32,zipf,2,eas_k2_adaptive,eas,2,adaptive,native,47,rate_ratio,3,0.2942010578969447,0.008015323507991681,0.38052361298544,0.15110819070246817,0.3373623354411923,0.18625414473872415
l2-n32-zipf-w2,smoke_parallel,2,32,zipf,2,eas_k2_adaptive,eas,2,adaptive,accept_id,47,commit_delta,3,-1,-1,-1,-1.0,-1.0,0.0
l2-n32-zipf-w2,smoke_parallel,2,32,zipf,2,eas_k2_adaptive,eas,2,adaptive,accept_id,47,batch_delta_ms,3,0.051162,0.04506,5.158388,0.048111,2.6047750000000005,2.5566640000000005
l2-n32-zipf-w2,smoke_parallel,2,32,zipf,2,eas_k2_adaptive,eas,2,adaptive,accept_id,47,selector_delta_ms,3,0.036188000000000005,0.015197999999999996,0.051462,0.025693,0.043825,0.018132000000000002
l2-n32-zipf-w2,smoke_parallel,2,32,zipf,2,eas_k2_adaptive,eas,2,adaptive,accept_id,47,batch_speedup,3,0.6273785010791635,0.01876979955724319,0.6592357748486403,0.3230741503182033,0.6433071379639019,0.32023298764569863
l2-n32-zipf-w2,smoke_parallel,2,32,zipf,2,eas_k2_adaptive,eas,2,adaptive,accept_id,47,selector_speedup,3,0.530511891837647,0.507800280184432,0.7879477054875752,0.5191560860110396,0.6592297986626111,0.14007371265157154
l2-n32-zipf-w2,smoke_parallel,2,32,zipf,2,eas_k2_adaptive,eas,2,adaptive,accept_id,47,rate_ratio,3,0.5943585799713821,0.017781915370013796,0.624539155121002,0.3060702476706979,0.609448867546192,0.3033786198754941
l2-n32-zipf-w2,smoke_parallel,2,32,zipf,2,eas_k2_adaptive,eas,2,adaptive,accept_static_degree,47,commit_delta,3,-1,-1,-1,-1.0,-1.0,0.0
l2-n32-zipf-w2,smoke_parallel,2,32,zipf,2,eas_k2_adaptive,eas,2,adaptive,accept_static_degree,47,batch_delta_ms,3,0.040324,0.026989000000000013,5.1706010000000004,0.033656500000000006,2.6054625000000002,2.571806
l2-n32-zipf-w2,smoke_parallel,2,32,zipf,2,eas_k2_adaptive,eas,2,adaptive,accept_static_degree,47,selector_delta_ms,3,0.026604000000000003,0.02597,0.040753,0.026287,0.0336785,0.007391499999999999
l2-n32-zipf-w2,smoke_parallel,2,32,zipf,2,eas_k2_adaptive,eas,2,adaptive,accept_static_degree,47,batch_speedup,3,0.7314222154137167,0.016446638826021074,0.7768157648829458,0.3739344271198689,0.7541189901483312,0.38018456302846226
l2-n32-zipf-w2,smoke_parallel,2,32,zipf,2,eas_k2_adaptive,eas,2,adaptive,accept_static_degree,47,selector_speedup,3,0.6376498165227219,0.6282101575543048,0.6381540470329012,0.6329299870385133,0.6379019317778116,0.004971944739298295
l2-n32-zipf-w2,smoke_parallel,2,32,zipf,2,eas_k2_adaptive,eas,2,adaptive,accept_static_degree,47,rate_ratio,3,0.6929263093410145,0.015581026256204519,0.7359307246287468,0.3542536677986095,0.7144285169848806,0.36017484918627113
l2-n32-zipf-w2,smoke_parallel,2,32,zipf,2,eas_k1_adaptive,eas,1,adaptive,native,47,commit_delta,3,0,0,0,0.0,0.0,0.0
l2-n32-zipf-w2,smoke_parallel,2,32,zipf,2,eas_k1_adaptive,eas,1,adaptive,native,47,batch_delta_ms,3,0.07461700000000002,0.06675900000000001,56.794667000000004,0.07068800000000001,28.434642,28.363954
l2-n32-zipf-w2,smoke_parallel,2,32,zipf,2,eas_k1_adaptive,eas,1,adaptive,native,47,selector_delta_ms,3,0.073672,0.072256,0.075893,0.072964,0.0747825,0.0018185000000000007
l2-n32-zipf-w2,smoke_parallel,2,32,zipf,2,eas_k1_adaptive,eas,1,adaptive,native,47,batch_speedup,3,0.373466560308997,0.0008202663655147036,0.4211530291075253,0.18714341333725587,0.3973097947082611,0.21016638137100524
l2-n32-zipf-w2,smoke_parallel,2,32,zipf,2,eas_k1_adaptive,eas,1,adaptive,native,47,selector_speedup,3,0.0,0.0,0.0,0.0,0.0,0.0
l2-n32-zipf-w2,smoke_parallel,2,32,zipf,2,eas_k1_adaptive,eas,1,adaptive,native,47,rate_ratio,3,0.37346656030834424,0.0008202663655142291,0.4211530291069586,0.18714341333692922,0.39730979470765143,0.21016638137072222
l2-n32-zipf-w2,smoke_parallel,2,32,zipf,2,eas_k1_adaptive,eas,1,adaptive,accept_id,47,commit_delta,3,0,0,0,0.0,0.0,0.0
l2-n32-zipf-w2,smoke_parallel,2,32,zipf,2,eas_k1_adaptive,eas,1,adaptive,accept_id,47,batch_delta_ms,3,0.039464,0.02042100000000001,56.742315000000005,0.029942500000000004,28.3908895,28.360947
l2-n32-zipf-w2,smoke_parallel,2,32,zipf,2,eas_k1_adaptive,eas,1,adaptive,accept_id,47,selector_delta_ms,3,0.017742,0.015783,0.036337,0.0167625,0.0270395,0.010277000000000001
l2-n32-zipf-w2,smoke_parallel,2,32,zipf,2,eas_k1_adaptive,eas,1,adaptive,accept_id,47,batch_speedup,3,0.6578196668718731,0.0017412869503388485,0.8285318443259582,0.329780476911106,0.7431757555989156,0.41339527868780956
l2-n32-zipf-w2,smoke_parallel,2,32,zipf,2,eas_k1_adaptive,eas,1,adaptive,accept_id,47,selector_speedup,3,0.7662234988734139,0.5067732652839614,0.7815683126660762,0.6364983820786876,0.773895905769745,0.1373975236910574
l2-n32-zipf-w2,smoke_parallel,2,32,zipf,2,eas_k1_adaptive,eas,1,adaptive,accept_id,47,rate_ratio,3,0.6578196668710699,0.0017412869503408807,0.8285318443244079,0.32978047691070533,0.7431757555977389,0.4133952786870335
l2-n32-zipf-w2,smoke_parallel,2,32,zipf,2,eas_k1_adaptive,eas,1,adaptive,accept_static_degree,47,commit_delta,3,0,0,0,0.0,0.0,0.0
l2-n32-zipf-w2,smoke_parallel,2,32,zipf,2,eas_k1_adaptive,eas,1,adaptive,accept_static_degree,47,batch_delta_ms,3,0.03263400000000001,0.02139300000000001,56.731477000000005,0.02701350000000001,28.382055500000003,28.355042000000005
l2-n32-zipf-w2,smoke_parallel,2,32,zipf,2,eas_k1_adaptive,eas,1,adaptive,accept_static_degree,47,selector_delta_ms,3,0.026555000000000002,0.007032999999999998,0.026753,0.016794,0.026654,0.00986
l2-n32-zipf-w2,smoke_parallel,2,32,zipf,2,eas_k1_adaptive,eas,1,adaptive,accept_static_degree,47,batch_speedup,3,0.7259834585834837,0.0019319581968685721,0.8145078079614326,0.36395770839017616,0.7702456332724581,0.40628792488228194
l2-n32-zipf-w2,smoke_parallel,2,32,zipf,2,eas_k1_adaptive,eas,1,adaptive,accept_static_degree,47,selector_speedup,3,0.6368633945053752,0.6324872674933569,0.9073300567904814,0.634675330999366,0.7720967256479283,0.1374213946485623
l2-n32-zipf-w2,smoke_parallel,2,32,zipf,2,eas_k1_adaptive,eas,1,adaptive,accept_static_degree,47,rate_ratio,3,0.725983458581163,0.0019319581968717495,0.8145078079612762,0.36395770838901736,0.7702456332712195,0.40628792488220217
l2-n32-zipf-w2,smoke_parallel,2,32,zipf,2,accept_static_degree,accept_static_degree,,greedy,native,47,commit_delta,3,0,0,0,0.0,0.0,0.0
l2-n32-zipf-w2,smoke_parallel,2,32,zipf,2,accept_static_degree,accept_static_degree,,greedy,native,47,batch_delta_ms,3,0.045366,0.041983,0.06319,0.0436745,0.05427799999999999,0.010603499999999995
l2-n32-zipf-w2,smoke_parallel,2,32,zipf,2,accept_static_degree,accept_static_degree,,greedy,native,47,selector_delta_ms,3,0.046919,0.045701,0.06886,0.046310000000000004,0.0578895,0.0115795
l2-n32-zipf-w2,smoke_parallel,2,32,zipf,2,accept_static_degree,accept_static_degree,,greedy,native,47,batch_speedup,3,0.5144284706399417,0.4245776988571689,0.5170644467627584,0.4695030847485553,0.51574645870135,0.046243373952794764
l2-n32-zipf-w2,smoke_parallel,2,32,zipf,2,accept_static_degree,accept_static_degree,,greedy,native,47,selector_speedup,3,0.0,0.0,0.0,0.0,0.0,0.0
l2-n32-zipf-w2,smoke_parallel,2,32,zipf,2,accept_static_degree,accept_static_degree,,greedy,native,47,rate_ratio,3,0.5144284706406871,0.4245776988562249,0.5170644467621621,0.46950308474845603,0.5157464587014247,0.046243373952968625
l2-n32-zipf-w2,smoke_parallel,2,32,zipf,2,accept_static_degree,accept_static_degree,,greedy,accept_id,47,commit_delta,3,0,0,0,0.0,0.0,0.0
l2-n32-zipf-w2,smoke_parallel,2,32,zipf,2,accept_static_degree,accept_static_degree,,greedy,accept_id,47,batch_delta_ms,3,0.010838,-0.012213000000000002,0.01807099999999999,-0.0006875000000000006,0.014454499999999995,0.015141999999999996
l2-n32-zipf-w2,smoke_parallel,2,32,zipf,2,accept_static_degree,accept_static_degree,,greedy,accept_id,47,selector_delta_ms,3,0.009584000000000002,-0.010772000000000004,0.010709000000000003,-0.0005940000000000008,0.010146500000000003,0.010740500000000004
l2-n32-zipf-w2,smoke_parallel,2,32,zipf,2,accept_static_degree,accept_static_degree,,greedy,accept_id,47,batch_speedup,3,0.9013067431589491,0.807628435776789,1.141254438417321,0.854467589467869,1.021280590788135,0.166813001320266
l2-n32-zipf-w2,smoke_parallel,2,32,zipf,2,accept_static_degree,accept_static_degree,,greedy,accept_id,47,selector_speedup,3,0.8444815567818762,0.7957330718898527,1.2357060020568478,0.8201073143358644,1.040093779419362,0.21998646508349773
l2-n32-zipf-w2,smoke_parallel,2,32,zipf,2,accept_static_degree,accept_static_degree,,greedy,accept_id,47,rate_ratio,3,0.9013067431585187,0.807628435775958,1.141254438418834,0.8544675894672383,1.0212805907886762,0.16681300132143784
l2-n32-zipf-w2,smoke_parallel,2,32,zipf,2,accept_id,accept_id,,greedy,native,71,commit_delta,3,0,0,0,0.0,0.0,0.0
l2-n32-zipf-w2,smoke_parallel,2,32,zipf,2,accept_id,accept_id,,greedy,native,71,batch_delta_ms,3,54.461827,-56.322192,56.114855,-0.9301825000000008,55.288341,56.2185235
l2-n32-zipf-w2,smoke_parallel,2,32,zipf,2,accept_id,accept_id,,greedy,native,71,selector_delta_ms,3,0.039748,0.038253,0.042128,0.0390005,0.040938,0.0019375000000000017
l2-n32-zipf-w2,smoke_parallel,2,32,zipf,2,accept_id,accept_id,,greedy,native,71,batch_speedup,3,0.0008307356904717822,0.0008048425166250282,647.2820948271905,0.0008177891035484052,323.6414627814405,323.64064499233695
l2-n32-zipf-w2,smoke_parallel,2,32,zipf,2,accept_id,accept_id,,greedy,native,71,selector_speedup,3,0.0,0.0,0.0,0.0,0.0,0.0
l2-n32-zipf-w2,smoke_parallel,2,32,zipf,2,accept_id,accept_id,,greedy,native,71,rate_ratio,3,0.0008307356904704529,0.0008048425166249142,647.2820948285139,0.0008177891035476836,323.64146278210217,323.6406449929986
l2-n32-zipf-w2,smoke_parallel,2,32,zipf,2,accept_id,accept_id,,greedy,accept_static_degree,71,commit_delta,3,0,0,0,0.0,0.0,0.0
l2-n32-zipf-w2,smoke_parallel,2,32,zipf,2,accept_id,accept_id,,greedy,accept_static_degree,71,batch_delta_ms,3,-2.9025689999999997,-3.279601999999997,-0.0020779999999999965,-3.0910854999999984,-1.4523234999999999,1.6387619999999985
l2-n32-zipf-w2,smoke_parallel,2,32,zipf,2,accept_id,accept_id,,greedy,accept_static_degree,71,selector_delta_ms,3,-0.006675,-0.007184999999999997,-0.005989000000000001,-0.006929999999999999,-0.006332000000000001,0.0005979999999999978
l2-n32-zipf-w2,smoke_parallel,2,32,zipf,2,accept_id,accept_id,,greedy,accept_static_degree,71,batch_speedup,3,1.0532512016597908,1.0238444944232798,1.0583974143187715,1.0385478480415353,1.055824307989281,0.017276459947745737
l2-n32-zipf-w2,smoke_parallel,2,32,zipf,2,accept_id,accept_id,,greedy,accept_static_degree,71,selector_speedup,3,1.1679329777598872,1.1421619825294342,1.1878284056152457,1.1550474801446606,1.1778806916875664,0.02283321154290574
l2-n32-zipf-w2,smoke_parallel,2,32,zipf,2,accept_id,accept_id,,greedy,accept_static_degree,71,rate_ratio,3,1.0532512016586104,1.0238444944241252,1.0583974143197035,1.0385478480413677,1.055824307989157,0.017276459947789258
l2-n32-zipf-w2,smoke_parallel,2,32,zipf,2,eas_k1_adaptive,eas,1,adaptive,native,71,commit_delta,3,0,0,0,0.0,0.0,0.0
l2-n32-zipf-w2,smoke_parallel,2,32,zipf,2,eas_k1_adaptive,eas,1,adaptive,native,71,batch_delta_ms,3,0.082369,-56.24389,0.098873,-28.0807605,0.09062100000000001,28.1713815
l2-n32-zipf-w2,smoke_parallel,2,32,zipf,2,eas_k1_adaptive,eas,1,adaptive,native,71,selector_delta_ms,3,0.103928,0.078983,0.116191,0.0914555,0.1100595,0.01860400000000001
l2-n32-zipf-w2,smoke_parallel,2,32,zipf,2,eas_k1_adaptive,eas,1,adaptive,native,71,batch_speedup,3,0.3543180553269211,0.3141154598554324,340.94493804774856,0.33421675759117675,170.64962805153775,170.31541129394657
l2-n32-zipf-w2,smoke_parallel,2,32,zipf,2,eas_k1_adaptive,eas,1,adaptive,native,71,selector_speedup,3,0.0,0.0,0.0,0.0,0.0,0.0
l2-n32-zipf-w2,smoke_parallel,2,32,zipf,2,eas_k1_adaptive,eas,1,adaptive,native,71,rate_ratio,3,0.35431805532677596,0.31411545985443884,340.94493804692075,0.3342167575906074,170.64962805112378,170.31541129353317
l2-n32-zipf-w2,smoke_parallel,2,32,zipf,2,eas_k1_adaptive,eas,1,adaptive,accept_id,71,commit_delta,3,0,0,0,0.0,0.0,0.0
l2-n32-zipf-w2,smoke_parallel,2,32,zipf,2,eas_k1_adaptive,eas,1,adaptive,accept_id,71,batch_delta_ms,3,-54.362954,-56.032486,0.07830200000000001,-55.197720000000004,-27.142326,28.055394000000003
l2-n32-zipf-w2,smoke_parallel,2,32,zipf,2,eas_k1_adaptive,eas,1,adaptive,accept_id,71,selector_delta_ms,3,0.06180000000000001,0.039235,0.07793800000000001,0.05051750000000001,0.06986900000000001,0.019351500000000008
l2-n32-zipf-w2,smoke_parallel,2,32,zipf,2,eas_k1_adaptive,eas,1,adaptive,accept_id,71,batch_speedup,3,378.117207985904,0.5267331520096705,440.2327759878968,189.32197056895683,409.1749919869004,219.85302141794358
l2-n32-zipf-w2,smoke_parallel,2,32,zipf,2,eas_k1_adaptive,eas,1,adaptive,accept_id,71,selector_speedup,3,0.4053575552305442,0.32922515513249734,0.5032475342795285,0.3672913551815208,0.45430254475503634,0.08701118957351556
l2-n32-zipf-w2,smoke_parallel,2,32,zipf,2,eas_k1_adaptive,eas,1,adaptive,accept_id,71,rate_ratio,3,378.117207985313,0.5267331520073149,440.2327759877787,189.32197056866016,409.1749919865458,219.85302141788566
l2-n32-zipf-w2,smoke_parallel,2,32,zipf,2,eas_k1_adaptive,eas,1,adaptive,accept_static_degree,71,commit_delta,3,0,0,0,0.0,0.0,0.0
l2-n32-zipf-w2,smoke_parallel,2,32,zipf,2,eas_k1_adaptive,eas,1,adaptive,accept_static_degree,71,batch_delta_ms,3,-57.265523,-59.312087999999996,0.07622400000000001,-58.288805499999995,-28.5946495,29.694155999999996
l2-n32-zipf-w2,smoke_parallel,2,32,zipf,2,eas_k1_adaptive,eas,1,adaptive,accept_static_degree,71,selector_delta_ms,3,0.055811000000000006,0.03256,0.07075300000000001,0.0441855,0.063282,0.019096500000000002
l2-n32-zipf-w2,smoke_parallel,2,32,zipf,2,eas_k1_adaptive,eas,1,adaptive,accept_static_degree,71,batch_speedup,3,398.2524036793984,0.5392928377153218,465.9412318039649,199.39584825855687,432.09681774168166,232.7009694831248
l2-n32-zipf-w2,smoke_parallel,2,32,zipf,2,eas_k1_adaptive,eas,1,adaptive,accept_static_degree,71,selector_speedup,3,0.46298398891540293,0.3910629911094663,0.5877593912614106,0.4270234900124346,0.5253716900884068,0.09834820007597217
l2-n32-zipf-w2,smoke_parallel,2,32,zipf,2,eas_k1_adaptive,eas,1,adaptive,accept_static_degree,71,rate_ratio,3,398.2524036783296,0.5392928377133551,465.9412318042502,199.3958482580215,432.0968177412899,232.7009694832684
l2-n32-zipf-w2,smoke_parallel,2,32,zipf,2,native,native,,native,accept_id,71,commit_delta,3,0,0,0,0.0,0.0,0.0
l2-n32-zipf-w2,smoke_parallel,2,32,zipf,2,native,native,,native,accept_id,71,batch_delta_ms,3,-54.461827,-56.114855,56.322192,-55.288341,0.9301825000000008,56.2185235
l2-n32-zipf-w2,smoke_parallel,2,32,zipf,2,native,native,,native,accept_id,71,selector_delta_ms,3,-0.039748,-0.042128,-0.038253,-0.040938,-0.0390005,0.0019375000000000017
l2-n32-zipf-w2,smoke_parallel,2,32,zipf,2,native,native,,native,accept_id,71,batch_speedup,3,1203.7523022901437,0.0015449214615877443,1242.479092920354,601.8769236058026,1223.115697605249,621.2387739994463
l2-n32-zipf-w2,smoke_parallel,2,32,zipf,2,native,native,,native,accept_id,71,selector_speedup,0,,,,,,
l2-n32-zipf-w2,smoke_parallel,2,32,zipf,2,native,native,,native,accept_id,71,rate_ratio,3,1203.7523022920698,0.0015449214615845855,1242.47909292053,601.8769236067657,1223.1156976062998,621.2387739995341
l2-n32-zipf-w2,smoke_parallel,2,32,zipf,2,native,native,,native,accept_static_degree,71,commit_delta,3,0,0,0,0.0,0.0,0.0
l2-n32-zipf-w2,smoke_parallel,2,32,zipf,2,native,native,,native,accept_static_degree,71,batch_delta_ms,3,-57.364396,-59.394456999999996,56.320114000000004,-58.379426499999994,-0.5221409999999977,57.857285499999996
l2-n32-zipf-w2,smoke_parallel,2,32,zipf,2,native,native,,native,accept_static_degree,71,selector_delta_ms,3,-0.046423,-0.048117,-0.045438,-0.04727,-0.0459305,0.0013395000000000004
l2-n32-zipf-w2,smoke_parallel,2,32,zipf,2,native,native,,native,accept_static_degree,71,batch_speedup,3,1267.8535588878337,0.0015817593327629787,1315.0366592920354,633.9275703235833,1291.4451090899347,657.5175387663514
l2-n32-zipf-w2,smoke_parallel,2,32,zipf,2,native,native,,native,accept_static_degree,71,selector_speedup,0,,,,,,
l2-n32-zipf-w2,smoke_parallel,2,32,zipf,2,native,native,,native,accept_static_degree,71,rate_ratio,3,1267.8535588884413,0.0015817593327610508,1315.0366592933794,633.927570323887,1291.4451090909104,657.5175387670233
l2-n32-zipf-w2,smoke_parallel,2,32,zipf,2,eas_k2_adaptive,eas,2,adaptive,native,71,commit_delta,3,-2,-2,-2,-2.0,-2.0,0.0
l2-n32-zipf-w2,smoke_parallel,2,32,zipf,2,eas_k2_adaptive,eas,2,adaptive,native,71,batch_delta_ms,3,0.105631,-56.282996,0.106583,-28.088682499999997,0.106107,28.1947895
l2-n32-zipf-w2,smoke_parallel,2,32,zipf,2,eas_k2_adaptive,eas,2,adaptive,native,71,selector_delta_ms,3,0.108015,0.081359,0.110372,0.094687,0.1091935,0.014506500000000006
l2-n32-zipf-w2,smoke_parallel,2,32,zipf,2,eas_k2_adaptive,eas,2,adaptive,native,71,batch_speedup,3,0.29967314411493656,0.29816809777169045,446.4742290888368,0.2989206209433135,223.38695111647587,223.08803049553256
l2-n32-zipf-w2,smoke_parallel,2,32,zipf,2,eas_k2_adaptive,eas,2,adaptive,native,71,selector_speedup,3,0.0,0.0,0.0,0.0,0.0,0.0
l2-n32-zipf-w2,smoke_parallel,2,32,zipf,2,eas_k2_adaptive,eas,2,adaptive,native,71,rate_ratio,3,0.2697058297043787,0.2683512879953208,401.82680618006776,0.2690285588498498,201.04825600488607,200.77922744603623
l2-n32-zipf-w2,smoke_parallel,2,32,zipf,2,eas_k2_adaptive,eas,2,adaptive,accept_id,71,commit_delta,3,-2,-2,-2,-2.0,-2.0,0.0
l2-n32-zipf-w2,smoke_parallel,2,32,zipf,2,eas_k2_adaptive,eas,2,adaptive,accept_id,71,batch_delta_ms,3,-54.355244,-56.009224,0.03919600000000001,-55.182234,-27.158024,28.02421
l2-n32-zipf-w2,smoke_parallel,2,32,zipf,2,eas_k2_adaptive,eas,2,adaptive,accept_id,71,selector_delta_ms,3,0.068244,0.043106,0.068267,0.055675,0.0682555,0.012580499999999994
l2-n32-zipf-w2,smoke_parallel,2,32,zipf,2,eas_k2_adaptive,eas,2,adaptive,accept_id,71,batch_speedup,3,358.9205341621451,0.6897676185651871,372.3376162725169,179.80515089035512,365.629075217331,185.82392432697586
l2-n32-zipf-w2,smoke_parallel,2,32,zipf,2,eas_k2_adaptive,eas,2,adaptive,accept_id,71,selector_speedup,3,0.3816910085891349,0.367985927880387,0.4701753954694625,0.37483846823476097,0.42593320202929874,0.05109473379453777
l2-n32-zipf-w2,smoke_parallel,2,32,zipf,2,eas_k2_adaptive,eas,2,adaptive,accept_id,71,rate_ratio,3,323.02848074740973,0.6207908567075763,335.1038546464754,161.82463580205865,329.06616769694256,167.2415318948839
l2-n32-zipf-w2,smoke_parallel,2,32,zipf,2,eas_k2_adaptive,eas,2,adaptive,accept_static_degree,71,commit_delta,3,-2,-2,-2,-2.0,-2.0,0.0
l2-n32-zipf-w2,smoke_parallel,2,32,zipf,2,eas_k2_adaptive,eas,2,adaptive,accept_static_degree,71,batch_delta_ms,3,-57.257813,-59.288826,0.03711800000000001,-58.2733195,-28.6103475,29.662972
l2-n32-zipf-w2,smoke_parallel,2,32,zipf,2,eas_k2_adaptive,eas,2,adaptive,accept_static_degree,71,selector_delta_ms,3,0.061592,0.035921,0.062255,0.0487565,0.0619235,0.013166999999999998
l2-n32-zipf-w2,smoke_parallel,2,32,zipf,2,eas_k2_adaptive,eas,2,adaptive,accept_static_degree,71,batch_speedup,3,378.0334839066533,0.7062147786994237,394.0811703164469,189.3698493426764,386.0573271115501,196.6874777688737
l2-n32-zipf-w2,smoke_parallel,2,32,zipf,2,eas_k2_adaptive,eas,2,adaptive,accept_static_degree,71,selector_speedup,3,0.43595295908382564,0.4297829005230755,0.5584876903600093,0.43286792980345057,0.49722032472191746,0.0643523949184669
l2-n32-zipf-w2,smoke_parallel,2,32,zipf,2,eas_k2_adaptive,eas,2,adaptive,accept_static_degree,71,rate_ratio,3,340.23013551716457,0.635593300828888,354.67305328639526,170.43286440899675,347.4515944017799,177.01872999278316
l2-n32-zipf-w2,smoke_parallel,2,32,zipf,2,accept_static_degree,accept_static_degree,,greedy,native,71,commit_delta,3,0,0,0,0.0,0.0,0.0
l2-n32-zipf-w2,smoke_parallel,2,32,zipf,2,accept_static_degree,accept_static_degree,,greedy,native,71,batch_delta_ms,3,57.364396,-56.320114000000004,59.394456999999996,0.5221409999999977,58.379426499999994,57.857285499999996
l2-n32-zipf-w2,smoke_parallel,2,32,zipf,2,accept_static_degree,accept_static_degree,,greedy,native,71,selector_delta_ms,3,0.046423,0.045438,0.048117,0.0459305,0.04727,0.0013395000000000004
l2-n32-zipf-w2,smoke_parallel,2,32,zipf,2,accept_static_degree,accept_static_degree,,greedy,native,71,batch_speedup,3,0.0007887346239554701,0.0007604350745159919,632.2074283280658,0.000774584849235731,316.1041085313449,316.10333394649564
l2-n32-zipf-w2,smoke_parallel,2,32,zipf,2,accept_static_degree,accept_static_degree,,greedy,native,71,selector_speedup,3,0.0,0.0,0.0,0.0,0.0,0.0
l2-n32-zipf-w2,smoke_parallel,2,32,zipf,2,accept_static_degree,accept_static_degree,,greedy,native,71,rate_ratio,3,0.0007887346239550922,0.0007604350745152147,632.2074283288364,0.0007745848492351534,316.10410853173016,316.1033339468809
l2-n32-zipf-w2,smoke_parallel,2,32,zipf,2,accept_static_degree,accept_static_degree,,greedy,accept_id,71,commit_delta,3,0,0,0,0.0,0.0,0.0
l2-n32-zipf-w2,smoke_parallel,2,32,zipf,2,accept_static_degree,accept_static_degree,,greedy,accept_id,71,batch_delta_ms,3,2.9025689999999997,0.0020779999999999965,3.279601999999997,1.4523234999999999,3.0910854999999984,1.6387619999999985
l2-n32-zipf-w2,smoke_parallel,2,32,zipf,2,accept_static_degree,accept_static_degree,,greedy,accept_id,71,selector_delta_ms,3,0.006675,0.005989000000000001,0.007184999999999997,0.006332000000000001,0.006929999999999999,0.0005979999999999978
l2-n32-zipf-w2,smoke_parallel,2,32,zipf,2,accept_static_degree,accept_static_degree,,greedy,accept_id,71,batch_speedup,3,0.9494411194823479,0.9448246816094514,0.9767108241992245,0.9471329005458997,0.9630759718407862,0.01594307129488648
l2-n32-zipf-w2,smoke_parallel,2,32,zipf,2,accept_static_degree,accept_static_degree,,greedy,accept_id,71,selector_speedup,3,0.8562135148525515,0.8418724415687311,0.8755325560612673,0.8490429782106412,0.8658730354569094,0.016830057246268182
l2-n32-zipf-w2,smoke_parallel,2,32,zipf,2,accept_static_degree,accept_static_degree,,greedy,accept_id,71,rate_ratio,3,0.949441119483412,0.9448246816086195,0.976710824198418,0.9471329005460158,0.963075971840915,0.015943071294899136
l2-n32-zipf-w2,smoke_parallel,2,32,zipf,2,native,native,,native,accept_id,101,commit_delta,3,0,0,0,0.0,0.0,0.0
l2-n32-zipf-w2,smoke_parallel,2,32,zipf,2,native,native,,native,accept_id,101,batch_delta_ms,3,-0.043154,-55.845122,51.343624999999996,-27.944138000000002,25.650235499999997,53.5943735
l2-n32-zipf-w2,smoke_parallel,2,32,zipf,2,native,native,,native,accept_id,101,selector_delta_ms,3,-0.037004,-0.041323,-0.036739,-0.039163500000000004,-0.0368715,0.0022920000000000024
l2-n32-zipf-w2,smoke_parallel,2,32,zipf,2,native,native,,native,accept_id,101,batch_speedup,3,2.0595919169101577,0.0016451081439124,1374.9727395743635,1.030618512527035,688.5161657456367,687.4855472331097
l2-n32-zipf-w2,smoke_parallel,2,32,zipf,2,native,native,,native,accept_id,101,selector_speedup,0,,,,,,
l2-n32-zipf-w2,smoke_parallel,2,32,zipf,2,native,native,,native,accept_id,101,rate_ratio,3,2.059591916910201,0.0016451081439123963,1374.9727395758384,1.0306185125270566,688.5161657463743,687.4855472338472
l2-n32-zipf-w2,smoke_parallel,2,32,zipf,2,native,native,,native,accept_static_degree,101,commit_delta,3,0,0,0,0.0,0.0,0.0
l2-n32-zipf-w2,smoke_parallel,2,32,zipf,2,native,native,,native,accept_static_degree,101,batch_delta_ms,3,-0.070802,-0.071698,51.314946,-0.07125000000000001,25.622072,25.693322
l2-n32-zipf-w2,smoke_parallel,2,32,zipf,2,native,native,,native,accept_static_degree,101,selector_delta_ms,3,-0.069404,-0.070172,-0.066697,-0.06978799999999999,-0.0680505,0.001737499999999989
l2-n32-zipf-w2,smoke_parallel,2,32,zipf,2,native,native,,native,accept_static_degree,101,batch_speedup,3,2.741960880797146,0.002202759068317148,2.760453753038525,1.3720818199327316,2.7512073169178355,1.379125496985104
l2-n32-zipf-w2,smoke_parallel,2,32,zipf,2,native,native,,native,accept_static_degree,101,selector_speedup,0,,,,,,
l2-n32-zipf-w2,smoke_parallel,2,32,zipf,2,native,native,,native,accept_static_degree,101,rate_ratio,3,2.7419608807925124,0.002202759068312947,2.7604537530414865,1.3720818199304126,2.7512073169169993,1.3791254969865867
l2-n32-zipf-w2,smoke_parallel,2,32,zipf,2,accept_id,accept_id,,greedy,native,101,commit_delta,3,0,0,0,0.0,0.0,0.0
l2-n32-zipf-w2,smoke_parallel,2,32,zipf,2,accept_id,accept_id,,greedy,native,101,batch_delta_ms,3,0.043154,-51.343624999999996,55.845122,-25.650235499999997,27.944138000000002,53.5943735
l2-n32-zipf-w2,smoke_parallel,2,32,zipf,2,accept_id,accept_id,,greedy,native,101,selector_delta_ms,3,0.037004,0.036739,0.041323,0.0368715,0.039163500000000004,0.0022920000000000024
l2-n32-zipf-w2,smoke_parallel,2,32,zipf,2,accept_id,accept_id,,greedy,native,101,batch_speedup,3,0.4855330766204504,0.0007272871462961222,607.8627740677265,0.2431301818833733,304.1741535721735,303.93102339029014
l2-n32-zipf-w2,smoke_parallel,2,32,zipf,2,accept_id,accept_id,,greedy,native,101,selector_speedup,3,0.0,0.0,0.0,0.0,0.0,0.0
l2-n32-zipf-w2,smoke_parallel,2,32,zipf,2,accept_id,accept_id,,greedy,native,101,rate_ratio,3,0.48553307662044026,0.000727287146295342,607.8627740677279,0.2431301818833678,304.17415357217413,303.93102339029076
l2-n32-zipf-w2,smoke_parallel,2,32,zipf,2,accept_id,accept_id,,greedy,accept_static_degree,101,commit_delta,3,0,0,0,0.0,0.0,0.0
l2-n32-zipf-w2,smoke_parallel,2,32,zipf,2,accept_id,accept_id,,greedy,accept_static_degree,101,batch_delta_ms,3,-0.028544,-0.028678999999999996,55.77432,-0.028611499999999998,27.872888,27.9014995
l2-n32-zipf-w2,smoke_parallel,2,32,zipf,2,accept_id,accept_id,,greedy,accept_static_degree,101,selector_delta_ms,3,-0.029693000000000004,-0.03266499999999999,-0.028849,-0.031179,-0.029271000000000002,0.0019079999999999965
l2-n32-zipf-w2,smoke_parallel,2,32,zipf,2,accept_id,accept_id,,greedy,accept_static_degree,101,batch_speedup,3,1.338975237870102,0.001994192904250558,1.340291603581264,0.6704847153871762,1.339633420725683,0.6691487053385068
l2-n32-zipf-w2,smoke_parallel,2,32,zipf,2,accept_id,accept_id,,greedy,accept_static_degree,101,selector_speedup,3,1.8024267646740892,1.6981342109720978,1.889109665478102,1.7502804878230935,1.8457682150760957,0.09548772725300214
l2-n32-zipf-w2,smoke_parallel,2,32,zipf,2,accept_id,accept_id,,greedy,accept_static_degree,101,rate_ratio,3,1.3389752378675517,0.001994192904245049,1.340291603582674,0.6704847153858984,1.3396334207251128,0.6691487053392144
l2-n32-zipf-w2,smoke_parallel,2,32,zipf,2,eas_k2_adaptive,eas,2,adaptive,native,101,commit_delta,3,-1,-1,-1,-1.0,-1.0,0.0
l2-n32-zipf-w2,smoke_parallel,2,32,zipf,2,eas_k2_adaptive,eas,2,adaptive,native,101,batch_delta_ms,3,0.081847,-51.275888,0.12441,-25.5970205,0.10312850000000001,25.700149
l2-n32-zipf-w2,smoke_parallel,2,32,zipf,2,eas_k2_adaptive,eas,2,adaptive,native,101,selector_delta_ms,3,0.111249,0.0722,0.12007,0.0917245,0.1156595,0.023934999999999998
l2-n32-zipf-w2,smoke_parallel,2,32,zipf,2,eas_k2_adaptive,eas,2,adaptive,native,101,batch_speedup,3,0.3322645911857327,0.24625124958347216,337.5840542988801,0.2892579203846024,168.95815944503292,168.6689015246483
l2-n32-zipf-w2,smoke_parallel,2,32,zipf,2,eas_k2_adaptive,eas,2,adaptive,native,101,selector_speedup,3,0.0,0.0,0.0,0.0,0.0,0.0
l2-n32-zipf-w2,smoke_parallel,2,32,zipf,2,eas_k2_adaptive,eas,2,adaptive,native,101,rate_ratio,3,0.3147769811245258,0.23329065750070294,319.8164724943124,0.2740338193126144,160.06562473771848,159.79159091840586
l2-n32-zipf-w2,smoke_parallel,2,32,zipf,2,eas_k2_adaptive,eas,2,adaptive,accept_id,101,commit_delta,3,-1,-1,-1,-1.0,-1.0,0.0
l2-n32-zipf-w2,smoke_parallel,2,32,zipf,2,eas_k2_adaptive,eas,2,adaptive,accept_id,101,batch_delta_ms,3,0.038693000000000005,-55.720712,0.067737,-27.8410095,0.053215000000000005,27.8942245
l2-n32-zipf-w2,smoke_parallel,2,32,zipf,2,eas_k2_adaptive,eas,2,adaptive,accept_id,101,selector_delta_ms,3,0.069926,0.035461,0.083066,0.052693500000000004,0.07649600000000001,0.023802500000000004
l2-n32-zipf-w2,smoke_parallel,2,32,zipf,2,eas_k2_adaptive,eas,2,adaptive,accept_id,101,batch_speedup,3,0.6843294662815931,0.5553622769820535,338.58875526339705,0.6198458716318234,169.6365423648393,169.0166964932075
l2-n32-zipf-w2,smoke_parallel,2,32,zipf,2,eas_k2_adaptive,eas,2,adaptive,accept_id,101,selector_speedup,3,0.37144603546998173,0.30818689098026153,0.5088504155124653,0.3398164632251216,0.44014822549122357,0.10033176226610196
l2-n32-zipf-w2,smoke_parallel,2,32,zipf,2,eas_k2_adaptive,eas,2,adaptive,accept_id,101,rate_ratio,3,0.6483121259534681,0.5261326834577281,320.7682944611901,0.5872224047055981,160.70830329357182,160.12108088886623
l2-n32-zipf-w2,smoke_parallel,2,32,zipf,2,eas_k2_adaptive,eas,2,adaptive,accept_static_degree,101,commit_delta,3,-1,-1,-1,-1.0,-1.0,0.0
l2-n32-zipf-w2,smoke_parallel,2,32,zipf,2,eas_k2_adaptive,eas,2,adaptive,accept_static_degree,101,batch_delta_ms,3,0.03905800000000001,0.010149000000000005,0.053608,0.024603500000000007,0.046333000000000006,0.0217295
l2-n32-zipf-w2,smoke_parallel,2,32,zipf,2,eas_k2_adaptive,eas,2,adaptive,accept_static_degree,101,selector_delta_ms,3,0.041077,0.002796000000000007,0.05337299999999999,0.021936500000000005,0.047224999999999996,0.02528849999999999
l2-n32-zipf-w2,smoke_parallel,2,32,zipf,2,eas_k2_adaptive,eas,2,adaptive,accept_static_degree,101,batch_speedup,3,0.7436163369261267,0.6752112932052952,0.9172010377404669,0.709413815065711,0.8304086873332968,0.12099487226758576
l2-n32-zipf-w2,smoke_parallel,2,32,zipf,2,eas_k2_adaptive,eas,2,adaptive,accept_static_degree,101,selector_speedup,3,0.6307652203615314,0.555484300824519,0.9612742382271467,0.5931247605930252,0.7960197292943391,0.20289496870131385
l2-n32-zipf-w2,smoke_parallel,2,32,zipf,2,eas_k2_adaptive,eas,2,adaptive,accept_static_degree,101,rate_ratio,3,0.7044786349827049,0.6396738567212918,0.8689272989162664,0.6720762458519984,0.7867029669494856,0.11462672109748717
l2-n32-zipf-w2,smoke_parallel,2,32,zipf,2,accept_static_degree,accept_static_degree,,greedy,native,101,commit_delta,3,0,0,0,0.0,0.0,0.0
l2-n32-zipf-w2,smoke_parallel,2,32,zipf,2,accept_static_degree,accept_static_degree,,greedy,native,101,batch_delta_ms,3,0.070802,-51.314946,0.071698,-25.622072,0.07125000000000001,25.693322
l2-n32-zipf-w2,smoke_parallel,2,32,zipf,2,accept_static_degree,accept_static_degree,,greedy,native,101,selector_delta_ms,3,0.069404,0.066697,0.070172,0.0680505,0.06978799999999999,0.001737499999999989
l2-n32-zipf-w2,smoke_parallel,2,32,zipf,2,accept_static_degree,accept_static_degree,,greedy,native,101,batch_speedup,3,0.3647025043294122,0.3622592839670892,453.9761131315985,0.3634808941482507,227.17040781796396,226.80692692381572
l2-n32-zipf-w2,smoke_parallel,2,32,zipf,2,accept_static_degree,accept_static_degree,,greedy,native,101,selector_speedup,3,0.0,0.0,0.0,0.0,0.0,0.0
l2-n32-zipf-w2,smoke_parallel,2,32,zipf,2,accept_static_degree,accept_static_degree,,greedy,native,101,rate_ratio,3,0.3647025043300285,0.3622592839667005,453.9761131324642,0.3634808941483645,227.17040781839714,226.80692692424878
l2-n32-zipf-w2,smoke_parallel,2,32,zipf,2,accept_static_degree,accept_static_degree,,greedy,accept_id,101,commit_delta,3,0,0,0,0.0,0.0,0.0
l2-n32-zipf-w2,smoke_parallel,2,32,zipf,2,accept_static_degree,accept_static_degree,,greedy,accept_id,101,batch_delta_ms,3,0.028544,-55.77432,0.028678999999999996,-27.872888000000003,0.028611499999999998,27.901499500000003
l2-n32-zipf-w2,smoke_parallel,2,32,zipf,2,accept_static_degree,accept_static_degree,,greedy,accept_id,101,selector_delta_ms,3,0.029693000000000004,0.028849,0.03266499999999999,0.029271000000000002,0.031179,0.0019079999999999965
l2-n32-zipf-w2,smoke_parallel,2,32,zipf,2,accept_static_degree,accept_static_degree,,greedy,accept_id,101,batch_speedup,3,0.7468398008544896,0.7461062930842784,501.456001507443,0.7464730469693841,251.10142065414874,250.35494760717935
l2-n32-zipf-w2,smoke_parallel,2,32,zipf,2,accept_static_degree,accept_static_degree,,greedy,accept_id,101,selector_speedup,3,0.5548075625590356,0.5293498933779034,0.5888816051986547,0.5420787279684696,0.5718445838788452,0.029765855910375616
l2-n32-zipf-w2,smoke_parallel,2,32,zipf,2,accept_static_degree,accept_static_degree,,greedy,accept_id,101,rate_ratio,3,0.7468398008559122,0.7461062930834934,501.4560015088283,0.7464730469697027,251.10142065484212,250.35494760787242
l2-n32-zipf-w2,smoke_parallel,2,32,zipf,2,eas_k1_adaptive,eas,1,adaptive,native,101,commit_delta,3,0,0,0,0.0,0.0,0.0
l2-n32-zipf-w2,smoke_parallel,2,32,zipf,2,eas_k1_adaptive,eas,1,adaptive,native,101,batch_delta_ms,3,0.079803,-51.305619,63.637492,-25.612908,31.8586475,57.4715555
l2-n32-zipf-w2,smoke_parallel,2,32,zipf,2,eas_k1_adaptive,eas,1,adaptive,native,101,selector_delta_ms,3,0.078899,0.076186,0.113448,0.0775425,0.0961735,0.018630999999999995
l2-n32-zipf-w2,smoke_parallel,2,32,zipf,2,eas_k1_adaptive,eas,1,adaptive,native,101,batch_speedup,3,0.33744852550478216,0.0006395750484164766,419.44221970296303,0.1690440502765993,209.8898341142339,209.7207900639573
l2-n32-zipf-w2,smoke_parallel,2,32,zipf,2,eas_k1_adaptive,eas,1,adaptive,native,101,selector_speedup,3,0.0,0.0,0.0,0.0,0.0,0.0
l2-n32-zipf-w2,smoke_parallel,2,32,zipf,2,eas_k1_adaptive,eas,1,adaptive,native,101,rate_ratio,3,0.33744852550494003,0.0006395750484160775,419.44221970409404,0.16904405027667807,209.8898341147995,209.72079006452282
l2-n32-zipf-w2,smoke_parallel,2,32,zipf,2,eas_k1_adaptive,eas,1,adaptive,accept_id,101,commit_delta,3,0,0,0,0.0,0.0,0.0
l2-n32-zipf-w2,smoke_parallel,2,32,zipf,2,eas_k1_adaptive,eas,1,adaptive,accept_id,101,batch_delta_ms,3,0.038006,-55.765319,63.594338,-27.863656499999998,31.816171999999998,59.6798285
l2-n32-zipf-w2,smoke_parallel,2,32,zipf,2,eas_k1_adaptive,eas,1,adaptive,accept_id,101,selector_delta_ms,3,0.039182,0.037576,0.076709,0.038378999999999996,0.0579455,0.0195665
l2-n32-zipf-w2,smoke_parallel,2,32,zipf,2,eas_k1_adaptive,eas,1,adaptive,accept_id,101,batch_speedup,3,0.6900278115340386,0.001317263599975998,463.98252357863976,0.3456725375670073,232.3362756950869,231.9906031575199
l2-n32-zipf-w2,smoke_parallel,2,32,zipf,2,eas_k1_adaptive,eas,1,adaptive,accept_id,101,selector_speedup,3,0.48570603522956973,0.3238399971793245,0.5237455481058062,0.4047730162044471,0.5047257916676879,0.09995277546324083
l2-n32-zipf-w2,smoke_parallel,2,32,zipf,2,eas_k1_adaptive,eas,1,adaptive,accept_id,101,rate_ratio,3,0.6900278115358977,0.0013172635999752036,463.98252357935456,0.3456725375679364,232.3362756954452,231.99060315787727
l2-n32-zipf-w2,smoke_parallel,2,32,zipf,2,eas_k1_adaptive,eas,1,adaptive,accept_static_degree,101,commit_delta,3,0,0,0,0.0,0.0,0.0
l2-n32-zipf-w2,smoke_parallel,2,32,zipf,2,eas_k1_adaptive,eas,1,adaptive,accept_static_degree,101,batch_delta_ms,3,0.009327000000000002,0.009000999999999995,63.565794,0.009163999999999999,31.787560499999998,31.7783965
l2-n32-zipf-w2,smoke_parallel,2,32,zipf,2,eas_k1_adaptive,eas,1,adaptive,accept_static_degree,101,selector_delta_ms,3,0.009488999999999997,0.008726999999999999,0.044044,0.009107999999999998,0.0267665,0.0176585
l2-n32-zipf-w2,smoke_parallel,2,32,zipf,2,eas_k1_adaptive,eas,1,adaptive,accept_static_degree,101,batch_speedup,3,0.9239301530857753,0.001765517342751059,0.9252706562167907,0.46284783521426315,0.924600404651283,0.46175256943701987
l2-n32-zipf-w2,smoke_parallel,2,32,zipf,2,eas_k1_adaptive,eas,1,adaptive,accept_static_degree,101,selector_speedup,3,0.8754495576615127,0.6117692687398631,0.8893902330828021,0.7436094132006879,0.8824198953721574,0.13881048217146952
l2-n32-zipf-w2,smoke_parallel,2,32,zipf,2,eas_k1_adaptive,eas,1,adaptive,accept_static_degree,101,rate_ratio,3,0.9239301530865047,0.0017655173427518517,0.92527065621566,0.4628478352146283,0.9246004046510823,0.461752569436454
l2-n32-zipf-w4,smoke_parallel,2,32,zipf,4,accept_id,accept_id,,greedy,native,11,commit_delta,3,0,0,0,0.0,0.0,0.0
l2-n32-zipf-w4,smoke_parallel,2,32,zipf,4,accept_id,accept_id,,greedy,native,11,batch_delta_ms,3,17.07329,1.4472649999999945,21.361509999999996,9.260277499999997,19.217399999999998,9.9571225
l2-n32-zipf-w4,smoke_parallel,2,32,zipf,4,accept_id,accept_id,,greedy,native,11,selector_delta_ms,3,0.041477,0.039557,0.068427,0.040517,0.054952,0.014435000000000003
l2-n32-zipf-w4,smoke_parallel,2,32,zipf,4,accept_id,accept_id,,greedy,native,11,batch_speedup,3,0.8073568332867295,0.7252091572000345,0.9762699226875619,0.7662829952433821,0.8918133779871457,0.1255303827437636
l2-n32-zipf-w4,smoke_parallel,2,32,zipf,4,accept_id,accept_id,,greedy,native,11,selector_speedup,3,0.0,0.0,0.0,0.0,0.0,0.0
l2-n32-zipf-w4,smoke_parallel,2,32,zipf,4,accept_id,accept_id,,greedy,native,11,rate_ratio,3,0.80735683328671,0.7252091571997877,0.9762699226888985,0.7662829952432488,0.8918133779878042,0.1255303827445554
l2-n32-zipf-w4,smoke_parallel,2,32,zipf,4,accept_id,accept_id,,greedy,accept_static_degree,11,commit_delta,3,-1,-1,-1,-1.0,-1.0,0.0
l2-n32-zipf-w4,smoke_parallel,2,32,zipf,4,accept_id,accept_id,,greedy,accept_static_degree,11,batch_delta_ms,3,14.759637999999995,-23.7262,31.115146000000003,-4.483281000000002,22.937392,27.420673
l2-n32-zipf-w4,smoke_parallel,2,32,zipf,4,accept_id,accept_id,,greedy,accept_static_degree,11,selector_delta_ms,3,-0.006758,-0.041856,0.013349,-0.024307,0.0032955,0.0276025
l2-n32-zipf-w4,smoke_parallel,2,32,zipf,4,accept_id,accept_id,,greedy,accept_static_degree,11,batch_speedup,3,0.8101345192618689,0.6489182660058048,1.3890265848551386,0.7295263926338369,1.0995805520585038,0.3700541594246669
l2-n32-zipf-w4,smoke_parallel,2,32,zipf,4,accept_id,accept_id,,greedy,accept_static_degree,11,selector_speedup,3,1.1629336740844323,0.804916188054423,2.058118664206082,0.9839249310694276,1.610526169145257,0.6266012380758295
l2-n32-zipf-w4,smoke_parallel,2,32,zipf,4,accept_id,accept_id,,greedy,accept_static_degree,11,rate_ratio,3,0.7763789142909431,0.6218800049216896,1.3311504771517595,0.6991294596063163,1.0537646957213513,0.354635236115035
l2-n32-zipf-w4,smoke_parallel,2,32,zipf,4,eas_k2_adaptive,eas,2,adaptive,native,11,commit_delta,3,-1,-1,-1,-1.0,-1.0,0.0
l2-n32-zipf-w4,smoke_parallel,2,32,zipf,4,eas_k2_adaptive,eas,2,adaptive,native,11,batch_delta_ms,3,0.4134809999999973,-15.929997,3.075655999999995,-7.758258000000001,1.7445684999999962,9.502826499999998
l2-n32-zipf-w4,smoke_parallel,2,32,zipf,4,eas_k2_adaptive,eas,2,adaptive,native,11,selector_delta_ms,3,0.113347,0.072303,0.11631,0.092825,0.1148285,0.022003499999999995
l2-n32-zipf-w4,smoke_parallel,2,32,zipf,4,eas_k2_adaptive,eas,2,adaptive,native,11,batch_speedup,3,0.9927190351339691,0.9587873153857834,1.3652716314451194,0.9757531752598763,1.1789953332895442,0.20324215802966794
l2-n32-zipf-w4,smoke_parallel,2,32,zipf,4,eas_k2_adaptive,eas,2,adaptive,native,11,selector_speedup,3,0.0,0.0,0.0,0.0,0.0,0.0
l2-n32-zipf-w4,smoke_parallel,2,32,zipf,4,eas_k2_adaptive,eas,2,adaptive,native,11,rate_ratio,3,0.9495573379546848,0.9171009103681197,1.3059119952962095,0.9333291241614022,1.127734666625447,0.19440554246404484
l2-n32-zipf-w4,smoke_parallel,2,32,zipf,4,eas_k2_adaptive,eas,2,adaptive,accept_id,11,commit_delta,3,-1,-1,-1,-1.0,-1.0,0.0
l2-n32-zipf-w4,smoke_parallel,2,32,zipf,4,eas_k2_adaptive,eas,2,adaptive,accept_id,11,batch_delta_ms,3,-17.377261999999995,-20.948029,-13.997634000000005,-19.162645499999996,-15.687448,3.4751974999999966
l2-n32-zipf-w4,smoke_parallel,2,32,zipf,4,eas_k2_adaptive,eas,2,adaptive,accept_id,11,selector_delta_ms,3,0.047882999999999995,0.030826000000000006,0.07379,0.0393545,0.060836499999999995,0.021481999999999994
l2-n32-zipf-w4,smoke_parallel,2,32,zipf,4,eas_k2_adaptive,eas,2,adaptive,accept_id,11,batch_speedup,3,1.3688727248932784,1.1875632630525765,1.3984571271915038,1.2782179939729275,1.3836649260423912,0.10544693206946376
l2-n32-zipf-w4,smoke_parallel,2,32,zipf,4,eas_k2_adaptive,eas,2,adaptive,accept_id,11,selector_speedup,3,0.5736553116744809,0.3489902688205246,0.5883157080216662,0.4613227902475028,0.5809855098480736,0.11966271960057084
l2-n32-zipf-w4,smoke_parallel,2,32,zipf,4,eas_k2_adaptive,eas,2,adaptive,accept_id,11,rate_ratio,3,1.3093565194642065,1.1359300777013888,1.337654643399637,1.2226432985827977,1.3235055814319217,0.10086228284912391
l2-n32-zipf-w4,smoke_parallel,2,32,zipf,4,eas_k2_adaptive,eas,2,adaptive,accept_static_degree,11,commit_delta,3,-2,-2,-2,-2.0,-2.0,0.0
l2-n32-zipf-w4,smoke_parallel,2,32,zipf,4,eas_k2_adaptive,eas,2,adaptive,accept_static_degree,11,batch_delta_ms,3,-6.188391000000003,-41.10346199999999,17.117511999999998,-23.645926499999998,5.4645604999999975,29.110486999999996
l2-n32-zipf-w4,smoke_parallel,2,32,zipf,4,eas_k2_adaptive,eas,2,adaptive,accept_static_degree,11,selector_delta_ms,3,0.031934000000000004,0.024068000000000006,0.061231999999999995,0.028001000000000005,0.046583,0.018581999999999994
l2-n32-zipf-w4,smoke_parallel,2,32,zipf,4,eas_k2_adaptive,eas,2,adaptive,accept_static_degree,11,batch_speedup,3,1.1089710469121004,0.7706314934322734,1.9424941274491432,0.939801270172187,1.5257325871806218,0.5859313170084348
l2-n32-zipf-w4,smoke_parallel,2,32,zipf,4,eas_k2_adaptive,eas,2,adaptive,accept_static_degree,11,selector_speedup,3,0.6671230792636543,0.4735448370733385,0.7182633858858196,0.5703339581684964,0.692693232574737,0.12235927440624061
l2-n32-zipf-w4,smoke_parallel,2,32,zipf,4,eas_k2_adaptive,eas,2,adaptive,accept_static_degree,11,rate_ratio,3,1.0165567930013888,0.7064122023116348,1.7806196168256936,0.8614844976565118,1.3985882049135412,0.5371037072570294
l2-n32-zipf-w4,smoke_parallel,2,32,zipf,4,accept_static_degree,accept_static_degree,,greedy,native,11,commit_delta,3,1,1,1,1.0,1.0,0.0
l2-n32-zipf-w4,smoke_parallel,2,32,zipf,4,accept_static_degree,accept_static_degree,,greedy,native,11,batch_delta_ms,3,6.601872,-14.041856000000003,25.173464999999993,-3.7199920000000013,15.887668499999997,19.607660499999998
l2-n32-zipf-w4,smoke_parallel,2,32,zipf,4,accept_static_degree,accept_static_degree,,greedy,native,11,selector_delta_ms,3,0.055078,0.048235,0.081413,0.0516565,0.0682455,0.016589
l2-n32-zipf-w4,smoke_parallel,2,32,zipf,4,accept_static_degree,accept_static_degree,,greedy,native,11,batch_speedup,3,0.8951712832342811,0.7028446635449939,1.2441579711665989,0.7990079733896375,1.06966462720044,0.2706566538108025
l2-n32-zipf-w4,smoke_parallel,2,32,zipf,4,accept_static_degree,accept_static_degree,,greedy,native,11,selector_speedup,3,0.0,0.0,0.0,0.0,0.0,0.0
l2-n32-zipf-w4,smoke_parallel,2,32,zipf,4,accept_static_degree,accept_static_degree,,greedy,native,11,rate_ratio,3,0.9340917738113895,0.7334031271789849,1.2982517960010254,0.8337474504951872,1.1161717849062074,0.2824243344110202
l2-n32-zipf-w4,smoke_parallel,2,32,zipf,4,accept_static_degree,accept_static_degree,,greedy,accept_id,11,commit_delta,3,1,1,1,1.0,1.0,0.0
l2-n32-zipf-w4,smoke_parallel,2,32,zipf,4,accept_static_degree,accept_static_degree,,greedy,accept_id,11,batch_delta_ms,3,-14.759637999999995,-31.115146000000003,23.7262,-22.937392,4.483281000000002,27.420673
l2-n32-zipf-w4,smoke_parallel,2,32,zipf,4,accept_static_degree,accept_static_degree,,greedy,accept_id,11,selector_delta_ms,3,0.006758,-0.013349,0.041856,-0.0032955,0.024307,0.0276025
l2-n32-zipf-w4,smoke_parallel,2,32,zipf,4,accept_static_degree,accept_static_degree,,greedy,accept_id,11,batch_speedup,3,1.234362906682611,0.7199286254872435,1.5410261236059188,0.9771457660849272,1.3876945151442648,0.4105487490593376
l2-n32-zipf-w4,smoke_parallel,2,32,zipf,4,accept_static_degree,accept_static_degree,,greedy,accept_id,11,selector_speedup,3,0.8598942676479735,0.4858806333140899,1.2423653727441084,0.6728874504810317,1.0511298201960408,0.37824236971500913
l2-n32-zipf-w4,smoke_parallel,2,32,zipf,4,accept_static_degree,accept_static_degree,,greedy,accept_id,11,rate_ratio,3,1.2880308591498615,0.7512298700742559,1.6080272594162683,1.0196303646120586,1.448029059283065,0.42839869467100633
l2-n32-zipf-w4,smoke_parallel,2,32,zipf,4,native,native,,native,accept_id,11,commit_delta,3,0,0,0,0.0,0.0,0.0
l2-n32-zipf-w4,smoke_parallel,2,32,zipf,4,native,native,,native,accept_id,11,batch_delta_ms,3,-17.07329,-21.361509999999996,-1.4472649999999945,-19.217399999999998,-9.260277499999997,9.9571225
l2-n32-zipf-w4,smoke_parallel,2,32,zipf,4,native,native,,native,accept_id,11,selector_delta_ms,3,-0.041477,-0.068427,-0.039557,-0.054952,-0.040517,0.014435000000000003
l2-n32-zipf-w4,smoke_parallel,2,32,zipf,4,native,native,,native,accept_id,11,batch_speedup,3,1.2386096937199689,1.024306881489406,1.3789125386404488,1.1314582876046875,1.3087611161802088,0.17730282857552138
l2-n32-zipf-w4,smoke_parallel,2,32,zipf,4,native,native,,native,accept_id,11,selector_speedup,0,,,,,,
l2-n32-zipf-w4,smoke_parallel,2,32,zipf,4,native,native,,native,accept_id,11,rate_ratio,3,1.2386096937199988,1.0243068814880036,1.378912538640918,1.1314582876040014,1.3087611161804584,0.17730282857645707
l2-n32-zipf-w4,smoke_parallel,2,32,zipf,4,native,native,,native,accept_static_degree,11,commit_delta,3,-1,-1,-1,-1.0,-1.0,0.0
l2-n32-zipf-w4,smoke_parallel,2,32,zipf,4,native,native,,native,accept_static_degree,11,batch_delta_ms,3,-6.601872,-25.173464999999993,14.041856000000003,-15.887668499999997,3.7199920000000013,19.607660499999998
l2-n32-zipf-w4,smoke_parallel,2,32,zipf,4,native,native,,native,accept_static_degree,11,selector_delta_ms,3,-0.055078,-0.081413,-0.048235,-0.0682455,-0.0516565,0.016589
l2-n32-zipf-w4,smoke_parallel,2,32,zipf,4,native,native,,native,accept_static_degree,11,batch_speedup,3,1.1171046465956431,0.8037564547067433,1.422789489438847,0.9604305506511932,1.269947068017245,0.3095165173660519
l2-n32-zipf-w4,smoke_parallel,2,32,zipf,4,native,native,,native,accept_static_degree,11,selector_speedup,0,,,,,,
l2-n32-zipf-w4,smoke_parallel,2,32,zipf,4,native,native,,native,accept_static_degree,11,rate_ratio,3,1.0705586196522041,0.7702666024266452,1.363506594042587,0.9204126110394246,1.2170326068473956,0.29661999580797094
l2-n32-zipf-w4,smoke_parallel,2,32,zipf,4,eas_k1_adaptive,eas,1,adaptive,native,11,commit_delta,3,1,1,1,1.0,1.0,0.0
l2-n32-zipf-w4,smoke_parallel,2,32,zipf,4,eas_k1_adaptive,eas,1,adaptive,native,11,batch_delta_ms,3,-6.2656709999999975,-13.991222,2.626097999999999,-10.128446499999999,-1.8197864999999993,8.30866
l2-n32-zipf-w4,smoke_parallel,2,32,zipf,4,eas_k1_adaptive,eas,1,adaptive,native,11,selector_delta_ms,3,0.071562,0.069812,0.107788,0.070687,0.089675,0.018988000000000005
l2-n32-zipf-w4,smoke_parallel,2,32,zipf,4,eas_k1_adaptive,eas,1,adaptive,native,11,batch_speedup,3,1.1250379314279606,0.9577576805566166,1.243063556350293,1.0413978059922886,1.1840507438891268,0.1426529378968382
l2-n32-zipf-w4,smoke_parallel,2,32,zipf,4,eas_k1_adaptive,eas,1,adaptive,native,11,selector_speedup,3,0.0,0.0,0.0,0.0,0.0,0.0
l2-n32-zipf-w4,smoke_parallel,2,32,zipf,4,eas_k1_adaptive,eas,1,adaptive,native,11,rate_ratio,3,1.1739526241006033,0.9993993188429979,1.2971097979302375,1.0866759714718006,1.2355312110154204,0.1488552395436198
l2-n32-zipf-w4,smoke_parallel,2,32,zipf,4,eas_k1_adaptive,eas,1,adaptive,accept_id,11,commit_delta,3,1,1,1,1.0,1.0,0.0
l2-n32-zipf-w4,smoke_parallel,2,32,zipf,4,eas_k1_adaptive,eas,1,adaptive,accept_id,11,batch_delta_ms,3,-27.627180999999993,-31.064512,1.1788330000000045,-29.345846499999997,-13.224173999999994,16.121672500000003
l2-n32-zipf-w4,smoke_parallel,2,32,zipf,4,eas_k1_adaptive,eas,1,adaptive,accept_id,11,selector_delta_ms,3,0.028335,0.003134999999999999,0.06823099999999999,0.015735,0.04828299999999999,0.032547999999999994
l2-n32-zipf-w4,smoke_parallel,2,32,zipf,4,eas_k1_adaptive,eas,1,adaptive,accept_id,11,batch_speedup,3,1.5396705708054916,0.9810377829934747,1.5513289100921284,1.260354176899483,1.54549974044881,0.28514556354932696
l2-n32-zipf-w4,smoke_parallel,2,32,zipf,4,eas_k1_adaptive,eas,1,adaptive,accept_id,11,selector_speedup,3,0.5941242193319201,0.3669889041451739,0.9561918336547329,0.480556561738547,0.7751580264933264,0.29460146475477944
l2-n32-zipf-w4,smoke_parallel,2,32,zipf,4,eas_k1_adaptive,eas,1,adaptive,accept_id,11,rate_ratio,3,1.6066127695355812,1.0236915996453064,1.6187779931427302,1.3151521845904437,1.6126953813391558,0.2975431967487121
l2-n32-zipf-w4,smoke_parallel,2,32,zipf,4,eas_k1_adaptive,eas,1,adaptive,accept_static_degree,11,commit_delta,3,0,0,0,0.0,0.0,0.0
l2-n32-zipf-w4,smoke_parallel,2,32,zipf,4,eas_k1_adaptive,eas,1,adaptive,accept_static_degree,11,batch_delta_ms,3,-12.867542999999998,-22.547366999999994,0.05063400000000229,-17.707454999999996,-6.408454499999998,11.299000499999998
l2-n32-zipf-w4,smoke_parallel,2,32,zipf,4,eas_k1_adaptive,eas,1,adaptive,accept_static_degree,11,selector_delta_ms,3,0.021577,0.016484,0.026374999999999996,0.0190305,0.023975999999999997,0.0049454999999999985
l2-n32-zipf-w4,smoke_parallel,2,32,zipf,4,eas_k1_adaptive,eas,1,adaptive,accept_static_degree,11,batch_speedup,3,1.2567851007945254,0.9991203570272674,1.3626875613252827,1.1279527289108964,1.309736331059904,0.18178360214900757
l2-n32-zipf-w4,smoke_parallel,2,32,zipf,4,eas_k1_adaptive,eas,1,adaptive,accept_static_degree,11,selector_speedup,3,0.7553067131777192,0.6909270612502149,0.7696542857941365,0.723116887213967,0.7624804994859279,0.039363612271960835
l2-n32-zipf-w4,smoke_parallel,2,32,zipf,4,eas_k1_adaptive,eas,1,adaptive,accept_static_degree,11,rate_ratio,3,1.2567851007942246,0.9991203570260365,1.3626875613240974,1.1279527289101305,1.309736331059161,0.18178360214903044
l2-n32-zipf-w4,smoke_parallel,2,32,zipf,4,accept_id,accept_id,,greedy,native,29,commit_delta,3,0,0,0,0.0,0.0,0.0
l2-n32-zipf-w4,smoke_parallel,2,32,zipf,4,accept_id,accept_id,,greedy,native,29,batch_delta_ms,3,4.1908850000000015,-7.392899,9.867391999999995,-1.6010069999999992,7.029138499999998,8.630145499999998
l2-n32-zipf-w4,smoke_parallel,2,32,zipf,4,accept_id,accept_id,,greedy,native,29,selector_delta_ms,3,0.057409,0.047713,0.067403,0.052561,0.062406,0.009845000000000007
l2-n32-zipf-w4,smoke_parallel,2,32,zipf,4,accept_id,accept_id,,greedy,native,29,batch_speedup,3,0.9384432552123366,0.8421555546960064,1.1610571339525233,0.8902994049541715,1.04975019458243,0.15945078962825843
l2-n32-zipf-w4,smoke_parallel,2,32,zipf,4,accept_id,accept_id,,greedy,native,29,selector_speedup,3,0.0,0.0,0.0,0.0,0.0,0.0
l2-n32-zipf-w4,smoke_parallel,2,32,zipf,4,accept_id,accept_id,,greedy,native,29,rate_ratio,3,0.9384432552115594,0.8421555546958376,1.1610571339514624,0.8902994049536985,1.0497501945815109,0.15945078962781234
l2-n32-zipf-w4,smoke_parallel,2,32,zipf,4,accept_id,accept_id,,greedy,accept_static_degree,29,commit_delta,3,0,0,0,0.0,0.0,0.0
l2-n32-zipf-w4,smoke_parallel,2,32,zipf,4,accept_id,accept_id,,greedy,accept_static_degree,29,batch_delta_ms,3,9.539324999999998,-32.596182,29.233946000000003,-11.5284285,19.3866355,30.915064
l2-n32-zipf-w4,smoke_parallel,2,32,zipf,4,accept_id,accept_id,,greedy,accept_static_degree,29,selector_delta_ms,3,-0.018291,-0.031564,-0.009838,-0.024927500000000002,-0.0140645,0.010863000000000001
l2-n32-zipf-w4,smoke_parallel,2,32,zipf,4,accept_id,accept_id,,greedy,accept_static_degree,29,batch_speedup,3,0.8474035020398989,0.5706046448283997,1.7101202993189584,0.7090040734341493,1.2787619006794286,0.5697578272452793
l2-n32-zipf-w4,smoke_parallel,2,32,zipf,4,accept_id,accept_id,,greedy,accept_static_degree,29,selector_speedup,3,1.318608580536153,1.1459578950491818,1.661538783979209,1.2322832377926674,1.490073682257681,0.25779044446501365
l2-n32-zipf-w4,smoke_parallel,2,32,zipf,4,accept_id,accept_id,,greedy,accept_static_degree,29,rate_ratio,3,0.847403502040745,0.5706046448288272,1.7101202993213085,0.7090040734347861,1.2787619006810267,0.5697578272462406
l2-n32-zipf-w4,smoke_parallel,2,32,zipf,4,eas_k1_adaptive,eas,1,adaptive,native,29,commit_delta,3,0,0,0,0.0,0.0,0.0
l2-n32-zipf-w4,smoke_parallel,2,32,zipf,4,eas_k1_adaptive,eas,1,adaptive,native,29,batch_delta_ms,3,5.118404999999996,-4.650044000000001,17.927217999999996,0.23418049999999724,11.522811499999996,11.288630999999999
l2-n32-zipf-w4,smoke_parallel,2,32,zipf,4,eas_k1_adaptive,eas,1,adaptive,native,29,selector_delta_ms,3,0.080524,0.071598,0.106748,0.07606099999999999,0.093636,0.017575000000000007
l2-n32-zipf-w4,smoke_parallel,2,32,zipf,4,eas_k1_adaptive,eas,1,adaptive,native,29,batch_speedup,3,0.9113917156632457,0.7482926136146248,1.0784940427383358,0.8298421646389353,0.9949428792007908,0.1651007145618555
l2-n32-zipf-w4,smoke_parallel,2,32,zipf,4,eas_k1_adaptive,eas,1,adaptive,native,29,selector_speedup,3,0.0,0.0,0.0,0.0,0.0,0.0
l2-n32-zipf-w4,smoke_parallel,2,32,zipf,4,eas_k1_adaptive,eas,1,adaptive,native,29,rate_ratio,3,0.9113917156636451,0.7482926136141118,1.0784940427380678,0.8298421646388785,0.9949428792008564,0.16510071456197795
l2-n32-zipf-w4,smoke_parallel,2,32,zipf,4,eas_k1_adaptive,eas,1,adaptive,accept_id,29,commit_delta,3,0,0,0,0.0,0.0,0.0
l2-n32-zipf-w4,smoke_parallel,2,32,zipf,4,eas_k1_adaptive,eas,1,adaptive,accept_id,29,batch_delta_ms,3,-4.748987,-8.840929000000003,25.320116999999996,-6.794958000000001,10.285564999999998,17.080523
l2-n32-zipf-w4,smoke_parallel,2,32,zipf,4,eas_k1_adaptive,eas,1,adaptive,accept_id,29,selector_delta_ms,3,0.023884999999999997,0.023114999999999997,0.03934499999999999,0.023499999999999997,0.03161499999999999,0.008114999999999994
l2-n32-zipf-w4,smoke_parallel,2,32,zipf,4,eas_k1_adaptive,eas,1,adaptive,accept_id,29,batch_speedup,3,1.0822130312875886,0.6444924988895707,1.1492373531890436,0.8633527650885797,1.1157251922383162,0.2523724271497365
l2-n32-zipf-w4,smoke_parallel,2,32,zipf,4,eas_k1_adaptive,eas,1,adaptive,accept_id,29,selector_speedup,3,0.6664012961255901,0.6314216659796905,0.7129427251502658,0.6489114810526403,0.6896720106379279,0.04076052958528764
l2-n32-zipf-w4,smoke_parallel,2,32,zipf,4,eas_k1_adaptive,eas,1,adaptive,accept_id,29,rate_ratio,3,1.0822130312882796,0.6444924988897178,1.14923735318971,0.8633527650889987,1.1157251922389948,0.2523724271499961
l2-n32-zipf-w4,smoke_parallel,2,32,zipf,4,eas_k1_adaptive,eas,1,adaptive,accept_static_degree,29,commit_delta,3,0,0,0,0.0,0.0,0.0
l2-n32-zipf-w4,smoke_parallel,2,32,zipf,4,eas_k1_adaptive,eas,1,adaptive,accept_static_degree,29,batch_delta_ms,3,4.790337999999998,-7.276065000000003,20.393017,-1.2428635000000021,12.5916775,13.834541000000002
l2-n32-zipf-w4,smoke_parallel,2,32,zipf,4,eas_k1_adaptive,eas,1,adaptive,accept_static_degree,29,selector_delta_ms,3,0.004823999999999995,-0.007679000000000005,0.02950699999999999,-0.0014275000000000052,0.017165499999999993,0.018593
l2-n32-zipf-w4,smoke_parallel,2,32,zipf,4,eas_k1_adaptive,eas,1,adaptive,accept_static_degree,29,batch_speedup,3,0.9170711126663172,0.6557601717399644,1.1021597051098562,0.7864156422031408,1.0096154088880867,0.2231997666849459
l2-n32-zipf-w4,smoke_parallel,2,32,zipf,4,eas_k1_adaptive,eas,1,adaptive,accept_static_degree,29,selector_speedup,3,0.9400923948139686,0.7235826432345337,1.1072515992066818,0.8318375190242511,1.0236719970103252,0.19183447798607411
l2-n32-zipf-w4,smoke_parallel,2,32,zipf,4,eas_k1_adaptive,eas,1,adaptive,accept_static_degree,29,rate_ratio,3,0.9170711126678186,0.655760171740836,1.1021597051116223,0.7864156422043274,1.0096154088897205,0.2231997666853931
l2-n32-zipf-w4,smoke_parallel,2,32,zipf,4,eas_k2_adaptive,eas,2,adaptive,native,29,commit_delta,3,0,0,0,0.0,0.0,0.0
l2-n32-zipf-w4,smoke_parallel,2,32,zipf,4,eas_k2_adaptive,eas,2,adaptive,native,29,batch_delta_ms,3,-10.813571000000003,-13.331718000000002,16.872789999999995,-12.072644500000003,3.029609499999996,15.102253999999999
l2-n32-zipf-w4,smoke_parallel,2,32,zipf,4,eas_k2_adaptive,eas,2,adaptive,native,29,selector_delta_ms,3,0.105187,0.071975,0.1114,0.088581,0.1082935,0.019712500000000008
l2-n32-zipf-w4,smoke_parallel,2,32,zipf,4,eas_k2_adaptive,eas,2,adaptive,native,29,batch_speedup,3,1.2584973127667385,0.7595373459766798,1.2636860806584365,1.009017329371709,1.2610916967125876,0.2520743673408785
l2-n32-zipf-w4,smoke_parallel,2,32,zipf,4,eas_k2_adaptive,eas,2,adaptive,native,29,selector_speedup,3,0.0,0.0,0.0,0.0,0.0,0.0
l2-n32-zipf-w4,smoke_parallel,2,32,zipf,4,eas_k2_adaptive,eas,2,adaptive,native,29,rate_ratio,3,1.2584973127671761,0.7595373459766245,1.2636860806567454,1.0090173293719003,1.2610916967119608,0.2520743673400605
l2-n32-zipf-w4,smoke_parallel,2,32,zipf,4,eas_k2_adaptive,eas,2,adaptive,accept_id,29,commit_delta,3,0,0,0,0.0,0.0,0.0
l2-n32-zipf-w4,smoke_parallel,2,32,zipf,4,eas_k2_adaptive,eas,2,adaptive,accept_id,29,batch_delta_ms,3,-17.522603000000004,-20.680963,24.265688999999995,-19.101783,3.3715429999999955,22.473325999999997
l2-n32-zipf-w4,smoke_parallel,2,32,zipf,4,eas_k2_adaptive,eas,2,adaptive,accept_id,29,selector_delta_ms,3,0.043996999999999994,0.014565999999999996,0.057474000000000004,0.029281499999999995,0.0507355,0.021454000000000008
l2-n32-zipf-w4,smoke_parallel,2,32,zipf,4,eas_k2_adaptive,eas,2,adaptive,accept_id,29,batch_speedup,3,1.3465769759009125,0.6541774076104492,1.494376312961587,1.000377191755681,1.4204766444312498,0.4200994526755688
l2-n32-zipf-w4,smoke_parallel,2,32,zipf,4,eas_k2_adaptive,eas,2,adaptive,accept_id,29,selector_speedup,3,0.6050538599640934,0.4536016808160704,0.7976241750607851,0.5293277703900819,0.7013390175124392,0.17201124712235727
l2-n32-zipf-w4,smoke_parallel,2,32,zipf,4,eas_k2_adaptive,eas,2,adaptive,accept_id,29,rate_ratio,3,1.346576975900226,0.6541774076109993,1.4943763129624066,1.0003771917556126,1.4204766444313162,0.4200994526757036
l2-n32-zipf-w4,smoke_parallel,2,32,zipf,4,eas_k2_adaptive,eas,2,adaptive,accept_static_degree,29,commit_delta,3,0,0,0,0.0,0.0,0.0
l2-n32-zipf-w4,smoke_parallel,2,32,zipf,4,eas_k2_adaptive,eas,2,adaptive,accept_static_degree,29,batch_delta_ms,3,-8.330493000000004,-11.141638,11.711343,-9.736065500000002,1.6904249999999976,11.4264905
l2-n32-zipf-w4,smoke_parallel,2,32,zipf,4,eas_k2_adaptive,eas,2,adaptive,accept_static_degree,29,selector_delta_ms,3,0.025910000000000002,-0.003725000000000006,0.034158999999999995,0.011092499999999998,0.0300345,0.018942
l2-n32-zipf-w4,smoke_parallel,2,32,zipf,4,eas_k2_adaptive,eas,2,adaptive,accept_static_degree,29,batch_speedup,3,1.1187220641104816,0.7683630770680407,1.2663397209691207,0.9435425705892612,1.1925308925398013,0.2489883219505401
l2-n32-zipf-w4,smoke_parallel,2,32,zipf,4,eas_k2_adaptive,eas,2,adaptive,accept_static_degree,29,selector_speedup,3,0.7536767851540589,0.6933662477558349,1.0517540812782218,0.7235215164549469,0.9027154332161403,0.17919391676119345
l2-n32-zipf-w4,smoke_parallel,2,32,zipf,4,eas_k2_adaptive,eas,2,adaptive,accept_static_degree,29,rate_ratio,3,1.1187220641129598,0.7683630770682247,1.2663397209710796,0.9435425705905922,1.1925308925420197,0.2489883219514275
l2-n32-zipf-w4,smoke_parallel,2,32,zipf,4,native,native,,native,accept_id,29,commit_delta,3,0,0,0,0.0,0.0,0.0
l2-n32-zipf-w4,smoke_parallel,2,32,zipf,4,native,native,,native,accept_id,29,batch_delta_ms,3,-4.1908850000000015,-9.867391999999995,7.392899,-7.029138499999998,1.6010069999999992,8.630145499999998
l2-n32-zipf-w4,smoke_parallel,2,32,zipf,4,native,native,,native,accept_id,29,selector_delta_ms,3,-0.057409,-0.067403,-0.047713,-0.062406,-0.052561,0.009845000000000007
l2-n32-zipf-w4,smoke_parallel,2,32,zipf,4,native,native,,native,accept_id,29,batch_speedup,3,1.0655945305651275,0.861284058085716,1.1874290853083203,0.9634392943254217,1.126511807936724,0.16307251361130226
l2-n32-zipf-w4,smoke_parallel,2,32,zipf,4,native,native,,native,accept_id,29,selector_speedup,0,,,,,,
l2-n32-zipf-w4,smoke_parallel,2,32,zipf,4,native,native,,native,accept_id,29,rate_ratio,3,1.0655945305660102,0.861284058086503,1.1874290853085583,0.9634392943262566,1.1265118079372842,0.1630725136110276
l2-n32-zipf-w4,smoke_parallel,2,32,zipf,4,native,native,,native,accept_static_degree,29,commit_delta,3,0,0,0,0.0,0.0,0.0
l2-n32-zipf-w4,smoke_parallel,2,32,zipf,4,native,native,,native,accept_static_degree,29,batch_delta_ms,3,-0.3280669999999972,-25.203283,25.043061,-12.765674999999998,12.357497000000002,25.123172
l2-n32-zipf-w4,smoke_parallel,2,32,zipf,4,native,native,,native,accept_static_degree,29,selector_delta_ms,3,-0.077241,-0.079277,-0.0757,-0.078259,-0.0764705,0.0017884999999999984
l2-n32-zipf-w4,smoke_parallel,2,32,zipf,4,native,native,,native,accept_static_degree,29,batch_speedup,3,1.0062315653143044,0.6080331886441999,1.4728993512121917,0.8071323769792521,1.239565458263248,0.43243308128399593
l2-n32-zipf-w4,smoke_parallel,2,32,zipf,4,native,native,,native,accept_static_degree,29,selector_speedup,0,,,,,,
l2-n32-zipf-w4,smoke_parallel,2,32,zipf,4,native,native,,native,accept_static_degree,29,rate_ratio,3,1.006231565315511,0.6080331886451591,1.4728993512155617,0.807132376980335,1.2395654582655364,0.4324330812852014
l2-n32-zipf-w4,smoke_parallel,2,32,zipf,4,accept_static_degree,accept_static_degree,,greedy,native,29,commit_delta,3,0,0,0,0.0,0.0,0.0
l2-n32-zipf-w4,smoke_parallel,2,32,zipf,4,accept_static_degree,accept_static_degree,,greedy,native,29,batch_delta_ms,3,0.3280669999999972,-25.043061,25.203283,-12.357497000000002,12.765674999999998,25.123172
l2-n32-zipf-w4,smoke_parallel,2,32,zipf,4,accept_static_degree,accept_static_degree,,greedy,native,29,selector_delta_ms,3,0.077241,0.0757,0.079277,0.0764705,0.078259,0.0017884999999999984
l2-n32-zipf-w4,smoke_parallel,2,32,zipf,4,accept_static_degree,accept_static_degree,,greedy,native,29,batch_speedup,3,0.9938070266039032,0.6789330168263045,1.64464706643697,0.8363700217151038,1.3192270465204365,0.48285702480533277
l2-n32-zipf-w4,smoke_parallel,2,32,zipf,4,accept_static_degree,accept_static_degree,,greedy,native,29,selector_speedup,3,0.0,0.0,0.0,0.0,0.0,0.0
l2-n32-zipf-w4,smoke_parallel,2,32,zipf,4,accept_static_degree,accept_static_degree,,greedy,native,29,rate_ratio,3,0.9938070266027116,0.6789330168247512,1.644647066434375,0.8363700217137313,1.3192270465185434,0.4828570248048121
l2-n32-zipf-w4,smoke_parallel,2,32,zipf,4,accept_static_degree,accept_static_degree,,greedy,accept_id,29,commit_delta,3,0,0,0,0.0,0.0,0.0
l2-n32-zipf-w4,smoke_parallel,2,32,zipf,4,accept_static_degree,accept_static_degree,,greedy,accept_id,29,batch_delta_ms,3,-9.539324999999998,-29.233946000000003,32.596182,-19.3866355,11.5284285,30.915064
l2-n32-zipf-w4,smoke_parallel,2,32,zipf,4,accept_static_degree,accept_static_degree,,greedy,accept_id,29,selector_delta_ms,3,0.018291,0.009838,0.031564,0.0140645,0.024927500000000002,0.010863000000000001
l2-n32-zipf-w4,smoke_parallel,2,32,zipf,4,accept_static_degree,accept_static_degree,,greedy,accept_id,29,batch_speedup,3,1.1800753685732541,0.5847541839005372,1.7525269187052168,0.8824147762368957,1.4663011436392355,0.5838863674023398
l2-n32-zipf-w4,smoke_parallel,2,32,zipf,4,accept_static_degree,accept_static_degree,,greedy,accept_id,29,selector_speedup,3,0.7583751651254954,0.6018517350555647,0.8726324102484432,0.68011345009053,0.8155037876869693,0.13539033759643926
l2-n32-zipf-w4,smoke_parallel,2,32,zipf,4,accept_static_degree,accept_static_degree,,greedy,accept_id,29,rate_ratio,3,1.180075368572076,0.5847541838997337,1.7525269187039036,0.8824147762359048,1.4663011436379898,0.583886367402085
l2-n32-zipf-w4,smoke_parallel,2,32,zipf,4,accept_static_degree,accept_static_degree,,greedy,native,47,commit_delta,3,0,0,0,0.0,0.0,0.0
l2-n32-zipf-w4,smoke_parallel,2,32,zipf,4,accept_static_degree,accept_static_degree,,greedy,native,47,batch_delta_ms,3,-23.922521000000003,-24.220520000000008,-10.619183,-24.071520500000005,-17.270852,6.800668500000004
l2-n32-zipf-w4,smoke_parallel,2,32,zipf,4,accept_static_degree,accept_static_degree,,greedy,native,47,selector_delta_ms,3,0.052281,0.050075,0.054019,0.051178,0.05315,0.0019720000000000015
l2-n32-zipf-w4,smoke_parallel,2,32,zipf,4,accept_static_degree,accept_static_degree,,greedy,native,47,batch_speedup,3,1.4039704659811487,1.2059570823015453,1.5165729774405354,1.304963774141347,1.460271721710842,0.15530794756949517
l2-n32-zipf-w4,smoke_parallel,2,32,zipf,4,accept_static_degree,accept_static_degree,,greedy,native,47,selector_speedup,3,0.0,0.0,0.0,0.0,0.0,0.0
l2-n32-zipf-w4,smoke_parallel,2,32,zipf,4,accept_static_degree,accept_static_degree,,greedy,native,47,rate_ratio,3,1.403970465980586,1.20595708230277,1.5165729774395924,1.3049637741416782,1.4602717217100891,0.15530794756841093
l2-n32-zipf-w4,smoke_parallel,2,32,zipf,4,accept_static_degree,accept_static_degree,,greedy,accept_id,47,commit_delta,3,0,0,0,0.0,0.0,0.0
l2-n32-zipf-w4,smoke_parallel,2,32,zipf,4,accept_static_degree,accept_static_degree,,greedy,accept_id,47,batch_delta_ms,3,-6.991161000000005,-34.67716,-6.009061999999993,-20.834160500000003,-6.500111499999999,14.334049000000004
l2-n32-zipf-w4,smoke_parallel,2,32,zipf,4,accept_static_degree,accept_static_degree,,greedy,accept_id,47,selector_delta_ms,3,0.007759000000000002,-0.020904,0.011437999999999997,-0.0065724999999999985,0.0095985,0.016170999999999998
l2-n32-zipf-w4,smoke_parallel,2,32,zipf,4,accept_static_degree,accept_static_degree,,greedy,accept_id,47,batch_speedup,3,1.1491068256807102,1.1165446416065234,1.5855799430211746,1.132825733643617,1.3673433843509424,0.23451765070732544
l2-n32-zipf-w4,smoke_parallel,2,32,zipf,4,accept_static_degree,accept_static_degree,,greedy,accept_id,47,selector_speedup,3,0.8515904439471318,0.7882596864066348,1.4174538192710933,0.8199250651768832,1.1345221316091125,0.3145970664322293
l2-n32-zipf-w4,smoke_parallel,2,32,zipf,4,accept_static_degree,accept_static_degree,,greedy,accept_id,47,rate_ratio,3,1.1491068256799548,1.1165446416057552,1.5855799430159423,1.1328257336428549,1.3673433843479486,0.23451765070509367
l2-n32-zipf-w4,smoke_parallel,2,32,zipf,4,eas_k2_adaptive,eas,2,adaptive,native,47,commit_delta,3,-1,-1,-1,-1.0,-1.0,0.0
l2-n32-zipf-w4,smoke_parallel,2,32,zipf,4,eas_k2_adaptive,eas,2,adaptive,native,47,batch_delta_ms,3,-18.696566000000004,-29.198274000000005,-13.517502,-23.947420000000005,-16.107034000000002,7.840386000000002
l2-n32-zipf-w4,smoke_parallel,2,32,zipf,4,eas_k2_adaptive,eas,2,adaptive,native,47,selector_delta_ms,3,0.080558,0.079878,0.082383,0.08021800000000001,0.0814705,0.0012524999999999897
l2-n32-zipf-w4,smoke_parallel,2,32,zipf,4,eas_k2_adaptive,eas,2,adaptive,native,47,batch_speedup,3,1.3567306117840185,1.2777843549120764,1.541282768058284,1.3172574833480475,1.4490066899211511,0.13174920657310363
l2-n32-zipf-w4,smoke_parallel,2,32,zipf,4,eas_k2_adaptive,eas,2,adaptive,native,47,selector_speedup,3,0.0,0.0,0.0,0.0,0.0,0.0
l2-n32-zipf-w4,smoke_parallel,2,32,zipf,4,eas_k2_adaptive,eas,2,adaptive,native,47,rate_ratio,3,1.2853237374786846,1.210532546759758,1.4601626223711253,1.2479281421192212,1.372743179924905,0.12481503780568382
l2-n32-zipf-w4,smoke_parallel,2,32,zipf,4,eas_k2_adaptive,eas,2,adaptive,accept_id,47,commit_delta,3,-1,-1,-1,-1.0,-1.0,0.0
l2-n32-zipf-w4,smoke_parallel,2,32,zipf,4,eas_k2_adaptive,eas,2,adaptive,accept_id,47,batch_delta_ms,3,-8.907380999999994,-39.952913,-1.467207000000002,-24.430146999999998,-5.187293999999998,19.242853
l2-n32-zipf-w4,smoke_parallel,2,32,zipf,4,eas_k2_adaptive,eas,2,adaptive,accept_id,47,selector_delta_ms,3,0.037861,0.008899000000000004,0.037977000000000004,0.02338,0.037919,0.014539
l2-n32-zipf-w4,smoke_parallel,2,32,zipf,4,eas_k2_adaptive,eas,2,adaptive,accept_id,47,batch_speedup,3,1.183046474492187,1.0279943199582102,1.7406541681413015,1.1055203972251986,1.4618503213167442,0.3563299240915456
l2-n32-zipf-w4,smoke_parallel,2,32,zipf,4,eas_k2_adaptive,eas,2,adaptive,accept_id,47,selector_speedup,3,0.5404270298483911,0.5285756845999156,0.888592603720674,0.5345013572241533,0.7145098167845325,0.18000845956037925
l2-n32-zipf-w4,smoke_parallel,2,32,zipf,4,eas_k2_adaptive,eas,2,adaptive,accept_id,47,rate_ratio,3,1.1207808705705145,0.9738893557491577,1.649040790866061,1.047335113159836,1.3849108307182876,0.3375757175584515
l2-n32-zipf-w4,smoke_parallel,2,32,zipf,4,eas_k2_adaptive,eas,2,adaptive,accept_static_degree,47,commit_delta,3,-1,-1,-1,-1.0,-1.0,0.0
l2-n32-zipf-w4,smoke_parallel,2,32,zipf,4,eas_k2_adaptive,eas,2,adaptive,accept_static_degree,47,batch_delta_ms,3,-2.8983190000000008,-5.275753000000002,5.523954000000003,-4.087036000000001,1.3128175000000013,5.3998535000000025
l2-n32-zipf-w4,smoke_parallel,2,32,zipf,4,eas_k2_adaptive,eas,2,adaptive,accept_static_degree,47,selector_delta_ms,3,0.029803000000000003,0.026539000000000007,0.030101999999999997,0.028171000000000005,0.0299525,0.001781499999999995
l2-n32-zipf-w4,smoke_parallel,2,32,zipf,4,eas_k2_adaptive,eas,2,adaptive,accept_static_degree,47,batch_speedup,3,1.0595603887274745,0.894602918531308,1.097802842299233,0.9770816536293913,1.0786816155133536,0.10159996188396236
l2-n32-zipf-w4,smoke_parallel,2,32,zipf,4,eas_k2_adaptive,eas,2,adaptive,accept_static_degree,47,selector_speedup,3,0.634609081970795,0.6268935126067252,0.6705603416172198,0.6307512972887601,0.6525847117940073,0.02183341450524723
l2-n32-zipf-w4,smoke_parallel,2,32,zipf,4,eas_k2_adaptive,eas,2,adaptive,accept_static_degree,47,rate_ratio,3,1.0037940524784275,0.8475185543980068,1.0400237453366175,0.9256563034382171,1.0219088989075225,0.09625259546930531
l2-n32-zipf-w4,smoke_parallel,2,32,zipf,4,native,native,,native,accept_id,47,commit_delta,3,0,0,0,0.0,0.0,0.0
l2-n32-zipf-w4,smoke_parallel,2,32,zipf,4,native,native,,native,accept_id,47,batch_delta_ms,3,4.610121000000007,-10.754638999999997,17.229359000000002,-3.0722589999999954,10.919740000000004,13.991999
l2-n32-zipf-w4,smoke_parallel,2,32,zipf,4,native,native,,native,accept_id,47,selector_delta_ms,3,-0.044522,-0.070979,-0.042581,-0.057750499999999996,-0.0435515,0.014198999999999996
l2-n32-zipf-w4,smoke_parallel,2,32,zipf,4,native,native,,native,accept_id,47,batch_speedup,3,0.9258576926101052,0.7576996575661104,1.1293542004198145,0.8417786750881078,1.0276059465149598,0.18582727142685207
l2-n32-zipf-w4,smoke_parallel,2,32,zipf,4,native,native,,native,accept_id,47,selector_speedup,0,,,,,,
l2-n32-zipf-w4,smoke_parallel,2,32,zipf,4,native,native,,native,accept_id,47,rate_ratio,3,0.9258576926085278,0.7576996575660834,1.1293542004165404,0.8417786750873055,1.027605946512534,0.18582727142522848
l2-n32-zipf-w4,smoke_parallel,2,32,zipf,4,native,native,,native,accept_static_degree,47,commit_delta,3,0,0,0,0.0,0.0,0.0
l2-n32-zipf-w4,smoke_parallel,2,32,zipf,4,native,native,,native,accept_static_degree,47,batch_delta_ms,3,23.922521000000003,10.619183,24.220520000000008,17.270852,24.071520500000005,6.800668500000004
l2-n32-zipf-w4,smoke_parallel,2,32,zipf,4,native,native,,native,accept_static_degree,47,selector_delta_ms,3,-0.052281,-0.054019,-0.050075,-0.05315,-0.051178,0.0019720000000000015
l2-n32-zipf-w4,smoke_parallel,2,32,zipf,4,native,native,,native,accept_static_degree,47,batch_speedup,3,0.7122656952054625,0.6593813913839236,0.8292169055398885,0.6858235432946931,0.7707413003726755,0.08491775707798244
l2-n32-zipf-w4,smoke_parallel,2,32,zipf,4,native,native,,native,accept_static_degree,47,selector_speedup,0,,,,,,
l2-n32-zipf-w4,smoke_parallel,2,32,zipf,4,native,native,,native,accept_static_degree,47,rate_ratio,3,0.7122656952057479,0.6593813913843336,0.8292169055390464,0.6858235432950408,0.7707413003723971,0.08491775707735627
l2-n32-zipf-w4,smoke_parallel,2,32,zipf,4,accept_id,accept_id,,greedy,native,47,commit_delta,3,0,0,0,0.0,0.0,0.0
l2-n32-zipf-w4,smoke_parallel,2,32,zipf,4,accept_id,accept_id,,greedy,native,47,batch_delta_ms,3,-4.610121000000007,-17.229359000000002,10.754638999999997,-10.919740000000004,3.0722589999999954,13.991999
l2-n32-zipf-w4,smoke_parallel,2,32,zipf,4,accept_id,accept_id,,greedy,native,47,selector_delta_ms,3,0.044522,0.042581,0.070979,0.0435515,0.057750499999999996,0.014198999999999996
l2-n32-zipf-w4,smoke_parallel,2,32,zipf,4,accept_id,accept_id,,greedy,native,47,batch_speedup,3,1.0800795932049543,0.885461797218508,1.319784151958322,0.9827706952117312,1.1999318725816381,0.21716117736990692
l2-n32-zipf-w4,smoke_parallel,2,32,zipf,4,accept_id,accept_id,,greedy,native,47,selector_speedup,3,0.0,0.0,0.0,0.0,0.0,0.0
l2-n32-zipf-w4,smoke_parallel,2,32,zipf,4,accept_id,accept_id,,greedy,native,47,rate_ratio,3,1.0800795932067944,0.885461797221075,1.319784151958369,0.9827706952139347,1.1999318725825816,0.21716117736864693
l2-n32-zipf-w4,smoke_parallel,2,32,zipf,4,accept_id,accept_id,,greedy,accept_static_degree,47,commit_delta,3,0,0,0,0.0,0.0,0.0
l2-n32-zipf-w4,smoke_parallel,2,32,zipf,4,accept_id,accept_id,,greedy,accept_static_degree,47,batch_delta_ms,3,6.991161000000005,6.009061999999993,34.67716,6.500111499999999,20.834160500000003,14.334049000000004
l2-n32-zipf-w4,smoke_parallel,2,32,zipf,4,accept_id,accept_id,,greedy,accept_static_degree,47,selector_delta_ms,3,-0.007759000000000002,-0.011437999999999997,0.020904,-0.0095985,0.0065724999999999985,0.016170999999999998
l2-n32-zipf-w4,smoke_parallel,2,32,zipf,4,accept_id,accept_id,,greedy,accept_static_degree,47,batch_speedup,3,0.8702411104447301,0.6306840625737188,0.8956202580141936,0.7504625865092245,0.8829306842294619,0.13246809772023738
l2-n32-zipf-w4,smoke_parallel,2,32,zipf,4,accept_id,accept_id,,greedy,accept_static_degree,47,selector_speedup,3,1.1742733929293383,0.7054903563025684,1.268617458490876,0.9398818746159534,1.2214454257101073,0.2815635510941539
l2-n32-zipf-w4,smoke_parallel,2,32,zipf,4,accept_id,accept_id,,greedy,accept_static_degree,47,rate_ratio,3,0.8702411104453021,0.6306840625758,0.89562025801481,0.750462586510551,0.882930684230056,0.13246809771950507
l2-n32-zipf-w4,smoke_parallel,2,32,zipf,4,eas_k1_adaptive,eas,1,adaptive,native,47,commit_delta,3,0,0,0,0.0,0.0,0.0
l2-n32-zipf-w4,smoke_parallel,2,32,zipf,4,eas_k1_adaptive,eas,1,adaptive,native,47,batch_delta_ms,3,-10.255255000000005,-14.14369400000001,-7.280632000000004,-12.199474500000008,-8.767943500000005,3.431531000000003
l2-n32-zipf-w4,smoke_parallel,2,32,zipf,4,eas_k1_adaptive,eas,1,adaptive,native,47,selector_delta_ms,3,0.082143,0.080525,0.082171,0.08133399999999999,0.082157,0.0008230000000000043
l2-n32-zipf-w4,smoke_parallel,2,32,zipf,4,eas_k1_adaptive,eas,1,adaptive,native,47,batch_speedup,3,1.197504715632829,1.1140685444813667,1.2049890432696102,1.1557866300570978,1.2012468794512197,0.045460249394121854
l2-n32-zipf-w4,smoke_parallel,2,32,zipf,4,eas_k1_adaptive,eas,1,adaptive,native,47,selector_speedup,3,0.0,0.0,0.0,0.0,0.0,0.0
l2-n32-zipf-w4,smoke_parallel,2,32,zipf,4,eas_k1_adaptive,eas,1,adaptive,native,47,rate_ratio,3,1.1975047156350476,1.1140685444834422,1.2049890432693262,1.1557866300592448,1.2012468794521869,0.04546024939294213
l2-n32-zipf-w4,smoke_parallel,2,32,zipf,4,eas_k1_adaptive,eas,1,adaptive,accept_id,47,commit_delta,3,0,0,0,0.0,0.0,0.0
l2-n32-zipf-w4,smoke_parallel,2,32,zipf,4,eas_k1_adaptive,eas,1,adaptive,accept_id,47,batch_delta_ms,3,-5.645133999999999,-24.898333000000008,9.948726999999998,-15.271733500000003,2.1517964999999997,17.423530000000003
l2-n32-zipf-w4,smoke_parallel,2,32,zipf,4,eas_k1_adaptive,eas,1,adaptive,accept_id,47,selector_delta_ms,3,0.036003,0.011191999999999994,0.03956199999999999,0.023597499999999997,0.0377825,0.014185
l2-n32-zipf-w4,smoke_parallel,2,32,zipf,4,eas_k1_adaptive,eas,1,adaptive,accept_id,47,batch_speedup,3,1.1087189529055312,0.8441293546587065,1.3608594374763878,0.9764241537821189,1.2347891951909595,0.25836504140884065
l2-n32-zipf-w4,smoke_parallel,2,32,zipf,4,eas_k1_adaptive,eas,1,adaptive,accept_id,47,selector_speedup,3,0.5528966159577771,0.5183764897800178,0.8637962298134378,0.5356365528688974,0.7083464228856075,0.17270987001671
l2-n32-zipf-w4,smoke_parallel,2,32,zipf,4,eas_k1_adaptive,eas,1,adaptive,accept_id,47,rate_ratio,3,1.1087189529056962,0.8441293546602492,1.3608594374721217,0.9764241537829728,1.234789195188909,0.2583650414059362
l2-n32-zipf-w4,smoke_parallel,2,32,zipf,4,eas_k1_adaptive,eas,1,adaptive,accept_static_degree,47,commit_delta,3,0,0,0,0.0,0.0,0.0
l2-n32-zipf-w4,smoke_parallel,2,32,zipf,4,eas_k1_adaptive,eas,1,adaptive,accept_static_degree,47,batch_delta_ms,3,9.778826999999993,0.36392799999999426,16.939888000000003,5.071377499999993,13.359357499999998,8.287980000000005
l2-n32-zipf-w4,smoke_parallel,2,32,zipf,4,eas_k1_adaptive,eas,1,adaptive,accept_static_degree,47,selector_delta_ms,3,0.028244,0.028123999999999996,0.03209599999999999,0.028183999999999997,0.030169999999999995,0.001985999999999998
l2-n32-zipf-w4,smoke_parallel,2,32,zipf,4,eas_k1_adaptive,eas,1,adaptive,accept_static_degree,47,batch_speedup,3,0.858272358619394,0.734596066957186,0.9929911546664785,0.79643421278829,0.9256317566429362,0.1291975438546462
l2-n32-zipf-w4,smoke_parallel,2,32,zipf,4,eas_k1_adaptive,eas,1,adaptive,accept_static_degree,47,selector_speedup,3,0.6492517851598882,0.6093999099438976,0.6576214650061478,0.6293258475518929,0.653436625083018,0.024110777531125116
l2-n32-zipf-w4,smoke_parallel,2,32,zipf,4,eas_k1_adaptive,eas,1,adaptive,accept_static_degree,47,rate_ratio,3,0.8582723586195357,0.7345960669590115,0.9929911546673098,0.7964342127892736,0.9256317566434227,0.12919754385414906
l2-n32-zipf-w4,smoke_parallel,2,32,zipf,4,accept_id,accept_id,,greedy,native,71,commit_delta,3,0,0,0,0.0,0.0,0.0
l2-n32-zipf-w4,smoke_parallel,2,32,zipf,4,accept_id,accept_id,,greedy,native,71,batch_delta_ms,3,3.777597,-1.0340829999999954,6.454363999999998,1.3717570000000023,5.115980499999999,3.744223499999997
l2-n32-zipf-w4,smoke_parallel,2,32,zipf,4,accept_id,accept_id,,greedy,native,71,selector_delta_ms,3,0.043449,0.042072,0.045365,0.0427605,0.044407,0.0016465000000000021
l2-n32-zipf-w4,smoke_parallel,2,32,zipf,4,accept_id,accept_id,,greedy,native,71,batch_speedup,3,0.9289398475595241,0.8778799705384542,1.0181479422955795,0.9034099090489891,0.9735438949275518,0.07013398587856268
l2-n32-zipf-w4,smoke_parallel,2,32,zipf,4,accept_id,accept_id,,greedy,native,71,selector_speedup,3,0.0,0.0,0.0,0.0,0.0,0.0
l2-n32-zipf-w4,smoke_parallel,2,32,zipf,4,accept_id,accept_id,,greedy,native,71,rate_ratio,3,0.9289398475575108,0.877879970539274,1.0181479422939368,0.9034099090483925,0.9735438949257238,0.07013398587733133
l2-n32-zipf-w4,smoke_parallel,2,32,zipf,4,accept_id,accept_id,,greedy,accept_static_degree,71,commit_delta,3,0,0,0,0.0,0.0,0.0
l2-n32-zipf-w4,smoke_parallel,2,32,zipf,4,accept_id,accept_id,,greedy,accept_static_degree,71,batch_delta_ms,3,-2.6653750000000045,-6.648061999999996,53.042016,-4.6567185,25.188320499999996,29.845038999999996
l2-n32-zipf-w4,smoke_parallel,2,32,zipf,4,accept_id,accept_id,,greedy,accept_static_degree,71,selector_delta_ms,3,-0.012569999999999998,-0.013574999999999997,-0.011873000000000002,-0.013072499999999997,-0.0122215,0.0008509999999999976
l2-n32-zipf-w4,smoke_parallel,2,32,zipf,4,accept_id,accept_id,,greedy,accept_static_degree,71,batch_speedup,3,1.0504303248973978,0.0022297924553192666,1.1166721100273724,0.5263300586763586,1.0835512174623851,0.5572211587860265
l2-n32-zipf-w4,smoke_parallel,2,32,zipf,4,accept_id,accept_id,,greedy,accept_static_degree,71,selector_speedup,3,1.2893047020644894,1.2822066932876974,1.2992395018185825,1.2857556976760933,1.294272101941536,0.008516404265442645
l2-n32-zipf-w4,smoke_parallel,2,32,zipf,4,accept_id,accept_id,,greedy,accept_static_degree,71,rate_ratio,3,1.0504303248998585,0.0022297924553121577,1.116672110025196,0.5263300586775854,1.0835512174625272,0.5572211587849418
l2-n32-zipf-w4,smoke_parallel,2,32,zipf,4,eas_k2_adaptive,eas,2,adaptive,native,71,commit_delta,3,-2,-2,-2,-2.0,-2.0,0.0
l2-n32-zipf-w4,smoke_parallel,2,32,zipf,4,eas_k2_adaptive,eas,2,adaptive,native,71,batch_delta_ms,3,6.904815999999997,-11.454162999999994,14.149431999999997,-2.2746734999999987,10.527123999999997,12.801797499999996
l2-n32-zipf-w4,smoke_parallel,2,32,zipf,4,eas_k2_adaptive,eas,2,adaptive,native,71,selector_delta_ms,3,0.081474,0.080776,0.084724,0.081125,0.083099,0.0019740000000000035
l2-n32-zipf-w4,smoke_parallel,2,32,zipf,4,eas_k2_adaptive,eas,2,adaptive,native,71,batch_speedup,3,0.8704612094056261,0.7772878929090467,1.2460052211470414,0.8238745511573364,1.0582332152763336,0.2343586641189972
l2-n32-zipf-w4,smoke_parallel,2,32,zipf,4,eas_k2_adaptive,eas,2,adaptive,native,71,selector_speedup,3,0.0,0.0,0.0,0.0,0.0,0.0
l2-n32-zipf-w4,smoke_parallel,2,32,zipf,4,eas_k2_adaptive,eas,2,adaptive,native,71,rate_ratio,3,0.7834150884645822,0.6995591036169546,1.1214046990306707,0.7414870960407685,0.9524098937476264,0.21092279770685796
l2-n32-zipf-w4,smoke_parallel,2,32,zipf,4,eas_k2_adaptive,eas,2,adaptive,accept_id,71,commit_delta,3,-2,-2,-2,-2.0,-2.0,0.0
l2-n32-zipf-w4,smoke_parallel,2,32,zipf,4,eas_k2_adaptive,eas,2,adaptive,accept_id,71,batch_delta_ms,3,0.4504519999999985,-10.420079999999999,10.371834999999997,-4.984814,5.411143499999998,10.395957499999998
l2-n32-zipf-w4,smoke_parallel,2,32,zipf,4,eas_k2_adaptive,eas,2,adaptive,accept_id,71,selector_delta_ms,3,0.038025,0.035411,0.042651999999999995,0.036718,0.0403385,0.0036204999999999987
l2-n32-zipf-w4,smoke_parallel,2,32,zipf,4,eas_k2_adaptive,eas,2,adaptive,accept_id,71,batch_speedup,3,0.9915492306672884,0.8367472823467615,1.2237958447745036,0.9141482565070249,1.107672537720896,0.1935242812138711
l2-n32-zipf-w4,smoke_parallel,2,32,zipf,4,eas_k2_adaptive,eas,2,adaptive,accept_id,71,selector_speedup,3,0.5332866926872376,0.496577121004674,0.5616148360899277,0.5149319068459558,0.5474507643885826,0.032518857542626844
l2-n32-zipf-w4,smoke_parallel,2,32,zipf,4,eas_k2_adaptive,eas,2,adaptive,accept_id,71,rate_ratio,3,0.892394307599178,0.7530725541124392,1.1014162602971937,0.8227334308558086,0.9969052839481859,0.17417185309237726
l2-n32-zipf-w4,smoke_parallel,2,32,zipf,4,eas_k2_adaptive,eas,2,adaptive,accept_static_degree,71,commit_delta,3,-2,-2,-2,-2.0,-2.0,0.0
l2-n32-zipf-w4,smoke_parallel,2,32,zipf,4,eas_k2_adaptive,eas,2,adaptive,accept_static_degree,71,batch_delta_ms,3,-2.214923000000006,-17.068141999999995,63.413850999999994,-9.6415325,30.59946399999999,40.240996499999994
l2-n32-zipf-w4,smoke_parallel,2,32,zipf,4,eas_k2_adaptive,eas,2,adaptive,accept_static_degree,71,selector_delta_ms,3,0.025455000000000005,0.021836,0.030778999999999994,0.023645500000000003,0.028117,0.004471499999999996
l2-n32-zipf-w4,smoke_parallel,2,32,zipf,4,eas_k2_adaptive,eas,2,adaptive,accept_static_degree,71,batch_speedup,3,1.0415533805216046,0.001865772777185709,1.3665786882270756,0.5217095766493951,1.2040660343743401,0.682356457724945
l2-n32-zipf-w4,smoke_parallel,2,32,zipf,4,eas_k2_adaptive,eas,2,adaptive,accept_static_degree,71,selector_speedup,3,0.6875690404300758,0.6367145082857278,0.7296721798554026,0.6621417743579019,0.7086206101427392,0.04647883578483736
l2-n32-zipf-w4,smoke_parallel,2,32,zipf,4,eas_k2_adaptive,eas,2,adaptive,accept_static_degree,71,rate_ratio,3,0.937398042470189,0.0016791954994625736,1.2299208194021276,0.46953861898482574,1.0836594309361582,0.6141208119513325
l2-n32-zipf-w4,smoke_parallel,2,32,zipf,4,native,native,,native,accept_id,71,commit_delta,3,0,0,0,0.0,0.0,0.0
l2-n32-zipf-w4,smoke_parallel,2,32,zipf,4,native,native,,native,accept_id,71,batch_delta_ms,3,-3.777597,-6.454363999999998,1.0340829999999954,-5.115980499999999,-1.3717570000000023,3.744223499999997
l2-n32-zipf-w4,smoke_parallel,2,32,zipf,4,native,native,,native,accept_id,71,selector_delta_ms,3,-0.043449,-0.045365,-0.042072,-0.044407,-0.0427605,0.0016465000000000021
l2-n32-zipf-w4,smoke_parallel,2,32,zipf,4,native,native,,native,accept_id,71,batch_speedup,3,1.0764959675560937,0.9821755350655014,1.1391078889596291,1.0293357513107975,1.1078019282578615,0.07846617694706404
l2-n32-zipf-w4,smoke_parallel,2,32,zipf,4,native,native,,native,accept_id,71,selector_speedup,0,,,,,,
l2-n32-zipf-w4,smoke_parallel,2,32,zipf,4,native,native,,native,accept_id,71,rate_ratio,3,1.0764959675584267,0.982175535067086,1.1391078889585655,1.0293357513127563,1.107801928258496,0.07846617694573976
l2-n32-zipf-w4,smoke_parallel,2,32,zipf,4,native,native,,native,accept_static_degree,71,commit_delta,3,0,0,0,0.0,0.0,0.0
l2-n32-zipf-w4,smoke_parallel,2,32,zipf,4,native,native,,native,accept_static_degree,71,batch_delta_ms,3,-5.6139790000000005,-9.119739000000003,49.264419,-7.366859000000002,21.825219999999998,29.192079
l2-n32-zipf-w4,smoke_parallel,2,32,zipf,4,native,native,,native,accept_static_degree,71,selector_delta_ms,3,-0.056019,-0.05894,-0.053945,-0.0574795,-0.054982,0.0024974999999999997
l2-n32-zipf-w4,smoke_parallel,2,32,zipf,4,native,native,,native,accept_static_degree,71,batch_speedup,3,1.096768027158857,0.0024003625866381917,1.196553469893052,0.5495841948727476,1.1466607485259543,0.5970765536532068
l2-n32-zipf-w4,smoke_parallel,2,32,zipf,4,native,native,,native,accept_static_degree,71,selector_speedup,0,,,,,,
l2-n32-zipf-w4,smoke_parallel,2,32,zipf,4,native,native,,native,accept_static_degree,71,rate_ratio,3,1.0967680271584888,0.0024003625866357414,1.196553469894738,0.5495841948725623,1.1466607485266134,0.5970765536540511
l2-n32-zipf-w4,smoke_parallel,2,32,zipf,4,accept_static_degree,accept_static_degree,,greedy,native,71,commit_delta,3,0,0,0,0.0,0.0,0.0
l2-n32-zipf-w4,smoke_parallel,2,32,zipf,4,accept_static_degree,accept_static_degree,,greedy,native,71,batch_delta_ms,3,5.6139790000000005,-49.264419,9.119739000000003,-21.825219999999998,7.366859000000002,29.192079
l2-n32-zipf-w4,smoke_parallel,2,32,zipf,4,accept_static_degree,accept_static_degree,,greedy,native,71,selector_delta_ms,3,0.056019,0.053945,0.05894,0.054982,0.0574795,0.0024974999999999997
l2-n32-zipf-w4,smoke_parallel,2,32,zipf,4,accept_static_degree,accept_static_degree,,greedy,native,71,batch_speedup,3,0.9117698321225397,0.8357336509912758,416.60372710630435,0.8737517415569078,208.75774846921342,207.88399672765652
l2-n32-zipf-w4,smoke_parallel,2,32,zipf,4,accept_static_degree,accept_static_degree,,greedy,native,71,selector_speedup,3,0.0,0.0,0.0,0.0,0.0,0.0
l2-n32-zipf-w4,smoke_parallel,2,32,zipf,4,accept_static_degree,accept_static_degree,,greedy,native,71,rate_ratio,3,0.9117698321228457,0.8357336509900983,416.60372710672965,0.873751741556472,208.75774846942625,207.88399672786977
l2-n32-zipf-w4,smoke_parallel,2,32,zipf,4,accept_static_degree,accept_static_degree,,greedy,accept_id,71,commit_delta,3,0,0,0,0.0,0.0,0.0
l2-n32-zipf-w4,smoke_parallel,2,32,zipf,4,accept_static_degree,accept_static_degree,,greedy,accept_id,71,batch_delta_ms,3,2.6653750000000045,-53.042016,6.648061999999996,-25.188320499999996,4.6567185,29.845038999999996
l2-n32-zipf-w4,smoke_parallel,2,32,zipf,4,accept_static_degree,accept_static_degree,,greedy,accept_id,71,selector_delta_ms,3,0.012569999999999998,0.011873000000000002,0.013574999999999997,0.0122215,0.013072499999999997,0.0008509999999999976
l2-n32-zipf-w4,smoke_parallel,2,32,zipf,4,accept_static_degree,accept_static_degree,,greedy,accept_id,71,batch_speedup,3,0.9519907949131956,0.8955180227215378,448.4722322987759,0.9237544088173667,224.71211154684457,223.7883571380272
l2-n32-zipf-w4,smoke_parallel,2,32,zipf,4,accept_static_degree,accept_static_degree,,greedy,accept_id,71,selector_speedup,3,0.775611845980828,0.7696810315575162,0.7799054592640652,0.772646438769172,0.7777586526224466,0.005112213853274539
l2-n32-zipf-w4,smoke_parallel,2,32,zipf,4,accept_static_degree,accept_static_degree,,greedy,accept_id,71,rate_ratio,3,0.9519907949109654,0.8955180227232832,448.4722323002057,0.9237544088171243,224.71211154755832,223.7883571387412
l2-n32-zipf-w4,smoke_parallel,2,32,zipf,4,eas_k1_adaptive,eas,1,adaptive,native,71,commit_delta,3,0,0,0,0.0,0.0,0.0
l2-n32-zipf-w4,smoke_parallel,2,32,zipf,4,eas_k1_adaptive,eas,1,adaptive,native,71,batch_delta_ms,3,8.996986,-5.142800999999999,9.315195000000003,1.9270925000000005,9.156090500000001,7.228998000000001
l2-n32-zipf-w4,smoke_parallel,2,32,zipf,4,eas_k1_adaptive,eas,1,adaptive,native,71,selector_delta_ms,3,0.082554,0.079538,0.085613,0.081046,0.0840835,0.0030374999999999985
l2-n32-zipf-w4,smoke_parallel,2,32,zipf,4,eas_k1_adaptive,eas,1,adaptive,native,71,batch_speedup,3,0.845889089783611,0.8328016993381581,1.0972688726126028,0.8393453945608845,0.9715789811981068,0.1322335866372223
l2-n32-zipf-w4,smoke_parallel,2,32,zipf,4,eas_k1_adaptive,eas,1,adaptive,native,71,selector_speedup,3,0.0,0.0,0.0,0.0,0.0,0.0
l2-n32-zipf-w4,smoke_parallel,2,32,zipf,4,eas_k1_adaptive,eas,1,adaptive,native,71,rate_ratio,3,0.8458890897838308,0.8328016993381692,1.0972688726126525,0.839345394561,0.9715789811982416,0.1322335866372416
l2-n32-zipf-w4,smoke_parallel,2,32,zipf,4,eas_k1_adaptive,eas,1,adaptive,accept_id,71,commit_delta,3,0,0,0,0.0,0.0,0.0
l2-n32-zipf-w4,smoke_parallel,2,32,zipf,4,eas_k1_adaptive,eas,1,adaptive,accept_id,71,batch_delta_ms,3,2.8608310000000046,-4.108718000000003,5.219389,-0.6239434999999993,4.040110000000002,4.664053500000001
l2-n32-zipf-w4,smoke_parallel,2,32,zipf,4,eas_k1_adaptive,eas,1,adaptive,accept_id,71,selector_delta_ms,3,0.040482000000000004,0.034172999999999995,0.04216399999999999,0.0373275,0.041323,0.003995499999999999
l2-n32-zipf-w4,smoke_parallel,2,32,zipf,4,eas_k1_adaptive,eas,1,adaptive,accept_id,71,batch_speedup,3,0.9486509856550809,0.9105961941517516,1.0777106420690026,0.9296235899034162,1.0131808138620417,0.08355722395862553
l2-n32-zipf-w4,smoke_parallel,2,32,zipf,4,eas_k1_adaptive,eas,1,adaptive,accept_id,71,selector_speedup,3,0.5096300603241515,0.5075047013888079,0.5703563076768338,0.5085673808564797,0.5399931840004926,0.03142580314401289
l2-n32-zipf-w4,smoke_parallel,2,32,zipf,4,eas_k1_adaptive,eas,1,adaptive,accept_id,71,rate_ratio,3,0.9486509856542079,0.9105961941539618,1.0777106420707903,0.9296235899040848,1.0131808138624991,0.08355722395841436
l2-n32-zipf-w4,smoke_parallel,2,32,zipf,4,eas_k1_adaptive,eas,1,adaptive,accept_static_degree,71,commit_delta,3,0,0,0,0.0,0.0,0.0
l2-n32-zipf-w4,smoke_parallel,2,32,zipf,4,eas_k1_adaptive,eas,1,adaptive,accept_static_degree,71,batch_delta_ms,3,0.19545600000000007,-10.75678,58.261404999999996,-5.2806619999999995,29.228430499999998,34.509092499999994
l2-n32-zipf-w4,smoke_parallel,2,32,zipf,4,eas_k1_adaptive,eas,1,adaptive,accept_static_degree,71,selector_delta_ms,3,0.028609000000000002,0.020597999999999998,0.029593999999999995,0.0246035,0.0291015,0.0044979999999999985
l2-n32-zipf-w4,smoke_parallel,2,32,zipf,4,eas_k1_adaptive,eas,1,adaptive,accept_static_degree,71,batch_speedup,3,0.9964917630759033,0.0020304405235620137,1.2034494166781473,0.4992611017997326,1.0999705898770253,0.6007094880772927
l2-n32-zipf-w4,smoke_parallel,2,32,zipf,4,eas_k1_adaptive,eas,1,adaptive,accept_static_degree,71,selector_speedup,3,0.6543281978204245,0.6534510744482399,0.7410294450451357,0.6538896361343323,0.69767882143278,0.043789185298447775
l2-n32-zipf-w4,smoke_parallel,2,32,zipf,4,eas_k1_adaptive,eas,1,adaptive,accept_static_degree,71,rate_ratio,3,0.9964917630773207,0.002030440523560469,1.203449416677798,0.4992611018004406,1.0999705898775594,0.6007094880771188
l2-n32-zipf-w4,smoke_parallel,2,32,zipf,4,native,native,,native,accept_id,101,commit_delta,3,0,0,0,0.0,0.0,0.0
l2-n32-zipf-w4,smoke_parallel,2,32,zipf,4,native,native,,native,accept_id,101,batch_delta_ms,3,-44.315976,-56.434360999999996,0.8926830000000052,-50.3751685,-21.711646499999997,28.663522000000004
l2-n32-zipf-w4,smoke_parallel,2,32,zipf,4,native,native,,native,accept_id,101,selector_delta_ms,3,-0.042802,-0.04562,-0.041938,-0.044211,-0.042370000000000005,0.0018409999999999954
l2-n32-zipf-w4,smoke_parallel,2,32,zipf,4,native,native,,native,accept_id,101,batch_speedup,3,4.09486979450559,0.9846840706428653,34.01658716893088,2.539776932574228,19.055728481718237,16.51595154914401
l2-n32-zipf-w4,smoke_parallel,2,32,zipf,4,native,native,,native,accept_id,101,selector_speedup,0,,,,,,
l2-n32-zipf-w4,smoke_parallel,2,32,zipf,4,native,native,,native,accept_id,101,rate_ratio,3,4.094869794510462,0.984684070643353,34.01658716876832,2.5397769325769075,19.05572848163939,16.515951549062486
l2-n32-zipf-w4,smoke_parallel,2,32,zipf,4,native,native,,native,accept_static_degree,101,commit_delta,3,0,0,0,0.0,0.0,0.0
l2-n32-zipf-w4,smoke_parallel,2,32,zipf,4,native,native,,native,accept_static_degree,101,batch_delta_ms,3,-41.929007,-50.437669,1.1002500000000026,-46.183338,-20.414378499999998,25.7689595
l2-n32-zipf-w4,smoke_parallel,2,32,zipf,4,native,native,,native,accept_static_degree,101,selector_delta_ms,3,-0.052568,-0.0542,-0.05015,-0.053384,-0.051359,0.002024999999999999
l2-n32-zipf-w4,smoke_parallel,2,32,zipf,4,native,native,,native,accept_static_degree,101,batch_speedup,3,3.928172388167948,0.9811228047636312,30.508258189300363,2.4546475964657897,17.218215288734157,14.763567692268367
l2-n32-zipf-w4,smoke_parallel,2,32,zipf,4,native,native,,native,accept_static_degree,101,selector_speedup,0,,,,,,
l2-n32-zipf-w4,smoke_parallel,2,32,zipf,4,native,native,,native,accept_static_degree,101,rate_ratio,3,3.9281723881685235,0.9811228047630334,30.50825818913953,2.4546475964657786,17.218215288654026,14.763567692188246
l2-n32-zipf-w4,smoke_parallel,2,32,zipf,4,eas_k1_adaptive,eas,1,adaptive,native,101,commit_delta,3,0,0,0,0.0,0.0,0.0
l2-n32-zipf-w4,smoke_parallel,2,32,zipf,4,eas_k1_adaptive,eas,1,adaptive,native,101,batch_delta_ms,3,49.298804000000004,-2.5386270000000053,65.71960800000001,23.3800885,57.509206000000006,34.12911750000001
l2-n32-zipf-w4,smoke_parallel,2,32,zipf,4,eas_k1_adaptive,eas,1,adaptive,native,101,selector_delta_ms,3,0.084081,0.0835,0.085558,0.0837905,0.08481949999999999,0.0010289999999999883
l2-n32-zipf-w4,smoke_parallel,2,32,zipf,4,eas_k1_adaptive,eas,1,adaptive,native,101,batch_speedup,3,0.22508060889770196,0.025349271330781836,1.0455391899524245,0.1252149401142419,0.6353098994250632,0.5100949593108213
l2-n32-zipf-w4,smoke_parallel,2,32,zipf,4,eas_k1_adaptive,eas,1,adaptive,native,101,selector_speedup,3,0.0,0.0,0.0,0.0,0.0,0.0
l2-n32-zipf-w4,smoke_parallel,2,32,zipf,4,eas_k1_adaptive,eas,1,adaptive,native,101,rate_ratio,3,0.22508060889774523,0.025349271330900307,1.0455391899510615,0.12521494011432277,0.6353098994244033,0.5100949593100805
l2-n32-zipf-w4,smoke_parallel,2,32,zipf,4,eas_k1_adaptive,eas,1,adaptive,accept_id,101,commit_delta,3,0,0,0,0.0,0.0,0.0
l2-n32-zipf-w4,smoke_parallel,2,32,zipf,4,eas_k1_adaptive,eas,1,adaptive,accept_id,101,batch_delta_ms,3,4.982828000000005,-1.645944,9.285247000000005,1.6684420000000024,7.134037500000005,5.465595500000003
l2-n32-zipf-w4,smoke_parallel,2,32,zipf,4,eas_k1_adaptive,eas,1,adaptive,accept_id,101,selector_delta_ms,3,0.041279,0.039937999999999994,0.041562,0.0406085,0.0414205,0.0008120000000000002
l2-n32-zipf-w4,smoke_parallel,2,32,zipf,4,eas_k1_adaptive,eas,1,adaptive,accept_id,101,batch_speedup,3,0.921675786704126,0.8622956978924209,1.0295257855789972,0.8919857422982734,0.9756007861415616,0.08361504384328822
l2-n32-zipf-w4,smoke_parallel,2,32,zipf,4,eas_k1_adaptive,eas,1,adaptive,accept_id,101,selector_speedup,3,0.5090567429026771,0.502251497005988,0.5332055447766428,0.5056541199543325,0.52113114383966,0.015477023885327457
l2-n32-zipf-w4,smoke_parallel,2,32,zipf,4,eas_k1_adaptive,eas,1,adaptive,accept_id,101,rate_ratio,3,0.9216757867053997,0.86229569789233,1.0295257855781652,0.8919857422988648,0.9756007861417825,0.08361504384291762
l2-n32-zipf-w4,smoke_parallel,2,32,zipf,4,eas_k1_adaptive,eas,1,adaptive,accept_static_degree,101,commit_delta,3,0,0,0,0.0,0.0,0.0
l2-n32-zipf-w4,smoke_parallel,2,32,zipf,4,eas_k1_adaptive,eas,1,adaptive,accept_static_degree,101,batch_delta_ms,3,7.3697970000000055,-1.4383770000000027,15.281939000000001,2.9657100000000014,11.325868000000003,8.360158000000002
l2-n32-zipf-w4,smoke_parallel,2,32,zipf,4,eas_k1_adaptive,eas,1,adaptive,accept_static_degree,101,selector_delta_ms,3,0.031513000000000006,0.029300000000000007,0.035407999999999995,0.030406500000000006,0.033460500000000004,0.0030539999999999977
l2-n32-zipf-w4,smoke_parallel,2,32,zipf,4,eas_k1_adaptive,eas,1,adaptive,accept_static_degree,101,batch_speedup,3,0.8841554329839818,0.7733621146701218,1.0258023425364178,0.8287587738270519,0.9549788877601998,0.12622011393314791
l2-n32-zipf-w4,smoke_parallel,2,32,zipf,4,eas_k1_adaptive,eas,1,adaptive,accept_static_degree,101,selector_speedup,3,0.6252066459723361,0.5861520839664321,0.6491017964071856,0.6056793649693841,0.6371542211897608,0.03147485622037671
l2-n32-zipf-w4,smoke_parallel,2,32,zipf,4,eas_k1_adaptive,eas,1,adaptive,accept_static_degree,101,rate_ratio,3,0.8841554329842812,0.7733621146696592,1.0258023425344553,0.8287587738269702,0.9549788877593683,0.12622011393239818
l2-n32-zipf-w4,smoke_parallel,2,32,zipf,4,accept_id,accept_id,,greedy,native,101,commit_delta,3,0,0,0,0.0,0.0,0.0
l2-n32-zipf-w4,smoke_parallel,2,32,zipf,4,accept_id,accept_id,,greedy,native,101,batch_delta_ms,3,44.315976,-0.8926830000000052,56.434360999999996,21.711646499999997,50.3751685,28.663522000000004
l2-n32-zipf-w4,smoke_parallel,2,32,zipf,4,accept_id,accept_id,,greedy,native,101,selector_delta_ms,3,0.042802,0.041938,0.04562,0.042370000000000005,0.044211,0.0018409999999999954
l2-n32-zipf-w4,smoke_parallel,2,32,zipf,4,accept_id,accept_id,,greedy,native,101,batch_speedup,3,0.2442080090902472,0.02939742294057506,1.0155541557071555,0.13680271601541114,0.6298810823987013,0.49307836638329017
l2-n32-zipf-w4,smoke_parallel,2,32,zipf,4,accept_id,accept_id,,greedy,native,101,selector_speedup,3,0.0,0.0,0.0,0.0,0.0,0.0
l2-n32-zipf-w4,smoke_parallel,2,32,zipf,4,accept_id,accept_id,,greedy,native,101,rate_ratio,3,0.24420800908995668,0.02939742294071555,1.0155541557066523,0.1368027160153361,0.6298810823983045,0.4930783663829684
l2-n32-zipf-w4,smoke_parallel,2,32,zipf,4,accept_id,accept_id,,greedy,accept_static_degree,101,commit_delta,3,0,0,0,0.0,0.0,0.0
l2-n32-zipf-w4,smoke_parallel,2,32,zipf,4,accept_id,accept_id,,greedy,accept_static_degree,101,batch_delta_ms,3,2.3869690000000006,0.2075669999999974,5.996691999999996,1.297267999999999,4.191830499999998,2.8945624999999993
l2-n32-zipf-w4,smoke_parallel,2,32,zipf,4,accept_id,accept_id,,greedy,accept_static_degree,101,selector_delta_ms,3,-0.009765999999999997,-0.012261999999999995,-0.004529999999999999,-0.011013999999999996,-0.007147999999999998,0.003865999999999998
l2-n32-zipf-w4,smoke_parallel,2,32,zipf,4,accept_id,accept_id,,greedy,accept_static_degree,101,batch_speedup,3,0.9592911582777763,0.8968641691711255,0.9963833416367658,0.928077663724451,0.9778372499572711,0.04975958623282006
l2-n32-zipf-w4,smoke_parallel,2,32,zipf,4,accept_id,accept_id,,greedy,accept_static_degree,101,selector_speedup,3,1.228166908088407,1.0992985532661113,1.292383995421813,1.1637327306772591,1.26027545175511,0.09654272107785089
l2-n32-zipf-w4,smoke_parallel,2,32,zipf,4,accept_id,accept_id,,greedy,accept_static_degree,101,rate_ratio,3,0.9592911582767756,0.8968641691706835,0.9963833416356651,0.9280776637237296,0.9778372499562203,0.04975958623249077
l2-n32-zipf-w4,smoke_parallel,2,32,zipf,4,eas_k2_adaptive,eas,2,adaptive,native,101,commit_delta,3,-1,-1,-1,-1.0,-1.0,0.0
l2-n32-zipf-w4,smoke_parallel,2,32,zipf,4,eas_k2_adaptive,eas,2,adaptive,native,101,batch_delta_ms,3,43.181855,-5.180354000000001,55.967206999999995,19.0007505,49.57453099999999,30.573780499999994
l2-n32-zipf-w4,smoke_parallel,2,32,zipf,4,eas_k2_adaptive,eas,2,adaptive,native,101,selector_delta_ms,3,0.081167,0.081083,0.083052,0.081125,0.0821095,0.0009844999999999993
l2-n32-zipf-w4,smoke_parallel,2,32,zipf,4,eas_k2_adaptive,eas,2,adaptive,native,101,batch_speedup,3,0.24902464352463402,0.029635529075283374,1.0975506333220963,0.1393300862999587,0.6732876384233651,0.5339575521234065
l2-n32-zipf-w4,smoke_parallel,2,32,zipf,4,eas_k2_adaptive,eas,2,adaptive,native,101,selector_speedup,3,0.0,0.0,0.0,0.0,0.0,0.0
l2-n32-zipf-w4,smoke_parallel,2,32,zipf,4,eas_k2_adaptive,eas,2,adaptive,native,101,rate_ratio,3,0.2359180833391634,0.028075764387180905,1.0397848105144707,0.13199692386317216,0.6378514469268171,0.5058545230636449
l2-n32-zipf-w4,smoke_parallel,2,32,zipf,4,eas_k2_adaptive,eas,2,adaptive,accept_id,101,commit_delta,3,-1,-1,-1,-1.0,-1.0,0.0
l2-n32-zipf-w4,smoke_parallel,2,32,zipf,4,eas_k2_adaptive,eas,2,adaptive,accept_id,101,batch_delta_ms,3,-1.1341210000000004,-4.287670999999996,-0.46715400000000074,-2.710895999999998,-0.8006375000000006,1.9102584999999976
l2-n32-zipf-w4,smoke_parallel,2,32,zipf,4,eas_k2_adaptive,eas,2,adaptive,accept_id,101,selector_delta_ms,3,0.038281,0.037432,0.039229,0.0378565,0.038755,0.0008984999999999965
l2-n32-zipf-w4,smoke_parallel,2,32,zipf,4,eas_k2_adaptive,eas,2,adaptive,accept_id,101,batch_speedup,3,1.019723490856546,1.0080995580867627,1.0807406253562566,1.0139115244716543,1.0502320581064013,0.036320533634746965
l2-n32-zipf-w4,smoke_parallel,2,32,zipf,4,eas_k2_adaptive,eas,2,adaptive,accept_id,101,selector_speedup,3,0.5278788402007819,0.5166878164771398,0.5492944179550161,0.5222833283389609,0.538586629077899,0.016303300738938153
l2-n32-zipf-w4,smoke_parallel,2,32,zipf,4,eas_k2_adaptive,eas,2,adaptive,accept_id,101,rate_ratio,3,0.9660538334443421,0.9550416866063405,1.0238595398105164,0.9605477600253414,0.9949566866274293,0.03440892660208794
l2-n32-zipf-w4,smoke_parallel,2,32,zipf,4,eas_k2_adaptive,eas,2,adaptive,accept_static_degree,101,commit_delta,3,-1,-1,-1,-1.0,-1.0,0.0
l2-n32-zipf-w4,smoke_parallel,2,32,zipf,4,eas_k2_adaptive,eas,2,adaptive,accept_static_degree,101,batch_delta_ms,3,1.2528480000000002,-4.080103999999999,5.529537999999995,-1.4136279999999992,3.3911929999999977,4.804820999999997
l2-n32-zipf-w4,smoke_parallel,2,32,zipf,4,eas_k2_adaptive,eas,2,adaptive,accept_static_degree,101,selector_delta_ms,3,0.028515000000000006,0.026967000000000005,0.032902,0.027741000000000005,0.030708500000000003,0.002967499999999998
l2-n32-zipf-w4,smoke_parallel,2,32,zipf,4,eas_k2_adaptive,eas,2,adaptive,accept_static_degree,101,batch_speedup,3,0.9782117286668336,0.9041283726052631,1.076831955735075,0.9411700506360483,1.0275218422009542,0.08635179156490591
l2-n32-zipf-w4,smoke_parallel,2,32,zipf,4,eas_k2_adaptive,eas,2,adaptive,accept_static_degree,101,selector_speedup,3,0.6483233230146886,0.6038385589751,0.6677590646444983,0.6260809409948943,0.6580411938295935,0.031960252834699165
l2-n32-zipf-w4,smoke_parallel,2,32,zipf,4,eas_k2_adaptive,eas,2,adaptive,accept_static_degree,101,rate_ratio,3,0.9267269008425422,0.8565426687815638,1.0201565896419567,0.8916347848120529,0.9734417452422495,0.08180696043019653
l2-n32-zipf-w4,smoke_parallel,2,32,zipf,4,accept_static_degree,accept_static_degree,,greedy,native,101,commit_delta,3,0,0,0,0.0,0.0,0.0
l2-n32-zipf-w4,smoke_parallel,2,32,zipf,4,accept_static_degree,accept_static_degree,,greedy,native,101,batch_delta_ms,3,41.929007,-1.1002500000000026,50.437669,20.414378499999998,46.183338,25.7689595
l2-n32-zipf-w4,smoke_parallel,2,32,zipf,4,accept_static_degree,accept_static_degree,,greedy,native,101,selector_delta_ms,3,0.052568,0.05015,0.0542,0.051359,0.053384,0.002024999999999999
l2-n32-zipf-w4,smoke_parallel,2,32,zipf,4,accept_static_degree,accept_static_degree,,greedy,native,101,batch_speedup,3,0.2545713123517952,0.032778010261848144,1.0192404000240485,0.14367466130682166,0.6369058561879218,0.4932311948811002
l2-n32-zipf-w4,smoke_parallel,2,32,zipf,4,accept_static_degree,accept_static_degree,,greedy,native,101,selector_speedup,3,0.0,0.0,0.0,0.0,0.0,0.0
l2-n32-zipf-w4,smoke_parallel,2,32,zipf,4,accept_static_degree,accept_static_degree,,greedy,native,101,rate_ratio,3,0.2545713123517579,0.03277801026202094,1.0192404000246698,0.14367466130688944,0.6369058561882138,0.4932311948813244
l2-n32-zipf-w4,smoke_parallel,2,32,zipf,4,accept_static_degree,accept_static_degree,,greedy,accept_id,101,commit_delta,3,0,0,0,0.0,0.0,0.0
l2-n32-zipf-w4,smoke_parallel,2,32,zipf,4,accept_static_degree,accept_static_degree,,greedy,accept_id,101,batch_delta_ms,3,-2.3869690000000006,-5.996691999999996,-0.2075669999999974,-4.191830499999998,-1.297267999999999,2.8945624999999993
l2-n32-zipf-w4,smoke_parallel,2,32,zipf,4,accept_static_degree,accept_static_degree,,greedy,accept_id,101,selector_delta_ms,3,0.009765999999999997,0.004529999999999999,0.012261999999999995,0.007147999999999998,0.011013999999999996,0.003865999999999998
l2-n32-zipf-w4,smoke_parallel,2,32,zipf,4,accept_static_degree,accept_static_degree,,greedy,accept_id,101,batch_speedup,3,1.0424363774970142,1.0036297860593426,1.1149960432962684,1.0230330817781783,1.0787162103966415,0.05568312861846314
l2-n32-zipf-w4,smoke_parallel,2,32,zipf,4,accept_static_degree,accept_static_degree,,greedy,accept_id,101,selector_speedup,3,0.8142215796682393,0.7737638376383764,0.9096709870388834,0.7939927086533078,0.8619462833535614,0.06795357470025354
l2-n32-zipf-w4,smoke_parallel,2,32,zipf,4,accept_static_degree,accept_static_degree,,greedy,accept_id,101,rate_ratio,3,1.0424363774981016,1.003629786060451,1.114996043296818,1.0230330817792763,1.07871621039746,0.055683128618183586
l1-n2-identical-w1,zero_commit,1,2,identical,1,native,native,,native,accept_id,11,commit_delta,3,0,0,0,0.0,0.0,0.0
l1-n2-identical-w1,zero_commit,1,2,identical,1,native,native,,native,accept_id,11,batch_delta_ms,3,-0.010293,-0.010842999999999998,-0.009123,-0.010568,-0.009708,0.0008599999999999997
l1-n2-identical-w1,zero_commit,1,2,identical,1,native,native,,native,accept_id,11,selector_delta_ms,3,-0.008393,-0.008744,-0.008291,-0.0085685,-0.008341999999999999,0.000226500000000001
l1-n2-identical-w1,zero_commit,1,2,identical,1,native,native,,native,accept_id,11,batch_speedup,3,2.3199538343164914,1.9588018917498686,2.4762423417290673,2.13937786303318,2.3980980880227794,0.25872022498959923
l1-n2-identical-w1,zero_commit,1,2,identical,1,native,native,,native,accept_id,11,selector_speedup,0,,,,,,
l1-n2-identical-w1,zero_commit,1,2,identical,1,native,native,,native,accept_id,11,rate_ratio,3,2.319953834314055,1.9588018917520302,2.476242341732533,2.139377863033043,2.398098088023294,0.25872022499025116
l1-n2-identical-w1,zero_commit,1,2,identical,1,native,native,,native,accept_static_degree,11,commit_delta,3,0,0,0,0.0,0.0,0.0
l1-n2-identical-w1,zero_commit,1,2,identical,1,native,native,,native,accept_static_degree,11,batch_delta_ms,3,-0.011171,-0.011292,-0.011158999999999999,-0.0112315,-0.011165,6.650000000000059e-05
l1-n2-identical-w1,zero_commit,1,2,identical,1,native,native,,native,accept_static_degree,11,selector_delta_ms,3,-0.009216,-0.010154,-0.00893,-0.009685,-0.009073000000000001,0.000611999999999998
l1-n2-identical-w1,zero_commit,1,2,identical,1,native,native,,native,accept_static_degree,11,batch_speedup,3,2.432546806873557,2.186757750919601,2.5192648059904696,2.309652278896579,2.4759058064320136,0.16625352753543465
l1-n2-identical-w1,zero_commit,1,2,identical,1,native,native,,native,accept_static_degree,11,selector_speedup,0,,,,,,
l1-n2-identical-w1,zero_commit,1,2,identical,1,native,native,,native,accept_static_degree,11,rate_ratio,3,2.43254680687205,2.1867577509221254,2.519264805990646,2.3096522788970875,2.475905806431348,0.16625352753426048
l1-n2-identical-w1,zero_commit,1,2,identical,1,accept_id,accept_id,,greedy,native,11,commit_delta,3,0,0,0,0.0,0.0,0.0
l1-n2-identical-w1,zero_commit,1,2,identical,1,accept_id,accept_id,,greedy,native,11,batch_delta_ms,3,0.010293,0.009123,0.010842999999999998,0.009708,0.010568,0.0008599999999999997
l1-n2-identical-w1,zero_commit,1,2,identical,1,accept_id,accept_id,,greedy,native,11,selector_delta_ms,3,0.008393,0.008291,0.008744,0.008341999999999999,0.0085685,0.000226500000000001
l1-n2-identical-w1,zero_commit,1,2,identical,1,accept_id,accept_id,,greedy,native,11,batch_speedup,3,0.4310430600851252,0.4038376951836376,0.5105161498014809,0.4174403776343814,0.47077960494330306,0.053339227308921655
l1-n2-identical-w1,zero_commit,1,2,identical,1,accept_id,accept_id,,greedy,native,11,selector_speedup,3,0.0,0.0,0.0,0.0,0.0,0.0
l1-n2-identical-w1,zero_commit,1,2,identical,1,accept_id,accept_id,,greedy,native,11,rate_ratio,3,0.43104306008557786,0.4038376951830724,0.5105161498009175,0.4174403776343251,0.47077960494324766,0.05333922730892254
l1-n2-identical-w1,zero_commit,1,2,identical,1,accept_id,accept_id,,greedy,accept_static_degree,11,commit_delta,3,0,0,0,0.0,0.0,0.0
l1-n2-identical-w1,zero_commit,1,2,identical,1,accept_id,accept_id,,greedy,accept_static_degree,11,batch_delta_ms,3,-0.0008780000000000003,-0.002169000000000001,-0.0003160000000000003,-0.0015235000000000005,-0.0005970000000000003,0.0009265000000000002
l1-n2-identical-w1,zero_commit,1,2,identical,1,accept_id,accept_id,,greedy,accept_static_degree,11,selector_delta_ms,3,-0.0009250000000000005,-0.0014099999999999998,-0.000537000000000001,-0.0011675000000000001,-0.0007310000000000007,0.0004364999999999994
l1-n2-identical-w1,zero_commit,1,2,identical,1,accept_id,accept_id,,greedy,accept_static_degree,11,batch_speedup,3,1.0485324194350782,1.0173740928084452,1.1163751475480201,1.0329532561217616,1.082453783491549,0.049500527369787495
l1-n2-identical-w1,zero_commit,1,2,identical,1,accept_id,accept_id,,greedy,accept_static_degree,11,selector_speedup,3,1.1115667591364131,1.063981889669963,1.161253430924062,1.087774324403188,1.1364100950302376,0.04863577062704949
l1-n2-identical-w1,zero_commit,1,2,identical,1,accept_id,accept_id,,greedy,accept_static_degree,11,rate_ratio,3,1.0485324194355297,1.0173740928070925,1.116375147548077,1.032953256121311,1.0824537834918033,0.049500527370492264
l1-n2-identical-w1,zero_commit,1,2,identical,1,eas_k1_adaptive,eas,1,adaptive,native,11,commit_delta,3,0,0,0,0.0,0.0,0.0
l1-n2-identical-w1,zero_commit,1,2,identical,1,eas_k1_adaptive,eas,1,adaptive,native,11,batch_delta_ms,3,0.022043,0.020732,0.026462999999999997,0.0213875,0.024252999999999997,0.0028654999999999965
l1-n2-identical-w1,zero_commit,1,2,identical,1,eas_k1_adaptive,eas,1,adaptive,native,11,selector_delta_ms,3,0.021231,0.020689,0.021843,0.02096,0.021537,0.0005770000000000011
l1-n2-identical-w1,zero_commit,1,2,identical,1,eas_k1_adaptive,eas,1,adaptive,native,11,batch_speedup,3,0.26131832043162095,0.21725627070515854,0.3145766522299732,0.23928729556838974,0.2879474863307971,0.04866019076240735
l1-n2-identical-w1,zero_commit,1,2,identical,1,eas_k1_adaptive,eas,1,adaptive,native,11,selector_speedup,3,0.0,0.0,0.0,0.0,0.0,0.0
l1-n2-identical-w1,zero_commit,1,2,identical,1,eas_k1_adaptive,eas,1,adaptive,native,11,rate_ratio,3,0.26131832043147624,0.2172562707053566,0.31457665222915593,0.23928729556841644,0.2879474863303161,0.04866019076189965
l1-n2-identical-w1,zero_commit,1,2,identical,1,eas_k1_adaptive,eas,1,adaptive,accept_id,11,commit_delta,3,0,0,0,0.0,0.0,0.0
l1-n2-identical-w1,zero_commit,1,2,identical,1,eas_k1_adaptive,eas,1,adaptive,accept_id,11,batch_delta_ms,3,0.01175,0.011609000000000001,0.015619999999999998,0.0116795,0.013685,0.0020054999999999986
l1-n2-identical-w1,zero_commit,1,2,identical,1,eas_k1_adaptive,eas,1,adaptive,accept_id,11,selector_delta_ms,3,0.012487,0.012398,0.013450000000000002,0.012442499999999999,0.0129685,0.0005260000000000022
l1-n2-identical-w1,zero_commit,1,2,identical,1,eas_k1_adaptive,eas,1,adaptive,accept_id,11,batch_speedup,3,0.6062464394624845,0.537979176526266,0.616193341488412,0.5721128079943752,0.6112198904754482,0.039107082481072974
l1-n2-identical-w1,zero_commit,1,2,identical,1,eas_k1_adaptive,eas,1,adaptive,accept_id,11,selector_speedup,3,0.40074435690463533,0.3842420912878267,0.41185059582685696,0.392493224096231,0.40629747636574615,0.01380425226951515
l1-n2-identical-w1,zero_commit,1,2,identical,1,eas_k1_adaptive,eas,1,adaptive,accept_id,11,rate_ratio,3,0.6062464394615122,0.5379791765275094,0.6161933414874912,0.5721128079945108,0.6112198904745016,0.03910708247999084
l1-n2-identical-w1,zero_commit,1,2,identical,1,eas_k1_adaptive,eas,1,adaptive,accept_static_degree,11,commit_delta,3,0,0,0,0.0,0.0,0.0
l1-n2-identical-w1,zero_commit,1,2,identical,1,eas_k1_adaptive,eas,1,adaptive,accept_static_degree,11,batch_delta_ms,3,0.010872,0.00944,0.015303999999999998,0.010156,0.013087999999999999,0.002931999999999999
l1-n2-identical-w1,zero_commit,1,2,identical,1,eas_k1_adaptive,eas,1,adaptive,accept_static_degree,11,selector_delta_ms,3,0.011472999999999999,0.011077,0.012913,0.011275,0.012192999999999999,0.0009179999999999987
l1-n2-identical-w1,zero_commit,1,2,identical,1,eas_k1_adaptive,eas,1,adaptive,accept_static_degree,11,batch_speedup,3,0.6356690459435006,0.5473260766682442,0.6879029325222336,0.5914975613058724,0.661785989232867,0.07028842792699463
l1-n2-identical-w1,zero_commit,1,2,identical,1,eas_k1_adaptive,eas,1,adaptive,accept_static_degree,11,selector_speedup,3,0.4454541060466915,0.40882662637916034,0.4782629174320569,0.42714036621292595,0.4618585117393742,0.03471814552644825
l1-n2-identical-w1,zero_commit,1,2,identical,1,eas_k1_adaptive,eas,1,adaptive,accept_static_degree,11,rate_ratio,3,0.6356690459427548,0.5473260766687814,0.6879029325212406,0.591497561305768,0.6617859892319977,0.07028842792622969
l1-n2-identical-w1,zero_commit,1,2,identical,1,eas_k2_adaptive,eas,2,adaptive,native,11,commit_delta,3,-1,-1,-1,-1.0,-1.0,0.0
l1-n2-identical-w1,zero_commit,1,2,identical,1,eas_k2_adaptive,eas,2,adaptive,native,11,batch_delta_ms,3,0.024441,0.020835,0.029328999999999997,0.022638,0.026885,0.004247000000000001
l1-n2-identical-w1,zero_commit,1,2,identical,1,eas_k2_adaptive,eas,2,adaptive,native,11,selector_delta_ms,3,0.022561,0.019945,0.027198,0.021253,0.0248795,0.0036264999999999978
l1-n2-identical-w1,zero_commit,1,2,identical,1,eas_k2_adaptive,eas,2,adaptive,native,11,batch_speedup,3,0.27234310061816785,0.20027812619294325,0.280215573094593,0.23631061340555554,0.2762793368563804,0.03996872345082486
l1-n2-identical-w1,zero_commit,1,2,identical,1,eas_k2_adaptive,eas,2,adaptive,native,11,selector_speedup,3,0.0,0.0,0.0,0.0,0.0,0.0
l1-n2-identical-w1,zero_commit,1,2,identical,1,eas_k2_adaptive,eas,2,adaptive,native,11,rate_ratio,3,0.0,0.0,0.0,0.0,0.0,0.0
l1-n2-identical-w1,zero_commit,1,2,identical,1,eas_k2_adaptive,eas,2,adaptive,accept_id,11,commit_delta,3,-1,-1,-1,-1.0,-1.0,0.0
l1-n2-identical-w1,zero_commit,1,2,identical,1,eas_k2_adaptive,eas,2,adaptive,accept_id,11,batch_delta_ms,3,0.015318000000000002,0.010542,0.018486,0.01293,0.016902,0.003972
l1-n2-identical-w1,zero_commit,1,2,identical,1,eas_k2_adaptive,eas,2,adaptive,accept_id,11,selector_delta_ms,3,0.014168000000000002,0.011654000000000001,0.018453999999999998,0.012911000000000002,0.016311,0.0033999999999999968
l1-n2-identical-w1,zero_commit,1,2,identical,1,eas_k2_adaptive,eas,2,adaptive,accept_id,11,batch_speedup,3,0.5488867946754623,0.49593717620112343,0.6318234205287605,0.5224119854382929,0.5903551076021114,0.06794312216381848
l1-n2-identical-w1,zero_commit,1,2,identical,1,eas_k2_adaptive,eas,2,adaptive,accept_id,11,selector_speedup,3,0.37201365187713303,0.3214942275167292,0.4156931561794936,0.34675393969693113,0.3938534040283133,0.04709946433138218
l1-n2-identical-w1,zero_commit,1,2,identical,1,eas_k2_adaptive,eas,2,adaptive,accept_id,11,rate_ratio,3,0.0,0.0,0.0,0.0,0.0,0.0
l1-n2-identical-w1,zero_commit,1,2,identical,1,eas_k2_adaptive,eas,2,adaptive,accept_static_degree,11,commit_delta,3,-1,-1,-1,-1.0,-1.0,0.0
l1-n2-identical-w1,zero_commit,1,2,identical,1,eas_k2_adaptive,eas,2,adaptive,accept_static_degree,11,batch_delta_ms,3,0.013149000000000001,0.009663999999999999,0.01817,0.0114065,0.0156595,0.004253
l1-n2-identical-w1,zero_commit,1,2,identical,1,eas_k2_adaptive,eas,2,adaptive,accept_static_degree,11,selector_delta_ms,3,0.013631,0.010729,0.017044,0.01218,0.0153375,0.0031575000000000006
l1-n2-identical-w1,zero_commit,1,2,identical,1,eas_k2_adaptive,eas,2,adaptive,accept_static_degree,11,batch_speedup,3,0.6127635763929791,0.5045536347276,0.6624873397827682,0.5586586055602896,0.6376254580878736,0.07896685252758406
l1-n2-identical-w1,zero_commit,1,2,identical,1,eas_k2_adaptive,eas,2,adaptive,accept_static_degree,11,selector_speedup,3,0.3958157883072559,0.3733362747260828,0.46207069440962645,0.3845760315166693,0.4289432413584412,0.04436720984177189
l1-n2-identical-w1,zero_commit,1,2,identical,1,eas_k2_adaptive,eas,2,adaptive,accept_static_degree,11,rate_ratio,3,0.0,0.0,0.0,0.0,0.0,0.0
l1-n2-identical-w1,zero_commit,1,2,identical,1,accept_static_degree,accept_static_degree,,greedy,native,11,commit_delta,3,0,0,0,0.0,0.0,0.0
l1-n2-identical-w1,zero_commit,1,2,identical,1,accept_static_degree,accept_static_degree,,greedy,native,11,batch_delta_ms,3,0.011171,0.011158999999999999,0.011292,0.011165,0.0112315,6.650000000000059e-05
l1-n2-identical-w1,zero_commit,1,2,identical,1,accept_static_degree,accept_static_degree,,greedy,native,11,selector_delta_ms,3,0.009216,0.00893,0.010154,0.009073000000000001,0.009685,0.000611999999999998
l1-n2-identical-w1,zero_commit,1,2,identical,1,accept_static_degree,accept_static_degree,,greedy,native,11,batch_speedup,3,0.41109178132742896,0.39694120190229143,0.45729802470322484,0.4040164916148602,0.4341949030153269,0.03017841140046673
l1-n2-identical-w1,zero_commit,1,2,identical,1,accept_static_degree,accept_static_degree,,greedy,native,11,selector_speedup,3,0.0,0.0,0.0,0.0,0.0,0.0
l1-n2-identical-w1,zero_commit,1,2,identical,1,accept_static_degree,accept_static_degree,,greedy,native,11,rate_ratio,3,0.4110917813276837,0.3969412019022637,0.4572980247026969,0.40401649161497366,0.4341949030151903,0.030178411400216654
l1-n2-identical-w1,zero_commit,1,2,identical,1,accept_static_degree,accept_static_degree,,greedy,accept_id,11,commit_delta,3,0,0,0,0.0,0.0,0.0
l1-n2-identical-w1,zero_commit,1,2,identical,1,accept_static_degree,accept_static_degree,,greedy,accept_id,11,batch_delta_ms,3,0.0008780000000000003,0.0003160000000000003,0.002169000000000001,0.0005970000000000003,0.0015235000000000005,0.0009265000000000002
l1-n2-identical-w1,zero_commit,1,2,identical,1,accept_static_degree,accept_static_degree,,greedy,accept_id,11,selector_delta_ms,3,0.0009250000000000005,0.000537000000000001,0.0014099999999999998,0.0007310000000000007,0.0011675000000000001,0.0004364999999999994
l1-n2-identical-w1,zero_commit,1,2,identical,1,accept_static_degree,accept_static_degree,,greedy,accept_id,11,batch_speedup,3,0.9537139543465655,0.895756235882155,0.9829226113272805,0.9247350951143603,0.968318282836923,0.043583187722562755
l1-n2-identical-w1,zero_commit,1,2,identical,1,accept_static_degree,accept_static_degree,,greedy,accept_id,11,selector_speedup,3,0.8996310763888888,0.8611384675989758,0.9398656215005597,0.8803847719939324,0.9197483489447242,0.039363576950791845
l1-n2-identical-w1,zero_commit,1,2,identical,1,accept_static_degree,accept_static_degree,,greedy,accept_id,11,rate_ratio,3,0.9537139543461549,0.8957562358821094,0.9829226113285876,0.9247350951141322,0.9683182828373713,0.0435831877232391
l1-n2-identical-w1,zero_commit,1,2,identical,1,accept_static_degree,accept_static_degree,,greedy,native,29,commit_delta,3,0,0,0,0.0,0.0,0.0
l1-n2-identical-w1,zero_commit,1,2,identical,1,accept_static_degree,accept_static_degree,,greedy,native,29,batch_delta_ms,3,0.007016000000000001,0.0067139999999999995,0.009548999999999998,0.0068650000000000004,0.0082825,0.0014174999999999995
l1-n2-identical-w1,zero_commit,1,2,identical,1,accept_static_degree,accept_static_degree,,greedy,native,29,selector_delta_ms,3,0.009592,0.008947,0.009642,0.0092695,0.009617,0.0003475000000000006
l1-n2-identical-w1,zero_commit,1,2,identical,1,accept_static_degree,accept_static_degree,,greedy,native,29,batch_speedup,3,0.5631382316313822,0.44333683105981114,0.5826962520977065,0.5032375313455967,0.5729172418645443,0.06967971051894761
l1-n2-identical-w1,zero_commit,1,2,identical,1,accept_static_degree,accept_static_degree,,greedy,native,29,selector_speedup,3,0.0,0.0,0.0,0.0,0.0,0.0
l1-n2-identical-w1,zero_commit,1,2,identical,1,accept_static_degree,accept_static_degree,,greedy,native,29,rate_ratio,3,0.5631382316320884,0.4433368310590291,0.5826962520956791,0.5032375313455588,0.5729172418638837,0.06967971051832489
l1-n2-identical-w1,zero_commit,1,2,identical,1,accept_static_degree,accept_static_degree,,greedy,accept_id,29,commit_delta,3,0,0,0,0.0,0.0,0.0
l1-n2-identical-w1,zero_commit,1,2,identical,1,accept_static_degree,accept_static_degree,,greedy,accept_id,29,batch_delta_ms,3,-0.0014490000000000024,-0.0014799999999999987,-0.0001030000000000024,-0.0014645000000000005,-0.0007760000000000024,0.0006884999999999981
l1-n2-identical-w1,zero_commit,1,2,identical,1,accept_static_degree,accept_static_degree,,greedy,accept_id,29,selector_delta_ms,3,0.0013410000000000002,0.0007710000000000009,0.001693,0.0010560000000000005,0.0015170000000000001,0.0004609999999999996
l1-n2-identical-w1,zero_commit,1,2,identical,1,accept_static_degree,accept_static_degree,,greedy,accept_id,29,batch_speedup,3,1.0900615327242216,1.0060044304535387,1.0921544209215441,1.04803298158888,1.0911079768228829,0.04307499523400282
l1-n2-identical-w1,zero_commit,1,2,identical,1,accept_static_degree,accept_static_degree,,greedy,accept_id,29,selector_speedup,3,0.8601959966638866,0.8244140219871395,0.9138258634179054,0.8423050093255131,0.8870109300408959,0.04470592071538282
l1-n2-identical-w1,zero_commit,1,2,identical,1,accept_static_degree,accept_static_degree,,greedy,accept_id,29,rate_ratio,3,1.090061532724151,1.006004430453592,1.0921544209222933,1.0480329815888716,1.0911079768232221,0.043074995234350544
l1-n2-identical-w1,zero_commit,1,2,identical,1,accept_id,accept_id,,greedy,native,29,commit_delta,3,0,0,0,0.0,0.0,0.0
l1-n2-identical-w1,zero_commit,1,2,identical,1,accept_id,accept_id,,greedy,native,29,batch_delta_ms,3,0.008496,0.008163000000000002,0.009652,0.0083295,0.009074,0.0007445000000000004
l1-n2-identical-w1,zero_commit,1,2,identical,1,accept_id,accept_id,,greedy,native,29,selector_delta_ms,3,0.008176,0.007949,0.008251,0.0080625,0.008213499999999999,0.00015099999999999836
l1-n2-identical-w1,zero_commit,1,2,identical,1,accept_id,accept_id,,greedy,native,29,batch_speedup,3,0.5156214367160775,0.44069073419481947,0.5345535408826547,0.4781560854554485,0.5250874887993662,0.046931403343917655
l1-n2-identical-w1,zero_commit,1,2,identical,1,accept_id,accept_id,,greedy,native,29,selector_speedup,3,0.0,0.0,0.0,0.0,0.0,0.0
l1-n2-identical-w1,zero_commit,1,2,identical,1,accept_id,accept_id,,greedy,native,29,rate_ratio,3,0.5156214367163704,0.4406907341940187,0.5345535408808295,0.47815608545519456,0.5250874887985999,0.04693140334340534
l1-n2-identical-w1,zero_commit,1,2,identical,1,accept_id,accept_id,,greedy,accept_static_degree,29,commit_delta,3,0,0,0,0.0,0.0,0.0
l1-n2-identical-w1,zero_commit,1,2,identical,1,accept_id,accept_id,,greedy,accept_static_degree,29,batch_delta_ms,3,0.0014490000000000024,0.0001030000000000024,0.0014799999999999987,0.0007760000000000024,0.0014645000000000005,0.0006884999999999981
l1-n2-identical-w1,zero_commit,1,2,identical,1,accept_id,accept_id,,greedy,accept_static_degree,29,selector_delta_ms,3,-0.0013410000000000002,-0.001693,-0.0007710000000000009,-0.0015170000000000001,-0.0010560000000000005,0.0004609999999999996
l1-n2-identical-w1,zero_commit,1,2,identical,1,accept_id,accept_id,,greedy,accept_static_degree,29,batch_speedup,3,0.9173794047211767,0.9156214367160777,0.9940314075447643,0.9165004207186271,0.9557054061329705,0.03920498541434336
l1-n2-identical-w1,zero_commit,1,2,identical,1,accept_id,accept_id,,greedy,accept_static_degree,29,selector_speedup,3,1.1625257544540055,1.0943003913894327,1.212982765127689,1.128413072921719,1.1877542597908473,0.05934118686912826
l1-n2-identical-w1,zero_commit,1,2,identical,1,accept_id,accept_id,,greedy,accept_static_degree,29,rate_ratio,3,0.9173794047212362,0.9156214367154495,0.9940314075447115,0.9165004207183429,0.955705406132974,0.03920498541463102
l1-n2-identical-w1,zero_commit,1,2,identical,1,eas_k1_adaptive,eas,1,adaptive,native,29,commit_delta,3,0,0,0,0.0,0.0,0.0
l1-n2-identical-w1,zero_commit,1,2,identical,1,eas_k1_adaptive,eas,1,adaptive,native,29,batch_delta_ms,3,0.021966,0.019012,0.022380999999999998,0.020489,0.0221735,0.0016844999999999985
l1-n2-identical-w1,zero_commit,1,2,identical,1,eas_k1_adaptive,eas,1,adaptive,native,29,selector_delta_ms,3,0.020415,0.019357,0.021074,0.019886,0.0207445,0.0008584999999999982
l1-n2-identical-w1,zero_commit,1,2,identical,1,eas_k1_adaptive,eas,1,adaptive,native,29,batch_speedup,3,0.29164785553047406,0.2536183552324418,0.3302568076936626,0.2726331053814579,0.31095233161206837,0.03831922623061046
l1-n2-identical-w1,zero_commit,1,2,identical,1,eas_k1_adaptive,eas,1,adaptive,native,29,selector_speedup,3,0.0,0.0,0.0,0.0,0.0,0.0
l1-n2-identical-w1,zero_commit,1,2,identical,1,eas_k1_adaptive,eas,1,adaptive,native,29,rate_ratio,3,0.2916478555306598,0.25361835523166926,0.33025680769303045,0.27263310538116453,0.3109523316118451,0.03831922623068057
l1-n2-identical-w1,zero_commit,1,2,identical,1,eas_k1_adaptive,eas,1,adaptive,accept_id,29,commit_delta,3,0,0,0,0.0,0.0,0.0
l1-n2-identical-w1,zero_commit,1,2,identical,1,eas_k1_adaptive,eas,1,adaptive,accept_id,29,batch_delta_ms,3,0.012728999999999997,0.010848999999999998,0.01347,0.011788999999999997,0.013099499999999998,0.001310500000000001
l1-n2-identical-w1,zero_commit,1,2,identical,1,eas_k1_adaptive,eas,1,adaptive,accept_id,29,selector_delta_ms,3,0.012164,0.011408,0.012898,0.011786,0.012531,0.0007450000000000009
l1-n2-identical-w1,zero_commit,1,2,identical,1,eas_k1_adaptive,eas,1,adaptive,accept_id,29,batch_speedup,3,0.5755019008870808,0.5656239922605611,0.6178180152886885,0.5705629465738209,0.5966599580878846,0.02609701151406374
l1-n2-identical-w1,zero_commit,1,2,identical,1,eas_k1_adaptive,eas,1,adaptive,accept_id,29,selector_speedup,3,0.4041636051922606,0.3879662142924931,0.4106524771400527,0.39606490974237685,0.40740804116615664,0.011343131423779795
l1-n2-identical-w1,zero_commit,1,2,identical,1,eas_k1_adaptive,eas,1,adaptive,accept_id,29,rate_ratio,3,0.5755019008863734,0.5656239922606001,0.6178180152896156,0.5705629465734867,0.5966599580879945,0.02609701151450783
l1-n2-identical-w1,zero_commit,1,2,identical,1,eas_k1_adaptive,eas,1,adaptive,accept_static_degree,29,commit_delta,3,0,0,0,0.0,0.0,0.0
l1-n2-identical-w1,zero_commit,1,2,identical,1,eas_k1_adaptive,eas,1,adaptive,accept_static_degree,29,batch_delta_ms,3,0.012832,0.012298,0.014949999999999998,0.012565,0.013890999999999999,0.001325999999999999
l1-n2-identical-w1,zero_commit,1,2,identical,1,eas_k1_adaptive,eas,1,adaptive,accept_static_degree,29,selector_delta_ms,3,0.010823,0.009715,0.012126999999999999,0.010269,0.011474999999999999,0.0012059999999999987
l1-n2-identical-w1,zero_commit,1,2,identical,1,eas_k1_adaptive,eas,1,adaptive,accept_static_degree,29,batch_speedup,3,0.5667735230915559,0.5178974524346985,0.5720669645834723,0.5423354877631272,0.5694202438375141,0.027084756074386873
l1-n2-identical-w1,zero_commit,1,2,identical,1,eas_k1_adaptive,eas,1,adaptive,accept_static_degree,29,selector_speedup,3,0.4698506000489836,0.4245515801461517,0.4981143772278762,0.44720109009756764,0.4839824886384299,0.036781398540862265
l1-n2-identical-w1,zero_commit,1,2,identical,1,eas_k1_adaptive,eas,1,adaptive,accept_static_degree,29,rate_ratio,3,0.5667735230924431,0.517897452434379,0.5720669645827389,0.542335487763411,0.569420243837591,0.02708475607418004
l1-n2-identical-w1,zero_commit,1,2,identical,1,eas_k2_adaptive,eas,2,adaptive,native,29,commit_delta,3,-1,-1,-1,-1.0,-1.0,0.0
l1-n2-identical-w1,zero_commit,1,2,identical,1,eas_k2_adaptive,eas,2,adaptive,native,29,batch_delta_ms,3,0.020575000000000003,0.01862,0.020581,0.019597500000000004,0.020578,0.0009804999999999953
l1-n2-identical-w1,zero_commit,1,2,identical,1,eas_k2_adaptive,eas,2,adaptive,native,29,selector_delta_ms,3,0.02108,0.021066,0.021225,0.021073,0.0211525,7.949999999999971e-05
l1-n2-identical-w1,zero_commit,1,2,identical,1,eas_k2_adaptive,eas,2,adaptive,native,29,batch_speedup,3,0.3130217028380634,0.2698148016745902,0.3269230769230769,0.2914182522563268,0.3199723898805702,0.028554137624243414
l1-n2-identical-w1,zero_commit,1,2,identical,1,eas_k2_adaptive,eas,2,adaptive,native,29,selector_speedup,3,0.0,0.0,0.0,0.0,0.0,0.0
l1-n2-identical-w1,zero_commit,1,2,identical,1,eas_k2_adaptive,eas,2,adaptive,native,29,rate_ratio,3,0.0,0.0,0.0,0.0,0.0,0.0
l1-n2-identical-w1,zero_commit,1,2,identical,1,eas_k2_adaptive,eas,2,adaptive,accept_id,29,commit_delta,3,-1,-1,-1,-1.0,-1.0,0.0
l1-n2-identical-w1,zero_commit,1,2,identical,1,eas_k2_adaptive,eas,2,adaptive,accept_id,29,batch_delta_ms,3,0.010928999999999998,0.010124000000000001,0.012412,0.0105265,0.011670499999999999,0.0011439999999999992
l1-n2-identical-w1,zero_commit,1,2,identical,1,eas_k2_adaptive,eas,2,adaptive,accept_id,29,selector_delta_ms,3,0.012904000000000002,0.012815000000000002,0.013276000000000001,0.012859500000000003,0.013090000000000001,0.00023049999999999807
l1-n2-identical-w1,zero_commit,1,2,identical,1,eas_k2_adaptive,eas,2,adaptive,accept_id,29,batch_speedup,3,0.6122543106506777,0.5855759599332221,0.6340370156159629,0.59891513529195,0.6231456631333203,0.024230527841370364
l1-n2-identical-w1,zero_commit,1,2,identical,1,eas_k2_adaptive,eas,2,adaptive,accept_id,29,selector_speedup,3,0.38785578747628074,0.3745111896348645,0.39167378714516277,0.3811834885555726,0.3897647873107217,0.008581298755149125
l1-n2-identical-w1,zero_commit,1,2,identical,1,eas_k2_adaptive,eas,2,adaptive,accept_id,29,rate_ratio,3,0.0,0.0,0.0,0.0,0.0,0.0
l1-n2-identical-w1,zero_commit,1,2,identical,1,eas_k2_adaptive,eas,2,adaptive,accept_static_degree,29,commit_delta,3,-1,-1,-1,-1.0,-1.0,0.0
l1-n2-identical-w1,zero_commit,1,2,identical,1,eas_k2_adaptive,eas,2,adaptive,accept_static_degree,29,batch_delta_ms,3,0.011604,0.011032,0.013861000000000002,0.011318,0.0127325,0.0014145000000000008
l1-n2-identical-w1,zero_commit,1,2,identical,1,eas_k2_adaptive,eas,2,adaptive,accept_static_degree,29,selector_delta_ms,3,0.011583000000000001,0.011474000000000002,0.012133000000000001,0.0115285,0.011858,0.00032949999999999993
l1-n2-identical-w1,zero_commit,1,2,identical,1,eas_k2_adaptive,eas,2,adaptive,accept_static_degree,29,batch_speedup,3,0.5805378831694621,0.5371953255425709,0.6086000141914425,0.5588666043560164,0.5945689486804523,0.035702344324435864
l1-n2-identical-w1,zero_commit,1,2,identical,1,eas_k2_adaptive,eas,2,adaptive,accept_static_degree,29,selector_speedup,3,0.45427561837455827,0.4244307400379506,0.45533086490078795,0.43935317920625444,0.4548032416376731,0.015450062431418665
l1-n2-identical-w1,zero_commit,1,2,identical,1,eas_k2_adaptive,eas,2,adaptive,accept_static_degree,29,rate_ratio,3,0.0,0.0,0.0,0.0,0.0,0.0
l1-n2-identical-w1,zero_commit,1,2,identical,1,native,native,,native,accept_id,29,commit_delta,3,0,0,0,0.0,0.0,0.0
l1-n2-identical-w1,zero_commit,1,2,identical,1,native,native,,native,accept_id,29,batch_delta_ms,3,-0.008496,-0.009652,-0.008163000000000002,-0.009074,-0.0083295,0.0007445000000000004
l1-n2-identical-w1,zero_commit,1,2,identical,1,native,native,,native,accept_id,29,selector_delta_ms,3,-0.008176,-0.008251,-0.007949,-0.008213499999999999,-0.0080625,0.00015099999999999836
l1-n2-identical-w1,zero_commit,1,2,identical,1,native,native,,native,accept_id,29,batch_speedup,3,1.939407341884122,1.8707200000000002,2.269165023011177,1.9050636709420612,2.1042861824476495,0.19922251150558834
l1-n2-identical-w1,zero_commit,1,2,identical,1,native,native,,native,accept_id,29,selector_speedup,0,,,,,,
l1-n2-identical-w1,zero_commit,1,2,identical,1,native,native,,native,accept_id,29,rate_ratio,3,1.9394073418830207,1.8707200000063877,2.2691650230153004,1.9050636709447042,2.1042861824491608,0.19922251150445658
l1-n2-identical-w1,zero_commit,1,2,identical,1,native,native,,native,accept_static_degree,29,commit_delta,3,0,0,0,0.0,0.0,0.0
l1-n2-identical-w1,zero_commit,1,2,identical,1,native,native,,native,accept_static_degree,29,batch_delta_ms,3,-0.007016000000000001,-0.009548999999999998,-0.0067139999999999995,-0.0082825,-0.0068650000000000004,0.0014174999999999995
l1-n2-identical-w1,zero_commit,1,2,identical,1,native,native,,native,accept_static_degree,29,selector_delta_ms,3,-0.009592,-0.009642,-0.008947,-0.009617,-0.0092695,0.0003475000000000006
l1-n2-identical-w1,zero_commit,1,2,identical,1,native,native,,native,accept_static_degree,29,batch_speedup,3,1.775762936753649,1.71616,2.255621301775148,1.7459614683768243,2.0156921192643984,0.2697306508875741
l1-n2-identical-w1,zero_commit,1,2,identical,1,native,native,,native,accept_static_degree,29,selector_speedup,0,,,,,,
l1-n2-identical-w1,zero_commit,1,2,identical,1,native,native,,native,accept_static_degree,29,rate_ratio,3,1.775762936751422,1.7161600000059711,2.2556213017791267,1.7459614683786966,2.0156921192652746,0.269730650886578
l1-n2-identical-w1,zero_commit,1,2,identical,1,eas_k2_adaptive,eas,2,adaptive,native,47,commit_delta,3,-1,-1,-1,-1.0,-1.0,0.0
l1-n2-identical-w1,zero_commit,1,2,identical,1,eas_k2_adaptive,eas,2,adaptive,native,47,batch_delta_ms,3,0.020052,0.019067,0.021315,0.0195595,0.0206835,0.001124
l1-n2-identical-w1,zero_commit,1,2,identical,1,eas_k2_adaptive,eas,2,adaptive,native,47,selector_delta_ms,3,0.020199,0.019058,0.023913,0.0196285,0.022056,0.002427499999999999
l1-n2-identical-w1,zero_commit,1,2,identical,1,eas_k2_adaptive,eas,2,adaptive,native,47,batch_speedup,3,0.31392429509463116,0.2622787976895626,0.334810214903712,0.28810154639209684,0.3243672549991716,0.03626570860707473
l1-n2-identical-w1,zero_commit,1,2,identical,1,eas_k2_adaptive,eas,2,adaptive,native,47,selector_speedup,3,0.0,0.0,0.0,0.0,0.0,0.0
l1-n2-identical-w1,zero_commit,1,2,identical,1,eas_k2_adaptive,eas,2,adaptive,native,47,rate_ratio,3,0.0,0.0,0.0,0.0,0.0,0.0
l1-n2-identical-w1,zero_commit,1,2,identical,1,eas_k2_adaptive,eas,2,adaptive,accept_id,47,commit_delta,3,-1,-1,-1,-1.0,-1.0,0.0
l1-n2-identical-w1,zero_commit,1,2,identical,1,eas_k2_adaptive,eas,2,adaptive,accept_id,47,batch_delta_ms,3,0.010775999999999997,0.010064,0.012291,0.010419999999999999,0.011533499999999999,0.0011135
l1-n2-identical-w1,zero_commit,1,2,identical,1,eas_k2_adaptive,eas,2,adaptive,accept_id,47,selector_delta_ms,3,0.011787000000000002,0.00994,0.015261,0.010863500000000002,0.013524000000000001,0.0026604999999999997
l1-n2-identical-w1,zero_commit,1,2,identical,1,eas_k2_adaptive,eas,2,adaptive,accept_id,47,batch_speedup,3,0.6240580519118059,0.604383932020085,0.6297413634524116,0.6142209919659454,0.6268997076821088,0.012678715716163413
l1-n2-identical-w1,zero_commit,1,2,identical,1,eas_k2_adaptive,eas,2,adaptive,accept_id,47,selector_speedup,3,0.4164562602109015,0.3618115669301217,0.4784342533319341,0.3891339135705116,0.4474452567714178,0.058311343200906196
l1-n2-identical-w1,zero_commit,1,2,identical,1,eas_k2_adaptive,eas,2,adaptive,accept_id,47,rate_ratio,3,0.0,0.0,0.0,0.0,0.0,0.0
l1-n2-identical-w1,zero_commit,1,2,identical,1,eas_k2_adaptive,eas,2,adaptive,accept_static_degree,47,commit_delta,3,-1,-1,-1,-1.0,-1.0,0.0
l1-n2-identical-w1,zero_commit,1,2,identical,1,eas_k2_adaptive,eas,2,adaptive,accept_static_degree,47,batch_delta_ms,3,0.012378,0.008022000000000001,0.012763999999999998,0.0102,0.012570999999999999,0.002370999999999998
l1-n2-identical-w1,zero_commit,1,2,identical,1,eas_k2_adaptive,eas,2,adaptive,accept_static_degree,47,selector_delta_ms,3,0.011167000000000002,0.009878999999999999,0.014992,0.010523000000000001,0.0130795,0.0025564999999999997
l1-n2-identical-w1,zero_commit,1,2,identical,1,eas_k2_adaptive,eas,2,adaptive,accept_static_degree,47,batch_speedup,3,0.5891592635509206,0.5681691320122801,0.7048673705897501,0.5786641977816004,0.6470133170703354,0.068349119288735
l1-n2-identical-w1,zero_commit,1,2,identical,1,eas_k2_adaptive,eas,2,adaptive,accept_static_degree,47,selector_speedup,3,0.44715084905193325,0.37306067829214234,0.48163500892013855,0.41010576367203777,0.4643929289860359,0.05428716531399813
l1-n2-identical-w1,zero_commit,1,2,identical,1,eas_k2_adaptive,eas,2,adaptive,accept_static_degree,47,rate_ratio,3,0.0,0.0,0.0,0.0,0.0,0.0
l1-n2-identical-w1,zero_commit,1,2,identical,1,accept_id,accept_id,,greedy,native,47,commit_delta,3,0,0,0,0.0,0.0,0.0
l1-n2-identical-w1,zero_commit,1,2,identical,1,accept_id,accept_id,,greedy,native,47,batch_delta_ms,3,0.009023999999999999,0.008291000000000001,0.009988,0.0086575,0.009506,0.0008485000000000003
l1-n2-identical-w1,zero_commit,1,2,identical,1,accept_id,accept_id,,greedy,native,47,selector_delta_ms,3,0.008652,0.008412,0.009118,0.008532,0.008885,0.0003530000000000009
l1-n2-identical-w1,zero_commit,1,2,identical,1,accept_id,accept_id,,greedy,native,47,batch_speedup,3,0.5194120466528199,0.41648653385523166,0.5365049194991055,0.46794929025402576,0.5279584830759627,0.06000919282193695
l1-n2-identical-w1,zero_commit,1,2,identical,1,accept_id,accept_id,,greedy,native,47,selector_speedup,3,0.0,0.0,0.0,0.0,0.0,0.0
l1-n2-identical-w1,zero_commit,1,2,identical,1,accept_id,accept_id,,greedy,native,47,rate_ratio,3,0.5194120466523302,0.4164865338557281,0.5365049194980259,0.46794929025402915,0.527958483075178,0.06000919282114886
l1-n2-identical-w1,zero_commit,1,2,identical,1,accept_id,accept_id,,greedy,accept_static_degree,47,commit_delta,3,0,0,0,0.0,0.0,0.0
l1-n2-identical-w1,zero_commit,1,2,identical,1,accept_id,accept_id,,greedy,accept_static_degree,47,batch_delta_ms,3,0.00047299999999999773,-0.0020419999999999987,0.0016020000000000027,-0.0007845000000000005,0.0010375000000000002,0.0018220000000000007
l1-n2-identical-w1,zero_commit,1,2,identical,1,accept_id,accept_id,,greedy,accept_static_degree,47,selector_delta_ms,3,-0.00026900000000000014,-0.0006200000000000008,-6.100000000000029e-05,-0.00044450000000000045,-0.00016500000000000022,0.00027950000000000023
l1-n2-identical-w1,zero_commit,1,2,identical,1,accept_id,accept_id,,greedy,accept_static_degree,47,batch_speedup,3,0.9748096074985355,0.910442754919499,1.119296605713618,0.9426261812090173,1.0470531066060769,0.10442692539705956
l1-n2-identical-w1,zero_commit,1,2,identical,1,accept_id,accept_id,,greedy,accept_static_degree,47,selector_speedup,3,1.031091077207582,1.006690063610441,1.0737042320494532,1.0188905704090114,1.0523976546285176,0.03350708421950621
l1-n2-identical-w1,zero_commit,1,2,identical,1,accept_id,accept_id,,greedy,accept_static_degree,47,rate_ratio,3,0.9748096074977688,0.9104427549200707,1.1192966057127003,0.9426261812089197,1.0470531066052344,0.10442692539631471
l1-n2-identical-w1,zero_commit,1,2,identical,1,accept_static_degree,accept_static_degree,,greedy,native,47,commit_delta,3,0,0,0,0.0,0.0,0.0
l1-n2-identical-w1,zero_commit,1,2,identical,1,accept_static_degree,accept_static_degree,,greedy,native,47,batch_delta_ms,3,0.008551000000000001,0.006688999999999999,0.012029999999999999,0.00762,0.010290500000000001,0.002670500000000001
l1-n2-identical-w1,zero_commit,1,2,identical,1,accept_static_degree,accept_static_degree,,greedy,native,47,selector_delta_ms,3,0.009032,0.008921,0.009179,0.0089765,0.009105499999999999,0.0001289999999999989
l1-n2-identical-w1,zero_commit,1,2,identical,1,accept_static_degree,accept_static_degree,,greedy,native,47,batch_speedup,3,0.5328343531468531,0.3720966647528577,0.589279135453764,0.4524655089498554,0.5610567443003085,0.10859123535045312
l1-n2-identical-w1,zero_commit,1,2,identical,1,accept_static_degree,accept_static_degree,,greedy,native,47,selector_speedup,3,0.0,0.0,0.0,0.0,0.0,0.0
l1-n2-identical-w1,zero_commit,1,2,identical,1,accept_static_degree,accept_static_degree,,greedy,native,47,rate_ratio,3,0.5328343531467697,0.37209666475360637,0.5892791354522081,0.45246550895018806,0.5610567442994889,0.10859123534930087
l1-n2-identical-w1,zero_commit,1,2,identical,1,accept_static_degree,accept_static_degree,,greedy,accept_id,47,commit_delta,3,0,0,0,0.0,0.0,0.0
l1-n2-identical-w1,zero_commit,1,2,identical,1,accept_static_degree,accept_static_degree,,greedy,accept_id,47,batch_delta_ms,3,-0.00047299999999999773,-0.0016020000000000027,0.0020419999999999987,-0.0010375000000000002,0.0007845000000000005,0.0018220000000000007
l1-n2-identical-w1,zero_commit,1,2,identical,1,accept_static_degree,accept_static_degree,,greedy,accept_id,47,selector_delta_ms,3,0.00026900000000000014,6.100000000000029e-05,0.0006200000000000008,0.00016500000000000022,0.00044450000000000045,0.00027950000000000023
l1-n2-identical-w1,zero_commit,1,2,identical,1,accept_static_degree,accept_static_degree,,greedy,accept_id,47,batch_speedup,3,1.025841346153846,0.8934182368599615,1.0983666953211348,0.9596297915069038,1.0621040207374906,0.1024742292305868
l1-n2-identical-w1,zero_commit,1,2,identical,1,accept_static_degree,accept_static_degree,,greedy,accept_id,47,selector_speedup,3,0.9698464297724471,0.9313551815766163,0.9933543959036932,0.9506008056745316,0.9816004128380702,0.030999607163538556
l1-n2-identical-w1,zero_commit,1,2,identical,1,accept_static_degree,accept_static_degree,,greedy,accept_id,47,rate_ratio,3,1.025841346154653,0.893418236860694,1.0983666953204452,0.9596297915076735,1.0621040207375492,0.1024742292298757
l1-n2-identical-w1,zero_commit,1,2,identical,1,native,native,,native,accept_id,47,commit_delta,3,0,0,0,0.0,0.0,0.0
l1-n2-identical-w1,zero_commit,1,2,identical,1,native,native,,native,accept_id,47,batch_delta_ms,3,-0.009023999999999999,-0.009988,-0.008291000000000001,-0.009506,-0.0086575,0.0008485000000000003
l1-n2-identical-w1,zero_commit,1,2,identical,1,native,native,,native,accept_id,47,selector_delta_ms,3,-0.008652,-0.009118,-0.008412,-0.008885,-0.008532,0.0003530000000000009
l1-n2-identical-w1,zero_commit,1,2,identical,1,native,native,,native,accept_id,47,batch_speedup,3,1.9252537680713626,1.8639158070230282,2.4010380137466685,1.8945847875471955,2.1631458909090155,0.26856110336182004
l1-n2-identical-w1,zero_commit,1,2,identical,1,native,native,,native,accept_id,47,selector_speedup,0,,,,,,
l1-n2-identical-w1,zero_commit,1,2,identical,1,native,native,,native,accept_id,47,rate_ratio,3,1.9252537680731778,1.863915807026779,2.4010380137438063,1.8945847875499784,2.163145890908492,0.2685611033585136
l1-n2-identical-w1,zero_commit,1,2,identical,1,native,native,,native,accept_static_degree,47,commit_delta,3,0,0,0,0.0,0.0,0.0
l1-n2-identical-w1,zero_commit,1,2,identical,1,native,native,,native,accept_static_degree,47,batch_delta_ms,3,-0.008551000000000001,-0.012029999999999999,-0.006688999999999999,-0.010290500000000001,-0.00762,0.002670500000000001
l1-n2-identical-w1,zero_commit,1,2,identical,1,native,native,,native,accept_static_degree,47,selector_delta_ms,3,-0.009032,-0.009179,-0.008921,-0.009105499999999999,-0.0089765,0.0001289999999999989
l1-n2-identical-w1,zero_commit,1,2,identical,1,native,native,,native,accept_static_degree,47,batch_speedup,3,1.8767558699887217,1.696988642284047,2.6874736989760133,1.7868722561363843,2.2821147844823675,0.49524252834598315
l1-n2-identical-w1,zero_commit,1,2,identical,1,native,native,,native,accept_static_degree,47,selector_speedup,0,,,,,,
l1-n2-identical-w1,zero_commit,1,2,identical,1,native,native,,native,accept_static_degree,47,rate_ratio,3,1.876755869989015,1.6969886422885274,2.687473698970606,1.7868722561387713,2.2821147844798104,0.4952425283410391
l1-n2-identical-w1,zero_commit,1,2,identical,1,eas_k1_adaptive,eas,1,adaptive,native,47,commit_delta,3,0,0,0,0.0,0.0,0.0
l1-n2-identical-w1,zero_commit,1,2,identical,1,eas_k1_adaptive,eas,1,adaptive,native,47,batch_delta_ms,3,0.020628,0.020609000000000002,0.02353,0.0206185,0.022079,0.0014605
l1-n2-identical-w1,zero_commit,1,2,identical,1,eas_k1_adaptive,eas,1,adaptive,native,47,selector_delta_ms,3,0.020985,0.020765,0.022358,0.020874999999999998,0.0216715,0.0007965000000000021
l1-n2-identical-w1,zero_commit,1,2,identical,1,eas_k1_adaptive,eas,1,adaptive,native,47,batch_speedup,3,0.3177183341058068,0.23252552268501908,0.32102300780092824,0.27512192839541294,0.3193706709533675,0.04424874255795458
l1-n2-identical-w1,zero_commit,1,2,identical,1,eas_k1_adaptive,eas,1,adaptive,native,47,selector_speedup,3,0.0,0.0,0.0,0.0,0.0,0.0
l1-n2-identical-w1,zero_commit,1,2,identical,1,eas_k1_adaptive,eas,1,adaptive,native,47,rate_ratio,3,0.31771833410505523,0.2325255226850329,0.3210230078009373,0.27512192839504407,0.31937067095299626,0.04424874255795219
l1-n2-identical-w1,zero_commit,1,2,identical,1,eas_k1_adaptive,eas,1,adaptive,accept_id,47,commit_delta,3,0,0,0,0.0,0.0,0.0
l1-n2-identical-w1,zero_commit,1,2,identical,1,eas_k1_adaptive,eas,1,adaptive,accept_id,47,batch_delta_ms,3,0.012317999999999999,0.011604,0.013541999999999998,0.011961,0.012929999999999999,0.0009689999999999994
l1-n2-identical-w1,zero_commit,1,2,identical,1,eas_k1_adaptive,eas,1,adaptive,accept_id,47,selector_delta_ms,3,0.012112999999999999,0.011867,0.013946,0.01199,0.0130295,0.0010394999999999988
l1-n2-identical-w1,zero_commit,1,2,identical,1,eas_k1_adaptive,eas,1,adaptive,accept_id,47,batch_speedup,3,0.5922002251208369,0.5583026191330441,0.6180507554063395,0.5752514221269405,0.6051254902635882,0.029874068136647725
l1-n2-identical-w1,zero_commit,1,2,identical,1,eas_k1_adaptive,eas,1,adaptive,accept_id,47,selector_speedup,3,0.41666265350349146,0.3762411664728509,0.43450083392899685,0.39645190998817115,0.42558174371624413,0.029129833728072985
l1-n2-identical-w1,zero_commit,1,2,identical,1,eas_k1_adaptive,eas,1,adaptive,accept_id,47,rate_ratio,3,0.5922002251206278,0.5583026191324117,0.6180507554069397,0.5752514221265197,0.6051254902637837,0.02987406813726401
l1-n2-identical-w1,zero_commit,1,2,identical,1,eas_k1_adaptive,eas,1,adaptive,accept_static_degree,47,commit_delta,3,0,0,0,0.0,0.0,0.0
l1-n2-identical-w1,zero_commit,1,2,identical,1,eas_k1_adaptive,eas,1,adaptive,accept_static_degree,47,batch_delta_ms,3,0.012076999999999997,0.0115,0.013920000000000002,0.011788499999999999,0.0129985,0.001210000000000001
l1-n2-identical-w1,zero_commit,1,2,identical,1,eas_k1_adaptive,eas,1,adaptive,accept_static_degree,47,selector_delta_ms,3,0.011843999999999999,0.011806,0.013326,0.011824999999999999,0.012584999999999999,0.0007600000000000003
l1-n2-identical-w1,zero_commit,1,2,identical,1,eas_k1_adaptive,eas,1,adaptive,accept_static_degree,47,batch_speedup,3,0.6024818142918272,0.5391644044229623,0.6249062265566392,0.5708231093573948,0.6136940204242332,0.04287091106683838
l1-n2-identical-w1,zero_commit,1,2,identical,1,eas_k1_adaptive,eas,1,adaptive,accept_static_degree,47,selector_speedup,3,0.42961714423308456,0.4039717327131228,0.4374076721467715,0.4167944384731037,0.43351240818992803,0.01671796971682432
l1-n2-identical-w1,zero_commit,1,2,identical,1,eas_k1_adaptive,eas,1,adaptive,accept_static_degree,47,rate_ratio,3,0.6024818142919384,0.5391644044231104,0.6249062265554189,0.5708231093575244,0.6136940204236787,0.04287091106615426
l1-n2-identical-w1,zero_commit,1,2,identical,1,accept_static_degree,accept_static_degree,,greedy,native,71,commit_delta,3,0,0,0,0.0,0.0,0.0
l1-n2-identical-w1,zero_commit,1,2,identical,1,accept_static_degree,accept_static_degree,,greedy,native,71,batch_delta_ms,3,0.008293,0.008033,0.008713,0.008163,0.008503,0.00034
l1-n2-identical-w1,zero_commit,1,2,identical,1,accept_static_degree,accept_static_degree,,greedy,native,71,selector_delta_ms,3,0.008782,0.008648,0.009249,0.008715,0.0090155,0.0003004999999999987
l1-n2-identical-w1,zero_commit,1,2,identical,1,accept_static_degree,accept_static_degree,,greedy,native,71,batch_speedup,3,0.5395847212969132,0.5209742151850019,0.5485303209127185,0.5302794682409575,0.5440575211048158,0.013778052863858248
l1-n2-identical-w1,zero_commit,1,2,identical,1,accept_static_degree,accept_static_degree,,greedy,native,71,selector_speedup,3,0.0,0.0,0.0,0.0,0.0,0.0
l1-n2-identical-w1,zero_commit,1,2,identical,1,accept_static_degree,accept_static_degree,,greedy,native,71,rate_ratio,3,0.5395847212973858,0.5209742151858615,0.5485303209151217,0.5302794682416236,0.5440575211062537,0.013778052864630075
l1-n2-identical-w1,zero_commit,1,2,identical,1,accept_static_degree,accept_static_degree,,greedy,accept_id,71,commit_delta,3,0,0,0,0.0,0.0,0.0
l1-n2-identical-w1,zero_commit,1,2,identical,1,accept_static_degree,accept_static_degree,,greedy,accept_id,71,batch_delta_ms,3,0.00042199999999999876,0.0003009999999999992,0.0009729999999999982,0.000361499999999999,0.0006974999999999985,0.0003359999999999995
l1-n2-identical-w1,zero_commit,1,2,identical,1,accept_static_degree,accept_static_degree,,greedy,accept_id,71,selector_delta_ms,3,0.0007039999999999998,-0.0005339999999999998,0.0010260000000000009,8.5e-05,0.0008650000000000003,0.0007800000000000003
l1-n2-identical-w1,zero_commit,1,2,identical,1,accept_static_degree,accept_static_degree,,greedy,accept_id,71,batch_speedup,3,0.9765711747723741,0.9453155735401564,0.9834515366430261,0.9609433741562652,0.9800113557077001,0.019067981551434965
l1-n2-identical-w1,zero_commit,1,2,identical,1,accept_static_degree,accept_static_degree,,greedy,accept_id,71,selector_speedup,3,0.919836028239581,0.8890690885501135,1.0617483811285846,0.9044525583948473,0.9907922046840828,0.08633964628923552
l1-n2-identical-w1,zero_commit,1,2,identical,1,accept_static_degree,accept_static_degree,,greedy,accept_id,71,rate_ratio,3,0.9765711747720339,0.9453155735408076,0.9834515366424679,0.9609433741564208,0.980011355707251,0.019067981550830115
l1-n2-identical-w1,zero_commit,1,2,identical,1,accept_id,accept_id,,greedy,native,71,commit_delta,3,0,0,0,0.0,0.0,0.0
l1-n2-identical-w1,zero_commit,1,2,identical,1,accept_id,accept_id,,greedy,native,71,batch_delta_ms,3,0.007871000000000001,0.007060000000000002,0.008412000000000001,0.007465500000000002,0.008141500000000001,0.0006759999999999995
l1-n2-identical-w1,zero_commit,1,2,identical,1,accept_id,accept_id,,greedy,native,71,selector_delta_ms,3,0.008223,0.008078,0.009182,0.0081505,0.008702499999999998,0.0005519999999999987
l1-n2-identical-w1,zero_commit,1,2,identical,1,accept_id,accept_id,,greedy,native,71,batch_speedup,3,0.5525298465036953,0.5297406082289803,0.5802615933412604,0.5411352273663378,0.5663957199224778,0.025260492556140046
l1-n2-identical-w1,zero_commit,1,2,identical,1,accept_id,accept_id,,greedy,native,71,selector_speedup,3,0.0,0.0,0.0,0.0,0.0,0.0
l1-n2-identical-w1,zero_commit,1,2,identical,1,accept_id,accept_id,,greedy,native,71,rate_ratio,3,0.5525298465043715,0.529740608230155,0.5802615933434028,0.5411352273672633,0.5663957199238872,0.02526049255662388
l1-n2-identical-w1,zero_commit,1,2,identical,1,accept_id,accept_id,,greedy,accept_static_degree,71,commit_delta,3,0,0,0,0.0,0.0,0.0
l1-n2-identical-w1,zero_commit,1,2,identical,1,accept_id,accept_id,,greedy,accept_static_degree,71,batch_delta_ms,3,-0.00042199999999999876,-0.0009729999999999982,-0.0003009999999999992,-0.0006974999999999985,-0.000361499999999999,0.0003359999999999995
l1-n2-identical-w1,zero_commit,1,2,identical,1,accept_id,accept_id,,greedy,accept_static_degree,71,selector_delta_ms,3,-0.0007039999999999998,-0.0010260000000000009,0.0005339999999999998,-0.0008650000000000003,-8.5e-05,0.0007800000000000003
l1-n2-identical-w1,zero_commit,1,2,identical,1,accept_id,accept_id,,greedy,accept_static_degree,71,batch_speedup,3,1.0239909039226833,1.0168269230769231,1.057847800237812,1.0204089134998031,1.0409193520802478,0.020510438580444657
l1-n2-identical-w1,zero_commit,1,2,identical,1,accept_id,accept_id,,greedy,accept_static_degree,71,selector_speedup,3,1.0871502847239416,0.9418427357874102,1.1247719810288217,1.0144965102556758,1.1059611328763816,0.09146462262070587
l1-n2-identical-w1,zero_commit,1,2,identical,1,accept_id,accept_id,,greedy,accept_static_degree,71,rate_ratio,3,1.02399090392304,1.0168269230775002,1.0578478002370832,1.02040891350027,1.0409193520800617,0.020510438579791623
l1-n2-identical-w1,zero_commit,1,2,identical,1,eas_k2_adaptive,eas,2,adaptive,native,71,commit_delta,3,-1,-1,-1,-1.0,-1.0,0.0
l1-n2-identical-w1,zero_commit,1,2,identical,1,eas_k2_adaptive,eas,2,adaptive,native,71,batch_delta_ms,3,0.018772999999999998,0.017301999999999998,0.019081,0.018037499999999998,0.018927,0.0008895000000000014
l1-n2-identical-w1,zero_commit,1,2,identical,1,eas_k2_adaptive,eas,2,adaptive,native,71,selector_delta_ms,3,0.020271,0.019738,0.022196,0.0200045,0.021233500000000002,0.001229000000000001
l1-n2-identical-w1,zero_commit,1,2,identical,1,eas_k2_adaptive,eas,2,adaptive,native,71,batch_speedup,3,0.33840712874033496,0.3354455024956636,0.3596832093556863,0.33692631561799924,0.34904516904801064,0.0121188534300114
l1-n2-identical-w1,zero_commit,1,2,identical,1,eas_k2_adaptive,eas,2,adaptive,native,71,selector_speedup,3,0.0,0.0,0.0,0.0,0.0,0.0
l1-n2-identical-w1,zero_commit,1,2,identical,1,eas_k2_adaptive,eas,2,adaptive,native,71,rate_ratio,3,0.0,0.0,0.0,0.0,0.0,0.0
l1-n2-identical-w1,zero_commit,1,2,identical,1,eas_k2_adaptive,eas,2,adaptive,accept_id,71,commit_delta,3,-1,-1,-1,-1.0,-1.0,0.0
l1-n2-identical-w1,zero_commit,1,2,identical,1,eas_k2_adaptive,eas,2,adaptive,accept_id,71,batch_delta_ms,3,0.010360999999999999,0.009430999999999998,0.012020999999999997,0.009895999999999999,0.011190999999999998,0.0012949999999999993
l1-n2-identical-w1,zero_commit,1,2,identical,1,eas_k2_adaptive,eas,2,adaptive,accept_id,71,selector_delta_ms,3,0.012193,0.011515,0.013014000000000001,0.011854,0.0126035,0.0007495000000000002
l1-n2-identical-w1,zero_commit,1,2,identical,1,eas_k2_adaptive,eas,2,adaptive,accept_id,71,batch_speedup,3,0.6332259549010585,0.5831975312922576,0.6509751674623442,0.608211743096658,0.6421005611817013,0.03388881808504329
l1-n2-identical-w1,zero_commit,1,2,identical,1,eas_k2_adaptive,eas,2,adaptive,accept_id,71,selector_speedup,3,0.41367814020544236,0.3985003206551231,0.41660755902320395,0.4060892304302827,0.41514284961432313,0.009053619184040407
l1-n2-identical-w1,zero_commit,1,2,identical,1,eas_k2_adaptive,eas,2,adaptive,accept_id,71,rate_ratio,3,0.0,0.0,0.0,0.0,0.0,0.0
l1-n2-identical-w1,zero_commit,1,2,identical,1,eas_k2_adaptive,eas,2,adaptive,accept_static_degree,71,commit_delta,3,-1,-1,-1,-1.0,-1.0,0.0
l1-n2-identical-w1,zero_commit,1,2,identical,1,eas_k2_adaptive,eas,2,adaptive,accept_static_degree,71,batch_delta_ms,3,0.01006,0.009009,0.011047999999999999,0.0095345,0.010554,0.0010194999999999996
l1-n2-identical-w1,zero_commit,1,2,identical,1,eas_k2_adaptive,eas,2,adaptive,accept_static_degree,71,selector_delta_ms,3,0.011489000000000001,0.010488999999999998,0.013548000000000001,0.010988999999999999,0.012518500000000002,0.001529500000000003
l1-n2-identical-w1,zero_commit,1,2,identical,1,eas_k2_adaptive,eas,2,adaptive,accept_static_degree,71,batch_speedup,3,0.6438811993344897,0.6169342255816372,0.6665926501609859,0.6304077124580635,0.6552369247477379,0.024829212289674385
l1-n2-identical-w1,zero_commit,1,2,identical,1,eas_k2_adaptive,eas,2,adaptive,accept_static_degree,71,selector_speedup,3,0.43322973706279905,0.3896197513065417,0.4685885094741109,0.41142474418467034,0.450909123268455,0.03948437908378466
l1-n2-identical-w1,zero_commit,1,2,identical,1,eas_k2_adaptive,eas,2,adaptive,accept_static_degree,71,rate_ratio,3,0.0,0.0,0.0,0.0,0.0,0.0
l1-n2-identical-w1,zero_commit,1,2,identical,1,native,native,,native,accept_id,71,commit_delta,3,0,0,0,0.0,0.0,0.0
l1-n2-identical-w1,zero_commit,1,2,identical,1,native,native,,native,accept_id,71,batch_delta_ms,3,-0.007871000000000001,-0.008412000000000001,-0.007060000000000002,-0.008141500000000001,-0.007465500000000002,0.0006759999999999995
l1-n2-identical-w1,zero_commit,1,2,identical,1,native,native,,native,accept_id,71,selector_delta_ms,3,-0.008223,-0.009182,-0.008078,-0.008702499999999998,-0.0081505,0.0005519999999999987
l1-n2-identical-w1,zero_commit,1,2,identical,1,native,native,,native,accept_id,71,batch_speedup,3,1.8098569811709024,1.7233606557377052,1.887716336006754,1.7666088184543038,1.8487866585888282,0.08217784013452434
l1-n2-identical-w1,zero_commit,1,2,identical,1,native,native,,native,accept_id,71,selector_speedup,0,,,,,,
l1-n2-identical-w1,zero_commit,1,2,identical,1,native,native,,native,accept_id,71,rate_ratio,3,1.809856981168687,1.7233606557313421,1.887716336002568,1.7666088184500146,1.8487866585856274,0.0821778401356128
l1-n2-identical-w1,zero_commit,1,2,identical,1,native,native,,native,accept_static_degree,71,commit_delta,3,0,0,0,0.0,0.0,0.0
l1-n2-identical-w1,zero_commit,1,2,identical,1,native,native,,native,accept_static_degree,71,batch_delta_ms,3,-0.008293,-0.008713,-0.008033,-0.008503,-0.008163,0.00034
l1-n2-identical-w1,zero_commit,1,2,identical,1,native,native,,native,accept_static_degree,71,selector_delta_ms,3,-0.008782,-0.009249,-0.008648,-0.0090155,-0.008715,0.0003004999999999987
l1-n2-identical-w1,zero_commit,1,2,identical,1,native,native,,native,accept_static_degree,71,batch_speedup,3,1.8532770861199712,1.8230532786885247,1.9194807935837908,1.838165182404248,1.8863789398518809,0.0482137574476329
l1-n2-identical-w1,zero_commit,1,2,identical,1,native,native,,native,accept_static_degree,71,selector_speedup,0,,,,,,
l1-n2-identical-w1,zero_commit,1,2,identical,1,native,native,,native,accept_static_degree,71,rate_ratio,3,1.853277086118348,1.8230532786805376,1.9194807935806235,1.8381651823994427,1.886378939849486,0.04821375745004319
l1-n2-identical-w1,zero_commit,1,2,identical,1,eas_k1_adaptive,eas,1,adaptive,native,71,commit_delta,3,0,0,0,0.0,0.0,0.0
l1-n2-identical-w1,zero_commit,1,2,identical,1,eas_k1_adaptive,eas,1,adaptive,native,71,batch_delta_ms,3,0.019844,0.018831,0.021238,0.0193375,0.020541,0.0012034999999999997
l1-n2-identical-w1,zero_commit,1,2,identical,1,eas_k1_adaptive,eas,1,adaptive,native,71,selector_delta_ms,3,0.02137,0.01946,0.021548,0.020415000000000003,0.021459,0.0010439999999999963
l1-n2-identical-w1,zero_commit,1,2,identical,1,eas_k1_adaptive,eas,1,adaptive,native,71,batch_speedup,3,0.3231923601637108,0.31395161029815555,0.3413661641775384,0.31857198523093316,0.3322792621706246,0.013707276939691426
l1-n2-identical-w1,zero_commit,1,2,identical,1,eas_k1_adaptive,eas,1,adaptive,native,71,selector_speedup,3,0.0,0.0,0.0,0.0,0.0,0.0
l1-n2-identical-w1,zero_commit,1,2,identical,1,eas_k1_adaptive,eas,1,adaptive,native,71,rate_ratio,3,0.32319236016457303,0.3139516102986161,0.34136616417869076,0.3185719852315946,0.3322792621716319,0.013707276940037316
l1-n2-identical-w1,zero_commit,1,2,identical,1,eas_k1_adaptive,eas,1,adaptive,accept_id,71,commit_delta,3,0,0,0,0.0,0.0,0.0
l1-n2-identical-w1,zero_commit,1,2,identical,1,eas_k1_adaptive,eas,1,adaptive,accept_id,71,batch_delta_ms,3,0.011770999999999997,0.011431999999999998,0.013366999999999997,0.011601499999999997,0.012568999999999997,0.0009674999999999996
l1-n2-identical-w1,zero_commit,1,2,identical,1,eas_k1_adaptive,eas,1,adaptive,accept_id,71,selector_delta_ms,3,0.013292,0.010278000000000002,0.013325000000000002,0.011785,0.013308500000000001,0.0015235000000000005
l1-n2-identical-w1,zero_commit,1,2,identical,1,eas_k1_adaptive,eas,1,adaptive,accept_id,71,batch_speedup,3,0.5882970165436677,0.5682075136479634,0.6100954979536154,0.5782522650958155,0.5991962572486416,0.020943992152826052
l1-n2-identical-w1,zero_commit,1,2,identical,1,eas_k1_adaptive,eas,1,adaptive,accept_id,71,selector_speedup,3,0.38161314275106734,0.37800655124005617,0.4718396711202466,0.37980984699556175,0.426726406935657,0.04691655994009525
l1-n2-identical-w1,zero_commit,1,2,identical,1,eas_k1_adaptive,eas,1,adaptive,accept_id,71,rate_ratio,3,0.5882970165434814,0.5682075136481014,0.6100954979538901,0.5782522650957914,0.5991962572486857,0.02094399215289433
l1-n2-identical-w1,zero_commit,1,2,identical,1,eas_k1_adaptive,eas,1,adaptive,accept_static_degree,71,commit_delta,3,0,0,0,0.0,0.0,0.0
l1-n2-identical-w1,zero_commit,1,2,identical,1,eas_k1_adaptive,eas,1,adaptive,accept_static_degree,71,batch_delta_ms,3,0.011130999999999999,0.010797999999999999,0.012944999999999998,0.010964499999999999,0.012037999999999998,0.0010734999999999998
l1-n2-identical-w1,zero_commit,1,2,identical,1,eas_k1_adaptive,eas,1,adaptive,accept_static_degree,71,selector_delta_ms,3,0.012299000000000001,0.010812000000000002,0.012588,0.011555500000000002,0.0124435,0.0008879999999999982
l1-n2-identical-w1,zero_commit,1,2,identical,1,eas_k1_adaptive,eas,1,adaptive,accept_static_degree,71,batch_speedup,3,0.6203615279672579,0.5818393255160385,0.6223287048371866,0.6011004267416482,0.6213451164022222,0.020244689660574022
l1-n2-identical-w1,zero_commit,1,2,identical,1,eas_k1_adaptive,eas,1,adaptive,accept_static_degree,71,selector_speedup,3,0.42922777055875255,0.41094992980814227,0.44439876670092493,0.42008885018344744,0.4368132686298387,0.016724418446391276
l1-n2-identical-w1,zero_commit,1,2,identical,1,eas_k1_adaptive,eas,1,adaptive,accept_static_degree,71,rate_ratio,3,0.6203615279678893,0.5818393255163824,0.6223287048365608,0.6011004267421358,0.621345116402225,0.020244689660089188
l1-n2-identical-w1,zero_commit,1,2,identical,1,eas_k1_adaptive,eas,1,adaptive,native,101,commit_delta,3,0,0,0,0.0,0.0,0.0
l1-n2-identical-w1,zero_commit,1,2,identical,1,eas_k1_adaptive,eas,1,adaptive,native,101,batch_delta_ms,3,0.021265,0.020152,0.022065,0.020708499999999998,0.021665,0.0009565000000000025
l1-n2-identical-w1,zero_commit,1,2,identical,1,eas_k1_adaptive,eas,1,adaptive,native,101,selector_delta_ms,3,0.02013,0.019975,0.020431,0.0200525,0.0202805,0.00022799999999999904
l1-n2-identical-w1,zero_commit,1,2,identical,1,eas_k1_adaptive,eas,1,adaptive,native,101,batch_speedup,3,0.24959189225955652,0.23898650824893533,0.3185906539527964,0.24428920025424594,0.28409127310617643,0.03980207285193049
l1-n2-identical-w1,zero_commit,1,2,identical,1,eas_k1_adaptive,eas,1,adaptive,native,101,selector_speedup,3,0.0,0.0,0.0,0.0,0.0,0.0
l1-n2-identical-w1,zero_commit,1,2,identical,1,eas_k1_adaptive,eas,1,adaptive,native,101,rate_ratio,3,0.24959189225904868,0.2389865082496427,0.3185906539515373,0.2442892002543457,0.284091273105293,0.03980207285094728
l1-n2-identical-w1,zero_commit,1,2,identical,1,eas_k1_adaptive,eas,1,adaptive,accept_id,101,commit_delta,3,0,0,0,0.0,0.0,0.0
l1-n2-identical-w1,zero_commit,1,2,identical,1,eas_k1_adaptive,eas,1,adaptive,accept_id,101,batch_delta_ms,3,0.011723999999999998,0.011264,0.012131,0.011493999999999999,0.011927499999999999,0.00043349999999999986
l1-n2-identical-w1,zero_commit,1,2,identical,1,eas_k1_adaptive,eas,1,adaptive,accept_id,101,selector_delta_ms,3,0.011706,0.01135,0.011791999999999999,0.011528,0.011748999999999999,0.00022099999999999898
l1-n2-identical-w1,zero_commit,1,2,identical,1,eas_k1_adaptive,eas,1,adaptive,accept_id,101,batch_speedup,3,0.6035707039967539,0.5658662276777726,0.6169228676370562,0.5847184658372633,0.6102467858169051,0.025528319979641778
l1-n2-identical-w1,zero_commit,1,2,identical,1,eas_k1_adaptive,eas,1,adaptive,accept_id,101,selector_speedup,3,0.4142076502732241,0.41396745932415524,0.4444716362390485,0.41408755479868964,0.42933964325613627,0.015252088457446633
l1-n2-identical-w1,zero_commit,1,2,identical,1,eas_k1_adaptive,eas,1,adaptive,accept_id,101,rate_ratio,3,0.6035707039957882,0.5658662276782338,0.6169228676375517,0.584718465837011,0.6102467858166699,0.025528319979658876
l1-n2-identical-w1,zero_commit,1,2,identical,1,eas_k1_adaptive,eas,1,adaptive,accept_static_degree,101,commit_delta,3,0,0,0,0.0,0.0,0.0
l1-n2-identical-w1,zero_commit,1,2,identical,1,eas_k1_adaptive,eas,1,adaptive,accept_static_degree,101,batch_delta_ms,3,0.011056,0.010717,0.011201,0.0108865,0.0111285,0.00024199999999999916
l1-n2-identical-w1,zero_commit,1,2,identical,1,eas_k1_adaptive,eas,1,adaptive,accept_static_degree,101,selector_delta_ms,3,0.010891999999999999,0.010605999999999999,0.011072000000000002,0.010748999999999998,0.010982,0.0002330000000000023
l1-n2-identical-w1,zero_commit,1,2,identical,1,eas_k1_adaptive,eas,1,adaptive,accept_static_degree,101,batch_speedup,3,0.6212551565564347,0.604337401138031,0.6355257788056047,0.6127962788472329,0.6283904676810197,0.015594188833786826
l1-n2-identical-w1,zero_commit,1,2,identical,1,eas_k1_adaptive,eas,1,adaptive,accept_static_degree,101,selector_speedup,3,0.4589170392449081,0.4580784102589202,0.46903629536921154,0.4584977247519142,0.46397666730705983,0.005478942555145638
l1-n2-identical-w1,zero_commit,1,2,identical,1,eas_k1_adaptive,eas,1,adaptive,accept_static_degree,101,rate_ratio,3,0.6212551565556225,0.6043374011389465,0.6355257788052043,0.6127962788472845,0.6283904676804134,0.015594188833128908
l1-n2-identical-w1,zero_commit,1,2,identical,1,native,native,,native,accept_id,101,commit_delta,3,0,0,0,0.0,0.0,0.0
l1-n2-identical-w1,zero_commit,1,2,identical,1,native,native,,native,accept_id,101,batch_delta_ms,3,-0.009134,-0.010801,-0.008428000000000001,-0.0099675,-0.008781,0.0011865
l1-n2-identical-w1,zero_commit,1,2,identical,1,native,native,,native,accept_id,101,selector_delta_ms,3,-0.008338,-0.009081,-0.008269,-0.0087095,-0.0083035,0.0004060000000000001
l1-n2-identical-w1,zero_commit,1,2,identical,1,native,native,,native,accept_id,101,batch_speedup,3,2.3677747828691227,1.8945022288261517,2.471726393241586,2.131138505847637,2.4197505880553543,0.28861208220771717
l1-n2-identical-w1,zero_commit,1,2,identical,1,native,native,,native,accept_id,101,selector_speedup,0,,,,,,
l1-n2-identical-w1,zero_commit,1,2,identical,1,native,native,,native,accept_id,101,rate_ratio,3,2.367774782864044,1.8945022288306073,2.4717263932486007,2.131138505847326,2.4197505880563224,0.2886120822089966
l1-n2-identical-w1,zero_commit,1,2,identical,1,native,native,,native,accept_static_degree,101,commit_delta,3,0,0,0,0.0,0.0,0.0
l1-n2-identical-w1,zero_commit,1,2,identical,1,native,native,,native,accept_static_degree,101,batch_delta_ms,3,-0.010209,-0.011347999999999999,-0.008951,-0.0107785,-0.00958,0.0011985
l1-n2-identical-w1,zero_commit,1,2,identical,1,native,native,,native,accept_static_degree,101,selector_delta_ms,3,-0.009359,-0.009369,-0.009238,-0.009364,-0.0092985,6.550000000000132e-05
l1-n2-identical-w1,zero_commit,1,2,identical,1,native,native,,native,accept_static_degree,101,batch_speedup,3,2.528751123090746,1.9500106134578647,2.5462597084071397,2.2393808682743055,2.5375054157489427,0.29812454747463724
l1-n2-identical-w1,zero_commit,1,2,identical,1,native,native,,native,accept_static_degree,101,selector_speedup,0,,,,,,
l1-n2-identical-w1,zero_commit,1,2,identical,1,native,native,,native,accept_static_degree,101,rate_ratio,3,2.528751123087092,1.9500106134630215,2.5462597084107172,2.239380868275057,2.5375054157489045,0.29812454747384765
l1-n2-identical-w1,zero_commit,1,2,identical,1,eas_k2_adaptive,eas,2,adaptive,native,101,commit_delta,3,-1,-1,-1,-1.0,-1.0,0.0
l1-n2-identical-w1,zero_commit,1,2,identical,1,eas_k2_adaptive,eas,2,adaptive,native,101,batch_delta_ms,3,0.0202,0.019355,0.021339999999999998,0.0197775,0.020769999999999997,0.0009924999999999969
l1-n2-identical-w1,zero_commit,1,2,identical,1,eas_k2_adaptive,eas,2,adaptive,native,101,selector_delta_ms,3,0.020179,0.02008,0.02025,0.0201295,0.0202145,8.499999999999827e-05
l1-n2-identical-w1,zero_commit,1,2,identical,1,eas_k2_adaptive,eas,2,adaptive,native,101,batch_speedup,3,0.255901530736776,0.2484559863085051,0.32741425443930916,0.25217875852264054,0.2916578925880426,0.039479134065402044
l1-n2-identical-w1,zero_commit,1,2,identical,1,eas_k2_adaptive,eas,2,adaptive,native,101,selector_speedup,3,0.0,0.0,0.0,0.0,0.0,0.0
l1-n2-identical-w1,zero_commit,1,2,identical,1,eas_k2_adaptive,eas,2,adaptive,native,101,rate_ratio,3,0.0,0.0,0.0,0.0,0.0,0.0
l1-n2-identical-w1,zero_commit,1,2,identical,1,eas_k2_adaptive,eas,2,adaptive,accept_id,101,commit_delta,3,-1,-1,-1,-1.0,-1.0,0.0
l1-n2-identical-w1,zero_commit,1,2,identical,1,eas_k2_adaptive,eas,2,adaptive,accept_id,101,batch_delta_ms,3,0.010927,0.010539,0.011066,0.010733,0.0109965,0.00026349999999999985
l1-n2-identical-w1,zero_commit,1,2,identical,1,eas_k2_adaptive,eas,2,adaptive,accept_id,101,selector_delta_ms,3,0.011742,0.011169,0.011909999999999999,0.0114555,0.011826,0.0003704999999999993
l1-n2-identical-w1,zero_commit,1,2,identical,1,eas_k2_adaptive,eas,2,adaptive,accept_id,101,batch_speedup,3,0.6202870347847239,0.5882878190341543,0.6325185675930123,0.6042874269094392,0.626402801188868,0.02211537427942889
l1-n2-identical-w1,zero_commit,1,2,identical,1,eas_k2_adaptive,eas,2,adaptive,accept_id,101,selector_speedup,3,0.41523904382470117,0.4097824470984687,0.4484444444444445,0.41251074546158495,0.4318417441345728,0.019330998672987876
l1-n2-identical-w1,zero_commit,1,2,identical,1,eas_k2_adaptive,eas,2,adaptive,accept_id,101,rate_ratio,3,0.0,0.0,0.0,0.0,0.0,0.0
l1-n2-identical-w1,zero_commit,1,2,identical,1,eas_k2_adaptive,eas,2,adaptive,accept_static_degree,101,commit_delta,3,-1,-1,-1,-1.0,-1.0,0.0
l1-n2-identical-w1,zero_commit,1,2,identical,1,eas_k2_adaptive,eas,2,adaptive,accept_static_degree,101,batch_delta_ms,3,0.009992000000000001,0.009991,0.010404,0.0099915,0.010198,0.00020650000000000009
l1-n2-identical-w1,zero_commit,1,2,identical,1,eas_k2_adaptive,eas,2,adaptive,accept_static_degree,101,selector_delta_ms,3,0.010842000000000001,0.010809999999999998,0.010891000000000001,0.010825999999999999,0.010866500000000001,4.050000000000234e-05
l1-n2-identical-w1,zero_commit,1,2,identical,1,eas_k2_adaptive,eas,2,adaptive,accept_static_degree,101,batch_speedup,3,0.6384612711540466,0.6282833544162512,0.6515917570347641,0.6333723127851489,0.6450265140944054,0.011654201309256429
l1-n2-identical-w1,zero_commit,1,2,identical,1,eas_k2_adaptive,eas,2,adaptive,accept_static_degree,101,selector_speedup,3,0.4621728395061728,0.4600597609561753,0.46429456365528526,0.461116300231174,0.463233701580729,0.002117401349555015
l1-n2-identical-w1,zero_commit,1,2,identical,1,eas_k2_adaptive,eas,2,adaptive,accept_static_degree,101,rate_ratio,3,0.0,0.0,0.0,0.0,0.0,0.0
l1-n2-identical-w1,zero_commit,1,2,identical,1,accept_id,accept_id,,greedy,native,101,commit_delta,3,0,0,0,0.0,0.0,0.0
l1-n2-identical-w1,zero_commit,1,2,identical,1,accept_id,accept_id,,greedy,native,101,batch_delta_ms,3,0.009134,0.008428000000000001,0.010801,0.008781,0.0099675,0.0011865
l1-n2-identical-w1,zero_commit,1,2,identical,1,accept_id,accept_id,,greedy,native,101,selector_delta_ms,3,0.008338,0.008269,0.009081,0.0083035,0.0087095,0.0004060000000000001
l1-n2-identical-w1,zero_commit,1,2,identical,1,accept_id,accept_id,,greedy,native,101,batch_speedup,3,0.42233746521629145,0.4045755237045204,0.527843137254902,0.4134564944604059,0.4750903012355967,0.061633806775190814
l1-n2-identical-w1,zero_commit,1,2,identical,1,accept_id,accept_id,,greedy,native,101,selector_speedup,3,0.0,0.0,0.0,0.0,0.0,0.0
l1-n2-identical-w1,zero_commit,1,2,identical,1,accept_id,accept_id,,greedy,native,101,rate_ratio,3,0.4223374652171972,0.40457552370337224,0.5278431372536605,0.41345649446028476,0.47509030123542884,0.06163380677514407
l1-n2-identical-w1,zero_commit,1,2,identical,1,accept_id,accept_id,,greedy,accept_static_degree,101,commit_delta,3,0,0,0,0.0,0.0,0.0
l1-n2-identical-w1,zero_commit,1,2,identical,1,accept_id,accept_id,,greedy,accept_static_degree,101,batch_delta_ms,3,-0.0005469999999999989,-0.0010749999999999996,-0.0005229999999999992,-0.0008109999999999992,-0.000534999999999999,0.0002760000000000002
l1-n2-identical-w1,zero_commit,1,2,identical,1,accept_id,accept_id,,greedy,accept_static_degree,101,selector_delta_ms,3,-0.0008999999999999998,-0.0011000000000000003,-0.00027799999999999873,-0.001,-0.0005889999999999992,0.0004110000000000008
l1-n2-identical-w1,zero_commit,1,2,identical,1,accept_id,accept_id,,greedy,accept_static_degree,101,batch_speedup,3,1.030154355016538,1.0292997198879552,1.0679863394889957,1.0297270374522465,1.049070347252767,0.01934330980052046
l1-n2-identical-w1,zero_commit,1,2,identical,1,accept_id,accept_id,,greedy,accept_static_degree,101,selector_speedup,3,1.107939553849844,1.0306133685717431,1.1330269681944614,1.0692764612107934,1.1204832610221527,0.05120679981135923
l1-n2-identical-w1,zero_commit,1,2,identical,1,accept_id,accept_id,,greedy,accept_static_degree,101,rate_ratio,3,1.0301543550150618,1.0292997198882565,1.0679863394897433,1.0297270374516592,1.0490703472524026,0.01934330980074339
l1-n2-identical-w1,zero_commit,1,2,identical,1,accept_static_degree,accept_static_degree,,greedy,native,101,commit_delta,3,0,0,0,0.0,0.0,0.0
l1-n2-identical-w1,zero_commit,1,2,identical,1,accept_static_degree,accept_static_degree,,greedy,native,101,batch_delta_ms,3,0.010209,0.008951,0.011347999999999999,0.00958,0.0107785,0.0011985
l1-n2-identical-w1,zero_commit,1,2,identical,1,accept_static_degree,accept_static_degree,,greedy,native,101,selector_delta_ms,3,0.009359,0.009238,0.009369,0.0092985,0.009364,6.550000000000132e-05
l1-n2-identical-w1,zero_commit,1,2,identical,1,accept_static_degree,accept_static_degree,,greedy,native,101,batch_speedup,3,0.3954521229348019,0.39273291593086107,0.512817721656779,0.3940925194328315,0.45413492229579044,0.06004240286295892
l1-n2-identical-w1,zero_commit,1,2,identical,1,accept_static_degree,accept_static_degree,,greedy,native,101,selector_speedup,3,0.0,0.0,0.0,0.0,0.0,0.0
l1-n2-identical-w1,zero_commit,1,2,identical,1,accept_static_degree,accept_static_degree,,greedy,native,101,rate_ratio,3,0.3954521229353733,0.3927329159303093,0.5128177216554227,0.3940925194328413,0.454134922295398,0.06004240286255669
l1-n2-identical-w1,zero_commit,1,2,identical,1,accept_static_degree,accept_static_degree,,greedy,accept_id,101,commit_delta,3,0,0,0,0.0,0.0,0.0
l1-n2-identical-w1,zero_commit,1,2,identical,1,accept_static_degree,accept_static_degree,,greedy,accept_id,101,batch_delta_ms,3,0.0005469999999999989,0.0005229999999999992,0.0010749999999999996,0.000534999999999999,0.0008109999999999992,0.0002760000000000002
l1-n2-identical-w1,zero_commit,1,2,identical,1,accept_static_degree,accept_static_degree,,greedy,accept_id,101,selector_delta_ms,3,0.0008999999999999998,0.00027799999999999873,0.0011000000000000003,0.0005889999999999992,0.001,0.0004110000000000008
l1-n2-identical-w1,zero_commit,1,2,identical,1,accept_static_degree,accept_static_degree,,greedy,accept_id,101,batch_speedup,3,0.9707283138010382,0.9363415645170842,0.9715343166603169,0.9535349391590612,0.9711313152306775,0.01759637607161635
l1-n2-identical-w1,zero_commit,1,2,identical,1,accept_static_degree,accept_static_degree,,greedy,accept_id,101,selector_speedup,3,0.9025763152197446,0.882591525242822,0.9702959717918582,0.8925839202312833,0.9364361435058014,0.0438522232745181
l1-n2-identical-w1,zero_commit,1,2,identical,1,accept_static_degree,accept_static_degree,,greedy,accept_id,101,rate_ratio,3,0.9707283138024293,0.9363415645164288,0.9715343166600324,0.953534939159429,0.9711313152312309,0.017596376071801867
l2-n32-identical-w1,control,2,32,identical,1,eas_k1_lazy,eas,1,lazy,eas_k1_graph,11,commit_delta,3,0,0,0,0.0,0.0,0.0
l2-n32-identical-w1,control,2,32,identical,1,eas_k1_lazy,eas,1,lazy,eas_k1_graph,11,batch_delta_ms,3,-0.021715000000000012,-0.023854,-0.008097999999999994,-0.022784500000000006,-0.014906500000000003,0.007878000000000003
l2-n32-identical-w1,control,2,32,identical,1,eas_k1_lazy,eas,1,lazy,eas_k1_graph,11,selector_delta_ms,3,-0.02178100000000001,-0.022874000000000005,-0.008421999999999999,-0.022327500000000007,-0.015101500000000004,0.007226000000000003
l2-n32-identical-w1,control,2,32,identical,1,eas_k1_lazy,eas,1,lazy,eas_k1_graph,11,batch_speedup,3,1.188581750601395,1.0619923600425631,1.2049524005911263,1.1252870553219791,1.1967670755962607,0.07148002027428157
l2-n32-identical-w1,control,2,32,identical,1,eas_k1_lazy,eas,1,lazy,eas_k1_graph,11,selector_speedup,3,1.242094499216397,1.0801316816045365,1.2526006581708153,1.1611130904104667,1.2473475786936061,0.0862344882831394
l2-n32-identical-w1,control,2,32,identical,1,eas_k1_lazy,eas,1,lazy,eas_k1_graph,11,rate_ratio,3,1.1885817506014933,1.0619923600437193,1.2049524005913679,1.1252870553226062,1.1967670755964306,0.07148002027382439
l2-n32-identical-w1,control,2,32,identical,1,eas_k1_adaptive,eas,1,adaptive,eas_k1_graph,11,commit_delta,3,0,0,0,0.0,0.0,0.0
l2-n32-identical-w1,control,2,32,identical,1,eas_k1_adaptive,eas,1,adaptive,eas_k1_graph,11,batch_delta_ms,3,-0.015453000000000008,-0.018961000000000006,-0.013274999999999981,-0.017207000000000007,-0.014363999999999995,0.002843000000000012
l2-n32-identical-w1,control,2,32,identical,1,eas_k1_adaptive,eas,1,adaptive,eas_k1_graph,11,selector_delta_ms,3,-0.015918,-0.017020000000000007,-0.013289999999999996,-0.016469000000000004,-0.014603999999999999,0.0018650000000000055
l2-n32-identical-w1,control,2,32,identical,1,eas_k1_adaptive,eas,1,adaptive,eas_k1_graph,11,batch_speedup,3,1.127278417935772,1.1058173644102922,1.1563394101301936,1.116547891173032,1.1418089140329828,0.0252610228599508
l2-n32-identical-w1,control,2,32,identical,1,eas_k1_adaptive,eas,1,adaptive,eas_k1_graph,11,selector_speedup,3,1.1661031805659905,1.1325897400083804,1.1765413658617543,1.1493464602871855,1.1713222732138724,0.021975812926686933
l2-n32-identical-w1,control,2,32,identical,1,eas_k1_adaptive,eas,1,adaptive,eas_k1_graph,11,rate_ratio,3,1.127278417935907,1.1058173644102713,1.1563394101301911,1.1165478911730893,1.141808914033049,0.02526102285995968
l2-n32-identical-w1,control,2,32,identical,1,eas_k1_profile,eas,1,profile,eas_k1_graph,11,commit_delta,3,0,0,0,0.0,0.0,0.0
l2-n32-identical-w1,control,2,32,identical,1,eas_k1_profile,eas,1,profile,eas_k1_graph,11,batch_delta_ms,3,-0.03176799999999999,-0.03614200000000001,-0.027489000000000013,-0.033955,-0.029628500000000002,0.004326499999999997
l2-n32-identical-w1,control,2,32,identical,1,eas_k1_profile,eas,1,profile,eas_k1_graph,11,selector_delta_ms,3,-0.031559000000000004,-0.033806,-0.027506000000000003,-0.0326825,-0.029532500000000003,0.00315
l2-n32-identical-w1,control,2,32,identical,1,eas_k1_profile,eas,1,profile,eas_k1_graph,11,batch_speedup,3,1.2970110042165688,1.2513280000000002,1.3471853986551394,1.2741695021082844,1.3220982014358542,0.047928699327569824
l2-n32-identical-w1,control,2,32,identical,1,eas_k1_profile,eas,1,profile,eas_k1_graph,11,selector_speedup,3,1.385030195815287,1.3265039646740422,1.4245811459144457,1.3557670802446646,1.4048056708648664,0.04903859062020177
l2-n32-identical-w1,control,2,32,identical,1,eas_k1_profile,eas,1,profile,eas_k1_graph,11,rate_ratio,3,1.2970110042169196,1.2513280000004037,1.347185398655155,1.2741695021086616,1.3220982014360372,0.047928699327375535
l2-n32-identical-w1,control,2,32,identical,1,eas_k1_profile,eas,1,profile,eas_k1_graph,29,commit_delta,3,0,0,0,0.0,0.0,0.0
l2-n32-identical-w1,control,2,32,identical,1,eas_k1_profile,eas,1,profile,eas_k1_graph,29,batch_delta_ms,3,-0.03408399999999999,-0.039096000000000006,-0.02867799999999998,-0.03659,-0.031380999999999985,0.005209000000000012
l2-n32-identical-w1,control,2,32,identical,1,eas_k1_profile,eas,1,profile,eas_k1_graph,29,selector_delta_ms,3,-0.033774,-0.039442000000000005,-0.029655,-0.036608,-0.0317145,0.004893500000000002
l2-n32-identical-w1,control,2,32,identical,1,eas_k1_profile,eas,1,profile,eas_k1_graph,29,batch_speedup,3,1.3210988431246937,1.2584465091967592,1.3694226589813854,1.2897726761607264,1.3452607510530394,0.055488074892313
l2-n32-identical-w1,control,2,32,identical,1,eas_k1_profile,eas,1,profile,eas_k1_graph,29,selector_speedup,3,1.420362188063974,1.3506438224965416,1.4928155533898095,1.385503005280258,1.456588870726892,0.07108586544663398
l2-n32-identical-w1,control,2,32,identical,1,eas_k1_profile,eas,1,profile,eas_k1_graph,29,rate_ratio,3,1.3210988431254953,1.2584465091975552,1.3694226589809526,1.2897726761615251,1.345260751053224,0.055488074891698824
l2-n32-identical-w1,control,2,32,identical,1,eas_k1_adaptive,eas,1,adaptive,eas_k1_graph,29,commit_delta,3,0,0,0,0.0,0.0,0.0
l2-n32-identical-w1,control,2,32,identical,1,eas_k1_adaptive,eas,1,adaptive,eas_k1_graph,29,batch_delta_ms,3,-0.015638,-0.015811999999999993,-0.010332999999999981,-0.015724999999999996,-0.01298549999999999,0.002739500000000006
l2-n32-identical-w1,control,2,32,identical,1,eas_k1_adaptive,eas,1,adaptive,eas_k1_graph,29,selector_delta_ms,3,-0.01579,-0.016335000000000002,-0.010817999999999994,-0.0160625,-0.013303999999999996,0.002758500000000004
l2-n32-identical-w1,control,2,32,identical,1,eas_k1_adaptive,eas,1,adaptive,eas_k1_graph,29,batch_speedup,3,1.122465418157597,1.07990998236768,1.125511661877779,1.1011877002626385,1.123988540017688,0.02280083975504965
l2-n32-identical-w1,control,2,32,identical,1,eas_k1_adaptive,eas,1,adaptive,eas_k1_graph,29,selector_speedup,3,1.158375427812412,1.1046127067014795,1.160583347740748,1.1314940672569458,1.1594793877765799,0.027985320519634094
l2-n32-identical-w1,control,2,32,identical,1,eas_k1_adaptive,eas,1,adaptive,eas_k1_graph,29,rate_ratio,3,1.1224654181570715,1.0799099823683491,1.1255116618776393,1.1011877002627104,1.1239885400173555,0.022800839754645086
l2-n32-identical-w1,control,2,32,identical,1,eas_k1_lazy,eas,1,lazy,eas_k1_graph,29,commit_delta,3,0,0,0,0.0,0.0,0.0
l2-n32-identical-w1,control,2,32,identical,1,eas_k1_lazy,eas,1,lazy,eas_k1_graph,29,batch_delta_ms,3,-0.020246999999999987,-0.027482999999999994,-0.01722,-0.02386499999999999,-0.018733499999999993,0.005131499999999997
l2-n32-identical-w1,control,2,32,identical,1,eas_k1_lazy,eas,1,lazy,eas_k1_graph,29,selector_delta_ms,3,-0.022161,-0.026881000000000002,-0.016779000000000002,-0.024521,-0.01947,0.005051
l2-n32-identical-w1,control,2,32,identical,1,eas_k1_lazy,eas,1,lazy,eas_k1_graph,29,batch_speedup,3,1.1695813859992963,1.1399863427958248,1.2340113927607435,1.1547838643975605,1.2017963893800199,0.047012524982459336
l2-n32-identical-w1,control,2,32,identical,1,eas_k1_lazy,eas,1,lazy,eas_k1_graph,29,selector_speedup,3,1.2407051386490273,1.1723751797822066,1.2903072520114478,1.206540159215617,1.2655061953302376,0.05896603611462048
l2-n32-identical-w1,control,2,32,identical,1,eas_k1_lazy,eas,1,lazy,eas_k1_graph,29,rate_ratio,3,1.1695813859999646,1.1399863427968537,1.2340113927600296,1.1547838643984092,1.201796389379997,0.04701252498158781
l2-n32-identical-w1,control,2,32,identical,1,eas_k1_adaptive,eas,1,adaptive,eas_k1_graph,47,commit_delta,3,0,0,0,0.0,0.0,0.0
l2-n32-identical-w1,control,2,32,identical,1,eas_k1_adaptive,eas,1,adaptive,eas_k1_graph,47,batch_delta_ms,3,-0.020526000000000003,-0.028300000000000006,-0.012561000000000017,-0.024413000000000004,-0.01654350000000001,0.007869499999999995
l2-n32-identical-w1,control,2,32,identical,1,eas_k1_adaptive,eas,1,adaptive,eas_k1_graph,47,selector_delta_ms,3,-0.020471000000000003,-0.021135,-0.012619999999999992,-0.020803000000000002,-0.016545499999999998,0.004257500000000004
l2-n32-identical-w1,control,2,32,identical,1,eas_k1_adaptive,eas,1,adaptive,eas_k1_graph,47,batch_speedup,3,1.167311971698959,1.0986546028604416,1.2298365155809667,1.1329832872797003,1.198574243639963,0.06559095636026258
l2-n32-identical-w1,control,2,32,identical,1,eas_k1_adaptive,eas,1,adaptive,eas_k1_graph,47,selector_speedup,3,1.2112655706575024,1.124204041060163,1.2152788388082505,1.1677348058588328,1.2132722047328763,0.04553739887404351
l2-n32-identical-w1,control,2,32,identical,1,eas_k1_adaptive,eas,1,adaptive,eas_k1_graph,47,rate_ratio,3,1.1673119716997706,1.098654602860412,1.2298365155804774,1.1329832872800913,1.1985742436401239,0.06559095636003254
l2-n32-identical-w1,control,2,32,identical,1,eas_k1_lazy,eas,1,lazy,eas_k1_graph,47,commit_delta,3,0,0,0,0.0,0.0,0.0
l2-n32-identical-w1,control,2,32,identical,1,eas_k1_lazy,eas,1,lazy,eas_k1_graph,47,batch_delta_ms,3,-0.014905000000000002,-0.032877,-0.0067929999999999935,-0.023891000000000003,-0.010848999999999998,0.013042000000000005
l2-n32-identical-w1,control,2,32,identical,1,eas_k1_lazy,eas,1,lazy,eas_k1_graph,47,selector_delta_ms,3,-0.016560999999999992,-0.027458999999999997,-0.006953000000000001,-0.022009999999999995,-0.011756999999999997,0.010252999999999998
l2-n32-identical-w1,control,2,32,identical,1,eas_k1_lazy,eas,1,lazy,eas_k1_graph,47,batch_speedup,3,1.1192600356859952,1.0497969416628792,1.2773166658231692,1.084528488674437,1.198288350754582,0.11375986208014499
l2-n32-identical-w1,control,2,32,identical,1,eas_k1_lazy,eas,1,lazy,eas_k1_graph,47,selector_speedup,3,1.1695677103597977,1.0629715165511933,1.2989515628572361,1.1162696134554955,1.2342596366085168,0.11799002315302132
l2-n32-identical-w1,control,2,32,identical,1,eas_k1_lazy,eas,1,lazy,eas_k1_graph,47,rate_ratio,3,1.11926003568611,1.0497969416633066,1.277316665823443,1.0845284886747084,1.1982883507547766,0.11375986208006816
l2-n32-identical-w1,control,2,32,identical,1,eas_k1_profile,eas,1,profile,eas_k1_graph,47,commit_delta,3,0,0,0,0.0,0.0,0.0
l2-n32-identical-w1,control,2,32,identical,1,eas_k1_profile,eas,1,profile,eas_k1_graph,47,batch_delta_ms,3,-0.033929000000000015,-0.04183600000000001,-0.028790999999999997,-0.03788250000000001,-0.031360000000000006,0.0065225000000000075
l2-n32-identical-w1,control,2,32,identical,1,eas_k1_profile,eas,1,profile,eas_k1_graph,47,selector_delta_ms,3,-0.03464299999999999,-0.036359,-0.030827999999999994,-0.035501,-0.032735499999999994,0.002765500000000004
l2-n32-identical-w1,control,2,32,identical,1,eas_k1_profile,eas,1,profile,eas_k1_graph,47,batch_speedup,3,1.3202208484734086,1.2516343867990491,1.381732743282084,1.2859276176362289,1.3509767958777463,0.06504917824151746
l2-n32-identical-w1,control,2,32,identical,1,eas_k1_profile,eas,1,profile,eas_k1_graph,47,selector_speedup,3,1.435301065540812,1.3562283337185115,1.4383190076069006,1.3957646996296618,1.4368100365738563,0.041045336944194544
l2-n32-identical-w1,control,2,32,identical,1,eas_k1_profile,eas,1,profile,eas_k1_graph,47,rate_ratio,3,1.320220848473232,1.2516343867991044,1.381732743281192,1.2859276176361683,1.350976795877212,0.06504917824104384
l2-n32-identical-w1,control,2,32,identical,1,eas_k1_profile,eas,1,profile,eas_k1_graph,71,commit_delta,3,0,0,0,0.0,0.0,0.0
l2-n32-identical-w1,control,2,32,identical,1,eas_k1_profile,eas,1,profile,eas_k1_graph,71,batch_delta_ms,3,-0.03493700000000001,-0.03696100000000001,-0.028383999999999993,-0.03594900000000001,-0.0316605,0.004288500000000008
l2-n32-identical-w1,control,2,32,identical,1,eas_k1_profile,eas,1,profile,eas_k1_graph,71,selector_delta_ms,3,-0.034286,-0.03931699999999999,-0.03139199999999999,-0.036801499999999994,-0.03283899999999999,0.003962500000000001
l2-n32-identical-w1,control,2,32,identical,1,eas_k1_profile,eas,1,profile,eas_k1_graph,71,batch_speedup,3,1.3263310293293482,1.2564487129678987,1.335667320546353,1.2913898711486236,1.3309991749378507,0.03960930378922711
l2-n32-identical-w1,control,2,32,identical,1,eas_k1_profile,eas,1,profile,eas_k1_graph,71,selector_speedup,3,1.4228402293889129,1.3786548296825243,1.4811832233903242,1.4007475295357186,1.4520117263896184,0.051264196853899824
l2-n32-identical-w1,control,2,32,identical,1,eas_k1_profile,eas,1,profile,eas_k1_graph,71,rate_ratio,3,1.3263310293302282,1.2564487129686843,1.3356673205457568,1.2913898711494562,1.3309991749379924,0.03960930378853611
l2-n32-identical-w1,control,2,32,identical,1,eas_k1_adaptive,eas,1,adaptive,eas_k1_graph,71,commit_delta,3,0,0,0,0.0,0.0,0.0
l2-n32-identical-w1,control,2,32,identical,1,eas_k1_adaptive,eas,1,adaptive,eas_k1_graph,71,batch_delta_ms,3,-0.01389499999999999,-0.019637000000000016,-0.009343000000000018,-0.016766000000000003,-0.011619000000000004,0.005146999999999999
l2-n32-identical-w1,control,2,32,identical,1,eas_k1_adaptive,eas,1,adaptive,eas_k1_graph,71,selector_delta_ms,3,-0.014900999999999998,-0.019886,-0.008293999999999996,-0.0173935,-0.011597499999999997,0.0057960000000000025
l2-n32-identical-w1,control,2,32,identical,1,eas_k1_adaptive,eas,1,adaptive,eas_k1_graph,71,batch_speedup,3,1.1110090277222977,1.0704313477166163,1.1540930349351832,1.090720187719457,1.1325510313287404,0.04183084360928335
l2-n32-identical-w1,control,2,32,identical,1,eas_k1_adaptive,eas,1,adaptive,eas_k1_graph,71,selector_speedup,3,1.1499169978369133,1.0774582776880188,1.1966185485465692,1.113687637762466,1.1732677731917414,0.059580135429275316
l2-n32-identical-w1,control,2,32,identical,1,eas_k1_adaptive,eas,1,adaptive,eas_k1_graph,71,rate_ratio,3,1.111009027722187,1.070431347717704,1.154093034935165,1.0907201877199455,1.132551031328676,0.04183084360873046
l2-n32-identical-w1,control,2,32,identical,1,eas_k1_lazy,eas,1,lazy,eas_k1_graph,71,commit_delta,3,0,0,0,0.0,0.0,0.0
l2-n32-identical-w1,control,2,32,identical,1,eas_k1_lazy,eas,1,lazy,eas_k1_graph,71,batch_delta_ms,3,-0.021873000000000017,-0.03027400000000001,-0.019187999999999997,-0.026073500000000013,-0.020530500000000007,0.005543000000000006
l2-n32-identical-w1,control,2,32,identical,1,eas_k1_lazy,eas,1,lazy,eas_k1_graph,71,selector_delta_ms,3,-0.022169000000000008,-0.03014399999999999,-0.02138699999999999,-0.0261565,-0.021778,0.0043785000000000004
l2-n32-identical-w1,control,2,32,identical,1,eas_k1_lazy,eas,1,lazy,eas_k1_graph,71,batch_speedup,3,1.182086843594952,1.160064065667309,1.259197424635485,1.1710754546311306,1.2206421341152185,0.04956667948408788
l2-n32-identical-w1,control,2,32,identical,1,eas_k1_lazy,eas,1,lazy,eas_k1_graph,71,selector_speedup,3,1.2378597025814897,1.2301929845332529,1.331682841486763,1.2340263435573713,1.2847712720341264,0.05074492847675516
l2-n32-identical-w1,control,2,32,identical,1,eas_k1_lazy,eas,1,lazy,eas_k1_graph,71,rate_ratio,3,1.1820868435963234,1.1600640656675016,1.2591974246348692,1.1710754546319126,1.2206421341155962,0.04956667948368354
l2-n32-identical-w1,control,2,32,identical,1,eas_k1_adaptive,eas,1,adaptive,eas_k1_graph,101,commit_delta,3,0,0,0,0.0,0.0,0.0
l2-n32-identical-w1,control,2,32,identical,1,eas_k1_adaptive,eas,1,adaptive,eas_k1_graph,101,batch_delta_ms,3,-0.01442300000000002,-0.016865999999999992,-0.009236999999999995,-0.015644500000000006,-0.011830000000000007,0.0038144999999999984
l2-n32-identical-w1,control,2,32,identical,1,eas_k1_adaptive,eas,1,adaptive,eas_k1_graph,101,selector_delta_ms,3,-0.015381999999999993,-0.018048999999999996,-0.010110000000000008,-0.016715499999999994,-0.012746,0.003969499999999994
l2-n32-identical-w1,control,2,32,identical,1,eas_k1_adaptive,eas,1,adaptive,eas_k1_graph,101,batch_speedup,3,1.111437335331886,1.0720205839928267,1.1318140254624744,1.0917289596623565,1.1216256803971802,0.029896720734823745
l2-n32-identical-w1,control,2,32,identical,1,eas_k1_adaptive,eas,1,adaptive,eas_k1_graph,101,selector_speedup,3,1.1506827844282046,1.0984334381602392,1.1769596548850434,1.1245581112942218,1.163821219656624,0.03926310836240221
l2-n32-identical-w1,control,2,32,identical,1,eas_k1_adaptive,eas,1,adaptive,eas_k1_graph,101,rate_ratio,3,1.1114373353317097,1.0720205839927002,1.1318140254625044,1.091728959662205,1.121625680397107,0.029896720734901905
l2-n32-identical-w1,control,2,32,identical,1,eas_k1_lazy,eas,1,lazy,eas_k1_graph,101,commit_delta,3,0,0,0,0.0,0.0,0.0
l2-n32-identical-w1,control,2,32,identical,1,eas_k1_lazy,eas,1,lazy,eas_k1_graph,101,batch_delta_ms,3,-0.02562600000000001,-0.028995000000000007,-0.02229500000000001,-0.02731050000000001,-0.02396050000000001,0.003349999999999999
l2-n32-identical-w1,control,2,32,identical,1,eas_k1_lazy,eas,1,lazy,eas_k1_graph,101,selector_delta_ms,3,-0.024525999999999992,-0.029870999999999995,-0.023055000000000006,-0.027198499999999994,-0.0237905,0.0034079999999999944
l2-n32-identical-w1,control,2,32,identical,1,eas_k1_lazy,eas,1,lazy,eas_k1_graph,101,batch_speedup,3,1.2167580186764109,1.193538026163876,1.2503367177786988,1.2051480224201434,1.2335473682275548,0.028399345807411436
l2-n32-identical-w1,control,2,32,identical,1,eas_k1_lazy,eas,1,lazy,eas_k1_graph,101,selector_speedup,3,1.2638963610148701,1.256840158638207,1.331263238441662,1.2603682598265387,1.297579799728266,0.03721153990172743
l2-n32-identical-w1,control,2,32,identical,1,eas_k1_lazy,eas,1,lazy,eas_k1_graph,101,rate_ratio,3,1.2167580186767761,1.1935380261649093,1.2503367177789348,1.2051480224208428,1.2335473682278555,0.028399345807012644
l2-n32-identical-w1,control,2,32,identical,1,eas_k1_profile,eas,1,profile,eas_k1_graph,101,commit_delta,3,0,0,0,0.0,0.0,0.0
l2-n32-identical-w1,control,2,32,identical,1,eas_k1_profile,eas,1,profile,eas_k1_graph,101,batch_delta_ms,3,-0.031639,-0.034716,-0.024038000000000004,-0.0331775,-0.027838500000000002,0.0053389999999999965
l2-n32-identical-w1,control,2,32,identical,1,eas_k1_profile,eas,1,profile,eas_k1_graph,101,selector_delta_ms,3,-0.030788999999999997,-0.035754999999999995,-0.024403000000000008,-0.033271999999999996,-0.027596000000000002,0.0056759999999999936
l2-n32-identical-w1,control,2,32,identical,1,eas_k1_profile,eas,1,profile,eas_k1_graph,101,batch_speedup,3,1.2819598791562326,1.2118744160628978,1.315304760088281,1.2469171476095653,1.2986323196222567,0.05171517201269138
l2-n32-identical-w1,control,2,32,identical,1,eas_k1_profile,eas,1,profile,eas_k1_graph,101,selector_speedup,3,1.3552235361984424,1.2760020810712993,1.4241953279787398,1.3156128086348708,1.389709432088591,0.07409662345372015
l2-n32-identical-w1,control,2,32,identical,1,eas_k1_profile,eas,1,profile,eas_k1_graph,101,rate_ratio,3,1.2819598791573334,1.2118744160635908,1.3153047600893986,1.2469171476104621,1.298632319623366,0.051715172012903876
