phase,condition,mode,seed,status,abort_count,actual_arity,apply_worker_ms,aria_reordering_optmization,aria_snapshot_isolation,arity,arity_max,arity_min,batch_id,batch_ms,commit_count,commit_wall_ms,commit_worker_ms,completed_utc,decision_sha256,dependency_worker_ms,distribution,expected_status,extract_ms,initial_core_size,key_count,max_graph_bytes,max_incidence,memory_limit_kind,memory_mib,n,peak_rss_kib,policy_k,process_wall_seconds,raw_path,raw_sha256,read_wall_ms,read_worker_ms,reservation_worker_ms,returncode,round_count,rss_file,runner_peak_rss_kib,selector.B,selector.build_ms,selector.certificate_ms,selector.degree_queries,selector.graph_bytes,selector.heavy_subsets,selector.heavy_updates,selector.incidences,selector.index_payload_bytes,selector.initial_core_size,selector.kernel_ms,selector.light_scans,selector.normalize_ms,selector.profile_links,selector.profiles,selector.select_ms,selector.subsets,selector.switch_ms,selector.switch_queries,selector.switch_remaining,selector.switch_round,selector.switches,selector.total_ms,selector.tree_updates,selector.trim_key_visits,selector.trim_ms,selector_ms,selector_only,sequence,started_utc,stderr,stdout,suite,sync_wait_ms,timeout_seconds,trace_path,trace_sha256,value_bytes,verification,workers,wrapper_pid,zipf
measure,main-l2-n128-uniform-w1-k2,adaptive,101,ok,2,2,0.020014,True,False,2,2,2,776281256,0.302008,126,0.031308,0.029793,2026-09-05T04:47:02.946747+00:00,6dedef7f8baad3941771dc3ddd261cad5dff4a6369c2abfa2c0578fef0cac995,0,uniform,ok,0.095197,4,10000,536870912,8000000,RLIMIT_AS,2048,128,8160,2,0.008792413398623466,/tmp/eas-clean-issue1.nlYHTf/experiments/eas/results/smoke/raw/main-l2-n128-uniform-w1-k2-s101-measure-adaptive.json,ba7c0464084aade9a3479b192c7ad059982086ced90a43287d011dd7c73b76e6,0.125443,0.123636,0.017435,0,1,/tmp/eas-clean-issue1.nlYHTf/experiments/eas/results/smoke/logs/main-l2-n128-uniform-w1-k2-s101-measure-adaptive.rss.txt,8160,0,0.007908,0.004334,4,0,0,0,12,4928,4,0.043625,0,0.095197,0,0,0.001125,10,0,0,0,0,0,0.145158,0,768,0.014564,0.145158,False,29,2026-09-05T04:47:02.937939+00:00,/tmp/eas-clean-issue1.nlYHTf/experiments/eas/results/smoke/logs/main-l2-n128-uniform-w1-k2-s101-measure-adaptive.stderr.log,/tmp/eas-clean-issue1.nlYHTf/experiments/eas/results/smoke/logs/main-l2-n128-uniform-w1-k2-s101-measure-adaptive.stdout.log,main,0.003322,120.0,/tmp/eas-clean-issue1.nlYHTf/experiments/eas/results/smoke/traces/main-l2-n128-uniform-w1-k2-s101.tsv,cfa80a0115e1fb62f941619d2f5b592a516fe9e6eb9eb5c0489352686d69d2a1,32,passed,1,99,0.99
measure,main-l2-n128-uniform-w1-k2,graph,101,ok,2,2,0.021293,True,False,2,2,2,776281256,0.295049,126,0.032254,0.031065,2026-09-05T04:47:02.917656+00:00,6dedef7f8baad3941771dc3ddd261cad5dff4a6369c2abfa2c0578fef0cac995,0,uniform,ok,0.094436,4,10000,536870912,8000000,RLIMIT_AS,2048,128,8156,2,0.008829275611788034,/tmp/eas-clean-issue1.nlYHTf/experiments/eas/results/smoke/raw/main-l2-n128-uniform-w1-k2-s101-measure-graph.json,981da7005dc57a26def20de7996679b63dad19395105621e91f69afa441ce181,0.119636,0.118176,0.017372,0,1,/tmp/eas-clean-issue1.nlYHTf/experiments/eas/results/smoke/logs/main-l2-n128-uniform-w1-k2-s101-measure-graph.rss.txt,8156,0,0.005932,0.003032,0,32,0,0,0,0,4,0.042232,0,0.094436,0,0,0.00198,0,0,0,0,0,0,0.143046,12,768,0.014855,0.143046,False,26,2026-09-05T04:47:02.908810+00:00,/tmp/eas-clean-issue1.nlYHTf/experiments/eas/results/smoke/logs/main-l2-n128-uniform-w1-k2-s101-measure-graph.stderr.log,/tmp/eas-clean-issue1.nlYHTf/experiments/eas/results/smoke/logs/main-l2-n128-uniform-w1-k2-s101-measure-graph.stdout.log,main,0.002649,120.0,/tmp/eas-clean-issue1.nlYHTf/experiments/eas/results/smoke/traces/main-l2-n128-uniform-w1-k2-s101.tsv,cfa80a0115e1fb62f941619d2f5b592a516fe9e6eb9eb5c0489352686d69d2a1,32,passed,1,90,0.99
measure,main-l2-n128-uniform-w1-k2,lazy,101,ok,2,2,0.02167,True,False,2,2,2,776281256,0.302821,126,0.032691,0.031476,2026-09-05T04:47:02.907924+00:00,6dedef7f8baad3941771dc3ddd261cad5dff4a6369c2abfa2c0578fef0cac995,0,uniform,ok,0.094207,4,10000,536870912,8000000,RLIMIT_AS,2048,128,8224,2,0.008766915183514357,/tmp/eas-clean-issue1.nlYHTf/experiments/eas/results/smoke/raw/main-l2-n128-uniform-w1-k2-s101-measure-lazy.json,b2dd2b9a208dbe10581ab6f184b78a666a06911a4951913a521bdca8ce48537e,0.125017,0.123357,0.017315,0,1,/tmp/eas-clean-issue1.nlYHTf/experiments/eas/results/smoke/logs/main-l2-n128-uniform-w1-k2-s101-measure-lazy.rss.txt,8224,0,0.007866,0.004213,4,0,0,0,12,4928,4,0.044443,0,0.094207,0,0,0.00101,10,0,0,0,0,0,0.144992,0,768,0.01456,0.144992,False,25,2026-09-05T04:47:02.899140+00:00,/tmp/eas-clean-issue1.nlYHTf/experiments/eas/results/smoke/logs/main-l2-n128-uniform-w1-k2-s101-measure-lazy.stderr.log,/tmp/eas-clean-issue1.nlYHTf/experiments/eas/results/smoke/logs/main-l2-n128-uniform-w1-k2-s101-measure-lazy.stdout.log,main,0.002875,120.0,/tmp/eas-clean-issue1.nlYHTf/experiments/eas/results/smoke/traces/main-l2-n128-uniform-w1-k2-s101.tsv,cfa80a0115e1fb62f941619d2f5b592a516fe9e6eb9eb5c0489352686d69d2a1,32,passed,1,87,0.99
measure,main-l2-n128-uniform-w1-k2,native,101,ok,2,2,0.014834,True,False,2,2,2,776281256,0.162889,126,0.037599,0.03656,2026-09-05T04:47:02.937112+00:00,79aee589e91c30ea7521d9aeaa062ca167554da907ceadebae9a9b92e98b9c2a,0.006885,uniform,ok,0,4,10000,536870912,8000000,RLIMIT_AS,2048,128,8156,2,0.008809101767838001,/tmp/eas-clean-issue1.nlYHTf/experiments/eas/results/smoke/raw/main-l2-n128-uniform-w1-k2-s101-measure-native.json,67cfb746e27c012c62f2d03bdaf36ed5ee6202a17c603cf59162275b3f461b74,0.125225,0.123164,0.017409,0,0,/tmp/eas-clean-issue1.nlYHTf/experiments/eas/results/smoke/logs/main-l2-n128-uniform-w1-k2-s101-measure-native.rss.txt,8156,0,0,0,0,0,0,0,0,0,4,0,0,0,0,0,0,0,0,0,0,0,0,0,0,0,0,0,False,28,2026-09-05T04:47:02.928286+00:00,/tmp/eas-clean-issue1.nlYHTf/experiments/eas/results/smoke/logs/main-l2-n128-uniform-w1-k2-s101-measure-native.stderr.log,/tmp/eas-clean-issue1.nlYHTf/experiments/eas/results/smoke/logs/main-l2-n128-uniform-w1-k2-s101-measure-native.stdout.log,main,0.0031,120.0,/tmp/eas-clean-issue1.nlYHTf/experiments/eas/results/smoke/traces/main-l2-n128-uniform-w1-k2-s101.tsv,cfa80a0115e1fb62f941619d2f5b592a516fe9e6eb9eb5c0489352686d69d2a1,32,passed,1,96,0.99
measure,main-l2-n128-uniform-w1-k2,profile,101,ok,2,2,0.01863,True,False,2,2,2,776281256,0.310782,126,0.029586,0.028342,2026-09-05T04:47:02.927371+00:00,6dedef7f8baad3941771dc3ddd261cad5dff4a6369c2abfa2c0578fef0cac995,0,uniform,ok,0.094842,4,10000,536870912,8000000,RLIMIT_AS,2048,128,8300,2,0.008877560030668974,/tmp/eas-clean-issue1.nlYHTf/experiments/eas/results/smoke/raw/main-l2-n128-uniform-w1-k2-s101-measure-profile.json,25eb59d852df19721358c93b9e6ab6187fbf240d31282ece9a84244d6cad7d79,0.122193,0.120337,0.017292,0,1,/tmp/eas-clean-issue1.nlYHTf/experiments/eas/results/smoke/logs/main-l2-n128-uniform-w1-k2-s101-measure-profile.rss.txt,8300,2,0.018316,0.00546,0,0,2,4,12,4944,4,0.057571,8,0.094842,2,2,0.002573,10,0,0,0,0,0,0.15889,20,768,0.01504,0.15889,False,27,2026-09-05T04:47:02.918478+00:00,/tmp/eas-clean-issue1.nlYHTf/experiments/eas/results/smoke/logs/main-l2-n128-uniform-w1-k2-s101-measure-profile.stderr.log,/tmp/eas-clean-issue1.nlYHTf/experiments/eas/results/smoke/logs/main-l2-n128-uniform-w1-k2-s101-measure-profile.stdout.log,main,0.0031,120.0,/tmp/eas-clean-issue1.nlYHTf/experiments/eas/results/smoke/traces/main-l2-n128-uniform-w1-k2-s101.tsv,cfa80a0115e1fb62f941619d2f5b592a516fe9e6eb9eb5c0489352686d69d2a1,32,passed,1,93,0.99
measure,main-l2-n128-uniform-w1-k2,adaptive,11,ok,4,2,0.021685,True,False,2,2,2,776281256,0.304796,124,0.032628,0.031379,2026-09-05T04:47:02.712802+00:00,71fb191ba64827e27d35ede048fa072b46e05e6206a9c507d127fb7103208224,0,uniform,ok,0.094006,4,10000,536870912,8000000,RLIMIT_AS,2048,128,8020,2,0.00881413510069251,/tmp/eas-clean-issue1.nlYHTf/experiments/eas/results/smoke/raw/main-l2-n128-uniform-w1-k2-s11-measure-adaptive.json,1870dd88fa27266c59419f6e5f7a00b317178e628daaebd4c358b2aac6b9ff85,0.127674,0.125872,0.017249,0,2,/tmp/eas-clean-issue1.nlYHTf/experiments/eas/results/smoke/logs/main-l2-n128-uniform-w1-k2-s11-measure-adaptive.rss.txt,8020,0,0.008202,0.004261,6,0,0,0,12,4928,4,0.044084,0,0.094006,0,0,0.001679,10,0,0,0,0,0,0.144392,0,768,0.014121,0.144392,False,6,2026-09-05T04:47:02.703971+00:00,/tmp/eas-clean-issue1.nlYHTf/experiments/eas/results/smoke/logs/main-l2-n128-uniform-w1-k2-s11-measure-adaptive.stderr.log,/tmp/eas-clean-issue1.nlYHTf/experiments/eas/results/smoke/logs/main-l2-n128-uniform-w1-k2-s11-measure-adaptive.stdout.log,main,0.003051,120.0,/tmp/eas-clean-issue1.nlYHTf/experiments/eas/results/smoke/traces/main-l2-n128-uniform-w1-k2-s11.tsv,0b32ab31bed4d253a439e316f733fb32ee3f375b9a0d5e135f580fd12721edcc,32,passed,1,30,0.99
measure,main-l2-n128-uniform-w1-k2,graph,11,ok,4,2,0.017812,True,False,2,2,2,776281256,0.309058,124,0.028514,0.027364,2026-09-05T04:47:02.703046+00:00,71fb191ba64827e27d35ede048fa072b46e05e6206a9c507d127fb7103208224,0,uniform,ok,0.10483,4,10000,536870912,8000000,RLIMIT_AS,2048,128,8172,2,0.008806169964373112,/tmp/eas-clean-issue1.nlYHTf/experiments/eas/results/smoke/raw/main-l2-n128-uniform-w1-k2-s11-measure-graph.json,333ac1a2f7d8fa1739b1c482d51ad51354e04e8a5ee8f2dc637299ffe548e61e,0.128089,0.126123,0.017446,0,2,/tmp/eas-clean-issue1.nlYHTf/experiments/eas/results/smoke/logs/main-l2-n128-uniform-w1-k2-s11-measure-graph.rss.txt,8172,0,0.005682,0.003118,0,32,0,0,0,0,4,0.04105,0,0.10483,0,0,0.001932,0,0,0,0,0,0,0.152339,8,768,0.014463,0.152339,False,5,2026-09-05T04:47:02.694222+00:00,/tmp/eas-clean-issue1.nlYHTf/experiments/eas/results/smoke/logs/main-l2-n128-uniform-w1-k2-s11-measure-graph.stderr.log,/tmp/eas-clean-issue1.nlYHTf/experiments/eas/results/smoke/logs/main-l2-n128-uniform-w1-k2-s11-measure-graph.stdout.log,main,0.003116,120.0,/tmp/eas-clean-issue1.nlYHTf/experiments/eas/results/smoke/traces/main-l2-n128-uniform-w1-k2-s11.tsv,0b32ab31bed4d253a439e316f733fb32ee3f375b9a0d5e135f580fd12721edcc,32,passed,1,27,0.99
measure,main-l2-n128-uniform-w1-k2,lazy,11,ok,4,2,0.018886,True,False,2,2,2,776281256,0.299411,124,0.029585,0.028554,2026-09-05T04:47:02.722525+00:00,71fb191ba64827e27d35ede048fa072b46e05e6206a9c507d127fb7103208224,0,uniform,ok,0.094107,4,10000,536870912,8000000,RLIMIT_AS,2048,128,8256,2,0.00885680690407753,/tmp/eas-clean-issue1.nlYHTf/experiments/eas/results/smoke/raw/main-l2-n128-uniform-w1-k2-s11-measure-lazy.json,270b8509c3445f7ddb0aa0bf194a134824a8d742768b809899432c16698bd6c7,0.125193,0.123355,0.019611,0,2,/tmp/eas-clean-issue1.nlYHTf/experiments/eas/results/smoke/logs/main-l2-n128-uniform-w1-k2-s11-measure-lazy.rss.txt,8256,0,0.00811,0.004166,6,0,0,0,12,4928,4,0.044122,0,0.094107,0,0,0.00171,10,0,0,0,0,0,0.144533,0,768,0.014208,0.144533,False,7,2026-09-05T04:47:02.713653+00:00,/tmp/eas-clean-issue1.nlYHTf/experiments/eas/results/smoke/logs/main-l2-n128-uniform-w1-k2-s11-measure-lazy.stderr.log,/tmp/eas-clean-issue1.nlYHTf/experiments/eas/results/smoke/logs/main-l2-n128-uniform-w1-k2-s11-measure-lazy.stdout.log,main,0.002869,120.0,/tmp/eas-clean-issue1.nlYHTf/experiments/eas/results/smoke/traces/main-l2-n128-uniform-w1-k2-s11.tsv,0b32ab31bed4d253a439e316f733fb32ee3f375b9a0d5e135f580fd12721edcc,32,passed,1,33,0.99
measure,main-l2-n128-uniform-w1-k2,native,11,ok,2,2,0.014848,True,False,2,2,2,776281256,0.159472,126,0.037685,0.036448,2026-09-05T04:47:02.732139+00:00,572c5fc8a34dd43c11b6fddada9ac94cb4064d542d67a269cf1602479619a4ca,0.006945,uniform,ok,0,4,10000,536870912,8000000,RLIMIT_AS,2048,128,8132,2,0.008760519325733185,/tmp/eas-clean-issue1.nlYHTf/experiments/eas/results/smoke/raw/main-l2-n128-uniform-w1-k2-s11-measure-native.json,93510484266ed7f31f73d27a12dfe2f3e2545b560662a9324d4c74db15c003ed,0.12165,0.119894,0.017435,0,0,/tmp/eas-clean-issue1.nlYHTf/experiments/eas/results/smoke/logs/main-l2-n128-uniform-w1-k2-s11-measure-native.rss.txt,8132,0,0,0,0,0,0,0,0,0,4,0,0,0,0,0,0,0,0,0,0,0,0,0,0,0,0,0,False,8,2026-09-05T04:47:02.723362+00:00,/tmp/eas-clean-issue1.nlYHTf/experiments/eas/results/smoke/logs/main-l2-n128-uniform-w1-k2-s11-measure-native.stderr.log,/tmp/eas-clean-issue1.nlYHTf/experiments/eas/results/smoke/logs/main-l2-n128-uniform-w1-k2-s11-measure-native.stdout.log,main,0.002993,120.0,/tmp/eas-clean-issue1.nlYHTf/experiments/eas/results/smoke/traces/main-l2-n128-uniform-w1-k2-s11.tsv,0b32ab31bed4d253a439e316f733fb32ee3f375b9a0d5e135f580fd12721edcc,32,passed,1,36,0.99
measure,main-l2-n128-uniform-w1-k2,profile,11,ok,4,2,0.020236,True,False,2,2,2,776281256,0.316255,124,0.030803,0.029847,2026-09-05T04:47:02.741731+00:00,71fb191ba64827e27d35ede048fa072b46e05e6206a9c507d127fb7103208224,0,uniform,ok,0.095422,4,10000,536870912,8000000,RLIMIT_AS,2048,128,8284,2,0.008761907927691936,/tmp/eas-clean-issue1.nlYHTf/experiments/eas/results/smoke/raw/main-l2-n128-uniform-w1-k2-s11-measure-profile.json,4df6f8ea6a389a30a0bd8b70f3b0a6ed5aeb87d1371c40baeadf58ef07e7a163,0.123697,0.122043,0.01738,0,2,/tmp/eas-clean-issue1.nlYHTf/experiments/eas/results/smoke/logs/main-l2-n128-uniform-w1-k2-s11-measure-profile.rss.txt,8284,2,0.019275,0.005508,0,0,2,4,12,4944,4,0.059832,8,0.095422,2,2,0.002931,10,0,0,0,0,0,0.161572,16,768,0.014431,0.161572,False,9,2026-09-05T04:47:02.732954+00:00,/tmp/eas-clean-issue1.nlYHTf/experiments/eas/results/smoke/logs/main-l2-n128-uniform-w1-k2-s11-measure-profile.stderr.log,/tmp/eas-clean-issue1.nlYHTf/experiments/eas/results/smoke/logs/main-l2-n128-uniform-w1-k2-s11-measure-profile.stdout.log,main,0.00261,120.0,/tmp/eas-clean-issue1.nlYHTf/experiments/eas/results/smoke/traces/main-l2-n128-uniform-w1-k2-s11.tsv,0b32ab31bed4d253a439e316f733fb32ee3f375b9a0d5e135f580fd12721edcc,32,passed,1,39,0.99
measure,main-l2-n128-uniform-w1-k2,adaptive,29,ok,2,2,0.0197,True,False,2,2,2,776281256,0.313444,126,0.030509,0.029576,2026-09-05T04:47:02.773360+00:00,a1dd00dd00da991cc116d7aacceb598b7b172be4303db845f0ca5fdaa2ab8247,0,uniform,ok,0.106934,4,10000,536870912,8000000,RLIMIT_AS,2048,128,7932,2,0.008785556070506573,/tmp/eas-clean-issue1.nlYHTf/experiments/eas/results/smoke/raw/main-l2-n128-uniform-w1-k2-s29-measure-adaptive.json,05a3288ca78ac573509b9b4107c4800315932491ad411a98d94ce13ad6f9fd9a,0.125657,0.123822,0.017669,0,1,/tmp/eas-clean-issue1.nlYHTf/experiments/eas/results/smoke/logs/main-l2-n128-uniform-w1-k2-s29-measure-adaptive.rss.txt,7932,0,0.008148,0.00428,4,0,0,0,12,4928,4,0.043848,0,0.106934,0,0,0.001069,10,0,0,0,0,0,0.157073,0,768,0.014346,0.157073,False,12,2026-09-05T04:47:02.764559+00:00,/tmp/eas-clean-issue1.nlYHTf/experiments/eas/results/smoke/logs/main-l2-n128-uniform-w1-k2-s29-measure-adaptive.stderr.log,/tmp/eas-clean-issue1.nlYHTf/experiments/eas/results/smoke/logs/main-l2-n128-uniform-w1-k2-s29-measure-adaptive.stdout.log,main,0.002768,120.0,/tmp/eas-clean-issue1.nlYHTf/experiments/eas/results/smoke/traces/main-l2-n128-uniform-w1-k2-s29.tsv,d7d71431e5310b3d17d5a88751db5b8273ad34c15239c18dc931ac790029759b,32,passed,1,48,0.99
measure,main-l2-n128-uniform-w1-k2,graph,29,ok,2,2,0.022151,True,False,2,2,2,776281256,0.29785,126,0.032931,0.031916,2026-09-05T04:47:02.754103+00:00,a1dd00dd00da991cc116d7aacceb598b7b172be4303db845f0ca5fdaa2ab8247,0,uniform,ok,0.095058,4,10000,536870912,8000000,RLIMIT_AS,2048,128,7980,2,0.008745034225285053,/tmp/eas-clean-issue1.nlYHTf/experiments/eas/results/smoke/raw/main-l2-n128-uniform-w1-k2-s29-measure-graph.json,fc54399e9ed3624ca7ffab96b57d2c38eed4c1cfcb160f4297ab3ad23a269ac5,0.122168,0.120241,0.017292,0,1,/tmp/eas-clean-issue1.nlYHTf/experiments/eas/results/smoke/logs/main-l2-n128-uniform-w1-k2-s29-measure-graph.rss.txt,7980,0,0.005637,0.00311,0,32,0,0,0,0,4,0.041223,0,0.095058,0,0,0.001879,0,0,0,0,0,0,0.142576,12,768,0.014734,0.142576,False,10,2026-09-05T04:47:02.745341+00:00,/tmp/eas-clean-issue1.nlYHTf/experiments/eas/results/smoke/logs/main-l2-n128-uniform-w1-k2-s29-measure-graph.stderr.log,/tmp/eas-clean-issue1.nlYHTf/experiments/eas/results/smoke/logs/main-l2-n128-uniform-w1-k2-s29-measure-graph.stdout.log,main,0.002942,120.0,/tmp/eas-clean-issue1.nlYHTf/experiments/eas/results/smoke/traces/main-l2-n128-uniform-w1-k2-s29.tsv,d7d71431e5310b3d17d5a88751db5b8273ad34c15239c18dc931ac790029759b,32,passed,1,42,0.99
measure,main-l2-n128-uniform-w1-k2,lazy,29,ok,2,2,0.021246,True,False,2,2,2,776281256,0.299033,126,0.03223,0.030903,2026-09-05T04:47:02.783045+00:00,a1dd00dd00da991cc116d7aacceb598b7b172be4303db845f0ca5fdaa2ab8247,0,uniform,ok,0.09307,4,10000,536870912,8000000,RLIMIT_AS,2048,128,8044,2,0.008845505304634571,/tmp/eas-clean-issue1.nlYHTf/experiments/eas/results/smoke/raw/main-l2-n128-uniform-w1-k2-s29-measure-lazy.json,71403b881389c0d56b133dcdd8114542429de3b6e5cbf7ad1e3b916ffddeb783,0.123267,0.121573,0.017368,0,1,/tmp/eas-clean-issue1.nlYHTf/experiments/eas/results/smoke/logs/main-l2-n128-uniform-w1-k2-s29-measure-lazy.rss.txt,8044,0,0.008151,0.004202,4,0,0,0,12,4928,4,0.043967,0,0.09307,0,0,0.001031,10,0,0,0,0,0,0.143366,0,768,0.014555,0.143366,False,13,2026-09-05T04:47:02.774184+00:00,/tmp/eas-clean-issue1.nlYHTf/experiments/eas/results/smoke/logs/main-l2-n128-uniform-w1-k2-s29-measure-lazy.stderr.log,/tmp/eas-clean-issue1.nlYHTf/experiments/eas/results/smoke/logs/main-l2-n128-uniform-w1-k2-s29-measure-lazy.stdout.log,main,0.003021,120.0,/tmp/eas-clean-issue1.nlYHTf/experiments/eas/results/smoke/traces/main-l2-n128-uniform-w1-k2-s29.tsv,d7d71431e5310b3d17d5a88751db5b8273ad34c15239c18dc931ac790029759b,32,passed,1,51,0.99
measure,main-l2-n128-uniform-w1-k2,native,29,ok,2,2,0.014933,True,False,2,2,2,776281256,0.161033,126,0.037796,0.036757,2026-09-05T04:47:02.792723+00:00,895d7edacec3e6706005e3fde9c3643f4ddbb5e04d9ff4ac5b109d0954b4452c,0.007004,uniform,ok,0,4,10000,536870912,8000000,RLIMIT_AS,2048,128,8172,2,0.008838408626616001,/tmp/eas-clean-issue1.nlYHTf/experiments/eas/results/smoke/raw/main-l2-n128-uniform-w1-k2-s29-measure-native.json,f55ebbf88dac4120ef55e46d9310193ef2c49c9eac8e34fe89cbed06f97ddd0d,0.123174,0.121262,0.017237,0,0,/tmp/eas-clean-issue1.nlYHTf/experiments/eas/results/smoke/logs/main-l2-n128-uniform-w1-k2-s29-measure-native.rss.txt,8172,0,0,0,0,0,0,0,0,0,4,0,0,0,0,0,0,0,0,0,0,0,0,0,0,0,0,0,False,14,2026-09-05T04:47:02.783869+00:00,/tmp/eas-clean-issue1.nlYHTf/experiments/eas/results/smoke/logs/main-l2-n128-uniform-w1-k2-s29-measure-native.stderr.log,/tmp/eas-clean-issue1.nlYHTf/experiments/eas/results/smoke/logs/main-l2-n128-uniform-w1-k2-s29-measure-native.stdout.log,main,0.002951,120.0,/tmp/eas-clean-issue1.nlYHTf/experiments/eas/results/smoke/traces/main-l2-n128-uniform-w1-k2-s29.tsv,d7d71431e5310b3d17d5a88751db5b8273ad34c15239c18dc931ac790029759b,32,passed,1,54,0.99
measure,main-l2-n128-uniform-w1-k2,profile,29,ok,2,2,0.019456,True,False,2,2,2,776281256,0.316439,126,0.030576,0.029305,2026-09-05T04:47:02.763716+00:00,a1dd00dd00da991cc116d7aacceb598b7b172be4303db845f0ca5fdaa2ab8247,0,uniform,ok,0.093603,4,10000,536870912,8000000,RLIMIT_AS,2048,128,8512,2,0.008769697975367308,/tmp/eas-clean-issue1.nlYHTf/experiments/eas/results/smoke/raw/main-l2-n128-uniform-w1-k2-s29-measure-profile.json,9190faf1b6f9209d2a3c46d53d1531edc8c2d0da6aa550efbb902813aad63f55,0.124254,0.122561,0.017291,0,1,/tmp/eas-clean-issue1.nlYHTf/experiments/eas/results/smoke/logs/main-l2-n128-uniform-w1-k2-s29-measure-profile.rss.txt,8512,2,0.022995,0.005363,0,0,2,4,12,4944,4,0.061322,8,0.093603,2,2,0.002384,10,0,0,0,0,0,0.161426,20,768,0.015071,0.161426,False,11,2026-09-05T04:47:02.754930+00:00,/tmp/eas-clean-issue1.nlYHTf/experiments/eas/results/smoke/logs/main-l2-n128-uniform-w1-k2-s29-measure-profile.stderr.log,/tmp/eas-clean-issue1.nlYHTf/experiments/eas/results/smoke/logs/main-l2-n128-uniform-w1-k2-s29-measure-profile.stdout.log,main,0.002964,120.0,/tmp/eas-clean-issue1.nlYHTf/experiments/eas/results/smoke/traces/main-l2-n128-uniform-w1-k2-s29.tsv,d7d71431e5310b3d17d5a88751db5b8273ad34c15239c18dc931ac790029759b,32,passed,1,45,0.99
measure,main-l2-n128-uniform-w1-k2,adaptive,47,ok,6,2,0.02171,True,False,2,2,2,776281256,0.310652,122,0.032438,0.031236,2026-09-05T04:47:02.824640+00:00,91cafc9fd5764d7089dbf0ade4120ac5529f67d98a226a3f5a7a52517bfb7529,0,uniform,ok,0.094103,12,10000,536870912,8000000,RLIMIT_AS,2048,128,8104,2,0.008878887165337801,/tmp/eas-clean-issue1.nlYHTf/experiments/eas/results/smoke/raw/main-l2-n128-uniform-w1-k2-s47-measure-adaptive.json,3522bbeaf2083970ec895efa5d4253a90c13fef067dade8fb76e72cb4f2b2e88,0.121702,0.119697,0.017464,0,3,/tmp/eas-clean-issue1.nlYHTf/experiments/eas/results/smoke/logs/main-l2-n128-uniform-w1-k2-s47-measure-adaptive.rss.txt,8104,0,0.014885,0.005808,16,0,0,0,36,6976,12,0.055908,0,0.094103,0,0,0.002433,30,0,0,0,0,0,0.156389,0,768,0.014674,0.156389,False,17,2026-09-05T04:47:02.815745+00:00,/tmp/eas-clean-issue1.nlYHTf/experiments/eas/results/smoke/logs/main-l2-n128-uniform-w1-k2-s47-measure-adaptive.stderr.log,/tmp/eas-clean-issue1.nlYHTf/experiments/eas/results/smoke/logs/main-l2-n128-uniform-w1-k2-s47-measure-adaptive.stdout.log,main,0.003207,120.0,/tmp/eas-clean-issue1.nlYHTf/experiments/eas/results/smoke/traces/main-l2-n128-uniform-w1-k2-s47.tsv,39076b57dbb878002df0ed7b8104acbb9a71cf096e0939e6c8b9347a3ff09945,32,passed,1,63,0.99
measure,main-l2-n128-uniform-w1-k2,graph,47,ok,6,2,0.021911,True,False,2,2,2,776281256,0.311359,122,0.032703,0.031491,2026-09-05T04:47:02.834404+00:00,91cafc9fd5764d7089dbf0ade4120ac5529f67d98a226a3f5a7a52517bfb7529,0,uniform,ok,0.095941,12,10000,536870912,8000000,RLIMIT_AS,2048,128,8212,2,0.008926315698772669,/tmp/eas-clean-issue1.nlYHTf/experiments/eas/results/smoke/raw/main-l2-n128-uniform-w1-k2-s47-measure-graph.json,f79a3417e6be572da975a723b391add4898f97f180b2e42fe0616bbaf56b5461,0.122018,0.120182,0.017545,0,3,/tmp/eas-clean-issue1.nlYHTf/experiments/eas/results/smoke/logs/main-l2-n128-uniform-w1-k2-s47-measure-graph.rss.txt,8212,0,0.008632,0.003912,0,96,0,0,0,0,12,0.054199,0,0.095941,0,0,0.004232,0,0,0,0,0,0,0.156553,36,768,0.021574,0.156553,False,18,2026-09-05T04:47:02.825462+00:00,/tmp/eas-clean-issue1.nlYHTf/experiments/eas/results/smoke/logs/main-l2-n128-uniform-w1-k2-s47-measure-graph.stderr.log,/tmp/eas-clean-issue1.nlYHTf/experiments/eas/results/smoke/logs/main-l2-n128-uniform-w1-k2-s47-measure-graph.stdout.log,main,0.003048,120.0,/tmp/eas-clean-issue1.nlYHTf/experiments/eas/results/smoke/traces/main-l2-n128-uniform-w1-k2-s47.tsv,39076b57dbb878002df0ed7b8104acbb9a71cf096e0939e6c8b9347a3ff09945,32,passed,1,66,0.99
measure,main-l2-n128-uniform-w1-k2,lazy,47,ok,6,2,0.021546,True,False,2,2,2,776281256,0.319752,122,0.032302,0.031248,2026-09-05T04:47:02.814766+00:00,91cafc9fd5764d7089dbf0ade4120ac5529f67d98a226a3f5a7a52517bfb7529,0,uniform,ok,0.101746,12,10000,536870912,8000000,RLIMIT_AS,2048,128,8016,2,0.008898269850760698,/tmp/eas-clean-issue1.nlYHTf/experiments/eas/results/smoke/raw/main-l2-n128-uniform-w1-k2-s47-measure-lazy.json,1d1b42341093d48754cc44800e7d12c8d63dc8d4a98d5f63f2f64e3bc43b6ee6,0.123216,0.121172,0.017803,0,3,/tmp/eas-clean-issue1.nlYHTf/experiments/eas/results/smoke/logs/main-l2-n128-uniform-w1-k2-s47-measure-lazy.rss.txt,8016,0,0.015699,0.005663,16,0,0,0,36,6976,12,0.056061,0,0.101746,0,0,0.002457,30,0,0,0,0,0,0.164135,0,768,0.014711,0.164135,False,16,2026-09-05T04:47:02.805851+00:00,/tmp/eas-clean-issue1.nlYHTf/experiments/eas/results/smoke/logs/main-l2-n128-uniform-w1-k2-s47-measure-lazy.stderr.log,/tmp/eas-clean-issue1.nlYHTf/experiments/eas/results/smoke/logs/main-l2-n128-uniform-w1-k2-s47-measure-lazy.stdout.log,main,0.003098,120.0,/tmp/eas-clean-issue1.nlYHTf/experiments/eas/results/smoke/traces/main-l2-n128-uniform-w1-k2-s47.tsv,39076b57dbb878002df0ed7b8104acbb9a71cf096e0939e6c8b9347a3ff09945,32,passed,1,60,0.99
measure,main-l2-n128-uniform-w1-k2,native,47,ok,6,2,0.014509,True,False,2,2,2,776281256,0.158417,122,0.037506,0.036462,2026-09-05T04:47:02.844092+00:00,77d26a3bbd1e152f15e1fef466b2987a91a3c05b824aa6088b3ec32a234fbe2a,0.007147,uniform,ok,0,12,10000,536870912,8000000,RLIMIT_AS,2048,128,8020,2,0.008855437859892845,/tmp/eas-clean-issue1.nlYHTf/experiments/eas/results/smoke/raw/main-l2-n128-uniform-w1-k2-s47-measure-native.json,65f81c958f2e50c1162b9cdc12cdf819c8dfe31353b964121395976d08314d5a,0.120843,0.118968,0.017545,0,0,/tmp/eas-clean-issue1.nlYHTf/experiments/eas/results/smoke/logs/main-l2-n128-uniform-w1-k2-s47-measure-native.rss.txt,8020,0,0,0,0,0,0,0,0,0,12,0,0,0,0,0,0,0,0,0,0,0,0,0,0,0,0,0,False,19,2026-09-05T04:47:02.835221+00:00,/tmp/eas-clean-issue1.nlYHTf/experiments/eas/results/smoke/logs/main-l2-n128-uniform-w1-k2-s47-measure-native.stderr.log,/tmp/eas-clean-issue1.nlYHTf/experiments/eas/results/smoke/logs/main-l2-n128-uniform-w1-k2-s47-measure-native.stdout.log,main,0.002919,120.0,/tmp/eas-clean-issue1.nlYHTf/experiments/eas/results/smoke/traces/main-l2-n128-uniform-w1-k2-s47.tsv,39076b57dbb878002df0ed7b8104acbb9a71cf096e0939e6c8b9347a3ff09945,32,passed,1,69,0.99
measure,main-l2-n128-uniform-w1-k2,profile,47,ok,6,2,0.02041,True,False,2,2,2,776281256,0.329263,122,0.031067,0.030023,2026-09-05T04:47:02.805035+00:00,91cafc9fd5764d7089dbf0ade4120ac5529f67d98a226a3f5a7a52517bfb7529,0,uniform,ok,0.094342,12,10000,536870912,8000000,RLIMIT_AS,2048,128,8404,2,0.008708336390554905,/tmp/eas-clean-issue1.nlYHTf/experiments/eas/results/smoke/raw/main-l2-n128-uniform-w1-k2-s47-measure-profile.json,e6e82a2e4661ca79621a44e2196e69b404d4b58ccde0abd8ef0a61360ad42e19,0.125261,0.123303,0.017439,0,3,/tmp/eas-clean-issue1.nlYHTf/experiments/eas/results/smoke/logs/main-l2-n128-uniform-w1-k2-s47-measure-profile.rss.txt,8404,4,0.026795,0.006258,0,0,0,0,36,6976,12,0.072126,48,0.094342,0,1,0.006288,30,0,0,0,0,0,0.172814,72,768,0.016413,0.172814,False,15,2026-09-05T04:47:02.796311+00:00,/tmp/eas-clean-issue1.nlYHTf/experiments/eas/results/smoke/logs/main-l2-n128-uniform-w1-k2-s47-measure-profile.stderr.log,/tmp/eas-clean-issue1.nlYHTf/experiments/eas/results/smoke/logs/main-l2-n128-uniform-w1-k2-s47-measure-profile.stdout.log,main,0.003002,120.0,/tmp/eas-clean-issue1.nlYHTf/experiments/eas/results/smoke/traces/main-l2-n128-uniform-w1-k2-s47.tsv,39076b57dbb878002df0ed7b8104acbb9a71cf096e0939e6c8b9347a3ff09945,32,passed,1,57,0.99
warmup,main-l2-n128-uniform-w1-k2,adaptive,7,ok,6,2,0.020411,True,False,2,2,2,776281256,0.320841,122,0.031362,0.030161,2026-09-05T04:47:02.690632+00:00,757767c89ec55d88e2480d4d0284ce309e9de460cb2811939065a2a114cc5dcc,0,uniform,ok,0.105254,10,10000,536870912,8000000,RLIMIT_AS,2048,128,8020,2,0.00882488489151001,/tmp/eas-clean-issue1.nlYHTf/experiments/eas/results/smoke/raw/main-l2-n128-uniform-w1-k2-s7-warmup-adaptive.json,60e7a6da03ba523edcec0481c0f982aeff3a390460ee11d6cbec8a60d2f59398,0.123623,0.121521,0.017938,0,3,/tmp/eas-clean-issue1.nlYHTf/experiments/eas/results/smoke/logs/main-l2-n128-uniform-w1-k2-s7-warmup-adaptive.rss.txt,8020,0,0.014643,0.005676,14,0,0,0,30,6880,10,0.054193,0,0.105254,0,0,0.002409,25,0,0,0,0,0,0.165743,0,768,0.014993,0.165743,False,4,2026-09-05T04:47:02.681791+00:00,/tmp/eas-clean-issue1.nlYHTf/experiments/eas/results/smoke/logs/main-l2-n128-uniform-w1-k2-s7-warmup-adaptive.stderr.log,/tmp/eas-clean-issue1.nlYHTf/experiments/eas/results/smoke/logs/main-l2-n128-uniform-w1-k2-s7-warmup-adaptive.stdout.log,main,0.003303,120.0,/tmp/eas-clean-issue1.nlYHTf/experiments/eas/results/smoke/traces/main-l2-n128-uniform-w1-k2-s7.tsv,30bda880d2458f854421ba4ceac0de3e73dc8e67381dc0854ad13f51283b667c,32,passed,1,24,0.99
warmup,main-l2-n128-uniform-w1-k2,graph,7,ok,6,2,0.018758,True,False,2,2,2,776281256,0.310546,122,0.029611,0.028416,2026-09-05T04:47:02.661290+00:00,757767c89ec55d88e2480d4d0284ce309e9de460cb2811939065a2a114cc5dcc,0,uniform,ok,0.099256,10,10000,536870912,8000000,RLIMIT_AS,2048,128,7984,2,0.008808724116533995,/tmp/eas-clean-issue1.nlYHTf/experiments/eas/results/smoke/raw/main-l2-n128-uniform-w1-k2-s7-warmup-graph.json,be351fbb86d13715704dcd331b55ab1a56bbd808e34bb8f227cc7b5c0cac7e56,0.126981,0.125227,0.017352,0,3,/tmp/eas-clean-issue1.nlYHTf/experiments/eas/results/smoke/logs/main-l2-n128-uniform-w1-k2-s7-warmup-graph.rss.txt,7984,0,0.008675,0.003753,0,80,0,0,0,0,10,0.048217,0,0.099256,0,0,0.003824,0,0,0,0,0,0,0.153858,28,768,0.015865,0.153858,False,1,2026-09-05T04:47:02.652463+00:00,/tmp/eas-clean-issue1.nlYHTf/experiments/eas/results/smoke/logs/main-l2-n128-uniform-w1-k2-s7-warmup-graph.stderr.log,/tmp/eas-clean-issue1.nlYHTf/experiments/eas/results/smoke/logs/main-l2-n128-uniform-w1-k2-s7-warmup-graph.stdout.log,main,0.002949,120.0,/tmp/eas-clean-issue1.nlYHTf/experiments/eas/results/smoke/traces/main-l2-n128-uniform-w1-k2-s7.tsv,30bda880d2458f854421ba4ceac0de3e73dc8e67381dc0854ad13f51283b667c,32,passed,1,15,0.99
warmup,main-l2-n128-uniform-w1-k2,lazy,7,ok,6,2,0.020442,True,False,2,2,2,776281256,0.320747,122,0.031078,0.029895,2026-09-05T04:47:02.680933+00:00,757767c89ec55d88e2480d4d0284ce309e9de460cb2811939065a2a114cc5dcc,0,uniform,ok,0.102632,10,10000,536870912,8000000,RLIMIT_AS,2048,128,7920,2,0.008834858890622854,/tmp/eas-clean-issue1.nlYHTf/experiments/eas/results/smoke/raw/main-l2-n128-uniform-w1-k2-s7-warmup-lazy.json,9bb45cf27099b9813bfebe5a03996f5c8a42229ff5758524c8792914f3cbb765,0.126797,0.124502,0.017937,0,3,/tmp/eas-clean-issue1.nlYHTf/experiments/eas/results/smoke/logs/main-l2-n128-uniform-w1-k2-s7-warmup-lazy.rss.txt,7920,0,0.014377,0.005441,14,0,0,0,30,6880,10,0.053625,0,0.102632,0,0,0.002617,25,0,0,0,0,0,0.162776,0,768,0.015016,0.162776,False,3,2026-09-05T04:47:02.672082+00:00,/tmp/eas-clean-issue1.nlYHTf/experiments/eas/results/smoke/logs/main-l2-n128-uniform-w1-k2-s7-warmup-lazy.stderr.log,/tmp/eas-clean-issue1.nlYHTf/experiments/eas/results/smoke/logs/main-l2-n128-uniform-w1-k2-s7-warmup-lazy.stdout.log,main,0.003478,120.0,/tmp/eas-clean-issue1.nlYHTf/experiments/eas/results/smoke/traces/main-l2-n128-uniform-w1-k2-s7.tsv,30bda880d2458f854421ba4ceac0de3e73dc8e67381dc0854ad13f51283b667c,32,passed,1,21,0.99
warmup,main-l2-n128-uniform-w1-k2,native,7,ok,5,2,0.014711,True,False,2,2,2,776281256,0.16063,123,0.03788,0.036731,2026-09-05T04:47:02.671236+00:00,0d183bf85c6c140093fa6b6e2fc9b9fa97cfef845d561ba436b559281e7c4c1e,0.007388,uniform,ok,0,10,10000,536870912,8000000,RLIMIT_AS,2048,128,8216,2,0.008957904297858477,/tmp/eas-clean-issue1.nlYHTf/experiments/eas/results/smoke/raw/main-l2-n128-uniform-w1-k2-s7-warmup-native.json,0371f3197f66d3b41fc92edb11c6babbbef62b11cf515ac01a604c78aed464a9,0.122681,0.120712,0.018138,0,0,/tmp/eas-clean-issue1.nlYHTf/experiments/eas/results/smoke/logs/main-l2-n128-uniform-w1-k2-s7-warmup-native.rss.txt,8216,0,0,0,0,0,0,0,0,0,10,0,0,0,0,0,0,0,0,0,0,0,0,0,0,0,0,0,False,2,2026-09-05T04:47:02.662262+00:00,/tmp/eas-clean-issue1.nlYHTf/experiments/eas/results/smoke/logs/main-l2-n128-uniform-w1-k2-s7-warmup-native.stderr.log,/tmp/eas-clean-issue1.nlYHTf/experiments/eas/results/smoke/logs/main-l2-n128-uniform-w1-k2-s7-warmup-native.stdout.log,main,0.003118,120.0,/tmp/eas-clean-issue1.nlYHTf/experiments/eas/results/smoke/traces/main-l2-n128-uniform-w1-k2-s7.tsv,30bda880d2458f854421ba4ceac0de3e73dc8e67381dc0854ad13f51283b667c,32,passed,1,18,0.99
warmup,main-l2-n128-uniform-w1-k2,profile,7,ok,6,2,0.021123,True,False,2,2,2,776281256,0.348473,122,0.033007,0.031545,2026-09-05T04:47:02.651612+00:00,757767c89ec55d88e2480d4d0284ce309e9de460cb2811939065a2a114cc5dcc,0,uniform,ok,0.100321,10,10000,536870912,8000000,RLIMIT_AS,2048,128,8316,2,0.00896641006693244,/tmp/eas-clean-issue1.nlYHTf/experiments/eas/results/smoke/raw/main-l2-n128-uniform-w1-k2-s7-warmup-profile.json,9cfd76facdabb16c9e106a3926029b0d7d37e2e40c981cd97dfb14d488f4685e,0.131673,0.129194,0.018093,0,3,/tmp/eas-clean-issue1.nlYHTf/experiments/eas/results/smoke/logs/main-l2-n128-uniform-w1-k2-s7-warmup-profile.rss.txt,8316,4,0.032425,0.005823,0,0,0,0,30,6880,10,0.076926,40,0.100321,0,1,0.005993,25,0,0,0,0,0,0.183629,56,768,0.016317,0.183629,False,0,2026-09-05T04:47:02.642622+00:00,/tmp/eas-clean-issue1.nlYHTf/experiments/eas/results/smoke/logs/main-l2-n128-uniform-w1-k2-s7-warmup-profile.stderr.log,/tmp/eas-clean-issue1.nlYHTf/experiments/eas/results/smoke/logs/main-l2-n128-uniform-w1-k2-s7-warmup-profile.stdout.log,main,0.003941,120.0,/tmp/eas-clean-issue1.nlYHTf/experiments/eas/results/smoke/traces/main-l2-n128-uniform-w1-k2-s7.tsv,30bda880d2458f854421ba4ceac0de3e73dc8e67381dc0854ad13f51283b667c,32,passed,1,12,0.99
measure,main-l2-n128-uniform-w1-k2,adaptive,71,ok,4,2,0.021797,True,False,2,2,2,776281256,0.30098,124,0.032824,0.031422,2026-09-05T04:47:02.885796+00:00,911e4c9089c04f390106a070749c8fa80ddce7f4b75d426ddb49fc083422d75a,0,uniform,ok,0.095848,4,10000,536870912,8000000,RLIMIT_AS,2048,128,8032,2,0.008852440863847733,/tmp/eas-clean-issue1.nlYHTf/experiments/eas/results/smoke/raw/main-l2-n128-uniform-w1-k2-s71-measure-adaptive.json,b4195cbe25f509ed8d61d803e8ac4c6aae4b033bd7ab2c097a51c1d243da0b60,0.121031,0.119023,0.017248,0,2,/tmp/eas-clean-issue1.nlYHTf/experiments/eas/results/smoke/logs/main-l2-n128-uniform-w1-k2-s71-measure-adaptive.rss.txt,8032,0,0.008111,0.004338,6,0,0,0,12,4928,4,0.04471,0,0.095848,0,0,0.001609,10,0,0,0,0,0,0.147018,0,768,0.014647,0.147018,False,23,2026-09-05T04:47:02.876927+00:00,/tmp/eas-clean-issue1.nlYHTf/experiments/eas/results/smoke/logs/main-l2-n128-uniform-w1-k2-s71-measure-adaptive.stderr.log,/tmp/eas-clean-issue1.nlYHTf/experiments/eas/results/smoke/logs/main-l2-n128-uniform-w1-k2-s71-measure-adaptive.stdout.log,main,0.00341,120.0,/tmp/eas-clean-issue1.nlYHTf/experiments/eas/results/smoke/traces/main-l2-n128-uniform-w1-k2-s71.tsv,f648a3839bdc3e146d566b5697598236c46f064ebcad36ea9c54761b7993f704,32,passed,1,81,0.99
measure,main-l2-n128-uniform-w1-k2,graph,71,ok,4,2,0.021682,True,False,2,2,2,776281256,0.299948,124,0.032143,0.031107,2026-09-05T04:47:02.895546+00:00,911e4c9089c04f390106a070749c8fa80ddce7f4b75d426ddb49fc083422d75a,0,uniform,ok,0.096443,4,10000,536870912,8000000,RLIMIT_AS,2048,128,7968,2,0.008875108789652586,/tmp/eas-clean-issue1.nlYHTf/experiments/eas/results/smoke/raw/main-l2-n128-uniform-w1-k2-s71-measure-graph.json,3b1f4e7b4226a67123dce79d05c04c44e96fca6e8d775e331a2e0ce2149a0e75,0.121848,0.120243,0.017246,0,2,/tmp/eas-clean-issue1.nlYHTf/experiments/eas/results/smoke/logs/main-l2-n128-uniform-w1-k2-s71-measure-graph.rss.txt,7968,0,0.005569,0.0032,0,32,0,0,0,0,4,0.043082,0,0.096443,0,0,0.001788,0,0,0,0,0,0,0.145844,8,768,0.014969,0.145844,False,24,2026-09-05T04:47:02.886655+00:00,/tmp/eas-clean-issue1.nlYHTf/experiments/eas/results/smoke/logs/main-l2-n128-uniform-w1-k2-s71-measure-graph.stderr.log,/tmp/eas-clean-issue1.nlYHTf/experiments/eas/results/smoke/logs/main-l2-n128-uniform-w1-k2-s71-measure-graph.stdout.log,main,0.002641,120.0,/tmp/eas-clean-issue1.nlYHTf/experiments/eas/results/smoke/traces/main-l2-n128-uniform-w1-k2-s71.tsv,f648a3839bdc3e146d566b5697598236c46f064ebcad36ea9c54761b7993f704,32,passed,1,84,0.99
measure,main-l2-n128-uniform-w1-k2,lazy,71,ok,4,2,0.021591,True,False,2,2,2,776281256,0.306856,124,0.032443,0.03124,2026-09-05T04:47:02.856545+00:00,911e4c9089c04f390106a070749c8fa80ddce7f4b75d426ddb49fc083422d75a,0,uniform,ok,0.100216,4,10000,536870912,8000000,RLIMIT_AS,2048,128,8224,2,0.008854581043124199,/tmp/eas-clean-issue1.nlYHTf/experiments/eas/results/smoke/raw/main-l2-n128-uniform-w1-k2-s71-measure-lazy.json,dd3b3afae0d0bf590ad4758790d1ca5e40df16b79e77b56c779b6491abc9280a,0.122097,0.120503,0.017177,0,2,/tmp/eas-clean-issue1.nlYHTf/experiments/eas/results/smoke/logs/main-l2-n128-uniform-w1-k2-s71-measure-lazy.rss.txt,8224,0,0.008224,0.004266,6,0,0,0,12,4928,4,0.045591,0,0.100216,0,0,0.001637,10,0,0,0,0,0,0.152215,0,768,0.014622,0.152215,False,20,2026-09-05T04:47:02.847673+00:00,/tmp/eas-clean-issue1.nlYHTf/experiments/eas/results/smoke/logs/main-l2-n128-uniform-w1-k2-s71-measure-lazy.stderr.log,/tmp/eas-clean-issue1.nlYHTf/experiments/eas/results/smoke/logs/main-l2-n128-uniform-w1-k2-s71-measure-lazy.stdout.log,main,0.002797,120.0,/tmp/eas-clean-issue1.nlYHTf/experiments/eas/results/smoke/traces/main-l2-n128-uniform-w1-k2-s71.tsv,f648a3839bdc3e146d566b5697598236c46f064ebcad36ea9c54761b7993f704,32,passed,1,72,0.99
measure,main-l2-n128-uniform-w1-k2,native,71,ok,2,2,0.014828,True,False,2,2,2,776281256,0.159353,126,0.037507,0.036436,2026-09-05T04:47:02.876084+00:00,d9055d0bc68d657f0b50c96a7ebcc868e82a6c0de0f508a5cde0a5af1dc7b22b,0.006905,uniform,ok,0,4,10000,536870912,8000000,RLIMIT_AS,2048,128,8172,2,0.008879478089511395,/tmp/eas-clean-issue1.nlYHTf/experiments/eas/results/smoke/raw/main-l2-n128-uniform-w1-k2-s71-measure-native.json,6545b2c4c9210e8370e56d133a1018e4a039701ebc747462ad5244fe78da07d1,0.12168,0.120072,0.017577,0,0,/tmp/eas-clean-issue1.nlYHTf/experiments/eas/results/smoke/logs/main-l2-n128-uniform-w1-k2-s71-measure-native.rss.txt,8172,0,0,0,0,0,0,0,0,0,4,0,0,0,0,0,0,0,0,0,0,0,0,0,0,0,0,0,False,22,2026-09-05T04:47:02.867188+00:00,/tmp/eas-clean-issue1.nlYHTf/experiments/eas/results/smoke/logs/main-l2-n128-uniform-w1-k2-s71-measure-native.stderr.log,/tmp/eas-clean-issue1.nlYHTf/experiments/eas/results/smoke/logs/main-l2-n128-uniform-w1-k2-s71-measure-native.stdout.log,main,0.002679,120.0,/tmp/eas-clean-issue1.nlYHTf/experiments/eas/results/smoke/traces/main-l2-n128-uniform-w1-k2-s71.tsv,f648a3839bdc3e146d566b5697598236c46f064ebcad36ea9c54761b7993f704,32,passed,1,78,0.99
measure,main-l2-n128-uniform-w1-k2,profile,71,ok,4,2,0.022003,True,False,2,2,2,776281256,0.315232,124,0.032843,0.031725,2026-09-05T04:47:02.866216+00:00,911e4c9089c04f390106a070749c8fa80ddce7f4b75d426ddb49fc083422d75a,0,uniform,ok,0.096892,4,10000,536870912,8000000,RLIMIT_AS,2048,128,8368,2,0.008837917353957891,/tmp/eas-clean-issue1.nlYHTf/experiments/eas/results/smoke/raw/main-l2-n128-uniform-w1-k2-s71-measure-profile.json,baa9bf451235e3ffb4bec55adc9dbb7e19229886d00087995064ec00052b0533,0.121878,0.119876,0.017377,0,2,/tmp/eas-clean-issue1.nlYHTf/experiments/eas/results/smoke/logs/main-l2-n128-uniform-w1-k2-s71-measure-profile.rss.txt,8368,2,0.018274,0.00552,0,0,2,4,12,4944,4,0.057051,8,0.096892,2,2,0.002648,10,0,0,0,0,0,0.160423,16,768,0.014818,0.160423,False,21,2026-09-05T04:47:02.857360+00:00,/tmp/eas-clean-issue1.nlYHTf/experiments/eas/results/smoke/logs/main-l2-n128-uniform-w1-k2-s71-measure-profile.stderr.log,/tmp/eas-clean-issue1.nlYHTf/experiments/eas/results/smoke/logs/main-l2-n128-uniform-w1-k2-s71-measure-profile.stdout.log,main,0.00312,120.0,/tmp/eas-clean-issue1.nlYHTf/experiments/eas/results/smoke/traces/main-l2-n128-uniform-w1-k2-s71.tsv,f648a3839bdc3e146d566b5697598236c46f064ebcad36ea9c54761b7993f704,32,passed,1,75,0.99
measure,main-l2-n128-zipf-w1-k2,adaptive,101,ok,60,2,0.014738,True,False,2,2,2,1713923319,0.399968,68,0.024156,0.022862,2026-09-05T04:47:03.268277+00:00,3bf9e1ddb31780b685e57dd7282cd4120e75b40b7d7bd476f2be51bd8e798878,0,zipf,ok,0.094387,83,10000,536870912,8000000,RLIMIT_AS,2048,128,8184,2,0.008827331010252237,/tmp/eas-clean-issue1.nlYHTf/experiments/eas/results/smoke/raw/main-l2-n128-zipf-w1-k2-s101-measure-adaptive.json,7103805e5cbc22ca72378e75f15bb7522e24e87aceaa47819241771d50a17718,0.103238,0.101218,0.016495,0,30,/tmp/eas-clean-issue1.nlYHTf/experiments/eas/results/smoke/logs/main-l2-n128-zipf-w1-k2-s101-measure-adaptive.rss.txt,8184,0,0.077086,0.020849,331,0,0,0,249,33840,83,0.171722,0,0.094387,0,0,0.038825,158,0,0,0,0,0,0.272384,0,768,0.014198,0.272384,False,59,2026-09-05T04:47:03.259435+00:00,/tmp/eas-clean-issue1.nlYHTf/experiments/eas/results/smoke/logs/main-l2-n128-zipf-w1-k2-s101-measure-adaptive.stderr.log,/tmp/eas-clean-issue1.nlYHTf/experiments/eas/results/smoke/logs/main-l2-n128-zipf-w1-k2-s101-measure-adaptive.stdout.log,main,0.003314,120.0,/tmp/eas-clean-issue1.nlYHTf/experiments/eas/results/smoke/traces/main-l2-n128-zipf-w1-k2-s101.tsv,7441105e63b60140f0b1dc12459063dda99e26eb97b6c10f21e02263ce103aee,32,passed,1,189,0.99
measure,main-l2-n128-zipf-w1-k2,graph,101,ok,60,2,0.015698,True,False,2,2,2,1713923319,0.438268,68,0.024899,0.023818,2026-09-05T04:47:03.229349+00:00,3bf9e1ddb31780b685e57dd7282cd4120e75b40b7d7bd476f2be51bd8e798878,0,zipf,ok,0.09525,83,10000,536870912,8000000,RLIMIT_AS,2048,128,8176,2,0.008833916392177343,/tmp/eas-clean-issue1.nlYHTf/experiments/eas/results/smoke/raw/main-l2-n128-zipf-w1-k2-s101-measure-graph.json,49c34aca9c8d22a4e91c0e77755b3634e839bb7768cb26f3943c66469c12097f,0.108214,0.106385,0.016481,0,30,/tmp/eas-clean-issue1.nlYHTf/experiments/eas/results/smoke/logs/main-l2-n128-zipf-w1-k2-s101-measure-graph.rss.txt,8176,0,0.031824,0.005603,0,1328,0,0,0,0,83,0.20343,0,0.09525,0,0,0.130583,0,0,0,0,0,0,0.304979,1170,768,0.01658,0.304979,False,55,2026-09-05T04:47:03.220499+00:00,/tmp/eas-clean-issue1.nlYHTf/experiments/eas/results/smoke/logs/main-l2-n128-zipf-w1-k2-s101-measure-graph.stderr.log,/tmp/eas-clean-issue1.nlYHTf/experiments/eas/results/smoke/logs/main-l2-n128-zipf-w1-k2-s101-measure-graph.stdout.log,main,0.00291,120.0,/tmp/eas-clean-issue1.nlYHTf/experiments/eas/results/smoke/traces/main-l2-n128-zipf-w1-k2-s101.tsv,7441105e63b60140f0b1dc12459063dda99e26eb97b6c10f21e02263ce103aee,32,passed,1,177,0.99
measure,main-l2-n128-zipf-w1-k2,lazy,101,ok,60,2,0.01501,True,False,2,2,2,1713923319,0.393453,68,0.024322,0.023157,2026-09-05T04:47:03.239111+00:00,3bf9e1ddb31780b685e57dd7282cd4120e75b40b7d7bd476f2be51bd8e798878,0,zipf,ok,0.093681,83,10000,536870912,8000000,RLIMIT_AS,2048,128,8012,2,0.008866468910127878,/tmp/eas-clean-issue1.nlYHTf/experiments/eas/results/smoke/raw/main-l2-n128-zipf-w1-k2-s101-measure-lazy.json,bf1c83e7db951440ddcba630bb121de904c88e82821d85a97a16d8eb53d9c086,0.104873,0.102897,0.01657,0,30,/tmp/eas-clean-issue1.nlYHTf/experiments/eas/results/smoke/logs/main-l2-n128-zipf-w1-k2-s101-measure-lazy.rss.txt,8012,0,0.07247,0.020399,331,0,0,0,249,33840,83,0.164252,0,0.093681,0,0,0.038215,158,0,0,0,0,0,0.264152,0,768,0.01397,0.264152,False,56,2026-09-05T04:47:03.230229+00:00,/tmp/eas-clean-issue1.nlYHTf/experiments/eas/results/smoke/logs/main-l2-n128-zipf-w1-k2-s101-measure-lazy.stderr.log,/tmp/eas-clean-issue1.nlYHTf/experiments/eas/results/smoke/logs/main-l2-n128-zipf-w1-k2-s101-measure-lazy.stdout.log,main,0.003141,120.0,/tmp/eas-clean-issue1.nlYHTf/experiments/eas/results/smoke/traces/main-l2-n128-zipf-w1-k2-s101.tsv,7441105e63b60140f0b1dc12459063dda99e26eb97b6c10f21e02263ce103aee,32,passed,1,180,0.99
measure,main-l2-n128-zipf-w1-k2,native,101,ok,66,2,0.007282,True,False,2,2,2,1713923319,0.132895,62,0.028444,0.027013,2026-09-05T04:47:03.258597+00:00,eda1dd887e62b341c7c1bce00f83a24325ee0ff2359719302e32b22df8ca481b,0.008017,zipf,ok,0,83,10000,536870912,8000000,RLIMIT_AS,2048,128,8116,2,0.00885783601552248,/tmp/eas-clean-issue1.nlYHTf/experiments/eas/results/smoke/raw/main-l2-n128-zipf-w1-k2-s101-measure-native.json,b4097beb402705eb91fa34589f35fd56f274e78d9a7afbb3546e3be95ae44de0,0.10439,0.102489,0.016464,0,0,/tmp/eas-clean-issue1.nlYHTf/experiments/eas/results/smoke/logs/main-l2-n128-zipf-w1-k2-s101-measure-native.rss.txt,8116,0,0,0,0,0,0,0,0,0,83,0,0,0,0,0,0,0,0,0,0,0,0,0,0,0,0,0,False,58,2026-09-05T04:47:03.249723+00:00,/tmp/eas-clean-issue1.nlYHTf/experiments/eas/results/smoke/logs/main-l2-n128-zipf-w1-k2-s101-measure-native.stderr.log,/tmp/eas-clean-issue1.nlYHTf/experiments/eas/results/smoke/logs/main-l2-n128-zipf-w1-k2-s101-measure-native.stdout.log,main,0.003332,120.0,/tmp/eas-clean-issue1.nlYHTf/experiments/eas/results/smoke/traces/main-l2-n128-zipf-w1-k2-s101.tsv,7441105e63b60140f0b1dc12459063dda99e26eb97b6c10f21e02263ce103aee,32,passed,1,186,0.99
measure,main-l2-n128-zipf-w1-k2,profile,101,ok,60,2,0.014477,True,False,2,2,2,1713923319,0.46521,68,0.023812,0.022539,2026-09-05T04:47:03.248843+00:00,3bf9e1ddb31780b685e57dd7282cd4120e75b40b7d7bd476f2be51bd8e798878,0,zipf,ok,0.093507,83,10000,536870912,8000000,RLIMIT_AS,2048,128,8372,2,0.008850317914038897,/tmp/eas-clean-issue1.nlYHTf/experiments/eas/results/smoke/raw/main-l2-n128-zipf-w1-k2-s101-measure-profile.json,c3d5a4b52245e88028aa317c4499e3a1c2fba0568064559e4a2bbe3287dc0481,0.105924,0.104016,0.016392,0,30,/tmp/eas-clean-issue1.nlYHTf/experiments/eas/results/smoke/logs/main-l2-n128-zipf-w1-k2-s101-measure-profile.rss.txt,8372,10,0.110064,0.023411,0,0,3,156,249,33912,83,0.235646,337,0.093507,9,7,0.063036,158,0,0,0,0,0,0.335374,730,768,0.020111,0.335374,False,57,2026-09-05T04:47:03.239977+00:00,/tmp/eas-clean-issue1.nlYHTf/experiments/eas/results/smoke/logs/main-l2-n128-zipf-w1-k2-s101-measure-profile.stderr.log,/tmp/eas-clean-issue1.nlYHTf/experiments/eas/results/smoke/logs/main-l2-n128-zipf-w1-k2-s101-measure-profile.stdout.log,main,0.003181,120.0,/tmp/eas-clean-issue1.nlYHTf/experiments/eas/results/smoke/traces/main-l2-n128-zipf-w1-k2-s101.tsv,7441105e63b60140f0b1dc12459063dda99e26eb97b6c10f21e02263ce103aee,32,passed,1,183,0.99
measure,main-l2-n128-zipf-w1-k2,adaptive,11,ok,74,2,0.013616,True,False,2,2,2,1713923319,0.414987,54,0.022761,0.021452,2026-09-05T04:47:03.054336+00:00,d231127ecc9f367f02a208a7a3f587c1847546f9e2ed6ebda658697d28249f9c,0,zipf,ok,0.091557,88,10000,536870912,8000000,RLIMIT_AS,2048,128,8196,2,0.008922548964619637,/tmp/eas-clean-issue1.nlYHTf/experiments/eas/results/smoke/raw/main-l2-n128-zipf-w1-k2-s11-measure-adaptive.json,24ad6959e0e4cf3e78bc4157fc70153da0a0c9cac18a3774259530a144bc4b43,0.105247,0.103173,0.015909,0,37,/tmp/eas-clean-issue1.nlYHTf/experiments/eas/results/smoke/logs/main-l2-n128-zipf-w1-k2-s11-measure-adaptive.rss.txt,8196,0,0.084172,0.020193,436,0,0,0,264,34152,88,0.188911,0,0.091557,0,0,0.049833,164,0,0,0,0,0,0.286879,0,768,0.013504,0.286879,False,39,2026-09-05T04:47:03.045396+00:00,/tmp/eas-clean-issue1.nlYHTf/experiments/eas/results/smoke/logs/main-l2-n128-zipf-w1-k2-s11-measure-adaptive.stderr.log,/tmp/eas-clean-issue1.nlYHTf/experiments/eas/results/smoke/logs/main-l2-n128-zipf-w1-k2-s11-measure-adaptive.stdout.log,main,0.003383,120.0,/tmp/eas-clean-issue1.nlYHTf/experiments/eas/results/smoke/traces/main-l2-n128-zipf-w1-k2-s11.tsv,4aad40590f1fde84cfa7cfeeea398d92d40d8a219794b5b5fc8551aa70c6b5d8,32,passed,1,129,0.99
measure,main-l2-n128-zipf-w1-k2,graph,11,ok,74,2,0.012329,True,False,2,2,2,1713923319,0.452415,54,0.020751,0.019798,2026-09-05T04:47:03.014981+00:00,d231127ecc9f367f02a208a7a3f587c1847546f9e2ed6ebda658697d28249f9c,0,zipf,ok,0.092481,88,10000,536870912,8000000,RLIMIT_AS,2048,128,8016,2,0.008897992316633463,/tmp/eas-clean-issue1.nlYHTf/experiments/eas/results/smoke/raw/main-l2-n128-zipf-w1-k2-s11-measure-graph.json,fe1563b21c9b0b2398e9805120f6ff35e95a5be230c595355e79529f59a71fe9,0.103994,0.101973,0.01592,0,37,/tmp/eas-clean-issue1.nlYHTf/experiments/eas/results/smoke/logs/main-l2-n128-zipf-w1-k2-s11-measure-graph.rss.txt,8016,0,0.032397,0.002766,0,1408,0,0,0,0,88,0.228919,0,0.092481,0,0,0.158367,0,0,0,0,0,0,0.327572,1408,768,0.014454,0.327572,False,35,2026-09-05T04:47:03.006066+00:00,/tmp/eas-clean-issue1.nlYHTf/experiments/eas/results/smoke/logs/main-l2-n128-zipf-w1-k2-s11-measure-graph.stderr.log,/tmp/eas-clean-issue1.nlYHTf/experiments/eas/results/smoke/logs/main-l2-n128-zipf-w1-k2-s11-measure-graph.stdout.log,main,0.002974,120.0,/tmp/eas-clean-issue1.nlYHTf/experiments/eas/results/smoke/traces/main-l2-n128-zipf-w1-k2-s11.tsv,4aad40590f1fde84cfa7cfeeea398d92d40d8a219794b5b5fc8551aa70c6b5d8,32,passed,1,117,0.99
measure,main-l2-n128-zipf-w1-k2,lazy,11,ok,74,2,0.014886,True,False,2,2,2,1713923319,0.401553,54,0.023899,0.022867,2026-09-05T04:47:03.034651+00:00,d231127ecc9f367f02a208a7a3f587c1847546f9e2ed6ebda658697d28249f9c,0,zipf,ok,0.091382,88,10000,536870912,8000000,RLIMIT_AS,2048,128,8312,2,0.00894376402720809,/tmp/eas-clean-issue1.nlYHTf/experiments/eas/results/smoke/raw/main-l2-n128-zipf-w1-k2-s11-measure-lazy.json,97486ca2299ab5da7282fd3c2ff098ce106769d8f553929f67312ce6b084302c,0.104278,0.102293,0.015898,0,37,/tmp/eas-clean-issue1.nlYHTf/experiments/eas/results/smoke/logs/main-l2-n128-zipf-w1-k2-s11-measure-lazy.rss.txt,8312,0,0.072529,0.021447,436,0,0,0,264,34152,88,0.175397,0,0.091382,0,0,0.048172,164,0,0,0,0,0,0.273203,0,768,0.013279,0.273203,False,37,2026-09-05T04:47:03.025693+00:00,/tmp/eas-clean-issue1.nlYHTf/experiments/eas/results/smoke/logs/main-l2-n128-zipf-w1-k2-s11-measure-lazy.stderr.log,/tmp/eas-clean-issue1.nlYHTf/experiments/eas/results/smoke/logs/main-l2-n128-zipf-w1-k2-s11-measure-lazy.stdout.log,main,0.003017,120.0,/tmp/eas-clean-issue1.nlYHTf/experiments/eas/results/smoke/traces/main-l2-n128-zipf-w1-k2-s11.tsv,4aad40590f1fde84cfa7cfeeea398d92d40d8a219794b5b5fc8551aa70c6b5d8,32,passed,1,123,0.99
measure,main-l2-n128-zipf-w1-k2,native,11,ok,76,2,0.006327,True,False,2,2,2,1713923319,0.131273,52,0.025792,0.024799,2026-09-05T04:47:03.044421+00:00,e4acd6c4f54b7d042ce41cbe3849c18f7ac77eb31c7522e4e86226bd6bf9c4d0,0.00772,zipf,ok,0,88,10000,536870912,8000000,RLIMIT_AS,2048,128,8004,2,0.008897535037249327,/tmp/eas-clean-issue1.nlYHTf/experiments/eas/results/smoke/raw/main-l2-n128-zipf-w1-k2-s11-measure-native.json,c3aa52379cefc30af8ec1d2f42bc6fad741fa67b22e3c0d0cf5d7e73352a2d48,0.105395,0.103273,0.01594,0,0,/tmp/eas-clean-issue1.nlYHTf/experiments/eas/results/smoke/logs/main-l2-n128-zipf-w1-k2-s11-measure-native.rss.txt,8004,0,0,0,0,0,0,0,0,0,88,0,0,0,0,0,0,0,0,0,0,0,0,0,0,0,0,0,False,38,2026-09-05T04:47:03.035508+00:00,/tmp/eas-clean-issue1.nlYHTf/experiments/eas/results/smoke/logs/main-l2-n128-zipf-w1-k2-s11-measure-native.stderr.log,/tmp/eas-clean-issue1.nlYHTf/experiments/eas/results/smoke/logs/main-l2-n128-zipf-w1-k2-s11-measure-native.stdout.log,main,0.003115,120.0,/tmp/eas-clean-issue1.nlYHTf/experiments/eas/results/smoke/traces/main-l2-n128-zipf-w1-k2-s11.tsv,4aad40590f1fde84cfa7cfeeea398d92d40d8a219794b5b5fc8551aa70c6b5d8,32,passed,1,126,0.99
measure,main-l2-n128-zipf-w1-k2,profile,11,ok,74,2,0.01232,True,False,2,2,2,1713923319,0.471718,54,0.020527,0.019152,2026-09-05T04:47:03.024835+00:00,d231127ecc9f367f02a208a7a3f587c1847546f9e2ed6ebda658697d28249f9c,0,zipf,ok,0.092152,88,10000,536870912,8000000,RLIMIT_AS,2048,128,8376,2,0.008939814288169146,/tmp/eas-clean-issue1.nlYHTf/experiments/eas/results/smoke/raw/main-l2-n128-zipf-w1-k2-s11-measure-profile.json,07c690e863f2b4cc5a3bfaca95b8ddb84ba1c3323a701c4e83079ba10b1d845c,0.103921,0.102047,0.015831,0,37,/tmp/eas-clean-issue1.nlYHTf/experiments/eas/results/smoke/logs/main-l2-n128-zipf-w1-k2-s11-measure-profile.rss.txt,8376,10,0.106125,0.021314,0,0,4,225,264,34264,88,0.248671,376,0.092152,14,10,0.083269,164,0,0,0,0,0,0.347173,814,768,0.017528,0.347173,False,36,2026-09-05T04:47:03.015880+00:00,/tmp/eas-clean-issue1.nlYHTf/experiments/eas/results/smoke/logs/main-l2-n128-zipf-w1-k2-s11-measure-profile.stderr.log,/tmp/eas-clean-issue1.nlYHTf/experiments/eas/results/smoke/logs/main-l2-n128-zipf-w1-k2-s11-measure-profile.stdout.log,main,0.003249,120.0,/tmp/eas-clean-issue1.nlYHTf/experiments/eas/results/smoke/traces/main-l2-n128-zipf-w1-k2-s11.tsv,4aad40590f1fde84cfa7cfeeea398d92d40d8a219794b5b5fc8551aa70c6b5d8,32,passed,1,120,0.99
measure,main-l2-n128-zipf-w1-k2,adaptive,29,ok,66,2,0.016042,True,False,2,2,2,1713923319,0.407895,62,0.024987,0.024053,2026-09-05T04:47:03.088362+00:00,a99a32f8c06f29462438e9f723a13fc21c05946bbb094c97b91b53d2eb93427a,0,zipf,ok,0.091959,90,10000,536870912,8000000,RLIMIT_AS,2048,128,8248,2,0.008869217243045568,/tmp/eas-clean-issue1.nlYHTf/experiments/eas/results/smoke/raw/main-l2-n128-zipf-w1-k2-s29-measure-adaptive.json,e75a2e2cb7e6d34985fe92bf83d7e8e38eb71ce8c1853aeb60f8e03943a10a0e,0.104587,0.102648,0.016529,0,33,/tmp/eas-clean-issue1.nlYHTf/experiments/eas/results/smoke/logs/main-l2-n128-zipf-w1-k2-s29-measure-adaptive.rss.txt,8248,0,0.079227,0.021239,385,0,0,0,270,34272,90,0.179785,0,0.091959,0,0,0.045313,178,0,0,0,0,0,0.278154,0,768,0.013359,0.278154,False,42,2026-09-05T04:47:03.079476+00:00,/tmp/eas-clean-issue1.nlYHTf/experiments/eas/results/smoke/logs/main-l2-n128-zipf-w1-k2-s29-measure-adaptive.stderr.log,/tmp/eas-clean-issue1.nlYHTf/experiments/eas/results/smoke/logs/main-l2-n128-zipf-w1-k2-s29-measure-adaptive.stdout.log,main,0.002873,120.0,/tmp/eas-clean-issue1.nlYHTf/experiments/eas/results/smoke/traces/main-l2-n128-zipf-w1-k2-s29.tsv,419078cb815fde347c779dc8222d3d1243758a3763e499e39b6eb0fe2cf8aaab,32,passed,1,138,0.99
measure,main-l2-n128-zipf-w1-k2,graph,29,ok,66,2,0.014971,True,False,2,2,2,1713923319,0.440919,62,0.024238,0.02333,2026-09-05T04:47:03.068799+00:00,a99a32f8c06f29462438e9f723a13fc21c05946bbb094c97b91b53d2eb93427a,0,zipf,ok,0.095136,90,10000,536870912,8000000,RLIMIT_AS,2048,128,7916,2,0.008860019035637379,/tmp/eas-clean-issue1.nlYHTf/experiments/eas/results/smoke/raw/main-l2-n128-zipf-w1-k2-s29-measure-graph.json,8bf03393743aa067930fc4fccdfbcac897e49be63da039d5b59ade61d0add7c3,0.104294,0.102328,0.016395,0,33,/tmp/eas-clean-issue1.nlYHTf/experiments/eas/results/smoke/logs/main-l2-n128-zipf-w1-k2-s29-measure-graph.rss.txt,7916,0,0.036216,0.002901,0,1440,0,0,0,0,90,0.210551,0,0.095136,0,0,0.13452,0,0,0,0,0,0,0.31226,1200,768,0.016394,0.31226,False,40,2026-09-05T04:47:03.059920+00:00,/tmp/eas-clean-issue1.nlYHTf/experiments/eas/results/smoke/logs/main-l2-n128-zipf-w1-k2-s29-measure-graph.stderr.log,/tmp/eas-clean-issue1.nlYHTf/experiments/eas/results/smoke/logs/main-l2-n128-zipf-w1-k2-s29-measure-graph.stdout.log,main,0.002874,120.0,/tmp/eas-clean-issue1.nlYHTf/experiments/eas/results/smoke/traces/main-l2-n128-zipf-w1-k2-s29.tsv,419078cb815fde347c779dc8222d3d1243758a3763e499e39b6eb0fe2cf8aaab,32,passed,1,132,0.99
measure,main-l2-n128-zipf-w1-k2,lazy,29,ok,66,2,0.01394,True,False,2,2,2,1713923319,0.411248,62,0.02296,0.02176,2026-09-05T04:47:03.078543+00:00,a99a32f8c06f29462438e9f723a13fc21c05946bbb094c97b91b53d2eb93427a,0,zipf,ok,0.093853,90,10000,536870912,8000000,RLIMIT_AS,2048,128,8176,2,0.008868303149938583,/tmp/eas-clean-issue1.nlYHTf/experiments/eas/results/smoke/raw/main-l2-n128-zipf-w1-k2-s29-measure-lazy.json,1a8e3aa4841e903494263bb1b4d17c536af7049bf66e69c5d38d6ec6f5475692,0.111744,0.109714,0.022751,0,33,/tmp/eas-clean-issue1.nlYHTf/experiments/eas/results/smoke/logs/main-l2-n128-zipf-w1-k2-s29-measure-lazy.rss.txt,8176,0,0.07741,0.021113,385,0,0,0,270,34272,90,0.176081,0,0.093853,0,0,0.044139,178,0,0,0,0,0,0.276446,0,768,0.013502,0.276446,False,41,2026-09-05T04:47:03.069658+00:00,/tmp/eas-clean-issue1.nlYHTf/experiments/eas/results/smoke/logs/main-l2-n128-zipf-w1-k2-s29-measure-lazy.stderr.log,/tmp/eas-clean-issue1.nlYHTf/experiments/eas/results/smoke/logs/main-l2-n128-zipf-w1-k2-s29-measure-lazy.stdout.log,main,0.00323,120.0,/tmp/eas-clean-issue1.nlYHTf/experiments/eas/results/smoke/traces/main-l2-n128-zipf-w1-k2-s29.tsv,419078cb815fde347c779dc8222d3d1243758a3763e499e39b6eb0fe2cf8aaab,32,passed,1,135,0.99
measure,main-l2-n128-zipf-w1-k2,native,29,ok,72,2,0.006637,True,False,2,2,2,1713923319,0.130332,56,0.02623,0.025008,2026-09-05T04:47:03.107934+00:00,ce80d1950aa08fae72cc534754ae6371b3eed54759c2fc20c1ae4e009f4950a9,0.007395,zipf,ok,0,90,10000,536870912,8000000,RLIMIT_AS,2048,128,8096,2,0.008858141023665667,/tmp/eas-clean-issue1.nlYHTf/experiments/eas/results/smoke/raw/main-l2-n128-zipf-w1-k2-s29-measure-native.json,981f6ea207d0389e779539cfb10c1b03d24f17d7b7a9db9ad33a2d133e0a0a43,0.10404,0.102097,0.016097,0,0,/tmp/eas-clean-issue1.nlYHTf/experiments/eas/results/smoke/logs/main-l2-n128-zipf-w1-k2-s29-measure-native.rss.txt,8096,0,0,0,0,0,0,0,0,0,90,0,0,0,0,0,0,0,0,0,0,0,0,0,0,0,0,0,False,44,2026-09-05T04:47:03.099059+00:00,/tmp/eas-clean-issue1.nlYHTf/experiments/eas/results/smoke/logs/main-l2-n128-zipf-w1-k2-s29-measure-native.stderr.log,/tmp/eas-clean-issue1.nlYHTf/experiments/eas/results/smoke/logs/main-l2-n128-zipf-w1-k2-s29-measure-native.stdout.log,main,0.003165,120.0,/tmp/eas-clean-issue1.nlYHTf/experiments/eas/results/smoke/traces/main-l2-n128-zipf-w1-k2-s29.tsv,419078cb815fde347c779dc8222d3d1243758a3763e499e39b6eb0fe2cf8aaab,32,passed,1,144,0.99
measure,main-l2-n128-zipf-w1-k2,profile,29,ok,66,2,0.013886,True,False,2,2,2,1713923319,0.48435,62,0.023029,0.021742,2026-09-05T04:47:03.098155+00:00,a99a32f8c06f29462438e9f723a13fc21c05946bbb094c97b91b53d2eb93427a,0,zipf,ok,0.09817,90,10000,536870912,8000000,RLIMIT_AS,2048,128,8368,2,0.008875213097780943,/tmp/eas-clean-issue1.nlYHTf/experiments/eas/results/smoke/raw/main-l2-n128-zipf-w1-k2-s29-measure-profile.json,48f703acb11fb6541d6f50fe088fe54f9b3567661db0d8dd6262747937812478,0.102815,0.100906,0.016129,0,33,/tmp/eas-clean-issue1.nlYHTf/experiments/eas/results/smoke/logs/main-l2-n128-zipf-w1-k2-s29-measure-profile.rss.txt,8368,10,0.102694,0.026816,0,0,2,74,270,34304,90,0.253943,513,0.09817,4,4,0.08459,178,0,0,0,0,0,0.358406,962,768,0.019998,0.358406,False,43,2026-09-05T04:47:03.089264+00:00,/tmp/eas-clean-issue1.nlYHTf/experiments/eas/results/smoke/logs/main-l2-n128-zipf-w1-k2-s29-measure-profile.stderr.log,/tmp/eas-clean-issue1.nlYHTf/experiments/eas/results/smoke/logs/main-l2-n128-zipf-w1-k2-s29-measure-profile.stdout.log,main,0.003196,120.0,/tmp/eas-clean-issue1.nlYHTf/experiments/eas/results/smoke/traces/main-l2-n128-zipf-w1-k2-s29.tsv,419078cb815fde347c779dc8222d3d1243758a3763e499e39b6eb0fe2cf8aaab,32,passed,1,141,0.99
measure,main-l2-n128-zipf-w1-k2,adaptive,47,ok,62,2,0.016844,True,False,2,2,2,1713923319,0.405879,66,0.026653,0.025579,2026-09-05T04:47:03.151628+00:00,3d7022fd0fec8d6c5baabaef285b044dbb6d481ac875742503b26e4f51a882ba,0,zipf,ok,0.096497,77,10000,536870912,8000000,RLIMIT_AS,2048,128,8204,2,0.008833372965455055,/tmp/eas-clean-issue1.nlYHTf/experiments/eas/results/smoke/raw/main-l2-n128-zipf-w1-k2-s47-measure-adaptive.json,98648468b93356d7663bf7040d340941611d0b000dbeefe7a289bc63ca7e26b9,0.106074,0.104199,0.016807,0,31,/tmp/eas-clean-issue1.nlYHTf/experiments/eas/results/smoke/logs/main-l2-n128-zipf-w1-k2-s47-measure-adaptive.rss.txt,8204,0,0.079016,0.0198,334,0,0,0,231,33584,77,0.170004,0,0.096497,0,0,0.036822,153,0,0,0,0,0,0.273048,0,768,0.014178,0.273048,False,48,2026-09-05T04:47:03.142779+00:00,/tmp/eas-clean-issue1.nlYHTf/experiments/eas/results/smoke/logs/main-l2-n128-zipf-w1-k2-s47-measure-adaptive.stderr.log,/tmp/eas-clean-issue1.nlYHTf/experiments/eas/results/smoke/logs/main-l2-n128-zipf-w1-k2-s47-measure-adaptive.stdout.log,main,0.002949,120.0,/tmp/eas-clean-issue1.nlYHTf/experiments/eas/results/smoke/traces/main-l2-n128-zipf-w1-k2-s47.tsv,bdcc6704c8565733e7725d072de28a7995158ec34dc296fa7510d1f6eda423e5,32,passed,1,156,0.99
measure,main-l2-n128-zipf-w1-k2,graph,47,ok,62,2,0.014431,True,False,2,2,2,1713923319,0.419098,66,0.02373,0.022303,2026-09-05T04:47:03.161408+00:00,3d7022fd0fec8d6c5baabaef285b044dbb6d481ac875742503b26e4f51a882ba,0,zipf,ok,0.093292,77,10000,536870912,8000000,RLIMIT_AS,2048,128,8104,2,0.008885486982762814,/tmp/eas-clean-issue1.nlYHTf/experiments/eas/results/smoke/raw/main-l2-n128-zipf-w1-k2-s47-measure-graph.json,83408cfaced2a990bd9e18ee346802f1929d13f6509a5e89abb6c1f790f8515d,0.107795,0.105863,0.016695,0,31,/tmp/eas-clean-issue1.nlYHTf/experiments/eas/results/smoke/logs/main-l2-n128-zipf-w1-k2-s47-measure-graph.rss.txt,8104,0,0.029761,0.005666,0,1232,0,0,0,0,77,0.187709,0,0.093292,0,0,0.117134,0,0,0,0,0,0,0.287458,988,768,0.015621,0.287458,False,49,2026-09-05T04:47:03.152507+00:00,/tmp/eas-clean-issue1.nlYHTf/experiments/eas/results/smoke/logs/main-l2-n128-zipf-w1-k2-s47-measure-graph.stderr.log,/tmp/eas-clean-issue1.nlYHTf/experiments/eas/results/smoke/logs/main-l2-n128-zipf-w1-k2-s47-measure-graph.stdout.log,main,0.003359,120.0,/tmp/eas-clean-issue1.nlYHTf/experiments/eas/results/smoke/traces/main-l2-n128-zipf-w1-k2-s47.tsv,bdcc6704c8565733e7725d072de28a7995158ec34dc296fa7510d1f6eda423e5,32,passed,1,159,0.99
measure,main-l2-n128-zipf-w1-k2,lazy,47,ok,62,2,0.015099,True,False,2,2,2,1713923319,0.398597,66,0.023957,0.02289,2026-09-05T04:47:03.141918+00:00,3d7022fd0fec8d6c5baabaef285b044dbb6d481ac875742503b26e4f51a882ba,0,zipf,ok,0.095763,77,10000,536870912,8000000,RLIMIT_AS,2048,128,8188,2,0.008902701549232006,/tmp/eas-clean-issue1.nlYHTf/experiments/eas/results/smoke/raw/main-l2-n128-zipf-w1-k2-s47-measure-lazy.json,121c21eadd046547aff484e6d89af0c3c1d745eb79576247fcb998aed4eb58ff,0.105471,0.103669,0.016492,0,31,/tmp/eas-clean-issue1.nlYHTf/experiments/eas/results/smoke/logs/main-l2-n128-zipf-w1-k2-s47-measure-lazy.rss.txt,8188,0,0.077698,0.019007,334,0,0,0,231,33584,77,0.166999,0,0.095763,0,0,0.038131,153,0,0,0,0,0,0.269075,0,768,0.013632,0.269075,False,47,2026-09-05T04:47:03.132999+00:00,/tmp/eas-clean-issue1.nlYHTf/experiments/eas/results/smoke/logs/main-l2-n128-zipf-w1-k2-s47-measure-lazy.stderr.log,/tmp/eas-clean-issue1.nlYHTf/experiments/eas/results/smoke/logs/main-l2-n128-zipf-w1-k2-s47-measure-lazy.stdout.log,main,0.002869,120.0,/tmp/eas-clean-issue1.nlYHTf/experiments/eas/results/smoke/traces/main-l2-n128-zipf-w1-k2-s47.tsv,bdcc6704c8565733e7725d072de28a7995158ec34dc296fa7510d1f6eda423e5,32,passed,1,153,0.99
measure,main-l2-n128-zipf-w1-k2,native,47,ok,63,2,0.007479,True,False,2,2,2,1713923319,0.133033,65,0.02814,0.027163,2026-09-05T04:47:03.132133+00:00,75de3dc16c47b2697e12782f08ee00e2707cbf8a9c1b738619de849d06bcfbe0,0.00767,zipf,ok,0,77,10000,536870912,8000000,RLIMIT_AS,2048,128,8140,2,0.008875635918229818,/tmp/eas-clean-issue1.nlYHTf/experiments/eas/results/smoke/raw/main-l2-n128-zipf-w1-k2-s47-measure-native.json,a05dab9551e4a78f796b130a40f1ac60332b0cbaf047d50c3c3b22afa689a9fe,0.104826,0.103002,0.016619,0,0,/tmp/eas-clean-issue1.nlYHTf/experiments/eas/results/smoke/logs/main-l2-n128-zipf-w1-k2-s47-measure-native.rss.txt,8140,0,0,0,0,0,0,0,0,0,77,0,0,0,0,0,0,0,0,0,0,0,0,0,0,0,0,0,False,46,2026-09-05T04:47:03.123240+00:00,/tmp/eas-clean-issue1.nlYHTf/experiments/eas/results/smoke/logs/main-l2-n128-zipf-w1-k2-s47-measure-native.stderr.log,/tmp/eas-clean-issue1.nlYHTf/experiments/eas/results/smoke/logs/main-l2-n128-zipf-w1-k2-s47-measure-native.stdout.log,main,0.002801,120.0,/tmp/eas-clean-issue1.nlYHTf/experiments/eas/results/smoke/traces/main-l2-n128-zipf-w1-k2-s47.tsv,bdcc6704c8565733e7725d072de28a7995158ec34dc296fa7510d1f6eda423e5,32,passed,1,150,0.99
measure,main-l2-n128-zipf-w1-k2,profile,47,ok,62,2,0.014838,True,False,2,2,2,1713923319,0.469563,66,0.024041,0.022782,2026-09-05T04:47:03.122352+00:00,3d7022fd0fec8d6c5baabaef285b044dbb6d481ac875742503b26e4f51a882ba,0,zipf,ok,0.095992,77,10000,536870912,8000000,RLIMIT_AS,2048,128,8208,2,0.008867819793522358,/tmp/eas-clean-issue1.nlYHTf/experiments/eas/results/smoke/raw/main-l2-n128-zipf-w1-k2-s47-measure-profile.json,86f0de4bdba352297a0298871af4c5bebe69b00bca1b145d6f93b1ab7dafe8ec,0.105109,0.10343,0.016494,0,31,/tmp/eas-clean-issue1.nlYHTf/experiments/eas/results/smoke/logs/main-l2-n128-zipf-w1-k2-s47-measure-profile.rss.txt,8208,9,0.114734,0.022245,0,0,3,132,231,33656,77,0.237797,337,0.095992,9,7,0.062993,153,0,0,0,0,0,0.340224,662,768,0.019068,0.340224,False,45,2026-09-05T04:47:03.113468+00:00,/tmp/eas-clean-issue1.nlYHTf/experiments/eas/results/smoke/logs/main-l2-n128-zipf-w1-k2-s47-measure-profile.stderr.log,/tmp/eas-clean-issue1.nlYHTf/experiments/eas/results/smoke/logs/main-l2-n128-zipf-w1-k2-s47-measure-profile.stdout.log,main,0.002938,120.0,/tmp/eas-clean-issue1.nlYHTf/experiments/eas/results/smoke/traces/main-l2-n128-zipf-w1-k2-s47.tsv,bdcc6704c8565733e7725d072de28a7995158ec34dc296fa7510d1f6eda423e5,32,passed,1,147,0.99
warmup,main-l2-n128-zipf-w1-k2,adaptive,7,ok,72,2,0.011524,True,False,2,2,2,1713923319,0.401496,56,0.020196,0.018968,2026-09-05T04:47:02.980911+00:00,bcb0dce1afd9dac12358564a07c2e7e3a23be94a43ae02b60de835fd34302d3b,0,zipf,ok,0.090073,91,10000,536870912,8000000,RLIMIT_AS,2048,128,8208,2,0.008911928161978722,/tmp/eas-clean-issue1.nlYHTf/experiments/eas/results/smoke/raw/main-l2-n128-zipf-w1-k2-s7-warmup-adaptive.json,783de6ae64cd9ab14b6108c431bb689d491cb25fe272cae6f71fb2e351397432,0.103258,0.101633,0.016088,0,36,/tmp/eas-clean-issue1.nlYHTf/experiments/eas/results/smoke/logs/main-l2-n128-zipf-w1-k2-s7-warmup-adaptive.rss.txt,8208,0,0.083904,0.0206,380,0,0,0,273,34264,91,0.181393,0,0.090073,0,0,0.043545,178,0,0,0,0,0,0.277849,0,768,0.013286,0.277849,False,32,2026-09-05T04:47:02.971983+00:00,/tmp/eas-clean-issue1.nlYHTf/experiments/eas/results/smoke/logs/main-l2-n128-zipf-w1-k2-s7-warmup-adaptive.stderr.log,/tmp/eas-clean-issue1.nlYHTf/experiments/eas/results/smoke/logs/main-l2-n128-zipf-w1-k2-s7-warmup-adaptive.stdout.log,main,0.002853,120.0,/tmp/eas-clean-issue1.nlYHTf/experiments/eas/results/smoke/traces/main-l2-n128-zipf-w1-k2-s7.tsv,4fbe98cdb97463de5467d346e147d8035d77dab4c1d35e3fbfd660ba45b8d0e5,32,passed,1,108,0.99
warmup,main-l2-n128-zipf-w1-k2,graph,7,ok,72,2,0.011827,True,False,2,2,2,1713923319,0.431573,56,0.02026,0.019061,2026-09-05T04:47:02.971087+00:00,bcb0dce1afd9dac12358564a07c2e7e3a23be94a43ae02b60de835fd34302d3b,0,zipf,ok,0.090254,91,10000,536870912,8000000,RLIMIT_AS,2048,128,7968,2,0.00894729234278202,/tmp/eas-clean-issue1.nlYHTf/experiments/eas/results/smoke/raw/main-l2-n128-zipf-w1-k2-s7-warmup-graph.json,bc6e8656caeacfa74f169ef1e6d21118fad72d010481db638688fbef89a68a2e,0.106154,0.104333,0.01607,0,36,/tmp/eas-clean-issue1.nlYHTf/experiments/eas/results/smoke/logs/main-l2-n128-zipf-w1-k2-s7-warmup-graph.rss.txt,7968,0,0.034384,0.002844,0,1456,0,0,0,0,91,0.208474,0,0.090254,0,0,0.134137,0,0,0,0,0,0,0.305058,1198,768,0.015509,0.305058,False,31,2026-09-05T04:47:02.962121+00:00,/tmp/eas-clean-issue1.nlYHTf/experiments/eas/results/smoke/logs/main-l2-n128-zipf-w1-k2-s7-warmup-graph.stderr.log,/tmp/eas-clean-issue1.nlYHTf/experiments/eas/results/smoke/logs/main-l2-n128-zipf-w1-k2-s7-warmup-graph.stdout.log,main,0.00302,120.0,/tmp/eas-clean-issue1.nlYHTf/experiments/eas/results/smoke/traces/main-l2-n128-zipf-w1-k2-s7.tsv,4fbe98cdb97463de5467d346e147d8035d77dab4c1d35e3fbfd660ba45b8d0e5,32,passed,1,105,0.99
warmup,main-l2-n128-zipf-w1-k2,lazy,7,ok,72,2,0.012672,True,False,2,2,2,1713923319,0.399306,56,0.021252,0.020146,2026-09-05T04:47:02.990631+00:00,bcb0dce1afd9dac12358564a07c2e7e3a23be94a43ae02b60de835fd34302d3b,0,zipf,ok,0.089242,91,10000,536870912,8000000,RLIMIT_AS,2048,128,8076,2,0.008840528316795826,/tmp/eas-clean-issue1.nlYHTf/experiments/eas/results/smoke/raw/main-l2-n128-zipf-w1-k2-s7-warmup-lazy.json,3c19c9b64e210bf3135fe5e0eaf3c208f36587b15ad185f9bebc4addbdfe23d1,0.102401,0.100283,0.016157,0,36,/tmp/eas-clean-issue1.nlYHTf/experiments/eas/results/smoke/logs/main-l2-n128-zipf-w1-k2-s7-warmup-lazy.rss.txt,8076,0,0.077764,0.020679,380,0,0,0,273,34264,91,0.179974,0,0.089242,0,0,0.047413,178,0,0,0,0,0,0.275559,0,768,0.013249,0.275559,False,33,2026-09-05T04:47:02.981774+00:00,/tmp/eas-clean-issue1.nlYHTf/experiments/eas/results/smoke/logs/main-l2-n128-zipf-w1-k2-s7-warmup-lazy.stderr.log,/tmp/eas-clean-issue1.nlYHTf/experiments/eas/results/smoke/logs/main-l2-n128-zipf-w1-k2-s7-warmup-lazy.stdout.log,main,0.003224,120.0,/tmp/eas-clean-issue1.nlYHTf/experiments/eas/results/smoke/traces/main-l2-n128-zipf-w1-k2-s7.tsv,4fbe98cdb97463de5467d346e147d8035d77dab4c1d35e3fbfd660ba45b8d0e5,32,passed,1,111,0.99
warmup,main-l2-n128-zipf-w1-k2,native,7,ok,71,2,0.006396,True,False,2,2,2,1713923319,0.129223,57,0.026048,0.025139,2026-09-05T04:47:03.000378+00:00,812d51a5ba0f6668c02af5cff0479197d04d82fcd565c1a151d49dfbc69c70e5,0.007598,zipf,ok,0,91,10000,536870912,8000000,RLIMIT_AS,2048,128,8208,2,0.008880876936018467,/tmp/eas-clean-issue1.nlYHTf/experiments/eas/results/smoke/raw/main-l2-n128-zipf-w1-k2-s7-warmup-native.json,0644ca989fa9918b78e887aac5d4a8a91604d0d1b1afe557cfe770e16369b697,0.103107,0.100981,0.016227,0,0,/tmp/eas-clean-issue1.nlYHTf/experiments/eas/results/smoke/logs/main-l2-n128-zipf-w1-k2-s7-warmup-native.rss.txt,8208,0,0,0,0,0,0,0,0,0,91,0,0,0,0,0,0,0,0,0,0,0,0,0,0,0,0,0,False,34,2026-09-05T04:47:02.991480+00:00,/tmp/eas-clean-issue1.nlYHTf/experiments/eas/results/smoke/logs/main-l2-n128-zipf-w1-k2-s7-warmup-native.stderr.log,/tmp/eas-clean-issue1.nlYHTf/experiments/eas/results/smoke/logs/main-l2-n128-zipf-w1-k2-s7-warmup-native.stdout.log,main,0.003035,120.0,/tmp/eas-clean-issue1.nlYHTf/experiments/eas/results/smoke/traces/main-l2-n128-zipf-w1-k2-s7.tsv,4fbe98cdb97463de5467d346e147d8035d77dab4c1d35e3fbfd660ba45b8d0e5,32,passed,1,114,0.99
warmup,main-l2-n128-zipf-w1-k2,profile,7,ok,72,2,0.013641,True,False,2,2,2,1713923319,0.47663,56,0.022365,0.021192,2026-09-05T04:47:02.961116+00:00,bcb0dce1afd9dac12358564a07c2e7e3a23be94a43ae02b60de835fd34302d3b,0,zipf,ok,0.091977,91,10000,536870912,8000000,RLIMIT_AS,2048,128,8256,2,0.008809817023575306,/tmp/eas-clean-issue1.nlYHTf/experiments/eas/results/smoke/raw/main-l2-n128-zipf-w1-k2-s7-warmup-profile.json,e310169b8cf328528548cd0ea079fe2efcc965477a83e9a98d29df8c5093d647,0.102617,0.100461,0.016333,0,36,/tmp/eas-clean-issue1.nlYHTf/experiments/eas/results/smoke/logs/main-l2-n128-zipf-w1-k2-s7-warmup-profile.rss.txt,8256,10,0.105718,0.022704,0,0,3,120,273,34320,91,0.253251,448,0.091977,7,6,0.086075,178,0,0,0,0,0,0.351531,882,768,0.018496,0.351531,False,30,2026-09-05T04:47:02.952287+00:00,/tmp/eas-clean-issue1.nlYHTf/experiments/eas/results/smoke/logs/main-l2-n128-zipf-w1-k2-s7-warmup-profile.stderr.log,/tmp/eas-clean-issue1.nlYHTf/experiments/eas/results/smoke/logs/main-l2-n128-zipf-w1-k2-s7-warmup-profile.stdout.log,main,0.003329,120.0,/tmp/eas-clean-issue1.nlYHTf/experiments/eas/results/smoke/traces/main-l2-n128-zipf-w1-k2-s7.tsv,4fbe98cdb97463de5467d346e147d8035d77dab4c1d35e3fbfd660ba45b8d0e5,32,passed,1,102,0.99
measure,main-l2-n128-zipf-w1-k2,adaptive,71,ok,60,2,0.014464,True,False,2,2,2,1713923319,0.398954,68,0.023883,0.022779,2026-09-05T04:47:03.195512+00:00,326e1f381de3eb79e2fcd3aad54b89278c1088bb8fc3a25b16a7854923c80790,0,zipf,ok,0.101202,81,10000,536870912,8000000,RLIMIT_AS,2048,128,8056,2,0.008863367140293121,/tmp/eas-clean-issue1.nlYHTf/experiments/eas/results/smoke/raw/main-l2-n128-zipf-w1-k2-s71-measure-adaptive.json,5be012b2e184d007feff617baf7060158520fd831c182e69a857a3f19112f001,0.1052,0.103174,0.016527,0,30,/tmp/eas-clean-issue1.nlYHTf/experiments/eas/results/smoke/logs/main-l2-n128-zipf-w1-k2-s71-measure-adaptive.rss.txt,8056,0,0.073471,0.020605,312,0,0,0,243,33680,81,0.162261,0,0.101202,0,0,0.035557,162,0,0,0,0,0,0.269766,0,768,0.013719,0.269766,False,52,2026-09-05T04:47:03.186633+00:00,/tmp/eas-clean-issue1.nlYHTf/experiments/eas/results/smoke/logs/main-l2-n128-zipf-w1-k2-s71-measure-adaptive.stderr.log,/tmp/eas-clean-issue1.nlYHTf/experiments/eas/results/smoke/logs/main-l2-n128-zipf-w1-k2-s71-measure-adaptive.stdout.log,main,0.00313,120.0,/tmp/eas-clean-issue1.nlYHTf/experiments/eas/results/smoke/traces/main-l2-n128-zipf-w1-k2-s71.tsv,20a3235c9c38cdc8820062f33972f43eed49a3d172b226722649532db1d2041f,32,passed,1,168,0.99
measure,main-l2-n128-zipf-w1-k2,graph,71,ok,60,2,0.017242,True,False,2,2,2,1713923319,0.402449,68,0.027631,0.026365,2026-09-05T04:47:03.175860+00:00,326e1f381de3eb79e2fcd3aad54b89278c1088bb8fc3a25b16a7854923c80790,0,zipf,ok,0.09409,81,10000,536870912,8000000,RLIMIT_AS,2048,128,7916,2,0.008900639601051807,/tmp/eas-clean-issue1.nlYHTf/experiments/eas/results/smoke/raw/main-l2-n128-zipf-w1-k2-s71-measure-graph.json,401929ef3276110f307b6ccf2dc544aa8023ccb8e6385d0df3a7eb462acb5024,0.106243,0.104544,0.016522,0,30,/tmp/eas-clean-issue1.nlYHTf/experiments/eas/results/smoke/logs/main-l2-n128-zipf-w1-k2-s71-measure-graph.rss.txt,7916,0,0.030249,0.005607,0,1296,0,0,0,0,81,0.168096,0,0.09409,0,0,0.096409,0,0,0,0,0,0,0.268475,830,768,0.015614,0.268475,False,50,2026-09-05T04:47:03.166942+00:00,/tmp/eas-clean-issue1.nlYHTf/experiments/eas/results/smoke/logs/main-l2-n128-zipf-w1-k2-s71-measure-graph.stderr.log,/tmp/eas-clean-issue1.nlYHTf/experiments/eas/results/smoke/logs/main-l2-n128-zipf-w1-k2-s71-measure-graph.stdout.log,main,0.002965,120.0,/tmp/eas-clean-issue1.nlYHTf/experiments/eas/results/smoke/traces/main-l2-n128-zipf-w1-k2-s71.tsv,20a3235c9c38cdc8820062f33972f43eed49a3d172b226722649532db1d2041f,32,passed,1,162,0.99
measure,main-l2-n128-zipf-w1-k2,lazy,71,ok,60,2,0.014914,True,False,2,2,2,1713923319,0.391311,68,0.024665,0.023543,2026-09-05T04:47:03.214938+00:00,326e1f381de3eb79e2fcd3aad54b89278c1088bb8fc3a25b16a7854923c80790,0,zipf,ok,0.094071,81,10000,536870912,8000000,RLIMIT_AS,2048,128,8120,2,0.008846868760883808,/tmp/eas-clean-issue1.nlYHTf/experiments/eas/results/smoke/raw/main-l2-n128-zipf-w1-k2-s71-measure-lazy.json,6c7f1a4e96903a0d1e7839a76429966811d3ffd162c1247954c711f150d76b6c,0.106926,0.105133,0.016435,0,30,/tmp/eas-clean-issue1.nlYHTf/experiments/eas/results/smoke/logs/main-l2-n128-zipf-w1-k2-s71-measure-lazy.rss.txt,8120,0,0.07233,0.0202,312,0,0,0,243,33680,81,0.159264,0,0.094071,0,0,0.034567,162,0,0,0,0,0,0.259537,0,768,0.013513,0.259537,False,54,2026-09-05T04:47:03.206077+00:00,/tmp/eas-clean-issue1.nlYHTf/experiments/eas/results/smoke/logs/main-l2-n128-zipf-w1-k2-s71-measure-lazy.stderr.log,/tmp/eas-clean-issue1.nlYHTf/experiments/eas/results/smoke/logs/main-l2-n128-zipf-w1-k2-s71-measure-lazy.stdout.log,main,0.002915,120.0,/tmp/eas-clean-issue1.nlYHTf/experiments/eas/results/smoke/traces/main-l2-n128-zipf-w1-k2-s71.tsv,20a3235c9c38cdc8820062f33972f43eed49a3d172b226722649532db1d2041f,32,passed,1,174,0.99
measure,main-l2-n128-zipf-w1-k2,native,71,ok,63,2,0.00753,True,False,2,2,2,1713923319,0.133838,65,0.028252,0.027034,2026-09-05T04:47:03.185771+00:00,b016f24b72702c10518dce5f8512eaa47ca2bff5c11f5e92a11547af69b863f7,0.00786,zipf,ok,0,81,10000,536870912,8000000,RLIMIT_AS,2048,128,8004,2,0.008897955995053053,/tmp/eas-clean-issue1.nlYHTf/experiments/eas/results/smoke/raw/main-l2-n128-zipf-w1-k2-s71-measure-native.json,6baa99954810f24d18255618f82a5b2e89f7adb934efca1c556eeb163a7ec5be,0.105461,0.103648,0.01633,0,0,/tmp/eas-clean-issue1.nlYHTf/experiments/eas/results/smoke/logs/main-l2-n128-zipf-w1-k2-s71-measure-native.rss.txt,8004,0,0,0,0,0,0,0,0,0,81,0,0,0,0,0,0,0,0,0,0,0,0,0,0,0,0,0,False,51,2026-09-05T04:47:03.176856+00:00,/tmp/eas-clean-issue1.nlYHTf/experiments/eas/results/smoke/logs/main-l2-n128-zipf-w1-k2-s71-measure-native.stderr.log,/tmp/eas-clean-issue1.nlYHTf/experiments/eas/results/smoke/logs/main-l2-n128-zipf-w1-k2-s71-measure-native.stdout.log,main,0.003031,120.0,/tmp/eas-clean-issue1.nlYHTf/experiments/eas/results/smoke/traces/main-l2-n128-zipf-w1-k2-s71.tsv,20a3235c9c38cdc8820062f33972f43eed49a3d172b226722649532db1d2041f,32,passed,1,165,0.99
measure,main-l2-n128-zipf-w1-k2,profile,71,ok,60,2,0.015385,True,False,2,2,2,1713923319,0.461963,68,0.025216,0.024084,2026-09-05T04:47:03.205222+00:00,326e1f381de3eb79e2fcd3aad54b89278c1088bb8fc3a25b16a7854923c80790,0,zipf,ok,0.099793,81,10000,536870912,8000000,RLIMIT_AS,2048,128,8336,2,0.008833241183310747,/tmp/eas-clean-issue1.nlYHTf/experiments/eas/results/smoke/raw/main-l2-n128-zipf-w1-k2-s71-measure-profile.json,14b739bb3e52924d782d4a2a401a627e41ee830d1c9d9b92406f6e64051822b7,0.105634,0.103576,0.016469,0,30,/tmp/eas-clean-issue1.nlYHTf/experiments/eas/results/smoke/logs/main-l2-n128-zipf-w1-k2-s71-measure-profile.rss.txt,8336,9,0.106512,0.022314,0,0,3,101,243,33736,81,0.224825,330,0.099793,7,6,0.056993,162,0,0,0,0,0,0.330998,654,768,0.01951,0.330998,False,53,2026-09-05T04:47:03.196372+00:00,/tmp/eas-clean-issue1.nlYHTf/experiments/eas/results/smoke/logs/main-l2-n128-zipf-w1-k2-s71-measure-profile.stderr.log,/tmp/eas-clean-issue1.nlYHTf/experiments/eas/results/smoke/logs/main-l2-n128-zipf-w1-k2-s71-measure-profile.stdout.log,main,0.00319,120.0,/tmp/eas-clean-issue1.nlYHTf/experiments/eas/results/smoke/traces/main-l2-n128-zipf-w1-k2-s71.tsv,20a3235c9c38cdc8820062f33972f43eed49a3d172b226722649532db1d2041f,32,passed,1,171,0.99
measure,worst-l2-n256-identical-w1-k1,adaptive,101,ok,255,2,0.00038,True,False,2,2,2,1247765411,0.934047,1,0.003915,0.002982,2026-09-05T04:47:03.652136+00:00,5a1bcc06a439c14d9fd79abc9dd58fe52d766e0305eada150257562976212269,0,identical,ok,0.129543,256,10000,536870912,8000000,RLIMIT_AS,2048,256,8304,1,0.008903400972485542,/tmp/eas-clean-issue1.nlYHTf/experiments/eas/results/smoke/raw/worst-l2-n256-identical-w1-k1-s101-measure-adaptive.json,1164142fbabbf3dfe108e9833dc2c2e8f4473430e9bfe06e79784e627320c96b,0.137712,0.135802,0.02117,0,255,/tmp/eas-clean-issue1.nlYHTf/experiments/eas/results/smoke/logs/worst-l2-n256-identical-w1-k1-s101-measure-adaptive.rss.txt,8304,16,0.05594,0.004813,4216,0,3,717,768,18872,256,0.650567,0,0.129543,3,1,0.428897,3,0.094835,4216,239,17,1,0.792336,2384,1536,0.01809,0.792336,False,88,2026-09-05T04:47:03.643217+00:00,/tmp/eas-clean-issue1.nlYHTf/experiments/eas/results/smoke/logs/worst-l2-n256-identical-w1-k1-s101-measure-adaptive.stderr.log,/tmp/eas-clean-issue1.nlYHTf/experiments/eas/results/smoke/logs/worst-l2-n256-identical-w1-k1-s101-measure-adaptive.stdout.log,worst,0.002843,120.0,/tmp/eas-clean-issue1.nlYHTf/experiments/eas/results/smoke/traces/worst-l2-n256-identical-w1-k1-s101.tsv,3c59f854c3efe16f2ac42aecf7c35494effde49c2b82d33ca4409bd22b7c1193,32,passed,1,276,0.99
measure,worst-l2-n256-identical-w1-k1,graph,101,ok,255,2,0.000328,True,False,2,2,2,1247765411,4.304153,1,0.00414,0.002873,2026-09-05T04:47:03.632369+00:00,5a1bcc06a439c14d9fd79abc9dd58fe52d766e0305eada150257562976212269,0,identical,ok,0.130837,256,10000,536870912,8000000,RLIMIT_AS,2048,256,8188,1,0.016918639186769724,/tmp/eas-clean-issue1.nlYHTf/experiments/eas/results/smoke/raw/worst-l2-n256-identical-w1-k1-s101-measure-graph.json,c820bb653b0dd4fe0e50d7d20ffc0e83741e8798b6c86f185ca125912a4627e6,0.13702,0.134964,0.021137,0,255,/tmp/eas-clean-issue1.nlYHTf/experiments/eas/results/smoke/logs/worst-l2-n256-identical-w1-k1-s101-measure-graph.rss.txt,8188,0,0.053757,0.00077,0,8192,0,0,0,0,256,4.020015,0,0.130837,0,0,3.896813,0,0,0,0,0,0,4.162874,65792,1536,0.018303,4.162874,False,86,2026-09-05T04:47:03.615434+00:00,/tmp/eas-clean-issue1.nlYHTf/experiments/eas/results/smoke/logs/worst-l2-n256-identical-w1-k1-s101-measure-graph.stderr.log,/tmp/eas-clean-issue1.nlYHTf/experiments/eas/results/smoke/logs/worst-l2-n256-identical-w1-k1-s101-measure-graph.stdout.log,worst,0.003323,120.0,/tmp/eas-clean-issue1.nlYHTf/experiments/eas/results/smoke/traces/worst-l2-n256-identical-w1-k1-s101.tsv,3c59f854c3efe16f2ac42aecf7c35494effde49c2b82d33ca4409bd22b7c1193,32,passed,1,270,0.99
measure,worst-l2-n256-identical-w1-k1,lazy,101,ok,255,2,0.00039,True,False,2,2,2,1247765411,3.225461,1,0.005262,0.004054,2026-09-05T04:47:03.614433+00:00,5a1bcc06a439c14d9fd79abc9dd58fe52d766e0305eada150257562976212269,0,identical,ok,0.139829,256,10000,536870912,8000000,RLIMIT_AS,2048,256,8272,1,0.016910689882934093,/tmp/eas-clean-issue1.nlYHTf/experiments/eas/results/smoke/raw/worst-l2-n256-identical-w1-k1-s101-measure-lazy.json,96e3205602c893a5c38f62879c9dfe975948e09728730b21a1993d1edec3093a,0.137287,0.135327,0.021223,0,255,/tmp/eas-clean-issue1.nlYHTf/experiments/eas/results/smoke/logs/worst-l2-n256-identical-w1-k1-s101-measure-lazy.rss.txt,8272,0,0.056026,0.005212,32895,0,0,0,768,18848,256,2.930527,0,0.139829,0,0,2.801649,3,0,0,0,0,0,3.082784,0,1536,0.017962,3.082784,False,85,2026-09-05T04:47:03.597506+00:00,/tmp/eas-clean-issue1.nlYHTf/experiments/eas/results/smoke/logs/worst-l2-n256-identical-w1-k1-s101-measure-lazy.stderr.log,/tmp/eas-clean-issue1.nlYHTf/experiments/eas/results/smoke/logs/worst-l2-n256-identical-w1-k1-s101-measure-lazy.stdout.log,worst,0.003168,120.0,/tmp/eas-clean-issue1.nlYHTf/experiments/eas/results/smoke/traces/worst-l2-n256-identical-w1-k1-s101.tsv,3c59f854c3efe16f2ac42aecf7c35494effde49c2b82d33ca4409bd22b7c1193,32,passed,1,267,0.99
measure,worst-l2-n256-identical-w1-k1,native,101,ok,255,2,0.000129,True,False,2,2,2,1247765411,0.162051,1,0.024005,0.022756,2026-09-05T04:47:03.662013+00:00,bd7950a6d15bae0d7d2f89acee585ed2c30faacb7a1f306014422aa4549b0c82,0.010581,identical,ok,0,256,10000,536870912,8000000,RLIMIT_AS,2048,256,8288,1,0.008889677003026009,/tmp/eas-clean-issue1.nlYHTf/experiments/eas/results/smoke/raw/worst-l2-n256-identical-w1-k1-s101-measure-native.json,9aba9650be164a6f6d6a61c8ff690022e62595d1d6b416edba39c9865545a494,0.137994,0.136125,0.020967,0,0,/tmp/eas-clean-issue1.nlYHTf/experiments/eas/results/smoke/logs/worst-l2-n256-identical-w1-k1-s101-measure-native.rss.txt,8288,0,0,0,0,0,0,0,0,0,256,0,0,0,0,0,0,0,0,0,0,0,0,0,0,0,0,0,False,89,2026-09-05T04:47:03.653106+00:00,/tmp/eas-clean-issue1.nlYHTf/experiments/eas/results/smoke/logs/worst-l2-n256-identical-w1-k1-s101-measure-native.stderr.log,/tmp/eas-clean-issue1.nlYHTf/experiments/eas/results/smoke/logs/worst-l2-n256-identical-w1-k1-s101-measure-native.stdout.log,worst,0.003118,120.0,/tmp/eas-clean-issue1.nlYHTf/experiments/eas/results/smoke/traces/worst-l2-n256-identical-w1-k1-s101.tsv,3c59f854c3efe16f2ac42aecf7c35494effde49c2b82d33ca4409bd22b7c1193,32,passed,1,279,0.99
measure,worst-l2-n256-identical-w1-k1,profile,101,ok,255,2,0.0004,True,False,2,2,2,1247765411,0.56289,1,0.004253,0.002961,2026-09-05T04:47:03.642217+00:00,5a1bcc06a439c14d9fd79abc9dd58fe52d766e0305eada150257562976212269,0,identical,ok,0.135477,256,10000,536870912,8000000,RLIMIT_AS,2048,256,8520,1,0.008864087983965874,/tmp/eas-clean-issue1.nlYHTf/experiments/eas/results/smoke/raw/worst-l2-n256-identical-w1-k1-s101-measure-profile.json,6e613f8dceaabe6361d4e2b2a9a7d5b3ace6b71311b9e3defa135de9a93de9ec,0.137658,0.135794,0.021012,0,255,/tmp/eas-clean-issue1.nlYHTf/experiments/eas/results/smoke/logs/worst-l2-n256-identical-w1-k1-s101-measure-profile.rss.txt,8520,16,0.099165,0.005177,0,0,3,768,768,18872,256,0.273302,0,0.135477,3,1,0.102608,3,0,0,0,0,0,0.420864,2554,1536,0.018026,0.420864,False,87,2026-09-05T04:47:03.633337+00:00,/tmp/eas-clean-issue1.nlYHTf/experiments/eas/results/smoke/logs/worst-l2-n256-identical-w1-k1-s101-measure-profile.stderr.log,/tmp/eas-clean-issue1.nlYHTf/experiments/eas/results/smoke/logs/worst-l2-n256-identical-w1-k1-s101-measure-profile.stdout.log,worst,0.003156,120.0,/tmp/eas-clean-issue1.nlYHTf/experiments/eas/results/smoke/traces/worst-l2-n256-identical-w1-k1-s101.tsv,3c59f854c3efe16f2ac42aecf7c35494effde49c2b82d33ca4409bd22b7c1193,32,passed,1,273,0.99
measure,worst-l2-n256-identical-w1-k1,adaptive,11,ok,255,2,0.000481,True,False,2,2,2,1247765411,0.931416,1,0.004602,0.003114,2026-09-05T04:47:03.371544+00:00,5a1bcc06a439c14d9fd79abc9dd58fe52d766e0305eada150257562976212269,0,identical,ok,0.126671,256,10000,536870912,8000000,RLIMIT_AS,2048,256,8520,1,0.008860974106937647,/tmp/eas-clean-issue1.nlYHTf/experiments/eas/results/smoke/raw/worst-l2-n256-identical-w1-k1-s11-measure-adaptive.json,551dbbe89c069689c0dc80561b08e0b4bbfaf7ef743ab7e1446272f69b751c57,0.137752,0.13609,0.021174,0,255,/tmp/eas-clean-issue1.nlYHTf/experiments/eas/results/smoke/logs/worst-l2-n256-identical-w1-k1-s11-measure-adaptive.rss.txt,8520,16,0.055731,0.004775,4216,0,3,717,768,18872,256,0.650287,0,0.126671,3,1,0.429398,3,0.093833,4216,239,17,1,0.788939,2384,1536,0.018179,0.788939,False,67,2026-09-05T04:47:03.362668+00:00,/tmp/eas-clean-issue1.nlYHTf/experiments/eas/results/smoke/logs/worst-l2-n256-identical-w1-k1-s11-measure-adaptive.stderr.log,/tmp/eas-clean-issue1.nlYHTf/experiments/eas/results/smoke/logs/worst-l2-n256-identical-w1-k1-s11-measure-adaptive.stdout.log,worst,0.00315,120.0,/tmp/eas-clean-issue1.nlYHTf/experiments/eas/results/smoke/traces/worst-l2-n256-identical-w1-k1-s11.tsv,03fd69af49469c2ce411b203a3a93f0b2f64b155dc3c639ee2d21d820c374a95,32,passed,1,213,0.99
measure,worst-l2-n256-identical-w1-k1,graph,11,ok,255,2,0.000341,True,False,2,2,2,1247765411,4.311174,1,0.00447,0.003009,2026-09-05T04:47:03.389421+00:00,5a1bcc06a439c14d9fd79abc9dd58fe52d766e0305eada150257562976212269,0,identical,ok,0.127282,256,10000,536870912,8000000,RLIMIT_AS,2048,256,8380,1,0.01688799588009715,/tmp/eas-clean-issue1.nlYHTf/experiments/eas/results/smoke/raw/worst-l2-n256-identical-w1-k1-s11-measure-graph.json,8d7deaf9fafc64a36dd69e912d7d23e666a46e9ac5be6f9cf94d8268c86d3077,0.138013,0.136093,0.021083,0,255,/tmp/eas-clean-issue1.nlYHTf/experiments/eas/results/smoke/logs/worst-l2-n256-identical-w1-k1-s11-measure-graph.rss.txt,8380,0,0.052802,0.00074,0,8192,0,0,0,0,256,4.02923,0,0.127282,0,0,3.907365,0,0,0,0,0,0,4.16852,65792,1536,0.017991,4.16852,False,68,2026-09-05T04:47:03.372518+00:00,/tmp/eas-clean-issue1.nlYHTf/experiments/eas/results/smoke/logs/worst-l2-n256-identical-w1-k1-s11-measure-graph.stderr.log,/tmp/eas-clean-issue1.nlYHTf/experiments/eas/results/smoke/logs/worst-l2-n256-identical-w1-k1-s11-measure-graph.stdout.log,worst,0.003381,120.0,/tmp/eas-clean-issue1.nlYHTf/experiments/eas/results/smoke/traces/worst-l2-n256-identical-w1-k1-s11.tsv,03fd69af49469c2ce411b203a3a93f0b2f64b155dc3c639ee2d21d820c374a95,32,passed,1,216,0.99
measure,worst-l2-n256-identical-w1-k1,lazy,11,ok,255,2,0.000429,True,False,2,2,2,1247765411,3.218568,1,0.004645,0.003009,2026-09-05T04:47:03.351853+00:00,5a1bcc06a439c14d9fd79abc9dd58fe52d766e0305eada150257562976212269,0,identical,ok,0.142959,256,10000,536870912,8000000,RLIMIT_AS,2048,256,8084,1,0.016766733024269342,/tmp/eas-clean-issue1.nlYHTf/experiments/eas/results/smoke/raw/worst-l2-n256-identical-w1-k1-s11-measure-lazy.json,6f4888df01eb48ebe4bd3fe0cf08cae9b8cdaab5ef8b6429ba3724b710b07101,0.139369,0.137494,0.021214,0,255,/tmp/eas-clean-issue1.nlYHTf/experiments/eas/results/smoke/logs/worst-l2-n256-identical-w1-k1-s11-measure-lazy.rss.txt,8084,0,0.057035,0.005097,32895,0,0,0,768,18848,256,2.91937,0,0.142959,0,0,2.789995,3,0,0,0,0,0,3.074452,0,1536,0.017973,3.074452,False,65,2026-09-05T04:47:03.335070+00:00,/tmp/eas-clean-issue1.nlYHTf/experiments/eas/results/smoke/logs/worst-l2-n256-identical-w1-k1-s11-measure-lazy.stderr.log,/tmp/eas-clean-issue1.nlYHTf/experiments/eas/results/smoke/logs/worst-l2-n256-identical-w1-k1-s11-measure-lazy.stdout.log,worst,0.003511,120.0,/tmp/eas-clean-issue1.nlYHTf/experiments/eas/results/smoke/traces/worst-l2-n256-identical-w1-k1-s11.tsv,03fd69af49469c2ce411b203a3a93f0b2f64b155dc3c639ee2d21d820c374a95,32,passed,1,207,0.99
measure,worst-l2-n256-identical-w1-k1,native,11,ok,255,2,0.000147,True,False,2,2,2,1247765411,0.164269,1,0.024017,0.022892,2026-09-05T04:47:03.399324+00:00,bd7950a6d15bae0d7d2f89acee585ed2c30faacb7a1f306014422aa4549b0c82,0.010762,identical,ok,0,256,10000,536870912,8000000,RLIMIT_AS,2048,256,8292,1,0.00888551538810134,/tmp/eas-clean-issue1.nlYHTf/experiments/eas/results/smoke/raw/worst-l2-n256-identical-w1-k1-s11-measure-native.json,04af92eb0a9444ac10b7d99bee2680c0788df55b685ed3ae04f12f82920822e3,0.140197,0.13852,0.021267,0,0,/tmp/eas-clean-issue1.nlYHTf/experiments/eas/results/smoke/logs/worst-l2-n256-identical-w1-k1-s11-measure-native.rss.txt,8292,0,0,0,0,0,0,0,0,0,256,0,0,0,0,0,0,0,0,0,0,0,0,0,0,0,0,0,False,69,2026-09-05T04:47:03.390422+00:00,/tmp/eas-clean-issue1.nlYHTf/experiments/eas/results/smoke/logs/worst-l2-n256-identical-w1-k1-s11-measure-native.stderr.log,/tmp/eas-clean-issue1.nlYHTf/experiments/eas/results/smoke/logs/worst-l2-n256-identical-w1-k1-s11-measure-native.stdout.log,worst,0.002802,120.0,/tmp/eas-clean-issue1.nlYHTf/experiments/eas/results/smoke/traces/worst-l2-n256-identical-w1-k1-s11.tsv,03fd69af49469c2ce411b203a3a93f0b2f64b155dc3c639ee2d21d820c374a95,32,passed,1,219,0.99
measure,worst-l2-n256-identical-w1-k1,profile,11,ok,255,2,0.000343,True,False,2,2,2,1247765411,0.552659,1,0.004415,0.002962,2026-09-05T04:47:03.361698+00:00,5a1bcc06a439c14d9fd79abc9dd58fe52d766e0305eada150257562976212269,0,identical,ok,0.126348,256,10000,536870912,8000000,RLIMIT_AS,2048,256,8292,1,0.008868614211678505,/tmp/eas-clean-issue1.nlYHTf/experiments/eas/results/smoke/raw/worst-l2-n256-identical-w1-k1-s11-measure-profile.json,7280ab3a6532f39e99648755139bc1786f9150cbaf39686e13cda8f6f6b57dda,0.138743,0.136888,0.020667,0,255,/tmp/eas-clean-issue1.nlYHTf/experiments/eas/results/smoke/logs/worst-l2-n256-identical-w1-k1-s11-measure-profile.rss.txt,8292,16,0.094551,0.00516,0,0,3,768,768,18872,256,0.270798,0,0.126348,3,1,0.104504,3,0,0,0,0,0,0.409334,2554,1536,0.018239,0.409334,False,66,2026-09-05T04:47:03.352812+00:00,/tmp/eas-clean-issue1.nlYHTf/experiments/eas/results/smoke/logs/worst-l2-n256-identical-w1-k1-s11-measure-profile.stderr.log,/tmp/eas-clean-issue1.nlYHTf/experiments/eas/results/smoke/logs/worst-l2-n256-identical-w1-k1-s11-measure-profile.stdout.log,worst,0.003308,120.0,/tmp/eas-clean-issue1.nlYHTf/experiments/eas/results/smoke/traces/worst-l2-n256-identical-w1-k1-s11.tsv,03fd69af49469c2ce411b203a3a93f0b2f64b155dc3c639ee2d21d820c374a95,32,passed,1,210,0.99
measure,worst-l2-n256-identical-w1-k1,adaptive,29,ok,255,2,0.000395,True,False,2,2,2,1247765411,0.946647,1,0.00441,0.003061,2026-09-05T04:47:03.464931+00:00,5a1bcc06a439c14d9fd79abc9dd58fe52d766e0305eada150257562976212269,0,identical,ok,0.137543,256,10000,536870912,8000000,RLIMIT_AS,2048,256,8480,1,0.008834002073854208,/tmp/eas-clean-issue1.nlYHTf/experiments/eas/results/smoke/raw/worst-l2-n256-identical-w1-k1-s29-measure-adaptive.json,6a9e5ba5044d53d8d71f79e9c003fe286ee43802f3f5e8e7c52d19968cd7d8a3,0.138237,0.136232,0.021078,0,255,/tmp/eas-clean-issue1.nlYHTf/experiments/eas/results/smoke/logs/worst-l2-n256-identical-w1-k1-s29-measure-adaptive.rss.txt,8480,16,0.056359,0.004826,4216,0,3,717,768,18872,256,0.654197,0,0.137543,3,1,0.428313,3,0.096851,4216,239,17,1,0.803812,2384,1536,0.018171,0.803812,False,74,2026-09-05T04:47:03.456081+00:00,/tmp/eas-clean-issue1.nlYHTf/experiments/eas/results/smoke/logs/worst-l2-n256-identical-w1-k1-s29-measure-adaptive.stderr.log,/tmp/eas-clean-issue1.nlYHTf/experiments/eas/results/smoke/logs/worst-l2-n256-identical-w1-k1-s29-measure-adaptive.stdout.log,worst,0.003354,120.0,/tmp/eas-clean-issue1.nlYHTf/experiments/eas/results/smoke/traces/worst-l2-n256-identical-w1-k1-s29.tsv,4469704fd985055665c745c4cdb7d30e10ca09193a9b1c042a162bbfa11eb568,32,passed,1,234,0.99
measure,worst-l2-n256-identical-w1-k1,graph,29,ok,255,2,0.000427,True,False,2,2,2,1247765411,4.308355,1,0.004282,0.003119,2026-09-05T04:47:03.455118+00:00,5a1bcc06a439c14d9fd79abc9dd58fe52d766e0305eada150257562976212269,0,identical,ok,0.123918,256,10000,536870912,8000000,RLIMIT_AS,2048,256,8168,1,0.016948002856224775,/tmp/eas-clean-issue1.nlYHTf/experiments/eas/results/smoke/raw/worst-l2-n256-identical-w1-k1-s29-measure-graph.json,d1ba49d851eb1e5ee5552a6bc90d5cdc00b94d50dc79eeb4b89c197463a4d2ea,0.136793,0.134891,0.021165,0,255,/tmp/eas-clean-issue1.nlYHTf/experiments/eas/results/smoke/logs/worst-l2-n256-identical-w1-k1-s29-measure-graph.rss.txt,8168,0,0.052027,0.00075,0,8192,0,0,0,0,256,4.031089,0,0.123918,0,0,3.911523,0,0,0,0,0,0,4.167114,65792,1536,0.018033,4.167114,False,73,2026-09-05T04:47:03.438154+00:00,/tmp/eas-clean-issue1.nlYHTf/experiments/eas/results/smoke/logs/worst-l2-n256-identical-w1-k1-s29-measure-graph.stderr.log,/tmp/eas-clean-issue1.nlYHTf/experiments/eas/results/smoke/logs/worst-l2-n256-identical-w1-k1-s29-measure-graph.stdout.log,worst,0.003065,120.0,/tmp/eas-clean-issue1.nlYHTf/experiments/eas/results/smoke/traces/worst-l2-n256-identical-w1-k1-s29.tsv,4469704fd985055665c745c4cdb7d30e10ca09193a9b1c042a162bbfa11eb568,32,passed,1,231,0.99
measure,worst-l2-n256-identical-w1-k1,lazy,29,ok,255,2,0.00043,True,False,2,2,2,1247765411,3.180002,1,0.003979,0.002879,2026-09-05T04:47:03.437170+00:00,5a1bcc06a439c14d9fd79abc9dd58fe52d766e0305eada150257562976212269,0,identical,ok,0.129269,256,10000,536870912,8000000,RLIMIT_AS,2048,256,8180,1,0.01690531289204955,/tmp/eas-clean-issue1.nlYHTf/experiments/eas/results/smoke/raw/worst-l2-n256-identical-w1-k1-s29-measure-lazy.json,f1f1a5234a6b7ad7cebcfdfca8661eefc64058d5217801a3e2db5afc8f17fc91,0.146178,0.144543,0.02099,0,255,/tmp/eas-clean-issue1.nlYHTf/experiments/eas/results/smoke/logs/worst-l2-n256-identical-w1-k1-s29-measure-lazy.rss.txt,8180,0,0.056912,0.004976,32895,0,0,0,768,18848,256,2.888479,0,0.129269,0,0,2.75951,3,0,0,0,0,0,3.029747,0,1536,0.017835,3.029747,False,72,2026-09-05T04:47:03.420247+00:00,/tmp/eas-clean-issue1.nlYHTf/experiments/eas/results/smoke/logs/worst-l2-n256-identical-w1-k1-s29-measure-lazy.stderr.log,/tmp/eas-clean-issue1.nlYHTf/experiments/eas/results/smoke/logs/worst-l2-n256-identical-w1-k1-s29-measure-lazy.stdout.log,worst,0.002735,120.0,/tmp/eas-clean-issue1.nlYHTf/experiments/eas/results/smoke/traces/worst-l2-n256-identical-w1-k1-s29.tsv,4469704fd985055665c745c4cdb7d30e10ca09193a9b1c042a162bbfa11eb568,32,passed,1,228,0.99
measure,worst-l2-n256-identical-w1-k1,native,29,ok,255,2,0.000148,True,False,2,2,2,1247765411,0.162257,1,0.024186,0.022915,2026-09-05T04:47:03.409383+00:00,bd7950a6d15bae0d7d2f89acee585ed2c30faacb7a1f306014422aa4549b0c82,0.01069,identical,ok,0,256,10000,536870912,8000000,RLIMIT_AS,2048,256,8192,1,0.00885724788531661,/tmp/eas-clean-issue1.nlYHTf/experiments/eas/results/smoke/raw/worst-l2-n256-identical-w1-k1-s29-measure-native.json,827c0968b2fc10fcce58585068af72a216cbd0f8fb40010da2628844a2e6bd41,0.137933,0.136009,0.020911,0,0,/tmp/eas-clean-issue1.nlYHTf/experiments/eas/results/smoke/logs/worst-l2-n256-identical-w1-k1-s29-measure-native.rss.txt,8192,0,0,0,0,0,0,0,0,0,256,0,0,0,0,0,0,0,0,0,0,0,0,0,0,0,0,0,False,70,2026-09-05T04:47:03.400510+00:00,/tmp/eas-clean-issue1.nlYHTf/experiments/eas/results/smoke/logs/worst-l2-n256-identical-w1-k1-s29-measure-native.stderr.log,/tmp/eas-clean-issue1.nlYHTf/experiments/eas/results/smoke/logs/worst-l2-n256-identical-w1-k1-s29-measure-native.stdout.log,worst,0.003195,120.0,/tmp/eas-clean-issue1.nlYHTf/experiments/eas/results/smoke/traces/worst-l2-n256-identical-w1-k1-s29.tsv,4469704fd985055665c745c4cdb7d30e10ca09193a9b1c042a162bbfa11eb568,32,passed,1,222,0.99
measure,worst-l2-n256-identical-w1-k1,profile,29,ok,255,2,0.000367,True,False,2,2,2,1247765411,0.556342,1,0.004093,0.002904,2026-09-05T04:47:03.419153+00:00,5a1bcc06a439c14d9fd79abc9dd58fe52d766e0305eada150257562976212269,0,identical,ok,0.133574,256,10000,536870912,8000000,RLIMIT_AS,2048,256,8696,1,0.008882737718522549,/tmp/eas-clean-issue1.nlYHTf/experiments/eas/results/smoke/raw/worst-l2-n256-identical-w1-k1-s29-measure-profile.json,b0b95efb1c87e191ddb06241a4d3ee16b751dfdaa9db35b9814d1efca7cd37d8,0.137643,0.13589,0.020942,0,255,/tmp/eas-clean-issue1.nlYHTf/experiments/eas/results/smoke/logs/worst-l2-n256-identical-w1-k1-s29-measure-profile.rss.txt,8696,16,0.095813,0.005135,0,0,3,768,768,18872,256,0.268911,0,0.133574,3,1,0.101953,3,0,0,0,0,0,0.414491,2554,1536,0.018085,0.414491,False,71,2026-09-05T04:47:03.410253+00:00,/tmp/eas-clean-issue1.nlYHTf/experiments/eas/results/smoke/logs/worst-l2-n256-identical-w1-k1-s29-measure-profile.stderr.log,/tmp/eas-clean-issue1.nlYHTf/experiments/eas/results/smoke/logs/worst-l2-n256-identical-w1-k1-s29-measure-profile.stdout.log,worst,0.002942,120.0,/tmp/eas-clean-issue1.nlYHTf/experiments/eas/results/smoke/traces/worst-l2-n256-identical-w1-k1-s29.tsv,4469704fd985055665c745c4cdb7d30e10ca09193a9b1c042a162bbfa11eb568,32,passed,1,225,0.99
measure,worst-l2-n256-identical-w1-k1,adaptive,47,ok,255,2,0.000312,True,False,2,2,2,1247765411,0.932618,1,0.003997,0.002873,2026-09-05T04:47:03.502792+00:00,5a1bcc06a439c14d9fd79abc9dd58fe52d766e0305eada150257562976212269,0,identical,ok,0.122443,256,10000,536870912,8000000,RLIMIT_AS,2048,256,8480,1,0.008894342929124832,/tmp/eas-clean-issue1.nlYHTf/experiments/eas/results/smoke/raw/worst-l2-n256-identical-w1-k1-s47-measure-adaptive.json,4528ae2113df1d29e513f9fb62af3d13f0e3dceb4718a047f3ee913511838539,0.137794,0.135713,0.020758,0,255,/tmp/eas-clean-issue1.nlYHTf/experiments/eas/results/smoke/logs/worst-l2-n256-identical-w1-k1-s47-measure-adaptive.rss.txt,8480,16,0.056031,0.004855,4216,0,3,717,768,18872,256,0.656092,0,0.122443,3,1,0.42896,3,0.098898,4216,239,17,1,0.790712,2384,1536,0.018211,0.790712,False,77,2026-09-05T04:47:03.493882+00:00,/tmp/eas-clean-issue1.nlYHTf/experiments/eas/results/smoke/logs/worst-l2-n256-identical-w1-k1-s47-measure-adaptive.stderr.log,/tmp/eas-clean-issue1.nlYHTf/experiments/eas/results/smoke/logs/worst-l2-n256-identical-w1-k1-s47-measure-adaptive.stdout.log,worst,0.003205,120.0,/tmp/eas-clean-issue1.nlYHTf/experiments/eas/results/smoke/traces/worst-l2-n256-identical-w1-k1-s47.tsv,86afdae93deb39a7d697e6fed46f6f863948bacd6d553f958c49492869848b9f,32,passed,1,243,0.99
measure,worst-l2-n256-identical-w1-k1,graph,47,ok,255,2,0.000332,True,False,2,2,2,1247765411,4.376282,1,0.00436,0.002901,2026-09-05T04:47:03.520714+00:00,5a1bcc06a439c14d9fd79abc9dd58fe52d766e0305eada150257562976212269,0,identical,ok,0.125316,256,10000,536870912,8000000,RLIMIT_AS,2048,256,8180,1,0.01690702885389328,/tmp/eas-clean-issue1.nlYHTf/experiments/eas/results/smoke/raw/worst-l2-n256-identical-w1-k1-s47-measure-graph.json,af4ebea268e86b493b5d5269c3d65b69d8d24dd9779fecda9bfd4c79cec0cb0f,0.137708,0.135487,0.021213,0,255,/tmp/eas-clean-issue1.nlYHTf/experiments/eas/results/smoke/logs/worst-l2-n256-identical-w1-k1-s47-measure-graph.rss.txt,8180,0,0.052328,0.000754,0,8192,0,0,0,0,256,4.096785,0,0.125316,0,0,3.977041,0,0,0,0,0,0,4.234116,65792,1536,0.017991,4.234116,False,78,2026-09-05T04:47:03.503791+00:00,/tmp/eas-clean-issue1.nlYHTf/experiments/eas/results/smoke/logs/worst-l2-n256-identical-w1-k1-s47-measure-graph.stderr.log,/tmp/eas-clean-issue1.nlYHTf/experiments/eas/results/smoke/logs/worst-l2-n256-identical-w1-k1-s47-measure-graph.stdout.log,worst,0.00368,120.0,/tmp/eas-clean-issue1.nlYHTf/experiments/eas/results/smoke/traces/worst-l2-n256-identical-w1-k1-s47.tsv,86afdae93deb39a7d697e6fed46f6f863948bacd6d553f958c49492869848b9f,32,passed,1,246,0.99
measure,worst-l2-n256-identical-w1-k1,lazy,47,ok,255,2,0.000348,True,False,2,2,2,1247765411,3.151049,1,0.004148,0.002956,2026-09-05T04:47:03.492916+00:00,5a1bcc06a439c14d9fd79abc9dd58fe52d766e0305eada150257562976212269,0,identical,ok,0.12517,256,10000,536870912,8000000,RLIMIT_AS,2048,256,8148,1,0.016908002085983753,/tmp/eas-clean-issue1.nlYHTf/experiments/eas/results/smoke/raw/worst-l2-n256-identical-w1-k1-s47-measure-lazy.json,feca642b2b11dfdd585ef9eb44064498772cf224f6c037473af922784f6593ba,0.137415,0.135389,0.020965,0,255,/tmp/eas-clean-issue1.nlYHTf/experiments/eas/results/smoke/logs/worst-l2-n256-identical-w1-k1-s47-measure-lazy.rss.txt,8148,0,0.05596,0.005075,32895,0,0,0,768,18848,256,2.872284,0,0.12517,0,0,2.745217,3,0,0,0,0,0,3.009364,0,1536,0.017849,3.009364,False,76,2026-09-05T04:47:03.475993+00:00,/tmp/eas-clean-issue1.nlYHTf/experiments/eas/results/smoke/logs/worst-l2-n256-identical-w1-k1-s47-measure-lazy.stderr.log,/tmp/eas-clean-issue1.nlYHTf/experiments/eas/results/smoke/logs/worst-l2-n256-identical-w1-k1-s47-measure-lazy.stdout.log,worst,0.003218,120.0,/tmp/eas-clean-issue1.nlYHTf/experiments/eas/results/smoke/traces/worst-l2-n256-identical-w1-k1-s47.tsv,86afdae93deb39a7d697e6fed46f6f863948bacd6d553f958c49492869848b9f,32,passed,1,240,0.99
measure,worst-l2-n256-identical-w1-k1,native,47,ok,255,2,0.000229,True,False,2,2,2,1247765411,0.162185,1,0.024017,0.022895,2026-09-05T04:47:03.475150+00:00,bd7950a6d15bae0d7d2f89acee585ed2c30faacb7a1f306014422aa4549b0c82,0.0107,identical,ok,0,256,10000,536870912,8000000,RLIMIT_AS,2048,256,8172,1,0.008883484173566103,/tmp/eas-clean-issue1.nlYHTf/experiments/eas/results/smoke/raw/worst-l2-n256-identical-w1-k1-s47-measure-native.json,90d42e99b7ce2ea1ae96afa7e9ee83d34845161e8da71027550601643b6f1769,0.1381,0.136206,0.021248,0,0,/tmp/eas-clean-issue1.nlYHTf/experiments/eas/results/smoke/logs/worst-l2-n256-identical-w1-k1-s47-measure-native.rss.txt,8172,0,0,0,0,0,0,0,0,0,256,0,0,0,0,0,0,0,0,0,0,0,0,0,0,0,0,0,False,75,2026-09-05T04:47:03.466250+00:00,/tmp/eas-clean-issue1.nlYHTf/experiments/eas/results/smoke/logs/worst-l2-n256-identical-w1-k1-s47-measure-native.stderr.log,/tmp/eas-clean-issue1.nlYHTf/experiments/eas/results/smoke/logs/worst-l2-n256-identical-w1-k1-s47-measure-native.stdout.log,worst,0.003016,120.0,/tmp/eas-clean-issue1.nlYHTf/experiments/eas/results/smoke/traces/worst-l2-n256-identical-w1-k1-s47.tsv,86afdae93deb39a7d697e6fed46f6f863948bacd6d553f958c49492869848b9f,32,passed,1,237,0.99
measure,worst-l2-n256-identical-w1-k1,profile,47,ok,255,2,0.00043,True,False,2,2,2,1247765411,0.555283,1,0.004367,0.003072,2026-09-05T04:47:03.530520+00:00,5a1bcc06a439c14d9fd79abc9dd58fe52d766e0305eada150257562976212269,0,identical,ok,0.126662,256,10000,536870912,8000000,RLIMIT_AS,2048,256,8540,1,0.008823246229439974,/tmp/eas-clean-issue1.nlYHTf/experiments/eas/results/smoke/raw/worst-l2-n256-identical-w1-k1-s47-measure-profile.json,32bdcb56c614496fd67aea0806b49c34a1070ade1320c2e2489d409dbe2b3c9f,0.143798,0.141793,0.020991,0,255,/tmp/eas-clean-issue1.nlYHTf/experiments/eas/results/smoke/logs/worst-l2-n256-identical-w1-k1-s47-measure-profile.rss.txt,8540,16,0.093644,0.00514,0,0,3,768,768,18872,256,0.268254,0,0.126662,3,1,0.10337,3,0,0,0,0,0,0.407006,2554,1536,0.018065,0.407006,False,79,2026-09-05T04:47:03.521681+00:00,/tmp/eas-clean-issue1.nlYHTf/experiments/eas/results/smoke/logs/worst-l2-n256-identical-w1-k1-s47-measure-profile.stderr.log,/tmp/eas-clean-issue1.nlYHTf/experiments/eas/results/smoke/logs/worst-l2-n256-identical-w1-k1-s47-measure-profile.stdout.log,worst,0.0033,120.0,/tmp/eas-clean-issue1.nlYHTf/experiments/eas/results/smoke/traces/worst-l2-n256-identical-w1-k1-s47.tsv,86afdae93deb39a7d697e6fed46f6f863948bacd6d553f958c49492869848b9f,32,passed,1,249,0.99
warmup,worst-l2-n256-identical-w1-k1,adaptive,7,ok,255,2,0.000398,True,False,2,2,2,1247765411,0.931252,1,0.004128,0.002972,2026-09-05T04:47:03.287934+00:00,5a1bcc06a439c14d9fd79abc9dd58fe52d766e0305eada150257562976212269,0,identical,ok,0.125473,256,10000,536870912,8000000,RLIMIT_AS,2048,256,8424,1,0.008713094051927328,/tmp/eas-clean-issue1.nlYHTf/experiments/eas/results/smoke/raw/worst-l2-n256-identical-w1-k1-s7-warmup-adaptive.json,c41368b8cde87d32c3cf23f7d0a0dbab7b081ec46310f052439f1d06fed698be,0.137591,0.135709,0.020805,0,255,/tmp/eas-clean-issue1.nlYHTf/experiments/eas/results/smoke/logs/worst-l2-n256-identical-w1-k1-s7-warmup-adaptive.rss.txt,8424,16,0.055955,0.004825,4216,0,3,717,768,18872,256,0.651883,0,0.125473,3,1,0.428686,3,0.095125,4216,239,17,1,0.789383,2384,1536,0.018119,0.789383,False,61,2026-09-05T04:47:03.279205+00:00,/tmp/eas-clean-issue1.nlYHTf/experiments/eas/results/smoke/logs/worst-l2-n256-identical-w1-k1-s7-warmup-adaptive.stderr.log,/tmp/eas-clean-issue1.nlYHTf/experiments/eas/results/smoke/logs/worst-l2-n256-identical-w1-k1-s7-warmup-adaptive.stdout.log,worst,0.003038,120.0,/tmp/eas-clean-issue1.nlYHTf/experiments/eas/results/smoke/traces/worst-l2-n256-identical-w1-k1-s7.tsv,00fa7c720e78392120367539ea86b3082c354f8fee7e70c84c0474fb9dd49570,32,passed,1,195,0.99
warmup,worst-l2-n256-identical-w1-k1,graph,7,ok,255,2,0.000416,True,False,2,2,2,1247765411,4.323849,1,0.004133,0.002894,2026-09-05T04:47:03.305925+00:00,5a1bcc06a439c14d9fd79abc9dd58fe52d766e0305eada150257562976212269,0,identical,ok,0.12675,256,10000,536870912,8000000,RLIMIT_AS,2048,256,8080,1,0.01691508898511529,/tmp/eas-clean-issue1.nlYHTf/experiments/eas/results/smoke/raw/worst-l2-n256-identical-w1-k1-s7-warmup-graph.json,c436bafd0b439d8533445a8202c2b8bd37930d4383d46589d84c4e4727bd9c53,0.137557,0.135587,0.021098,0,255,/tmp/eas-clean-issue1.nlYHTf/experiments/eas/results/smoke/logs/worst-l2-n256-identical-w1-k1-s7-warmup-graph.rss.txt,8080,0,0.052063,0.000754,0,8192,0,0,0,0,256,4.043294,0,0.12675,0,0,3.91571,0,0,0,0,0,0,4.182063,65792,1536,0.018013,4.182063,False,62,2026-09-05T04:47:03.288994+00:00,/tmp/eas-clean-issue1.nlYHTf/experiments/eas/results/smoke/logs/worst-l2-n256-identical-w1-k1-s7-warmup-graph.stderr.log,/tmp/eas-clean-issue1.nlYHTf/experiments/eas/results/smoke/logs/worst-l2-n256-identical-w1-k1-s7-warmup-graph.stdout.log,worst,0.003209,120.0,/tmp/eas-clean-issue1.nlYHTf/experiments/eas/results/smoke/traces/worst-l2-n256-identical-w1-k1-s7.tsv,00fa7c720e78392120367539ea86b3082c354f8fee7e70c84c0474fb9dd49570,32,passed,1,198,0.99
warmup,worst-l2-n256-identical-w1-k1,lazy,7,ok,255,2,0.000365,True,False,2,2,2,1247765411,3.182954,1,0.004299,0.003059,2026-09-05T04:47:03.323945+00:00,5a1bcc06a439c14d9fd79abc9dd58fe52d766e0305eada150257562976212269,0,identical,ok,0.12694,256,10000,536870912,8000000,RLIMIT_AS,2048,256,8212,1,0.016926649026572704,/tmp/eas-clean-issue1.nlYHTf/experiments/eas/results/smoke/raw/worst-l2-n256-identical-w1-k1-s7-warmup-lazy.json,5d4b695470da30134e8cb57dff4e7f97015798274f72ed5c4d0b5697fb6e2544,0.138571,0.13655,0.021029,0,255,/tmp/eas-clean-issue1.nlYHTf/experiments/eas/results/smoke/logs/worst-l2-n256-identical-w1-k1-s7-warmup-lazy.rss.txt,8212,0,0.057776,0.005013,32895,0,0,0,768,18848,256,2.901028,0,0.12694,0,0,2.771207,3,0,0,0,0,0,3.039892,0,1536,0.017953,3.039892,False,63,2026-09-05T04:47:03.307002+00:00,/tmp/eas-clean-issue1.nlYHTf/experiments/eas/results/smoke/logs/worst-l2-n256-identical-w1-k1-s7-warmup-lazy.stderr.log,/tmp/eas-clean-issue1.nlYHTf/experiments/eas/results/smoke/logs/worst-l2-n256-identical-w1-k1-s7-warmup-lazy.stdout.log,worst,0.003261,120.0,/tmp/eas-clean-issue1.nlYHTf/experiments/eas/results/smoke/traces/worst-l2-n256-identical-w1-k1-s7.tsv,00fa7c720e78392120367539ea86b3082c354f8fee7e70c84c0474fb9dd49570,32,passed,1,201,0.99
warmup,worst-l2-n256-identical-w1-k1,native,7,ok,255,2,0.000149,True,False,2,2,2,1247765411,0.162047,1,0.023731,0.022812,2026-09-05T04:47:03.278347+00:00,bd7950a6d15bae0d7d2f89acee585ed2c30faacb7a1f306014422aa4549b0c82,0.010698,identical,ok,0,256,10000,536870912,8000000,RLIMIT_AS,2048,256,8140,1,0.008868034929037094,/tmp/eas-clean-issue1.nlYHTf/experiments/eas/results/smoke/raw/worst-l2-n256-identical-w1-k1-s7-warmup-native.json,48b2a713b341899e2d5082d20b32933323368803bcc36a3b0d75245236fcc641,0.13823,0.136222,0.021041,0,0,/tmp/eas-clean-issue1.nlYHTf/experiments/eas/results/smoke/logs/worst-l2-n256-identical-w1-k1-s7-warmup-native.rss.txt,8140,0,0,0,0,0,0,0,0,0,256,0,0,0,0,0,0,0,0,0,0,0,0,0,0,0,0,0,False,60,2026-09-05T04:47:03.269464+00:00,/tmp/eas-clean-issue1.nlYHTf/experiments/eas/results/smoke/logs/worst-l2-n256-identical-w1-k1-s7-warmup-native.stderr.log,/tmp/eas-clean-issue1.nlYHTf/experiments/eas/results/smoke/logs/worst-l2-n256-identical-w1-k1-s7-warmup-native.stdout.log,worst,0.002927,120.0,/tmp/eas-clean-issue1.nlYHTf/experiments/eas/results/smoke/traces/worst-l2-n256-identical-w1-k1-s7.tsv,00fa7c720e78392120367539ea86b3082c354f8fee7e70c84c0474fb9dd49570,32,passed,1,192,0.99
warmup,worst-l2-n256-identical-w1-k1,profile,7,ok,255,2,0.000349,True,False,2,2,2,1247765411,0.562755,1,0.004246,0.002976,2026-09-05T04:47:03.333778+00:00,5a1bcc06a439c14d9fd79abc9dd58fe52d766e0305eada150257562976212269,0,identical,ok,0.129404,256,10000,536870912,8000000,RLIMIT_AS,2048,256,8396,1,0.008838206063956022,/tmp/eas-clean-issue1.nlYHTf/experiments/eas/results/smoke/raw/worst-l2-n256-identical-w1-k1-s7-warmup-profile.json,4c47f7576e22bf6f3a9f76c2b0748c20f812b6ef7d86600d35446519638abf6a,0.139961,0.138103,0.020905,0,255,/tmp/eas-clean-issue1.nlYHTf/experiments/eas/results/smoke/logs/worst-l2-n256-identical-w1-k1-s7-warmup-profile.rss.txt,8396,16,0.102113,0.005224,0,0,3,768,768,18872,256,0.276979,0,0.129404,3,1,0.103633,3,0,0,0,0,0,0.41845,2554,1536,0.018122,0.41845,False,64,2026-09-05T04:47:03.324924+00:00,/tmp/eas-clean-issue1.nlYHTf/experiments/eas/results/smoke/logs/worst-l2-n256-identical-w1-k1-s7-warmup-profile.stderr.log,/tmp/eas-clean-issue1.nlYHTf/experiments/eas/results/smoke/logs/worst-l2-n256-identical-w1-k1-s7-warmup-profile.stdout.log,worst,0.003128,120.0,/tmp/eas-clean-issue1.nlYHTf/experiments/eas/results/smoke/traces/worst-l2-n256-identical-w1-k1-s7.tsv,00fa7c720e78392120367539ea86b3082c354f8fee7e70c84c0474fb9dd49570,32,passed,1,204,0.99
measure,worst-l2-n256-identical-w1-k1,adaptive,71,ok,255,2,0.00043,True,False,2,2,2,1247765411,0.941239,1,0.003891,0.002915,2026-09-05T04:47:03.596200+00:00,5a1bcc06a439c14d9fd79abc9dd58fe52d766e0305eada150257562976212269,0,identical,ok,0.131542,256,10000,536870912,8000000,RLIMIT_AS,2048,256,8476,1,0.008825890719890594,/tmp/eas-clean-issue1.nlYHTf/experiments/eas/results/smoke/raw/worst-l2-n256-identical-w1-k1-s71-measure-adaptive.json,5db3a2c5e3569534cc016b27da7212edbf0de4edefe32de2084224280a17ec40,0.137246,0.135307,0.020908,0,255,/tmp/eas-clean-issue1.nlYHTf/experiments/eas/results/smoke/logs/worst-l2-n256-identical-w1-k1-s71-measure-adaptive.rss.txt,8476,16,0.056528,0.004796,4216,0,3,717,768,18872,256,0.654616,0,0.131542,3,1,0.43099,3,0.095871,4216,239,17,1,0.799962,2384,1536,0.018172,0.799962,False,84,2026-09-05T04:47:03.587357+00:00,/tmp/eas-clean-issue1.nlYHTf/experiments/eas/results/smoke/logs/worst-l2-n256-identical-w1-k1-s71-measure-adaptive.stderr.log,/tmp/eas-clean-issue1.nlYHTf/experiments/eas/results/smoke/logs/worst-l2-n256-identical-w1-k1-s71-measure-adaptive.stdout.log,worst,0.002915,120.0,/tmp/eas-clean-issue1.nlYHTf/experiments/eas/results/smoke/traces/worst-l2-n256-identical-w1-k1-s71.tsv,b50480b2b02ab601d9009061b2f710a4252a40cf70735f95fc918d273605dcae,32,passed,1,264,0.99
measure,worst-l2-n256-identical-w1-k1,graph,71,ok,255,2,0.000402,True,False,2,2,2,1247765411,4.344286,1,0.004542,0.003089,2026-09-05T04:47:03.576571+00:00,5a1bcc06a439c14d9fd79abc9dd58fe52d766e0305eada150257562976212269,0,identical,ok,0.134501,256,10000,536870912,8000000,RLIMIT_AS,2048,256,8316,1,0.016917073167860508,/tmp/eas-clean-issue1.nlYHTf/experiments/eas/results/smoke/raw/worst-l2-n256-identical-w1-k1-s71-measure-graph.json,cce22eda779e32b497c804e6e11f62a127d203ce91cc3dadec7fa18dcbb91f21,0.137089,0.135126,0.021146,0,255,/tmp/eas-clean-issue1.nlYHTf/experiments/eas/results/smoke/logs/worst-l2-n256-identical-w1-k1-s71-measure-graph.rss.txt,8316,0,0.053174,0.000802,0,8192,0,0,0,0,256,4.056028,0,0.134501,0,0,3.935031,0,0,0,0,0,0,4.202542,65792,1536,0.018055,4.202542,False,82,2026-09-05T04:47:03.559637+00:00,/tmp/eas-clean-issue1.nlYHTf/experiments/eas/results/smoke/logs/worst-l2-n256-identical-w1-k1-s71-measure-graph.stderr.log,/tmp/eas-clean-issue1.nlYHTf/experiments/eas/results/smoke/logs/worst-l2-n256-identical-w1-k1-s71-measure-graph.stdout.log,worst,0.003416,120.0,/tmp/eas-clean-issue1.nlYHTf/experiments/eas/results/smoke/traces/worst-l2-n256-identical-w1-k1-s71.tsv,b50480b2b02ab601d9009061b2f710a4252a40cf70735f95fc918d273605dcae,32,passed,1,258,0.99
measure,worst-l2-n256-identical-w1-k1,lazy,71,ok,255,2,0.000384,True,False,2,2,2,1247765411,3.15932,1,0.004032,0.002993,2026-09-05T04:47:03.558488+00:00,5a1bcc06a439c14d9fd79abc9dd58fe52d766e0305eada150257562976212269,0,identical,ok,0.128514,256,10000,536870912,8000000,RLIMIT_AS,2048,256,8180,1,0.01690930314362049,/tmp/eas-clean-issue1.nlYHTf/experiments/eas/results/smoke/raw/worst-l2-n256-identical-w1-k1-s71-measure-lazy.json,c27867e0584535a414c559ba34f709b3427bf7956530cd4feca60c4c93e63731,0.139492,0.137678,0.023038,0,255,/tmp/eas-clean-issue1.nlYHTf/experiments/eas/results/smoke/logs/worst-l2-n256-identical-w1-k1-s71-measure-lazy.rss.txt,8180,0,0.05571,0.005075,32895,0,0,0,768,18848,256,2.875234,0,0.128514,0,0,2.748164,3,0,0,0,0,0,3.01566,0,1536,0.017903,3.01566,False,81,2026-09-05T04:47:03.541564+00:00,/tmp/eas-clean-issue1.nlYHTf/experiments/eas/results/smoke/logs/worst-l2-n256-identical-w1-k1-s71-measure-lazy.stderr.log,/tmp/eas-clean-issue1.nlYHTf/experiments/eas/results/smoke/logs/worst-l2-n256-identical-w1-k1-s71-measure-lazy.stdout.log,worst,0.002853,120.0,/tmp/eas-clean-issue1.nlYHTf/experiments/eas/results/smoke/traces/worst-l2-n256-identical-w1-k1-s71.tsv,b50480b2b02ab601d9009061b2f710a4252a40cf70735f95fc918d273605dcae,32,passed,1,255,0.99
measure,worst-l2-n256-identical-w1-k1,native,71,ok,255,2,0.000295,True,False,2,2,2,1247765411,0.161788,1,0.024058,0.022993,2026-09-05T04:47:03.540718+00:00,bd7950a6d15bae0d7d2f89acee585ed2c30faacb7a1f306014422aa4549b0c82,0.010736,identical,ok,0,256,10000,536870912,8000000,RLIMIT_AS,2048,256,8104,1,0.008836377412080765,/tmp/eas-clean-issue1.nlYHTf/experiments/eas/results/smoke/raw/worst-l2-n256-identical-w1-k1-s71-measure-native.json,9fddb1ebfdd8144a5c851a0ae8e68d6d508be9db862f7ad013a69da03d672862,0.137594,0.135632,0.020974,0,0,/tmp/eas-clean-issue1.nlYHTf/experiments/eas/results/smoke/logs/worst-l2-n256-identical-w1-k1-s71-measure-native.rss.txt,8104,0,0,0,0,0,0,0,0,0,256,0,0,0,0,0,0,0,0,0,0,0,0,0,0,0,0,0,False,80,2026-09-05T04:47:03.531865+00:00,/tmp/eas-clean-issue1.nlYHTf/experiments/eas/results/smoke/logs/worst-l2-n256-identical-w1-k1-s71-measure-native.stderr.log,/tmp/eas-clean-issue1.nlYHTf/experiments/eas/results/smoke/logs/worst-l2-n256-identical-w1-k1-s71-measure-native.stdout.log,worst,0.003027,120.0,/tmp/eas-clean-issue1.nlYHTf/experiments/eas/results/smoke/traces/worst-l2-n256-identical-w1-k1-s71.tsv,b50480b2b02ab601d9009061b2f710a4252a40cf70735f95fc918d273605dcae,32,passed,1,252,0.99
measure,worst-l2-n256-identical-w1-k1,profile,71,ok,255,2,0.000345,True,False,2,2,2,1247765411,0.575058,1,0.004298,0.00291,2026-09-05T04:47:03.586406+00:00,5a1bcc06a439c14d9fd79abc9dd58fe52d766e0305eada150257562976212269,0,identical,ok,0.14183,256,10000,536870912,8000000,RLIMIT_AS,2048,256,8516,1,0.008858513087034225,/tmp/eas-clean-issue1.nlYHTf/experiments/eas/results/smoke/raw/worst-l2-n256-identical-w1-k1-s71-measure-profile.json,737f6701bcf237dbf3742c57a6acd3fc0f4c99c06e77ebf37c925ace2be40fdf,0.138113,0.136181,0.020934,0,255,/tmp/eas-clean-issue1.nlYHTf/experiments/eas/results/smoke/logs/worst-l2-n256-identical-w1-k1-s71-measure-profile.rss.txt,8516,16,0.103733,0.005226,0,0,3,768,768,18872,256,0.278557,0,0.14183,3,1,0.103012,3,0,0,0,0,0,0.43255,2554,1536,0.018261,0.43255,False,83,2026-09-05T04:47:03.577531+00:00,/tmp/eas-clean-issue1.nlYHTf/experiments/eas/results/smoke/logs/worst-l2-n256-identical-w1-k1-s71-measure-profile.stderr.log,/tmp/eas-clean-issue1.nlYHTf/experiments/eas/results/smoke/logs/worst-l2-n256-identical-w1-k1-s71-measure-profile.stdout.log,worst,0.00332,120.0,/tmp/eas-clean-issue1.nlYHTf/experiments/eas/results/smoke/traces/worst-l2-n256-identical-w1-k1-s71.tsv,b50480b2b02ab601d9009061b2f710a4252a40cf70735f95fc918d273605dcae,32,passed,1,261,0.99
measure,zero_commit-l1-n2-identical-w1-k2,adaptive,101,ok,2,1,0,True,False,1,1,1,3985015542,0.028455,0,0.001373,0.000212,2026-09-05T04:47:03.945426+00:00,78114346af60fc2be999a1857d5405547a27aa63398150aa1cd141c4526ff363,0,identical,ok,0.005183,2,10000,536870912,8000000,RLIMIT_AS,2048,2,7860,2,0.008849856909364462,/tmp/eas-clean-issue1.nlYHTf/experiments/eas/results/smoke/raw/zero_commit-l1-n2-identical-w1-k2-s101-measure-adaptive.json,218d00c8c6a507c8f5fdde3316c27763d52921b4fdfebe71f12a82358be1068e,0.007057,0.003399,0.000466,0,1,/tmp/eas-clean-issue1.nlYHTf/experiments/eas/results/smoke/logs/zero_commit-l1-n2-identical-w1-k2-s101-measure-adaptive.rss.txt,7860,1,0.009212,0.000607,0,0,1,2,2,192,2,0.014054,0,0.005183,1,1,0.001598,1,0,0,0,0,0,0.01992,8,6,0.000722,0.01992,False,118,2026-09-05T04:47:03.936561+00:00,/tmp/eas-clean-issue1.nlYHTf/experiments/eas/results/smoke/logs/zero_commit-l1-n2-identical-w1-k2-s101-measure-adaptive.stderr.log,/tmp/eas-clean-issue1.nlYHTf/experiments/eas/results/smoke/logs/zero_commit-l1-n2-identical-w1-k2-s101-measure-adaptive.stdout.log,zero_commit,0.004819,120.0,/tmp/eas-clean-issue1.nlYHTf/experiments/eas/results/smoke/traces/zero_commit-l1-n2-identical-w1-k2-s101.tsv,858c910146ce3f7b7a5e7d795fa7d203539ae507835f64456961c0534a92e802,32,passed,1,366,0.99
measure,zero_commit-l1-n2-identical-w1-k2,graph,101,ok,2,1,0,True,False,1,1,1,3985015542,0.020377,0,0.001289,0.000226,2026-09-05T04:47:03.935750+00:00,78114346af60fc2be999a1857d5405547a27aa63398150aa1cd141c4526ff363,0,identical,ok,0.004997,2,10000,536870912,8000000,RLIMIT_AS,2048,2,7968,2,0.008870076853781939,/tmp/eas-clean-issue1.nlYHTf/experiments/eas/results/smoke/raw/zero_commit-l1-n2-identical-w1-k2-s101-measure-graph.json,187f316d995fd9011b39b05d70803b41d897258c54d11f5a9bc77b609081a702,0.00728,0.003235,0.000483,0,1,/tmp/eas-clean-issue1.nlYHTf/experiments/eas/results/smoke/logs/zero_commit-l1-n2-identical-w1-k2-s101-measure-graph.rss.txt,7968,0,0.001719,0.000318,0,16,0,0,0,0,2,0.006051,0,0.004997,0,0,0.001303,0,0,0,0,0,0,0.011713,4,6,0.000635,0.011713,False,117,2026-09-05T04:47:03.926859+00:00,/tmp/eas-clean-issue1.nlYHTf/experiments/eas/results/smoke/logs/zero_commit-l1-n2-identical-w1-k2-s101-measure-graph.stderr.log,/tmp/eas-clean-issue1.nlYHTf/experiments/eas/results/smoke/logs/zero_commit-l1-n2-identical-w1-k2-s101-measure-graph.stdout.log,zero_commit,0.005108,120.0,/tmp/eas-clean-issue1.nlYHTf/experiments/eas/results/smoke/traces/zero_commit-l1-n2-identical-w1-k2-s101.tsv,858c910146ce3f7b7a5e7d795fa7d203539ae507835f64456961c0534a92e802,32,passed,1,363,0.99
measure,zero_commit-l1-n2-identical-w1-k2,lazy,101,ok,2,1,0,True,False,1,1,1,3985015542,0.018125,0,0.001112,0.000226,2026-09-05T04:47:03.916164+00:00,78114346af60fc2be999a1857d5405547a27aa63398150aa1cd141c4526ff363,0,identical,ok,0.005595,2,10000,536870912,8000000,RLIMIT_AS,2048,2,7860,2,0.008686349261552095,/tmp/eas-clean-issue1.nlYHTf/experiments/eas/results/smoke/raw/zero_commit-l1-n2-identical-w1-k2-s101-measure-lazy.json,d7a6afecb401bf00b5d9ade4608996f17b4d6dd1519710e6d8e3f4743a30b8c8,0.005143,0.003322,0.000527,0,1,/tmp/eas-clean-issue1.nlYHTf/experiments/eas/results/smoke/logs/zero_commit-l1-n2-identical-w1-k2-s101-measure-lazy.rss.txt,7860,0,0.001424,0.000463,2,0,0,0,2,184,2,0.005458,0,0.005595,0,0,0.000899,1,0,0,0,0,0,0.011747,0,6,0.000669,0.011747,False,115,2026-09-05T04:47:03.907461+00:00,/tmp/eas-clean-issue1.nlYHTf/experiments/eas/results/smoke/logs/zero_commit-l1-n2-identical-w1-k2-s101-measure-lazy.stderr.log,/tmp/eas-clean-issue1.nlYHTf/experiments/eas/results/smoke/logs/zero_commit-l1-n2-identical-w1-k2-s101-measure-lazy.stdout.log,zero_commit,0.002707,120.0,/tmp/eas-clean-issue1.nlYHTf/experiments/eas/results/smoke/traces/zero_commit-l1-n2-identical-w1-k2-s101.tsv,858c910146ce3f7b7a5e7d795fa7d203539ae507835f64456961c0534a92e802,32,passed,1,357,0.99
measure,zero_commit-l1-n2-identical-w1-k2,native,101,ok,1,1,8.2e-05,True,False,1,1,1,3985015542,0.009615,1,0.002466,0.001324,2026-09-05T04:47:03.955161+00:00,20c220ab6f658bff0822e0f46caaec723979640cf92192efc2b218f122a5e3d9,0.000478,identical,ok,0,2,10000,536870912,8000000,RLIMIT_AS,2048,2,7728,2,0.008880308829247952,/tmp/eas-clean-issue1.nlYHTf/experiments/eas/results/smoke/raw/zero_commit-l1-n2-identical-w1-k2-s101-measure-native.json,248f4f210782570810f265d0777f0b41d732880d1b10deb60bbda84433b51042,0.007084,0.003699,0.000722,0,0,/tmp/eas-clean-issue1.nlYHTf/experiments/eas/results/smoke/logs/zero_commit-l1-n2-identical-w1-k2-s101-measure-native.rss.txt,7728,0,0,0,0,0,0,0,0,0,2,0,0,0,0,0,0,0,0,0,0,0,0,0,0,0,0,0,False,119,2026-09-05T04:47:03.946263+00:00,/tmp/eas-clean-issue1.nlYHTf/experiments/eas/results/smoke/logs/zero_commit-l1-n2-identical-w1-k2-s101-measure-native.stderr.log,/tmp/eas-clean-issue1.nlYHTf/experiments/eas/results/smoke/logs/zero_commit-l1-n2-identical-w1-k2-s101-measure-native.stdout.log,zero_commit,0.004527,120.0,/tmp/eas-clean-issue1.nlYHTf/experiments/eas/results/smoke/traces/zero_commit-l1-n2-identical-w1-k2-s101.tsv,858c910146ce3f7b7a5e7d795fa7d203539ae507835f64456961c0534a92e802,32,passed,1,369,0.99
measure,zero_commit-l1-n2-identical-w1-k2,profile,101,ok,2,1,0,True,False,1,1,1,3985015542,0.028455,0,0.001497,0.000225,2026-09-05T04:47:03.926002+00:00,78114346af60fc2be999a1857d5405547a27aa63398150aa1cd141c4526ff363,0,identical,ok,0.005315,2,10000,536870912,8000000,RLIMIT_AS,2048,2,8096,2,0.008857660926878452,/tmp/eas-clean-issue1.nlYHTf/experiments/eas/results/smoke/raw/zero_commit-l1-n2-identical-w1-k2-s101-measure-profile.json,793eb28651e21bf74ad4ccd9e3d2d23a99e7ff97346c25371d96fbcd1064152f,0.007466,0.002786,0.000431,0,1,/tmp/eas-clean-issue1.nlYHTf/experiments/eas/results/smoke/logs/zero_commit-l1-n2-identical-w1-k2-s101-measure-profile.rss.txt,8096,1,0.00852,0.000585,0,0,1,2,2,192,2,0.013408,0,0.005315,1,1,0.001721,1,0,0,0,0,0,0.019396,8,6,0.000631,0.019396,False,116,2026-09-05T04:47:03.917127+00:00,/tmp/eas-clean-issue1.nlYHTf/experiments/eas/results/smoke/logs/zero_commit-l1-n2-identical-w1-k2-s101-measure-profile.stderr.log,/tmp/eas-clean-issue1.nlYHTf/experiments/eas/results/smoke/logs/zero_commit-l1-n2-identical-w1-k2-s101-measure-profile.stdout.log,zero_commit,0.005952,120.0,/tmp/eas-clean-issue1.nlYHTf/experiments/eas/results/smoke/traces/zero_commit-l1-n2-identical-w1-k2-s101.tsv,858c910146ce3f7b7a5e7d795fa7d203539ae507835f64456961c0534a92e802,32,passed,1,360,0.99
measure,zero_commit-l1-n2-identical-w1-k2,adaptive,11,ok,2,1,0,True,False,1,1,1,3985015542,0.025975,0,0.001217,0.000226,2026-09-05T04:47:03.740392+00:00,78114346af60fc2be999a1857d5405547a27aa63398150aa1cd141c4526ff363,0,identical,ok,0.004998,2,10000,536870912,8000000,RLIMIT_AS,2048,2,7940,2,0.008913078811019659,/tmp/eas-clean-issue1.nlYHTf/experiments/eas/results/smoke/raw/zero_commit-l1-n2-identical-w1-k2-s11-measure-adaptive.json,6b97cb68433c61bff7af48eac821a88b35c284913f725fde6f180884183b7336,0.004568,0.002744,0.000385,0,1,/tmp/eas-clean-issue1.nlYHTf/experiments/eas/results/smoke/logs/zero_commit-l1-n2-identical-w1-k2-s11-measure-adaptive.rss.txt,7940,1,0.009397,0.000584,0,0,1,2,2,192,2,0.014387,0,0.004998,1,1,0.0017,1,0,0,0,0,0,0.020095,8,6,0.000701,0.020095,False,97,2026-09-05T04:47:03.731463+00:00,/tmp/eas-clean-issue1.nlYHTf/experiments/eas/results/smoke/logs/zero_commit-l1-n2-identical-w1-k2-s11-measure-adaptive.stderr.log,/tmp/eas-clean-issue1.nlYHTf/experiments/eas/results/smoke/logs/zero_commit-l1-n2-identical-w1-k2-s11-measure-adaptive.stdout.log,zero_commit,0.002815,120.0,/tmp/eas-clean-issue1.nlYHTf/experiments/eas/results/smoke/traces/zero_commit-l1-n2-identical-w1-k2-s11.tsv,cdde14d205ddbb9b01cd950e9fb90bf0e87e3763a32ecb59834372455a5b0400,32,passed,1,303,0.99
measure,zero_commit-l1-n2-identical-w1-k2,graph,11,ok,2,1,0,True,False,1,1,1,3985015542,0.021362,0,0.001458,0.000205,2026-09-05T04:47:03.730648+00:00,78114346af60fc2be999a1857d5405547a27aa63398150aa1cd141c4526ff363,0,identical,ok,0.005343,2,10000,536870912,8000000,RLIMIT_AS,2048,2,7968,2,0.00890819076448679,/tmp/eas-clean-issue1.nlYHTf/experiments/eas/results/smoke/raw/zero_commit-l1-n2-identical-w1-k2-s11-measure-graph.json,af624e1b0254d03cb5e0b88d4064b258bbdae7fe40821bdf4e052f2797a048b9,0.007587,0.002844,0.000425,0,1,/tmp/eas-clean-issue1.nlYHTf/experiments/eas/results/smoke/logs/zero_commit-l1-n2-identical-w1-k2-s11-measure-graph.rss.txt,7968,0,0.001867,0.000312,0,16,0,0,0,0,2,0.006212,0,0.005343,0,0,0.001254,0,0,0,0,0,0,0.012217,4,6,0.000683,0.012217,False,96,2026-09-05T04:47:03.721724+00:00,/tmp/eas-clean-issue1.nlYHTf/experiments/eas/results/smoke/logs/zero_commit-l1-n2-identical-w1-k2-s11-measure-graph.stderr.log,/tmp/eas-clean-issue1.nlYHTf/experiments/eas/results/smoke/logs/zero_commit-l1-n2-identical-w1-k2-s11-measure-graph.stdout.log,zero_commit,0.005996,120.0,/tmp/eas-clean-issue1.nlYHTf/experiments/eas/results/smoke/traces/zero_commit-l1-n2-identical-w1-k2-s11.tsv,cdde14d205ddbb9b01cd950e9fb90bf0e87e3763a32ecb59834372455a5b0400,32,passed,1,300,0.99
measure,zero_commit-l1-n2-identical-w1-k2,lazy,11,ok,2,1,0,True,False,1,1,1,3985015542,0.019632,0,0.001253,0.000221,2026-09-05T04:47:03.750077+00:00,78114346af60fc2be999a1857d5405547a27aa63398150aa1cd141c4526ff363,0,identical,ok,0.005135,2,10000,536870912,8000000,RLIMIT_AS,2048,2,7732,2,0.008885071612894535,/tmp/eas-clean-issue1.nlYHTf/experiments/eas/results/smoke/raw/zero_commit-l1-n2-identical-w1-k2-s11-measure-lazy.json,e7acb5d8bf3adcabb991e9312155528c42a7c56645e02fe06ea6d4f3aa147feb,0.007074,0.00319,0.00047,0,1,/tmp/eas-clean-issue1.nlYHTf/experiments/eas/results/smoke/logs/zero_commit-l1-n2-identical-w1-k2-s11-measure-lazy.rss.txt,7732,0,0.001362,0.000432,2,0,0,0,2,184,2,0.005341,0,0.005135,0,0,0.000826,1,0,0,0,0,0,0.011129,0,6,0.000623,0.011129,False,98,2026-09-05T04:47:03.741177+00:00,/tmp/eas-clean-issue1.nlYHTf/experiments/eas/results/smoke/logs/zero_commit-l1-n2-identical-w1-k2-s11-measure-lazy.stderr.log,/tmp/eas-clean-issue1.nlYHTf/experiments/eas/results/smoke/logs/zero_commit-l1-n2-identical-w1-k2-s11-measure-lazy.stdout.log,zero_commit,0.004916,120.0,/tmp/eas-clean-issue1.nlYHTf/experiments/eas/results/smoke/traces/zero_commit-l1-n2-identical-w1-k2-s11.tsv,cdde14d205ddbb9b01cd950e9fb90bf0e87e3763a32ecb59834372455a5b0400,32,passed,1,306,0.99
measure,zero_commit-l1-n2-identical-w1-k2,native,11,ok,1,1,7.3e-05,True,False,1,1,1,3985015542,0.009444,1,0.002274,0.001332,2026-09-05T04:47:03.720890+00:00,20c220ab6f658bff0822e0f46caaec723979640cf92192efc2b218f122a5e3d9,0.000509,identical,ok,0,2,10000,536870912,8000000,RLIMIT_AS,2048,2,7992,2,0.008886664174497128,/tmp/eas-clean-issue1.nlYHTf/experiments/eas/results/smoke/raw/zero_commit-l1-n2-identical-w1-k2-s11-measure-native.json,c57c002af3bf41a0fd023838def60454cb4b695c7d1c095648d243dc84063743,0.007107,0.003364,0.000564,0,0,/tmp/eas-clean-issue1.nlYHTf/experiments/eas/results/smoke/logs/zero_commit-l1-n2-identical-w1-k2-s11-measure-native.rss.txt,7992,0,0,0,0,0,0,0,0,0,2,0,0,0,0,0,0,0,0,0,0,0,0,0,0,0,0,0,False,95,2026-09-05T04:47:03.711988+00:00,/tmp/eas-clean-issue1.nlYHTf/experiments/eas/results/smoke/logs/zero_commit-l1-n2-identical-w1-k2-s11-measure-native.stderr.log,/tmp/eas-clean-issue1.nlYHTf/experiments/eas/results/smoke/logs/zero_commit-l1-n2-identical-w1-k2-s11-measure-native.stdout.log,zero_commit,0.004685,120.0,/tmp/eas-clean-issue1.nlYHTf/experiments/eas/results/smoke/traces/zero_commit-l1-n2-identical-w1-k2-s11.tsv,cdde14d205ddbb9b01cd950e9fb90bf0e87e3763a32ecb59834372455a5b0400,32,passed,1,297,0.99
measure,zero_commit-l1-n2-identical-w1-k2,profile,11,ok,2,1,0,True,False,1,1,1,3985015542,0.027643,0,0.001246,0.000227,2026-09-05T04:47:03.759777+00:00,78114346af60fc2be999a1857d5405547a27aa63398150aa1cd141c4526ff363,0,identical,ok,0.005034,2,10000,536870912,8000000,RLIMIT_AS,2048,2,8120,2,0.00884718494489789,/tmp/eas-clean-issue1.nlYHTf/experiments/eas/results/smoke/raw/zero_commit-l1-n2-identical-w1-k2-s11-measure-profile.json,4557a20cb629715f8324aafd28dd476e4c555ac7afdaa3b3feb4cd6f046e517f,0.006936,0.002995,0.000468,0,1,/tmp/eas-clean-issue1.nlYHTf/experiments/eas/results/smoke/logs/zero_commit-l1-n2-identical-w1-k2-s11-measure-profile.rss.txt,8120,1,0.008718,0.000598,0,0,1,2,2,192,2,0.013605,0,0.005034,1,1,0.001673,1,0,0,0,0,0,0.019285,8,6,0.000714,0.019285,False,99,2026-09-05T04:47:03.750913+00:00,/tmp/eas-clean-issue1.nlYHTf/experiments/eas/results/smoke/logs/zero_commit-l1-n2-identical-w1-k2-s11-measure-profile.stderr.log,/tmp/eas-clean-issue1.nlYHTf/experiments/eas/results/smoke/logs/zero_commit-l1-n2-identical-w1-k2-s11-measure-profile.stdout.log,zero_commit,0.00496,120.0,/tmp/eas-clean-issue1.nlYHTf/experiments/eas/results/smoke/traces/zero_commit-l1-n2-identical-w1-k2-s11.tsv,cdde14d205ddbb9b01cd950e9fb90bf0e87e3763a32ecb59834372455a5b0400,32,passed,1,309,0.99
measure,zero_commit-l1-n2-identical-w1-k2,adaptive,29,ok,2,1,0,True,False,1,1,1,3985015542,0.027325,0,0.001294,0.000239,2026-09-05T04:47:03.779234+00:00,78114346af60fc2be999a1857d5405547a27aa63398150aa1cd141c4526ff363,0,identical,ok,0.005469,2,10000,536870912,8000000,RLIMIT_AS,2048,2,7968,2,0.00887178536504507,/tmp/eas-clean-issue1.nlYHTf/experiments/eas/results/smoke/raw/zero_commit-l1-n2-identical-w1-k2-s29-measure-adaptive.json,bfbecc92b0b570b501ed168545387667ffb8c5510285aae0d66b3b367a6bfc04,0.005361,0.003361,0.000514,0,1,/tmp/eas-clean-issue1.nlYHTf/experiments/eas/results/smoke/logs/zero_commit-l1-n2-identical-w1-k2-s29-measure-adaptive.rss.txt,7968,1,0.00947,0.000625,0,0,1,2,2,192,2,0.014345,0,0.005469,1,1,0.001598,1,0,0,0,0,0,0.020568,8,6,0.000666,0.020568,False,101,2026-09-05T04:47:03.770346+00:00,/tmp/eas-clean-issue1.nlYHTf/experiments/eas/results/smoke/logs/zero_commit-l1-n2-identical-w1-k2-s29-measure-adaptive.stderr.log,/tmp/eas-clean-issue1.nlYHTf/experiments/eas/results/smoke/logs/zero_commit-l1-n2-identical-w1-k2-s29-measure-adaptive.stdout.log,zero_commit,0.003055,120.0,/tmp/eas-clean-issue1.nlYHTf/experiments/eas/results/smoke/traces/zero_commit-l1-n2-identical-w1-k2-s29.tsv,9b1baf567c2d766f258b9bb692e4b9c6dd11666c982daaad3165dbc3a9a280a2,32,passed,1,315,0.99
measure,zero_commit-l1-n2-identical-w1-k2,graph,29,ok,2,1,0,True,False,1,1,1,3985015542,0.019772,0,0.001086,0.000221,2026-09-05T04:47:03.809201+00:00,78114346af60fc2be999a1857d5405547a27aa63398150aa1cd141c4526ff363,0,identical,ok,0.005118,2,10000,536870912,8000000,RLIMIT_AS,2048,2,7972,2,0.008951977826654911,/tmp/eas-clean-issue1.nlYHTf/experiments/eas/results/smoke/raw/zero_commit-l1-n2-identical-w1-k2-s29-measure-graph.json,c157fe16db146c4eb16480f5d78a0858d27b34a3245119e00ce5df00a83bd99a,0.006869,0.003203,0.000441,0,1,/tmp/eas-clean-issue1.nlYHTf/experiments/eas/results/smoke/logs/zero_commit-l1-n2-identical-w1-k2-s29-measure-graph.rss.txt,7972,0,0.001756,0.000321,0,16,0,0,0,0,2,0.005902,0,0.005118,0,0,0.001241,0,0,0,0,0,0,0.011634,4,6,0.000605,0.011634,False,104,2026-09-05T04:47:03.800230+00:00,/tmp/eas-clean-issue1.nlYHTf/experiments/eas/results/smoke/logs/zero_commit-l1-n2-identical-w1-k2-s29-measure-graph.stderr.log,/tmp/eas-clean-issue1.nlYHTf/experiments/eas/results/smoke/logs/zero_commit-l1-n2-identical-w1-k2-s29-measure-graph.stdout.log,zero_commit,0.004531,120.0,/tmp/eas-clean-issue1.nlYHTf/experiments/eas/results/smoke/traces/zero_commit-l1-n2-identical-w1-k2-s29.tsv,9b1baf567c2d766f258b9bb692e4b9c6dd11666c982daaad3165dbc3a9a280a2,32,passed,1,324,0.99
measure,zero_commit-l1-n2-identical-w1-k2,lazy,29,ok,2,1,0,True,False,1,1,1,3985015542,0.01757,0,0.001293,0.00022,2026-09-05T04:47:03.798784+00:00,78114346af60fc2be999a1857d5405547a27aa63398150aa1cd141c4526ff363,0,identical,ok,0.005463,2,10000,536870912,8000000,RLIMIT_AS,2048,2,7860,2,0.008968135342001915,/tmp/eas-clean-issue1.nlYHTf/experiments/eas/results/smoke/raw/zero_commit-l1-n2-identical-w1-k2-s29-measure-lazy.json,d0010b2de67431934dfee434919731d98c9a10d0d931318421943f20faa18693,0.00465,0.002772,0.000407,0,1,/tmp/eas-clean-issue1.nlYHTf/experiments/eas/results/smoke/logs/zero_commit-l1-n2-identical-w1-k2-s29-measure-lazy.rss.txt,7860,0,0.001383,0.000414,2,0,0,0,2,184,2,0.005312,0,0.005463,0,0,0.000865,1,0,0,0,0,0,0.0115,0,6,0.000665,0.0115,False,103,2026-09-05T04:47:03.789800+00:00,/tmp/eas-clean-issue1.nlYHTf/experiments/eas/results/smoke/logs/zero_commit-l1-n2-identical-w1-k2-s29-measure-lazy.stderr.log,/tmp/eas-clean-issue1.nlYHTf/experiments/eas/results/smoke/logs/zero_commit-l1-n2-identical-w1-k2-s29-measure-lazy.stdout.log,zero_commit,0.002951,120.0,/tmp/eas-clean-issue1.nlYHTf/experiments/eas/results/smoke/traces/zero_commit-l1-n2-identical-w1-k2-s29.tsv,9b1baf567c2d766f258b9bb692e4b9c6dd11666c982daaad3165dbc3a9a280a2,32,passed,1,321,0.99
measure,zero_commit-l1-n2-identical-w1-k2,native,29,ok,1,1,8.4e-05,True,False,1,1,1,3985015542,0.00778,1,0.002342,0.001176,2026-09-05T04:47:03.769540+00:00,20c220ab6f658bff0822e0f46caaec723979640cf92192efc2b218f122a5e3d9,0.000346,identical,ok,0,2,10000,536870912,8000000,RLIMIT_AS,2048,2,7844,2,0.008865314070135355,/tmp/eas-clean-issue1.nlYHTf/experiments/eas/results/smoke/raw/zero_commit-l1-n2-identical-w1-k2-s29-measure-native.json,447f2b968039380b0344aa4c1252623f1ea33151c86346d2335115f0e3efdd09,0.00538,0.003365,0.000598,0,0,/tmp/eas-clean-issue1.nlYHTf/experiments/eas/results/smoke/logs/zero_commit-l1-n2-identical-w1-k2-s29-measure-native.rss.txt,7844,0,0,0,0,0,0,0,0,0,2,0,0,0,0,0,0,0,0,0,0,0,0,0,0,0,0,0,False,100,2026-09-05T04:47:03.760659+00:00,/tmp/eas-clean-issue1.nlYHTf/experiments/eas/results/smoke/logs/zero_commit-l1-n2-identical-w1-k2-s29-measure-native.stderr.log,/tmp/eas-clean-issue1.nlYHTf/experiments/eas/results/smoke/logs/zero_commit-l1-n2-identical-w1-k2-s29-measure-native.stdout.log,zero_commit,0.003181,120.0,/tmp/eas-clean-issue1.nlYHTf/experiments/eas/results/smoke/traces/zero_commit-l1-n2-identical-w1-k2-s29.tsv,9b1baf567c2d766f258b9bb692e4b9c6dd11666c982daaad3165dbc3a9a280a2,32,passed,1,312,0.99
measure,zero_commit-l1-n2-identical-w1-k2,profile,29,ok,2,1,0,True,False,1,1,1,3985015542,0.026422,0,0.001358,0.000237,2026-09-05T04:47:03.788982+00:00,78114346af60fc2be999a1857d5405547a27aa63398150aa1cd141c4526ff363,0,identical,ok,0.005835,2,10000,536870912,8000000,RLIMIT_AS,2048,2,7988,2,0.008926097303628922,/tmp/eas-clean-issue1.nlYHTf/experiments/eas/results/smoke/raw/zero_commit-l1-n2-identical-w1-k2-s29-measure-profile.json,941603d84d6b9ebc8ff7d62f6ae0365a6c4178bcaa08300e1c90bc62fa17855a,0.004928,0.003184,0.00051,0,1,/tmp/eas-clean-issue1.nlYHTf/experiments/eas/results/smoke/logs/zero_commit-l1-n2-identical-w1-k2-s29-measure-profile.rss.txt,7988,1,0.008626,0.000631,0,0,1,2,2,192,2,0.01351,0,0.005835,1,1,0.001645,1,0,0,0,0,0,0.020013,8,6,0.000652,0.020013,False,102,2026-09-05T04:47:03.780038+00:00,/tmp/eas-clean-issue1.nlYHTf/experiments/eas/results/smoke/logs/zero_commit-l1-n2-identical-w1-k2-s29-measure-profile.stderr.log,/tmp/eas-clean-issue1.nlYHTf/experiments/eas/results/smoke/logs/zero_commit-l1-n2-identical-w1-k2-s29-measure-profile.stdout.log,zero_commit,0.002865,120.0,/tmp/eas-clean-issue1.nlYHTf/experiments/eas/results/smoke/traces/zero_commit-l1-n2-identical-w1-k2-s29.tsv,9b1baf567c2d766f258b9bb692e4b9c6dd11666c982daaad3165dbc3a9a280a2,32,passed,1,318,0.99
measure,zero_commit-l1-n2-identical-w1-k2,adaptive,47,ok,2,1,0,True,False,1,1,1,3985015542,0.028617,0,0.001024,0.000223,2026-09-05T04:47:03.838488+00:00,78114346af60fc2be999a1857d5405547a27aa63398150aa1cd141c4526ff363,0,identical,ok,0.005792,2,10000,536870912,8000000,RLIMIT_AS,2048,2,7860,2,0.008870378602296114,/tmp/eas-clean-issue1.nlYHTf/experiments/eas/results/smoke/raw/zero_commit-l1-n2-identical-w1-k2-s47-measure-adaptive.json,54aa94a77302cd3645e8c183a9127920bef20e788956163978c63e50fd8a7452,0.007193,0.00354,0.000534,0,1,/tmp/eas-clean-issue1.nlYHTf/experiments/eas/results/smoke/logs/zero_commit-l1-n2-identical-w1-k2-s47-measure-adaptive.rss.txt,7860,1,0.009057,0.000657,0,0,1,2,2,192,2,0.013864,0,0.005792,1,1,0.001661,1,0,0,0,0,0,0.020314,8,6,0.000614,0.020314,False,107,2026-09-05T04:47:03.829601+00:00,/tmp/eas-clean-issue1.nlYHTf/experiments/eas/results/smoke/logs/zero_commit-l1-n2-identical-w1-k2-s47-measure-adaptive.stderr.log,/tmp/eas-clean-issue1.nlYHTf/experiments/eas/results/smoke/logs/zero_commit-l1-n2-identical-w1-k2-s47-measure-adaptive.stdout.log,zero_commit,0.004454,120.0,/tmp/eas-clean-issue1.nlYHTf/experiments/eas/results/smoke/traces/zero_commit-l1-n2-identical-w1-k2-s47.tsv,d478adaeab1d9963c2d2dabaa8564fb8aee29d045becc29aee0ec5362bb2fd76,32,passed,1,333,0.99
measure,zero_commit-l1-n2-identical-w1-k2,graph,47,ok,2,1,0,True,False,1,1,1,3985015542,0.02079,0,0.001207,0.000205,2026-09-05T04:47:03.848246+00:00,78114346af60fc2be999a1857d5405547a27aa63398150aa1cd141c4526ff363,0,identical,ok,0.005448,2,10000,536870912,8000000,RLIMIT_AS,2048,2,7904,2,0.008890461642295122,/tmp/eas-clean-issue1.nlYHTf/experiments/eas/results/smoke/raw/zero_commit-l1-n2-identical-w1-k2-s47-measure-graph.json,3a2d9e0672156e1a9095b9ad3562098a44f00fc59a708a43bfd621f32d8b738e,0.007163,0.003276,0.000482,0,1,/tmp/eas-clean-issue1.nlYHTf/experiments/eas/results/smoke/logs/zero_commit-l1-n2-identical-w1-k2-s47-measure-graph.rss.txt,7904,0,0.001812,0.000326,0,16,0,0,0,0,2,0.006158,0,0.005448,0,0,0.00126,0,0,0,0,0,0,0.012321,4,6,0.000734,0.012321,False,108,2026-09-05T04:47:03.839337+00:00,/tmp/eas-clean-issue1.nlYHTf/experiments/eas/results/smoke/logs/zero_commit-l1-n2-identical-w1-k2-s47-measure-graph.stderr.log,/tmp/eas-clean-issue1.nlYHTf/experiments/eas/results/smoke/logs/zero_commit-l1-n2-identical-w1-k2-s47-measure-graph.stdout.log,zero_commit,0.004889,120.0,/tmp/eas-clean-issue1.nlYHTf/experiments/eas/results/smoke/traces/zero_commit-l1-n2-identical-w1-k2-s47.tsv,d478adaeab1d9963c2d2dabaa8564fb8aee29d045becc29aee0ec5362bb2fd76,32,passed,1,336,0.99
measure,zero_commit-l1-n2-identical-w1-k2,lazy,47,ok,2,1,0,True,False,1,1,1,3985015542,0.02076,0,0.001589,0.000292,2026-09-05T04:47:03.828798+00:00,78114346af60fc2be999a1857d5405547a27aa63398150aa1cd141c4526ff363,0,identical,ok,0.00541,2,10000,536870912,8000000,RLIMIT_AS,2048,2,7920,2,0.008883101865649223,/tmp/eas-clean-issue1.nlYHTf/experiments/eas/results/smoke/raw/zero_commit-l1-n2-identical-w1-k2-s47-measure-lazy.json,c0b057ed12cc40fbaf5bf9a76c992a789d9eaacaad7dc4d7f4635e5b213e7578,0.007672,0.00355,0.000517,0,1,/tmp/eas-clean-issue1.nlYHTf/experiments/eas/results/smoke/logs/zero_commit-l1-n2-identical-w1-k2-s47-measure-lazy.rss.txt,7920,0,0.001389,0.000416,2,0,0,0,2,184,2,0.005251,0,0.00541,0,0,0.00088,1,0,0,0,0,0,0.011385,0,6,0.000683,0.011385,False,106,2026-09-05T04:47:03.819898+00:00,/tmp/eas-clean-issue1.nlYHTf/experiments/eas/results/smoke/logs/zero_commit-l1-n2-identical-w1-k2-s47-measure-lazy.stderr.log,/tmp/eas-clean-issue1.nlYHTf/experiments/eas/results/smoke/logs/zero_commit-l1-n2-identical-w1-k2-s47-measure-lazy.stdout.log,zero_commit,0.005419,120.0,/tmp/eas-clean-issue1.nlYHTf/experiments/eas/results/smoke/traces/zero_commit-l1-n2-identical-w1-k2-s47.tsv,d478adaeab1d9963c2d2dabaa8564fb8aee29d045becc29aee0ec5362bb2fd76,32,passed,1,330,0.99
measure,zero_commit-l1-n2-identical-w1-k2,native,47,ok,1,1,7.1e-05,True,False,1,1,1,3985015542,0.009358,1,0.002067,0.001182,2026-09-05T04:47:03.857991+00:00,20c220ab6f658bff0822e0f46caaec723979640cf92192efc2b218f122a5e3d9,0.000377,identical,ok,0,2,10000,536870912,8000000,RLIMIT_AS,2048,2,7972,2,0.008885413873940706,/tmp/eas-clean-issue1.nlYHTf/experiments/eas/results/smoke/raw/zero_commit-l1-n2-identical-w1-k2-s47-measure-native.json,54bf2786528dd206f90bdabe1dadad186d0cae4ed621ff4a98369cf4d9f5af92,0.007224,0.002819,0.000446,0,0,/tmp/eas-clean-issue1.nlYHTf/experiments/eas/results/smoke/logs/zero_commit-l1-n2-identical-w1-k2-s47-measure-native.rss.txt,7972,0,0,0,0,0,0,0,0,0,2,0,0,0,0,0,0,0,0,0,0,0,0,0,0,0,0,0,False,109,2026-09-05T04:47:03.849089+00:00,/tmp/eas-clean-issue1.nlYHTf/experiments/eas/results/smoke/logs/zero_commit-l1-n2-identical-w1-k2-s47-measure-native.stderr.log,/tmp/eas-clean-issue1.nlYHTf/experiments/eas/results/smoke/logs/zero_commit-l1-n2-identical-w1-k2-s47-measure-native.stdout.log,zero_commit,0.00529,120.0,/tmp/eas-clean-issue1.nlYHTf/experiments/eas/results/smoke/traces/zero_commit-l1-n2-identical-w1-k2-s47.tsv,d478adaeab1d9963c2d2dabaa8564fb8aee29d045becc29aee0ec5362bb2fd76,32,passed,1,339,0.99
measure,zero_commit-l1-n2-identical-w1-k2,profile,47,ok,2,1,0,True,False,1,1,1,3985015542,0.027808,0,0.001242,0.000212,2026-09-05T04:47:03.819089+00:00,78114346af60fc2be999a1857d5405547a27aa63398150aa1cd141c4526ff363,0,identical,ok,0.004968,2,10000,536870912,8000000,RLIMIT_AS,2048,2,8032,2,0.00893322005867958,/tmp/eas-clean-issue1.nlYHTf/experiments/eas/results/smoke/raw/zero_commit-l1-n2-identical-w1-k2-s47-measure-profile.json,fd06e81e68c3e523717c21350b6677472bb9eaa4665adae3f97e94950d7c013b,0.007227,0.003261,0.000475,0,1,/tmp/eas-clean-issue1.nlYHTf/experiments/eas/results/smoke/logs/zero_commit-l1-n2-identical-w1-k2-s47-measure-profile.rss.txt,8032,1,0.008619,0.000591,0,0,1,2,2,192,2,0.013535,0,0.004968,1,1,0.001778,1,0,0,0,0,0,0.019159,8,6,0.000674,0.019159,False,105,2026-09-05T04:47:03.810139+00:00,/tmp/eas-clean-issue1.nlYHTf/experiments/eas/results/smoke/logs/zero_commit-l1-n2-identical-w1-k2-s47-measure-profile.stderr.log,/tmp/eas-clean-issue1.nlYHTf/experiments/eas/results/smoke/logs/zero_commit-l1-n2-identical-w1-k2-s47-measure-profile.stdout.log,zero_commit,0.004996,120.0,/tmp/eas-clean-issue1.nlYHTf/experiments/eas/results/smoke/traces/zero_commit-l1-n2-identical-w1-k2-s47.tsv,d478adaeab1d9963c2d2dabaa8564fb8aee29d045becc29aee0ec5362bb2fd76,32,passed,1,327,0.99
warmup,zero_commit-l1-n2-identical-w1-k2,adaptive,7,ok,2,1,0,True,False,1,1,1,3985015542,0.029411,0,0.001231,0.000238,2026-09-05T04:47:03.671969+00:00,78114346af60fc2be999a1857d5405547a27aa63398150aa1cd141c4526ff363,0,identical,ok,0.00555,2,10000,536870912,8000000,RLIMIT_AS,2048,2,8096,2,0.008996977005153894,/tmp/eas-clean-issue1.nlYHTf/experiments/eas/results/smoke/raw/zero_commit-l1-n2-identical-w1-k2-s7-warmup-adaptive.json,dbb3ffb1c22ce79f4df5380d17835bb1affd410150222229d0ce2559da3a4471,0.00727,0.003025,0.000439,0,1,/tmp/eas-clean-issue1.nlYHTf/experiments/eas/results/smoke/logs/zero_commit-l1-n2-identical-w1-k2-s7-warmup-adaptive.rss.txt,8096,1,0.009726,0.000539,0,0,1,2,2,192,2,0.014574,0,0.00555,1,1,0.001697,1,0,0,0,0,0,0.020791,8,6,0.00065,0.020791,False,90,2026-09-05T04:47:03.662956+00:00,/tmp/eas-clean-issue1.nlYHTf/experiments/eas/results/smoke/logs/zero_commit-l1-n2-identical-w1-k2-s7-warmup-adaptive.stderr.log,/tmp/eas-clean-issue1.nlYHTf/experiments/eas/results/smoke/logs/zero_commit-l1-n2-identical-w1-k2-s7-warmup-adaptive.stdout.log,zero_commit,0.005238,120.0,/tmp/eas-clean-issue1.nlYHTf/experiments/eas/results/smoke/traces/zero_commit-l1-n2-identical-w1-k2-s7.tsv,c2a760bdab1aea1d82039afc6ef28f23f5ec8affbfeef3155ebbb392c7bd6e58,32,passed,1,282,0.99
warmup,zero_commit-l1-n2-identical-w1-k2,graph,7,ok,2,1,0,True,False,1,1,1,3985015542,0.019502,0,0.001308,0.000222,2026-09-05T04:47:03.681699+00:00,78114346af60fc2be999a1857d5405547a27aa63398150aa1cd141c4526ff363,0,identical,ok,0.004588,2,10000,536870912,8000000,RLIMIT_AS,2048,2,7920,2,0.008869984187185764,/tmp/eas-clean-issue1.nlYHTf/experiments/eas/results/smoke/raw/zero_commit-l1-n2-identical-w1-k2-s7-warmup-graph.json,944a95230743620f43b0806c1842d5f58f92e99fa985a92462977168236b6063,0.00693,0.002968,0.000432,0,1,/tmp/eas-clean-issue1.nlYHTf/experiments/eas/results/smoke/logs/zero_commit-l1-n2-identical-w1-k2-s7-warmup-graph.rss.txt,7920,0,0.001755,0.000321,0,16,0,0,0,0,2,0.005923,0,0.004588,0,0,0.001299,0,0,0,0,0,0,0.011173,4,6,0.000645,0.011173,False,91,2026-09-05T04:47:03.672811+00:00,/tmp/eas-clean-issue1.nlYHTf/experiments/eas/results/smoke/logs/zero_commit-l1-n2-identical-w1-k2-s7-warmup-graph.stderr.log,/tmp/eas-clean-issue1.nlYHTf/experiments/eas/results/smoke/logs/zero_commit-l1-n2-identical-w1-k2-s7-warmup-graph.stdout.log,zero_commit,0.005048,120.0,/tmp/eas-clean-issue1.nlYHTf/experiments/eas/results/smoke/traces/zero_commit-l1-n2-identical-w1-k2-s7.tsv,c2a760bdab1aea1d82039afc6ef28f23f5ec8affbfeef3155ebbb392c7bd6e58,32,passed,1,285,0.99
warmup,zero_commit-l1-n2-identical-w1-k2,lazy,7,ok,2,1,0,True,False,1,1,1,3985015542,0.018082,0,0.001338,0.000269,2026-09-05T04:47:03.691486+00:00,78114346af60fc2be999a1857d5405547a27aa63398150aa1cd141c4526ff363,0,identical,ok,0.005448,2,10000,536870912,8000000,RLIMIT_AS,2048,2,7848,2,0.00894780084490776,/tmp/eas-clean-issue1.nlYHTf/experiments/eas/results/smoke/raw/zero_commit-l1-n2-identical-w1-k2-s7-warmup-lazy.json,4f0c323339d2dff74f66854213f101fd948b9f6b60dae52911b2ee214d6d2d25,0.005349,0.003304,0.000475,0,1,/tmp/eas-clean-issue1.nlYHTf/experiments/eas/results/smoke/logs/zero_commit-l1-n2-identical-w1-k2-s7-warmup-lazy.rss.txt,7848,0,0.001387,0.000412,2,0,0,0,2,184,2,0.005192,0,0.005448,0,0,0.000861,1,0,0,0,0,0,0.011301,0,6,0.000594,0.011301,False,92,2026-09-05T04:47:03.682522+00:00,/tmp/eas-clean-issue1.nlYHTf/experiments/eas/results/smoke/logs/zero_commit-l1-n2-identical-w1-k2-s7-warmup-lazy.stderr.log,/tmp/eas-clean-issue1.nlYHTf/experiments/eas/results/smoke/logs/zero_commit-l1-n2-identical-w1-k2-s7-warmup-lazy.stdout.log,zero_commit,0.003114,120.0,/tmp/eas-clean-issue1.nlYHTf/experiments/eas/results/smoke/traces/zero_commit-l1-n2-identical-w1-k2-s7.tsv,c2a760bdab1aea1d82039afc6ef28f23f5ec8affbfeef3155ebbb392c7bd6e58,32,passed,1,288,0.99
warmup,zero_commit-l1-n2-identical-w1-k2,native,7,ok,1,1,7.7e-05,True,False,1,1,1,3985015542,0.010153,1,0.001912,0.001089,2026-09-05T04:47:03.701398+00:00,20c220ab6f658bff0822e0f46caaec723979640cf92192efc2b218f122a5e3d9,0.000339,identical,ok,0,2,10000,536870912,8000000,RLIMIT_AS,2048,2,7964,2,0.00891635287553072,/tmp/eas-clean-issue1.nlYHTf/experiments/eas/results/smoke/raw/zero_commit-l1-n2-identical-w1-k2-s7-warmup-native.json,f21831f9a17216fd444fa7838514483f8bef3463553d0fe72f0f4684617b8674,0.008175,0.003366,0.000484,0,0,/tmp/eas-clean-issue1.nlYHTf/experiments/eas/results/smoke/logs/zero_commit-l1-n2-identical-w1-k2-s7-warmup-native.rss.txt,7964,0,0,0,0,0,0,0,0,0,2,0,0,0,0,0,0,0,0,0,0,0,0,0,0,0,0,0,False,93,2026-09-05T04:47:03.692466+00:00,/tmp/eas-clean-issue1.nlYHTf/experiments/eas/results/smoke/logs/zero_commit-l1-n2-identical-w1-k2-s7-warmup-native.stderr.log,/tmp/eas-clean-issue1.nlYHTf/experiments/eas/results/smoke/logs/zero_commit-l1-n2-identical-w1-k2-s7-warmup-native.stdout.log,zero_commit,0.005632,120.0,/tmp/eas-clean-issue1.nlYHTf/experiments/eas/results/smoke/traces/zero_commit-l1-n2-identical-w1-k2-s7.tsv,c2a760bdab1aea1d82039afc6ef28f23f5ec8affbfeef3155ebbb392c7bd6e58,32,passed,1,291,0.99
warmup,zero_commit-l1-n2-identical-w1-k2,profile,7,ok,2,1,0,True,False,1,1,1,3985015542,0.027682,0,0.001422,0.000235,2026-09-05T04:47:03.711116+00:00,78114346af60fc2be999a1857d5405547a27aa63398150aa1cd141c4526ff363,0,identical,ok,0.004924,2,10000,536870912,8000000,RLIMIT_AS,2048,2,8092,2,0.00889214500784874,/tmp/eas-clean-issue1.nlYHTf/experiments/eas/results/smoke/raw/zero_commit-l1-n2-identical-w1-k2-s7-warmup-profile.json,b51df32c838ef768f2c6b7a4cca83f016d1e08cc7035b698ad3a06b390d62c2e,0.006983,0.003422,0.000504,0,1,/tmp/eas-clean-issue1.nlYHTf/experiments/eas/results/smoke/logs/zero_commit-l1-n2-identical-w1-k2-s7-warmup-profile.rss.txt,8092,1,0.008811,0.000613,0,0,1,2,2,192,2,0.01357,0,0.004924,1,1,0.00162,1,0,0,0,0,0,0.019162,8,6,0.000659,0.019162,False,94,2026-09-05T04:47:03.702208+00:00,/tmp/eas-clean-issue1.nlYHTf/experiments/eas/results/smoke/logs/zero_commit-l1-n2-identical-w1-k2-s7-warmup-profile.stderr.log,/tmp/eas-clean-issue1.nlYHTf/experiments/eas/results/smoke/logs/zero_commit-l1-n2-identical-w1-k2-s7-warmup-profile.stdout.log,zero_commit,0.004748,120.0,/tmp/eas-clean-issue1.nlYHTf/experiments/eas/results/smoke/traces/zero_commit-l1-n2-identical-w1-k2-s7.tsv,c2a760bdab1aea1d82039afc6ef28f23f5ec8affbfeef3155ebbb392c7bd6e58,32,passed,1,294,0.99
measure,zero_commit-l1-n2-identical-w1-k2,adaptive,71,ok,2,1,0,True,False,1,1,1,3985015542,0.028424,0,0.00107,0.000234,2026-09-05T04:47:03.896900+00:00,78114346af60fc2be999a1857d5405547a27aa63398150aa1cd141c4526ff363,0,identical,ok,0.005117,2,10000,536870912,8000000,RLIMIT_AS,2048,2,8076,2,0.00883872201666236,/tmp/eas-clean-issue1.nlYHTf/experiments/eas/results/smoke/raw/zero_commit-l1-n2-identical-w1-k2-s71-measure-adaptive.json,1ec8fed78d83892df9db98af599f909a6ee2eb072412c5584b0cfaf395c06211,0.007211,0.003336,0.000507,0,1,/tmp/eas-clean-issue1.nlYHTf/experiments/eas/results/smoke/logs/zero_commit-l1-n2-identical-w1-k2-s71-measure-adaptive.rss.txt,8076,1,0.009395,0.00062,0,0,1,2,2,192,2,0.01422,0,0.005117,1,1,0.001627,1,0,0,0,0,0,0.020043,8,6,0.000672,0.020043,False,113,2026-09-05T04:47:03.888043+00:00,/tmp/eas-clean-issue1.nlYHTf/experiments/eas/results/smoke/logs/zero_commit-l1-n2-identical-w1-k2-s71-measure-adaptive.stderr.log,/tmp/eas-clean-issue1.nlYHTf/experiments/eas/results/smoke/logs/zero_commit-l1-n2-identical-w1-k2-s71-measure-adaptive.stdout.log,zero_commit,0.004711,120.0,/tmp/eas-clean-issue1.nlYHTf/experiments/eas/results/smoke/traces/zero_commit-l1-n2-identical-w1-k2-s71.tsv,5734c5aad3dbfaa35127a6042b114a57f34172c45718abeba7b647a20cf62349,32,passed,1,351,0.99
measure,zero_commit-l1-n2-identical-w1-k2,graph,71,ok,2,1,0,True,False,1,1,1,3985015542,0.021041,0,0.001495,0.000222,2026-09-05T04:47:03.867833+00:00,78114346af60fc2be999a1857d5405547a27aa63398150aa1cd141c4526ff363,0,identical,ok,0.004672,2,10000,536870912,8000000,RLIMIT_AS,2048,2,7904,2,0.008924851194024086,/tmp/eas-clean-issue1.nlYHTf/experiments/eas/results/smoke/raw/zero_commit-l1-n2-identical-w1-k2-s71-measure-graph.json,256fde3a24f2299b3da556454a6d0615342dea15de6457a45a556a1a8091e74f,0.007885,0.002726,0.000432,0,1,/tmp/eas-clean-issue1.nlYHTf/experiments/eas/results/smoke/logs/zero_commit-l1-n2-identical-w1-k2-s71-measure-graph.rss.txt,7904,0,0.001766,0.000308,0,16,0,0,0,0,2,0.00619,0,0.004672,0,0,0.001403,0,0,0,0,0,0,0.011559,4,6,0.000659,0.011559,False,110,2026-09-05T04:47:03.858890+00:00,/tmp/eas-clean-issue1.nlYHTf/experiments/eas/results/smoke/logs/zero_commit-l1-n2-identical-w1-k2-s71-measure-graph.stderr.log,/tmp/eas-clean-issue1.nlYHTf/experiments/eas/results/smoke/logs/zero_commit-l1-n2-identical-w1-k2-s71-measure-graph.stdout.log,zero_commit,0.006432,120.0,/tmp/eas-clean-issue1.nlYHTf/experiments/eas/results/smoke/traces/zero_commit-l1-n2-identical-w1-k2-s71.tsv,5734c5aad3dbfaa35127a6042b114a57f34172c45718abeba7b647a20cf62349,32,passed,1,342,0.99
measure,zero_commit-l1-n2-identical-w1-k2,lazy,71,ok,2,1,0,True,False,1,1,1,3985015542,0.020349,0,0.001411,0.000247,2026-09-05T04:47:03.877491+00:00,78114346af60fc2be999a1857d5405547a27aa63398150aa1cd141c4526ff363,0,identical,ok,0.004767,2,10000,536870912,8000000,RLIMIT_AS,2048,2,7968,2,0.00884525990113616,/tmp/eas-clean-issue1.nlYHTf/experiments/eas/results/smoke/raw/zero_commit-l1-n2-identical-w1-k2-s71-measure-lazy.json,51cf05293af0d2b76d56b9834eff64932c82a1d19c0afeda1e8ba6b3ffa6447c,0.008119,0.00265,0.00042,0,1,/tmp/eas-clean-issue1.nlYHTf/experiments/eas/results/smoke/logs/zero_commit-l1-n2-identical-w1-k2-s71-measure-lazy.rss.txt,7968,0,0.001402,0.000432,2,0,0,0,2,184,2,0.005263,0,0.004767,0,0,0.000808,1,0,0,0,0,0,0.010695,0,6,0.000681,0.010695,False,111,2026-09-05T04:47:03.868630+00:00,/tmp/eas-clean-issue1.nlYHTf/experiments/eas/results/smoke/logs/zero_commit-l1-n2-identical-w1-k2-s71-measure-lazy.stderr.log,/tmp/eas-clean-issue1.nlYHTf/experiments/eas/results/smoke/logs/zero_commit-l1-n2-identical-w1-k2-s71-measure-lazy.stdout.log,zero_commit,0.006633,120.0,/tmp/eas-clean-issue1.nlYHTf/experiments/eas/results/smoke/traces/zero_commit-l1-n2-identical-w1-k2-s71.tsv,5734c5aad3dbfaa35127a6042b114a57f34172c45718abeba7b647a20cf62349,32,passed,1,345,0.99
measure,zero_commit-l1-n2-identical-w1-k2,native,71,ok,1,1,7.3e-05,True,False,1,1,1,3985015542,0.00964,1,0.002116,0.001268,2026-09-05T04:47:03.906573+00:00,20c220ab6f658bff0822e0f46caaec723979640cf92192efc2b218f122a5e3d9,0.000362,identical,ok,0,2,10000,536870912,8000000,RLIMIT_AS,2048,2,8108,2,0.00883041974157095,/tmp/eas-clean-issue1.nlYHTf/experiments/eas/results/smoke/raw/zero_commit-l1-n2-identical-w1-k2-s71-measure-native.json,2062836055f64bd026ac3620153517e55f244e9f5e261c9e05f0077ccf20b59c,0.007462,0.002906,0.000442,0,0,/tmp/eas-clean-issue1.nlYHTf/experiments/eas/results/smoke/logs/zero_commit-l1-n2-identical-w1-k2-s71-measure-native.rss.txt,8108,0,0,0,0,0,0,0,0,0,2,0,0,0,0,0,0,0,0,0,0,0,0,0,0,0,0,0,False,114,2026-09-05T04:47:03.897723+00:00,/tmp/eas-clean-issue1.nlYHTf/experiments/eas/results/smoke/logs/zero_commit-l1-n2-identical-w1-k2-s71-measure-native.stderr.log,/tmp/eas-clean-issue1.nlYHTf/experiments/eas/results/smoke/logs/zero_commit-l1-n2-identical-w1-k2-s71-measure-native.stdout.log,zero_commit,0.005404,120.0,/tmp/eas-clean-issue1.nlYHTf/experiments/eas/results/smoke/traces/zero_commit-l1-n2-identical-w1-k2-s71.tsv,5734c5aad3dbfaa35127a6042b114a57f34172c45718abeba7b647a20cf62349,32,passed,1,354,0.99
measure,zero_commit-l1-n2-identical-w1-k2,profile,71,ok,2,1,0,True,False,1,1,1,3985015542,0.027887,0,0.001517,0.000227,2026-09-05T04:47:03.887230+00:00,78114346af60fc2be999a1857d5405547a27aa63398150aa1cd141c4526ff363,0,identical,ok,0.005131,2,10000,536870912,8000000,RLIMIT_AS,2048,2,8236,2,0.008887166157364845,/tmp/eas-clean-issue1.nlYHTf/experiments/eas/results/smoke/raw/zero_commit-l1-n2-identical-w1-k2-s71-measure-profile.json,a20f8018b73323f3c0f8a519ff28028d0a160db4f602011740f5226da48faab2,0.007173,0.00326,0.000455,0,1,/tmp/eas-clean-issue1.nlYHTf/experiments/eas/results/smoke/logs/zero_commit-l1-n2-identical-w1-k2-s71-measure-profile.rss.txt,8236,1,0.008538,0.00062,0,0,1,2,2,192,2,0.013269,0,0.005131,1,1,0.001584,1,0,0,0,0,0,0.019104,8,6,0.000635,0.019104,False,112,2026-09-05T04:47:03.878327+00:00,/tmp/eas-clean-issue1.nlYHTf/experiments/eas/results/smoke/logs/zero_commit-l1-n2-identical-w1-k2-s71-measure-profile.stderr.log,/tmp/eas-clean-issue1.nlYHTf/experiments/eas/results/smoke/logs/zero_commit-l1-n2-identical-w1-k2-s71-measure-profile.stdout.log,zero_commit,0.005203,120.0,/tmp/eas-clean-issue1.nlYHTf/experiments/eas/results/smoke/traces/zero_commit-l1-n2-identical-w1-k2-s71.tsv,5734c5aad3dbfaa35127a6042b114a57f34172c45718abeba7b647a20cf62349,32,passed,1,348,0.99
