condition,suite,arity,n,distribution,workers,variant,policy,policy_k,implementation,seed,repetition,baseline,status,commit_delta,batch_delta_ms,selector_delta_ms,batch_speedup,selector_speedup,rate_ratio,baseline_commits,commits,baseline_batch_ms,batch_ms,quality_cost
l2-n128-uniform-w1,main,2,128,uniform,1,native,native,,native,11,1,accept_id,ok,0,-0.130964,-0.137115,1.8134612040050684,,1.8134612040053033,126,126,0.29196,0.160996,variant_dominates
l2-n128-uniform-w1,main,2,128,uniform,1,native,native,,native,11,1,accept_static_degree,ok,0,-0.14859999999999998,-0.156011,1.9230042982434346,,1.923004298246647,126,126,0.309596,0.160996,variant_dominates
l2-n128-uniform-w1,main,2,128,uniform,1,eas_k1_adaptive,eas,1,adaptive,11,1,native,ok,0,0.146153,0.153393,0.5241625400050138,0.0,0.5241625400041298,126,126,0.160996,0.307149,baseline_dominates
l2-n128-uniform-w1,main,2,128,uniform,1,eas_k1_adaptive,eas,1,adaptive,11,1,accept_id,ok,0,0.015189000000000008,0.016278000000000015,0.9505484308918473,0.8938804247912224,0.9505484308903671,126,126,0.29196,0.307149,baseline_dominates
l2-n128-uniform-w1,main,2,128,uniform,1,eas_k1_adaptive,eas,1,adaptive,11,1,accept_static_degree,ok,0,-0.002446999999999977,-0.002618000000000009,1.0079668174078378,1.017067271648641,1.0079668174078216,126,126,0.309596,0.307149,variant_dominates
l2-n128-uniform-w1,main,2,128,uniform,1,accept_id,accept_id,,greedy,11,1,native,ok,0,0.130964,0.137115,0.55143170297301,0.0,0.5514317029729386,126,126,0.160996,0.29196,baseline_dominates
l2-n128-uniform-w1,main,2,128,uniform,1,accept_id,accept_id,,greedy,11,1,accept_static_degree,ok,0,-0.017635999999999985,-0.018896000000000024,1.0604055350047952,1.13781132625898,1.0604055350064294,126,126,0.309596,0.29196,variant_dominates
l2-n128-uniform-w1,main,2,128,uniform,1,eas_k2_adaptive,eas,2,adaptive,11,1,native,ok,-2,0.14507499999999998,0.152304,0.5260086711906715,0.0,0.5176593272035964,126,124,0.160996,0.306071,baseline_dominates
l2-n128-uniform-w1,main,2,128,uniform,1,eas_k2_adaptive,eas,2,adaptive,11,1,accept_id,ok,-2,0.014110999999999985,0.015189000000000008,0.9538963181745412,0.9002718247715096,0.9387551067752092,126,124,0.29196,0.306071,baseline_dominates
l2-n128-uniform-w1,main,2,128,uniform,1,eas_k2_adaptive,eas,2,adaptive,11,1,accept_static_degree,ok,-2,-0.0035250000000000004,-0.003707000000000016,1.0115169356129787,1.0243394789368632,0.9954611112399835,126,124,0.309596,0.306071,tradeoff_or_tie
l2-n128-uniform-w1,main,2,128,uniform,1,accept_static_degree,accept_static_degree,,greedy,11,1,native,ok,0,0.14859999999999998,0.156011,0.5200196384966215,0.0,0.5200196384957527,126,126,0.160996,0.309596,baseline_dominates
l2-n128-uniform-w1,main,2,128,uniform,1,accept_static_degree,accept_static_degree,,greedy,11,1,accept_id,ok,0,0.017635999999999985,0.018896000000000024,0.9430354397343635,0.878880335360968,0.9430354397329103,126,126,0.29196,0.309596,baseline_dominates
l2-n128-uniform-w1,main,2,128,uniform,1,eas_k1_adaptive,eas,1,adaptive,11,2,native,ok,0,0.13866599999999998,0.146298,0.5379617350508801,0.0,0.5379617350508726,126,126,0.161452,0.300118,baseline_dominates
l2-n128-uniform-w1,main,2,128,uniform,1,eas_k1_adaptive,eas,1,adaptive,11,2,accept_id,ok,0,0.001933000000000018,0.00548700000000002,0.993559200047981,0.9624943608251649,0.9935592000478644,126,126,0.298185,0.300118,baseline_dominates
l2-n128-uniform-w1,main,2,128,uniform,1,eas_k1_adaptive,eas,1,adaptive,11,2,accept_static_degree,ok,0,-0.009709999999999996,-0.010502999999999985,1.0323539407832918,1.0717918221711846,1.032353940782083,126,126,0.309828,0.300118,variant_dominates
l2-n128-uniform-w1,main,2,128,uniform,1,accept_id,accept_id,,greedy,11,2,native,ok,0,0.13673299999999997,0.140811,0.5414491003906972,0.0,0.5414491003907532,126,126,0.161452,0.298185,baseline_dominates
l2-n128-uniform-w1,main,2,128,uniform,1,accept_id,accept_id,,greedy,11,2,accept_static_degree,ok,0,-0.011643000000000014,-0.015990000000000004,1.0390462296896223,1.113556469309926,1.0390462296885274,126,126,0.309828,0.298185,variant_dominates
l2-n128-uniform-w1,main,2,128,uniform,1,eas_k2_adaptive,eas,2,adaptive,11,2,native,ok,-2,0.14166899999999996,0.14907,0.532632183187572,0.0,0.524177704089025,126,124,0.161452,0.303121,baseline_dominates
l2-n128-uniform-w1,main,2,128,uniform,1,eas_k2_adaptive,eas,2,adaptive,11,2,accept_id,ok,-2,0.004935999999999996,0.008259000000000016,0.983716073779118,0.9445964982893942,0.9681015329247683,126,124,0.298185,0.303121,baseline_dominates
l2-n128-uniform-w1,main,2,128,uniform,1,eas_k2_adaptive,eas,2,adaptive,11,2,accept_static_degree,ok,-2,-0.0067070000000000185,-0.007730999999999988,1.0221264775452708,1.0518615415576573,1.0059022477411643,126,124,0.309828,0.303121,tradeoff_or_tie
l2-n128-uniform-w1,main,2,128,uniform,1,accept_static_degree,accept_static_degree,,greedy,11,2,native,ok,0,0.14837599999999998,0.156801,0.5211020308041882,0.0,0.5211020308047912,126,126,0.161452,0.309828,baseline_dominates
l2-n128-uniform-w1,main,2,128,uniform,1,accept_static_degree,accept_static_degree,,greedy,11,2,accept_id,ok,0,0.011643000000000014,0.015990000000000004,0.9624210852472984,0.8980236095433064,0.9624210852483125,126,126,0.298185,0.309828,baseline_dominates
l2-n128-uniform-w1,main,2,128,uniform,1,native,native,,native,11,2,accept_id,ok,0,-0.13673299999999997,-0.140811,1.846895671778609,,1.8468956717784175,126,126,0.298185,0.161452,variant_dominates
l2-n128-uniform-w1,main,2,128,uniform,1,native,native,,native,11,2,accept_static_degree,ok,0,-0.14837599999999998,-0.156801,1.9190099843916457,,1.9190099843894248,126,126,0.309828,0.161452,variant_dominates
l2-n128-uniform-w1,main,2,128,uniform,1,eas_k1_adaptive,eas,1,adaptive,11,3,native,ok,0,0.23004000000000002,0.150783,0.4175258776105495,0.0,0.41752587761085813,126,126,0.164896,0.394936,baseline_dominates
l2-n128-uniform-w1,main,2,128,uniform,1,eas_k1_adaptive,eas,1,adaptive,11,3,accept_id,ok,0,0.109568,0.017342999999999997,0.7225677071728077,0.8849804022999941,0.7225677071743034,126,126,0.285368,0.394936,baseline_dominates
l2-n128-uniform-w1,main,2,128,uniform,1,eas_k1_adaptive,eas,1,adaptive,11,3,accept_static_degree,ok,0,0.032376000000000016,-0.059065000000000006,0.9180221605525958,1.3917218784610998,0.9180221605545341,126,126,0.36256,0.394936,baseline_dominates
l2-n128-uniform-w1,main,2,128,uniform,1,native,native,,native,11,3,accept_id,ok,0,-0.12047200000000002,-0.13344,1.7305938288375706,,1.7305938288398734,126,126,0.285368,0.164896,variant_dominates
l2-n128-uniform-w1,main,2,128,uniform,1,native,native,,native,11,3,accept_static_degree,ok,0,-0.197664,-0.209848,2.1987191927032796,,2.198719192706297,126,126,0.36256,0.164896,variant_dominates
l2-n128-uniform-w1,main,2,128,uniform,1,accept_id,accept_id,,greedy,11,3,native,ok,0,0.12047200000000002,0.13344,0.5778363376412211,0.0,0.5778363376404522,126,126,0.164896,0.285368,baseline_dominates
l2-n128-uniform-w1,main,2,128,uniform,1,accept_id,accept_id,,greedy,11,3,accept_static_degree,ok,0,-0.07719199999999998,-0.076408,1.2704998458131254,1.5726019184652278,1.270499845813178,126,126,0.36256,0.285368,variant_dominates
l2-n128-uniform-w1,main,2,128,uniform,1,accept_static_degree,accept_static_degree,,greedy,11,3,native,ok,0,0.197664,0.209848,0.4548102383053839,0.0,0.45481023830475986,126,126,0.164896,0.36256,baseline_dominates
l2-n128-uniform-w1,main,2,128,uniform,1,accept_static_degree,accept_static_degree,,greedy,11,3,accept_id,ok,0,0.07719199999999998,0.076408,0.7870917917034422,0.6358888338225763,0.7870917917034096,126,126,0.285368,0.36256,baseline_dominates
l2-n128-uniform-w1,main,2,128,uniform,1,eas_k2_adaptive,eas,2,adaptive,11,3,native,ok,-2,0.14332500000000004,0.150468,0.5349927487095297,0.0,0.5265008003164457,126,124,0.164896,0.308221,baseline_dominates
l2-n128-uniform-w1,main,2,128,uniform,1,eas_k2_adaptive,eas,2,adaptive,11,3,accept_id,ok,-2,0.022853000000000012,0.017027999999999988,0.9258551493895614,0.8868330807879417,0.9111590359068955,126,124,0.285368,0.308221,baseline_dominates
l2-n128-uniform-w1,main,2,128,uniform,1,eas_k2_adaptive,eas,2,adaptive,11,3,accept_static_degree,ok,-2,-0.05433899999999997,-0.059380000000000016,1.176298824544726,1.3946354042055455,1.1576274146309946,126,124,0.36256,0.308221,tradeoff_or_tie
l2-n128-uniform-w1,main,2,128,uniform,1,eas_k1_adaptive,eas,1,adaptive,29,1,native,ok,0,0.14433999999999997,0.147842,0.5259941348588393,0.0,0.5259941348584898,126,126,0.160171,0.304511,baseline_dominates
l2-n128-uniform-w1,main,2,128,uniform,1,eas_k1_adaptive,eas,1,adaptive,29,1,accept_id,ok,0,0.01200399999999996,0.01028599999999999,0.9605794207762611,0.930425724760217,0.9605794207748407,126,126,0.292507,0.304511,baseline_dominates
l2-n128-uniform-w1,main,2,128,uniform,1,eas_k1_adaptive,eas,1,adaptive,29,1,accept_static_degree,ok,0,-0.011233000000000049,-0.014231999999999995,1.0368886509846937,1.0962649314809052,1.0368886509834976,126,126,0.315744,0.304511,variant_dominates
l2-n128-uniform-w1,main,2,128,uniform,1,accept_id,accept_id,,greedy,29,1,native,ok,0,0.132336,0.137556,0.5475800579131439,0.0,0.5475800579135898,126,126,0.160171,0.292507,baseline_dominates
l2-n128-uniform-w1,main,2,128,uniform,1,accept_id,accept_id,,greedy,29,1,accept_static_degree,ok,0,-0.023237000000000008,-0.024517999999999984,1.0794408338945736,1.178240134926866,1.0794408338949244,126,126,0.315744,0.292507,variant_dominates
l2-n128-uniform-w1,main,2,128,uniform,1,native,native,,native,29,1,accept_id,ok,0,-0.132336,-0.137556,1.8262169806019817,,1.8262169806004949,126,126,0.292507,0.160171,variant_dominates
l2-n128-uniform-w1,main,2,128,uniform,1,native,native,,native,29,1,accept_static_degree,ok,0,-0.15557300000000002,-0.162074,1.9712931804134333,,1.9712931804124691,126,126,0.315744,0.160171,variant_dominates
l2-n128-uniform-w1,main,2,128,uniform,1,eas_k2_adaptive,eas,2,adaptive,29,1,native,ok,0,0.14773399999999998,0.14917,0.5201961644013576,0.0,0.5201961644016603,126,126,0.160171,0.307905,baseline_dominates
l2-n128-uniform-w1,main,2,128,uniform,1,eas_k2_adaptive,eas,2,adaptive,29,1,accept_id,ok,0,0.015397999999999967,0.011613999999999985,0.9499910686737794,0.9221425219548167,0.9499910686735586,126,126,0.292507,0.307905,baseline_dominates
l2-n128-uniform-w1,main,2,128,uniform,1,eas_k2_adaptive,eas,2,adaptive,29,1,accept_static_degree,ok,0,-0.00783900000000004,-0.012903999999999999,1.0254591513616214,1.0865053294898437,1.0254591513617166,126,126,0.315744,0.307905,variant_dominates
l2-n128-uniform-w1,main,2,128,uniform,1,accept_static_degree,accept_static_degree,,greedy,29,1,native,ok,0,0.15557300000000002,0.162074,0.5072812151616499,0.0,0.5072812151618981,126,126,0.160171,0.315744,baseline_dominates
l2-n128-uniform-w1,main,2,128,uniform,1,accept_static_degree,accept_static_degree,,greedy,29,1,accept_id,ok,0,0.023237000000000008,0.024517999999999984,0.9264055690686125,0.8487234226341055,0.9264055690683114,126,126,0.292507,0.315744,baseline_dominates
l2-n128-uniform-w1,main,2,128,uniform,1,accept_id,accept_id,,greedy,29,2,native,ok,0,0.12671100000000002,0.137244,0.5685420575386219,0.0,0.5685420575381843,126,126,0.16697,0.293681,baseline_dominates
l2-n128-uniform-w1,main,2,128,uniform,1,accept_id,accept_id,,greedy,29,2,accept_static_degree,ok,0,-0.022897,-0.022236000000000006,1.0779655476520442,1.1620180117163592,1.0779655476513827,126,126,0.316578,0.293681,variant_dominates
l2-n128-uniform-w1,main,2,128,uniform,1,eas_k1_adaptive,eas,1,adaptive,29,2,native,ok,0,0.14103899999999997,0.152171,0.5420945491852511,0.0,0.5420945491852214,126,126,0.16697,0.308009,baseline_dominates
l2-n128-uniform-w1,main,2,128,uniform,1,eas_k1_adaptive,eas,1,adaptive,29,2,accept_id,ok,0,0.014327999999999952,0.014926999999999996,0.9534818787762697,0.901906407922666,0.9534818787769511,126,126,0.293681,0.308009,baseline_dominates
l2-n128-uniform-w1,main,2,128,uniform,1,eas_k1_adaptive,eas,1,adaptive,29,2,accept_static_degree,ok,0,-0.008569000000000049,-0.00730900000000001,1.0278206156313616,1.04803149088854,1.0278206156314653,126,126,0.316578,0.308009,variant_dominates
l2-n128-uniform-w1,main,2,128,uniform,1,native,native,,native,29,2,accept_id,ok,0,-0.12671100000000002,-0.137244,1.7588848296101096,,1.7588848296114632,126,126,0.293681,0.16697,variant_dominates
l2-n128-uniform-w1,main,2,128,uniform,1,native,native,,native,29,2,accept_static_degree,ok,0,-0.14960800000000002,-0.15948,1.8960172486075344,,1.8960172486078297,126,126,0.316578,0.16697,variant_dominates
l2-n128-uniform-w1,main,2,128,uniform,1,accept_static_degree,accept_static_degree,,greedy,29,2,native,ok,0,0.14960800000000002,0.15948,0.52742136219194,0.0,0.5274213621918579,126,126,0.16697,0.316578,baseline_dominates
l2-n128-uniform-w1,main,2,128,uniform,1,accept_static_degree,accept_static_degree,,greedy,29,2,accept_id,ok,0,0.022897,0.022236000000000006,0.9276734327717024,0.8605718585402558,0.9276734327722718,126,126,0.293681,0.316578,baseline_dominates
l2-n128-uniform-w1,main,2,128,uniform,1,eas_k2_adaptive,eas,2,adaptive,29,2,native,ok,0,0.137013,0.148756,0.5492741370405582,0.0,0.5492741370400415,126,126,0.16697,0.303983,baseline_dominates
l2-n128-uniform-w1,main,2,128,uniform,1,eas_k2_adaptive,eas,2,adaptive,29,2,accept_id,ok,0,0.010301999999999978,0.011511999999999994,0.9661099469378223,0.9226115249132808,0.9661099469376567,126,126,0.293681,0.303983,baseline_dominates
l2-n128-uniform-w1,main,2,128,uniform,1,eas_k2_adaptive,eas,2,adaptive,29,2,accept_static_degree,ok,0,-0.012595000000000023,-0.010724000000000011,1.041433238042917,1.0720912097663289,1.0414332380420994,126,126,0.316578,0.303983,variant_dominates
l2-n128-uniform-w1,main,2,128,uniform,1,accept_id,accept_id,,greedy,29,3,native,ok,0,0.120199,0.131427,0.5710472315900291,0.0,0.5710472315899198,126,126,0.160016,0.280215,baseline_dominates
l2-n128-uniform-w1,main,2,128,uniform,1,accept_id,accept_id,,greedy,29,3,accept_static_degree,ok,0,-0.03167599999999998,-0.026628000000000013,1.1130417714968863,1.2026067702983407,1.1130417714952516,126,126,0.311891,0.280215,variant_dominates
l2-n128-uniform-w1,main,2,128,uniform,1,eas_k1_adaptive,eas,1,adaptive,29,3,native,ok,0,0.14088,0.147404,0.5317983622248218,0.0,0.5317983622255809,126,126,0.160016,0.300896,baseline_dominates
l2-n128-uniform-w1,main,2,128,uniform,1,eas_k1_adaptive,eas,1,adaptive,29,3,accept_id,ok,0,0.020681000000000005,0.01597700000000002,0.9312686110815697,0.8916108111041762,0.9312686110830772,126,126,0.280215,0.300896,baseline_dominates
l2-n128-uniform-w1,main,2,128,uniform,1,eas_k1_adaptive,eas,1,adaptive,29,3,accept_static_degree,ok,0,-0.010994999999999977,-0.010650999999999994,1.036540864617675,1.0722571979050772,1.0365408646178307,126,126,0.311891,0.300896,variant_dominates
l2-n128-uniform-w1,main,2,128,uniform,1,native,native,,native,29,3,accept_id,ok,0,-0.120199,-0.131427,1.7511686331366865,,1.7511686331370218,126,126,0.280215,0.160016,variant_dominates
l2-n128-uniform-w1,main,2,128,uniform,1,native,native,,native,29,3,accept_static_degree,ok,0,-0.15187499999999998,-0.158055,1.9491238376162383,,1.949123837613749,126,126,0.311891,0.160016,variant_dominates
l2-n128-uniform-w1,main,2,128,uniform,1,eas_k2_adaptive,eas,2,adaptive,29,3,native,ok,0,0.14723800000000004,0.153718,0.5207938708690529,0.0,0.5207938708693334,126,126,0.160016,0.307254,baseline_dominates
l2-n128-uniform-w1,main,2,128,uniform,1,eas_k2_adaptive,eas,2,adaptive,29,3,accept_id,ok,0,0.027039000000000035,0.022291000000000005,0.9119978909957233,0.8549877047580634,0.9119978909963891,126,126,0.280215,0.307254,baseline_dominates
l2-n128-uniform-w1,main,2,128,uniform,1,eas_k2_adaptive,eas,2,adaptive,29,3,accept_static_degree,ok,0,-0.004636999999999947,-0.0043370000000000075,1.0150917481953041,1.028214002263886,1.0150917481945543,126,126,0.311891,0.307254,variant_dominates
l2-n128-uniform-w1,main,2,128,uniform,1,accept_static_degree,accept_static_degree,,greedy,29,3,native,ok,0,0.15187499999999998,0.158055,0.5130510338547762,0.0,0.5130510338554315,126,126,0.160016,0.311891,baseline_dominates
l2-n128-uniform-w1,main,2,128,uniform,1,accept_static_degree,accept_static_degree,,greedy,29,3,accept_id,ok,0,0.03167599999999998,0.026628000000000013,0.8984388776848322,0.8315270000949035,0.8984388776861517,126,126,0.280215,0.311891,baseline_dominates
l2-n128-uniform-w1,main,2,128,uniform,1,eas_k1_adaptive,eas,1,adaptive,47,1,native,ok,0,0.14815099999999998,0.158619,0.5262291097708391,0.0,0.5262291097700702,122,122,0.164555,0.312706,baseline_dominates
l2-n128-uniform-w1,main,2,128,uniform,1,eas_k1_adaptive,eas,1,adaptive,47,1,accept_id,ok,0,0.026092999999999977,0.024652000000000007,0.9165574053583878,0.8445835618683764,0.9165574053577665,122,122,0.286613,0.312706,baseline_dominates
l2-n128-uniform-w1,main,2,128,uniform,1,eas_k1_adaptive,eas,1,adaptive,47,1,accept_static_degree,ok,0,-0.012936000000000003,-0.00466999999999998,1.0413679302603724,1.0294416179650607,1.041367930258146,122,122,0.325642,0.312706,variant_dominates
l2-n128-uniform-w1,main,2,128,uniform,1,native,native,,native,47,1,accept_id,ok,0,-0.122058,-0.133967,1.741745920816748,,1.7417459208181123,122,122,0.286613,0.164555,variant_dominates
l2-n128-uniform-w1,main,2,128,uniform,1,native,native,,native,47,1,accept_static_degree,ok,0,-0.16108699999999998,-0.163289,1.97892497949014,,1.9789249794888006,122,122,0.325642,0.164555,variant_dominates
l2-n128-uniform-w1,main,2,128,uniform,1,accept_static_degree,accept_static_degree,,greedy,47,1,native,ok,0,0.16108699999999998,0.163289,0.505324865957094,0.0,0.505324865957436,122,122,0.164555,0.325642,baseline_dominates
l2-n128-uniform-w1,main,2,128,uniform,1,accept_static_degree,accept_static_degree,,greedy,47,1,accept_id,ok,0,0.03902899999999998,0.029321999999999987,0.8801475239680385,0.8204288102689098,0.8801475239693236,122,122,0.286613,0.325642,baseline_dominates
l2-n128-uniform-w1,main,2,128,uniform,1,eas_k2_adaptive,eas,2,adaptive,47,1,native,ok,0,0.162045,0.161377,0.5038426209430497,0.0,0.5038426209423551,122,122,0.164555,0.3266,baseline_dominates
l2-n128-uniform-w1,main,2,128,uniform,1,eas_k2_adaptive,eas,2,adaptive,47,1,accept_id,ok,0,0.039986999999999995,0.02740999999999999,0.8775658297611758,0.8301492777781221,0.8775658297606534,122,122,0.286613,0.3266,baseline_dominates
l2-n128-uniform-w1,main,2,128,uniform,1,eas_k2_adaptive,eas,2,adaptive,47,1,accept_static_degree,ok,0,0.0009580000000000144,-0.001911999999999997,0.9970667483159829,1.011848032867137,0.9970667483139336,122,122,0.325642,0.3266,baseline_dominates
l2-n128-uniform-w1,main,2,128,uniform,1,accept_id,accept_id,,greedy,47,1,native,ok,0,0.122058,0.133967,0.5741365534710569,0.0,0.5741365534706071,122,122,0.164555,0.286613,baseline_dominates
l2-n128-uniform-w1,main,2,128,uniform,1,accept_id,accept_id,,greedy,47,1,accept_static_degree,ok,0,-0.03902899999999998,-0.029321999999999987,1.1361731673022506,1.2188747975247634,1.136173167300592,122,122,0.325642,0.286613,variant_dominates
l2-n128-uniform-w1,main,2,128,uniform,1,eas_k1_adaptive,eas,1,adaptive,47,2,native,ok,0,0.16223200000000002,0.166258,0.49680212901905074,0.0,0.49680212901916576,122,122,0.16017,0.322402,baseline_dominates
l2-n128-uniform-w1,main,2,128,uniform,1,eas_k1_adaptive,eas,1,adaptive,47,2,accept_id,ok,0,0.028717000000000048,0.02887999999999999,0.9109279719108441,0.8262940730671607,0.9109279719094949,122,122,0.293685,0.322402,baseline_dominates
l2-n128-uniform-w1,main,2,128,uniform,1,eas_k1_adaptive,eas,1,adaptive,47,2,accept_static_degree,ok,0,0.0008490000000000442,0.0026219999999999855,0.9973666416461435,0.9842293303179397,0.9973666416458793,122,122,0.321553,0.322402,baseline_dominates
l2-n128-uniform-w1,main,2,128,uniform,1,native,native,,native,47,2,accept_id,ok,0,-0.13351499999999997,-0.137378,1.83358306799026,,1.83358306798712,122,122,0.293685,0.16017,variant_dominates
l2-n128-uniform-w1,main,2,128,uniform,1,native,native,,native,47,2,accept_static_degree,ok,0,-0.16138299999999997,-0.163636,2.0075732034713116,,2.007573203470315,122,122,0.321553,0.16017,variant_dominates
l2-n128-uniform-w1,main,2,128,uniform,1,eas_k2_adaptive,eas,2,adaptive,47,2,native,ok,0,0.16041199999999997,0.164125,0.49962256146633316,0.0,0.49962256146605044,122,122,0.16017,0.320582,baseline_dominates
l2-n128-uniform-w1,main,2,128,uniform,1,eas_k2_adaptive,eas,2,adaptive,47,2,accept_id,ok,0,0.026897000000000004,0.026746999999999993,0.9160994690905915,0.837032749428789,0.9160994690885041,122,122,0.293685,0.320582,baseline_dominates
l2-n128-uniform-w1,main,2,128,uniform,1,eas_k2_adaptive,eas,2,adaptive,47,2,accept_static_degree,ok,0,-0.0009709999999999996,0.0004889999999999894,1.0030288662495086,0.997020563594821,1.0030288662484432,122,122,0.321553,0.320582,variant_dominates
l2-n128-uniform-w1,main,2,128,uniform,1,accept_id,accept_id,,greedy,47,2,native,ok,0,0.13351499999999997,0.137378,0.545380254354155,0.0,0.5453802543550891,122,122,0.16017,0.293685,baseline_dominates
l2-n128-uniform-w1,main,2,128,uniform,1,accept_id,accept_id,,greedy,47,2,accept_static_degree,ok,0,-0.027868000000000004,-0.026258000000000004,1.0948907843437696,1.1911368632532138,1.0948907843451012,122,122,0.321553,0.293685,variant_dominates
l2-n128-uniform-w1,main,2,128,uniform,1,accept_static_degree,accept_static_degree,,greedy,47,2,native,ok,0,0.16138299999999997,0.163636,0.4981138412641151,0.0,0.4981138412643624,122,122,0.16017,0.321553,baseline_dominates
l2-n128-uniform-w1,main,2,128,uniform,1,accept_static_degree,accept_static_degree,,greedy,47,2,accept_id,ok,0,0.027868000000000004,0.026258000000000004,0.9133331052734697,0.8395340878535286,0.9133331052723589,122,122,0.293685,0.321553,baseline_dominates
l2-n128-uniform-w1,main,2,128,uniform,1,eas_k1_adaptive,eas,1,adaptive,47,3,native,ok,0,0.155297,0.158137,0.5126316516237557,0.0,0.5126316516237509,122,122,0.163347,0.318644,baseline_dominates
l2-n128-uniform-w1,main,2,128,uniform,1,eas_k1_adaptive,eas,1,adaptive,47,3,accept_id,ok,0,0.02899099999999999,0.023115999999999998,0.9090175870250186,0.8538229509855378,0.909017587025052,122,122,0.289653,0.318644,baseline_dominates
l2-n128-uniform-w1,main,2,128,uniform,1,eas_k1_adaptive,eas,1,adaptive,47,3,accept_static_degree,ok,0,0.009503999999999957,0.0015610000000000068,0.9701736106752364,0.9901288123589039,0.9701736106770195,122,122,0.30914,0.318644,baseline_dominates
l2-n128-uniform-w1,main,2,128,uniform,1,accept_static_degree,accept_static_degree,,greedy,47,3,native,ok,0,0.14579300000000003,0.156576,0.5283916672057967,0.0,0.5283916672048207,122,122,0.163347,0.30914,baseline_dominates
l2-n128-uniform-w1,main,2,128,uniform,1,accept_static_degree,accept_static_degree,,greedy,47,3,accept_id,ok,0,0.019487000000000032,0.02155499999999999,0.9369638351555928,0.8623352237890864,0.9369638351539052,122,122,0.289653,0.30914,baseline_dominates
l2-n128-uniform-w1,main,2,128,uniform,1,eas_k2_adaptive,eas,2,adaptive,47,3,native,ok,0,0.150332,0.158108,0.5207457305079396,0.0,0.5207457305078049,122,122,0.163347,0.313679,baseline_dominates
l2-n128-uniform-w1,main,2,128,uniform,1,eas_k2_adaptive,eas,2,adaptive,47,3,accept_id,ok,0,0.024025999999999992,0.023086999999999996,0.9234057746932374,0.8539795582766211,0.9234057746930411,122,122,0.289653,0.313679,baseline_dominates
l2-n128-uniform-w1,main,2,128,uniform,1,eas_k2_adaptive,eas,2,adaptive,47,3,accept_static_degree,ok,0,0.00453899999999996,0.0015320000000000056,0.9855297931962294,0.9903104207250739,0.985529793197795,122,122,0.30914,0.313679,baseline_dominates
l2-n128-uniform-w1,main,2,128,uniform,1,accept_id,accept_id,,greedy,47,3,native,ok,0,0.126306,0.135021,0.5639403009808288,0.0,0.5639403009808028,122,122,0.163347,0.289653,baseline_dominates
l2-n128-uniform-w1,main,2,128,uniform,1,accept_id,accept_id,,greedy,47,3,accept_static_degree,ok,0,-0.019487000000000032,-0.02155499999999999,1.0672770521969392,1.1596418334925678,1.0672770521988615,122,122,0.30914,0.289653,variant_dominates
l2-n128-uniform-w1,main,2,128,uniform,1,native,native,,native,47,3,accept_id,ok,0,-0.126306,-0.135021,1.7732373413653144,,1.7732373413653961,122,122,0.289653,0.163347,variant_dominates
l2-n128-uniform-w1,main,2,128,uniform,1,native,native,,native,47,3,accept_static_degree,ok,0,-0.14579300000000003,-0.156576,1.8925355225379104,,1.8925355225414062,122,122,0.30914,0.163347,variant_dominates
l2-n128-uniform-w1,main,2,128,uniform,1,eas_k2_adaptive,eas,2,adaptive,71,1,native,ok,-2,0.141336,0.152463,0.535430430923972,0.0,0.5269315351952004,126,124,0.162894,0.30423,baseline_dominates
l2-n128-uniform-w1,main,2,128,uniform,1,eas_k2_adaptive,eas,2,adaptive,71,1,accept_id,ok,-2,0.008936,0.01721399999999998,0.970627485783782,0.8870939178685977,0.9552207002959208,126,124,0.295294,0.30423,baseline_dominates
l2-n128-uniform-w1,main,2,128,uniform,1,eas_k2_adaptive,eas,2,adaptive,71,1,accept_static_degree,ok,-2,-0.007821000000000022,-0.003369000000000011,1.0257075239128293,1.0220971645579584,1.0094264521065426,126,124,0.312051,0.30423,tradeoff_or_tie
l2-n128-uniform-w1,main,2,128,uniform,1,native,native,,native,71,1,accept_id,ok,0,-0.1324,-0.135249,1.812798507004555,,1.8127985070053967,126,126,0.295294,0.162894,variant_dominates
l2-n128-uniform-w1,main,2,128,uniform,1,native,native,,native,71,1,accept_static_degree,ok,0,-0.149157,-0.155832,1.9156690854175107,,1.9156690854203733,126,126,0.312051,0.162894,variant_dominates
l2-n128-uniform-w1,main,2,128,uniform,1,accept_id,accept_id,,greedy,71,1,native,ok,0,0.1324,0.135249,0.5516332875033019,0.0,0.5516332875030457,126,126,0.162894,0.295294,baseline_dominates
l2-n128-uniform-w1,main,2,128,uniform,1,accept_id,accept_id,,greedy,71,1,accept_static_degree,ok,0,-0.016757000000000022,-0.02058299999999999,1.056746835357305,1.152185968103276,1.0567468353583933,126,126,0.312051,0.295294,variant_dominates
l2-n128-uniform-w1,main,2,128,uniform,1,eas_k1_adaptive,eas,1,adaptive,71,1,native,ok,0,0.137447,0.149504,0.542363513473019,0.0,0.5423635134733386,126,126,0.162894,0.300341,baseline_dominates
l2-n128-uniform-w1,main,2,128,uniform,1,eas_k1_adaptive,eas,1,adaptive,71,1,accept_id,ok,0,0.005047000000000024,0.01425499999999999,0.9831957674776337,0.9046513805650686,0.9831957674786694,126,126,0.295294,0.300341,baseline_dominates
l2-n128-uniform-w1,main,2,128,uniform,1,eas_k1_adaptive,eas,1,adaptive,71,1,accept_static_degree,ok,0,-0.011709999999999998,-0.006328,1.038989015818686,1.0423266267123288,1.0389890158208508,126,126,0.312051,0.300341,variant_dominates
l2-n128-uniform-w1,main,2,128,uniform,1,accept_static_degree,accept_static_degree,,greedy,71,1,native,ok,0,0.149157,0.155832,0.5220108251535807,0.0,0.5220108251528006,126,126,0.162894,0.312051,baseline_dominates
l2-n128-uniform-w1,main,2,128,uniform,1,accept_static_degree,accept_static_degree,,greedy,71,1,accept_id,ok,0,0.016757000000000022,0.02058299999999999,0.9463004444786268,0.8679154474048977,0.9463004444776522,126,126,0.295294,0.312051,baseline_dominates
l2-n128-uniform-w1,main,2,128,uniform,1,native,native,,native,71,2,accept_id,ok,0,-0.13128599999999999,-0.132974,1.8110833101658788,,1.81108331016622,126,126,0.293151,0.161865,variant_dominates
l2-n128-uniform-w1,main,2,128,uniform,1,native,native,,native,71,2,accept_static_degree,ok,0,-0.147765,-0.155713,1.912890371605968,,1.9128903716060381,126,126,0.30963,0.161865,variant_dominates
l2-n128-uniform-w1,main,2,128,uniform,1,eas_k1_adaptive,eas,1,adaptive,71,2,native,ok,0,0.150801,0.15223,0.5176930014776151,0.0,0.5176930014776162,126,126,0.161865,0.312666,baseline_dominates
l2-n128-uniform-w1,main,2,128,uniform,1,eas_k1_adaptive,eas,1,adaptive,71,2,accept_id,ok,0,0.019515000000000005,0.019255999999999995,0.9375851547657884,0.8735071930631282,0.9375851547659669,126,126,0.293151,0.312666,baseline_dominates
l2-n128-uniform-w1,main,2,128,uniform,1,eas_k1_adaptive,eas,1,adaptive,71,2,accept_static_degree,ok,0,0.003035999999999983,-0.003482999999999986,0.9902899579743241,1.0228798528542336,0.9902899579743625,126,126,0.30963,0.312666,baseline_dominates
l2-n128-uniform-w1,main,2,128,uniform,1,eas_k2_adaptive,eas,2,adaptive,71,2,native,ok,-2,0.14605699999999996,0.150497,0.5256688382122746,0.0,0.5173248883990765,126,124,0.161865,0.307922,baseline_dominates
l2-n128-uniform-w1,main,2,128,uniform,1,eas_k2_adaptive,eas,2,adaptive,71,2,accept_id,ok,-2,0.014770999999999979,0.017522999999999983,0.9520300595605381,0.8835657853644924,0.93691847131317,126,124,0.293151,0.307922,baseline_dominates
l2-n128-uniform-w1,main,2,128,uniform,1,eas_k2_adaptive,eas,2,adaptive,71,2,accept_static_degree,ok,-2,-0.0017080000000000428,-0.005215999999999998,1.0055468592695553,1.0346584981760434,0.9895857980107617,126,124,0.30963,0.307922,tradeoff_or_tie
l2-n128-uniform-w1,main,2,128,uniform,1,accept_id,accept_id,,greedy,71,2,native,ok,0,0.13128599999999999,0.132974,0.5521557149728298,0.0,0.5521557149727258,126,126,0.161865,0.293151,baseline_dominates
l2-n128-uniform-w1,main,2,128,uniform,1,accept_id,accept_id,,greedy,71,2,accept_static_degree,ok,0,-0.01647900000000002,-0.02273899999999998,1.0562133507987352,1.1710033540391354,1.056213350798575,126,126,0.30963,0.293151,variant_dominates
l2-n128-uniform-w1,main,2,128,uniform,1,accept_static_degree,accept_static_degree,,greedy,71,2,native,ok,0,0.147765,0.155713,0.5227691115202016,0.0,0.5227691115201824,126,126,0.161865,0.30963,baseline_dominates
l2-n128-uniform-w1,main,2,128,uniform,1,accept_static_degree,accept_static_degree,,greedy,71,2,accept_id,ok,0,0.01647900000000002,0.02273899999999998,0.9467784129444821,0.8539685190061204,0.9467784129446257,126,126,0.293151,0.30963,baseline_dominates
l2-n128-uniform-w1,main,2,128,uniform,1,eas_k1_adaptive,eas,1,adaptive,71,3,native,ok,0,0.144487,0.15285,0.5273708003362675,0.0,0.5273708003355171,126,126,0.161222,0.305709,baseline_dominates
l2-n128-uniform-w1,main,2,128,uniform,1,eas_k1_adaptive,eas,1,adaptive,71,3,accept_id,ok,0,0.009850000000000025,0.018691000000000013,0.967779816753841,0.87771671573438,0.9677798167538791,126,126,0.295859,0.305709,baseline_dominates
l2-n128-uniform-w1,main,2,128,uniform,1,eas_k1_adaptive,eas,1,adaptive,71,3,accept_static_degree,ok,0,-0.006315999999999988,-0.003340999999999983,1.0206601702926639,1.0218580307491003,1.0206601702927927,126,126,0.312025,0.305709,variant_dominates
l2-n128-uniform-w1,main,2,128,uniform,1,accept_static_degree,accept_static_degree,,greedy,71,3,native,ok,0,0.150803,0.156191,0.5166957775819245,0.0,0.5166957775811242,126,126,0.161222,0.312025,baseline_dominates
l2-n128-uniform-w1,main,2,128,uniform,1,accept_static_degree,accept_static_degree,,greedy,71,3,accept_id,ok,0,0.016166000000000014,0.022031999999999996,0.9481900488742889,0.8589419364752131,0.9481900488742067,126,126,0.295859,0.312025,baseline_dominates
l2-n128-uniform-w1,main,2,128,uniform,1,native,native,,native,71,3,accept_id,ok,0,-0.13463699999999998,-0.134159,1.8351031496942103,,1.8351031496968937,126,126,0.295859,0.161222,variant_dominates
l2-n128-uniform-w1,main,2,128,uniform,1,native,native,,native,71,3,accept_static_degree,ok,0,-0.150803,-0.156191,1.935374824775775,,1.9353748247787728,126,126,0.312025,0.161222,variant_dominates
l2-n128-uniform-w1,main,2,128,uniform,1,accept_id,accept_id,,greedy,71,3,native,ok,0,0.13463699999999998,0.134159,0.5449284963445425,0.0,0.5449284963437457,126,126,0.161222,0.295859,baseline_dominates
l2-n128-uniform-w1,main,2,128,uniform,1,accept_id,accept_id,,greedy,71,3,accept_static_degree,ok,0,-0.016166000000000014,-0.022031999999999996,1.0546408931281455,1.1642230487704888,1.054640893128237,126,126,0.312025,0.295859,variant_dominates
l2-n128-uniform-w1,main,2,128,uniform,1,eas_k2_adaptive,eas,2,adaptive,71,3,native,ok,-2,0.14560700000000001,0.152698,0.525445769467684,0.0,0.5171053604279154,126,124,0.161222,0.306829,baseline_dominates
l2-n128-uniform-w1,main,2,128,uniform,1,eas_k2_adaptive,eas,2,adaptive,71,3,accept_id,ok,-2,0.010970000000000035,0.018539,0.9642471865436447,0.8785904203067493,0.9489416756464151,126,124,0.295859,0.306829,baseline_dominates
l2-n128-uniform-w1,main,2,128,uniform,1,eas_k2_adaptive,eas,2,adaptive,71,3,accept_static_degree,ok,-2,-0.005195999999999978,-0.003492999999999996,1.016934514012691,1.0228752177500688,1.000792696330341,126,124,0.312025,0.306829,tradeoff_or_tie
l2-n128-uniform-w1,main,2,128,uniform,1,native,native,,native,101,1,accept_id,ok,0,-0.139534,-0.146247,1.850822261111348,,1.850822261113482,126,126,0.303533,0.163999,variant_dominates
l2-n128-uniform-w1,main,2,128,uniform,1,native,native,,native,101,1,accept_static_degree,ok,0,-0.14840799999999998,-0.156425,1.904932347148458,,1.9049323471503943,126,126,0.312407,0.163999,variant_dominates
l2-n128-uniform-w1,main,2,128,uniform,1,eas_k2_adaptive,eas,2,adaptive,101,1,native,ok,0,0.13634000000000002,0.149724,0.5460463010131884,0.0,0.5460463010135334,126,126,0.163999,0.300339,baseline_dominates
l2-n128-uniform-w1,main,2,128,uniform,1,eas_k2_adaptive,eas,2,adaptive,101,1,accept_id,ok,0,-0.0031939999999999746,0.003477000000000008,1.0106346495127172,0.9767772701771259,1.0106346495145206,126,126,0.303533,0.300339,variant_dominates
l2-n128-uniform-w1,main,2,128,uniform,1,eas_k2_adaptive,eas,2,adaptive,101,1,accept_static_degree,ok,0,-0.012067999999999968,-0.0067010000000000125,1.0401812618407864,1.0447556837915097,1.0401812618425008,126,126,0.312407,0.300339,variant_dominates
l2-n128-uniform-w1,main,2,128,uniform,1,accept_static_degree,accept_static_degree,,greedy,101,1,native,ok,0,0.14840799999999998,0.156425,0.5249530260205437,0.0,0.5249530260200101,126,126,0.163999,0.312407,baseline_dominates
l2-n128-uniform-w1,main,2,128,uniform,1,accept_static_degree,accept_static_degree,,greedy,101,1,accept_id,ok,0,0.008873999999999993,0.01017800000000002,0.9715947465965872,0.9349336742848009,0.9715947465967197,126,126,0.303533,0.312407,baseline_dominates
l2-n128-uniform-w1,main,2,128,uniform,1,accept_id,accept_id,,greedy,101,1,native,ok,0,0.139534,0.146247,0.5403003956736171,0.0,0.5403003956729941,126,126,0.163999,0.303533,baseline_dominates
l2-n128-uniform-w1,main,2,128,uniform,1,accept_id,accept_id,,greedy,101,1,accept_static_degree,ok,0,-0.008873999999999993,-0.01017800000000002,1.029235700895784,1.0695945899744954,1.0292357008956436,126,126,0.312407,0.303533,variant_dominates
l2-n128-uniform-w1,main,2,128,uniform,1,eas_k1_adaptive,eas,1,adaptive,101,1,native,ok,0,0.13311099999999998,0.149557,0.5519807478711589,0.0,0.551980747870803,126,126,0.163999,0.29711,baseline_dominates
l2-n128-uniform-w1,main,2,128,uniform,1,eas_k1_adaptive,eas,1,adaptive,101,1,accept_id,ok,0,-0.006423000000000012,0.0033100000000000074,1.0216182558648312,0.9778679700716114,1.0216182558653504,126,126,0.303533,0.29711,variant_dominates
l2-n128-uniform-w1,main,2,128,uniform,1,eas_k1_adaptive,eas,1,adaptive,101,1,accept_static_degree,ok,0,-0.015297000000000005,-0.006868000000000013,1.051485981622968,1.0459222904979373,1.0514859816233588,126,126,0.312407,0.29711,variant_dominates
l2-n128-uniform-w1,main,2,128,uniform,1,accept_static_degree,accept_static_degree,,greedy,101,2,native,ok,0,0.14992699999999998,0.157758,0.5212676618504032,0.0,0.5212676618501527,126,126,0.163248,0.313175,baseline_dominates
l2-n128-uniform-w1,main,2,128,uniform,1,accept_static_degree,accept_static_degree,,greedy,101,2,accept_id,ok,0,0.02979799999999999,0.025911000000000017,0.9048519198531173,0.8357547636252994,0.9048519198520372,126,126,0.283377,0.313175,baseline_dominates
l2-n128-uniform-w1,main,2,128,uniform,1,accept_id,accept_id,,greedy,101,2,native,ok,0,0.12012899999999999,0.131847,0.576080627573868,0.0,0.5760806275742789,126,126,0.163248,0.283377,baseline_dominates
l2-n128-uniform-w1,main,2,128,uniform,1,accept_id,accept_id,,greedy,101,2,accept_static_degree,ok,0,-0.02979799999999999,-0.025911000000000017,1.1051532058000473,1.1965232428496668,1.1051532058013664,126,126,0.313175,0.283377,variant_dominates
l2-n128-uniform-w1,main,2,128,uniform,1,eas_k1_adaptive,eas,1,adaptive,101,2,native,ok,0,0.13676699999999997,0.14862,0.544132793360332,0.0,0.544132793360613,126,126,0.163248,0.300015,baseline_dominates
l2-n128-uniform-w1,main,2,128,uniform,1,eas_k1_adaptive,eas,1,adaptive,101,2,accept_id,ok,0,0.016637999999999986,0.01677300000000001,0.944542772861357,0.8871417036737989,0.9445427728611712,126,126,0.283377,0.300015,baseline_dominates
l2-n128-uniform-w1,main,2,128,uniform,1,eas_k1_adaptive,eas,1,adaptive,101,2,accept_static_degree,ok,0,-0.013160000000000005,-0.009138000000000007,1.0438644734429945,1.061485668146952,1.0438644734440352,126,126,0.313175,0.300015,variant_dominates
l2-n128-uniform-w1,main,2,128,uniform,1,native,native,,native,101,2,accept_id,ok,0,-0.12012899999999999,-0.131847,1.7358681270214642,,1.735868127020226,126,126,0.283377,0.163248,variant_dominates
l2-n128-uniform-w1,main,2,128,uniform,1,native,native,,native,101,2,accept_static_degree,ok,0,-0.14992699999999998,-0.157758,1.9184002254238948,,1.9184002254248165,126,126,0.313175,0.163248,variant_dominates
l2-n128-uniform-w1,main,2,128,uniform,1,eas_k2_adaptive,eas,2,adaptive,101,2,native,ok,0,0.13984200000000002,0.1443,0.5386122933782045,0.0,0.5386122933789286,126,126,0.163248,0.30309,baseline_dominates
l2-n128-uniform-w1,main,2,128,uniform,1,eas_k2_adaptive,eas,2,adaptive,101,2,accept_id,ok,0,0.019713000000000036,0.01245300000000002,0.9349599128971592,0.9137006237006235,0.9349599128977494,126,126,0.283377,0.30309,baseline_dominates
l2-n128-uniform-w1,main,2,128,uniform,1,eas_k2_adaptive,eas,2,adaptive,101,2,accept_static_degree,ok,0,-0.010084999999999955,-0.013457999999999998,1.0332739450328283,1.0932640332640333,1.0332739450347141,126,126,0.313175,0.30309,variant_dominates
l2-n128-uniform-w1,main,2,128,uniform,1,eas_k2_adaptive,eas,2,adaptive,101,3,native,ok,0,0.14149899999999999,0.150908,0.5379579228531218,0.0,0.5379579228533291,126,126,0.164748,0.306247,baseline_dominates
l2-n128-uniform-w1,main,2,128,uniform,1,eas_k2_adaptive,eas,2,adaptive,101,3,accept_id,ok,0,0.015702999999999967,0.01640899999999998,0.9487243956675495,0.891264876613566,0.9487243956679419,126,126,0.290544,0.306247,baseline_dominates
l2-n128-uniform-w1,main,2,128,uniform,1,eas_k2_adaptive,eas,2,adaptive,101,3,accept_static_degree,ok,0,-0.0025660000000000127,-0.0033230000000000204,1.008378857588809,1.022020038699075,1.008378857590536,126,126,0.308813,0.306247,variant_dominates
l2-n128-uniform-w1,main,2,128,uniform,1,accept_static_degree,accept_static_degree,,greedy,101,3,native,ok,0,0.144065,0.154231,0.5334879036828113,0.0,0.5334879036821032,126,126,0.164748,0.308813,baseline_dominates
l2-n128-uniform-w1,main,2,128,uniform,1,accept_static_degree,accept_static_degree,,greedy,101,3,accept_id,ok,0,0.01826899999999998,0.019732,0.9408412210625848,0.8720620368149076,0.9408412210613627,126,126,0.290544,0.308813,baseline_dominates
l2-n128-uniform-w1,main,2,128,uniform,1,eas_k1_adaptive,eas,1,adaptive,101,3,native,ok,0,0.129674,0.14574,0.5595641630041234,0.0,0.559564163003687,126,126,0.164748,0.294422,baseline_dominates
l2-n128-uniform-w1,main,2,128,uniform,1,eas_k1_adaptive,eas,1,adaptive,101,3,accept_id,ok,0,0.0038779999999999926,0.011241000000000001,0.9868284299406974,0.9228694936187731,0.986828429939956,126,126,0.290544,0.294422,baseline_dominates
l2-n128-uniform-w1,main,2,128,uniform,1,eas_k1_adaptive,eas,1,adaptive,101,3,accept_static_degree,ok,0,-0.014390999999999987,-0.008490999999999999,1.0488788201968602,1.0582612872238233,1.0488788201974346,126,126,0.308813,0.294422,variant_dominates
l2-n128-uniform-w1,main,2,128,uniform,1,native,native,,native,101,3,accept_id,ok,0,-0.12579600000000002,-0.134499,1.7635661737927018,,1.7635661737927515,126,126,0.290544,0.164748,variant_dominates
l2-n128-uniform-w1,main,2,128,uniform,1,native,native,,native,101,3,accept_static_degree,ok,0,-0.144065,-0.154231,1.8744567460606503,,1.874456746063138,126,126,0.308813,0.164748,variant_dominates
l2-n128-uniform-w1,main,2,128,uniform,1,accept_id,accept_id,,greedy,101,3,native,ok,0,0.12579600000000002,0.134499,0.5670328762597059,0.0,0.5670328762596899,126,126,0.164748,0.290544,baseline_dominates
l2-n128-uniform-w1,main,2,128,uniform,1,accept_id,accept_id,,greedy,101,3,accept_static_degree,ok,0,-0.01826899999999998,-0.019732,1.0628786001431796,1.1467074104640183,1.0628786001445603,126,126,0.308813,0.290544,variant_dominates
l2-n128-zipf-w1,main,2,128,zipf,1,eas_k1_adaptive,eas,1,adaptive,11,1,native,ok,5,0.292154,0.293397,0.31112164319348456,0.0,0.34103718580806214,52,57,0.131947,0.424101,extra_commits_extra_time
l2-n128-zipf-w1,main,2,128,zipf,1,eas_k1_adaptive,eas,1,adaptive,11,1,accept_id,ok,2,0.162188,0.15789200000000003,0.6175722292567101,0.46184862149238054,0.640029401229916,55,57,0.261913,0.424101,extra_commits_extra_time
l2-n128-zipf-w1,main,2,128,zipf,1,eas_k1_adaptive,eas,1,adaptive,11,1,accept_static_degree,ok,0,0.14143100000000003,0.13582600000000003,0.6665157592177334,0.5370572977910476,0.6665157592173798,57,57,0.28267,0.424101,baseline_dominates
l2-n128-zipf-w1,main,2,128,zipf,1,native,native,,native,11,1,accept_id,ok,-3,-0.129966,-0.135505,1.9849863960529606,,1.8767144108153901,55,52,0.261913,0.131947,tradeoff_or_tie
l2-n128-zipf-w1,main,2,128,zipf,1,native,native,,native,11,1,accept_static_degree,ok,-5,-0.15072299999999997,-0.157571,2.142299559671686,,1.9543785456653957,57,52,0.28267,0.131947,tradeoff_or_tie
l2-n128-zipf-w1,main,2,128,zipf,1,accept_id,accept_id,,greedy,11,1,native,ok,3,0.129966,0.135505,0.5037817901364193,0.0,0.5328461241822737,52,55,0.131947,0.261913,extra_commits_extra_time
l2-n128-zipf-w1,main,2,128,zipf,1,accept_id,accept_id,,greedy,11,1,accept_static_degree,ok,-2,-0.02075699999999997,-0.022066000000000002,1.079251507179865,1.1628426995313825,1.041383033242795,57,55,0.28267,0.261913,tradeoff_or_tie
l2-n128-zipf-w1,main,2,128,zipf,1,eas_k2_adaptive,eas,2,adaptive,11,1,native,ok,2,0.273945,0.278252,0.3250790850768185,0.0,0.33758212681005856,52,54,0.131947,0.405892,extra_commits_extra_time
l2-n128-zipf-w1,main,2,128,zipf,1,eas_k2_adaptive,eas,2,adaptive,11,1,accept_id,ok,-1,0.14397899999999997,0.142747,0.6452775615188278,0.48698661644839925,0.6335452422181453,55,54,0.261913,0.405892,baseline_dominates
l2-n128-zipf-w1,main,2,128,zipf,1,eas_k2_adaptive,eas,2,adaptive,11,1,accept_static_degree,ok,-3,0.123222,0.12068100000000001,0.6964167808185429,0.5662888317065106,0.6597632660376734,57,54,0.28267,0.405892,baseline_dominates
l2-n128-zipf-w1,main,2,128,zipf,1,accept_static_degree,accept_static_degree,,greedy,11,1,native,ok,5,0.15072299999999997,0.157571,0.4667881274984966,0.0,0.5116716012964294,52,57,0.131947,0.28267,extra_commits_extra_time
l2-n128-zipf-w1,main,2,128,zipf,1,accept_static_degree,accept_static_degree,,greedy,11,1,accept_id,ok,2,0.02075699999999997,0.022066000000000002,0.9265680829235505,0.8599615411465308,0.9602614677579958,55,57,0.261913,0.28267,extra_commits_extra_time
l2-n128-zipf-w1,main,2,128,zipf,1,eas_k2_adaptive,eas,2,adaptive,11,2,native,ok,2,0.274108,0.281664,0.329742101286437,0.0,0.34242448979699935,52,54,0.134851,0.408959,extra_commits_extra_time
l2-n128-zipf-w1,main,2,128,zipf,1,eas_k2_adaptive,eas,2,adaptive,11,2,accept_id,ok,-1,0.15135000000000004,0.15038400000000002,0.6299140011590403,0.4660872528970688,0.6184610193193645,55,54,0.257609,0.408959,baseline_dominates
l2-n128-zipf-w1,main,2,128,zipf,1,eas_k2_adaptive,eas,2,adaptive,11,2,accept_static_degree,ok,-3,0.12106800000000001,0.12001500000000004,0.7039605437219868,0.5739072085889569,0.6669099887878726,57,54,0.287891,0.408959,baseline_dominates
l2-n128-zipf-w1,main,2,128,zipf,1,native,native,,native,11,2,accept_id,ok,-3,-0.12275799999999998,-0.13128,1.9103232456563168,,1.8061237958944136,55,52,0.257609,0.134851,tradeoff_or_tie
l2-n128-zipf-w1,main,2,128,zipf,1,native,native,,native,11,2,accept_static_degree,ok,-5,-0.15304,-0.161649,2.134882203320702,,1.9476118346069202,57,52,0.287891,0.134851,tradeoff_or_tie
l2-n128-zipf-w1,main,2,128,zipf,1,accept_id,accept_id,,greedy,11,2,native,ok,3,0.12275799999999998,0.13128,0.5234716178394389,0.0,0.5536719034836636,52,55,0.134851,0.257609,extra_commits_extra_time
l2-n128-zipf-w1,main,2,128,zipf,1,accept_id,accept_id,,greedy,11,2,accept_static_degree,ok,-2,-0.03028200000000003,-0.03036899999999998,1.117550240868914,1.2313299817184642,1.0783379517141238,57,55,0.287891,0.257609,tradeoff_or_tie
l2-n128-zipf-w1,main,2,128,zipf,1,eas_k1_adaptive,eas,1,adaptive,11,2,native,ok,5,0.28974,0.293289,0.3176021159186134,0.0,0.3481407809107067,52,57,0.134851,0.424591,extra_commits_extra_time
l2-n128-zipf-w1,main,2,128,zipf,1,eas_k1_adaptive,eas,1,adaptive,11,2,accept_id,ok,2,0.16698200000000002,0.16200900000000001,0.6067227049089594,0.44761310516248476,0.6287853487240911,55,57,0.257609,0.424591,extra_commits_extra_time
l2-n128-zipf-w1,main,2,128,zipf,1,eas_k1_adaptive,eas,1,adaptive,11,2,accept_static_degree,ok,0,0.1367,0.13164000000000003,0.6780431050116466,0.5511594365966673,0.6780431050109874,57,57,0.287891,0.424591,baseline_dominates
l2-n128-zipf-w1,main,2,128,zipf,1,accept_static_degree,accept_static_degree,,greedy,11,2,native,ok,5,0.15304,0.161649,0.4684099190318558,0.0,0.5134493343237599,52,57,0.134851,0.287891,extra_commits_extra_time
l2-n128-zipf-w1,main,2,128,zipf,1,accept_static_degree,accept_static_degree,,greedy,11,2,accept_id,ok,2,0.03028200000000003,0.03036899999999998,0.8948143568225473,0.8121299853386041,0.9273530607082892,55,57,0.257609,0.287891,extra_commits_extra_time
l2-n128-zipf-w1,main,2,128,zipf,1,native,native,,native,11,3,accept_id,ok,-3,-0.12463299999999997,-0.133312,1.9201878280900448,,1.8154503101945385,55,52,0.260076,0.135443,tradeoff_or_tie
l2-n128-zipf-w1,main,2,128,zipf,1,native,native,,native,11,3,accept_static_degree,ok,-5,-0.15356499999999998,-0.155847,2.1337979814386863,,1.9466227199106867,57,52,0.289008,0.135443,tradeoff_or_tie
l2-n128-zipf-w1,main,2,128,zipf,1,accept_id,accept_id,,greedy,11,3,native,ok,3,0.12463299999999997,0.133312,0.5207823866869685,0.0,0.5508275243803521,52,55,0.135443,0.260076,extra_commits_extra_time
l2-n128-zipf-w1,main,2,128,zipf,1,accept_id,accept_id,,greedy,11,3,accept_static_degree,ok,-2,-0.028932000000000013,-0.022535,1.1112444054814747,1.1690395463274124,1.0722533737109512,57,55,0.289008,0.260076,tradeoff_or_tie
l2-n128-zipf-w1,main,2,128,zipf,1,accept_static_degree,accept_static_degree,,greedy,11,3,native,ok,5,0.15356499999999998,0.155847,0.46864792670099104,0.0,0.5137102273448658,52,57,0.135443,0.289008,extra_commits_extra_time
l2-n128-zipf-w1,main,2,128,zipf,1,accept_static_degree,accept_static_degree,,greedy,11,3,accept_id,ok,2,0.028932000000000013,0.022535,0.8998920445108786,0.8554030555609027,0.9326153915833436,55,57,0.260076,0.289008,extra_commits_extra_time
l2-n128-zipf-w1,main,2,128,zipf,1,eas_k1_adaptive,eas,1,adaptive,11,3,native,ok,5,0.28163099999999996,0.291363,0.32474572857574435,0.0,0.35597127939996087,52,57,0.135443,0.417074,extra_commits_extra_time
l2-n128-zipf-w1,main,2,128,zipf,1,eas_k1_adaptive,eas,1,adaptive,11,3,accept_id,ok,2,0.15699800000000003,0.15805099999999997,0.6235727952353778,0.4575460851240549,0.6462481696070056,55,57,0.260076,0.417074,extra_commits_extra_time
l2-n128-zipf-w1,main,2,128,zipf,1,eas_k1_adaptive,eas,1,adaptive,11,3,accept_static_degree,ok,0,0.128066,0.13551599999999997,0.6929417801157588,0.5348894677773088,0.6929417801156388,57,57,0.289008,0.417074,baseline_dominates
l2-n128-zipf-w1,main,2,128,zipf,1,eas_k2_adaptive,eas,2,adaptive,11,3,native,ok,2,0.271551,0.278238,0.33278868975955417,0.0,0.34558825475085314,52,54,0.135443,0.406994,extra_commits_extra_time
l2-n128-zipf-w1,main,2,128,zipf,1,eas_k2_adaptive,eas,2,adaptive,11,3,accept_id,ok,-1,0.14691800000000005,0.14492599999999997,0.6390167914023301,0.47912937844579107,0.6273983042870256,55,54,0.260076,0.406994,baseline_dominates
l2-n128-zipf-w1,main,2,128,zipf,1,eas_k2_adaptive,eas,2,adaptive,11,3,accept_static_degree,ok,-3,0.11798600000000004,0.12239099999999997,0.7101038344545619,0.5601211912104027,0.6727299484322931,57,54,0.289008,0.406994,baseline_dominates
l2-n128-zipf-w1,main,2,128,zipf,1,native,native,,native,29,1,accept_id,ok,-4,-0.130341,-0.131363,1.9673375784833238,,1.8361817399232332,60,56,0.265083,0.134742,tradeoff_or_tie
l2-n128-zipf-w1,main,2,128,zipf,1,native,native,,native,29,1,accept_static_degree,ok,-6,-0.16424799999999998,-0.163885,2.218981460865951,,2.004241319495964,62,56,0.29899,0.134742,tradeoff_or_tie
l2-n128-zipf-w1,main,2,128,zipf,1,eas_k2_adaptive,eas,2,adaptive,29,1,native,ok,6,0.27132900000000004,0.276711,0.3318188198615513,0.0,0.3673708362751594,56,62,0.134742,0.406071,extra_commits_extra_time
l2-n128-zipf-w1,main,2,128,zipf,1,eas_k2_adaptive,eas,2,adaptive,29,1,accept_id,ok,2,0.140988,0.14534799999999998,0.6527996335616185,0.47472995291116005,0.6745596213487755,60,62,0.265083,0.406071,extra_commits_extra_time
l2-n128-zipf-w1,main,2,128,zipf,1,eas_k2_adaptive,eas,2,adaptive,29,1,accept_static_degree,ok,0,0.10708100000000004,0.11282599999999998,0.7362998096392009,0.5922605172906029,0.7362998096404612,62,62,0.29899,0.406071,baseline_dominates
l2-n128-zipf-w1,main,2,128,zipf,1,eas_k1_adaptive,eas,1,adaptive,29,1,native,ok,6,0.286535,0.287794,0.3198418142932085,0.0,0.3541105801088082,56,62,0.134742,0.421277,extra_commits_extra_time
l2-n128-zipf-w1,main,2,128,zipf,1,eas_k1_adaptive,eas,1,adaptive,29,1,accept_id,ok,2,0.156194,0.156431,0.6292368204293137,0.45644801489954623,0.6502113811094169,60,62,0.265083,0.421277,extra_commits_extra_time
l2-n128-zipf-w1,main,2,128,zipf,1,eas_k1_adaptive,eas,1,adaptive,29,1,accept_static_degree,ok,0,0.12228700000000003,0.12390899999999999,0.70972305632636,0.5694524555758633,0.709723056324759,62,62,0.29899,0.421277,baseline_dominates
l2-n128-zipf-w1,main,2,128,zipf,1,accept_id,accept_id,,greedy,29,1,native,ok,4,0.130341,0.131363,0.5083011735946854,0.0,0.5446084002783993,56,60,0.134742,0.265083,extra_commits_extra_time
l2-n128-zipf-w1,main,2,128,zipf,1,accept_id,accept_id,,greedy,29,1,accept_static_degree,ok,-2,-0.033906999999999965,-0.032521999999999995,1.1279108807430125,1.247573517657179,1.0915266587825652,62,60,0.29899,0.265083,tradeoff_or_tie
l2-n128-zipf-w1,main,2,128,zipf,1,accept_static_degree,accept_static_degree,,greedy,29,1,native,ok,6,0.16424799999999998,0.163885,0.4506572126158066,0.0,0.49894191396647025,56,62,0.134742,0.29899,extra_commits_extra_time
l2-n128-zipf-w1,main,2,128,zipf,1,accept_static_degree,accept_static_degree,,greedy,29,1,accept_id,ok,2,0.033906999999999965,0.032521999999999995,0.8865948693936253,0.8015559691246912,0.9161480317075815,60,62,0.265083,0.29899,extra_commits_extra_time
l2-n128-zipf-w1,main,2,128,zipf,1,eas_k1_adaptive,eas,1,adaptive,29,2,native,ok,6,0.294374,0.295118,0.3137495337560612,0.0,0.3473655552303605,56,62,0.134586,0.42896,extra_commits_extra_time
l2-n128-zipf-w1,main,2,128,zipf,1,eas_k1_adaptive,eas,1,adaptive,29,2,accept_id,ok,2,0.161518,0.162358,0.6234660574412533,0.44985395672239575,0.6442482593562258,60,62,0.267442,0.42896,extra_commits_extra_time
l2-n128-zipf-w1,main,2,128,zipf,1,eas_k1_adaptive,eas,1,adaptive,29,2,accept_static_degree,ok,0,0.14091199999999998,0.13706,0.671503170458784,0.5355756002683673,0.671503170459406,62,62,0.288048,0.42896,baseline_dominates
l2-n128-zipf-w1,main,2,128,zipf,1,native,native,,native,29,2,accept_id,ok,-4,-0.132856,-0.13276,1.987145765532819,,1.8546693811623989,60,56,0.267442,0.134586,tradeoff_or_tie
l2-n128-zipf-w1,main,2,128,zipf,1,native,native,,native,29,2,accept_static_degree,ok,-6,-0.15346200000000002,-0.158058,2.14025232936561,,1.9331311362005625,62,56,0.288048,0.134586,tradeoff_or_tie
l2-n128-zipf-w1,main,2,128,zipf,1,accept_id,accept_id,,greedy,29,2,native,ok,4,0.132856,0.13276,0.5032343461386021,0.0,0.5391796565775288,56,60,0.134586,0.267442,extra_commits_extra_time
l2-n128-zipf-w1,main,2,128,zipf,1,accept_id,accept_id,,greedy,29,2,accept_static_degree,ok,-2,-0.020606000000000013,-0.025298000000000015,1.0770484815399228,1.1905543838505575,1.0423049821359471,62,60,0.288048,0.267442,tradeoff_or_tie
l2-n128-zipf-w1,main,2,128,zipf,1,accept_static_degree,accept_static_degree,,greedy,29,2,native,ok,6,0.15346200000000002,0.158058,0.46723462756207296,0.0,0.5172954805153218,56,62,0.134586,0.288048,extra_commits_extra_time
l2-n128-zipf-w1,main,2,128,zipf,1,accept_static_degree,accept_static_degree,,greedy,29,2,accept_id,ok,2,0.020606000000000013,0.025298000000000015,0.9284633116702772,0.8399448303787217,0.9594120887254577,60,62,0.267442,0.288048,extra_commits_extra_time
l2-n128-zipf-w1,main,2,128,zipf,1,eas_k2_adaptive,eas,2,adaptive,29,2,native,ok,6,0.27561599999999997,0.276817,0.32809688884988375,0.0,0.36325012694199643,56,62,0.134586,0.410202,extra_commits_extra_time
l2-n128-zipf-w1,main,2,128,zipf,1,eas_k2_adaptive,eas,2,adaptive,29,2,accept_id,ok,2,0.14276,0.144057,0.6519763433625385,0.4795948225723131,0.6737088881426754,60,62,0.267442,0.410202,extra_commits_extra_time
l2-n128-zipf-w1,main,2,128,zipf,1,eas_k2_adaptive,eas,2,adaptive,29,2,accept_static_degree,ok,0,0.12215399999999998,0.11875899999999998,0.7022101306185733,0.5709837184854977,0.7022101306203801,62,62,0.288048,0.410202,baseline_dominates
l2-n128-zipf-w1,main,2,128,zipf,1,eas_k1_adaptive,eas,1,adaptive,29,3,native,ok,6,0.28406200000000004,0.289604,0.32369088943807167,0.0,0.3583720561649242,56,62,0.135956,0.420018,extra_commits_extra_time
l2-n128-zipf-w1,main,2,128,zipf,1,eas_k1_adaptive,eas,1,adaptive,29,3,accept_id,ok,2,0.15872000000000003,0.15932199999999996,0.6221114333195243,0.4498625709589647,0.6428484810978287,60,62,0.261298,0.420018,extra_commits_extra_time
l2-n128-zipf-w1,main,2,128,zipf,1,eas_k1_adaptive,eas,1,adaptive,29,3,accept_static_degree,ok,0,0.12517899999999998,0.12825699999999998,0.7019675347247023,0.5571297357771302,0.7019675347257713,62,62,0.294839,0.420018,baseline_dominates
l2-n128-zipf-w1,main,2,128,zipf,1,accept_id,accept_id,,greedy,29,3,native,ok,4,0.12534199999999998,0.130282,0.5203101439735475,0.0,0.5574751542586085,56,60,0.135956,0.261298,extra_commits_extra_time
l2-n128-zipf-w1,main,2,128,zipf,1,accept_id,accept_id,,greedy,29,3,accept_static_degree,ok,-2,-0.03354100000000004,-0.03106499999999998,1.128363018469334,1.2384442977541026,1.0919642114219228,62,60,0.294839,0.261298,tradeoff_or_tie
l2-n128-zipf-w1,main,2,128,zipf,1,native,native,,native,29,3,accept_id,ok,-4,-0.12534199999999998,-0.130282,1.9219306246138455,,1.793801916302278,60,56,0.261298,0.135956,tradeoff_or_tie
l2-n128-zipf-w1,main,2,128,zipf,1,native,native,,native,29,3,accept_static_degree,ok,-6,-0.15888300000000002,-0.161347,2.168635440877931,,1.9587674949821512,62,56,0.294839,0.135956,tradeoff_or_tie
l2-n128-zipf-w1,main,2,128,zipf,1,eas_k2_adaptive,eas,2,adaptive,29,3,native,ok,6,0.279637,0.282749,0.32713736756875117,0.0,0.3621877998076744,56,62,0.135956,0.415593,extra_commits_extra_time
l2-n128-zipf-w1,main,2,128,zipf,1,eas_k2_adaptive,eas,2,adaptive,29,3,accept_id,ok,2,0.15429500000000002,0.15246699999999996,0.6287353251859391,0.4607690920215457,0.6496931693563122,60,62,0.261298,0.415593,extra_commits_extra_time
l2-n128-zipf-w1,main,2,128,zipf,1,eas_k2_adaptive,eas,2,adaptive,29,3,accept_static_degree,ok,0,0.12075399999999997,0.12140199999999998,0.7094416893451045,0.5706368545954186,0.7094416893423753,62,62,0.294839,0.415593,baseline_dominates
l2-n128-zipf-w1,main,2,128,zipf,1,accept_static_degree,accept_static_degree,,greedy,29,3,native,ok,6,0.15888300000000002,0.161347,0.46111945841628815,0.0,0.5105251146763145,56,62,0.135956,0.294839,extra_commits_extra_time
l2-n128-zipf-w1,main,2,128,zipf,1,accept_static_degree,accept_static_degree,,greedy,29,3,accept_id,ok,2,0.03354100000000004,0.03106499999999998,0.8862396087356149,0.8074646569195586,0.9157809290268132,60,62,0.261298,0.294839,extra_commits_extra_time
l2-n128-zipf-w1,main,2,128,zipf,1,eas_k2_adaptive,eas,2,adaptive,47,1,native,ok,1,0.292594,0.292655,0.3212189542938537,0.0,0.326160784360663,65,66,0.138464,0.431058,extra_commits_extra_time
l2-n128-zipf-w1,main,2,128,zipf,1,eas_k2_adaptive,eas,2,adaptive,47,1,accept_id,ok,-3,0.160787,0.161572,0.62699451117947,0.4479096547128872,0.5997338802599356,69,66,0.270271,0.431058,baseline_dominates
l2-n128-zipf-w1,main,2,128,zipf,1,eas_k2_adaptive,eas,2,adaptive,47,1,accept_static_degree,ok,-4,0.13964,0.131281,0.6760528745551643,0.5514137807315781,0.6374212817263641,70,66,0.291418,0.431058,baseline_dominates
l2-n128-zipf-w1,main,2,128,zipf,1,native,native,,native,47,1,accept_id,ok,-4,-0.13180699999999998,-0.131083,1.9519225213773976,,1.8387675926016909,69,65,0.270271,0.138464,tradeoff_or_tie
l2-n128-zipf-w1,main,2,128,zipf,1,native,native,,native,47,1,accept_static_degree,ok,-5,-0.152954,-0.161374,2.1046481395886296,,1.954316129622483,70,65,0.291418,0.138464,tradeoff_or_tie
l2-n128-zipf-w1,main,2,128,zipf,1,accept_static_degree,accept_static_degree,,greedy,47,1,native,ok,5,0.152954,0.161374,0.47513880405465686,0.0,0.5116879428269218,65,70,0.138464,0.291418,extra_commits_extra_time
l2-n128-zipf-w1,main,2,128,zipf,1,accept_static_degree,accept_static_degree,,greedy,47,1,accept_id,ok,1,0.021147000000000027,0.030290999999999985,0.9274341324146071,0.8122931822970244,0.9408752067951706,69,70,0.270271,0.291418,extra_commits_extra_time
l2-n128-zipf-w1,main,2,128,zipf,1,eas_k1_adaptive,eas,1,adaptive,47,1,native,ok,5,0.282494,0.288399,0.3289259261018914,0.0,0.3542279204170526,65,70,0.138464,0.420958,extra_commits_extra_time
l2-n128-zipf-w1,main,2,128,zipf,1,eas_k1_adaptive,eas,1,adaptive,47,1,accept_id,ok,1,0.15068700000000002,0.157316,0.6420379230231994,0.4545196065173596,0.6513428204575672,69,70,0.270271,0.420958,extra_commits_extra_time
l2-n128-zipf-w1,main,2,128,zipf,1,eas_k1_adaptive,eas,1,adaptive,47,1,accept_static_degree,ok,0,0.12954,0.12702500000000003,0.6922733384328128,0.5595511773619186,0.6922733384336751,70,70,0.291418,0.420958,baseline_dominates
l2-n128-zipf-w1,main,2,128,zipf,1,accept_id,accept_id,,greedy,47,1,native,ok,4,0.13180699999999998,0.131083,0.5123154167483748,0.0,0.5438425193175663,65,69,0.138464,0.270271,extra_commits_extra_time
l2-n128-zipf-w1,main,2,128,zipf,1,accept_id,accept_id,,greedy,47,1,accept_static_degree,ok,-1,-0.021147000000000027,-0.030290999999999985,1.0782436887420406,1.2310825965228136,1.0628402074768466,70,69,0.291418,0.270271,tradeoff_or_tie
l2-n128-zipf-w1,main,2,128,zipf,1,accept_id,accept_id,,greedy,47,2,native,ok,4,0.134152,0.134337,0.5057183281259211,0.0,0.5368394560107502,65,69,0.137256,0.271408,extra_commits_extra_time
l2-n128-zipf-w1,main,2,128,zipf,1,accept_id,accept_id,,greedy,47,2,accept_static_degree,ok,-1,-0.024031999999999998,-0.023395,1.0885456581972528,1.1741515740265154,1.072995005935339,70,69,0.29544,0.271408,tradeoff_or_tie
l2-n128-zipf-w1,main,2,128,zipf,1,native,native,,native,47,2,accept_id,ok,-4,-0.134152,-0.134337,1.9773853237745527,,1.8627542905117147,69,65,0.271408,0.137256,tradeoff_or_tie
l2-n128-zipf-w1,main,2,128,zipf,1,native,native,,native,47,2,accept_static_degree,ok,-5,-0.158184,-0.157732,2.1524742087777584,,1.9987260510036957,70,65,0.29544,0.137256,tradeoff_or_tie
l2-n128-zipf-w1,main,2,128,zipf,1,eas_k1_adaptive,eas,1,adaptive,47,2,native,ok,5,0.272419,0.274326,0.3350363092695429,0.0,0.36080833305919247,65,70,0.137256,0.409675,extra_commits_extra_time
l2-n128-zipf-w1,main,2,128,zipf,1,eas_k1_adaptive,eas,1,adaptive,47,2,accept_id,ok,1,0.13826700000000003,0.139989,0.6624958808811863,0.4896983880492553,0.6720972704583905,69,70,0.271408,0.409675,extra_commits_extra_time
l2-n128-zipf-w1,main,2,128,zipf,1,eas_k1_adaptive,eas,1,adaptive,47,2,accept_static_degree,ok,0,0.11423500000000003,0.116594,0.7211570147067797,0.5749801331262804,0.721157014704626,70,70,0.29544,0.409675,baseline_dominates
l2-n128-zipf-w1,main,2,128,zipf,1,eas_k2_adaptive,eas,2,adaptive,47,2,native,ok,1,0.266845,0.26548,0.3396576598424651,0.0,0.3448831623010675,65,66,0.137256,0.404101,extra_commits_extra_time
l2-n128-zipf-w1,main,2,128,zipf,1,eas_k2_adaptive,eas,2,adaptive,47,2,accept_id,ok,-3,0.132693,0.13114299999999998,0.6716340716800998,0.5060155190598162,0.6424325903015615,69,66,0.271408,0.404101,baseline_dominates
l2-n128-zipf-w1,main,2,128,zipf,1,eas_k2_adaptive,eas,2,adaptive,47,2,accept_static_degree,ok,-4,0.10866100000000001,0.10774799999999998,0.7311043526247151,0.5941389181859275,0.6893269610436793,70,66,0.29544,0.404101,baseline_dominates
l2-n128-zipf-w1,main,2,128,zipf,1,accept_static_degree,accept_static_degree,,greedy,47,2,native,ok,5,0.158184,0.157732,0.4645816409423233,0.0,0.500318690246636,65,70,0.137256,0.29544,extra_commits_extra_time
l2-n128-zipf-w1,main,2,128,zipf,1,accept_static_degree,accept_static_degree,,greedy,47,2,accept_id,ok,1,0.024031999999999998,0.023395,0.918656918494449,0.8516787969467198,0.9319707868801228,69,70,0.271408,0.29544,extra_commits_extra_time
l2-n128-zipf-w1,main,2,128,zipf,1,eas_k1_adaptive,eas,1,adaptive,47,3,native,ok,5,0.263946,0.278723,0.3596046205245038,0.0,0.3872665144109964,65,70,0.148215,0.412161,extra_commits_extra_time
l2-n128-zipf-w1,main,2,128,zipf,1,eas_k1_adaptive,eas,1,adaptive,47,3,accept_id,ok,1,0.14629399999999998,0.149947,0.6450561795026701,0.4620214334662012,0.6544048197842339,69,70,0.265867,0.412161,extra_commits_extra_time
l2-n128-zipf-w1,main,2,128,zipf,1,eas_k1_adaptive,eas,1,adaptive,47,3,accept_static_degree,ok,0,0.11271399999999998,0.11510599999999999,0.7265291961151104,0.5870236758358658,0.7265291961137473,70,70,0.299447,0.412161,baseline_dominates
l2-n128-zipf-w1,main,2,128,zipf,1,accept_id,accept_id,,greedy,47,3,native,ok,4,0.117652,0.128776,0.5574779871138577,0.0,0.5917843247833708,65,69,0.148215,0.265867,extra_commits_extra_time
l2-n128-zipf-w1,main,2,128,zipf,1,accept_id,accept_id,,greedy,47,3,accept_static_degree,ok,-1,-0.03358,-0.03484100000000001,1.1263037533804496,1.2705550723737342,1.1102136997604843,70,69,0.299447,0.265867,tradeoff_or_tie
l2-n128-zipf-w1,main,2,128,zipf,1,accept_static_degree,accept_static_degree,,greedy,47,3,native,ok,5,0.151232,0.163617,0.4949623806550074,0.0,0.5330364099371513,65,70,0.148215,0.299447,extra_commits_extra_time
l2-n128-zipf-w1,main,2,128,zipf,1,accept_static_degree,accept_static_degree,,greedy,47,3,accept_id,ok,1,0.03358,0.03484100000000001,0.8878599551840559,0.7870575795913627,0.900727490766632,69,70,0.265867,0.299447,extra_commits_extra_time
l2-n128-zipf-w1,main,2,128,zipf,1,native,native,,native,47,3,accept_id,ok,-4,-0.117652,-0.128776,1.7937928009985493,,1.689804812532101,69,65,0.265867,0.148215,tradeoff_or_tie
l2-n128-zipf-w1,main,2,128,zipf,1,native,native,,native,47,3,accept_static_degree,ok,-5,-0.151232,-0.163617,2.020355564551496,,1.8760444527943354,70,65,0.299447,0.148215,tradeoff_or_tie
l2-n128-zipf-w1,main,2,128,zipf,1,eas_k2_adaptive,eas,2,adaptive,47,3,native,ok,1,0.257174,0.269947,0.36561179509064134,0.0,0.3712365919386348,65,66,0.148215,0.405389,extra_commits_extra_time
l2-n128-zipf-w1,main,2,128,zipf,1,eas_k2_adaptive,eas,2,adaptive,47,3,accept_id,ok,-3,0.13952199999999998,0.141171,0.6558318059937492,0.47704178968464184,0.6273173796459208,69,66,0.265867,0.405389,baseline_dominates
l2-n128-zipf-w1,main,2,128,zipf,1,eas_k2_adaptive,eas,2,adaptive,47,3,accept_static_degree,ok,-4,0.10594199999999998,0.10632999999999998,0.7386658246770387,0.6061078656180658,0.69645634898075,70,66,0.299447,0.405389,baseline_dominates
l2-n128-zipf-w1,main,2,128,zipf,1,accept_static_degree,accept_static_degree,,greedy,71,1,native,ok,5,0.16843299999999997,0.171331,0.4484821495813674,0.0,0.4829807764720909,65,70,0.136966,0.305399,extra_commits_extra_time
l2-n128-zipf-w1,main,2,128,zipf,1,accept_static_degree,accept_static_degree,,greedy,71,1,accept_id,ok,2,0.043043,0.039433000000000024,0.859059787360142,0.7698431690703957,0.8843262516945282,68,70,0.262356,0.305399,extra_commits_extra_time
l2-n128-zipf-w1,main,2,128,zipf,1,eas_k1_adaptive,eas,1,adaptive,71,1,native,ok,5,0.271374,0.273237,0.3354214625067346,0.0,0.36122311346792757,65,70,0.136966,0.40834,extra_commits_extra_time
l2-n128-zipf-w1,main,2,128,zipf,1,eas_k1_adaptive,eas,1,adaptive,71,1,accept_id,ok,2,0.145984,0.14133900000000002,0.6424940000979575,0.48272378923791426,0.661390882452603,68,70,0.262356,0.40834,extra_commits_extra_time
l2-n128-zipf-w1,main,2,128,zipf,1,eas_k1_adaptive,eas,1,adaptive,71,1,accept_static_degree,ok,0,0.102941,0.101906,0.7479037076945683,0.6270417256813682,0.7479037076930138,70,70,0.305399,0.40834,baseline_dominates
l2-n128-zipf-w1,main,2,128,zipf,1,native,native,,native,71,1,accept_id,ok,-3,-0.12538999999999997,-0.131898,1.9154826745323654,,1.8309760859511746,68,65,0.262356,0.136966,tradeoff_or_tie
l2-n128-zipf-w1,main,2,128,zipf,1,native,native,,native,71,1,accept_static_degree,ok,-5,-0.16843299999999997,-0.171331,2.2297431479345238,,2.0704757802255616,70,65,0.305399,0.136966,tradeoff_or_tie
l2-n128-zipf-w1,main,2,128,zipf,1,accept_id,accept_id,,greedy,71,1,native,ok,3,0.12538999999999997,0.131898,0.5220616261873181,0.0,0.5461567781648604,65,68,0.136966,0.262356,extra_commits_extra_time
l2-n128-zipf-w1,main,2,128,zipf,1,accept_id,accept_id,,greedy,71,1,accept_static_degree,ok,-2,-0.043043,-0.039433000000000024,1.1640633337907271,1.2989658675643303,1.1308043813963682,70,68,0.305399,0.262356,tradeoff_or_tie
l2-n128-zipf-w1,main,2,128,zipf,1,eas_k2_adaptive,eas,2,adaptive,71,1,native,ok,3,0.276111,0.27366,0.33157498480912756,0.0,0.3468784456459379,65,68,0.136966,0.413077,extra_commits_extra_time
l2-n128-zipf-w1,main,2,128,zipf,1,eas_k2_adaptive,eas,2,adaptive,71,1,accept_id,ok,0,0.15072100000000005,0.14176200000000003,0.6351261387102162,0.4819776364832273,0.6351261387096266,68,68,0.262356,0.413077,baseline_dominates
l2-n128-zipf-w1,main,2,128,zipf,1,eas_k2_adaptive,eas,2,adaptive,71,1,accept_static_degree,ok,-2,0.10767800000000005,0.102329,0.739327050404646,0.6260724987210408,0.7182034203922033,70,68,0.305399,0.413077,baseline_dominates
l2-n128-zipf-w1,main,2,128,zipf,1,eas_k2_adaptive,eas,2,adaptive,71,2,native,ok,3,0.27192399999999994,0.276046,0.33613925441273407,0.0,0.3516533738471568,65,68,0.137686,0.40961,extra_commits_extra_time
l2-n128-zipf-w1,main,2,128,zipf,1,eas_k2_adaptive,eas,2,adaptive,71,2,accept_id,ok,0,0.13188499999999997,0.13366,0.678022997485413,0.5158053367916942,0.678022997484868,68,68,0.277725,0.40961,baseline_dominates
l2-n128-zipf-w1,main,2,128,zipf,1,eas_k2_adaptive,eas,2,adaptive,71,2,accept_static_degree,ok,-2,0.10897899999999999,0.11172500000000002,0.7339444837772515,0.5952667309071676,0.7129746413836683,70,68,0.300631,0.40961,baseline_dominates
l2-n128-zipf-w1,main,2,128,zipf,1,accept_static_degree,accept_static_degree,,greedy,71,2,native,ok,5,0.16294499999999998,0.164321,0.45799002764186,0.0,0.4932200297681049,65,70,0.137686,0.300631,extra_commits_extra_time
l2-n128-zipf-w1,main,2,128,zipf,1,accept_static_degree,accept_static_degree,,greedy,71,2,accept_id,ok,2,0.022905999999999982,0.021934999999999982,0.9238069260987724,0.8665112797512188,0.9509777180420195,68,70,0.277725,0.300631,extra_commits_extra_time
l2-n128-zipf-w1,main,2,128,zipf,1,eas_k1_adaptive,eas,1,adaptive,71,2,native,ok,5,0.270853,0.277048,0.3370204558193955,0.0,0.36294510626821813,65,70,0.137686,0.408539,extra_commits_extra_time
l2-n128-zipf-w1,main,2,128,zipf,1,eas_k1_adaptive,eas,1,adaptive,71,2,accept_id,ok,2,0.13081399999999999,0.134662,0.6798004596868353,0.5139398227022033,0.6997945908558241,68,70,0.277725,0.408539,extra_commits_extra_time
l2-n128-zipf-w1,main,2,128,zipf,1,eas_k1_adaptive,eas,1,adaptive,71,2,accept_static_degree,ok,0,0.107908,0.11272700000000002,0.7358685462097866,0.5931138286506309,0.7358685462122502,70,70,0.300631,0.408539,baseline_dominates
l2-n128-zipf-w1,main,2,128,zipf,1,accept_id,accept_id,,greedy,71,2,native,ok,3,0.140039,0.142386,0.495763795121073,0.0,0.5186452010501382,65,68,0.137686,0.277725,extra_commits_extra_time
l2-n128-zipf-w1,main,2,128,zipf,1,accept_id,accept_id,,greedy,71,2,accept_static_degree,ok,-2,-0.022905999999999982,-0.021934999999999982,1.0824772706814294,1.1540530670150153,1.0515493486628826,70,68,0.300631,0.277725,tradeoff_or_tie
l2-n128-zipf-w1,main,2,128,zipf,1,native,native,,native,71,2,accept_id,ok,-3,-0.140039,-0.142386,2.017089609691617,,1.9281003622037338,68,65,0.277725,0.137686,tradeoff_or_tie
l2-n128-zipf-w1,main,2,128,zipf,1,native,native,,native,71,2,accept_static_degree,ok,-5,-0.16294499999999998,-0.164321,2.1834536554188513,,2.0274926800320046,70,65,0.300631,0.137686,tradeoff_or_tie
l2-n128-zipf-w1,main,2,128,zipf,1,eas_k1_adaptive,eas,1,adaptive,71,3,native,ok,5,0.272714,0.27827,0.3355229655547136,0.0,0.36133242444376173,65,70,0.137705,0.410419,extra_commits_extra_time
l2-n128-zipf-w1,main,2,128,zipf,1,eas_k1_adaptive,eas,1,adaptive,71,3,accept_id,ok,2,0.138698,0.14153800000000002,0.6620575558149111,0.4913645021022747,0.6815298368676452,68,70,0.271721,0.410419,extra_commits_extra_time
l2-n128-zipf-w1,main,2,128,zipf,1,eas_k1_adaptive,eas,1,adaptive,71,3,accept_static_degree,ok,0,0.10308399999999995,0.10841600000000001,0.7488322909027118,0.6103927839867754,0.7488322909017566,70,70,0.307335,0.410419,baseline_dominates
l2-n128-zipf-w1,main,2,128,zipf,1,eas_k2_adaptive,eas,2,adaptive,71,3,native,ok,3,0.27266999999999997,0.269531,0.335558939993908,0.0,0.35104627568579005,65,68,0.137705,0.410375,extra_commits_extra_time
l2-n128-zipf-w1,main,2,128,zipf,1,eas_k2_adaptive,eas,2,adaptive,71,3,accept_id,ok,0,0.138654,0.13279900000000003,0.6621285409686263,0.5072960067673106,0.662128540967316,68,68,0.271721,0.410375,baseline_dominates
l2-n128-zipf-w1,main,2,128,zipf,1,eas_k2_adaptive,eas,2,adaptive,71,3,accept_static_degree,ok,-2,0.10303999999999996,0.09967700000000002,0.7489125799573562,0.6301835410398061,0.727515077671182,70,68,0.307335,0.410375,baseline_dominates
l2-n128-zipf-w1,main,2,128,zipf,1,accept_static_degree,accept_static_degree,,greedy,71,3,native,ok,5,0.16963000000000003,0.169854,0.4480615614882782,0.0,0.4825278354498296,65,70,0.137705,0.307335,extra_commits_extra_time
l2-n128-zipf-w1,main,2,128,zipf,1,accept_static_degree,accept_static_degree,,greedy,71,3,accept_id,ok,2,0.035614000000000035,0.03312200000000001,0.8841199342736752,0.8049972329176822,0.9101234617526113,68,70,0.271721,0.307335,extra_commits_extra_time
l2-n128-zipf-w1,main,2,128,zipf,1,native,native,,native,71,3,accept_id,ok,-3,-0.134016,-0.136732,1.9732108492792564,,1.8861574294551566,68,65,0.271721,0.137705,tradeoff_or_tie
l2-n128-zipf-w1,main,2,128,zipf,1,native,native,,native,71,3,accept_static_degree,ok,-5,-0.16963000000000003,-0.169854,2.231836171526089,,2.07241930212744,70,65,0.307335,0.137705,tradeoff_or_tie
l2-n128-zipf-w1,main,2,128,zipf,1,accept_id,accept_id,,greedy,71,3,native,ok,3,0.134016,0.136732,0.5067882129095653,0.0,0.5301784381216069,65,68,0.137705,0.271721,extra_commits_extra_time
l2-n128-zipf-w1,main,2,128,zipf,1,accept_id,accept_id,,greedy,71,3,accept_static_degree,ok,-2,-0.035614000000000035,-0.03312200000000001,1.1310682648746326,1.2422402948834217,1.0987520287349968,70,68,0.307335,0.271721,tradeoff_or_tie
l2-n128-zipf-w1,main,2,128,zipf,1,eas_k2_adaptive,eas,2,adaptive,101,1,native,ok,6,0.270208,0.273804,0.3354222722867979,0.0,0.3678824921860426,62,68,0.136378,0.406586,extra_commits_extra_time
l2-n128-zipf-w1,main,2,128,zipf,1,eas_k2_adaptive,eas,2,adaptive,101,1,accept_id,ok,1,0.135926,0.139129,0.6656894236397712,0.491866444610013,0.6756250866801475,67,68,0.27066,0.406586,extra_commits_extra_time
l2-n128-zipf-w1,main,2,128,zipf,1,eas_k2_adaptive,eas,2,adaptive,101,1,accept_static_degree,ok,-1,0.10874699999999998,0.110296,0.7325362899853906,0.5971716994638501,0.7219198220162564,69,68,0.297839,0.406586,baseline_dominates
l2-n128-zipf-w1,main,2,128,zipf,1,eas_k1_adaptive,eas,1,adaptive,101,1,native,ok,7,0.280082,0.282221,0.32746962493396725,0.0,0.36444200194174003,62,69,0.136378,0.41646,extra_commits_extra_time
l2-n128-zipf-w1,main,2,128,zipf,1,eas_k1_adaptive,eas,1,adaptive,101,1,accept_id,ok,2,0.14579999999999999,0.147546,0.6499063535513615,0.47719694849072175,0.6693065432079739,67,69,0.27066,0.41646,extra_commits_extra_time
l2-n128-zipf-w1,main,2,128,zipf,1,eas_k1_adaptive,eas,1,adaptive,101,1,accept_static_degree,ok,0,0.11862099999999998,0.11871300000000001,0.7151683234884503,0.5793615641642542,0.7151683234873198,69,69,0.297839,0.41646,baseline_dominates
l2-n128-zipf-w1,main,2,128,zipf,1,accept_id,accept_id,,greedy,101,1,native,ok,5,0.134282,0.134675,0.5038720165521318,0.0,0.5445068565966444,62,67,0.136378,0.27066,extra_commits_extra_time
l2-n128-zipf-w1,main,2,128,zipf,1,accept_id,accept_id,,greedy,101,1,accept_static_degree,ok,-2,-0.02717900000000001,-0.028832999999999998,1.1004174979679302,1.2140931873027658,1.0685213386074657,69,67,0.297839,0.27066,tradeoff_or_tie
l2-n128-zipf-w1,main,2,128,zipf,1,native,native,,native,101,1,accept_id,ok,-5,-0.134282,-0.134675,1.9846309522063676,,1.8365241647283281,67,62,0.27066,0.136378,tradeoff_or_tie
l2-n128-zipf-w1,main,2,128,zipf,1,native,native,,native,101,1,accept_static_degree,ok,-7,-0.16146100000000002,-0.163508,2.183922626816642,,1.9623652588804712,69,62,0.297839,0.136378,tradeoff_or_tie
l2-n128-zipf-w1,main,2,128,zipf,1,accept_static_degree,accept_static_degree,,greedy,101,1,native,ok,7,0.16146100000000002,0.163508,0.4578916797330101,0.0,0.5095891274443473,62,69,0.136378,0.297839,extra_commits_extra_time
l2-n128-zipf-w1,main,2,128,zipf,1,accept_static_degree,accept_static_degree,,greedy,101,1,accept_id,ok,2,0.02717900000000001,0.028832999999999998,0.9087460003558969,0.8236600044034542,0.9358727466343675,67,69,0.27066,0.297839,extra_commits_extra_time
l2-n128-zipf-w1,main,2,128,zipf,1,accept_id,accept_id,,greedy,101,2,native,ok,5,0.13538699999999998,0.135927,0.500332159702385,0.0,0.5406815274213244,62,67,0.135567,0.270954,extra_commits_extra_time
l2-n128-zipf-w1,main,2,128,zipf,1,accept_id,accept_id,,greedy,101,2,accept_static_degree,ok,-2,-0.029205000000000036,-0.029311000000000004,1.1077858234239024,1.2156378055868224,1.0756760894115964,69,67,0.300159,0.270954,tradeoff_or_tie
l2-n128-zipf-w1,main,2,128,zipf,1,eas_k1_adaptive,eas,1,adaptive,101,2,native,ok,7,0.344258,0.345391,0.28253425728130044,0.0,0.3144332863305008,62,69,0.135567,0.479825,extra_commits_extra_time
l2-n128-zipf-w1,main,2,128,zipf,1,eas_k1_adaptive,eas,1,adaptive,101,2,accept_id,ok,2,0.20887100000000003,0.209464,0.5646933777939873,0.3935452863566219,0.5815498965354511,67,69,0.270954,0.479825,extra_commits_extra_time
l2-n128-zipf-w1,main,2,128,zipf,1,eas_k1_adaptive,eas,1,adaptive,101,2,accept_static_degree,ok,0,0.179666,0.180153,0.625559318501537,0.4784085283056015,0.6255593185029724,69,69,0.300159,0.479825,baseline_dominates
l2-n128-zipf-w1,main,2,128,zipf,1,native,native,,native,101,2,accept_id,ok,-5,-0.13538699999999998,-0.135927,1.9986722432450374,,1.8495175982233125,67,62,0.270954,0.135567,tradeoff_or_tie
l2-n128-zipf-w1,main,2,128,zipf,1,native,native,,native,101,2,accept_static_degree,ok,-7,-0.16459200000000002,-0.165238,2.214100776737702,,1.9894818573547808,69,62,0.300159,0.135567,tradeoff_or_tie
l2-n128-zipf-w1,main,2,128,zipf,1,accept_static_degree,accept_static_degree,,greedy,101,2,native,ok,7,0.16459200000000002,0.165238,0.45165062516866056,0.0,0.5026434376886463,62,69,0.135567,0.300159,extra_commits_extra_time
l2-n128-zipf-w1,main,2,128,zipf,1,accept_static_degree,accept_static_degree,,greedy,101,2,accept_id,ok,2,0.029205000000000036,0.029311000000000004,0.9027015681688704,0.8226134424284971,0.9296478836366142,67,69,0.270954,0.300159,extra_commits_extra_time
l2-n128-zipf-w1,main,2,128,zipf,1,eas_k2_adaptive,eas,2,adaptive,101,2,native,ok,6,0.280599,0.276616,0.3257522238722048,0.0,0.3572766326352604,62,68,0.135567,0.416166,extra_commits_extra_time
l2-n128-zipf-w1,main,2,128,zipf,1,eas_k2_adaptive,eas,2,adaptive,101,2,accept_id,ok,1,0.145212,0.14068899999999998,0.6510719280287193,0.49139239957196984,0.6607894194928795,67,68,0.270954,0.416166,extra_commits_extra_time
l2-n128-zipf-w1,main,2,128,zipf,1,eas_k2_adaptive,eas,2,adaptive,101,2,accept_static_degree,ok,-1,0.11600699999999997,0.11137799999999998,0.7212482518994825,0.5973551782977123,0.7107953786846595,69,68,0.300159,0.416166,baseline_dominates
l2-n128-zipf-w1,main,2,128,zipf,1,native,native,,native,101,3,accept_id,ok,-5,-0.13396899999999998,-0.133859,1.9772909645321777,,1.8297319373289818,67,62,0.271051,0.137082,tradeoff_or_tie
l2-n128-zipf-w1,main,2,128,zipf,1,native,native,,native,101,3,accept_static_degree,ok,-7,-0.161446,-0.161504,2.177733035701259,,1.9568035972990747,69,62,0.298528,0.137082,tradeoff_or_tie
l2-n128-zipf-w1,main,2,128,zipf,1,accept_static_degree,accept_static_degree,,greedy,101,3,native,ok,7,0.161446,0.161504,0.459193107514203,0.0,0.511037490620047,62,69,0.137082,0.298528,extra_commits_extra_time
l2-n128-zipf-w1,main,2,128,zipf,1,accept_static_degree,accept_static_degree,,greedy,101,3,accept_id,ok,2,0.02747700000000003,0.027645000000000003,0.9079583824632864,0.8288277689716663,0.9350616177599598,67,69,0.271051,0.298528,extra_commits_extra_time
l2-n128-zipf-w1,main,2,128,zipf,1,eas_k1_adaptive,eas,1,adaptive,101,3,native,ok,7,0.27433699999999994,0.27916,0.3331931680355064,0.0,0.3708117515227531,62,69,0.137082,0.411419,extra_commits_extra_time
l2-n128-zipf-w1,main,2,128,zipf,1,eas_k1_adaptive,eas,1,adaptive,101,3,accept_id,ok,2,0.140368,0.145301,0.6588198406004584,0.47950637627167214,0.67848610449808,67,69,0.271051,0.411419,extra_commits_extra_time
l2-n128-zipf-w1,main,2,128,zipf,1,eas_k1_adaptive,eas,1,adaptive,101,3,accept_static_degree,ok,0,0.11289099999999996,0.11765600000000001,0.7256057693008832,0.5785356068204613,0.7256057693004939,69,69,0.298528,0.411419,baseline_dominates
l2-n128-zipf-w1,main,2,128,zipf,1,accept_id,accept_id,,greedy,101,3,native,ok,5,0.13396899999999998,0.133859,0.5057424617507407,0.0,0.5465281441497855,62,67,0.137082,0.271051,extra_commits_extra_time
l2-n128-zipf-w1,main,2,128,zipf,1,accept_id,accept_id,,greedy,101,3,accept_static_degree,ok,-2,-0.02747700000000003,-0.027645000000000003,1.1013720665114684,1.2065232819608693,1.0694482384974875,69,67,0.298528,0.271051,tradeoff_or_tie
l2-n128-zipf-w1,main,2,128,zipf,1,eas_k2_adaptive,eas,2,adaptive,101,3,native,ok,6,0.260699,0.26684,0.3446167614843344,0.0,0.3779667706590776,62,68,0.137082,0.397781,extra_commits_extra_time
l2-n128-zipf-w1,main,2,128,zipf,1,eas_k2_adaptive,eas,2,adaptive,101,3,accept_id,ok,1,0.12673,0.13298100000000002,0.6814076087093149,0.5016451806325888,0.691577871524013,67,68,0.271051,0.397781,extra_commits_extra_time
l2-n128-zipf-w1,main,2,128,zipf,1,eas_k2_adaptive,eas,2,adaptive,101,3,accept_static_degree,ok,-1,0.09925299999999998,0.10533600000000001,0.7504833061408163,0.6052465897166841,0.7396067364851974,69,68,0.298528,0.397781,baseline_dominates
l2-n32-zipf-w1,smoke_parallel,2,32,zipf,1,accept_id,accept_id,,greedy,11,1,native,ok,0,0.04528600000000001,0.042497,0.47836804275709544,0.0,0.47836804275652495,23,23,0.04153,0.086816,baseline_dominates
l2-n32-zipf-w1,smoke_parallel,2,32,zipf,1,accept_id,accept_id,,greedy,11,1,accept_static_degree,ok,-1,-0.004285999999999998,-0.0064579999999999985,1.0493687799483966,1.1519636680236252,1.0056450807839874,24,23,0.091102,0.086816,tradeoff_or_tie
l2-n32-zipf-w1,smoke_parallel,2,32,zipf,1,native,native,,native,11,1,accept_id,ok,0,-0.04528600000000001,-0.042497,2.090440645316639,,2.0904406453191315,23,23,0.086816,0.04153,variant_dominates
l2-n32-zipf-w1,smoke_parallel,2,32,zipf,1,native,native,,native,11,1,accept_static_degree,ok,-1,-0.049572000000000005,-0.048955,2.1936431495304602,,2.102241351636089,24,23,0.091102,0.04153,tradeoff_or_tie
l2-n32-zipf-w1,smoke_parallel,2,32,zipf,1,eas_k1_adaptive,eas,1,adaptive,11,1,native,ok,1,0.07348500000000001,0.072025,0.36108333695604916,0.0,0.37678261247559813,23,24,0.04153,0.115015,extra_commits_extra_time
l2-n32-zipf-w1,smoke_parallel,2,32,zipf,1,eas_k1_adaptive,eas,1,adaptive,11,1,accept_id,ok,1,0.028199000000000002,0.029528000000000006,0.7548232839194887,0.5900312391530718,0.7876416875685177,23,24,0.086816,0.115015,extra_commits_extra_time
l2-n32-zipf-w1,smoke_parallel,2,32,zipf,1,eas_k1_adaptive,eas,1,adaptive,11,1,accept_static_degree,ok,0,0.023913000000000004,0.023070000000000007,0.792087988523236,0.6796945505032974,0.792087988523678,24,24,0.091102,0.115015,baseline_dominates
l2-n32-zipf-w1,smoke_parallel,2,32,zipf,1,eas_k2_adaptive,eas,2,adaptive,11,1,native,ok,-1,0.071358,0.070234,0.36788675501381896,0.0,0.3518916787087587,23,22,0.04153,0.112888,baseline_dominates
l2-n32-zipf-w1,smoke_parallel,2,32,zipf,1,eas_k2_adaptive,eas,2,adaptive,11,1,accept_id,ok,-1,0.026071999999999998,0.027737000000000005,0.7690454255545319,0.6050773129823163,0.7356086679223701,23,22,0.086816,0.112888,baseline_dominates
l2-n32-zipf-w1,smoke_parallel,2,32,zipf,1,eas_k2_adaptive,eas,2,adaptive,11,1,accept_static_degree,ok,-2,0.021786,0.021279000000000006,0.8070122599390547,0.6970270809009881,0.7397612382781932,24,22,0.091102,0.112888,baseline_dominates
l2-n32-zipf-w1,smoke_parallel,2,32,zipf,1,accept_static_degree,accept_static_degree,,greedy,11,1,native,ok,1,0.049572000000000005,0.048955,0.4558626594366753,0.0,0.47568277506373885,23,24,0.04153,0.091102,extra_commits_extra_time
l2-n32-zipf-w1,smoke_parallel,2,32,zipf,1,accept_static_degree,accept_static_degree,,greedy,11,1,accept_id,ok,1,0.004285999999999998,0.0064579999999999985,0.9529538319685628,0.8680829333060974,0.9943866072714377,23,24,0.086816,0.091102,extra_commits_extra_time
l2-n32-zipf-w1,smoke_parallel,2,32,zipf,1,eas_k2_adaptive,eas,2,adaptive,11,2,native,ok,-1,0.067639,0.068944,0.3883860350299753,0.0,0.37149968568104097,23,22,0.042952,0.110591,baseline_dominates
l2-n32-zipf-w1,smoke_parallel,2,32,zipf,1,eas_k2_adaptive,eas,2,adaptive,11,2,accept_id,ok,-1,0.02260899999999999,0.024329000000000003,0.795562025842971,0.647119401253191,0.7609723725455498,23,22,0.087982,0.110591,baseline_dominates
l2-n32-zipf-w1,smoke_parallel,2,32,zipf,1,eas_k2_adaptive,eas,2,adaptive,11,2,accept_static_degree,ok,-2,0.019002999999999992,0.020462000000000008,0.8281686574856906,0.7032084010211185,0.7591546026955929,24,22,0.091588,0.110591,baseline_dominates
l2-n32-zipf-w1,smoke_parallel,2,32,zipf,1,native,native,,native,11,2,accept_id,ok,0,-0.04503000000000001,-0.044615,2.04837958651518,,2.048379586514372,23,23,0.087982,0.042952,variant_dominates
l2-n32-zipf-w1,smoke_parallel,2,32,zipf,1,native,native,,native,11,2,accept_static_degree,ok,-1,-0.048636000000000006,-0.048482,2.1323337679269883,,2.043486527596638,24,23,0.091588,0.042952,tradeoff_or_tie
l2-n32-zipf-w1,smoke_parallel,2,32,zipf,1,accept_id,accept_id,,greedy,11,2,native,ok,0,0.04503000000000001,0.044615,0.48819076629310537,0.0,0.4881907662932979,23,23,0.042952,0.087982,baseline_dominates
l2-n32-zipf-w1,smoke_parallel,2,32,zipf,1,accept_id,accept_id,,greedy,11,2,accept_static_degree,ok,-1,-0.003605999999999998,-0.0038669999999999954,1.0409856561569413,1.08667488512832,0.9976112538174332,24,23,0.091588,0.087982,tradeoff_or_tie
l2-n32-zipf-w1,smoke_parallel,2,32,zipf,1,accept_static_degree,accept_static_degree,,greedy,11,2,native,ok,1,0.048636000000000006,0.048482,0.4689697340262916,0.0,0.48935972246223153,23,24,0.042952,0.091588,extra_commits_extra_time
l2-n32-zipf-w1,smoke_parallel,2,32,zipf,1,accept_static_degree,accept_static_degree,,greedy,11,2,accept_id,ok,1,0.003605999999999998,0.0038669999999999954,0.9606280298729092,0.9202384390082918,1.0023944659539736,23,24,0.087982,0.091588,extra_commits_extra_time
l2-n32-zipf-w1,smoke_parallel,2,32,zipf,1,eas_k1_adaptive,eas,1,adaptive,11,2,native,ok,1,0.072097,0.07176,0.3733365783274952,0.0,0.38956860347165945,23,24,0.042952,0.115049,extra_commits_extra_time
l2-n32-zipf-w1,smoke_parallel,2,32,zipf,1,eas_k1_adaptive,eas,1,adaptive,11,2,accept_id,ok,1,0.027066999999999994,0.027145000000000002,0.7647350259454667,0.6217251950947603,0.7979843748982591,23,24,0.087982,0.115049,extra_commits_extra_time
l2-n32-zipf-w1,smoke_parallel,2,32,zipf,1,eas_k1_adaptive,eas,1,adaptive,11,2,accept_static_degree,ok,0,0.023460999999999996,0.023278000000000007,0.7960781927700371,0.675613154960981,0.796078192768973,24,24,0.091588,0.115049,baseline_dominates
l2-n32-zipf-w1,smoke_parallel,2,32,zipf,1,accept_id,accept_id,,greedy,11,3,native,ok,0,0.044282,0.043595,0.486722381278036,0.0,0.4867223812771775,23,23,0.041991,0.086273,baseline_dominates
l2-n32-zipf-w1,smoke_parallel,2,32,zipf,1,accept_id,accept_id,,greedy,11,3,accept_static_degree,ok,-1,-0.019811999999999996,-0.019754,1.2296431096635099,1.453125358412662,1.1784079800931415,24,23,0.106085,0.086273,tradeoff_or_tie
l2-n32-zipf-w1,smoke_parallel,2,32,zipf,1,native,native,,native,11,3,accept_id,ok,0,-0.044282,-0.043595,2.0545593103284037,,2.054559310332028,23,23,0.086273,0.041991,variant_dominates
l2-n32-zipf-w1,smoke_parallel,2,32,zipf,1,native,native,,native,11,3,accept_static_degree,ok,-1,-0.064094,-0.063349,2.5263746993403347,,2.4211090868699223,24,23,0.106085,0.041991,tradeoff_or_tie
l2-n32-zipf-w1,smoke_parallel,2,32,zipf,1,eas_k1_adaptive,eas,1,adaptive,11,3,native,ok,1,0.07192899999999999,0.071589,0.36860077247191014,0.0,0.3846268930134798,23,24,0.041991,0.11392,extra_commits_extra_time
l2-n32-zipf-w1,smoke_parallel,2,32,zipf,1,eas_k1_adaptive,eas,1,adaptive,11,3,accept_id,ok,1,0.02764699999999999,0.027993999999999998,0.7573121488764045,0.6089622707399182,0.7902387640449257,23,24,0.086273,0.11392,extra_commits_extra_time
l2-n32-zipf-w1,smoke_parallel,2,32,zipf,1,eas_k1_adaptive,eas,1,adaptive,11,3,accept_static_degree,ok,0,0.007834999999999995,0.008239999999999997,0.9312236657303371,0.8848985179287321,0.9312236657294815,24,24,0.106085,0.11392,baseline_dominates
l2-n32-zipf-w1,smoke_parallel,2,32,zipf,1,eas_k2_adaptive,eas,2,adaptive,11,3,native,ok,-1,0.070647,0.070548,0.37279603686144996,0.0,0.3565875135193073,23,22,0.041991,0.112638,baseline_dominates
l2-n32-zipf-w1,smoke_parallel,2,32,zipf,1,eas_k2_adaptive,eas,2,adaptive,11,3,accept_id,ok,-1,0.026365,0.026952999999999998,0.7659315683872228,0.6179480637296593,0.7326301958492405,23,22,0.086273,0.112638,baseline_dominates
l2-n32-zipf-w1,smoke_parallel,2,32,zipf,1,eas_k2_adaptive,eas,2,adaptive,11,3,accept_static_degree,ok,-2,0.006553000000000003,0.007198999999999997,0.941822475541114,0.8979560015875716,0.8633372692459462,24,22,0.106085,0.112638,baseline_dominates
l2-n32-zipf-w1,smoke_parallel,2,32,zipf,1,accept_static_degree,accept_static_degree,,greedy,11,3,native,ok,1,0.064094,0.063349,0.3958241033133808,0.0,0.4130338469353432,23,24,0.041991,0.106085,extra_commits_extra_time
l2-n32-zipf-w1,smoke_parallel,2,32,zipf,1,accept_static_degree,accept_static_degree,,greedy,11,3,accept_id,ok,1,0.019811999999999996,0.019754,0.8132440967148985,0.6881718732734534,0.8486025357032629,23,24,0.086273,0.106085,extra_commits_extra_time
l2-n32-zipf-w1,smoke_parallel,2,32,zipf,1,accept_static_degree,accept_static_degree,,greedy,29,1,native,ok,0,0.050677,0.050441,0.4550215616900924,0.0,0.4550215616907616,24,24,0.042312,0.092989,baseline_dominates
l2-n32-zipf-w1,smoke_parallel,2,32,zipf,1,accept_static_degree,accept_static_degree,,greedy,29,1,accept_id,ok,0,0.007746000000000003,0.008901,0.9166998247104496,0.8235364088737337,0.9166998247104977,24,24,0.085243,0.092989,baseline_dominates
l2-n32-zipf-w1,smoke_parallel,2,32,zipf,1,eas_k2_adaptive,eas,2,adaptive,29,1,native,ok,0,0.07434199999999999,0.072151,0.36271366605517175,0.0,0.36271366605478755,24,24,0.042312,0.116654,baseline_dominates
l2-n32-zipf-w1,smoke_parallel,2,32,zipf,1,eas_k2_adaptive,eas,2,adaptive,29,1,accept_id,ok,0,0.031410999999999994,0.030611000000000006,0.7307336225075866,0.5757369960222312,0.7307336225057761,24,24,0.085243,0.116654,baseline_dominates
l2-n32-zipf-w1,smoke_parallel,2,32,zipf,1,eas_k2_adaptive,eas,2,adaptive,29,1,accept_static_degree,ok,0,0.02366499999999999,0.021710000000000007,0.7971351175270458,0.6991032695319538,0.7971351175250291,24,24,0.092989,0.116654,baseline_dominates
l2-n32-zipf-w1,smoke_parallel,2,32,zipf,1,accept_id,accept_id,,greedy,29,1,native,ok,0,0.042931,0.04154,0.4963692033363444,0.0,0.49636920333704837,24,24,0.042312,0.085243,baseline_dominates
l2-n32-zipf-w1,smoke_parallel,2,32,zipf,1,accept_id,accept_id,,greedy,29,1,accept_static_degree,ok,0,-0.007746000000000003,-0.008901,1.090869631523996,1.2142753972075109,1.090869631523939,24,24,0.092989,0.085243,variant_dominates
l2-n32-zipf-w1,smoke_parallel,2,32,zipf,1,eas_k1_adaptive,eas,1,adaptive,29,1,native,ok,0,0.07981099999999999,0.079094,0.3464703618483005,0.0,0.34647036184807517,24,24,0.042312,0.122123,baseline_dominates
l2-n32-zipf-w1,smoke_parallel,2,32,zipf,1,eas_k1_adaptive,eas,1,adaptive,29,1,accept_id,ok,0,0.036879999999999996,0.037554,0.6980093839817234,0.5251978658305307,0.6980093839802795,24,24,0.085243,0.122123,baseline_dominates
l2-n32-zipf-w1,smoke_parallel,2,32,zipf,1,eas_k1_adaptive,eas,1,adaptive,29,1,accept_static_degree,ok,0,0.029133999999999993,0.028652999999999998,0.7614372395044341,0.6377348471439047,0.761437239502819,24,24,0.092989,0.122123,baseline_dominates
l2-n32-zipf-w1,smoke_parallel,2,32,zipf,1,native,native,,native,29,1,accept_id,ok,0,-0.042931,-0.04154,2.014629419550009,,2.014629419547152,24,24,0.085243,0.042312,variant_dominates
l2-n32-zipf-w1,smoke_parallel,2,32,zipf,1,native,native,,native,29,1,accept_static_degree,ok,0,-0.050677,-0.050441,2.197698052561921,,2.197698052558689,24,24,0.092989,0.042312,variant_dominates
l2-n32-zipf-w1,smoke_parallel,2,32,zipf,1,native,native,,native,29,2,accept_id,ok,0,-0.045278,-0.043636,2.079049593670313,,2.0790495936696454,24,24,0.087239,0.041961,variant_dominates
l2-n32-zipf-w1,smoke_parallel,2,32,zipf,1,native,native,,native,29,2,accept_static_degree,ok,0,-0.048179,-0.048515,2.1481852196086844,,2.14818521961072,24,24,0.09014,0.041961,variant_dominates
l2-n32-zipf-w1,smoke_parallel,2,32,zipf,1,eas_k1_adaptive,eas,1,adaptive,29,2,native,ok,0,0.075252,0.073076,0.3579893015279875,0.0,0.3579893015276396,24,24,0.041961,0.117213,baseline_dominates
l2-n32-zipf-w1,smoke_parallel,2,32,zipf,1,eas_k1_adaptive,eas,1,adaptive,29,2,accept_id,ok,0,0.029974,0.02944,0.7442775118800815,0.5971317532431989,0.7442775118791192,24,24,0.087239,0.117213,baseline_dominates
l2-n32-zipf-w1,smoke_parallel,2,32,zipf,1,eas_k1_adaptive,eas,1,adaptive,29,2,accept_static_degree,ok,0,0.027073,0.024561,0.7690273263204593,0.6638978597624391,0.7690273263204407,24,24,0.09014,0.117213,baseline_dominates
l2-n32-zipf-w1,smoke_parallel,2,32,zipf,1,accept_id,accept_id,,greedy,29,2,native,ok,0,0.045278,0.043636,0.48098900721007803,0.0,0.4809890072102325,24,24,0.041961,0.087239,baseline_dominates
l2-n32-zipf-w1,smoke_parallel,2,32,zipf,1,accept_id,accept_id,,greedy,29,2,accept_static_degree,ok,0,-0.002901000000000001,-0.004879000000000001,1.0332534760829446,1.1118113484279035,1.0332534760842553,24,24,0.09014,0.087239,variant_dominates
l2-n32-zipf-w1,smoke_parallel,2,32,zipf,1,accept_static_degree,accept_static_degree,,greedy,29,2,native,ok,0,0.048179,0.048515,0.46550920789882405,0.0,0.46550920789838296,24,24,0.041961,0.09014,baseline_dominates
l2-n32-zipf-w1,smoke_parallel,2,32,zipf,1,accept_static_degree,accept_static_degree,,greedy,29,2,accept_id,ok,0,0.002901000000000001,0.004879000000000001,0.9678167295318394,0.8994331650005153,0.9678167295306115,24,24,0.087239,0.09014,baseline_dominates
l2-n32-zipf-w1,smoke_parallel,2,32,zipf,1,eas_k2_adaptive,eas,2,adaptive,29,2,native,ok,0,0.072533,0.070532,0.3664908204796758,0.0,0.36649082047883436,24,24,0.041961,0.114494,baseline_dominates
l2-n32-zipf-w1,smoke_parallel,2,32,zipf,1,eas_k2_adaptive,eas,2,adaptive,29,2,accept_id,ok,0,0.027255,0.026895999999999996,0.7619525914021695,0.61866954006692,0.7619525914001755,24,24,0.087239,0.114494,baseline_dominates
l2-n32-zipf-w1,smoke_parallel,2,32,zipf,1,eas_k2_adaptive,eas,2,adaptive,29,2,accept_static_degree,ok,0,0.024354,0.022016999999999995,0.7872901636766992,0.6878438155730733,0.7872901636756376,24,24,0.09014,0.114494,baseline_dominates
l2-n32-zipf-w1,smoke_parallel,2,32,zipf,1,eas_k2_adaptive,eas,2,adaptive,29,3,native,ok,0,0.067065,0.069145,0.40097002393797565,0.0,0.4009700239376077,24,24,0.044891,0.111956,baseline_dominates
l2-n32-zipf-w1,smoke_parallel,2,32,zipf,1,eas_k2_adaptive,eas,2,adaptive,29,3,accept_id,ok,0,0.024381,0.026698,0.7822269463003323,0.6138838672355196,0.7822269463001029,24,24,0.087575,0.111956,baseline_dominates
l2-n32-zipf-w1,smoke_parallel,2,32,zipf,1,eas_k2_adaptive,eas,2,adaptive,29,3,accept_static_degree,ok,0,0.017919000000000004,0.018189999999999998,0.8399460502340205,0.7369296406103117,0.8399460502341258,24,24,0.094037,0.111956,baseline_dominates
l2-n32-zipf-w1,smoke_parallel,2,32,zipf,1,native,native,,native,29,3,accept_id,ok,0,-0.042684,-0.042447,1.950836470562028,,1.950836470563246,24,24,0.087575,0.044891,variant_dominates
l2-n32-zipf-w1,smoke_parallel,2,32,zipf,1,native,native,,native,29,3,accept_static_degree,ok,0,-0.049145999999999995,-0.050955,2.094785146243122,,2.094785146245307,24,24,0.094037,0.044891,variant_dominates
l2-n32-zipf-w1,smoke_parallel,2,32,zipf,1,eas_k1_adaptive,eas,1,adaptive,29,3,native,ok,0,0.071877,0.072532,0.38444608111811457,0.0,0.3844460811187421,24,24,0.044891,0.116768,baseline_dominates
l2-n32-zipf-w1,smoke_parallel,2,32,zipf,1,eas_k1_adaptive,eas,1,adaptive,29,3,accept_id,ok,0,0.029192999999999997,0.030085,0.7499914360098657,0.5852175591463078,0.7499914360115583,24,24,0.087575,0.116768,baseline_dominates
l2-n32-zipf-w1,smoke_parallel,2,32,zipf,1,eas_k1_adaptive,eas,1,adaptive,29,3,accept_static_degree,ok,0,0.022731,0.021577,0.8053319402576048,0.7025175095130425,0.8053319402597594,24,24,0.094037,0.116768,baseline_dominates
l2-n32-zipf-w1,smoke_parallel,2,32,zipf,1,accept_static_degree,accept_static_degree,,greedy,29,3,native,ok,0,0.049145999999999995,0.050955,0.47737592649701716,0.0,0.4773759264965192,24,24,0.044891,0.094037,baseline_dominates
l2-n32-zipf-w1,smoke_parallel,2,32,zipf,1,accept_static_degree,accept_static_degree,,greedy,29,3,accept_id,ok,0,0.0064619999999999955,0.008508000000000002,0.9312823675787191,0.8330291433617898,0.9312823675783292,24,24,0.087575,0.094037,baseline_dominates
l2-n32-zipf-w1,smoke_parallel,2,32,zipf,1,accept_id,accept_id,,greedy,29,3,native,ok,0,0.042684,0.042447,0.5126006280331145,0.0,0.5126006280327945,24,24,0.044891,0.087575,baseline_dominates
l2-n32-zipf-w1,smoke_parallel,2,32,zipf,1,accept_id,accept_id,,greedy,29,3,accept_static_degree,ok,0,-0.0064619999999999955,-0.008508000000000002,1.0737881815586638,1.200438193511909,1.0737881815591135,24,24,0.094037,0.087575,variant_dominates
l2-n32-zipf-w1,smoke_parallel,2,32,zipf,1,eas_k2_adaptive,eas,2,adaptive,47,1,native,ok,-1,0.07722199999999999,0.077416,0.351151965315005,0.0,0.3326702829306908,19,18,0.041792,0.119014,baseline_dominates
l2-n32-zipf-w1,smoke_parallel,2,32,zipf,1,eas_k2_adaptive,eas,2,adaptive,47,1,accept_id,ok,-1,0.032758999999999996,0.034088,0.7247466684591729,0.5596775860287279,0.686602106964379,19,18,0.086255,0.119014,baseline_dominates
l2-n32-zipf-w1,smoke_parallel,2,32,zipf,1,eas_k2_adaptive,eas,2,adaptive,47,1,accept_static_degree,ok,-1,0.01793399999999999,0.02409,0.8493118456652159,0.6888240157073473,0.8046112222115687,19,18,0.10108,0.119014,baseline_dominates
l2-n32-zipf-w1,smoke_parallel,2,32,zipf,1,accept_id,accept_id,,greedy,47,1,native,ok,0,0.044462999999999996,0.043328,0.4845168396035013,0.0,0.48451683960234304,19,19,0.041792,0.086255,baseline_dominates
l2-n32-zipf-w1,smoke_parallel,2,32,zipf,1,accept_id,accept_id,,greedy,47,1,accept_static_degree,ok,0,-0.014825000000000005,-0.009998,1.1718740942554056,1.2307514771048744,1.1718740942537074,19,19,0.10108,0.086255,variant_dominates
l2-n32-zipf-w1,smoke_parallel,2,32,zipf,1,eas_k1_adaptive,eas,1,adaptive,47,1,native,ok,0,0.079153,0.07773,0.34554549588656003,0.0,0.3455454958853923,19,19,0.041792,0.120945,baseline_dominates
l2-n32-zipf-w1,smoke_parallel,2,32,zipf,1,eas_k1_adaptive,eas,1,adaptive,47,1,accept_id,ok,0,0.03469,0.034401999999999995,0.7131754103104717,0.5574166988292809,0.7131754103097665,19,19,0.086255,0.120945,baseline_dominates
l2-n32-zipf-w1,smoke_parallel,2,32,zipf,1,eas_k1_adaptive,eas,1,adaptive,47,1,accept_static_degree,ok,0,0.019864999999999994,0.024403999999999995,0.8357517880028112,0.6860414254470604,0.8357517880007737,19,19,0.10108,0.120945,baseline_dominates
l2-n32-zipf-w1,smoke_parallel,2,32,zipf,1,native,native,,native,47,1,accept_id,ok,0,-0.044462999999999996,-0.043328,2.0639117534456353,,2.063911753450569,19,19,0.086255,0.041792,variant_dominates
l2-n32-zipf-w1,smoke_parallel,2,32,zipf,1,native,native,,native,47,1,accept_static_degree,ok,0,-0.059288,-0.053326,2.4186447166921896,,2.418644716694467,19,19,0.10108,0.041792,variant_dominates
l2-n32-zipf-w1,smoke_parallel,2,32,zipf,1,accept_static_degree,accept_static_degree,,greedy,47,1,native,ok,0,0.059288,0.053326,0.4134546893549664,0.0,0.41345468935457713,19,19,0.041792,0.10108,baseline_dominates
l2-n32-zipf-w1,smoke_parallel,2,32,zipf,1,accept_static_degree,accept_static_degree,,greedy,47,1,accept_id,ok,0,0.014825000000000005,0.009998,0.8533339928769291,0.8125117203615497,0.8533339928781657,19,19,0.086255,0.10108,baseline_dominates
l2-n32-zipf-w1,smoke_parallel,2,32,zipf,1,eas_k2_adaptive,eas,2,adaptive,47,2,native,ok,-1,0.011452000000000004,0.078221,0.9053843039731652,0.0,0.857732498500894,19,18,0.109585,0.121037,baseline_dominates
l2-n32-zipf-w1,smoke_parallel,2,32,zipf,1,eas_k2_adaptive,eas,2,adaptive,47,2,accept_id,ok,-1,0.038535,0.038308,0.6816262795674051,0.5102593932575651,0.6457512122210948,19,18,0.082502,0.121037,baseline_dominates
l2-n32-zipf-w1,smoke_parallel,2,32,zipf,1,eas_k2_adaptive,eas,2,adaptive,47,2,accept_static_degree,ok,-1,0.027010000000000006,0.027081,0.776845096953824,0.6537886245381674,0.7359585129045796,19,18,0.094027,0.121037,baseline_dominates
l2-n32-zipf-w1,smoke_parallel,2,32,zipf,1,eas_k1_adaptive,eas,1,adaptive,47,2,native,ok,0,0.009232999999999991,0.076836,0.9222929185813598,0.0,0.9222929185781396,19,19,0.109585,0.118818,baseline_dominates
l2-n32-zipf-w1,smoke_parallel,2,32,zipf,1,eas_k1_adaptive,eas,1,adaptive,47,2,accept_id,ok,0,0.03631599999999999,0.036923000000000004,0.6943560739955227,0.5194570253526992,0.6943560739923909,19,19,0.082502,0.118818,baseline_dominates
l2-n32-zipf-w1,smoke_parallel,2,32,zipf,1,eas_k1_adaptive,eas,1,adaptive,47,2,accept_static_degree,ok,0,0.024790999999999994,0.025696000000000004,0.7913531619788248,0.6655734291217658,0.79135316197709,19,19,0.094027,0.118818,baseline_dominates
l2-n32-zipf-w1,smoke_parallel,2,32,zipf,1,native,native,,native,47,2,accept_id,ok,0,0.027082999999999996,-0.039913,0.7528585116576174,,0.7528585116568505,19,19,0.082502,0.109585,baseline_dominates
l2-n32-zipf-w1,smoke_parallel,2,32,zipf,1,native,native,,native,47,2,accept_static_degree,ok,0,0.015558000000000002,-0.05114,0.8580280147830451,,0.85802801478416,19,19,0.094027,0.109585,baseline_dominates
l2-n32-zipf-w1,smoke_parallel,2,32,zipf,1,accept_static_degree,accept_static_degree,,greedy,47,2,native,ok,0,-0.015558000000000002,0.05114,1.165463111659417,0.0,1.1654631116579026,19,19,0.109585,0.094027,variant_dominates
l2-n32-zipf-w1,smoke_parallel,2,32,zipf,1,accept_static_degree,accept_static_degree,,greedy,47,2,accept_id,ok,0,0.011524999999999994,0.011227000000000001,0.8774288236357642,0.7804653891278842,0.8774288236337303,19,19,0.082502,0.094027,baseline_dominates
l2-n32-zipf-w1,smoke_parallel,2,32,zipf,1,accept_id,accept_id,,greedy,47,2,native,ok,0,-0.027082999999999996,0.039913,1.3282708297980654,0.0,1.3282708297994186,19,19,0.109585,0.082502,variant_dominates
l2-n32-zipf-w1,smoke_parallel,2,32,zipf,1,accept_id,accept_id,,greedy,47,2,accept_static_degree,ok,0,-0.011524999999999994,-0.011227000000000001,1.1396935831858621,1.2812867987873626,1.139693583188504,19,19,0.094027,0.082502,variant_dominates
l2-n32-zipf-w1,smoke_parallel,2,32,zipf,1,eas_k1_adaptive,eas,1,adaptive,47,3,native,ok,0,0.103517,0.104153,0.29275724719369806,0.0,0.29275724719277774,19,19,0.04285,0.146367,baseline_dominates
l2-n32-zipf-w1,smoke_parallel,2,32,zipf,1,eas_k1_adaptive,eas,1,adaptive,47,3,accept_id,ok,0,0.060537999999999995,0.05963399999999999,0.5863958405924833,0.42743847992856665,0.5863958405912996,19,19,0.085829,0.146367,baseline_dominates
l2-n32-zipf-w1,smoke_parallel,2,32,zipf,1,eas_k1_adaptive,eas,1,adaptive,47,3,accept_static_degree,ok,0,0.05438799999999999,0.05418699999999999,0.6284135085094318,0.4797365414342362,0.6284135085075018,19,19,0.091979,0.146367,baseline_dominates
l2-n32-zipf-w1,smoke_parallel,2,32,zipf,1,native,native,,native,47,3,accept_id,ok,0,-0.042979,-0.044519,2.0030105017502917,,2.003010501752545,19,19,0.085829,0.04285,variant_dominates
l2-n32-zipf-w1,smoke_parallel,2,32,zipf,1,native,native,,native,47,3,accept_static_degree,ok,0,-0.049129000000000006,-0.049966,2.146534422403734,,2.1465344224038896,19,19,0.091979,0.04285,variant_dominates
l2-n32-zipf-w1,smoke_parallel,2,32,zipf,1,accept_id,accept_id,,greedy,47,3,native,ok,0,0.042979,0.044519,0.49924850574980484,0.0,0.49924850574924323,19,19,0.04285,0.085829,baseline_dominates
l2-n32-zipf-w1,smoke_parallel,2,32,zipf,1,accept_id,accept_id,,greedy,47,3,accept_static_degree,ok,0,-0.006150000000000003,-0.0054470000000000005,1.0716541029255846,1.1223522540937578,1.0716541029244566,19,19,0.091979,0.085829,variant_dominates
l2-n32-zipf-w1,smoke_parallel,2,32,zipf,1,accept_static_degree,accept_static_degree,,greedy,47,3,native,ok,0,0.049129000000000006,0.049966,0.4658672088194044,0.0,0.4658672088193707,19,19,0.04285,0.091979,baseline_dominates
l2-n32-zipf-w1,smoke_parallel,2,32,zipf,1,accept_static_degree,accept_static_degree,,greedy,47,3,accept_id,ok,0,0.006150000000000003,0.0054470000000000005,0.9331369116863631,0.8909858703918665,0.9331369116873454,19,19,0.085829,0.091979,baseline_dominates
l2-n32-zipf-w1,smoke_parallel,2,32,zipf,1,eas_k2_adaptive,eas,2,adaptive,47,3,native,ok,-1,0.081947,0.081669,0.3433576127631273,0.0,0.3252861594600659,19,18,0.04285,0.124797,baseline_dominates
l2-n32-zipf-w1,smoke_parallel,2,32,zipf,1,eas_k2_adaptive,eas,2,adaptive,47,3,accept_id,ok,-1,0.038968,0.03715,0.687748904220454,0.5451150375295399,0.6515515934732649,19,18,0.085829,0.124797,baseline_dominates
l2-n32-zipf-w1,smoke_parallel,2,32,zipf,1,eas_k2_adaptive,eas,2,adaptive,47,3,accept_static_degree,ok,-1,0.032818,0.031703,0.7370289349904244,0.6118110911116825,0.698237938412592,19,18,0.091979,0.124797,baseline_dominates
l2-n32-zipf-w1,smoke_parallel,2,32,zipf,1,native,native,,native,71,1,accept_id,ok,0,-0.046303,-0.043922,2.0680460406430927,,2.068046040647464,20,20,0.089656,0.043353,variant_dominates
l2-n32-zipf-w1,smoke_parallel,2,32,zipf,1,native,native,,native,71,1,accept_static_degree,ok,0,-0.05118,-0.052056,2.180541139021521,,2.1805411390232,20,20,0.094533,0.043353,variant_dominates
l2-n32-zipf-w1,smoke_parallel,2,32,zipf,1,accept_static_degree,accept_static_degree,,greedy,71,1,native,ok,0,0.05118,0.052056,0.4586017581162134,0.0,0.4586017581158603,20,20,0.043353,0.094533,baseline_dominates
l2-n32-zipf-w1,smoke_parallel,2,32,zipf,1,accept_static_degree,accept_static_degree,,greedy,71,1,accept_id,ok,0,0.004877000000000006,0.008133999999999995,0.9484095501041964,0.8437451974796374,0.9484095501054709,20,20,0.089656,0.094533,baseline_dominates
l2-n32-zipf-w1,smoke_parallel,2,32,zipf,1,accept_id,accept_id,,greedy,71,1,native,ok,0,0.046303,0.043922,0.48354822878558046,0.0,0.48354822878455833,20,20,0.043353,0.089656,baseline_dominates
l2-n32-zipf-w1,smoke_parallel,2,32,zipf,1,accept_id,accept_id,,greedy,71,1,accept_static_degree,ok,0,-0.004877000000000006,-0.008133999999999995,1.0543968055679487,1.185191931150676,1.0543968055665316,20,20,0.094533,0.089656,variant_dominates
l2-n32-zipf-w1,smoke_parallel,2,32,zipf,1,eas_k1_adaptive,eas,1,adaptive,71,1,native,ok,0,0.079669,0.080366,0.3524003836712133,0.0,0.3524003836719812,20,20,0.043353,0.123022,baseline_dominates
l2-n32-zipf-w1,smoke_parallel,2,32,zipf,1,eas_k1_adaptive,eas,1,adaptive,71,1,accept_id,ok,0,0.03336600000000001,0.036444000000000004,0.7287802181723594,0.5465246497274967,0.728780218175488,20,20,0.089656,0.123022,baseline_dominates
l2-n32-zipf-w1,smoke_parallel,2,32,zipf,1,eas_k1_adaptive,eas,1,adaptive,71,1,accept_static_degree,ok,0,0.028489,0.02831000000000001,0.7684235340020484,0.6477366050319786,0.7684235340043145,20,20,0.094533,0.123022,baseline_dominates
l2-n32-zipf-w1,smoke_parallel,2,32,zipf,1,eas_k2_adaptive,eas,2,adaptive,71,1,native,ok,-2,0.077471,0.079348,0.3588111633450308,0.0,0.3229300470098243,20,18,0.043353,0.120824,baseline_dominates
l2-n32-zipf-w1,smoke_parallel,2,32,zipf,1,eas_k2_adaptive,eas,2,adaptive,71,1,accept_id,ok,-2,0.031168,0.035426,0.742038005694233,0.5535363210162827,0.6678342051247665,20,18,0.089656,0.120824,baseline_dominates
l2-n32-zipf-w1,smoke_parallel,2,32,zipf,1,eas_k2_adaptive,eas,2,adaptive,71,1,accept_static_degree,ok,-2,0.026290999999999995,0.027292000000000004,0.7824025028140105,0.6560467812673287,0.7041622525316177,20,18,0.094533,0.120824,baseline_dominates
l2-n32-zipf-w1,smoke_parallel,2,32,zipf,1,eas_k1_adaptive,eas,1,adaptive,71,2,native,ok,0,0.079316,0.078244,0.3432529332372838,0.0,0.34325293323694844,20,20,0.041455,0.120771,baseline_dominates
l2-n32-zipf-w1,smoke_parallel,2,32,zipf,1,eas_k1_adaptive,eas,1,adaptive,71,2,accept_id,ok,0,0.034456,0.035082999999999996,0.7146997209595018,0.551620571545422,0.7146997209587321,20,20,0.086315,0.120771,baseline_dominates
l2-n32-zipf-w1,smoke_parallel,2,32,zipf,1,eas_k1_adaptive,eas,1,adaptive,71,2,accept_static_degree,ok,0,0.030846,0.02872999999999999,0.7445910028069652,0.6328152957415266,0.7445910028071641,20,20,0.089925,0.120771,baseline_dominates
l2-n32-zipf-w1,smoke_parallel,2,32,zipf,1,accept_id,accept_id,,greedy,71,2,native,ok,0,0.044860000000000004,0.043161,0.48027573422927644,0.0,0.48027573422932457,20,20,0.041455,0.086315,baseline_dominates
l2-n32-zipf-w1,smoke_parallel,2,32,zipf,1,accept_id,accept_id,,greedy,71,2,accept_static_degree,ok,0,-0.003610000000000002,-0.0063530000000000045,1.0418235532642066,1.1471930678158524,1.0418235532656068,20,20,0.089925,0.086315,variant_dominates
l2-n32-zipf-w1,smoke_parallel,2,32,zipf,1,accept_static_degree,accept_static_degree,,greedy,71,2,native,ok,0,0.048470000000000006,0.049514,0.4609952738393105,0.0,0.4609952738387371,20,20,0.041455,0.089925,baseline_dominates
l2-n32-zipf-w1,smoke_parallel,2,32,zipf,1,accept_static_degree,accept_static_degree,,greedy,71,2,accept_id,ok,0,0.003610000000000002,0.0063530000000000045,0.9598554350847929,0.8716928545461888,0.9598554350835029,20,20,0.086315,0.089925,baseline_dominates
l2-n32-zipf-w1,smoke_parallel,2,32,zipf,1,eas_k2_adaptive,eas,2,adaptive,71,2,native,ok,-2,0.080046,0.079174,0.3411906074847121,0.0,0.3070715467362885,20,18,0.041455,0.121501,baseline_dominates
l2-n32-zipf-w1,smoke_parallel,2,32,zipf,1,eas_k2_adaptive,eas,2,adaptive,71,2,accept_id,ok,-2,0.035185999999999995,0.036012999999999996,0.7104056756734513,0.5451410816682244,0.6393651081061412,20,18,0.086315,0.121501,baseline_dominates
l2-n32-zipf-w1,smoke_parallel,2,32,zipf,1,eas_k2_adaptive,eas,2,adaptive,71,2,accept_static_degree,ok,-2,0.03157599999999999,0.029659999999999992,0.7401173652891746,0.6253820698714225,0.666105628761189,20,18,0.089925,0.121501,baseline_dominates
l2-n32-zipf-w1,smoke_parallel,2,32,zipf,1,native,native,,native,71,2,accept_id,ok,0,-0.044860000000000004,-0.043161,2.082137257266916,,2.0821372572667074,20,20,0.086315,0.041455,variant_dominates
l2-n32-zipf-w1,smoke_parallel,2,32,zipf,1,native,native,,native,71,2,accept_static_degree,ok,0,-0.048470000000000006,-0.049514,2.169219635749608,,2.1692196357523064,20,20,0.089925,0.041455,variant_dominates
l2-n32-zipf-w1,smoke_parallel,2,32,zipf,1,accept_id,accept_id,,greedy,71,3,native,ok,0,0.04452999999999999,0.043321,0.49099845687832205,0.0,0.4909984568776707,20,20,0.042955,0.087485,baseline_dominates
l2-n32-zipf-w1,smoke_parallel,2,32,zipf,1,accept_id,accept_id,,greedy,71,3,accept_static_degree,ok,0,-0.005442000000000002,-0.007632,1.0622049494199006,1.1761732185314282,1.0622049494166341,20,20,0.092927,0.087485,variant_dominates
l2-n32-zipf-w1,smoke_parallel,2,32,zipf,1,native,native,,native,71,3,accept_id,ok,0,-0.04452999999999999,-0.043321,2.0366662786637177,,2.0366662786664196,20,20,0.087485,0.042955,variant_dominates
l2-n32-zipf-w1,smoke_parallel,2,32,zipf,1,native,native,,native,71,3,accept_static_degree,ok,0,-0.049971999999999996,-0.050953,2.1633570015132113,,2.1633570015094286,20,20,0.092927,0.042955,variant_dominates
l2-n32-zipf-w1,smoke_parallel,2,32,zipf,1,accept_static_degree,accept_static_degree,,greedy,71,3,native,ok,0,0.049971999999999996,0.050953,0.462244557555931,0.0,0.46224455755673927,20,20,0.042955,0.092927,baseline_dominates
l2-n32-zipf-w1,smoke_parallel,2,32,zipf,1,accept_static_degree,accept_static_degree,,greedy,71,3,accept_id,ok,0,0.005442000000000002,0.007632,0.9414379028699947,0.8502149039310737,0.9414379028728898,20,20,0.087485,0.092927,baseline_dominates
l2-n32-zipf-w1,smoke_parallel,2,32,zipf,1,eas_k1_adaptive,eas,1,adaptive,71,3,native,ok,0,0.07936299999999999,0.079272,0.3511748066515149,0.0,0.3511748066524795,20,20,0.042955,0.122318,baseline_dominates
l2-n32-zipf-w1,smoke_parallel,2,32,zipf,1,eas_k1_adaptive,eas,1,adaptive,71,3,accept_id,ok,0,0.034833,0.035951,0.7152258866233915,0.5464855182157634,0.7152258866263048,20,20,0.087485,0.122318,baseline_dominates
l2-n32-zipf-w1,smoke_parallel,2,32,zipf,1,eas_k1_adaptive,eas,1,adaptive,71,3,accept_static_degree,ok,0,0.029391,0.028318999999999997,0.7597164767246031,0.64276163084065,0.7597164767253615,20,20,0.092927,0.122318,baseline_dominates
l2-n32-zipf-w1,smoke_parallel,2,32,zipf,1,eas_k2_adaptive,eas,2,adaptive,71,3,native,ok,-2,0.08235700000000001,0.082354,0.34278441011235955,0.0,0.308505969101779,20,18,0.042955,0.125312,baseline_dominates
l2-n32-zipf-w1,smoke_parallel,2,32,zipf,1,eas_k2_adaptive,eas,2,adaptive,71,3,accept_id,ok,-2,0.03782700000000001,0.039033,0.698137448927477,0.5260339509920586,0.6283237040368976,20,18,0.087485,0.125312,baseline_dominates
l2-n32-zipf-w1,smoke_parallel,2,32,zipf,1,eas_k2_adaptive,eas,2,adaptive,71,3,accept_static_degree,ok,-2,0.03238500000000001,0.031401,0.7415650536261491,0.6187070451951332,0.667408548263785,20,18,0.092927,0.125312,baseline_dominates
l2-n32-zipf-w1,smoke_parallel,2,32,zipf,1,eas_k1_adaptive,eas,1,adaptive,101,1,native,ok,0,0.08491099999999999,0.080448,0.3198522932987296,0.0,0.3198522932985917,19,19,0.039931,0.124842,baseline_dominates
l2-n32-zipf-w1,smoke_parallel,2,32,zipf,1,eas_k1_adaptive,eas,1,adaptive,101,1,accept_id,ok,0,0.04150799999999999,0.039704,0.6675157398952276,0.5064638027048528,0.6675157398934071,19,19,0.083334,0.124842,baseline_dominates
l2-n32-zipf-w1,smoke_parallel,2,32,zipf,1,eas_k1_adaptive,eas,1,adaptive,101,1,accept_static_degree,ok,0,0.03269899999999999,0.030828000000000008,0.7380769292385576,0.6167959427207637,0.7380769292370295,19,19,0.092143,0.124842,baseline_dominates
l2-n32-zipf-w1,smoke_parallel,2,32,zipf,1,accept_id,accept_id,,greedy,101,1,native,ok,0,0.043403000000000004,0.040744,0.47916816665466677,0.0,0.479168166655767,19,19,0.039931,0.083334,baseline_dominates
l2-n32-zipf-w1,smoke_parallel,2,32,zipf,1,accept_id,accept_id,,greedy,101,1,accept_static_degree,ok,0,-0.008808999999999997,-0.008875999999999995,1.1057071543427652,1.217848026703318,1.1057071543434915,19,19,0.092143,0.083334,variant_dominates
l2-n32-zipf-w1,smoke_parallel,2,32,zipf,1,eas_k2_adaptive,eas,2,adaptive,101,1,native,ok,-1,0.08438299999999999,0.083254,0.32121080489727627,0.0,0.3043049730615606,19,18,0.039931,0.124314,baseline_dominates
l2-n32-zipf-w1,smoke_parallel,2,32,zipf,1,eas_k2_adaptive,eas,2,adaptive,101,1,accept_id,ok,-1,0.04097999999999999,0.04250999999999999,0.6703508856605049,0.48939390299565194,0.6350692601000192,19,18,0.083334,0.124314,baseline_dominates
l2-n32-zipf-w1,smoke_parallel,2,32,zipf,1,eas_k2_adaptive,eas,2,adaptive,101,1,accept_static_degree,ok,-1,0.03217099999999999,0.033634,0.7412117701948293,0.5960073990438898,0.702200624396219,19,18,0.092143,0.124314,baseline_dominates
l2-n32-zipf-w1,smoke_parallel,2,32,zipf,1,native,native,,native,101,1,accept_id,ok,0,-0.043403000000000004,-0.040744,2.0869499887305603,,2.086949988725768,19,19,0.083334,0.039931,variant_dominates
l2-n32-zipf-w1,smoke_parallel,2,32,zipf,1,native,native,,native,101,1,accept_static_degree,ok,0,-0.052212,-0.04962,2.307555533294934,,2.307555533291151,19,19,0.092143,0.039931,variant_dominates
l2-n32-zipf-w1,smoke_parallel,2,32,zipf,1,accept_static_degree,accept_static_degree,,greedy,101,1,native,ok,0,0.052212,0.04962,0.43335901804803406,0.0,0.43335901804874444,19,19,0.039931,0.092143,baseline_dominates
l2-n32-zipf-w1,smoke_parallel,2,32,zipf,1,accept_static_degree,accept_static_degree,,greedy,101,1,accept_id,ok,0,0.008808999999999997,0.008875999999999995,0.9043985978316313,0.8211205159209997,0.9043985978310372,19,19,0.083334,0.092143,baseline_dominates
l2-n32-zipf-w1,smoke_parallel,2,32,zipf,1,eas_k2_adaptive,eas,2,adaptive,101,2,native,ok,-1,0.07719000000000001,0.076617,0.3509572938475897,0.0,0.33248585732907293,19,18,0.041739,0.118929,baseline_dominates
l2-n32-zipf-w1,smoke_parallel,2,32,zipf,1,eas_k2_adaptive,eas,2,adaptive,101,2,accept_id,ok,-1,0.035469,0.03572600000000001,0.7017632368892365,0.5337066186355508,0.6648283296835479,19,18,0.08346,0.118929,baseline_dominates
l2-n32-zipf-w1,smoke_parallel,2,32,zipf,1,eas_k2_adaptive,eas,2,adaptive,101,2,accept_static_degree,ok,-1,0.027919000000000013,0.026571000000000004,0.7652464916042344,0.6531970711460903,0.7249703604682968,19,18,0.09101,0.118929,baseline_dominates
l2-n32-zipf-w1,smoke_parallel,2,32,zipf,1,accept_static_degree,accept_static_degree,,greedy,101,2,native,ok,0,0.049270999999999995,0.050046,0.45861993187561806,0.0,0.4586199318745979,19,19,0.041739,0.09101,baseline_dominates
l2-n32-zipf-w1,smoke_parallel,2,32,zipf,1,accept_static_degree,accept_static_degree,,greedy,101,2,accept_id,ok,0,0.007549999999999987,0.009155000000000003,0.917042083287551,0.8170682971666067,0.9170420832847567,19,19,0.08346,0.09101,baseline_dominates
l2-n32-zipf-w1,smoke_parallel,2,32,zipf,1,native,native,,native,101,2,accept_id,ok,0,-0.04172100000000001,-0.040891,1.9995687486523397,,1.9995687486506952,19,19,0.08346,0.041739,variant_dominates
l2-n32-zipf-w1,smoke_parallel,2,32,zipf,1,native,native,,native,101,2,accept_static_degree,ok,0,-0.049270999999999995,-0.050046,2.1804547305877,,2.18045473059255,19,19,0.09101,0.041739,variant_dominates
l2-n32-zipf-w1,smoke_parallel,2,32,zipf,1,accept_id,accept_id,,greedy,101,2,native,ok,0,0.04172100000000001,0.040891,0.5001078360891444,0.0,0.5001078360895558,19,19,0.041739,0.08346,baseline_dominates
l2-n32-zipf-w1,smoke_parallel,2,32,zipf,1,accept_id,accept_id,,greedy,101,2,accept_static_degree,ok,0,-0.007549999999999987,-0.009155000000000003,1.0904624970045529,1.2238878970922697,1.0904624970078756,19,19,0.09101,0.08346,variant_dominates
l2-n32-zipf-w1,smoke_parallel,2,32,zipf,1,eas_k1_adaptive,eas,1,adaptive,101,2,native,ok,0,0.083974,0.082244,0.33201816836763104,0.0,0.3320181683675393,19,19,0.041739,0.125713,baseline_dominates
l2-n32-zipf-w1,smoke_parallel,2,32,zipf,1,eas_k1_adaptive,eas,1,adaptive,101,2,accept_id,ok,0,0.042252999999999985,0.041353,0.6638931534527058,0.4971912844705997,0.6638931534519763,19,19,0.08346,0.125713,baseline_dominates
l2-n32-zipf-w1,smoke_parallel,2,32,zipf,1,eas_k1_adaptive,eas,1,adaptive,101,2,accept_static_degree,ok,0,0.034703,0.032198,0.7239505858582644,0.6085063956033268,0.7239505858596749,19,19,0.09101,0.125713,baseline_dominates
l2-n32-zipf-w1,smoke_parallel,2,32,zipf,1,native,native,,native,101,3,accept_id,ok,0,-0.04407,-0.043589,2.015905947441217,,2.0159059474397596,19,19,0.08745,0.04338,variant_dominates
l2-n32-zipf-w1,smoke_parallel,2,32,zipf,1,native,native,,native,101,3,accept_static_degree,ok,0,-0.045946,-0.049186,2.059151682803135,,2.0591516827992167,19,19,0.089326,0.04338,variant_dominates
l2-n32-zipf-w1,smoke_parallel,2,32,zipf,1,accept_static_degree,accept_static_degree,,greedy,101,3,native,ok,0,0.045946,0.049186,0.4856368806394555,0.0,0.48563688064037963,19,19,0.04338,0.089326,baseline_dominates
l2-n32-zipf-w1,smoke_parallel,2,32,zipf,1,accept_static_degree,accept_static_degree,,greedy,101,3,accept_id,ok,0,0.0018760000000000027,0.005596999999999998,0.9789982759778788,0.8862074574065791,0.9789982759790339,19,19,0.08745,0.089326,baseline_dominates
l2-n32-zipf-w1,smoke_parallel,2,32,zipf,1,accept_id,accept_id,,greedy,101,3,native,ok,0,0.04407,0.043589,0.4960548885077187,0.0,0.4960548885080774,19,19,0.04338,0.08745,baseline_dominates
l2-n32-zipf-w1,smoke_parallel,2,32,zipf,1,accept_id,accept_id,,greedy,101,3,accept_static_degree,ok,0,-0.0018760000000000027,-0.005596999999999998,1.0214522584333905,1.1284039551262932,1.0214522584321852,19,19,0.089326,0.08745,variant_dominates
l2-n32-zipf-w1,smoke_parallel,2,32,zipf,1,eas_k1_adaptive,eas,1,adaptive,101,3,native,ok,0,0.080141,0.080553,0.3511953433019487,0.0,0.351195343302112,19,19,0.04338,0.123521,baseline_dominates
l2-n32-zipf-w1,smoke_parallel,2,32,zipf,1,eas_k1_adaptive,eas,1,adaptive,101,3,accept_id,ok,0,0.036071000000000006,0.036964,0.7079767812760583,0.541121994214989,0.7079767812758757,19,19,0.08745,0.123521,baseline_dominates
l2-n32-zipf-w1,smoke_parallel,2,32,zipf,1,eas_k1_adaptive,eas,1,adaptive,101,3,accept_static_degree,ok,0,0.034195,0.031367,0.7231644821528322,0.6106041984780207,0.7231644821517925,19,19,0.089326,0.123521,baseline_dominates
l2-n32-zipf-w1,smoke_parallel,2,32,zipf,1,eas_k2_adaptive,eas,2,adaptive,101,3,native,ok,-1,0.07972599999999999,0.079102,0.35237925040209256,0.0,0.3338329740642712,19,18,0.04338,0.123106,baseline_dominates
l2-n32-zipf-w1,smoke_parallel,2,32,zipf,1,eas_k2_adaptive,eas,2,adaptive,101,3,accept_id,ok,-1,0.03565599999999999,0.035513,0.7103634266404563,0.5510480139566636,0.6729758778676672,19,18,0.08745,0.123106,baseline_dominates
l2-n32-zipf-w1,smoke_parallel,2,32,zipf,1,eas_k2_adaptive,eas,2,adaptive,101,3,accept_static_degree,ok,-1,0.03377999999999999,0.029916000000000005,0.7256023264503761,0.621804758413188,0.6874127303183112,19,18,0.089326,0.123106,baseline_dominates
l2-n32-zipf-w2,smoke_parallel,2,32,zipf,2,accept_static_degree,accept_static_degree,,greedy,11,1,native,ok,1,0.050520999999999996,0.048325,0.41799435516387307,0.0,0.43616802277936634,23,24,0.036284,0.086805,extra_commits_extra_time
l2-n32-zipf-w2,smoke_parallel,2,32,zipf,2,accept_static_degree,accept_static_degree,,greedy,11,1,accept_id,ok,1,0.012766999999999987,0.009457,0.8529232187085999,0.8043041903776513,0.8900068369118611,23,24,0.074038,0.086805,extra_commits_extra_time
l2-n32-zipf-w2,smoke_parallel,2,32,zipf,2,native,native,,native,11,1,accept_id,ok,0,-0.03775400000000001,-0.038868,2.040513725057877,,2.0405137250560594,23,23,0.074038,0.036284,variant_dominates
l2-n32-zipf-w2,smoke_parallel,2,32,zipf,2,native,native,,native,11,1,accept_static_degree,ok,-1,-0.050520999999999996,-0.048325,2.3923768052033956,,2.2926944383216408,24,23,0.086805,0.036284,tradeoff_or_tie
l2-n32-zipf-w2,smoke_parallel,2,32,zipf,2,eas_k1_adaptive,eas,1,adaptive,11,1,native,ok,1,0.074298,0.065847,0.32811850029842105,0.0,0.3423845220511073,23,24,0.036284,0.110582,extra_commits_extra_time
l2-n32-zipf-w2,smoke_parallel,2,32,zipf,2,eas_k1_adaptive,eas,1,adaptive,11,1,accept_id,ok,1,0.03654399999999999,0.026979000000000003,0.6695303033043353,0.5902774613877625,0.6986403164920435,23,24,0.074038,0.110582,extra_commits_extra_time
l2-n32-zipf-w2,smoke_parallel,2,32,zipf,2,eas_k1_adaptive,eas,1,adaptive,11,1,accept_static_degree,ok,0,0.023777000000000006,0.017522000000000003,0.784983089472066,0.7338982793445411,0.7849830894739869,24,24,0.086805,0.110582,baseline_dominates
l2-n32-zipf-w2,smoke_parallel,2,32,zipf,2,accept_id,accept_id,,greedy,11,1,native,ok,0,0.03775400000000001,0.038868,0.4900726653880439,0.0,0.49007266538848043,23,23,0.036284,0.074038,baseline_dominates
l2-n32-zipf-w2,smoke_parallel,2,32,zipf,2,accept_id,accept_id,,greedy,11,1,accept_static_degree,ok,-1,-0.012766999999999987,-0.009457,1.172438477538561,1.2433106926005968,1.1235868743096316,24,23,0.086805,0.074038,tradeoff_or_tie
l2-n32-zipf-w2,smoke_parallel,2,32,zipf,2,eas_k2_adaptive,eas,2,adaptive,11,1,native,ok,-1,0.073397,0.067259,0.3308139057813112,0.0,0.31643069248662675,23,22,0.036284,0.109681,baseline_dominates
l2-n32-zipf-w2,smoke_parallel,2,32,zipf,2,eas_k2_adaptive,eas,2,adaptive,11,1,accept_id,ok,-1,0.035642999999999994,0.028391,0.6750303151867689,0.5778854874440595,0.6456811710479552,23,22,0.074038,0.109681,baseline_dominates
l2-n32-zipf-w2,smoke_parallel,2,32,zipf,2,eas_k2_adaptive,eas,2,adaptive,11,1,accept_static_degree,ok,-2,0.022876000000000007,0.018934,0.7914315150299505,0.7184912056379072,0.7254788887783545,24,22,0.086805,0.109681,baseline_dominates
l2-n32-zipf-w2,smoke_parallel,2,32,zipf,2,accept_id,accept_id,,greedy,11,2,native,ok,0,0.041757,0.039159,0.4887920375108652,0.0,0.4887920375113877,23,23,0.039926,0.081683,baseline_dominates
l2-n32-zipf-w2,smoke_parallel,2,32,zipf,2,accept_id,accept_id,,greedy,11,2,accept_static_degree,ok,-1,-0.008429999999999993,-0.008993000000000001,1.1032038490261131,1.2296534640823311,1.0572370219858274,24,23,0.090113,0.081683,tradeoff_or_tie
l2-n32-zipf-w2,smoke_parallel,2,32,zipf,2,native,native,,native,11,2,accept_id,ok,0,-0.041757,-0.039159,2.0458598407053046,,2.0458598407031174,23,23,0.081683,0.039926,variant_dominates
l2-n32-zipf-w2,smoke_parallel,2,32,zipf,2,native,native,,native,11,2,accept_static_degree,ok,-1,-0.050186999999999996,-0.048152,2.2570004508340427,,2.1629587653853632,24,23,0.090113,0.039926,tradeoff_or_tie
l2-n32-zipf-w2,smoke_parallel,2,32,zipf,2,accept_static_degree,accept_static_degree,,greedy,11,2,native,ok,1,0.050186999999999996,0.048152,0.4430659283344246,0.0,0.4623296643483793,23,24,0.039926,0.090113,extra_commits_extra_time
l2-n32-zipf-w2,smoke_parallel,2,32,zipf,2,accept_static_degree,accept_static_degree,,greedy,11,2,accept_id,ok,1,0.008429999999999993,0.008993000000000001,0.9064507895642139,0.8132372487124107,0.9458616934561012,23,24,0.081683,0.090113,extra_commits_extra_time
l2-n32-zipf-w2,smoke_parallel,2,32,zipf,2,eas_k2_adaptive,eas,2,adaptive,11,2,native,ok,-1,0.06676499999999999,0.066085,0.37422088086155353,0.0,0.3579504077809882,23,22,0.039926,0.106691,baseline_dominates
l2-n32-zipf-w2,smoke_parallel,2,32,zipf,2,eas_k2_adaptive,eas,2,adaptive,11,2,accept_id,ok,-1,0.02500799999999999,0.026926000000000005,0.7656034717080167,0.592555042747976,0.7323163642424285,23,22,0.081683,0.106691,baseline_dominates
l2-n32-zipf-w2,smoke_parallel,2,32,zipf,2,eas_k2_adaptive,eas,2,adaptive,11,2,accept_static_degree,ok,-2,0.016577999999999996,0.017933000000000004,0.8446166968160389,0.7286373609745025,0.7742319720831536,24,22,0.090113,0.106691,baseline_dominates
l2-n32-zipf-w2,smoke_parallel,2,32,zipf,2,eas_k1_adaptive,eas,1,adaptive,11,2,native,ok,1,0.07220499999999999,0.067044,0.3560656731858273,0.0,0.37154678941162883,23,24,0.039926,0.112131,extra_commits_extra_time
l2-n32-zipf-w2,smoke_parallel,2,32,zipf,2,eas_k1_adaptive,eas,1,adaptive,11,2,accept_id,ok,1,0.03044799999999999,0.027885000000000007,0.7284604614245839,0.5840791122248076,0.7601326553994298,23,24,0.081683,0.112131,extra_commits_extra_time
l2-n32-zipf-w2,smoke_parallel,2,32,zipf,2,eas_k1_adaptive,eas,1,adaptive,11,2,accept_static_degree,ok,0,0.022017999999999996,0.018892000000000006,0.8036403849069392,0.7182149036453671,0.8036403849086723,24,24,0.090113,0.112131,baseline_dominates
l2-n32-zipf-w2,smoke_parallel,2,32,zipf,2,accept_static_degree,accept_static_degree,,greedy,11,3,native,ok,1,0.046096,0.045853,0.4942120104897023,0.0,0.5156994892073136,23,24,0.045041,0.091137,extra_commits_extra_time
l2-n32-zipf-w2,smoke_parallel,2,32,zipf,2,accept_static_degree,accept_static_degree,,greedy,11,3,accept_id,ok,1,0.012859999999999996,0.007723000000000001,0.8588937533603257,0.8315704534054478,0.8962369600289778,23,24,0.078277,0.091137,extra_commits_extra_time
l2-n32-zipf-w2,smoke_parallel,2,32,zipf,2,eas_k2_adaptive,eas,2,adaptive,11,3,native,ok,-1,0.061225,0.067264,0.42385146707319366,0.0,0.40542314241714095,23,22,0.045041,0.106266,baseline_dominates
l2-n32-zipf-w2,smoke_parallel,2,32,zipf,2,eas_k2_adaptive,eas,2,adaptive,11,3,accept_id,ok,-1,0.027989,0.029134000000000007,0.7366137805130522,0.5668708372978115,0.7045870944023046,23,22,0.078277,0.106266,baseline_dominates
l2-n32-zipf-w2,smoke_parallel,2,32,zipf,2,eas_k2_adaptive,eas,2,adaptive,11,3,accept_static_degree,ok,-2,0.015129000000000004,0.021411000000000006,0.8576308508836316,0.681687083729781,0.7861616133076272,24,22,0.091137,0.106266,baseline_dominates
l2-n32-zipf-w2,smoke_parallel,2,32,zipf,2,native,native,,native,11,3,accept_id,ok,0,-0.033236,-0.03813,1.7379054639106593,,1.7379054639099834,23,23,0.078277,0.045041,variant_dominates
l2-n32-zipf-w2,smoke_parallel,2,32,zipf,2,native,native,,native,11,3,accept_static_degree,ok,-1,-0.046096,-0.045853,2.023423103394685,,1.9391138074173957,24,23,0.091137,0.045041,tradeoff_or_tie
l2-n32-zipf-w2,smoke_parallel,2,32,zipf,2,eas_k1_adaptive,eas,1,adaptive,11,3,native,ok,1,0.064268,0.06924,0.4120520725649306,0.0,0.4299673800679192,23,24,0.045041,0.109309,extra_commits_extra_time
l2-n32-zipf-w2,smoke_parallel,2,32,zipf,2,eas_k1_adaptive,eas,1,adaptive,11,3,accept_id,ok,1,0.031032000000000004,0.03111,0.7161075483263043,0.5506932409012132,0.7472426591230973,23,24,0.078277,0.109309,extra_commits_extra_time
l2-n32-zipf-w2,smoke_parallel,2,32,zipf,2,eas_k1_adaptive,eas,1,adaptive,11,3,accept_static_degree,ok,0,0.018172000000000008,0.023386999999999998,0.8337556834295438,0.6622328134026574,0.8337556834287853,24,24,0.091137,0.109309,baseline_dominates
l2-n32-zipf-w2,smoke_parallel,2,32,zipf,2,accept_id,accept_id,,greedy,11,3,native,ok,0,0.033236,0.03813,0.5754052914649258,0.0,0.5754052914651496,23,23,0.045041,0.078277,baseline_dominates
l2-n32-zipf-w2,smoke_parallel,2,32,zipf,2,accept_id,accept_id,,greedy,11,3,accept_static_degree,ok,-1,-0.012859999999999996,-0.007723000000000001,1.1642883605656833,1.2025439286650932,1.1157763455411025,24,23,0.091137,0.078277,tradeoff_or_tie
l2-n32-zipf-w2,smoke_parallel,2,32,zipf,2,eas_k1_adaptive,eas,1,adaptive,29,1,native,ok,0,0.066966,0.068732,0.3820899653979239,0.0,0.38208996539722195,24,24,0.041409,0.108375,baseline_dominates
l2-n32-zipf-w2,smoke_parallel,2,32,zipf,2,eas_k1_adaptive,eas,1,adaptive,29,1,accept_id,ok,0,0.023096000000000005,0.030213000000000004,0.7868881199538639,0.5604230925915148,0.7868881199526534,24,24,0.085279,0.108375,baseline_dominates
l2-n32-zipf-w2,smoke_parallel,2,32,zipf,2,eas_k1_adaptive,eas,1,adaptive,29,1,accept_static_degree,ok,0,0.025010000000000004,0.023334,0.7692272202998847,0.660507478321597,0.7692272203001558,24,24,0.083365,0.108375,baseline_dominates
l2-n32-zipf-w2,smoke_parallel,2,32,zipf,2,native,native,,native,29,1,accept_id,ok,0,-0.04386999999999999,-0.038519,2.0594315245478034,,2.059431524548419,24,24,0.085279,0.041409,variant_dominates
l2-n32-zipf-w2,smoke_parallel,2,32,zipf,2,native,native,,native,29,1,accept_static_degree,ok,0,-0.04195599999999999,-0.045398,2.0132096887150133,,2.0132096887194217,24,24,0.083365,0.041409,variant_dominates
l2-n32-zipf-w2,smoke_parallel,2,32,zipf,2,accept_static_degree,accept_static_degree,,greedy,29,1,native,ok,0,0.04195599999999999,0.045398,0.4967192466862593,0.0,0.49671924668517164,24,24,0.041409,0.083365,baseline_dominates
l2-n32-zipf-w2,smoke_parallel,2,32,zipf,2,accept_static_degree,accept_static_degree,,greedy,29,1,accept_id,ok,0,-0.001913999999999999,0.006879000000000003,1.0229592754753194,0.8484735010352878,1.0229592754733852,24,24,0.085279,0.083365,variant_dominates
l2-n32-zipf-w2,smoke_parallel,2,32,zipf,2,eas_k2_adaptive,eas,2,adaptive,29,1,native,ok,0,0.069071,0.068512,0.37480992034757427,0.0,0.3748099203479614,24,24,0.041409,0.11048,baseline_dominates
l2-n32-zipf-w2,smoke_parallel,2,32,zipf,2,eas_k2_adaptive,eas,2,adaptive,29,1,accept_id,ok,0,0.025201,0.029993000000000006,0.7718953656770456,0.5622226763194769,0.7718953656780736,24,24,0.085279,0.11048,baseline_dominates
l2-n32-zipf-w2,smoke_parallel,2,32,zipf,2,eas_k2_adaptive,eas,2,adaptive,29,1,accept_static_degree,ok,0,0.027115,0.023114000000000003,0.754570963070239,0.6626284446520317,0.7545709630726707,24,24,0.083365,0.11048,baseline_dominates
l2-n32-zipf-w2,smoke_parallel,2,32,zipf,2,accept_id,accept_id,,greedy,29,1,native,ok,0,0.04386999999999999,0.038519,0.4855708908406525,0.0,0.48557089084050736,24,24,0.041409,0.085279,baseline_dominates
l2-n32-zipf-w2,smoke_parallel,2,32,zipf,2,accept_id,accept_id,,greedy,29,1,accept_static_degree,ok,0,0.001913999999999999,-0.006879000000000003,0.9775560219983818,1.1785871907370389,0.9775560220002302,24,24,0.083365,0.085279,baseline_dominates
l2-n32-zipf-w2,smoke_parallel,2,32,zipf,2,accept_static_degree,accept_static_degree,,greedy,29,2,native,ok,0,0.04808099999999999,0.044697,0.44892836676217773,0.0,0.4489283667628204,24,24,0.039169,0.08725,baseline_dominates
l2-n32-zipf-w2,smoke_parallel,2,32,zipf,2,accept_static_degree,accept_static_degree,,greedy,29,2,accept_id,ok,0,0.009680999999999995,0.006955000000000003,0.8890429799426934,0.8443967156632436,0.8890429799422503,24,24,0.077569,0.08725,baseline_dominates
l2-n32-zipf-w2,smoke_parallel,2,32,zipf,2,eas_k1_adaptive,eas,1,adaptive,29,2,native,ok,0,0.06587799999999999,0.06682,0.37287119099069943,0.0,0.37287119099102173,24,24,0.039169,0.105047,baseline_dominates
l2-n32-zipf-w2,smoke_parallel,2,32,zipf,2,eas_k1_adaptive,eas,1,adaptive,29,2,accept_id,ok,0,0.027478000000000002,0.029078000000000007,0.7384218492674708,0.5648308889554025,0.7384218492666837,24,24,0.077569,0.105047,baseline_dominates
l2-n32-zipf-w2,smoke_parallel,2,32,zipf,2,eas_k1_adaptive,eas,1,adaptive,29,2,accept_static_degree,ok,0,0.017797000000000007,0.022123000000000004,0.830580597256466,0.668916492068243,0.830580597255995,24,24,0.08725,0.105047,baseline_dominates
l2-n32-zipf-w2,smoke_parallel,2,32,zipf,2,accept_id,accept_id,,greedy,29,2,native,ok,0,0.0384,0.037742,0.5049568771029664,0.0,0.504956877103941,24,24,0.039169,0.077569,baseline_dominates
l2-n32-zipf-w2,smoke_parallel,2,32,zipf,2,accept_id,accept_id,,greedy,29,2,accept_static_degree,ok,0,-0.009680999999999995,-0.006955000000000003,1.1248050123116193,1.184277462773568,1.12480501231218,24,24,0.08725,0.077569,variant_dominates
l2-n32-zipf-w2,smoke_parallel,2,32,zipf,2,eas_k2_adaptive,eas,2,adaptive,29,2,native,ok,0,0.07066700000000001,0.068076,0.35661349648566953,0.0,0.35661349648617574,24,24,0.039169,0.109836,baseline_dominates
l2-n32-zipf-w2,smoke_parallel,2,32,zipf,2,eas_k2_adaptive,eas,2,adaptive,29,2,accept_id,ok,0,0.032267000000000004,0.030334,0.706225645507848,0.5544097773077149,0.7062256455074875,24,24,0.077569,0.109836,baseline_dominates
l2-n32-zipf-w2,smoke_parallel,2,32,zipf,2,eas_k2_adaptive,eas,2,adaptive,29,2,accept_static_degree,ok,0,0.02258600000000001,0.023378999999999997,0.7943661458902362,0.6565750044068395,0.7943661458902266,24,24,0.08725,0.109836,baseline_dominates
l2-n32-zipf-w2,smoke_parallel,2,32,zipf,2,native,native,,native,29,2,accept_id,ok,0,-0.0384,-0.037742,1.9803671270647705,,1.9803671270609482,24,24,0.077569,0.039169,variant_dominates
l2-n32-zipf-w2,smoke_parallel,2,32,zipf,2,native,native,,native,29,2,accept_static_degree,ok,0,-0.04808099999999999,-0.044697,2.227526870739615,,2.227526870736426,24,24,0.08725,0.039169,variant_dominates
l2-n32-zipf-w2,smoke_parallel,2,32,zipf,2,eas_k2_adaptive,eas,2,adaptive,29,3,native,ok,0,0.06448500000000001,0.066257,0.39416572717023673,0.0,0.3941657271696467,24,24,0.041955,0.10644,baseline_dominates
l2-n32-zipf-w2,smoke_parallel,2,32,zipf,2,eas_k2_adaptive,eas,2,adaptive,29,3,accept_id,ok,0,0.02681900000000001,0.027077999999999998,0.7480364524614805,0.5913186531234436,0.7480364524609164,24,24,0.079621,0.10644,baseline_dominates
l2-n32-zipf-w2,smoke_parallel,2,32,zipf,2,eas_k2_adaptive,eas,2,adaptive,29,3,accept_static_degree,ok,0,0.022571000000000008,0.020200999999999997,0.7879462608042089,0.6951114599212159,0.7879462608028436,24,24,0.083869,0.10644,baseline_dominates
l2-n32-zipf-w2,smoke_parallel,2,32,zipf,2,eas_k1_adaptive,eas,1,adaptive,29,3,native,ok,0,0.06506899999999999,0.067351,0.3920148751681866,0.0,0.39201487516842315,24,24,0.041955,0.107024,baseline_dominates
l2-n32-zipf-w2,smoke_parallel,2,32,zipf,2,eas_k1_adaptive,eas,1,adaptive,29,3,accept_id,ok,0,0.027402999999999997,0.028171999999999996,0.7439546269995515,0.5817137087793797,0.7439546270005529,24,24,0.079621,0.107024,baseline_dominates
l2-n32-zipf-w2,smoke_parallel,2,32,zipf,2,eas_k1_adaptive,eas,1,adaptive,29,3,accept_static_degree,ok,0,0.023154999999999995,0.021294999999999994,0.7836466586933772,0.6838205817285564,0.7836466586936652,24,24,0.083869,0.107024,baseline_dominates
l2-n32-zipf-w2,smoke_parallel,2,32,zipf,2,accept_static_degree,accept_static_degree,,greedy,29,3,native,ok,0,0.041914,0.046056,0.500244428811599,0.0,0.500244428811717,24,24,0.041955,0.083869,baseline_dominates
l2-n32-zipf-w2,smoke_parallel,2,32,zipf,2,accept_static_degree,accept_static_degree,,greedy,29,3,accept_id,ok,0,0.004248000000000002,0.006877000000000001,0.9493495808940132,0.8506817787041862,0.9493495808949423,24,24,0.079621,0.083869,baseline_dominates
l2-n32-zipf-w2,smoke_parallel,2,32,zipf,2,native,native,,native,29,3,accept_id,ok,0,-0.037666,-0.039179,1.897771421761411,,1.8977714217628205,24,24,0.079621,0.041955,variant_dominates
l2-n32-zipf-w2,smoke_parallel,2,32,zipf,2,native,native,,native,29,3,accept_static_degree,ok,0,-0.041914,-0.046056,1.9990227624836134,,1.999022762483142,24,24,0.083869,0.041955,variant_dominates
l2-n32-zipf-w2,smoke_parallel,2,32,zipf,2,accept_id,accept_id,,greedy,29,3,native,ok,0,0.037666,0.039179,0.5269338491101594,0.0,0.526933849109768,24,24,0.041955,0.079621,baseline_dominates
l2-n32-zipf-w2,smoke_parallel,2,32,zipf,2,accept_id,accept_id,,greedy,29,3,accept_static_degree,ok,0,-0.004248000000000002,-0.006877000000000001,1.0533527586943143,1.1755277061691212,1.0533527586932836,24,24,0.083869,0.079621,variant_dominates
l2-n32-zipf-w2,smoke_parallel,2,32,zipf,2,native,native,,native,47,1,accept_id,ok,0,-0.03553,-0.038587,1.8873847998201754,,1.8873847998191537,19,19,0.075569,0.040039,variant_dominates
l2-n32-zipf-w2,smoke_parallel,2,32,zipf,2,native,native,,native,47,1,accept_static_degree,ok,0,-0.044360000000000004,-0.045392,2.1079197782162393,,2.107919778211679,19,19,0.084399,0.040039,variant_dominates
l2-n32-zipf-w2,smoke_parallel,2,32,zipf,2,accept_id,accept_id,,greedy,47,1,native,ok,0,0.03553,0.038587,0.5298336619513292,0.0,0.529833661951616,19,19,0.040039,0.075569,baseline_dominates
l2-n32-zipf-w2,smoke_parallel,2,32,zipf,2,accept_id,accept_id,,greedy,47,1,accept_static_degree,ok,0,-0.008830000000000005,-0.0068049999999999986,1.116846855191944,1.1763547308679088,1.116846855190132,19,19,0.084399,0.075569,variant_dominates
l2-n32-zipf-w2,smoke_parallel,2,32,zipf,2,eas_k2_adaptive,eas,2,adaptive,47,1,native,ok,-1,0.07625300000000002,0.076299,0.34429711416090525,0.0,0.3261762134157159,19,18,0.040039,0.116292,baseline_dominates
l2-n32-zipf-w2,smoke_parallel,2,32,zipf,2,eas_k2_adaptive,eas,2,adaptive,47,1,accept_id,ok,-1,0.04072300000000001,0.037712,0.6498211398892443,0.5057340201051128,0.6156200272633906,19,18,0.075569,0.116292,baseline_dominates
l2-n32-zipf-w2,smoke_parallel,2,32,zipf,2,eas_k2_adaptive,eas,2,adaptive,47,1,accept_static_degree,ok,-1,0.031893000000000005,0.030907000000000004,0.7257506965225466,0.5949226071114956,0.6875532914411812,19,18,0.084399,0.116292,baseline_dominates
l2-n32-zipf-w2,smoke_parallel,2,32,zipf,2,eas_k1_adaptive,eas,1,adaptive,47,1,native,ok,0,0.07384299999999999,0.075205,0.35158321771658385,0.0,0.35158321771590334,19,19,0.040039,0.113882,baseline_dominates
l2-n32-zipf-w2,smoke_parallel,2,32,zipf,2,eas_k1_adaptive,eas,1,adaptive,47,1,accept_id,ok,0,0.038313,0.03661799999999999,0.6635728209901477,0.5130908849145669,0.6635728209885041,19,19,0.075569,0.113882,baseline_dominates
l2-n32-zipf-w2,smoke_parallel,2,32,zipf,2,eas_k1_adaptive,eas,1,adaptive,47,1,accept_static_degree,ok,0,0.029482999999999995,0.029812999999999992,0.7411092183136931,0.6035768898344526,0.7411092183106553,19,19,0.084399,0.113882,baseline_dominates
l2-n32-zipf-w2,smoke_parallel,2,32,zipf,2,accept_static_degree,accept_static_degree,,greedy,47,1,native,ok,0,0.044360000000000004,0.045392,0.47440135546629697,0.0,0.47440135546732326,19,19,0.040039,0.084399,baseline_dominates
l2-n32-zipf-w2,smoke_parallel,2,32,zipf,2,accept_static_degree,accept_static_degree,,greedy,47,1,accept_id,ok,0,0.008830000000000005,0.0068049999999999986,0.8953779073211767,0.8500837151921043,0.8953779073226292,19,19,0.075569,0.084399,baseline_dominates
l2-n32-zipf-w2,smoke_parallel,2,32,zipf,2,native,native,,native,47,2,accept_id,ok,0,-0.027007999999999997,-0.038314,1.5489319322777992,,1.5489319322768718,19,19,0.076209,0.049201,variant_dominates
l2-n32-zipf-w2,smoke_parallel,2,32,zipf,2,native,native,,native,47,2,accept_static_degree,ok,0,-0.034091,-0.045423,1.6928924208857543,,1.6928924208880565,19,19,0.083292,0.049201,variant_dominates
l2-n32-zipf-w2,smoke_parallel,2,32,zipf,2,accept_static_degree,accept_static_degree,,greedy,47,2,native,ok,0,0.034091,0.045423,0.5907049896748787,0.0,0.5907049896740755,19,19,0.049201,0.083292,baseline_dominates
l2-n32-zipf-w2,smoke_parallel,2,32,zipf,2,accept_static_degree,accept_static_degree,,greedy,47,2,accept_id,ok,0,0.007083000000000006,0.007108999999999997,0.9149618210632473,0.8434933844087797,0.9149618210614554,19,19,0.076209,0.083292,baseline_dominates
l2-n32-zipf-w2,smoke_parallel,2,32,zipf,2,eas_k2_adaptive,eas,2,adaptive,47,2,native,ok,-1,0.061363999999999995,0.072621,0.4449961561072672,0.0,0.4215753057857303,19,18,0.049201,0.110565,baseline_dominates
l2-n32-zipf-w2,smoke_parallel,2,32,zipf,2,eas_k2_adaptive,eas,2,adaptive,47,2,accept_id,ok,-1,0.034356,0.034307000000000004,0.6892687559354226,0.5275884386059129,0.6529914529909044,19,18,0.076209,0.110565,baseline_dominates
l2-n32-zipf-w2,smoke_parallel,2,32,zipf,2,eas_k2_adaptive,eas,2,adaptive,47,2,accept_static_degree,ok,-1,0.02727299999999999,0.027198000000000007,0.7533306199972867,0.6254802329904572,0.7136816399982276,19,18,0.083292,0.110565,baseline_dominates
l2-n32-zipf-w2,smoke_parallel,2,32,zipf,2,accept_id,accept_id,,greedy,47,2,native,ok,0,0.027007999999999997,0.038314,0.6456061620018634,0.0,0.6456061620022499,19,19,0.049201,0.076209,baseline_dominates
l2-n32-zipf-w2,smoke_parallel,2,32,zipf,2,accept_id,accept_id,,greedy,47,2,accept_static_degree,ok,0,-0.007083000000000006,-0.007108999999999997,1.092941778530095,1.185545753510466,1.0929417785322355,19,19,0.083292,0.076209,variant_dominates
l2-n32-zipf-w2,smoke_parallel,2,32,zipf,2,eas_k1_adaptive,eas,1,adaptive,47,2,native,ok,0,0.06812599999999999,0.073457,0.4193493398791412,0.0,0.41934933988061773,19,19,0.049201,0.117327,baseline_dominates
l2-n32-zipf-w2,smoke_parallel,2,32,zipf,2,eas_k1_adaptive,eas,1,adaptive,47,2,accept_id,ok,0,0.041118,0.035142999999999994,0.6495435833184178,0.5215840559783275,0.6495435833203158,19,19,0.076209,0.117327,baseline_dominates
l2-n32-zipf-w2,smoke_parallel,2,32,zipf,2,eas_k1_adaptive,eas,1,adaptive,47,2,accept_static_degree,ok,0,0.034034999999999996,0.028033999999999996,0.7099133191848424,0.6183617626638714,0.7099133191883072,19,19,0.083292,0.117327,baseline_dominates
l2-n32-zipf-w2,smoke_parallel,2,32,zipf,2,native,native,,native,47,3,accept_id,ok,0,-0.037759999999999995,-0.037977,1.8836675949544825,,1.8836675949526471,19,19,0.080491,0.042731,variant_dominates
l2-n32-zipf-w2,smoke_parallel,2,32,zipf,2,native,native,,native,47,3,accept_static_degree,ok,0,-0.042096,-0.046762,1.985139594205612,,1.9851395942066803,19,19,0.084827,0.042731,variant_dominates
l2-n32-zipf-w2,smoke_parallel,2,32,zipf,2,accept_static_degree,accept_static_degree,,greedy,47,3,native,ok,0,0.042096,0.046762,0.5037429120445142,0.0,0.503742912044243,19,19,0.042731,0.084827,baseline_dominates
l2-n32-zipf-w2,smoke_parallel,2,32,zipf,2,accept_static_degree,accept_static_degree,,greedy,47,3,accept_id,ok,0,0.0043360000000000065,0.008785000000000001,0.9488841996062574,0.8121337838415807,0.9488841996048221,19,19,0.080491,0.084827,baseline_dominates
l2-n32-zipf-w2,smoke_parallel,2,32,zipf,2,eas_k1_adaptive,eas,1,adaptive,47,3,native,ok,0,0.071375,0.075717,0.37448512786356547,0.0,0.3744851278632777,19,19,0.042731,0.114106,baseline_dominates
l2-n32-zipf-w2,smoke_parallel,2,32,zipf,2,eas_k1_adaptive,eas,1,adaptive,47,3,accept_id,ok,0,0.033615000000000006,0.03774000000000001,0.7054055001489842,0.5015650382344783,0.7054055001477548,19,19,0.080491,0.114106,baseline_dominates
l2-n32-zipf-w2,smoke_parallel,2,32,zipf,2,eas_k1_adaptive,eas,1,adaptive,47,3,accept_static_degree,ok,0,0.029279,0.02895500000000001,0.743405254763115,0.6175891807652177,0.743405254762944,19,19,0.084827,0.114106,baseline_dominates
l2-n32-zipf-w2,smoke_parallel,2,32,zipf,2,eas_k2_adaptive,eas,2,adaptive,47,3,native,ok,-1,0.06559100000000001,0.073642,0.39448126880966006,0.0,0.3737190967671744,19,18,0.042731,0.108322,baseline_dominates
l2-n32-zipf-w2,smoke_parallel,2,32,zipf,2,eas_k2_adaptive,eas,2,adaptive,47,3,accept_id,ok,-1,0.02783100000000001,0.035665,0.7430715828732851,0.5156975638901713,0.703962552195299,19,18,0.080491,0.108322,baseline_dominates
l2-n32-zipf-w2,smoke_parallel,2,32,zipf,2,eas_k2_adaptive,eas,2,adaptive,47,3,accept_static_degree,ok,-1,0.023495000000000002,0.02688,0.7831003858865235,0.6349909019309633,0.7418845761036756,19,18,0.084827,0.108322,baseline_dominates
l2-n32-zipf-w2,smoke_parallel,2,32,zipf,2,accept_id,accept_id,,greedy,47,3,native,ok,0,0.037759999999999995,0.037977,0.5308792287336472,0.0,0.5308792287341646,19,19,0.042731,0.080491,baseline_dominates
l2-n32-zipf-w2,smoke_parallel,2,32,zipf,2,accept_id,accept_id,,greedy,47,3,accept_static_degree,ok,0,-0.0043360000000000065,-0.008785000000000001,1.0538693767005007,1.2313242225557575,1.0538693767020948,19,19,0.084827,0.080491,variant_dominates
l2-n32-zipf-w2,smoke_parallel,2,32,zipf,2,accept_id,accept_id,,greedy,71,1,native,ok,0,0.033034,0.0397,0.5820068328482855,0.0,0.5820068328479414,20,20,0.045996,0.07903,baseline_dominates
l2-n32-zipf-w2,smoke_parallel,2,32,zipf,2,accept_id,accept_id,,greedy,71,1,accept_static_degree,ok,0,-0.01564399999999999,-0.012892,1.1979501455143615,1.324735516372796,1.197950145514208,20,20,0.094674,0.07903,variant_dominates
l2-n32-zipf-w2,smoke_parallel,2,32,zipf,2,eas_k1_adaptive,eas,1,adaptive,71,1,native,ok,0,0.068856,0.072786,0.4004806185351583,0.0,0.40048061853580924,20,20,0.045996,0.114852,baseline_dominates
l2-n32-zipf-w2,smoke_parallel,2,32,zipf,2,eas_k1_adaptive,eas,1,adaptive,71,1,accept_id,ok,0,0.03582199999999999,0.033086000000000004,0.6881029498833282,0.5454345615915148,0.6881029498848532,20,20,0.07903,0.114852,baseline_dominates
l2-n32-zipf-w2,smoke_parallel,2,32,zipf,2,eas_k1_adaptive,eas,1,adaptive,71,1,accept_static_degree,ok,0,0.020178,0.020194000000000004,0.8243130289415944,0.722556535597505,0.8243130289433158,20,20,0.094674,0.114852,baseline_dominates
l2-n32-zipf-w2,smoke_parallel,2,32,zipf,2,native,native,,native,71,1,accept_id,ok,0,-0.033034,-0.0397,1.7181928863379423,,1.718192886338958,20,20,0.07903,0.045996,variant_dominates
l2-n32-zipf-w2,smoke_parallel,2,32,zipf,2,native,native,,native,71,1,accept_static_degree,ok,0,-0.04867799999999999,-0.052592,2.058309418210279,,2.058309418211232,20,20,0.094674,0.045996,variant_dominates
l2-n32-zipf-w2,smoke_parallel,2,32,zipf,2,eas_k2_adaptive,eas,2,adaptive,71,1,native,ok,-2,0.07113900000000001,0.074789,0.39267511845306696,0.0,0.35340760660777737,20,18,0.045996,0.117135,baseline_dominates
l2-n32-zipf-w2,smoke_parallel,2,32,zipf,2,eas_k2_adaptive,eas,2,adaptive,71,1,accept_id,ok,-2,0.038105,0.035088999999999995,0.6746915951679686,0.5308267258554066,0.60722243565156,20,18,0.07903,0.117135,baseline_dominates
l2-n32-zipf-w2,smoke_parallel,2,32,zipf,2,eas_k2_adaptive,eas,2,adaptive,71,1,accept_static_degree,ok,-2,0.02246100000000001,0.022196999999999995,0.8082468946087846,0.7032050167805426,0.7274222051482782,20,18,0.094674,0.117135,baseline_dominates
l2-n32-zipf-w2,smoke_parallel,2,32,zipf,2,accept_static_degree,accept_static_degree,,greedy,71,1,native,ok,0,0.04867799999999999,0.052592,0.4858356042841752,0.0,0.4858356042839503,20,20,0.045996,0.094674,baseline_dominates
l2-n32-zipf-w2,smoke_parallel,2,32,zipf,2,accept_static_degree,accept_static_degree,,greedy,71,1,accept_id,ok,0,0.01564399999999999,0.012892,0.8347592792107654,0.7548676604806814,0.8347592792108723,20,20,0.07903,0.094674,baseline_dominates
l2-n32-zipf-w2,smoke_parallel,2,32,zipf,2,accept_id,accept_id,,greedy,71,2,native,ok,0,0.037153,0.03751,0.5160164137302156,0.0,0.5160164137315172,20,20,0.039612,0.076765,baseline_dominates
l2-n32-zipf-w2,smoke_parallel,2,32,zipf,2,accept_id,accept_id,,greedy,71,2,accept_static_degree,ok,0,-0.012966000000000005,-0.009479000000000001,1.16890509998046,1.2527059450813116,1.1689050999830544,20,20,0.089731,0.076765,variant_dominates
l2-n32-zipf-w2,smoke_parallel,2,32,zipf,2,eas_k1_adaptive,eas,1,adaptive,71,2,native,ok,0,0.077345,0.077482,0.3386885778533991,0.0,0.3386885778530774,20,20,0.039612,0.116957,baseline_dominates
l2-n32-zipf-w2,smoke_parallel,2,32,zipf,2,eas_k1_adaptive,eas,1,adaptive,71,2,accept_id,ok,0,0.040192000000000005,0.039971999999999994,0.656352334618706,0.4841124390180946,0.656352334616427,20,20,0.076765,0.116957,baseline_dominates
l2-n32-zipf-w2,smoke_parallel,2,32,zipf,2,eas_k1_adaptive,eas,1,adaptive,71,2,accept_static_degree,ok,0,0.027226,0.030492999999999992,0.7672135913198868,0.606450530445781,0.7672135913189256,20,20,0.089731,0.116957,baseline_dominates
l2-n32-zipf-w2,smoke_parallel,2,32,zipf,2,native,native,,native,71,2,accept_id,ok,0,-0.037153,-0.03751,1.9379228516611127,,1.9379228516562246,20,20,0.076765,0.039612,variant_dominates
l2-n32-zipf-w2,smoke_parallel,2,32,zipf,2,native,native,,native,71,2,accept_static_degree,ok,0,-0.050119000000000004,-0.046989,2.265247904675351,,2.265247904674665,20,20,0.089731,0.039612,variant_dominates
l2-n32-zipf-w2,smoke_parallel,2,32,zipf,2,eas_k2_adaptive,eas,2,adaptive,71,2,native,ok,-2,0.081839,0.076486,0.32615622761442886,0.0,0.29354060485287264,20,18,0.039612,0.121451,baseline_dominates
l2-n32-zipf-w2,smoke_parallel,2,32,zipf,2,eas_k2_adaptive,eas,2,adaptive,71,2,accept_id,ok,-2,0.044686000000000003,0.038976,0.632065606705585,0.49041654681902574,0.5688590460333719,20,18,0.076765,0.121451,baseline_dominates
l2-n32-zipf-w2,smoke_parallel,2,32,zipf,2,eas_k2_adaptive,eas,2,adaptive,71,2,accept_static_degree,ok,-2,0.03172,0.029496999999999995,0.7388247112004018,0.614347723766441,0.6649422400799035,20,18,0.089731,0.121451,baseline_dominates
l2-n32-zipf-w2,smoke_parallel,2,32,zipf,2,accept_static_degree,accept_static_degree,,greedy,71,2,native,ok,0,0.050119000000000004,0.046989,0.4414527866623575,0.0,0.44145278666249116,20,20,0.039612,0.089731,baseline_dominates
l2-n32-zipf-w2,smoke_parallel,2,32,zipf,2,accept_static_degree,accept_static_degree,,greedy,71,2,accept_id,ok,0,0.012966000000000005,0.009479000000000001,0.8555014432024607,0.7982719359850178,0.8555014432005618,20,20,0.076765,0.089731,baseline_dominates
l2-n32-zipf-w2,smoke_parallel,2,32,zipf,2,eas_k1_adaptive,eas,1,adaptive,71,3,native,ok,0,0.072462,0.074944,0.3742162806363024,0.0,0.3742162806359967,20,20,0.043332,0.115794,baseline_dominates
l2-n32-zipf-w2,smoke_parallel,2,32,zipf,2,eas_k1_adaptive,eas,1,adaptive,71,3,accept_id,ok,0,0.03475199999999999,0.035738,0.6998808228405617,0.5231372758326217,0.6998808228408213,20,20,0.081042,0.115794,baseline_dominates
l2-n32-zipf-w2,smoke_parallel,2,32,zipf,2,eas_k1_adaptive,eas,1,adaptive,71,3,accept_static_degree,ok,0,0.027572,0.028874999999999998,0.7618874898526694,0.6147123185311699,0.7618874898522244,20,20,0.088222,0.115794,baseline_dominates
l2-n32-zipf-w2,smoke_parallel,2,32,zipf,2,accept_id,accept_id,,greedy,71,3,native,ok,0,0.03771,0.039206,0.5346857185163248,0.0,0.5346857185156897,20,20,0.043332,0.081042,baseline_dominates
l2-n32-zipf-w2,smoke_parallel,2,32,zipf,2,accept_id,accept_id,,greedy,71,3,accept_static_degree,ok,0,-0.007179999999999992,-0.006863000000000001,1.0885960366229854,1.1750497372851094,1.088596036621946,20,20,0.088222,0.081042,variant_dominates
l2-n32-zipf-w2,smoke_parallel,2,32,zipf,2,eas_k2_adaptive,eas,2,adaptive,71,3,native,ok,-2,0.07239399999999999,0.075374,0.3744361681903808,0.0,0.3369925513709325,20,18,0.043332,0.115726,baseline_dominates
l2-n32-zipf-w2,smoke_parallel,2,32,zipf,2,eas_k2_adaptive,eas,2,adaptive,71,3,accept_id,ok,-2,0.03468399999999999,0.036168,0.7002920691979331,0.520152837848595,0.6302628622781213,20,18,0.081042,0.115726,baseline_dominates
l2-n32-zipf-w2,smoke_parallel,2,32,zipf,2,eas_k2_adaptive,eas,2,adaptive,71,3,accept_static_degree,ok,-2,0.027504,0.029304999999999998,0.7623351710073795,0.6112054554620957,0.6861016539059663,20,18,0.088222,0.115726,baseline_dominates
l2-n32-zipf-w2,smoke_parallel,2,32,zipf,2,accept_static_degree,accept_static_degree,,greedy,71,3,native,ok,0,0.04488999999999999,0.046069,0.4911700029471108,0.0,0.4911700029469963,20,20,0.043332,0.088222,baseline_dominates
l2-n32-zipf-w2,smoke_parallel,2,32,zipf,2,accept_static_degree,accept_static_degree,,greedy,71,3,accept_id,ok,0,0.007179999999999992,0.006863000000000001,0.9186144045702886,0.8510278061169115,0.9186144045711658,20,20,0.081042,0.088222,baseline_dominates
l2-n32-zipf-w2,smoke_parallel,2,32,zipf,2,native,native,,native,71,3,accept_id,ok,0,-0.03771,-0.039206,1.8702575463860427,,1.8702575463882645,20,20,0.081042,0.043332,variant_dominates
l2-n32-zipf-w2,smoke_parallel,2,32,zipf,2,native,native,,native,71,3,accept_static_degree,ok,0,-0.04488999999999999,-0.046069,2.0359549524600755,,2.03595495246055,20,20,0.088222,0.043332,variant_dominates
l2-n32-zipf-w2,smoke_parallel,2,32,zipf,2,native,native,,native,101,1,accept_id,ok,0,-0.038164000000000003,-0.038235,1.9759116248146065,,1.9759116248155941,19,19,0.07727,0.039106,variant_dominates
l2-n32-zipf-w2,smoke_parallel,2,32,zipf,2,native,native,,native,101,1,accept_static_degree,ok,0,-0.04604,-0.045862,2.1773129443052217,,2.1773129443008123,19,19,0.085146,0.039106,variant_dominates
l2-n32-zipf-w2,smoke_parallel,2,32,zipf,2,accept_id,accept_id,,greedy,101,1,native,ok,0,0.038164000000000003,0.038235,0.5060955092532677,0.0,0.5060955092530148,19,19,0.039106,0.07727,baseline_dominates
l2-n32-zipf-w2,smoke_parallel,2,32,zipf,2,accept_id,accept_id,,greedy,101,1,accept_static_degree,ok,0,-0.007875999999999994,-0.007627000000000002,1.101928303351883,1.1994769190532235,1.1019283033491005,19,19,0.085146,0.07727,variant_dominates
l2-n32-zipf-w2,smoke_parallel,2,32,zipf,2,eas_k2_adaptive,eas,2,adaptive,101,1,native,ok,-1,0.073785,0.073372,0.3464049392777104,0.0,0.32817310036855124,19,18,0.039106,0.112891,baseline_dominates
l2-n32-zipf-w2,smoke_parallel,2,32,zipf,2,eas_k2_adaptive,eas,2,adaptive,101,1,accept_id,ok,-1,0.035621,0.03513700000000001,0.6844655464120257,0.5211115957040833,0.6484410439699951,19,18,0.07727,0.112891,baseline_dominates
l2-n32-zipf-w2,smoke_parallel,2,32,zipf,2,eas_k2_adaptive,eas,2,adaptive,101,1,accept_static_degree,ok,-1,0.027745000000000006,0.027510000000000007,0.7542319582606231,0.6250613312980428,0.7145355394037762,19,18,0.085146,0.112891,baseline_dominates
l2-n32-zipf-w2,smoke_parallel,2,32,zipf,2,accept_static_degree,accept_static_degree,,greedy,101,1,native,ok,0,0.04604,0.045862,0.45928170436661736,0.0,0.45928170436754745,19,19,0.039106,0.085146,baseline_dominates
l2-n32-zipf-w2,smoke_parallel,2,32,zipf,2,accept_static_degree,accept_static_degree,,greedy,101,1,accept_id,ok,0,0.007875999999999994,0.007627000000000002,0.9075000587226647,0.8336967424011164,0.9075000587249561,19,19,0.07727,0.085146,baseline_dominates
l2-n32-zipf-w2,smoke_parallel,2,32,zipf,2,eas_k1_adaptive,eas,1,adaptive,101,1,native,ok,0,0.079245,0.077272,0.3304239085432316,0.0,0.33042390854380665,19,19,0.039106,0.118351,baseline_dominates
l2-n32-zipf-w2,smoke_parallel,2,32,zipf,2,eas_k1_adaptive,eas,1,adaptive,101,1,accept_id,ok,0,0.04108099999999999,0.039036999999999995,0.6528884420072497,0.49481053939331193,0.6528884420087123,19,19,0.07727,0.118351,baseline_dominates
l2-n32-zipf-w2,smoke_parallel,2,32,zipf,2,eas_k1_adaptive,eas,1,adaptive,101,1,accept_static_degree,ok,0,0.033205,0.031409999999999993,0.7194362531791029,0.5935138213065535,0.719436253178898,19,19,0.085146,0.118351,baseline_dominates
l2-n32-zipf-w2,smoke_parallel,2,32,zipf,2,native,native,,native,101,2,accept_id,ok,0,-0.03833,-0.039536,1.9256888931823122,,1.9256888931795826,19,19,0.079737,0.041407,variant_dominates
l2-n32-zipf-w2,smoke_parallel,2,32,zipf,2,native,native,,native,101,2,accept_static_degree,ok,0,-0.043223,-0.044386,2.043857318810829,,2.043857318807469,19,19,0.08463,0.041407,variant_dominates
l2-n32-zipf-w2,smoke_parallel,2,32,zipf,2,accept_id,accept_id,,greedy,101,2,native,ok,0,0.03833,0.039536,0.5192946812646575,0.0,0.5192946812653936,19,19,0.041407,0.079737,baseline_dominates
l2-n32-zipf-w2,smoke_parallel,2,32,zipf,2,accept_id,accept_id,,greedy,101,2,accept_static_degree,ok,0,-0.004892999999999995,-0.00485,1.061364234922307,1.1226730068798056,1.0613642349220667,19,19,0.08463,0.079737,variant_dominates
l2-n32-zipf-w2,smoke_parallel,2,32,zipf,2,eas_k2_adaptive,eas,2,adaptive,101,2,native,ok,-1,0.071084,0.07348,0.3680916695557867,0.0,0.34871842378943396,19,18,0.041407,0.112491,baseline_dominates
l2-n32-zipf-w2,smoke_parallel,2,32,zipf,2,eas_k2_adaptive,eas,2,adaptive,101,2,accept_id,ok,-1,0.03275399999999999,0.033944,0.7088300397365123,0.5380511703864997,0.6715231955384038,19,18,0.079737,0.112491,baseline_dominates
l2-n32-zipf-w2,smoke_parallel,2,32,zipf,2,eas_k2_adaptive,eas,2,adaptive,101,2,accept_static_degree,ok,-1,0.027860999999999997,0.029094000000000002,0.7523268528148919,0.6040555253130103,0.7127307026650392,19,18,0.08463,0.112491,baseline_dominates
l2-n32-zipf-w2,smoke_parallel,2,32,zipf,2,accept_static_degree,accept_static_degree,,greedy,101,2,native,ok,0,0.043223,0.044386,0.48927094410965377,0.0,0.48927094411045813,19,19,0.041407,0.08463,baseline_dominates
l2-n32-zipf-w2,smoke_parallel,2,32,zipf,2,accept_static_degree,accept_static_degree,,greedy,101,2,accept_id,ok,0,0.004892999999999995,0.00485,0.9421836228287842,0.8907313116748524,0.9421836228289976,19,19,0.079737,0.08463,baseline_dominates
l2-n32-zipf-w2,smoke_parallel,2,32,zipf,2,eas_k1_adaptive,eas,1,adaptive,101,2,native,ok,0,0.07499600000000001,0.077556,0.35572107248094975,0.0,0.35572107248023677,19,19,0.041407,0.116403,baseline_dominates
l2-n32-zipf-w2,smoke_parallel,2,32,zipf,2,eas_k1_adaptive,eas,1,adaptive,101,2,accept_id,ok,0,0.036666000000000004,0.03802,0.6850081183474652,0.50977358295941,0.6850081183451213,19,19,0.079737,0.116403,baseline_dominates
l2-n32-zipf-w2,smoke_parallel,2,32,zipf,2,eas_k1_adaptive,eas,1,adaptive,101,2,accept_static_degree,ok,0,0.03177300000000001,0.03317,0.7270431174454266,0.5723090412089329,0.7270431174427742,19,19,0.08463,0.116403,baseline_dominates
l2-n32-zipf-w2,smoke_parallel,2,32,zipf,2,accept_id,accept_id,,greedy,101,3,native,ok,0,0.033292999999999996,0.037736,0.5493211322133933,0.0,0.549321132213221,19,19,0.04058,0.073873,baseline_dominates
l2-n32-zipf-w2,smoke_parallel,2,32,zipf,2,accept_id,accept_id,,greedy,101,3,accept_static_degree,ok,0,-0.012285000000000004,-0.006783000000000004,1.1662989184140349,1.1797487810048761,1.166298918414804,19,19,0.086158,0.073873,variant_dominates
l2-n32-zipf-w2,smoke_parallel,2,32,zipf,2,eas_k1_adaptive,eas,1,adaptive,101,3,native,ok,0,0.077463,0.077426,0.3437730318612709,0.0,0.34377303186231917,19,19,0.04058,0.118043,baseline_dominates
l2-n32-zipf-w2,smoke_parallel,2,32,zipf,2,eas_k1_adaptive,eas,1,adaptive,101,3,accept_id,ok,0,0.04417,0.039689999999999996,0.6258143218996467,0.48738149975460443,0.6258143219017512,19,19,0.073873,0.118043,baseline_dominates
l2-n32-zipf-w2,smoke_parallel,2,32,zipf,2,eas_k1_adaptive,eas,1,adaptive,101,3,accept_static_degree,ok,0,0.031885,0.03290699999999999,0.7298865667595706,0.5749877302198229,0.7298865667625066,19,19,0.086158,0.118043,baseline_dominates
l2-n32-zipf-w2,smoke_parallel,2,32,zipf,2,native,native,,native,101,3,accept_id,ok,0,-0.033292999999999996,-0.037736,1.8204287826515524,,1.8204287826521235,19,19,0.073873,0.04058,variant_dominates
l2-n32-zipf-w2,smoke_parallel,2,32,zipf,2,native,native,,native,101,3,accept_static_degree,ok,0,-0.045578,-0.044519,2.123164120256284,,2.12316412025835,19,19,0.086158,0.04058,variant_dominates
l2-n32-zipf-w2,smoke_parallel,2,32,zipf,2,accept_static_degree,accept_static_degree,,greedy,101,3,native,ok,0,0.045578,0.044519,0.4709951484481998,0.0,0.47099514844774143,19,19,0.04058,0.086158,baseline_dominates
l2-n32-zipf-w2,smoke_parallel,2,32,zipf,2,accept_static_degree,accept_static_degree,,greedy,101,3,accept_id,ok,0,0.012285000000000004,0.006783000000000004,0.8574131247243436,0.8476380871088748,0.8574131247237782,19,19,0.073873,0.086158,baseline_dominates
l2-n32-zipf-w2,smoke_parallel,2,32,zipf,2,eas_k2_adaptive,eas,2,adaptive,101,3,native,ok,-1,0.07150000000000001,0.073039,0.36206281227694503,0.0,0.34300687478797637,19,18,0.04058,0.11208,baseline_dominates
l2-n32-zipf-w2,smoke_parallel,2,32,zipf,2,eas_k2_adaptive,eas,2,adaptive,101,3,accept_id,ok,-1,0.038207000000000005,0.03530300000000001,0.6591095645967165,0.5166554854255945,0.6244195875115852,19,18,0.073873,0.11208,baseline_dominates
l2-n32-zipf-w2,smoke_parallel,2,32,zipf,2,eas_k2_adaptive,eas,2,adaptive,101,3,accept_static_degree,ok,-1,0.025922,0.028520000000000004,0.768718772305496,0.6095236791303276,0.7282598895517799,19,18,0.086158,0.11208,baseline_dominates
l2-n32-zipf-w4,smoke_parallel,2,32,zipf,4,accept_id,accept_id,,greedy,11,1,native,ok,0,-8.325608000000003,0.050496,1.1647684321593015,0.0,1.1647684321590623,23,23,58.854753,50.529145,variant_dominates
l2-n32-zipf-w4,smoke_parallel,2,32,zipf,4,accept_id,accept_id,,greedy,11,1,accept_static_degree,ok,-1,-3.441271999999998,-0.0029770000000000005,1.068104694825135,1.058955164765526,1.023600332542076,24,23,53.970417,50.529145,tradeoff_or_tie
l2-n32-zipf-w4,smoke_parallel,2,32,zipf,4,eas_k2_adaptive,eas,2,adaptive,11,1,native,ok,-1,0.2720020000000005,0.075485,0.9953996798911086,0.0,0.9521214329389492,23,22,58.854753,59.126755,baseline_dominates
l2-n32-zipf-w4,smoke_parallel,2,32,zipf,4,eas_k2_adaptive,eas,2,adaptive,11,1,accept_id,ok,-1,8.597610000000003,0.024988999999999997,0.8545901935595822,0.6689540968404319,0.817434098187275,23,22,50.529145,59.126755,baseline_dominates
l2-n32-zipf-w4,smoke_parallel,2,32,zipf,4,eas_k2_adaptive,eas,2,adaptive,11,1,accept_static_degree,ok,-2,5.156338000000005,0.022011999999999997,0.9127917978925106,0.7083923958402332,0.8367258147357266,24,22,53.970417,59.126755,baseline_dominates
l2-n32-zipf-w4,smoke_parallel,2,32,zipf,4,accept_static_degree,accept_static_degree,,greedy,11,1,native,ok,1,-4.884336000000005,0.053473,1.090500245717946,0.0,1.1379132998778931,23,24,58.854753,53.970417,variant_dominates
l2-n32-zipf-w4,smoke_parallel,2,32,zipf,4,accept_static_degree,accept_static_degree,,greedy,11,1,accept_id,ok,1,3.441271999999998,0.0029770000000000005,0.9362378096874813,0.9443270435546911,0.9769438014117626,23,24,50.529145,53.970417,extra_commits_extra_time
l2-n32-zipf-w4,smoke_parallel,2,32,zipf,4,native,native,,native,11,1,accept_id,ok,0,8.325608000000003,-0.050496,0.8585397512415012,,0.8585397512416775,23,23,50.529145,58.854753,baseline_dominates
l2-n32-zipf-w4,smoke_parallel,2,32,zipf,4,native,native,,native,11,1,accept_static_degree,ok,-1,4.884336000000005,-0.053473,0.917010338995051,,0.8788015748715722,24,23,53.970417,58.854753,baseline_dominates
l2-n32-zipf-w4,smoke_parallel,2,32,zipf,4,eas_k1_adaptive,eas,1,adaptive,11,1,native,ok,1,-1.184744000000002,0.076019,1.0205435029496874,0.0,1.0649149595993153,23,24,58.854753,57.670009,variant_dominates
l2-n32-zipf-w4,smoke_parallel,2,32,zipf,4,eas_k1_adaptive,eas,1,adaptive,11,1,accept_id,ok,1,7.1408640000000005,0.025523000000000004,0.8761771651535549,0.6642549888843579,0.9142718245079372,23,24,50.529145,57.670009,extra_commits_extra_time
l2-n32-zipf-w4,smoke_parallel,2,32,zipf,4,eas_k1_adaptive,eas,1,adaptive,11,1,accept_static_degree,ok,0,3.6995920000000027,0.022546000000000004,0.9358489435990898,0.7034162512003578,0.9358489436001749,24,24,53.970417,57.670009,baseline_dominates
l2-n32-zipf-w4,smoke_parallel,2,32,zipf,4,eas_k1_adaptive,eas,1,adaptive,11,2,native,ok,1,0.5284499999999994,0.074371,0.9906475871190666,0.0,1.0337192213423074,23,24,55.975685,56.504135,extra_commits_extra_time
l2-n32-zipf-w4,smoke_parallel,2,32,zipf,4,eas_k1_adaptive,eas,1,adaptive,11,2,accept_id,ok,1,-0.7018640000000005,0.023733000000000004,1.0124214626062322,0.6808836777776284,1.0564397870676188,23,24,57.205999,56.504135,variant_dominates
l2-n32-zipf-w4,smoke_parallel,2,32,zipf,4,eas_k1_adaptive,eas,1,adaptive,11,2,accept_static_degree,ok,0,1.1036989999999989,0.015888000000000006,0.9804669339686379,0.7863683424990924,0.9804669339676755,24,24,55.400436,56.504135,baseline_dominates
l2-n32-zipf-w4,smoke_parallel,2,32,zipf,4,accept_id,accept_id,,greedy,11,2,native,ok,0,1.230314,0.050638,0.9784932695607675,0.0,0.9784932695611765,23,23,55.975685,57.205999,baseline_dominates
l2-n32-zipf-w4,smoke_parallel,2,32,zipf,4,accept_id,accept_id,,greedy,11,2,accept_static_degree,ok,-1,1.8055629999999994,-0.007844999999999998,0.9684375234842066,1.1549231802203879,0.928085960004571,24,23,55.400436,57.205999,baseline_dominates
l2-n32-zipf-w4,smoke_parallel,2,32,zipf,4,native,native,,native,11,2,accept_id,ok,0,-1.230314,-0.050638,1.0219794362498646,,1.0219794362494374,23,23,57.205999,55.975685,variant_dominates
l2-n32-zipf-w4,smoke_parallel,2,32,zipf,4,native,native,,native,11,2,accept_static_degree,ok,-1,0.5752489999999995,-0.058483,0.9897232342936044,,0.9484847661964894,24,23,55.400436,55.975685,baseline_dominates
l2-n32-zipf-w4,smoke_parallel,2,32,zipf,4,eas_k2_adaptive,eas,2,adaptive,11,2,native,ok,-1,0.9518710000000041,0.072848,0.9832792575883637,0.0,0.9405279855214878,23,22,55.975685,56.927556,baseline_dominates
l2-n32-zipf-w4,smoke_parallel,2,32,zipf,4,eas_k2_adaptive,eas,2,adaptive,11,2,accept_id,ok,-1,-0.2784429999999958,0.022209999999999994,1.0048911813463413,0.6951186031188228,0.9612002604200691,23,22,57.205999,56.927556,tradeoff_or_tie
l2-n32-zipf-w4,smoke_parallel,2,32,zipf,4,eas_k2_adaptive,eas,2,adaptive,11,2,accept_static_degree,ok,-2,1.5271200000000036,0.014364999999999996,0.9731743270341695,0.8028085877443444,0.8920764664486035,24,22,55.400436,56.927556,baseline_dominates
l2-n32-zipf-w4,smoke_parallel,2,32,zipf,4,accept_static_degree,accept_static_degree,,greedy,11,2,native,ok,1,-0.5752489999999995,0.058483,1.0103834742383615,0.0,1.0543131905113157,23,24,55.975685,55.400436,variant_dominates
l2-n32-zipf-w4,smoke_parallel,2,32,zipf,4,accept_static_degree,accept_static_degree,,greedy,11,2,accept_id,ok,1,-1.8055629999999994,0.007844999999999998,1.0325911333983002,0.8658584545936426,1.0774864000691,23,24,57.205999,55.400436,variant_dominates
l2-n32-zipf-w4,smoke_parallel,2,32,zipf,4,native,native,,native,11,3,accept_id,ok,0,52.213248,-0.047082,0.0021135872694662177,,0.0021135872694665846,23,23,0.110591,52.323839,baseline_dominates
l2-n32-zipf-w4,smoke_parallel,2,32,zipf,4,native,native,,native,11,3,accept_static_degree,ok,-1,12.222229999999996,-0.055827,0.7664118261658898,,0.7344780000751042,24,23,40.101609,52.323839,baseline_dominates
l2-n32-zipf-w4,smoke_parallel,2,32,zipf,4,accept_id,accept_id,,greedy,11,3,native,ok,0,-52.213248,0.047082,473.1292691086978,0.0,473.12926910861574,23,23,52.323839,0.110591,variant_dominates
l2-n32-zipf-w4,smoke_parallel,2,32,zipf,4,accept_id,accept_id,,greedy,11,3,accept_static_degree,ok,-1,-39.991018000000004,-0.008745000000000003,362.6118671501298,1.1857397731617179,347.50303935189186,24,23,40.101609,0.110591,tradeoff_or_tie
l2-n32-zipf-w4,smoke_parallel,2,32,zipf,4,eas_k2_adaptive,eas,2,adaptive,11,3,native,ok,-1,18.286499999999997,0.085061,0.7410223451837556,0.0,0.7088039823503296,23,22,52.323839,70.610339,baseline_dominates
l2-n32-zipf-w4,smoke_parallel,2,32,zipf,4,eas_k2_adaptive,eas,2,adaptive,11,3,accept_id,ok,-1,70.499748,0.037979,0.0015662153951703872,0.5535086584921409,0.0014981190736428744,23,22,0.110591,70.610339,baseline_dominates
l2-n32-zipf-w4,smoke_parallel,2,32,zipf,4,eas_k2_adaptive,eas,2,adaptive,11,3,accept_static_degree,ok,-2,30.508729999999993,0.029233999999999996,0.5679282888020125,0.656317231163518,0.5206009314019395,24,22,40.101609,70.610339,baseline_dominates
l2-n32-zipf-w4,smoke_parallel,2,32,zipf,4,eas_k1_adaptive,eas,1,adaptive,11,3,native,ok,1,5.012951000000001,0.078097,0.9125700793504484,0.0,0.9522470393230975,23,24,52.323839,57.33679,extra_commits_extra_time
l2-n32-zipf-w4,smoke_parallel,2,32,zipf,4,eas_k1_adaptive,eas,1,adaptive,11,3,accept_id,ok,1,57.226199,0.031015,0.001928796502210884,0.6028656670550725,0.0020126572197005452,23,24,0.110591,57.33679,extra_commits_extra_time
l2-n32-zipf-w4,smoke_parallel,2,32,zipf,4,eas_k1_adaptive,eas,1,adaptive,11,3,accept_static_degree,ok,0,17.235180999999997,0.022269999999999998,0.6994045010193282,0.7148417993008694,0.6994045010194678,24,24,40.101609,57.33679,baseline_dominates
l2-n32-zipf-w4,smoke_parallel,2,32,zipf,4,accept_static_degree,accept_static_degree,,greedy,11,3,native,ok,1,-12.222229999999996,0.055827,1.3047815363218966,0.0,1.3615111683368935,23,24,52.323839,40.101609,variant_dominates
l2-n32-zipf-w4,smoke_parallel,2,32,zipf,4,accept_static_degree,accept_static_degree,,greedy,11,3,accept_id,ok,1,39.991018000000004,0.008745000000000003,0.002757769644604534,0.8433553656832715,0.002877672672633434,23,24,0.110591,40.101609,extra_commits_extra_time
l2-n32-zipf-w4,smoke_parallel,2,32,zipf,4,accept_id,accept_id,,greedy,29,1,native,ok,0,45.037284,0.044303,0.0014500688495580952,0.0,0.0014500688495597432,24,24,0.065402,45.102686,baseline_dominates
l2-n32-zipf-w4,smoke_parallel,2,32,zipf,4,accept_id,accept_id,,greedy,29,1,accept_static_degree,ok,0,-6.553432000000001,-0.013622999999999996,1.1453002599446074,1.3074961063584858,1.1453002599455477,24,24,51.656118,45.102686,variant_dominates
l2-n32-zipf-w4,smoke_parallel,2,32,zipf,4,eas_k1_adaptive,eas,1,adaptive,29,1,native,ok,0,57.84741,0.073962,0.0011293183276957783,0.0,0.001129318327696734,24,24,0.065402,57.912812,baseline_dominates
l2-n32-zipf-w4,smoke_parallel,2,32,zipf,4,eas_k1_adaptive,eas,1,adaptive,29,1,accept_id,ok,0,12.810126000000004,0.029658999999999998,0.7788032465078711,0.5989967821313648,0.7788032465076451,24,24,45.102686,57.912812,baseline_dominates
l2-n32-zipf-w4,smoke_parallel,2,32,zipf,4,eas_k1_adaptive,eas,1,adaptive,29,1,accept_static_degree,ok,0,6.256694000000003,0.016036,0.8919635606711689,0.7831859603580217,0.8919635606716423,24,24,51.656118,57.912812,baseline_dominates
l2-n32-zipf-w4,smoke_parallel,2,32,zipf,4,eas_k2_adaptive,eas,2,adaptive,29,1,native,ok,0,48.91726,0.086902,0.0013352071392118297,0.0,0.001335207139213249,24,24,0.065402,48.982662,baseline_dominates
l2-n32-zipf-w4,smoke_parallel,2,32,zipf,4,eas_k2_adaptive,eas,2,adaptive,29,1,accept_id,ok,0,3.879975999999999,0.04259899999999999,0.9207887884900988,0.5098041472002947,0.920788788490031,24,24,45.102686,48.982662,baseline_dominates
l2-n32-zipf-w4,smoke_parallel,2,32,zipf,4,eas_k2_adaptive,eas,2,adaptive,29,1,accept_static_degree,ok,0,-2.6734560000000016,0.028975999999999995,1.0545796388117903,0.6665669374697936,1.0545796388125783,24,24,51.656118,48.982662,variant_dominates
l2-n32-zipf-w4,smoke_parallel,2,32,zipf,4,native,native,,native,29,1,accept_id,ok,0,-45.037284,-0.044303,689.6224274487018,,689.6224274479181,24,24,45.102686,0.065402,variant_dominates
l2-n32-zipf-w4,smoke_parallel,2,32,zipf,4,native,native,,native,29,1,accept_static_degree,ok,0,-51.590716,-0.057926,789.8247454206293,,789.8247454203802,24,24,51.656118,0.065402,variant_dominates
l2-n32-zipf-w4,smoke_parallel,2,32,zipf,4,accept_static_degree,accept_static_degree,,greedy,29,1,native,ok,0,51.590716,0.057926,0.0012661036588153991,0.0,0.0012661036588157988,24,24,0.065402,51.656118,baseline_dominates
l2-n32-zipf-w4,smoke_parallel,2,32,zipf,4,accept_static_degree,accept_static_degree,,greedy,29,1,accept_id,ok,0,6.553432000000001,0.013622999999999996,0.8731334785939586,0.7648206332216967,0.8731334785932416,24,24,45.102686,51.656118,baseline_dominates
l2-n32-zipf-w4,smoke_parallel,2,32,zipf,4,accept_static_degree,accept_static_degree,,greedy,29,2,native,ok,0,11.421202000000001,0.056815,0.7975871166380908,0.0,0.7975871166368422,24,24,45.00407,56.425272,baseline_dominates
l2-n32-zipf-w4,smoke_parallel,2,32,zipf,4,accept_static_degree,accept_static_degree,,greedy,29,2,accept_id,ok,0,-0.6641929999999974,0.005977999999999997,1.011771197133086,0.8947813077532343,1.0117711971318926,24,24,57.089465,56.425272,variant_dominates
l2-n32-zipf-w4,smoke_parallel,2,32,zipf,4,accept_id,accept_id,,greedy,29,2,native,ok,0,12.085394999999998,0.050837,0.788307790237656,0.0,0.7883077902373518,24,24,45.00407,57.089465,baseline_dominates
l2-n32-zipf-w4,smoke_parallel,2,32,zipf,4,accept_id,accept_id,,greedy,29,2,accept_static_degree,ok,0,0.6641929999999974,-0.005977999999999997,0.9883657518948549,1.1175915179888662,0.9883657518960207,24,24,56.425272,57.089465,baseline_dominates
l2-n32-zipf-w4,smoke_parallel,2,32,zipf,4,eas_k1_adaptive,eas,1,adaptive,29,2,native,ok,0,10.731604000000004,0.07321,0.8074553830639959,0.0,0.8074553830641188,24,24,45.00407,55.735674,baseline_dominates
l2-n32-zipf-w4,smoke_parallel,2,32,zipf,4,eas_k1_adaptive,eas,1,adaptive,29,2,accept_id,ok,0,-1.353790999999994,0.022372999999999997,1.024289488272807,0.6943996721759322,1.0242894882733582,24,24,57.089465,55.735674,variant_dominates
l2-n32-zipf-w4,smoke_parallel,2,32,zipf,4,eas_k1_adaptive,eas,1,adaptive,29,2,accept_static_degree,ok,0,-0.6895979999999966,0.016395,1.012372650234749,0.7760551837180713,1.012372650236488,24,24,56.425272,55.735674,variant_dominates
l2-n32-zipf-w4,smoke_parallel,2,32,zipf,4,native,native,,native,29,2,accept_id,ok,0,-12.085394999999998,-0.050837,1.268540045378118,,1.2685400453786075,24,24,57.089465,45.00407,variant_dominates
l2-n32-zipf-w4,smoke_parallel,2,32,zipf,4,native,native,,native,29,2,accept_static_degree,ok,0,-11.421202000000001,-0.056815,1.2537815357588769,,1.2537815357608397,24,24,56.425272,45.00407,variant_dominates
l2-n32-zipf-w4,smoke_parallel,2,32,zipf,4,eas_k2_adaptive,eas,2,adaptive,29,2,native,ok,0,0.8475380000000001,0.076277,0.9815156319054285,0.0,0.9815156319053002,24,24,45.00407,45.851608,baseline_dominates
l2-n32-zipf-w4,smoke_parallel,2,32,zipf,4,eas_k2_adaptive,eas,2,adaptive,29,2,accept_id,ok,0,-11.237856999999998,0.025439999999999997,1.2450918842366443,0.6664787550637807,1.2450918842369623,24,24,57.089465,45.851608,variant_dominates
l2-n32-zipf-w4,smoke_parallel,2,32,zipf,4,eas_k2_adaptive,eas,2,adaptive,29,2,accept_static_degree,ok,0,-10.573664,0.019462,1.2306061763417326,0.7448510035790605,1.2306061763434983,24,24,56.425272,45.851608,variant_dominates
l2-n32-zipf-w4,smoke_parallel,2,32,zipf,4,accept_static_degree,accept_static_degree,,greedy,29,3,native,ok,0,4.696702000000002,0.05654,0.9200496367159993,0.0,0.9200496367155456,24,24,54.048522,58.745224,baseline_dominates
l2-n32-zipf-w4,smoke_parallel,2,32,zipf,4,accept_static_degree,accept_static_degree,,greedy,29,3,accept_id,ok,0,5.409409000000004,0.014823000000000003,0.9079174674693554,0.737831623629289,0.9079174674685123,24,24,53.335815,58.745224,baseline_dominates
l2-n32-zipf-w4,smoke_parallel,2,32,zipf,4,accept_id,accept_id,,greedy,29,3,native,ok,0,-0.7127070000000018,0.041717,1.013362634469915,0.0,1.0133626344703563,24,24,54.048522,53.335815,variant_dominates
l2-n32-zipf-w4,smoke_parallel,2,32,zipf,4,accept_id,accept_id,,greedy,29,3,accept_static_degree,ok,0,-5.409409000000004,-0.014823000000000003,1.1014216994715464,1.355322770093727,1.1014216994725692,24,24,58.745224,53.335815,variant_dominates
l2-n32-zipf-w4,smoke_parallel,2,32,zipf,4,eas_k1_adaptive,eas,1,adaptive,29,3,native,ok,0,4.620895000000004,0.075802,0.9212384367139697,0.0,0.9212384367134102,24,24,54.048522,58.669417,baseline_dominates
l2-n32-zipf-w4,smoke_parallel,2,32,zipf,4,eas_k1_adaptive,eas,1,adaptive,29,3,accept_id,ok,0,5.333602000000006,0.034085,0.9090905914405114,0.5503416796390597,0.9090905914395633,24,24,53.335815,58.669417,baseline_dominates
l2-n32-zipf-w4,smoke_parallel,2,32,zipf,4,eas_k1_adaptive,eas,1,adaptive,29,3,accept_static_degree,ok,0,-0.07580699999999752,0.019261999999999994,1.0012921041980014,0.7458906097464447,1.001292104197887,24,24,58.745224,58.669417,variant_dominates
l2-n32-zipf-w4,smoke_parallel,2,32,zipf,4,eas_k2_adaptive,eas,2,adaptive,29,3,native,ok,0,-0.9612109999999987,0.07206,1.0181062288123803,0.0,1.0181062288118552,24,24,54.048522,53.087311,variant_dominates
l2-n32-zipf-w4,smoke_parallel,2,32,zipf,4,eas_k2_adaptive,eas,2,adaptive,29,3,accept_id,ok,0,-0.24850399999999695,0.030343000000000002,1.0046810432722801,0.5789203441576464,1.0046810432713242,24,24,53.335815,53.087311,variant_dominates
l2-n32-zipf-w4,smoke_parallel,2,32,zipf,4,eas_k2_adaptive,eas,2,adaptive,29,3,accept_static_degree,ok,0,-5.657913000000001,0.015519999999999999,1.1065775021078013,0.784623924507355,1.106577502107776,24,24,58.745224,53.087311,variant_dominates
l2-n32-zipf-w4,smoke_parallel,2,32,zipf,4,native,native,,native,29,3,accept_id,ok,0,0.7127070000000018,-0.041717,0.9868135709612929,,0.986813570960863,24,24,53.335815,54.048522,baseline_dominates
l2-n32-zipf-w4,smoke_parallel,2,32,zipf,4,native,native,,native,29,3,accept_static_degree,ok,0,-4.696702000000002,-0.05654,1.0868978803897729,,1.0868978803903087,24,24,58.745224,54.048522,variant_dominates
l2-n32-zipf-w4,smoke_parallel,2,32,zipf,4,accept_static_degree,accept_static_degree,,greedy,47,1,native,ok,0,0.3223070000000021,0.056257,0.99454027302243,0.0,0.9945402730249165,19,19,58.711231,59.033538,baseline_dominates
l2-n32-zipf-w4,smoke_parallel,2,32,zipf,4,accept_static_degree,accept_static_degree,,greedy,47,1,accept_id,ok,0,58.921989,0.011695000000000004,0.0018895868988912708,0.7921147590522067,0.0018895868988879423,19,19,0.111549,59.033538,baseline_dominates
l2-n32-zipf-w4,smoke_parallel,2,32,zipf,4,eas_k2_adaptive,eas,2,adaptive,47,1,native,ok,-1,-4.715165999999996,0.083756,1.087324252239492,0.0,1.0300966600179013,19,18,58.711231,53.996065,tradeoff_or_tie
l2-n32-zipf-w4,smoke_parallel,2,32,zipf,4,eas_k2_adaptive,eas,2,adaptive,47,1,accept_id,ok,-1,53.884516000000005,0.039194,0.0020658727631356097,0.5320454653994937,0.001957142617702006,19,18,0.111549,53.996065,baseline_dominates
l2-n32-zipf-w4,smoke_parallel,2,32,zipf,4,eas_k2_adaptive,eas,2,adaptive,47,1,accept_static_degree,ok,-1,-5.0374729999999985,0.027498999999999996,1.0932933353569376,0.6716772529729214,1.0357515808634268,19,18,59.033538,53.996065,tradeoff_or_tie
l2-n32-zipf-w4,smoke_parallel,2,32,zipf,4,native,native,,native,47,1,accept_id,ok,0,58.599682,-0.044562,0.0018999601626475862,,0.0018999601626394891,19,19,0.111549,58.711231,baseline_dominates
l2-n32-zipf-w4,smoke_parallel,2,32,zipf,4,native,native,,native,47,1,accept_static_degree,ok,0,-0.3223070000000021,-0.056257,1.0054896992365907,,1.0054896992340767,19,19,59.033538,58.711231,variant_dominates
l2-n32-zipf-w4,smoke_parallel,2,32,zipf,4,accept_id,accept_id,,greedy,47,1,native,ok,0,-58.599682,0.044562,526.326824982743,0.0,526.326824984986,19,19,58.711231,0.111549,variant_dominates
l2-n32-zipf-w4,smoke_parallel,2,32,zipf,4,accept_id,accept_id,,greedy,47,1,accept_static_degree,ok,0,-58.921989,-0.011695000000000004,529.216200952048,1.2624433373726494,529.2162009529802,19,19,59.033538,0.111549,variant_dominates
l2-n32-zipf-w4,smoke_parallel,2,32,zipf,4,eas_k1_adaptive,eas,1,adaptive,47,1,native,ok,0,-58.557626,0.079075,382.2221346961362,0.0,382.2221346971259,19,19,58.711231,0.153605,variant_dominates
l2-n32-zipf-w4,smoke_parallel,2,32,zipf,4,eas_k1_adaptive,eas,1,adaptive,47,1,accept_id,ok,0,0.042055999999999996,0.03451300000000001,0.7262068292047785,0.5635409421435346,0.726206829203564,19,19,0.111549,0.153605,baseline_dominates
l2-n32-zipf-w4,smoke_parallel,2,32,zipf,4,eas_k1_adaptive,eas,1,adaptive,47,1,accept_static_degree,ok,0,-58.879933,0.022818000000000005,384.3204192571857,0.7114385077458109,384.3204192572199,19,19,59.033538,0.153605,variant_dominates
l2-n32-zipf-w4,smoke_parallel,2,32,zipf,4,eas_k1_adaptive,eas,1,adaptive,47,2,native,ok,0,52.356822,0.083234,0.0011190206495501442,0.0,0.0011190206495494503,19,19,0.058654,52.415476,baseline_dominates
l2-n32-zipf-w4,smoke_parallel,2,32,zipf,4,eas_k1_adaptive,eas,1,adaptive,47,2,accept_id,ok,0,-4.137118000000001,0.036443,1.0789293223245746,0.5621620972198861,1.0789293223253074,19,19,56.552594,52.415476,variant_dominates
l2-n32-zipf-w4,smoke_parallel,2,32,zipf,4,eas_k1_adaptive,eas,1,adaptive,47,2,accept_static_degree,ok,0,52.294205,0.026465000000000002,0.00231364873992559,0.6820409928634933,0.0023136487399292656,19,19,0.121271,52.415476,baseline_dominates
l2-n32-zipf-w4,smoke_parallel,2,32,zipf,4,accept_static_degree,accept_static_degree,,greedy,47,2,native,ok,0,0.062617,0.056769,0.48366056188206574,0.0,0.48366056188099743,19,19,0.058654,0.121271,baseline_dominates
l2-n32-zipf-w4,smoke_parallel,2,32,zipf,4,accept_static_degree,accept_static_degree,,greedy,47,2,accept_id,ok,0,-56.431323,0.009978,466.3323795466352,0.8242350578660889,466.3323795462111,19,19,56.552594,0.121271,variant_dominates
l2-n32-zipf-w4,smoke_parallel,2,32,zipf,4,eas_k2_adaptive,eas,2,adaptive,47,2,native,ok,-1,58.075853,0.078475,0.001008936052386236,0.0,0.0009558341548919466,19,18,0.058654,58.134507,baseline_dominates
l2-n32-zipf-w4,smoke_parallel,2,32,zipf,4,eas_k2_adaptive,eas,2,adaptive,47,2,accept_id,ok,-1,1.5819130000000001,0.031684000000000004,0.9727887431813949,0.5962535839439311,0.9215893356464624,19,18,56.552594,58.134507,baseline_dominates
l2-n32-zipf-w4,smoke_parallel,2,32,zipf,4,eas_k2_adaptive,eas,2,adaptive,47,2,accept_static_degree,ok,-1,58.013236,0.021706000000000003,0.002086041600043155,0.7234023574386748,0.001976249936886782,19,18,0.121271,58.134507,baseline_dominates
l2-n32-zipf-w4,smoke_parallel,2,32,zipf,4,accept_id,accept_id,,greedy,47,2,native,ok,0,56.49394,0.046791,0.0010371584369763835,0.0,0.0010371584369750358,19,19,0.058654,56.552594,baseline_dominates
l2-n32-zipf-w4,smoke_parallel,2,32,zipf,4,accept_id,accept_id,,greedy,47,2,accept_static_degree,ok,0,56.431323,-0.009978,0.0021443932350830803,1.213246137077643,0.002144393235085031,19,19,0.121271,56.552594,baseline_dominates
l2-n32-zipf-w4,smoke_parallel,2,32,zipf,4,native,native,,native,47,2,accept_id,ok,0,-56.49394,-0.046791,964.1728441368023,,964.172844138055,19,19,56.552594,0.058654,variant_dominates
l2-n32-zipf-w4,smoke_parallel,2,32,zipf,4,native,native,,native,47,2,accept_static_degree,ok,0,-0.062617,-0.056769,2.067565724417772,,2.067565724422339,19,19,0.121271,0.058654,variant_dominates
l2-n32-zipf-w4,smoke_parallel,2,32,zipf,4,native,native,,native,47,3,accept_id,ok,0,4.099001000000001,-0.048581,0.9250341260157197,,0.9250341260140095,19,19,50.579225,54.678226,baseline_dominates
l2-n32-zipf-w4,smoke_parallel,2,32,zipf,4,native,native,,native,47,3,accept_static_degree,ok,0,-4.624274999999997,-0.055031,1.0845725133803719,,1.0845725133792663,19,19,59.302501,54.678226,variant_dominates
l2-n32-zipf-w4,smoke_parallel,2,32,zipf,4,eas_k2_adaptive,eas,2,adaptive,47,3,native,ok,-1,4.708003999999995,0.085177,0.9207222953873314,0.0,0.8722632272107266,19,18,54.678226,59.38623,baseline_dominates
l2-n32-zipf-w4,smoke_parallel,2,32,zipf,4,eas_k2_adaptive,eas,2,adaptive,47,3,accept_id,ok,-1,8.807004999999997,0.036596000000000004,0.8516995438168075,0.570353499184052,0.8068732520370339,19,18,50.579225,59.38623,baseline_dominates
l2-n32-zipf-w4,smoke_parallel,2,32,zipf,4,eas_k2_adaptive,eas,2,adaptive,47,3,accept_static_degree,ok,-1,0.08372899999999817,0.030146000000000006,0.9985900940335832,0.6460781666412294,0.9460327206642478,19,18,59.302501,59.38623,baseline_dominates
l2-n32-zipf-w4,smoke_parallel,2,32,zipf,4,accept_id,accept_id,,greedy,47,3,native,ok,0,-4.099001000000001,0.048581,1.0810411982390002,0.0,1.0810411982409989,19,19,54.678226,50.579225,variant_dominates
l2-n32-zipf-w4,smoke_parallel,2,32,zipf,4,accept_id,accept_id,,greedy,47,3,accept_static_degree,ok,0,-8.723275999999998,-0.006449999999999997,1.1724675694418014,1.1327679545501328,1.172467569442774,19,19,59.302501,50.579225,variant_dominates
l2-n32-zipf-w4,smoke_parallel,2,32,zipf,4,accept_static_degree,accept_static_degree,,greedy,47,3,native,ok,0,4.624274999999997,0.055031,0.9220222600729774,0.0,0.9220222600739172,19,19,54.678226,59.302501,baseline_dominates
l2-n32-zipf-w4,smoke_parallel,2,32,zipf,4,accept_static_degree,accept_static_degree,,greedy,47,3,accept_id,ok,0,8.723275999999998,0.006449999999999997,0.8529020555136452,0.8827933346659156,0.8529020555129379,19,19,50.579225,59.302501,baseline_dominates
l2-n32-zipf-w4,smoke_parallel,2,32,zipf,4,eas_k1_adaptive,eas,1,adaptive,47,3,native,ok,0,-0.6959760000000017,0.082086,1.0128926823168727,0.0,1.0128926823165891,19,19,54.678226,53.98225,variant_dominates
l2-n32-zipf-w4,smoke_parallel,2,32,zipf,4,eas_k1_adaptive,eas,1,adaptive,47,3,accept_id,ok,0,3.4030249999999995,0.03350500000000001,0.9369602971347063,0.5918305192115586,0.9369602971327118,19,19,50.579225,53.98225,baseline_dominates
l2-n32-zipf-w4,smoke_parallel,2,32,zipf,4,eas_k1_adaptive,eas,1,adaptive,47,3,accept_static_degree,ok,0,-5.320250999999999,0.02705500000000001,1.0985555622449972,0.6704066466876202,1.0985555622435696,19,19,59.302501,53.98225,variant_dominates
l2-n32-zipf-w4,smoke_parallel,2,32,zipf,4,accept_id,accept_id,,greedy,71,1,native,ok,0,0.32701899999999995,0.045254,0.9944709485346566,0.0,0.994470948534703,20,20,58.818569,59.145588,baseline_dominates
l2-n32-zipf-w4,smoke_parallel,2,32,zipf,4,accept_id,accept_id,,greedy,71,1,accept_static_degree,ok,0,1.326701,-0.007274999999999997,0.9775688932198966,1.1607592698987934,0.977568893219369,20,20,57.818887,59.145588,baseline_dominates
l2-n32-zipf-w4,smoke_parallel,2,32,zipf,4,eas_k2_adaptive,eas,2,adaptive,71,1,native,ok,-2,-13.075317999999996,0.089094,1.2858414676298366,0.0,1.1572573208670556,20,18,58.818569,45.743251,tradeoff_or_tie
l2-n32-zipf-w4,smoke_parallel,2,32,zipf,4,eas_k2_adaptive,eas,2,adaptive,71,1,accept_id,ok,-2,-13.402336999999996,0.043840000000000004,1.2929904785298272,0.5079354389745662,1.1636914306769937,20,18,59.145588,45.743251,tradeoff_or_tie
l2-n32-zipf-w4,smoke_parallel,2,32,zipf,4,eas_k2_adaptive,eas,2,adaptive,71,1,accept_static_degree,ok,-2,-12.075635999999996,0.03656500000000001,1.2639872710402678,0.5895907692998406,1.1375885439357727,20,18,57.818887,45.743251,tradeoff_or_tie
l2-n32-zipf-w4,smoke_parallel,2,32,zipf,4,native,native,,native,71,1,accept_id,ok,0,-0.32701899999999995,-0.045254,1.0055597918405665,,1.0055597918405197,20,20,59.145588,58.818569,variant_dominates
l2-n32-zipf-w4,smoke_parallel,2,32,zipf,4,native,native,,native,71,1,accept_static_degree,ok,0,0.999682,-0.052529,0.9830039727760123,,0.9830039727754358,20,20,57.818887,58.818569,baseline_dominates
l2-n32-zipf-w4,smoke_parallel,2,32,zipf,4,accept_static_degree,accept_static_degree,,greedy,71,1,native,ok,0,-0.999682,0.052529,1.017289886607468,0.0,1.0172898866080644,20,20,58.818569,57.818887,variant_dominates
l2-n32-zipf-w4,smoke_parallel,2,32,zipf,4,accept_static_degree,accept_static_degree,,greedy,71,1,accept_id,ok,0,-1.326701,0.007274999999999997,1.0229458066185189,0.8615050733880333,1.022945806619071,20,20,59.145588,57.818887,variant_dominates
l2-n32-zipf-w4,smoke_parallel,2,32,zipf,4,eas_k1_adaptive,eas,1,adaptive,71,1,native,ok,0,-2.233317999999997,0.08897,1.0394681999378248,0.0,1.0394681999373565,20,20,58.818569,56.585251,variant_dominates
l2-n32-zipf-w4,smoke_parallel,2,32,zipf,4,eas_k1_adaptive,eas,1,adaptive,71,1,accept_id,ok,0,-2.560336999999997,0.04371599999999999,1.0452474267543674,0.5086433629313253,1.0452474267538479,20,20,59.145588,56.585251,variant_dominates
l2-n32-zipf-w4,smoke_parallel,2,32,zipf,4,eas_k1_adaptive,eas,1,adaptive,71,1,accept_static_degree,ok,0,-1.233635999999997,0.036440999999999994,1.021801370113212,0.5904124985950321,1.0218013701121524,20,20,57.818887,56.585251,variant_dominates
l2-n32-zipf-w4,smoke_parallel,2,32,zipf,4,eas_k1_adaptive,eas,1,adaptive,71,2,native,ok,0,-4.882070000000006,0.078731,1.1065145963157956,0.0,1.1065145963167007,20,20,50.716821,45.834751,variant_dominates
l2-n32-zipf-w4,smoke_parallel,2,32,zipf,4,eas_k1_adaptive,eas,1,adaptive,71,2,accept_id,ok,0,-13.899304,0.031117999999999993,1.3032481620768486,0.6047554330568646,1.3032481620771401,20,20,59.734055,45.834751,variant_dominates
l2-n32-zipf-w4,smoke_parallel,2,32,zipf,4,eas_k1_adaptive,eas,1,adaptive,71,2,accept_static_degree,ok,0,-12.646844000000002,0.023821999999999996,1.2759226072810999,0.69742541057525,1.2759226072789607,20,20,58.481595,45.834751,variant_dominates
l2-n32-zipf-w4,smoke_parallel,2,32,zipf,4,native,native,,native,71,2,accept_id,ok,0,-9.017233999999995,-0.047613,1.177795725800716,,1.1777957258000158,20,20,59.734055,50.716821,variant_dominates
l2-n32-zipf-w4,smoke_parallel,2,32,zipf,4,native,native,,native,71,2,accept_static_degree,ok,0,-7.764773999999996,-0.054909,1.1531005659838183,,1.1531005659809415,20,20,58.481595,50.716821,variant_dominates
l2-n32-zipf-w4,smoke_parallel,2,32,zipf,4,accept_id,accept_id,,greedy,71,2,native,ok,0,9.017233999999995,0.047613,0.8490436652927715,0.0,0.8490436652932762,20,20,50.716821,59.734055,baseline_dominates
l2-n32-zipf-w4,smoke_parallel,2,32,zipf,4,accept_id,accept_id,,greedy,71,2,accept_static_degree,ok,0,1.2524599999999992,-0.007295999999999997,0.9790327309940703,1.1532354609035347,0.9790327309922099,20,20,58.481595,59.734055,baseline_dominates
l2-n32-zipf-w4,smoke_parallel,2,32,zipf,4,accept_static_degree,accept_static_degree,,greedy,71,2,native,ok,0,7.764773999999996,0.054909,0.8672270480994919,0.0,0.8672270481016554,20,20,50.716821,58.481595,baseline_dominates
l2-n32-zipf-w4,smoke_parallel,2,32,zipf,4,accept_static_degree,accept_static_degree,,greedy,71,2,accept_id,ok,0,-1.2524599999999992,0.007295999999999997,1.0214163105503535,0.8671256078238541,1.0214163105522944,20,20,59.734055,58.481595,variant_dominates
l2-n32-zipf-w4,smoke_parallel,2,32,zipf,4,eas_k2_adaptive,eas,2,adaptive,71,2,native,ok,-2,-9.603886000000003,0.086939,1.2335976743085844,0.0,1.1102379068788208,20,18,50.716821,41.112935,tradeoff_or_tie
l2-n32-zipf-w4,smoke_parallel,2,32,zipf,4,eas_k2_adaptive,eas,2,adaptive,71,2,accept_id,ok,-2,-18.621119999999998,0.039326,1.4529260681583545,0.5476598534604723,1.3076334613430312,20,18,59.734055,41.112935,tradeoff_or_tie
l2-n32-zipf-w4,smoke_parallel,2,32,zipf,4,eas_k2_adaptive,eas,2,adaptive,71,2,accept_static_degree,ok,-2,-17.36866,0.03203,1.4224621764415506,0.6315807635238501,1.2802159587954642,20,18,58.481595,41.112935,tradeoff_or_tie
l2-n32-zipf-w4,smoke_parallel,2,32,zipf,4,eas_k2_adaptive,eas,2,adaptive,71,3,native,ok,-2,0.34465900000000005,0.081261,0.9940470875257537,0.0,0.8946423787731959,20,18,57.552883,57.897542,baseline_dominates
l2-n32-zipf-w4,smoke_parallel,2,32,zipf,4,eas_k2_adaptive,eas,2,adaptive,71,3,accept_id,ok,-2,0.5488479999999996,0.034289,0.990520357496351,0.5780386655345122,0.8914683217477191,20,18,57.348694,57.897542,baseline_dominates
l2-n32-zipf-w4,smoke_parallel,2,32,zipf,4,eas_k2_adaptive,eas,2,adaptive,71,3,accept_static_degree,ok,-2,17.568568,0.015436000000000005,0.6965576189745672,0.8100441786342771,0.6269018570781382,20,18,40.328974,57.897542,baseline_dominates
l2-n32-zipf-w4,smoke_parallel,2,32,zipf,4,eas_k1_adaptive,eas,1,adaptive,71,3,native,ok,0,-0.9514800000000037,0.088394,1.0168101840161101,0.0,1.0168101840151227,20,20,57.552883,56.601403,variant_dominates
l2-n32-zipf-w4,smoke_parallel,2,32,zipf,4,eas_k1_adaptive,eas,1,adaptive,71,3,accept_id,ok,0,-0.7472910000000041,0.041422,1.0132026939332228,0.5313935334977488,1.0132026939333592,20,20,57.348694,56.601403,variant_dominates
l2-n32-zipf-w4,smoke_parallel,2,32,zipf,4,eas_k1_adaptive,eas,1,adaptive,71,3,accept_static_degree,ok,0,16.272428999999995,0.022569000000000006,0.7125083807551555,0.7446772405366879,0.7125083807556178,20,20,40.328974,56.601403,baseline_dominates
l2-n32-zipf-w4,smoke_parallel,2,32,zipf,4,native,native,,native,71,3,accept_id,ok,0,0.2041889999999995,-0.046972,0.9964521499296569,,0.9964521499307585,20,20,57.348694,57.552883,baseline_dominates
l2-n32-zipf-w4,smoke_parallel,2,32,zipf,4,native,native,,native,71,3,accept_static_degree,ok,0,17.223909,-0.065825,0.7007289973640417,,0.7007289973651767,20,20,40.328974,57.552883,baseline_dominates
l2-n32-zipf-w4,smoke_parallel,2,32,zipf,4,accept_static_degree,accept_static_degree,,greedy,71,3,native,ok,0,-17.223909,0.065825,1.4270852266164766,0.0,1.4270852266141651,20,20,57.552883,40.328974,variant_dominates
l2-n32-zipf-w4,smoke_parallel,2,32,zipf,4,accept_static_degree,accept_static_degree,,greedy,71,3,accept_id,ok,0,-17.01972,0.018852999999999995,1.4220221421948398,0.7135890619065705,1.4220221421941086,20,20,57.348694,40.328974,variant_dominates
l2-n32-zipf-w4,smoke_parallel,2,32,zipf,4,accept_id,accept_id,,greedy,71,3,native,ok,0,-0.2041889999999995,0.046972,1.0035604821271082,0.0,1.0035604821259987,20,20,57.552883,57.348694,variant_dominates
l2-n32-zipf-w4,smoke_parallel,2,32,zipf,4,accept_id,accept_id,,greedy,71,3,accept_static_degree,ok,0,17.01972,-0.018852999999999995,0.7032239304351029,1.401366771693775,0.7032239304354645,20,20,40.328974,57.348694,baseline_dominates
l2-n32-zipf-w4,smoke_parallel,2,32,zipf,4,native,native,,native,101,1,accept_id,ok,0,-1.7878929999999968,-0.04442,1.0318583109836639,,1.0318583109830954,19,19,57.908037,56.120144,variant_dominates
l2-n32-zipf-w4,smoke_parallel,2,32,zipf,4,native,native,,native,101,1,accept_static_degree,ok,0,2.7372960000000006,-0.055176,0.951224358939635,,0.9512243589383326,19,19,53.382848,56.120144,baseline_dominates
l2-n32-zipf-w4,smoke_parallel,2,32,zipf,4,eas_k1_adaptive,eas,1,adaptive,101,1,native,ok,0,-11.075688000000007,0.090199,1.2458834889692088,0.0,1.2458834889681614,19,19,56.120144,45.044456,variant_dominates
l2-n32-zipf-w4,smoke_parallel,2,32,zipf,4,eas_k1_adaptive,eas,1,adaptive,101,1,accept_id,ok,0,-12.863581000000003,0.045779,1.285575232610202,0.49246665705828224,1.285575232608413,19,19,57.908037,45.044456,variant_dominates
l2-n32-zipf-w4,smoke_parallel,2,32,zipf,4,eas_k1_adaptive,eas,1,adaptive,101,1,accept_static_degree,ok,0,-8.338392000000006,0.035023,1.1851147231082113,0.6117140988259293,1.1851147231055925,19,19,53.382848,45.044456,variant_dominates
l2-n32-zipf-w4,smoke_parallel,2,32,zipf,4,accept_id,accept_id,,greedy,101,1,native,ok,0,1.7878929999999968,0.04442,0.9691253046619419,0.0,0.9691253046624757,19,19,56.120144,57.908037,baseline_dominates
l2-n32-zipf-w4,smoke_parallel,2,32,zipf,4,accept_id,accept_id,,greedy,101,1,accept_static_degree,ok,0,4.5251889999999975,-0.010756000000000002,0.9218555966592341,1.2421431787483117,0.9218555966584797,19,19,53.382848,57.908037,baseline_dominates
l2-n32-zipf-w4,smoke_parallel,2,32,zipf,4,eas_k2_adaptive,eas,2,adaptive,101,1,native,ok,-1,0.45214099999999746,0.085632,0.9920077295799525,0.0,0.9397967964455348,19,18,56.120144,56.572285,baseline_dominates
l2-n32-zipf-w4,smoke_parallel,2,32,zipf,4,eas_k2_adaptive,eas,2,adaptive,101,1,accept_id,ok,-1,-1.3357519999999994,0.041212,1.023611420327109,0.5187313153961136,0.9697371350476136,19,18,57.908037,56.572285,tradeoff_or_tie
l2-n32-zipf-w4,smoke_parallel,2,32,zipf,4,eas_k2_adaptive,eas,2,adaptive,101,1,accept_static_degree,ok,-1,3.189436999999998,0.030455999999999997,0.943621916632853,0.6443385650224216,0.8939576052312025,19,18,53.382848,56.572285,baseline_dominates
l2-n32-zipf-w4,smoke_parallel,2,32,zipf,4,accept_static_degree,accept_static_degree,,greedy,101,1,native,ok,0,-2.7372960000000006,0.055176,1.051276694716625,0.0,1.0512766947180643,19,19,56.120144,53.382848,variant_dominates
l2-n32-zipf-w4,smoke_parallel,2,32,zipf,4,accept_static_degree,accept_static_degree,,greedy,101,1,accept_id,ok,0,-4.5251889999999975,0.010756000000000002,1.0847685945867855,0.8050601710888792,1.0847685945876733,19,19,57.908037,53.382848,variant_dominates
l2-n32-zipf-w4,smoke_parallel,2,32,zipf,4,eas_k2_adaptive,eas,2,adaptive,101,2,native,ok,-1,0.15102100000000007,0.091332,0.9974237039638121,0.0,0.9449277195454232,19,18,58.468407,58.619428,baseline_dominates
l2-n32-zipf-w4,smoke_parallel,2,32,zipf,4,eas_k2_adaptive,eas,2,adaptive,101,2,accept_id,ok,-1,-7.276689000000005,0.042903,1.124134425194323,0.5302522664564446,1.0649694554453328,19,18,65.896117,58.619428,tradeoff_or_tie
l2-n32-zipf-w4,smoke_parallel,2,32,zipf,4,eas_k2_adaptive,eas,2,adaptive,101,2,accept_static_degree,ok,-1,58.498835,0.038901,0.0020572189820753624,0.5740704243857575,0.0019489442988046464,19,18,0.120593,58.619428,baseline_dominates
l2-n32-zipf-w4,smoke_parallel,2,32,zipf,4,accept_static_degree,accept_static_degree,,greedy,101,2,native,ok,0,-58.347814,0.052431,484.8408033633793,0.0,484.8408033646623,19,19,58.468407,0.120593,variant_dominates
l2-n32-zipf-w4,smoke_parallel,2,32,zipf,4,accept_static_degree,accept_static_degree,,greedy,101,2,accept_id,ok,0,-65.775524,0.004001999999999999,546.4340135828779,0.9236711106025062,546.4340135828996,19,19,65.896117,0.120593,variant_dominates
l2-n32-zipf-w4,smoke_parallel,2,32,zipf,4,native,native,,native,101,2,accept_id,ok,0,-7.427710000000005,-0.048429,1.1270380087488958,,1.1270380087459582,19,19,65.896117,58.468407,variant_dominates
l2-n32-zipf-w4,smoke_parallel,2,32,zipf,4,native,native,,native,101,2,accept_static_degree,ok,0,58.347814,-0.052431,0.002062532676835201,,0.002062532676829743,19,19,0.120593,58.468407,baseline_dominates
l2-n32-zipf-w4,smoke_parallel,2,32,zipf,4,eas_k1_adaptive,eas,1,adaptive,101,2,native,ok,0,-9.596913,0.08452,1.1963703626494415,0.0,1.196370362651302,19,19,58.468407,48.871494,variant_dominates
l2-n32-zipf-w4,smoke_parallel,2,32,zipf,4,eas_k1_adaptive,eas,1,adaptive,101,2,accept_id,ok,0,-17.024623000000005,0.036091,1.348354871246621,0.5729886417415996,1.3483548712452031,19,19,65.896117,48.871494,variant_dominates
l2-n32-zipf-w4,smoke_parallel,2,32,zipf,4,eas_k1_adaptive,eas,1,adaptive,101,2,accept_static_degree,ok,0,48.750901,0.032089,0.002467552966561653,0.620338381448178,0.00246755296655896,19,19,0.120593,48.871494,baseline_dominates
l2-n32-zipf-w4,smoke_parallel,2,32,zipf,4,accept_id,accept_id,,greedy,101,2,native,ok,0,7.427710000000005,0.048429,0.8872815222177658,0.0,0.8872815222200786,19,19,58.468407,65.896117,baseline_dominates
l2-n32-zipf-w4,smoke_parallel,2,32,zipf,4,accept_id,accept_id,,greedy,101,2,accept_static_degree,ok,0,65.775524,-0.004001999999999999,0.0018300471331262206,1.0826364368456916,0.001830047133126148,19,19,0.120593,65.896117,baseline_dominates
l2-n32-zipf-w4,smoke_parallel,2,32,zipf,4,accept_id,accept_id,,greedy,101,3,native,ok,0,1.7546329999999983,0.04408,0.9710549769244243,0.0,0.9710549769263915,19,19,58.864873,60.619506,baseline_dominates
l2-n32-zipf-w4,smoke_parallel,2,32,zipf,4,accept_id,accept_id,,greedy,101,3,accept_static_degree,ok,0,6.872260000000004,-0.014265,0.8866328603865561,1.3236161524500907,0.8866328603871181,19,19,53.747246,60.619506,baseline_dominates
l2-n32-zipf-w4,smoke_parallel,2,32,zipf,4,eas_k1_adaptive,eas,1,adaptive,101,3,native,ok,0,4.426533999999997,0.089029,0.9300610586836852,0.0,0.9300610586836005,19,19,58.864873,63.291407,baseline_dominates
l2-n32-zipf-w4,smoke_parallel,2,32,zipf,4,eas_k1_adaptive,eas,1,adaptive,101,3,accept_id,ok,0,2.6719009999999983,0.044948999999999996,0.9577841427984055,0.4951195677812848,0.9577841427963779,19,19,60.619506,63.291407,baseline_dominates
l2-n32-zipf-w4,smoke_parallel,2,32,zipf,4,eas_k1_adaptive,eas,1,adaptive,101,3,accept_static_degree,ok,0,9.544161000000003,0.030683999999999996,0.8492028941622359,0.655348257309416,0.8492028941609765,19,19,53.747246,63.291407,baseline_dominates
l2-n32-zipf-w4,smoke_parallel,2,32,zipf,4,eas_k2_adaptive,eas,2,adaptive,101,3,native,ok,-1,-28.775922,0.090657,1.9563617555161694,0.0,1.8533953473333675,19,18,58.864873,30.088951,tradeoff_or_tie
l2-n32-zipf-w4,smoke_parallel,2,32,zipf,4,eas_k2_adaptive,eas,2,adaptive,101,3,accept_id,ok,-1,-30.530555,0.046577,2.0146766166756693,0.4862283111066989,1.9086410052701472,19,18,60.619506,30.088951,tradeoff_or_tie
l2-n32-zipf-w4,smoke_parallel,2,32,zipf,4,eas_k2_adaptive,eas,2,adaptive,101,3,accept_static_degree,ok,-1,-23.658294999999995,0.032312,1.7862784913970577,0.6435796463593545,1.692263833954815,19,18,53.747246,30.088951,tradeoff_or_tie
l2-n32-zipf-w4,smoke_parallel,2,32,zipf,4,native,native,,native,101,3,accept_id,ok,0,-1.7546329999999983,-0.04408,1.0298078108484154,,1.0298078108463293,19,19,60.619506,58.864873,variant_dominates
l2-n32-zipf-w4,smoke_parallel,2,32,zipf,4,native,native,,native,101,3,accept_static_degree,ok,0,5.117627000000006,-0.058345,0.9130614449809481,,0.9130614449796771,19,19,53.747246,58.864873,baseline_dominates
l2-n32-zipf-w4,smoke_parallel,2,32,zipf,4,accept_static_degree,accept_static_degree,,greedy,101,3,native,ok,0,-5.117627000000006,0.058345,1.0952165437462602,0.0,1.0952165437477845,19,19,58.864873,53.747246,variant_dominates
l2-n32-zipf-w4,smoke_parallel,2,32,zipf,4,accept_static_degree,accept_static_degree,,greedy,101,3,accept_id,ok,0,-6.872260000000004,0.014265,1.127862551320304,0.7555060416488131,1.127862551319589,19,19,60.619506,53.747246,variant_dominates
l1-n2-identical-w1,zero_commit,1,2,identical,1,native,native,,native,11,1,accept_id,ok,0,-0.009719,-0.009137,2.350423787689315,,2.3504237876906133,1,1,0.016916,0.007197,variant_dominates
l1-n2-identical-w1,zero_commit,1,2,identical,1,native,native,,native,11,1,accept_static_degree,ok,0,-0.013184,-0.010737,2.8318743921078227,,2.8318743921075273,1,1,0.020381,0.007197,variant_dominates
l1-n2-identical-w1,zero_commit,1,2,identical,1,accept_id,accept_id,,greedy,11,1,native,ok,0,0.009719,0.009137,0.42545519035232915,0.0,0.42545519035209417,1,1,0.007197,0.016916,baseline_dominates
l1-n2-identical-w1,zero_commit,1,2,identical,1,accept_id,accept_id,,greedy,11,1,accept_static_degree,ok,0,-0.0034649999999999993,-0.0016000000000000007,1.2048356585481201,1.1751121812411076,1.204835658547329,1,1,0.020381,0.016916,variant_dominates
l1-n2-identical-w1,zero_commit,1,2,identical,1,eas_k1_adaptive,eas,1,adaptive,11,1,native,ok,0,0.026975,0.024731,0.21061102657146202,0.0,0.21061102657156583,1,1,0.007197,0.034172,baseline_dominates
l1-n2-identical-w1,zero_commit,1,2,identical,1,eas_k1_adaptive,eas,1,adaptive,11,1,accept_id,ok,0,0.017256,0.015594,0.4950251668032307,0.36945533945250897,0.49502516680374814,1,1,0.016916,0.034172,baseline_dominates
l1-n2-identical-w1,zero_commit,1,2,identical,1,eas_k1_adaptive,eas,1,adaptive,11,1,accept_static_degree,ok,0,0.013791000000000001,0.013994,0.5964239728432634,0.4341514698152117,0.5964239728434952,1,1,0.020381,0.034172,baseline_dominates
l1-n2-identical-w1,zero_commit,1,2,identical,1,eas_k2_adaptive,eas,2,adaptive,11,1,native,ok,-1,0.023211999999999997,0.022854,0.2366733532835674,0.0,0.0,1,0,0.007197,0.030409,baseline_dominates
l1-n2-identical-w1,zero_commit,1,2,identical,1,eas_k2_adaptive,eas,2,adaptive,11,1,accept_id,ok,-1,0.013492999999999998,0.013717,0.5562826794698938,0.39979872232431957,0.0,1,0,0.016916,0.030409,baseline_dominates
l1-n2-identical-w1,zero_commit,1,2,identical,1,eas_k2_adaptive,eas,2,adaptive,11,1,accept_static_degree,ok,-1,0.010027999999999999,0.012117,0.6702292084580224,0.46980834864793913,0.0,1,0,0.020381,0.030409,baseline_dominates
l1-n2-identical-w1,zero_commit,1,2,identical,1,accept_static_degree,accept_static_degree,,greedy,11,1,native,ok,0,0.013184,0.010737,0.3531230067219469,0.0,0.3531230067219837,1,1,0.007197,0.020381,baseline_dominates
l1-n2-identical-w1,zero_commit,1,2,identical,1,accept_static_degree,accept_static_degree,,greedy,11,1,accept_id,ok,0,0.0034649999999999993,0.0016000000000000007,0.8299887149796379,0.850982583589457,0.8299887149801829,1,1,0.016916,0.020381,baseline_dominates
l1-n2-identical-w1,zero_commit,1,2,identical,1,eas_k1_adaptive,eas,1,adaptive,11,2,native,ok,0,0.024880999999999997,0.022799,0.23595885152771381,0.0,0.2359588515279665,1,1,0.007684,0.032565,baseline_dominates
l1-n2-identical-w1,zero_commit,1,2,identical,1,eas_k1_adaptive,eas,1,adaptive,11,2,accept_id,ok,0,0.014728999999999996,0.013935,0.5477045908183633,0.3887889819728936,0.5477045908191536,1,1,0.017836,0.032565,baseline_dominates
l1-n2-identical-w1,zero_commit,1,2,identical,1,eas_k1_adaptive,eas,1,adaptive,11,2,accept_static_degree,ok,0,0.013702999999999996,0.013345,0.5792108091509289,0.41466730996973555,0.5792108091521386,1,1,0.018862,0.032565,baseline_dominates
l1-n2-identical-w1,zero_commit,1,2,identical,1,native,native,,native,11,2,accept_id,ok,0,-0.010152000000000001,-0.008864,2.321186881832379,,2.3211868818332424,1,1,0.017836,0.007684,variant_dominates
l1-n2-identical-w1,zero_commit,1,2,identical,1,native,native,,native,11,2,accept_static_degree,ok,0,-0.011178,-0.009454,2.454711087975013,,2.4547110879775107,1,1,0.018862,0.007684,variant_dominates
l1-n2-identical-w1,zero_commit,1,2,identical,1,accept_static_degree,accept_static_degree,,greedy,11,2,native,ok,0,0.011178,0.009454,0.40737991729403034,0.0,0.4073799172936158,1,1,0.007684,0.018862,baseline_dominates
l1-n2-identical-w1,zero_commit,1,2,identical,1,accept_static_degree,accept_static_degree,,greedy,11,2,accept_id,ok,0,0.0010259999999999991,0.0005900000000000002,0.9456049199448627,0.9375925534165432,0.9456049199442522,1,1,0.017836,0.018862,baseline_dominates
l1-n2-identical-w1,zero_commit,1,2,identical,1,accept_id,accept_id,,greedy,11,2,native,ok,0,0.010152000000000001,0.008864,0.43081408387530834,0.0,0.43081408387514813,1,1,0.007684,0.017836,baseline_dominates
l1-n2-identical-w1,zero_commit,1,2,identical,1,accept_id,accept_id,,greedy,11,2,accept_static_degree,ok,0,-0.0010259999999999991,-0.0005900000000000002,1.0575241085445166,1.0665613718411553,1.0575241085451994,1,1,0.018862,0.017836,variant_dominates
l1-n2-identical-w1,zero_commit,1,2,identical,1,eas_k2_adaptive,eas,2,adaptive,11,2,native,ok,-1,0.022299,0.023448,0.25627855784944803,0.0,0.0,1,0,0.007684,0.029983,baseline_dominates
l1-n2-identical-w1,zero_commit,1,2,identical,1,eas_k2_adaptive,eas,2,adaptive,11,2,accept_id,ok,-1,0.012146999999999998,0.014584,0.5948704265750593,0.37802797679972705,0.0,1,0,0.017836,0.029983,baseline_dominates
l1-n2-identical-w1,zero_commit,1,2,identical,1,eas_k2_adaptive,eas,2,adaptive,11,2,accept_static_degree,ok,-1,0.011120999999999999,0.013994,0.6290898175632859,0.40319003752985333,0.0,1,0,0.018862,0.029983,baseline_dominates
l1-n2-identical-w1,zero_commit,1,2,identical,1,accept_id,accept_id,,greedy,11,3,native,ok,0,0.008425000000000002,0.008445,0.5291191594008495,0.0,0.5291191593994545,1,1,0.009467,0.017892,baseline_dominates
l1-n2-identical-w1,zero_commit,1,2,identical,1,accept_id,accept_id,,greedy,11,3,accept_static_degree,ok,0,0.00047700000000000173,-0.0008860000000000014,0.9733400402414486,1.1049141503848432,0.973340040241369,1,1,0.017415,0.017892,baseline_dominates
l1-n2-identical-w1,zero_commit,1,2,identical,1,accept_static_degree,accept_static_degree,,greedy,11,3,native,ok,0,0.007948,0.009331,0.5436118288831467,0.0,0.5436118288817581,1,1,0.009467,0.017415,baseline_dominates
l1-n2-identical-w1,zero_commit,1,2,identical,1,accept_static_degree,accept_static_degree,,greedy,11,3,accept_id,ok,0,-0.00047700000000000173,0.0008860000000000014,1.027390180878553,0.905047690494052,1.027390180878637,1,1,0.017892,0.017415,variant_dominates
l1-n2-identical-w1,zero_commit,1,2,identical,1,eas_k2_adaptive,eas,2,adaptive,11,3,native,ok,-1,0.024137000000000002,0.024217,0.28172241399833353,0.0,0.0,1,0,0.009467,0.033604,baseline_dominates
l1-n2-identical-w1,zero_commit,1,2,identical,1,eas_k2_adaptive,eas,2,adaptive,11,3,accept_id,ok,-1,0.015712,0.015772,0.5324366146887276,0.3487219721683115,0.0,1,0,0.017892,0.033604,baseline_dominates
l1-n2-identical-w1,zero_commit,1,2,identical,1,eas_k2_adaptive,eas,2,adaptive,11,3,accept_static_degree,ok,-1,0.016189000000000002,0.014885999999999998,0.5182418759671468,0.3853078415988769,0.0,1,0,0.017415,0.033604,baseline_dominates
l1-n2-identical-w1,zero_commit,1,2,identical,1,native,native,,native,11,3,accept_id,ok,0,-0.008425000000000002,-0.008445,1.889933453047428,,1.8899334530524106,1,1,0.017892,0.009467,variant_dominates
l1-n2-identical-w1,zero_commit,1,2,identical,1,native,native,,native,11,3,accept_static_degree,ok,0,-0.007948,-0.009331,1.8395479032428437,,1.8395479032475428,1,1,0.017415,0.009467,variant_dominates
l1-n2-identical-w1,zero_commit,1,2,identical,1,eas_k1_adaptive,eas,1,adaptive,11,3,native,ok,0,0.025453,0.025174,0.2711053837342497,0.0,0.27110538373376825,1,1,0.009467,0.03492,baseline_dominates
l1-n2-identical-w1,zero_commit,1,2,identical,1,eas_k1_adaptive,eas,1,adaptive,11,3,accept_id,ok,0,0.017027999999999998,0.016729,0.5123711340206186,0.33546516246921426,0.5123711340210594,1,1,0.017892,0.03492,baseline_dominates
l1-n2-identical-w1,zero_commit,1,2,identical,1,eas_k1_adaptive,eas,1,adaptive,11,3,accept_static_degree,ok,0,0.017505,0.015842999999999996,0.49871134020618557,0.3706602049733853,0.4987113402065738,1,1,0.017415,0.03492,baseline_dominates
l1-n2-identical-w1,zero_commit,1,2,identical,1,accept_static_degree,accept_static_degree,,greedy,29,1,native,ok,0,0.008692,0.009721,0.544277250563624,0.0,0.5442772505640027,1,1,0.010381,0.019073,baseline_dominates
l1-n2-identical-w1,zero_commit,1,2,identical,1,accept_static_degree,accept_static_degree,,greedy,29,1,accept_id,ok,0,0.003408999999999999,0.0010880000000000004,0.8212656635033818,0.8880773582964715,0.8212656635039779,1,1,0.015664,0.019073,baseline_dominates
l1-n2-identical-w1,zero_commit,1,2,identical,1,accept_id,accept_id,,greedy,29,1,native,ok,0,0.005283000000000001,0.008633,0.6627298263534218,0.0,0.6627298263534018,1,1,0.010381,0.015664,baseline_dominates
l1-n2-identical-w1,zero_commit,1,2,identical,1,accept_id,accept_id,,greedy,29,1,accept_static_degree,ok,0,-0.003408999999999999,-0.0010880000000000004,1.2176327885597549,1.1260280319703464,1.217632788558871,1,1,0.019073,0.015664,variant_dominates
l1-n2-identical-w1,zero_commit,1,2,identical,1,eas_k1_adaptive,eas,1,adaptive,29,1,native,ok,0,0.02203,0.022399,0.3202924932893153,0.0,0.3202924932890707,1,1,0.010381,0.032411,baseline_dominates
l1-n2-identical-w1,zero_commit,1,2,identical,1,eas_k1_adaptive,eas,1,adaptive,29,1,accept_id,ok,0,0.016747,0.013765999999999999,0.4832927092653729,0.38541899191928214,0.4832927092650183,1,1,0.015664,0.032411,baseline_dominates
l1-n2-identical-w1,zero_commit,1,2,identical,1,eas_k1_adaptive,eas,1,adaptive,29,1,accept_static_degree,ok,0,0.013338000000000003,0.012677999999999998,0.5884730492733948,0.4339925889548641,0.588473049272536,1,1,0.019073,0.032411,baseline_dominates
l1-n2-identical-w1,zero_commit,1,2,identical,1,eas_k2_adaptive,eas,2,adaptive,29,1,native,ok,-1,0.022291,0.023921,0.3177338393731636,0.0,0.0,1,0,0.010381,0.032672,baseline_dominates
l1-n2-identical-w1,zero_commit,1,2,identical,1,eas_k2_adaptive,eas,2,adaptive,29,1,accept_id,ok,-1,0.017008,0.015288000000000001,0.47943192948090113,0.36089628360018394,0.0,1,0,0.015664,0.032672,baseline_dominates
l1-n2-identical-w1,zero_commit,1,2,identical,1,eas_k2_adaptive,eas,2,adaptive,29,1,accept_static_degree,ok,-1,0.013599,0.0142,0.5837720372184133,0.4063793319677271,0.0,1,0,0.019073,0.032672,baseline_dominates
l1-n2-identical-w1,zero_commit,1,2,identical,1,native,native,,native,29,1,accept_id,ok,0,-0.005283000000000001,-0.008633,1.5089105095848185,,1.5089105095848638,1,1,0.015664,0.010381,variant_dominates
l1-n2-identical-w1,zero_commit,1,2,identical,1,native,native,,native,29,1,accept_static_degree,ok,0,-0.008692,-0.009721,1.8372989114728833,,1.837298911471605,1,1,0.019073,0.010381,variant_dominates
l1-n2-identical-w1,zero_commit,1,2,identical,1,eas_k1_adaptive,eas,1,adaptive,29,2,native,ok,0,0.021041,0.021392,0.3206005812076203,0.0,0.32060058120723844,1,1,0.009929,0.03097,baseline_dominates
l1-n2-identical-w1,zero_commit,1,2,identical,1,eas_k1_adaptive,eas,1,adaptive,29,2,accept_id,ok,0,0.013687000000000001,0.011998000000000002,0.5580561834032934,0.4391361256544502,0.5580561834027059,1,1,0.017283,0.03097,baseline_dominates
l1-n2-identical-w1,zero_commit,1,2,identical,1,eas_k1_adaptive,eas,1,adaptive,29,2,accept_static_degree,ok,0,0.011688,0.011542000000000002,0.6226025185663545,0.4604525056095736,0.6226025185652262,1,1,0.019282,0.03097,baseline_dominates
l1-n2-identical-w1,zero_commit,1,2,identical,1,accept_id,accept_id,,greedy,29,2,native,ok,0,0.007353999999999999,0.009394,0.5744951686628479,0.0,0.5744951686627686,1,1,0.009929,0.017283,baseline_dominates
l1-n2-identical-w1,zero_commit,1,2,identical,1,accept_id,accept_id,,greedy,29,2,accept_static_degree,ok,0,-0.0019990000000000008,-0.0004559999999999998,1.11566279002488,1.048541622312114,1.1156627900240328,1,1,0.019282,0.017283,variant_dominates
l1-n2-identical-w1,zero_commit,1,2,identical,1,accept_static_degree,accept_static_degree,,greedy,29,2,native,ok,0,0.009353,0.00985,0.5149362099367285,0.0,0.5149362099370485,1,1,0.009929,0.019282,baseline_dominates
l1-n2-identical-w1,zero_commit,1,2,identical,1,accept_static_degree,accept_static_degree,,greedy,29,2,accept_id,ok,0,0.0019990000000000008,0.0004559999999999998,0.8963281817238875,0.9537055837563452,0.8963281817245681,1,1,0.017283,0.019282,baseline_dominates
l1-n2-identical-w1,zero_commit,1,2,identical,1,native,native,,native,29,2,accept_id,ok,0,-0.007353999999999999,-0.009394,1.7406586766038876,,1.7406586766041279,1,1,0.017283,0.009929,variant_dominates
l1-n2-identical-w1,zero_commit,1,2,identical,1,native,native,,native,29,2,accept_static_degree,ok,0,-0.009353,-0.00985,1.9419881156209085,,1.941988115619702,1,1,0.019282,0.009929,variant_dominates
l1-n2-identical-w1,zero_commit,1,2,identical,1,eas_k2_adaptive,eas,2,adaptive,29,2,native,ok,-1,0.022077,0.023402,0.3102230831719053,0.0,0.0,1,0,0.009929,0.032006,baseline_dominates
l1-n2-identical-w1,zero_commit,1,2,identical,1,eas_k2_adaptive,eas,2,adaptive,29,2,accept_id,ok,-1,0.014723,0.014008,0.5399925014059864,0.40141868216391763,0.0,1,0,0.017283,0.032006,baseline_dominates
l1-n2-identical-w1,zero_commit,1,2,identical,1,eas_k2_adaptive,eas,2,adaptive,29,2,accept_static_degree,ok,-1,0.012724,0.013552,0.6024495407111167,0.42090419622254505,0.0,1,0,0.019282,0.032006,baseline_dominates
l1-n2-identical-w1,zero_commit,1,2,identical,1,accept_id,accept_id,,greedy,29,3,native,ok,0,0.007935999999999999,0.008773,0.5625620108036601,0.0,0.5625620108038628,1,1,0.010206,0.018142,baseline_dominates
l1-n2-identical-w1,zero_commit,1,2,identical,1,accept_id,accept_id,,greedy,29,3,accept_static_degree,ok,0,-0.004455000000000001,-0.004618000000000001,1.2455627824936613,1.5263877806907558,1.245562782495443,1,1,0.022597,0.018142,variant_dominates
l1-n2-identical-w1,zero_commit,1,2,identical,1,accept_static_degree,accept_static_degree,,greedy,29,3,native,ok,0,0.012391,0.013391,0.4516528742753463,0.0,0.45165287427486295,1,1,0.010206,0.022597,baseline_dominates
l1-n2-identical-w1,zero_commit,1,2,identical,1,accept_static_degree,accept_static_degree,,greedy,29,3,accept_id,ok,0,0.004455000000000001,0.004618000000000001,0.8028499358321901,0.6551415129564633,0.8028499358310416,1,1,0.018142,0.022597,baseline_dominates
l1-n2-identical-w1,zero_commit,1,2,identical,1,native,native,,native,29,3,accept_id,ok,0,-0.007935999999999999,-0.008773,1.7775818146188516,,1.777581814618211,1,1,0.018142,0.010206,variant_dominates
l1-n2-identical-w1,zero_commit,1,2,identical,1,native,native,,native,29,3,accept_static_degree,ok,0,-0.012391,-0.013391,2.2140897511267883,,2.2140897511291575,1,1,0.022597,0.010206,variant_dominates
l1-n2-identical-w1,zero_commit,1,2,identical,1,eas_k1_adaptive,eas,1,adaptive,29,3,native,ok,0,0.024214,0.025473,0.29651365485183034,0.0,0.29651365485123,1,1,0.010206,0.03442,baseline_dominates
l1-n2-identical-w1,zero_commit,1,2,identical,1,eas_k1_adaptive,eas,1,adaptive,29,3,accept_id,ok,0,0.016278,0.0167,0.5270772806507844,0.3444038786165744,0.5270772806495273,1,1,0.018142,0.03442,baseline_dominates
l1-n2-identical-w1,zero_commit,1,2,identical,1,eas_k1_adaptive,eas,1,adaptive,29,3,accept_static_degree,ok,0,0.011823,0.012081999999999999,0.6565078442765834,0.5256938719428415,0.6565078442759568,1,1,0.022597,0.03442,baseline_dominates
l1-n2-identical-w1,zero_commit,1,2,identical,1,eas_k2_adaptive,eas,2,adaptive,29,3,native,ok,-1,0.023469999999999998,0.025645,0.30306449697113674,0.0,0.0,1,0,0.010206,0.033676,baseline_dominates
l1-n2-identical-w1,zero_commit,1,2,identical,1,eas_k2_adaptive,eas,2,adaptive,29,3,accept_id,ok,-1,0.015534,0.016872,0.5387219384725027,0.3420939754338077,0.0,1,0,0.018142,0.033676,baseline_dominates
l1-n2-identical-w1,zero_commit,1,2,identical,1,eas_k2_adaptive,eas,2,adaptive,29,3,accept_static_degree,ok,-1,0.011078999999999999,0.012254000000000001,0.6710119966741893,0.5221680639500877,0.0,1,0,0.022597,0.033676,baseline_dominates
l1-n2-identical-w1,zero_commit,1,2,identical,1,eas_k2_adaptive,eas,2,adaptive,47,1,native,ok,-1,0.021883,0.022001,0.3041086306684475,0.0,0.0,1,0,0.009563,0.031446,baseline_dominates
l1-n2-identical-w1,zero_commit,1,2,identical,1,eas_k2_adaptive,eas,2,adaptive,47,1,accept_id,ok,-1,0.012422000000000002,0.013174,0.6049736055460153,0.40120903595291124,0.0,1,0,0.019024,0.031446,baseline_dominates
l1-n2-identical-w1,zero_commit,1,2,identical,1,eas_k2_adaptive,eas,2,adaptive,47,1,accept_static_degree,ok,-1,0.012372000000000001,0.012291999999999999,0.6065636328944858,0.44129812281259945,0.0,1,0,0.019074,0.031446,baseline_dominates
l1-n2-identical-w1,zero_commit,1,2,identical,1,accept_id,accept_id,,greedy,47,1,native,ok,0,0.009460999999999999,0.008827,0.5026808242220353,0.0,0.5026808242227163,1,1,0.009563,0.019024,baseline_dominates
l1-n2-identical-w1,zero_commit,1,2,identical,1,accept_id,accept_id,,greedy,47,1,accept_static_degree,ok,0,-5.000000000000143e-05,-0.0008820000000000008,1.0026282590412112,1.0999206978588423,1.0026282590412972,1,1,0.019074,0.019024,variant_dominates
l1-n2-identical-w1,zero_commit,1,2,identical,1,accept_static_degree,accept_static_degree,,greedy,47,1,native,ok,0,0.009511,0.009709,0.5013631120897557,0.0,0.5013631120903919,1,1,0.009563,0.019074,baseline_dominates
l1-n2-identical-w1,zero_commit,1,2,identical,1,accept_static_degree,accept_static_degree,,greedy,47,1,accept_id,ok,0,5.000000000000143e-05,0.0008820000000000008,0.9973786305966236,0.909156452775775,0.9973786305965381,1,1,0.019024,0.019074,baseline_dominates
l1-n2-identical-w1,zero_commit,1,2,identical,1,native,native,,native,47,1,accept_id,ok,0,-0.009460999999999999,-0.008827,1.9893338910383769,,1.989333891035682,1,1,0.019024,0.009563,variant_dominates
l1-n2-identical-w1,zero_commit,1,2,identical,1,native,native,,native,47,1,accept_static_degree,ok,0,-0.009511,-0.009709,1.9945623758234863,,1.9945623758209554,1,1,0.019074,0.009563,variant_dominates
l1-n2-identical-w1,zero_commit,1,2,identical,1,eas_k1_adaptive,eas,1,adaptive,47,1,native,ok,0,0.02524,0.026746,0.2747751630606557,0.0,0.27477516306141886,1,1,0.009563,0.034803,baseline_dominates
l1-n2-identical-w1,zero_commit,1,2,identical,1,eas_k1_adaptive,eas,1,adaptive,47,1,accept_id,ok,0,0.015779,0.017918999999999997,0.5466195442921586,0.33003065879009946,0.5466195442929364,1,1,0.019024,0.034803,baseline_dominates
l1-n2-identical-w1,zero_commit,1,2,identical,1,eas_k1_adaptive,eas,1,adaptive,47,1,accept_static_degree,ok,0,0.015729,0.017036999999999997,0.5480562020515473,0.36300755253121963,0.548056202052374,1,1,0.019074,0.034803,baseline_dominates
l1-n2-identical-w1,zero_commit,1,2,identical,1,accept_id,accept_id,,greedy,47,2,native,ok,0,0.008404000000000002,0.009763,0.5286331258062706,0.0,0.5286331258060164,1,1,0.009425,0.017829,baseline_dominates
l1-n2-identical-w1,zero_commit,1,2,identical,1,accept_id,accept_id,,greedy,47,2,accept_static_degree,ok,0,-0.0011579999999999993,1.3000000000000858e-05,1.0649503617701497,0.9986684420772303,1.0649503617705833,1,1,0.018987,0.017829,variant_dominates
l1-n2-identical-w1,zero_commit,1,2,identical,1,native,native,,native,47,2,accept_id,ok,0,-0.008404000000000002,-0.009763,1.8916710875331568,,1.8916710875340665,1,1,0.017829,0.009425,variant_dominates
l1-n2-identical-w1,zero_commit,1,2,identical,1,native,native,,native,47,2,accept_static_degree,ok,0,-0.009562000000000001,-0.00975,2.0145358090185677,,2.014535809020357,1,1,0.018987,0.009425,variant_dominates
l1-n2-identical-w1,zero_commit,1,2,identical,1,eas_k2_adaptive,eas,2,adaptive,47,2,native,ok,-1,0.024065,0.024684,0.28142729172887426,0.0,0.0,1,0,0.009425,0.03349,baseline_dominates
l1-n2-identical-w1,zero_commit,1,2,identical,1,eas_k2_adaptive,eas,2,adaptive,47,2,accept_id,ok,-1,0.015660999999999998,0.014921,0.5323678710062706,0.3955193647707017,0.0,1,0,0.017829,0.03349,baseline_dominates
l1-n2-identical-w1,zero_commit,1,2,identical,1,eas_k2_adaptive,eas,2,adaptive,47,2,accept_static_degree,ok,-1,0.014502999999999999,0.014934000000000001,0.5669453568229322,0.3949927078269324,0.0,1,0,0.018987,0.03349,baseline_dominates
l1-n2-identical-w1,zero_commit,1,2,identical,1,accept_static_degree,accept_static_degree,,greedy,47,2,native,ok,0,0.009562000000000001,0.00975,0.4963922683941644,0.0,0.4963922683937235,1,1,0.009425,0.018987,baseline_dominates
l1-n2-identical-w1,zero_commit,1,2,identical,1,accept_static_degree,accept_static_degree,,greedy,47,2,accept_id,ok,0,0.0011579999999999993,-1.3000000000000858e-05,0.9390109021962396,1.0013333333333334,0.9390109021958573,1,1,0.017829,0.018987,baseline_dominates
l1-n2-identical-w1,zero_commit,1,2,identical,1,eas_k1_adaptive,eas,1,adaptive,47,2,native,ok,0,0.023254,0.0246,0.28841151810030907,0.0,0.2884115180999435,1,1,0.009425,0.032679,baseline_dominates
l1-n2-identical-w1,zero_commit,1,2,identical,1,eas_k1_adaptive,eas,1,adaptive,47,2,accept_id,ok,0,0.014849999999999999,0.014837,0.5455797301019003,0.39686991869918703,0.5455797301014712,1,1,0.017829,0.032679,baseline_dominates
l1-n2-identical-w1,zero_commit,1,2,identical,1,eas_k1_adaptive,eas,1,adaptive,47,2,accept_static_degree,ok,0,0.013692,0.01485,0.5810153309464794,0.39634146341463417,0.5810153309462589,1,1,0.018987,0.032679,baseline_dominates
l1-n2-identical-w1,zero_commit,1,2,identical,1,eas_k2_adaptive,eas,2,adaptive,47,3,native,ok,-1,0.020162,0.022177,0.33879906863870396,0.0,0.0,1,0,0.010331,0.030493,baseline_dominates
l1-n2-identical-w1,zero_commit,1,2,identical,1,eas_k2_adaptive,eas,2,adaptive,47,3,accept_id,ok,-1,0.012244999999999999,0.012856999999999999,0.5984324271144197,0.42025521937142085,0.0,1,0,0.018248,0.030493,baseline_dominates
l1-n2-identical-w1,zero_commit,1,2,identical,1,eas_k2_adaptive,eas,2,adaptive,47,3,accept_static_degree,ok,-1,0.010009999999999998,0.011978999999999998,0.6717279375594399,0.4598457861748659,0.0,1,0,0.020483,0.030493,baseline_dominates
l1-n2-identical-w1,zero_commit,1,2,identical,1,accept_static_degree,accept_static_degree,,greedy,47,3,native,ok,0,0.010152000000000001,0.010198,0.5043694771273739,0.0,0.5043694771274155,1,1,0.010331,0.020483,baseline_dominates
l1-n2-identical-w1,zero_commit,1,2,identical,1,accept_static_degree,accept_static_degree,,greedy,47,3,accept_id,ok,0,0.002235000000000001,0.0008780000000000003,0.8908851242493775,0.9139046871935673,0.8908851242483635,1,1,0.018248,0.020483,baseline_dominates
l1-n2-identical-w1,zero_commit,1,2,identical,1,eas_k1_adaptive,eas,1,adaptive,47,3,native,ok,0,0.018671,0.019793,0.3562168126336115,0.0,0.3562168126336979,1,1,0.010331,0.029002,baseline_dominates
l1-n2-identical-w1,zero_commit,1,2,identical,1,eas_k1_adaptive,eas,1,adaptive,47,3,accept_id,ok,0,0.010754,0.010473000000000001,0.6291979863457693,0.4708735411509119,0.6291979863451539,1,1,0.018248,0.029002,baseline_dominates
l1-n2-identical-w1,zero_commit,1,2,identical,1,eas_k1_adaptive,eas,1,adaptive,47,3,accept_static_degree,ok,0,0.008518999999999999,0.009595000000000001,0.7062616371284739,0.5152326580104077,0.706261637128587,1,1,0.020483,0.029002,baseline_dominates
l1-n2-identical-w1,zero_commit,1,2,identical,1,accept_id,accept_id,,greedy,47,3,native,ok,0,0.007917,0.00932,0.5661442349846558,0.0,0.5661442349853469,1,1,0.010331,0.018248,baseline_dominates
l1-n2-identical-w1,zero_commit,1,2,identical,1,accept_id,accept_id,,greedy,47,3,accept_static_degree,ok,0,-0.002235000000000001,-0.0008780000000000003,1.1224791758000878,1.094206008583691,1.1224791758013652,1,1,0.020483,0.018248,variant_dominates
l1-n2-identical-w1,zero_commit,1,2,identical,1,native,native,,native,47,3,accept_id,ok,0,-0.007917,-0.00932,1.7663343335591908,,1.7663343335570345,1,1,0.018248,0.010331,variant_dominates
l1-n2-identical-w1,zero_commit,1,2,identical,1,native,native,,native,47,3,accept_static_degree,ok,0,-0.010152000000000001,-0.010198,1.9826735069209178,,1.982673506920754,1,1,0.020483,0.010331,variant_dominates
l1-n2-identical-w1,zero_commit,1,2,identical,1,accept_static_degree,accept_static_degree,,greedy,71,1,native,ok,0,0.009193000000000002,0.011052,0.480327868852459,0.0,0.48032786885237544,1,1,0.008497,0.01769,baseline_dominates
l1-n2-identical-w1,zero_commit,1,2,identical,1,accept_static_degree,accept_static_degree,,greedy,71,1,accept_id,ok,0,0.001753000000000001,0.002591999999999999,0.9009044657998869,0.7654723127035832,0.9009044657998876,1,1,0.015937,0.01769,baseline_dominates
l1-n2-identical-w1,zero_commit,1,2,identical,1,accept_id,accept_id,,greedy,71,1,native,ok,0,0.00744,0.00846,0.533161824684696,0.0,0.5331618246846028,1,1,0.008497,0.015937,baseline_dominates
l1-n2-identical-w1,zero_commit,1,2,identical,1,accept_id,accept_id,,greedy,71,1,accept_static_degree,ok,0,-0.001753000000000001,-0.002591999999999999,1.10999560770534,1.306382978723404,1.109995607705339,1,1,0.01769,0.015937,variant_dominates
l1-n2-identical-w1,zero_commit,1,2,identical,1,eas_k2_adaptive,eas,2,adaptive,71,1,native,ok,-1,0.024858000000000005,0.026373,0.25474441612951576,0.0,0.0,1,0,0.008497,0.033355,baseline_dominates
l1-n2-identical-w1,zero_commit,1,2,identical,1,eas_k2_adaptive,eas,2,adaptive,71,1,accept_id,ok,-1,0.017418000000000003,0.017913,0.4777994303702593,0.3207826185871915,0.0,1,0,0.015937,0.033355,baseline_dominates
l1-n2-identical-w1,zero_commit,1,2,identical,1,eas_k2_adaptive,eas,2,adaptive,71,1,accept_static_degree,ok,-1,0.015665000000000002,0.015321000000000001,0.5303552690751012,0.4190649527926288,0.0,1,0,0.01769,0.033355,baseline_dominates
l1-n2-identical-w1,zero_commit,1,2,identical,1,native,native,,native,71,1,accept_id,ok,0,-0.00744,-0.00846,1.8756031540543723,,1.8756031540547,1,1,0.015937,0.008497,variant_dominates
l1-n2-identical-w1,zero_commit,1,2,identical,1,native,native,,native,71,1,accept_static_degree,ok,0,-0.009193000000000002,-0.011052,2.081911262798635,,2.081911262798997,1,1,0.01769,0.008497,variant_dominates
l1-n2-identical-w1,zero_commit,1,2,identical,1,eas_k1_adaptive,eas,1,adaptive,71,1,native,ok,0,0.024382,0.023563,0.25843243407646216,0.0,0.2584324340767971,1,1,0.008497,0.032879,baseline_dominates
l1-n2-identical-w1,zero_commit,1,2,identical,1,eas_k1_adaptive,eas,1,adaptive,71,1,accept_id,ok,0,0.016942,0.015103,0.4847166884637611,0.35903747400585667,0.4847166884644741,1,1,0.015937,0.032879,baseline_dominates
l1-n2-identical-w1,zero_commit,1,2,identical,1,eas_k1_adaptive,eas,1,adaptive,71,1,accept_static_degree,ok,0,0.015188999999999998,0.012511000000000001,0.5380333951762524,0.46904044476509776,0.5380333951770433,1,1,0.01769,0.032879,baseline_dominates
l1-n2-identical-w1,zero_commit,1,2,identical,1,eas_k1_adaptive,eas,1,adaptive,71,2,native,ok,0,0.021387,0.022633,0.32844537947059377,0.0,0.32844537947096236,1,1,0.01046,0.031847,baseline_dominates
l1-n2-identical-w1,zero_commit,1,2,identical,1,eas_k1_adaptive,eas,1,adaptive,71,2,accept_id,ok,0,0.012974,0.013707,0.5926146889816938,0.39437988777448857,0.5926146889825821,1,1,0.018873,0.031847,baseline_dominates
l1-n2-identical-w1,zero_commit,1,2,identical,1,eas_k1_adaptive,eas,1,adaptive,71,2,accept_static_degree,ok,0,0.013151,0.013442,0.5870568656388357,0.4060884549109707,0.5870568656400592,1,1,0.018696,0.031847,baseline_dominates
l1-n2-identical-w1,zero_commit,1,2,identical,1,accept_static_degree,accept_static_degree,,greedy,71,2,native,ok,0,0.008236,0.009191,0.5594779632006847,0.0,0.5594779632001464,1,1,0.01046,0.018696,baseline_dominates
l1-n2-identical-w1,zero_commit,1,2,identical,1,accept_static_degree,accept_static_degree,,greedy,71,2,accept_id,ok,0,-0.00017700000000000007,0.0002649999999999996,1.0094672657252888,0.9711674464149712,1.0094672657246981,1,1,0.018873,0.018696,variant_dominates
l1-n2-identical-w1,zero_commit,1,2,identical,1,accept_id,accept_id,,greedy,71,2,native,ok,0,0.008413,0.008926,0.554230911884703,0.0,0.5542309118844942,1,1,0.01046,0.018873,baseline_dominates
l1-n2-identical-w1,zero_commit,1,2,identical,1,accept_id,accept_id,,greedy,71,2,accept_static_degree,ok,0,0.00017700000000000007,-0.0002649999999999996,0.990621522810364,1.029688550302487,0.9906215228109437,1,1,0.018696,0.018873,baseline_dominates
l1-n2-identical-w1,zero_commit,1,2,identical,1,native,native,,native,71,2,accept_id,ok,0,-0.008413,-0.008926,1.804302103250478,,1.8043021032511577,1,1,0.018873,0.01046,variant_dominates
l1-n2-identical-w1,zero_commit,1,2,identical,1,native,native,,native,71,2,accept_static_degree,ok,0,-0.008236,-0.009191,1.7873804971319311,,1.7873804971336504,1,1,0.018696,0.01046,variant_dominates
l1-n2-identical-w1,zero_commit,1,2,identical,1,eas_k2_adaptive,eas,2,adaptive,71,2,native,ok,-1,0.022941,0.024983,0.31316427651866713,0.0,0.0,1,0,0.01046,0.033401,baseline_dominates
l1-n2-identical-w1,zero_commit,1,2,identical,1,eas_k2_adaptive,eas,2,adaptive,71,2,accept_id,ok,-1,0.014528,0.016057000000000002,0.5650429627855453,0.3572829524076372,0.0,1,0,0.018873,0.033401,baseline_dominates
l1-n2-identical-w1,zero_commit,1,2,identical,1,eas_k2_adaptive,eas,2,adaptive,71,2,accept_static_degree,ok,-1,0.014705,0.015792,0.5597437202478968,0.3678901653124124,0.0,1,0,0.018696,0.033401,baseline_dominates
l1-n2-identical-w1,zero_commit,1,2,identical,1,eas_k1_adaptive,eas,1,adaptive,71,3,native,ok,0,0.021462000000000002,0.021669,0.3054368932038835,0.0,0.30543689320420975,1,1,0.009438,0.0309,baseline_dominates
l1-n2-identical-w1,zero_commit,1,2,identical,1,eas_k1_adaptive,eas,1,adaptive,71,3,accept_id,ok,0,0.014274000000000002,0.012829,0.5380582524271844,0.40795606626978637,0.5380582524271079,1,1,0.016626,0.0309,baseline_dominates
l1-n2-identical-w1,zero_commit,1,2,identical,1,eas_k1_adaptive,eas,1,adaptive,71,3,accept_static_degree,ok,0,0.012310000000000001,0.010885,0.6016181229773462,0.4976694817481194,0.6016181229765263,1,1,0.01859,0.0309,baseline_dominates
l1-n2-identical-w1,zero_commit,1,2,identical,1,eas_k2_adaptive,eas,2,adaptive,71,3,native,ok,-1,0.021044,0.021861,0.30962535266714786,0.0,0.0,1,0,0.009438,0.030482,baseline_dominates
l1-n2-identical-w1,zero_commit,1,2,identical,1,eas_k2_adaptive,eas,2,adaptive,71,3,accept_id,ok,-1,0.013856,0.013020999999999998,0.5454366511383767,0.40437308448835835,0.0,1,0,0.016626,0.030482,baseline_dominates
l1-n2-identical-w1,zero_commit,1,2,identical,1,eas_k2_adaptive,eas,2,adaptive,71,3,accept_static_degree,ok,-1,0.011892,0.011076999999999998,0.6098681188898366,0.4932985682265222,0.0,1,0,0.01859,0.030482,baseline_dominates
l1-n2-identical-w1,zero_commit,1,2,identical,1,native,native,,native,71,3,accept_id,ok,0,-0.007187999999999998,-0.00884,1.7616020343293068,,1.7616020343271752,1,1,0.016626,0.009438,variant_dominates
l1-n2-identical-w1,zero_commit,1,2,identical,1,native,native,,native,71,3,accept_static_degree,ok,0,-0.009151999999999999,-0.010784,1.9696969696969695,,1.9696969696921813,1,1,0.01859,0.009438,variant_dominates
l1-n2-identical-w1,zero_commit,1,2,identical,1,accept_static_degree,accept_static_degree,,greedy,71,3,native,ok,0,0.009151999999999999,0.010784,0.5076923076923078,0.0,0.5076923076935419,1,1,0.009438,0.01859,baseline_dominates
l1-n2-identical-w1,zero_commit,1,2,identical,1,accept_static_degree,accept_static_degree,,greedy,71,3,accept_id,ok,0,0.0019640000000000005,0.0019439999999999995,0.8943518020441097,0.81973293768546,0.8943518020452015,1,1,0.016626,0.01859,baseline_dominates
l1-n2-identical-w1,zero_commit,1,2,identical,1,accept_id,accept_id,,greedy,71,3,native,ok,0,0.007187999999999998,0.00884,0.5676651028509564,0.0,0.5676651028516433,1,1,0.009438,0.016626,baseline_dominates
l1-n2-identical-w1,zero_commit,1,2,identical,1,accept_id,accept_id,,greedy,71,3,accept_static_degree,ok,0,-0.0019640000000000005,-0.0019439999999999995,1.1181282328882474,1.2199095022624433,1.1181282328868825,1,1,0.01859,0.016626,variant_dominates
l1-n2-identical-w1,zero_commit,1,2,identical,1,eas_k1_adaptive,eas,1,adaptive,101,1,native,ok,0,0.024402,0.024643,0.2902062305477181,0.0,0.290206230546268,1,1,0.009977,0.034379,baseline_dominates
l1-n2-identical-w1,zero_commit,1,2,identical,1,eas_k1_adaptive,eas,1,adaptive,101,1,accept_id,ok,0,0.015985,0.016004,0.5350359230925856,0.35056608367487724,0.535035923092507,1,1,0.018394,0.034379,baseline_dominates
l1-n2-identical-w1,zero_commit,1,2,identical,1,eas_k1_adaptive,eas,1,adaptive,101,1,accept_static_degree,ok,0,0.015847,0.014263000000000001,0.5390500014543762,0.42121494947855376,0.5390500014545097,1,1,0.018532,0.034379,baseline_dominates
l1-n2-identical-w1,zero_commit,1,2,identical,1,native,native,,native,101,1,accept_id,ok,0,-0.008417000000000001,-0.008639,1.8436403728575725,,1.843640372866514,1,1,0.018394,0.009977,variant_dominates
l1-n2-identical-w1,zero_commit,1,2,identical,1,native,native,,native,101,1,accept_static_degree,ok,0,-0.008555,-0.01038,1.857472186027864,,1.8574721860376053,1,1,0.018532,0.009977,variant_dominates
l1-n2-identical-w1,zero_commit,1,2,identical,1,eas_k2_adaptive,eas,2,adaptive,101,1,native,ok,-1,0.023728,0.025344,0.2960094941403353,0.0,0.0,1,0,0.009977,0.033705,baseline_dominates
l1-n2-identical-w1,zero_commit,1,2,identical,1,eas_k2_adaptive,eas,2,adaptive,101,1,accept_id,ok,-1,0.015310999999999998,0.016704999999999998,0.5457350541462691,0.34086963383838387,0.0,1,0,0.018394,0.033705,baseline_dominates
l1-n2-identical-w1,zero_commit,1,2,identical,1,eas_k2_adaptive,eas,2,adaptive,101,1,accept_static_degree,ok,-1,0.015172999999999999,0.014963999999999998,0.5498294021658507,0.409564393939394,0.0,1,0,0.018532,0.033705,baseline_dominates
l1-n2-identical-w1,zero_commit,1,2,identical,1,accept_id,accept_id,,greedy,101,1,native,ok,0,0.008417000000000001,0.008639,0.5424051321082961,0.0,0.5424051321056655,1,1,0.009977,0.018394,baseline_dominates
l1-n2-identical-w1,zero_commit,1,2,identical,1,accept_id,accept_id,,greedy,101,1,accept_static_degree,ok,0,-0.00013799999999999923,-0.0017409999999999995,1.0075024464499294,1.2015279546243778,1.0075024464503266,1,1,0.018532,0.018394,variant_dominates
l1-n2-identical-w1,zero_commit,1,2,identical,1,accept_static_degree,accept_static_degree,,greedy,101,1,native,ok,0,0.008555,0.01038,0.538366069501403,0.0,0.5383660694985796,1,1,0.009977,0.018532,baseline_dominates
l1-n2-identical-w1,zero_commit,1,2,identical,1,accept_static_degree,accept_static_degree,,greedy,101,1,accept_id,ok,0,0.00013799999999999923,0.0017409999999999995,0.9925534211094323,0.8322736030828517,0.9925534211090409,1,1,0.018394,0.018532,baseline_dominates
l1-n2-identical-w1,zero_commit,1,2,identical,1,native,native,,native,101,2,accept_id,ok,0,-0.010792000000000001,-0.009156,2.4097975179621165,,2.4097975179598023,1,1,0.018447,0.007655,variant_dominates
l1-n2-identical-w1,zero_commit,1,2,identical,1,native,native,,native,101,2,accept_static_degree,ok,0,-0.011387,-0.010504,2.487524493794905,,2.4875244937889143,1,1,0.019042,0.007655,variant_dominates
l1-n2-identical-w1,zero_commit,1,2,identical,1,eas_k2_adaptive,eas,2,adaptive,101,2,native,ok,-1,0.024287999999999997,0.02563,0.23964561875841345,0.0,0.0,1,0,0.007655,0.031943,baseline_dominates
l1-n2-identical-w1,zero_commit,1,2,identical,1,eas_k2_adaptive,eas,2,adaptive,101,2,accept_id,ok,-1,0.013495999999999998,0.016474000000000003,0.5774974172745203,0.35723761217323446,0.0,1,0,0.018447,0.031943,baseline_dominates
l1-n2-identical-w1,zero_commit,1,2,identical,1,eas_k2_adaptive,eas,2,adaptive,101,2,accept_static_degree,ok,-1,0.012901,0.015126,0.5961243464921893,0.4098322278579789,0.0,1,0,0.019042,0.031943,baseline_dominates
l1-n2-identical-w1,zero_commit,1,2,identical,1,accept_id,accept_id,,greedy,101,2,native,ok,0,0.010792000000000001,0.009156,0.41497262427494985,0.0,0.4149726242753483,1,1,0.007655,0.018447,baseline_dominates
l1-n2-identical-w1,zero_commit,1,2,identical,1,accept_id,accept_id,,greedy,101,2,accept_static_degree,ok,0,-0.0005949999999999983,-0.0013480000000000002,1.032254567138288,1.1472258628221932,1.032254567136793,1,1,0.019042,0.018447,variant_dominates
l1-n2-identical-w1,zero_commit,1,2,identical,1,accept_static_degree,accept_static_degree,,greedy,101,2,native,ok,0,0.011387,0.010504,0.40200609179708013,0.0,0.4020060917980483,1,1,0.007655,0.019042,baseline_dominates
l1-n2-identical-w1,zero_commit,1,2,identical,1,accept_static_degree,accept_static_degree,,greedy,101,2,accept_id,ok,0,0.0005949999999999983,0.0013480000000000002,0.9687532822182545,0.8716679360243716,0.9687532822196573,1,1,0.018447,0.019042,baseline_dominates
l1-n2-identical-w1,zero_commit,1,2,identical,1,eas_k1_adaptive,eas,1,adaptive,101,2,native,ok,0,0.025419999999999998,0.023678,0.23144368858654574,0.0,0.2314436885869172,1,1,0.007655,0.033075,baseline_dominates
l1-n2-identical-w1,zero_commit,1,2,identical,1,eas_k1_adaptive,eas,1,adaptive,101,2,accept_id,ok,0,0.014627999999999999,0.014522000000000002,0.5577324263038549,0.38668806487034374,0.5577324263042145,1,1,0.018447,0.033075,baseline_dominates
l1-n2-identical-w1,zero_commit,1,2,identical,1,eas_k1_adaptive,eas,1,adaptive,101,2,accept_static_degree,ok,0,0.014033,0.013174000000000002,0.5757218442932729,0.44361854886392427,0.5757218442928104,1,1,0.019042,0.033075,baseline_dominates
l1-n2-identical-w1,zero_commit,1,2,identical,1,eas_k1_adaptive,eas,1,adaptive,101,3,native,ok,0,0.020492,0.022331,0.31985794417338775,0.0,0.3198579441716911,1,1,0.009637,0.030129,baseline_dominates
l1-n2-identical-w1,zero_commit,1,2,identical,1,eas_k1_adaptive,eas,1,adaptive,101,3,accept_id,ok,0,0.013104999999999999,0.012993,0.5650370075342693,0.4181630916662935,0.5650370075330752,1,1,0.017024,0.030129,baseline_dominates
l1-n2-identical-w1,zero_commit,1,2,identical,1,eas_k1_adaptive,eas,1,adaptive,101,3,accept_static_degree,ok,0,0.011099999999999999,0.013104,0.631584187991636,0.41319242308897947,0.6315841879902748,1,1,0.019029,0.030129,baseline_dominates
l1-n2-identical-w1,zero_commit,1,2,identical,1,accept_id,accept_id,,greedy,101,3,native,ok,0,0.007387000000000001,0.009338,0.5660831766917293,0.0,0.566083176689923,1,1,0.009637,0.017024,baseline_dominates
l1-n2-identical-w1,zero_commit,1,2,identical,1,accept_id,accept_id,,greedy,101,3,accept_static_degree,ok,0,-0.002005,0.00011099999999999999,1.1177749060150375,0.9881130863139859,1.117774906014991,1,1,0.019029,0.017024,variant_dominates
l1-n2-identical-w1,zero_commit,1,2,identical,1,accept_static_degree,accept_static_degree,,greedy,101,3,native,ok,0,0.009392000000000001,0.009227,0.5064375426979872,0.0,0.5064375426963924,1,1,0.009637,0.019029,baseline_dominates
l1-n2-identical-w1,zero_commit,1,2,identical,1,accept_static_degree,accept_static_degree,,greedy,101,3,accept_id,ok,0,0.002005,-0.00011099999999999999,0.8946345052288612,1.012029912214154,0.8946345052288985,1,1,0.017024,0.019029,baseline_dominates
l1-n2-identical-w1,zero_commit,1,2,identical,1,native,native,,native,101,3,accept_id,ok,0,-0.007387000000000001,-0.009338,1.7665248521324064,,1.7665248521380432,1,1,0.017024,0.009637,variant_dominates
l1-n2-identical-w1,zero_commit,1,2,identical,1,native,native,,native,101,3,accept_static_degree,ok,0,-0.009392000000000001,-0.009227,1.9745771505655287,,1.974577150571747,1,1,0.019029,0.009637,variant_dominates
l1-n2-identical-w1,zero_commit,1,2,identical,1,eas_k2_adaptive,eas,2,adaptive,101,3,native,ok,-1,0.026098999999999997,0.028053,0.2696720394000448,0.0,0.0,1,0,0.009637,0.035736,baseline_dominates
l1-n2-identical-w1,zero_commit,1,2,identical,1,eas_k2_adaptive,eas,2,adaptive,101,3,accept_id,ok,-1,0.018711999999999996,0.018715000000000002,0.47638235952540864,0.332869924785228,0.0,1,0,0.017024,0.035736,baseline_dominates
l1-n2-identical-w1,zero_commit,1,2,identical,1,eas_k2_adaptive,eas,2,adaptive,101,3,accept_static_degree,ok,-1,0.016706999999999996,0.018826000000000002,0.5324882471457355,0.32891312872063594,0.0,1,0,0.019029,0.035736,baseline_dominates
l2-n32-identical-w1,control,2,32,identical,1,eas_k1_lazy,eas,1,lazy,11,1,eas_k1_graph,ok,0,-0.025045999999999985,-0.02525200000000001,1.213692131802126,1.2768738213236264,1.2136921318027913,1,1,0.142252,0.117206,variant_dominates
l2-n32-identical-w1,control,2,32,identical,1,eas_k1_adaptive,eas,1,adaptive,11,1,eas_k1_graph,ok,0,-0.004047999999999996,-0.006753000000000009,1.029290035020694,1.0615571132968105,1.0292900350215237,1,1,0.142252,0.138204,variant_dominates
l2-n32-identical-w1,control,2,32,identical,1,eas_k1_profile,eas,1,profile,11,1,eas_k1_graph,ok,0,-0.026141999999999985,-0.027783000000000002,1.2251485660149857,1.3133197252827806,1.2251485660150534,1,1,0.142252,0.11611,variant_dominates
l2-n32-identical-w1,control,2,32,identical,1,eas_k1_adaptive,eas,1,adaptive,11,2,eas_k1_graph,ok,0,-0.02022099999999999,-0.018419000000000005,1.1613665200979961,1.1851769933746872,1.1613665200984047,1,1,0.145532,0.125311,variant_dominates
l2-n32-identical-w1,control,2,32,identical,1,eas_k1_profile,eas,1,profile,11,2,eas_k1_graph,ok,0,-0.036143999999999996,-0.03450500000000001,1.3304201557757707,1.4138232930763603,1.3304201557767423,1,1,0.145532,0.109388,variant_dominates
l2-n32-identical-w1,control,2,32,identical,1,eas_k1_lazy,eas,1,lazy,11,2,eas_k1_graph,ok,0,-0.030359999999999998,-0.028518,1.2636057375056438,1.3191075105183063,1.2636057375065597,1,1,0.145532,0.115172,variant_dominates
l2-n32-identical-w1,control,2,32,identical,1,eas_k1_lazy,eas,1,lazy,11,3,eas_k1_graph,ok,0,-0.022997000000000004,-0.023372000000000004,1.1949013924554848,1.255272671669015,1.1949013924557592,1,1,0.14099,0.117993,variant_dominates
l2-n32-identical-w1,control,2,32,identical,1,eas_k1_profile,eas,1,profile,11,3,eas_k1_graph,ok,0,-0.027426000000000006,-0.027183,1.241502588848579,1.309791899345839,1.2415025888492635,1,1,0.14099,0.113564,variant_dominates
l2-n32-identical-w1,control,2,32,identical,1,eas_k1_adaptive,eas,1,adaptive,11,3,eas_k1_graph,ok,0,-0.010474000000000011,-0.011355000000000004,1.0802506972325232,1.1096317608666268,1.0802506972328123,1,1,0.14099,0.130516,variant_dominates
l2-n32-identical-w1,control,2,32,identical,1,eas_k1_profile,eas,1,profile,29,1,eas_k1_graph,ok,0,-0.03211499999999999,-0.031739,1.2888896884866912,1.3716815195624934,1.2888896884871444,1,1,0.143282,0.111167,variant_dominates
l2-n32-identical-w1,control,2,32,identical,1,eas_k1_adaptive,eas,1,adaptive,29,1,eas_k1_graph,ok,0,-0.019933999999999993,-0.019740999999999995,1.1616078088011155,1.202698401289647,1.1616078088015658,1,1,0.143282,0.123348,variant_dominates
l2-n32-identical-w1,control,2,32,identical,1,eas_k1_lazy,eas,1,lazy,29,1,eas_k1_graph,ok,0,-0.027431999999999998,-0.027625999999999998,1.2367889512300387,1.3086496994614887,1.2367889512294294,1,1,0.143282,0.11585,variant_dominates
l2-n32-identical-w1,control,2,32,identical,1,eas_k1_lazy,eas,1,lazy,29,2,eas_k1_graph,ok,0,-0.023082999999999992,-0.02378100000000001,1.1977876030366905,1.263673759022519,1.1977876030379173,1,1,0.139789,0.116706,variant_dominates
l2-n32-identical-w1,control,2,32,identical,1,eas_k1_profile,eas,1,profile,29,2,eas_k1_graph,ok,0,-0.027094999999999994,-0.027167999999999998,1.2404298365485296,1.3129809686189575,1.2404298365493245,1,1,0.139789,0.112694,variant_dominates
l2-n32-identical-w1,control,2,32,identical,1,eas_k1_adaptive,eas,1,adaptive,29,2,eas_k1_graph,ok,0,-0.014077000000000006,-0.014087000000000002,1.111978172330406,1.1410321870150673,1.1119781723304147,1,1,0.139789,0.125712,variant_dominates
l2-n32-identical-w1,control,2,32,identical,1,eas_k1_profile,eas,1,profile,29,3,eas_k1_graph,ok,0,-0.037139000000000005,-0.03688599999999999,1.3400913894306934,1.4468647024617172,1.3400913894308297,1,1,0.146342,0.109203,variant_dominates
l2-n32-identical-w1,control,2,32,identical,1,eas_k1_lazy,eas,1,lazy,29,3,eas_k1_graph,ok,0,-0.026673000000000002,-0.02606299999999999,1.2228898043770735,1.2791457367163985,1.222889804376681,1,1,0.146342,0.119669,variant_dominates
l2-n32-identical-w1,control,2,32,identical,1,eas_k1_adaptive,eas,1,adaptive,29,3,eas_k1_graph,ok,0,-0.017775000000000013,-0.01646199999999999,1.1382547621084727,1.1598749125942038,1.1382547621083594,1,1,0.146342,0.128567,variant_dominates
l2-n32-identical-w1,control,2,32,identical,1,eas_k1_adaptive,eas,1,adaptive,47,1,eas_k1_graph,ok,0,-0.020356000000000013,-0.020501000000000005,1.163906178287021,1.2076450152434393,1.1639061782865356,1,1,0.144549,0.124193,variant_dominates
l2-n32-identical-w1,control,2,32,identical,1,eas_k1_lazy,eas,1,lazy,47,1,eas_k1_graph,ok,0,-0.028965000000000005,-0.029119000000000006,1.2505969684385383,1.3231387258220235,1.2505969684376943,1,1,0.144549,0.115584,variant_dominates
l2-n32-identical-w1,control,2,32,identical,1,eas_k1_profile,eas,1,profile,47,1,eas_k1_graph,ok,0,-0.03012200000000001,-0.034301,1.263242066994678,1.4038690230893314,1.2632420669948876,1,1,0.144549,0.114427,variant_dominates
l2-n32-identical-w1,control,2,32,identical,1,eas_k1_profile,eas,1,profile,47,2,eas_k1_graph,ok,0,-0.031947,-0.03207,1.2883537471455262,1.3825051883304311,1.2883537471454127,1,1,0.142738,0.110791,variant_dominates
l2-n32-identical-w1,control,2,32,identical,1,eas_k1_lazy,eas,1,lazy,47,2,eas_k1_graph,ok,0,-0.021716,-0.021965,1.179438449207582,1.2338020373189138,1.179438449206735,1,1,0.142738,0.121022,variant_dominates
l2-n32-identical-w1,control,2,32,identical,1,eas_k1_adaptive,eas,1,adaptive,47,2,eas_k1_graph,ok,0,-0.020513000000000003,-0.019347000000000003,1.167829822049499,1.2003520944441568,1.1678298220486958,1,1,0.142738,0.122225,variant_dominates
l2-n32-identical-w1,control,2,32,identical,1,eas_k1_adaptive,eas,1,adaptive,47,3,eas_k1_graph,ok,0,-0.01543499999999999,-0.015154,1.1241514108297672,1.1541826913293858,1.124151410829493,1,1,0.139759,0.124324,variant_dominates
l2-n32-identical-w1,control,2,32,identical,1,eas_k1_profile,eas,1,profile,47,3,eas_k1_graph,ok,0,-0.028483999999999995,-0.027951000000000004,1.2559784318130758,1.3269543450034509,1.2559784318134792,1,1,0.139759,0.111275,variant_dominates
l2-n32-identical-w1,control,2,32,identical,1,eas_k1_lazy,eas,1,lazy,47,3,eas_k1_graph,ok,0,-0.02269099999999999,-0.022767999999999997,1.193827519048758,1.251102876301394,1.1938275190480625,1,1,0.139759,0.117068,variant_dominates
l2-n32-identical-w1,control,2,32,identical,1,eas_k1_profile,eas,1,profile,71,1,eas_k1_graph,ok,0,-0.026750999999999983,-0.026136000000000006,1.2326173913043477,1.2912965460361334,1.2326173913039464,1,1,0.141751,0.115,variant_dominates
l2-n32-identical-w1,control,2,32,identical,1,eas_k1_adaptive,eas,1,adaptive,71,1,eas_k1_graph,ok,0,-0.017927999999999986,-0.01838100000000001,1.1447873173804541,1.1885656250641172,1.1447873173801908,1,1,0.141751,0.123823,variant_dominates
l2-n32-identical-w1,control,2,32,identical,1,eas_k1_lazy,eas,1,lazy,71,1,eas_k1_graph,ok,0,-0.023824999999999985,-0.024396,1.2020334786221867,1.2667308091796683,1.20203347862211,1,1,0.141751,0.117926,variant_dominates
l2-n32-identical-w1,control,2,32,identical,1,eas_k1_lazy,eas,1,lazy,71,2,eas_k1_graph,ok,0,-0.021285000000000012,-0.022666000000000006,1.1761711637146168,1.2420004057184955,1.1761711637153205,1,1,0.142105,0.12082,variant_dominates
l2-n32-identical-w1,control,2,32,identical,1,eas_k1_adaptive,eas,1,adaptive,71,2,eas_k1_graph,ok,0,-0.015418000000000015,-0.015700000000000006,1.1217015163355357,1.1560217436672067,1.1217015163356887,1,1,0.142105,0.126687,variant_dominates
l2-n32-identical-w1,control,2,32,identical,1,eas_k1_profile,eas,1,profile,71,2,eas_k1_graph,ok,0,-0.03241200000000001,-0.032594,1.2954792010429108,1.389261103746432,1.2954792010426488,1,1,0.142105,0.109693,variant_dominates
l2-n32-identical-w1,control,2,32,identical,1,eas_k1_profile,eas,1,profile,71,3,eas_k1_graph,ok,0,-0.030674999999999994,-0.031134999999999996,1.2817891197707105,1.3746375154920765,1.2817891197714508,1,1,0.139533,0.108858,variant_dominates
l2-n32-identical-w1,control,2,32,identical,1,eas_k1_adaptive,eas,1,adaptive,71,3,eas_k1_graph,ok,0,-0.012376999999999999,-0.012584999999999999,1.0973371291956338,1.1237986562656777,1.0973371291957053,1,1,0.139533,0.127156,variant_dominates
l2-n32-identical-w1,control,2,32,identical,1,eas_k1_lazy,eas,1,lazy,71,3,eas_k1_graph,ok,0,-0.022069999999999992,-0.023240999999999998,1.1878889522658198,1.255392797881342,1.187888952265905,1,1,0.139533,0.117463,variant_dominates
l2-n32-identical-w1,control,2,32,identical,1,eas_k1_adaptive,eas,1,adaptive,101,1,eas_k1_graph,ok,0,-0.011453999999999992,-0.010853000000000002,1.0869763309565574,1.1029178875897319,1.0869763309564227,1,1,0.143145,0.131691,variant_dominates
l2-n32-identical-w1,control,2,32,identical,1,eas_k1_lazy,eas,1,lazy,101,1,eas_k1_graph,ok,0,-0.021240999999999996,-0.021170000000000008,1.1742436671479197,1.2225235452404979,1.1742436671477947,1,1,0.143145,0.121904,variant_dominates
l2-n32-identical-w1,control,2,32,identical,1,eas_k1_profile,eas,1,profile,101,1,eas_k1_graph,ok,0,-0.033497,-0.03234500000000001,1.3054957682766672,1.3852383844880363,1.3054957682773247,1,1,0.143145,0.109648,variant_dominates
l2-n32-identical-w1,control,2,32,identical,1,eas_k1_lazy,eas,1,lazy,101,2,eas_k1_graph,ok,0,-0.02560699999999999,-0.024460999999999997,1.2177577087266356,1.2661205217750797,1.2177577087268738,1,1,0.143201,0.117594,variant_dominates
l2-n32-identical-w1,control,2,32,identical,1,eas_k1_adaptive,eas,1,adaptive,101,2,eas_k1_graph,ok,0,-0.012586999999999987,-0.011810000000000001,1.0963679238060238,1.1129408614490093,1.0963679238056172,1,1,0.143201,0.130614,variant_dominates
l2-n32-identical-w1,control,2,32,identical,1,eas_k1_profile,eas,1,profile,101,2,eas_k1_graph,ok,0,-0.03723399999999999,-0.036285,1.3513735408193115,1.4530358458292234,1.3513735408189034,1,1,0.143201,0.105967,variant_dominates
l2-n32-identical-w1,control,2,32,identical,1,eas_k1_profile,eas,1,profile,101,3,eas_k1_graph,ok,0,-0.038189,-0.036257,1.352183335638862,1.437411026661841,1.3521833356389166,1,1,0.146624,0.108435,variant_dominates
l2-n32-identical-w1,control,2,32,identical,1,eas_k1_lazy,eas,1,lazy,101,3,eas_k1_graph,ok,0,-0.025036000000000003,-0.025368,1.2059084778103102,1.2705083227588265,1.2059084778117122,1,1,0.146624,0.121588,variant_dominates
l2-n32-identical-w1,control,2,32,identical,1,eas_k1_adaptive,eas,1,adaptive,101,3,eas_k1_graph,ok,0,0.01883599999999999,0.004255999999999996,0.8861597969297716,0.9655113733053492,0.8861597969308026,1,1,0.146624,0.16546,baseline_dominates
