condition,suite,arity,n,distribution,workers,variant,policy,policy_k,implementation,baseline,seed,repetition,commit_delta,batch_delta_ms,extra_cost_us,eas_rate,baseline_rate,rate_ratio
l2-n128-uniform-w1,main,2,128,uniform,1,eas_k1_adaptive,eas,1,adaptive,accept_id,11,1,0,0.015189000000000008,0,410224.35365246184,431565.9679408138,0.9505484308918473
l2-n128-uniform-w1,main,2,128,uniform,1,eas_k1_adaptive,eas,1,adaptive,accept_id,11,1,0,0.015189000000000008,0.1,393812.76390924805,413440.08400052506,0.9525268089601779
l2-n128-uniform-w1,main,2,128,uniform,1,eas_k1_adaptive,eas,1,adaptive,accept_id,11,1,0,0.015189000000000008,1,289555.9911662442,300028.57414991903,0.9650947146839358
l2-n128-uniform-w1,main,2,128,uniform,1,eas_k1_adaptive,eas,1,adaptive,accept_id,11,1,0,0.015189000000000008,10,79387.63153301926,80154.71131580956,0.9904300100368647
l2-n128-uniform-w1,main,2,128,uniform,1,eas_k1_adaptive,eas,1,adaptive,accept_id,11,1,0,0.015189000000000008,100,9613.074513763442,9624.22738841243,0.9988411667556384
l2-n128-uniform-w1,main,2,128,uniform,1,eas_k1_adaptive,eas,1,adaptive,accept_id,11,1,0,0.015189000000000008,1000,982.0185467607888,982.1348118775331,0.9998816200023273
l2-n128-uniform-w1,main,2,128,uniform,1,eas_k1_adaptive,eas,1,adaptive,accept_static_degree,11,1,0,-0.002446999999999977,0,410224.35365246184,406982.0023514516,1.0079668174078378
l2-n128-uniform-w1,main,2,128,uniform,1,eas_k1_adaptive,eas,1,adaptive,accept_static_degree,11,1,0,-0.002446999999999977,0.1,393812.76390924805,390823.7074901674,1.0076480939149677
l2-n128-uniform-w1,main,2,128,uniform,1,eas_k1_adaptive,eas,1,adaptive,accept_static_degree,11,1,0,-0.002446999999999977,1,289555.9911662442,287936.81843526906,1.0056233611935221
l2-n128-uniform-w1,main,2,128,uniform,1,eas_k1_adaptive,eas,1,adaptive,accept_static_degree,11,1,0,-0.002446999999999977,10,79387.63153301926,79265.42341576099,1.0015417582092165
l2-n128-uniform-w1,main,2,128,uniform,1,eas_k1_adaptive,eas,1,adaptive,accept_static_degree,11,1,0,-0.002446999999999977,100,9613.074513763442,9611.280164545116,1.0001866920105966
l2-n128-uniform-w1,main,2,128,uniform,1,eas_k1_adaptive,eas,1,adaptive,accept_static_degree,11,1,0,-0.002446999999999977,1000,982.0185467607888,981.9998186261922,1.0000190714236818
l2-n128-uniform-w1,main,2,128,uniform,1,eas_k2_adaptive,eas,2,adaptive,accept_id,11,1,-2,0.014110999999999985,0,405134.7563147113,431565.9679408138,0.9387551067749453
l2-n128-uniform-w1,main,2,128,uniform,1,eas_k2_adaptive,eas,2,adaptive,accept_id,11,1,-2,0.014110999999999985,0.1,388871.9889861418,413440.08400052506,0.9405764076461631
l2-n128-uniform-w1,main,2,128,uniform,1,eas_k2_adaptive,eas,2,adaptive,accept_id,11,1,-2,0.014110999999999985,1,285667.55208249344,300028.57414991903,0.9521344854965392
l2-n128-uniform-w1,main,2,128,uniform,1,eas_k2_adaptive,eas,2,adaptive,accept_id,11,1,-2,0.014110999999999985,10,78180.61108235382,80154.71131580956,0.9753713761668009
l2-n128-uniform-w1,main,2,128,uniform,1,eas_k2_adaptive,eas,2,adaptive,accept_id,11,1,-2,0.014110999999999985,100,9461.264172916506,9624.22738841243,0.9830673976290157
l2-n128-uniform-w1,main,2,128,uniform,1,eas_k2_adaptive,eas,2,adaptive,accept_id,11,1,-2,0.014110999999999985,1000,966.4390705253534,982.1348118775331,0.9840187506212366
l2-n128-uniform-w1,main,2,128,uniform,1,eas_k2_adaptive,eas,2,adaptive,accept_static_degree,11,1,-2,-0.0035250000000000004,0,405134.7563147113,406982.0023514516,0.9954611112381694
l2-n128-uniform-w1,main,2,128,uniform,1,eas_k2_adaptive,eas,2,adaptive,accept_static_degree,11,1,-2,-0.0035250000000000004,0.1,388871.9889861418,390823.7074901674,0.9950061409617156
l2-n128-uniform-w1,main,2,128,uniform,1,eas_k2_adaptive,eas,2,adaptive,accept_static_degree,11,1,-2,-0.0035250000000000004,1,285667.55208249344,287936.81843526906,0.9921188739769111
l2-n128-uniform-w1,main,2,128,uniform,1,eas_k2_adaptive,eas,2,adaptive,accept_static_degree,11,1,-2,-0.0035250000000000004,10,78180.61108235382,79265.42341576099,0.986314179794169
l2-n128-uniform-w1,main,2,128,uniform,1,eas_k2_adaptive,eas,2,adaptive,accept_static_degree,11,1,-2,-0.0035250000000000004,100,9461.264172916506,9611.280164545116,0.9843916742556312
l2-n128-uniform-w1,main,2,128,uniform,1,eas_k2_adaptive,eas,2,adaptive,accept_static_degree,11,1,-2,-0.0035250000000000004,1000,966.4390705253534,981.9998186261922,0.9841540214105048
l2-n128-uniform-w1,main,2,128,uniform,1,eas_k1_adaptive,eas,1,adaptive,accept_id,11,2,0,0.001933000000000018,0,419834.86495311843,422556.4666230696,0.993559200047981
l2-n128-uniform-w1,main,2,128,uniform,1,eas_k1_adaptive,eas,1,adaptive,accept_id,11,2,0,0.001933000000000018,0.1,402661.4001112113,405164.23621718097,0.9938226628062303
l2-n128-uniform-w1,main,2,128,uniform,1,eas_k1_adaptive,eas,1,adaptive,accept_id,11,2,0,0.001933000000000018,1,294311.3814415652,295646.2569072117,0.995484889679948
l2-n128-uniform-w1,main,2,128,uniform,1,eas_k1_adaptive,eas,1,adaptive,accept_id,11,2,0,0.001933000000000018,10,79740.88011148534,79838.5487126034,0.9987766736408293
l2-n128-uniform-w1,main,2,128,uniform,1,eas_k1_adaptive,eas,1,adaptive,accept_id,11,2,0,0.001933000000000018,100,9618.233973159631,9619.653409995353,0.9998524440772214
l2-n128-uniform-w1,main,2,128,uniform,1,eas_k1_adaptive,eas,1,adaptive,accept_id,11,2,0,0.001933000000000018,1000,982.0723625523088,982.0871589103151,0.9999849337628824
l2-n128-uniform-w1,main,2,128,uniform,1,eas_k1_adaptive,eas,1,adaptive,accept_static_degree,11,2,0,-0.009709999999999996,0,419834.86495311843,406677.2531856385,1.0323539407832918
l2-n128-uniform-w1,main,2,128,uniform,1,eas_k1_adaptive,eas,1,adaptive,accept_static_degree,11,2,0,-0.009709999999999996,0.1,402661.4001112113,390542.66833628825,1.031030493611745
l2-n128-uniform-w1,main,2,128,uniform,1,eas_k1_adaptive,eas,1,adaptive,accept_static_degree,11,2,0,-0.009709999999999996,1,294311.3814415652,287784.24404103897,1.0226806628079173
l2-n128-uniform-w1,main,2,128,uniform,1,eas_k1_adaptive,eas,1,adaptive,accept_static_degree,11,2,0,-0.009709999999999996,10,79740.88011148534,79253.85639201221,1.0061451106816073
l2-n128-uniform-w1,main,2,128,uniform,1,eas_k1_adaptive,eas,1,adaptive,accept_static_degree,11,2,0,-0.009709999999999996,100,9618.233973159631,9611.110077111614,1.0007412146974555
l2-n128-uniform-w1,main,2,128,uniform,1,eas_k1_adaptive,eas,1,adaptive,accept_static_degree,11,2,0,-0.009709999999999996,1000,982.0723625523088,981.9980430493601,1.0000756819257175
l2-n128-uniform-w1,main,2,128,uniform,1,eas_k2_adaptive,eas,2,adaptive,accept_id,11,2,-2,0.004935999999999996,0,409077.5630853686,422556.4666230696,0.9681015329254812
l2-n128-uniform-w1,main,2,128,uniform,1,eas_k2_adaptive,eas,2,adaptive,accept_id,11,2,-2,0.004935999999999996,0.1,392503.1890884114,405164.23621718097,0.9687508274496793
l2-n128-uniform-w1,main,2,128,uniform,1,eas_k2_adaptive,eas,2,adaptive,accept_id,11,2,-2,0.004935999999999996,1,287622.26845827507,295646.2569072117,0.972859495895952
l2-n128-uniform-w1,main,2,128,uniform,1,eas_k2_adaptive,eas,2,adaptive,accept_id,11,2,-2,0.004935999999999996,10,78326.29344187841,79838.5487126034,0.9810585826632611
l2-n128-uniform-w1,main,2,128,uniform,1,eas_k2_adaptive,eas,2,adaptive,accept_id,11,2,-2,0.004935999999999996,100,9463.394255460205,9619.653409995353,0.9837562594123416
l2-n128-uniform-w1,main,2,128,uniform,1,eas_k2_adaptive,eas,2,adaptive,accept_id,11,2,-2,0.004935999999999996,1000,966.4612913040518,982.0871589103151,0.9840891233894137
l2-n128-uniform-w1,main,2,128,uniform,1,eas_k2_adaptive,eas,2,adaptive,accept_static_degree,11,2,-2,-0.0067070000000000185,0,409077.5630853686,406677.2531856385,1.0059022477429649
l2-n128-uniform-w1,main,2,128,uniform,1,eas_k2_adaptive,eas,2,adaptive,accept_static_degree,11,2,-2,-0.0067070000000000185,0.1,392503.1890884114,390542.66833628825,1.005019991184254
l2-n128-uniform-w1,main,2,128,uniform,1,eas_k2_adaptive,eas,2,adaptive,accept_static_degree,11,2,-2,-0.0067070000000000185,1,287622.26845827507,287784.24404103897,0.9994371631313465
l2-n128-uniform-w1,main,2,128,uniform,1,eas_k2_adaptive,eas,2,adaptive,accept_static_degree,11,2,-2,-0.0067070000000000185,10,78326.29344187841,79253.85639201221,0.9882963051596404
l2-n128-uniform-w1,main,2,128,uniform,1,eas_k2_adaptive,eas,2,adaptive,accept_static_degree,11,2,-2,-0.0067070000000000185,100,9463.394255460205,9611.110077111614,0.9846307221053282
l2-n128-uniform-w1,main,2,128,uniform,1,eas_k2_adaptive,eas,2,adaptive,accept_static_degree,11,2,-2,-0.0067070000000000185,1000,966.4612913040518,981.9980430493601,0.9841784290149268
l2-n128-uniform-w1,main,2,128,uniform,1,eas_k1_adaptive,eas,1,adaptive,accept_id,11,3,0,0.109568,0,319039.03417262546,441535.14059039555,0.7225677071728078
l2-n128-uniform-w1,main,2,128,uniform,1,eas_k1_adaptive,eas,1,adaptive,accept_id,11,3,0,0.109568,0.1,309023.48578491964,422580.55861125275,0.7312771008691897
l2-n128-uniform-w1,main,2,128,uniform,1,eas_k1_adaptive,eas,1,adaptive,accept_id,11,3,0,0.109568,1,240947.26696957176,304813.1447039926,0.7904753162910947
l2-n128-uniform-w1,main,2,128,uniform,1,eas_k1_adaptive,eas,1,adaptive,accept_id,11,3,0,0.109568,10,75226.75493272579,80492.25485636604,0.9345837691708818
l2-n128-uniform-w1,main,2,128,uniform,1,eas_k1_adaptive,eas,1,adaptive,accept_id,11,3,0,0.109568,100,9549.117934334809,9629.075773795585,0.991696208302943
l2-n128-uniform-w1,main,2,128,uniform,1,eas_k1_adaptive,eas,1,adaptive,accept_id,11,3,0,0.109568,1000,981.3471148114439,982.1852793063664,0.9991466330105107
l2-n128-uniform-w1,main,2,128,uniform,1,eas_k1_adaptive,eas,1,adaptive,accept_static_degree,11,3,0,0.032376000000000016,0,319039.03417262546,347528.6849073257,0.9180221605525958
l2-n128-uniform-w1,main,2,128,uniform,1,eas_k1_adaptive,eas,1,adaptive,accept_static_degree,11,3,0,0.032376000000000016,0.1,309023.48578491964,335677.7493606138,0.9205956795573605
l2-n128-uniform-w1,main,2,128,uniform,1,eas_k1_adaptive,eas,1,adaptive,accept_static_degree,11,3,0,0.032376000000000016,1,240947.26696957176,256849.31506849316,0.9380880260681994
l2-n128-uniform-w1,main,2,128,uniform,1,eas_k1_adaptive,eas,1,adaptive,accept_static_degree,11,3,0,0.032376000000000016,10,75226.75493272579,76709.52659263588,0.9806703062087149
l2-n128-uniform-w1,main,2,128,uniform,1,eas_k1_adaptive,eas,1,adaptive,accept_static_degree,11,3,0,0.032376000000000016,100,9549.117934334809,9572.605936839034,0.9975463314107776
l2-n128-uniform-w1,main,2,128,uniform,1,eas_k1_adaptive,eas,1,adaptive,accept_static_degree,11,3,0,0.032376000000000016,1000,981.3471148114439,981.5946332014569,0.9997478405223084
l2-n128-uniform-w1,main,2,128,uniform,1,eas_k2_adaptive,eas,2,adaptive,accept_id,11,3,-2,0.022853000000000012,0,402308.7330194892,441535.14059039555,0.9111590359071873
l2-n128-uniform-w1,main,2,128,uniform,1,eas_k2_adaptive,eas,2,adaptive,accept_id,11,3,-2,0.022853000000000012,0.1,386267.5650502615,422580.55861125275,0.9140684709198917
l2-n128-uniform-w1,main,2,128,uniform,1,eas_k2_adaptive,eas,2,adaptive,accept_id,11,3,-2,0.022853000000000012,1,284259.5840181926,304813.1447039926,0.9325699660827955
l2-n128-uniform-w1,main,2,128,uniform,1,eas_k2_adaptive,eas,2,adaptive,accept_id,11,3,-2,0.022853000000000012,10,78074.7767470648,80492.25485636604,0.9699663264047566
l2-n128-uniform-w1,main,2,128,uniform,1,eas_k2_adaptive,eas,2,adaptive,accept_id,11,3,-2,0.022853000000000012,100,9459.712343879462,9629.075773795585,0.9824112475698836
l2-n128-uniform-w1,main,2,128,uniform,1,eas_k2_adaptive,eas,2,adaptive,accept_id,11,3,-2,0.022853000000000012,1000,966.422876364251,982.1852793063664,0.9839517010952893
l2-n128-uniform-w1,main,2,128,uniform,1,eas_k2_adaptive,eas,2,adaptive,accept_static_degree,11,3,-2,-0.05433899999999997,0,402308.7330194892,347528.6849073257,1.1576274146313175
l2-n128-uniform-w1,main,2,128,uniform,1,eas_k2_adaptive,eas,2,adaptive,accept_static_degree,11,3,-2,-0.05433899999999997,0.1,386267.5650502615,335677.7493606138,1.150709469978303
l2-n128-uniform-w1,main,2,128,uniform,1,eas_k2_adaptive,eas,2,adaptive,accept_static_degree,11,3,-2,-0.05433899999999997,1,284259.5840181926,256849.31506849316,1.1067173137774966
l2-n128-uniform-w1,main,2,128,uniform,1,eas_k2_adaptive,eas,2,adaptive,accept_static_degree,11,3,-2,-0.05433899999999997,10,78074.7767470648,76709.52659263588,1.0177976610607837
l2-n128-uniform-w1,main,2,128,uniform,1,eas_k2_adaptive,eas,2,adaptive,accept_static_degree,11,3,-2,-0.05433899999999997,100,9459.712343879462,9572.605936839034,0.9882065976909052
l2-n128-uniform-w1,main,2,128,uniform,1,eas_k2_adaptive,eas,2,adaptive,accept_static_degree,11,3,-2,-0.05433899999999997,1000,966.422876364251,981.5946332014569,0.9845437654974504
l2-n128-uniform-w1,main,2,128,uniform,1,eas_k1_adaptive,eas,1,adaptive,accept_id,29,1,0,0.01200399999999996,0,413778.1557973276,430758.92200870404,0.9605794207762611
l2-n128-uniform-w1,main,2,128,uniform,1,eas_k1_adaptive,eas,1,adaptive,accept_id,29,1,0,0.01200399999999996,0.1,397086.7697621577,412699.34852459986,0.9621696064744053
l2-n128-uniform-w1,main,2,128,uniform,1,eas_k1_adaptive,eas,1,adaptive,accept_id,29,1,0,0.01200399999999996,1,291322.07042133034,299638.2937739443,0.9722457925925584
l2-n128-uniform-w1,main,2,128,uniform,1,eas_k1_adaptive,eas,1,adaptive,accept_id,29,1,0,0.01200399999999996,10,79519.80137720723,80126.82932413019,0.9924241611449843
l2-n128-uniform-w1,main,2,128,uniform,1,eas_k1_adaptive,eas,1,adaptive,accept_id,29,1,0,0.01200399999999996,100,9615.009671097227,9623.825291825317,0.9990839795548265
l2-n128-uniform-w1,main,2,128,uniform,1,eas_k1_adaptive,eas,1,adaptive,accept_id,29,1,0,0.01200399999999996,1000,982.038737515628,982.1306243551699,0.9999064413253561
l2-n128-uniform-w1,main,2,128,uniform,1,eas_k1_adaptive,eas,1,adaptive,accept_static_degree,29,1,0,-0.011233000000000049,0,413778.1557973276,399057.46427485556,1.0368886509846937
l2-n128-uniform-w1,main,2,128,uniform,1,eas_k1_adaptive,eas,1,adaptive,accept_static_degree,29,1,0,-0.011233000000000049,0.1,397086.7697621577,383510.2756404013,1.0354006006725265
l2-n128-uniform-w1,main,2,128,uniform,1,eas_k1_adaptive,eas,1,adaptive,accept_static_degree,29,1,0,-0.011233000000000049,1,291322.07042133034,283947.5012619889,1.025971593786054
l2-n128-uniform-w1,main,2,128,uniform,1,eas_k1_adaptive,eas,1,adaptive,accept_static_degree,29,1,0,-0.011233000000000049,10,79519.80137720723,78960.03368961437,1.0070892534037317
l2-n128-uniform-w1,main,2,128,uniform,1,eas_k1_adaptive,eas,1,adaptive,accept_static_degree,29,1,0,-0.011233000000000049,100,9615.009671097227,9606.774880632009,1.0008571857431383
l2-n128-uniform-w1,main,2,128,uniform,1,eas_k1_adaptive,eas,1,adaptive,accept_static_degree,29,1,0,-0.011233000000000049,1000,982.038737515628,981.9527680095126,1.0000875495328452
l2-n128-uniform-w1,main,2,128,uniform,1,eas_k2_adaptive,eas,2,adaptive,accept_id,29,1,0,0.015397999999999967,0,409217.1286598139,430758.92200870404,0.9499910686737792
l2-n128-uniform-w1,main,2,128,uniform,1,eas_k2_adaptive,eas,2,adaptive,accept_id,29,1,0,0.015397999999999967,0.1,392884.42649787193,412699.34852459986,0.9519870285776649
l2-n128-uniform-w1,main,2,128,uniform,1,eas_k2_adaptive,eas,2,adaptive,accept_id,29,1,0,0.015397999999999967,1,289053.8075956917,299638.2937739443,0.9646757894495359
l2-n128-uniform-w1,main,2,128,uniform,1,eas_k2_adaptive,eas,2,adaptive,accept_id,29,1,0,0.015397999999999967,10,79349.83516016386,80126.82932413019,0.9903029463349508
l2-n128-uniform-w1,main,2,128,uniform,1,eas_k2_adaptive,eas,2,adaptive,accept_id,29,1,0,0.015397999999999967,100,9612.520078532763,9623.825291825317,0.9988252890145298
l2-n128-uniform-w1,main,2,128,uniform,1,eas_k2_adaptive,eas,2,adaptive,accept_id,29,1,0,0.015397999999999967,1000,982.0127606323242,982.1306243551699,0.999879991805649
l2-n128-uniform-w1,main,2,128,uniform,1,eas_k2_adaptive,eas,2,adaptive,accept_static_degree,29,1,0,-0.00783900000000004,0,409217.1286598139,399057.46427485556,1.0254591513616214
l2-n128-uniform-w1,main,2,128,uniform,1,eas_k2_adaptive,eas,2,adaptive,accept_static_degree,29,1,0,-0.00783900000000004,0.1,392884.42649787193,383510.2756404013,1.024443023962832
l2-n128-uniform-w1,main,2,128,uniform,1,eas_k2_adaptive,eas,2,adaptive,accept_static_degree,29,1,0,-0.00783900000000004,1,289053.8075956917,283947.5012619889,1.0179832761725605
l2-n128-uniform-w1,main,2,128,uniform,1,eas_k2_adaptive,eas,2,adaptive,accept_static_degree,29,1,0,-0.00783900000000004,10,79349.83516016386,78960.03368961437,1.004936693316036
l2-n128-uniform-w1,main,2,128,uniform,1,eas_k2_adaptive,eas,2,adaptive,accept_static_degree,29,1,0,-0.00783900000000004,100,9612.520078532763,9606.774880632009,1.0005980360706004
l2-n128-uniform-w1,main,2,128,uniform,1,eas_k2_adaptive,eas,2,adaptive,accept_static_degree,29,1,0,-0.00783900000000004,1000,982.0127606323242,981.9527680095126,1.000061095222465
l2-n128-uniform-w1,main,2,128,uniform,1,eas_k1_adaptive,eas,1,adaptive,accept_id,29,2,0,0.014327999999999952,0,409078.95548506704,429036.94825337693,0.9534818787762697
l2-n128-uniform-w1,main,2,128,uniform,1,eas_k1_adaptive,eas,1,adaptive,accept_id,29,2,0,0.014327999999999952,0.1,392757.0610550203,411118.47063928924,0.9553379113428863
l2-n128-uniform-w1,main,2,128,uniform,1,eas_k1_adaptive,eas,1,adaptive,accept_id,29,2,0,0.014327999999999952,1,288984.8604042577,298804.0722726421,0.9671382930168874
l2-n128-uniform-w1,main,2,128,uniform,1,eas_k1_adaptive,eas,1,adaptive,accept_id,29,2,0,0.014327999999999952,10,79344.63847497087,80067.05297960641,0.9909773811105607
l2-n128-uniform-w1,main,2,128,uniform,1,eas_k1_adaptive,eas,1,adaptive,accept_id,29,2,0,0.014327999999999952,100,9612.443812023626,9622.962404536967,0.998906927817947
l2-n128-uniform-w1,main,2,128,uniform,1,eas_k1_adaptive,eas,1,adaptive,accept_id,29,2,0,0.014327999999999952,1000,982.011964662315,982.1216369962914,0.9998883312108755
l2-n128-uniform-w1,main,2,128,uniform,1,eas_k1_adaptive,eas,1,adaptive,accept_static_degree,29,2,0,-0.008569000000000049,0,409078.95548506704,398006.1785721054,1.0278206156313616
l2-n128-uniform-w1,main,2,128,uniform,1,eas_k1_adaptive,eas,1,adaptive,accept_static_degree,29,2,0,-0.008569000000000049,0.1,392757.0610550203,382539.2102690526,1.0267105972712736
l2-n128-uniform-w1,main,2,128,uniform,1,eas_k1_adaptive,eas,1,adaptive,accept_static_degree,29,2,0,-0.008569000000000049,1,288984.8604042577,283414.8338424303,1.0196532640381277
l2-n128-uniform-w1,main,2,128,uniform,1,eas_k1_adaptive,eas,1,adaptive,accept_static_degree,29,2,0,-0.008569000000000049,10,79344.63847497087,78918.78755688728,1.0053960651356513
l2-n128-uniform-w1,main,2,128,uniform,1,eas_k1_adaptive,eas,1,adaptive,accept_static_degree,29,2,0,-0.008569000000000049,100,9612.443812023626,9606.164046750608,1.0006537224684542
l2-n128-uniform-w1,main,2,128,uniform,1,eas_k1_adaptive,eas,1,adaptive,accept_static_degree,29,2,0,-0.008569000000000049,1000,982.011964662315,981.9463857585106,1.0000667846073426
l2-n128-uniform-w1,main,2,128,uniform,1,eas_k2_adaptive,eas,2,adaptive,accept_id,29,2,0,0.010301999999999978,0,414496.86331143515,429036.94825337693,0.9661099469378222
l2-n128-uniform-w1,main,2,128,uniform,1,eas_k2_adaptive,eas,2,adaptive,accept_id,29,2,0,0.010301999999999978,0.1,397748.61656086345,411118.47063928924,0.9674793154935714
l2-n128-uniform-w1,main,2,128,uniform,1,eas_k2_adaptive,eas,2,adaptive,accept_id,29,2,0,0.010301999999999978,1,291678.14474180696,298804.0722726421,0.9761518393084913
l2-n128-uniform-w1,main,2,128,uniform,1,eas_k2_adaptive,eas,2,adaptive,accept_id,29,2,0,0.010301999999999978,10,79546.30826214676,80067.05297960641,0.9934961423197094
l2-n128-uniform-w1,main,2,128,uniform,1,eas_k2_adaptive,eas,2,adaptive,accept_id,29,2,0,0.010301999999999978,100,9615.397089571925,9622.962404536967,0.9992138268189144
l2-n128-uniform-w1,main,2,128,uniform,1,eas_k2_adaptive,eas,2,adaptive,accept_id,29,2,0,0.010301999999999978,1000,982.0427788278405,982.1216369962914,0.9999197063118453
l2-n128-uniform-w1,main,2,128,uniform,1,eas_k2_adaptive,eas,2,adaptive,accept_static_degree,29,2,0,-0.012595000000000023,0,414496.86331143515,398006.1785721054,1.041433238042917
l2-n128-uniform-w1,main,2,128,uniform,1,eas_k2_adaptive,eas,2,adaptive,accept_static_degree,29,2,0,-0.012595000000000023,0.1,397748.61656086345,382539.2102690526,1.039759077980826
l2-n128-uniform-w1,main,2,128,uniform,1,eas_k2_adaptive,eas,2,adaptive,accept_static_degree,29,2,0,-0.012595000000000023,1,291678.14474180696,283414.8338424303,1.0291562399446275
l2-n128-uniform-w1,main,2,128,uniform,1,eas_k2_adaptive,eas,2,adaptive,accept_static_degree,29,2,0,-0.012595000000000023,10,79546.30826214676,78918.78755688728,1.0079514742266806
l2-n128-uniform-w1,main,2,128,uniform,1,eas_k2_adaptive,eas,2,adaptive,accept_static_degree,29,2,0,-0.012595000000000023,100,9615.397089571925,9606.164046750608,1.0009611581455806
l2-n128-uniform-w1,main,2,128,uniform,1,eas_k2_adaptive,eas,2,adaptive,accept_static_degree,29,2,0,-0.012595000000000023,1000,982.0427788278405,981.9463857585106,1.0000981653079313
l2-n128-uniform-w1,main,2,128,uniform,1,eas_k1_adaptive,eas,1,adaptive,accept_id,29,3,0,0.020681000000000005,0,418749.33531851537,449654.7294042075,0.9312686110815697
l2-n128-uniform-w1,main,2,128,uniform,1,eas_k1_adaptive,eas,1,adaptive,accept_id,29,3,0,0.020681000000000005,0.1,401662.75629909214,430012.1154207123,0.9340731153728451
l2-n128-uniform-w1,main,2,128,uniform,1,eas_k1_adaptive,eas,1,adaptive,accept_id,29,3,0,0.020681000000000005,1,293777.51249720214,308660.8772338106,0.9517808513019475
l2-n128-uniform-w1,main,2,128,uniform,1,eas_k1_adaptive,eas,1,adaptive,accept_id,29,3,0,0.020681000000000005,10,79701.63755237535,80758.10064638528,0.9869181780458675
l2-n128-uniform-w1,main,2,128,uniform,1,eas_k1_adaptive,eas,1,adaptive,accept_id,29,3,0,0.020681000000000005,100,9617.662791918965,9632.869184489704,0.998421405680955
l2-n128-uniform-w1,main,2,128,uniform,1,eas_k1_adaptive,eas,1,adaptive,accept_id,29,3,0,0.020681000000000005,1000,982.0664073928214,982.22473356472,0.9998388086081643
l2-n128-uniform-w1,main,2,128,uniform,1,eas_k1_adaptive,eas,1,adaptive,accept_static_degree,29,3,0,-0.010994999999999977,0,418749.33531851537,403987.29043159314,1.036540864617675
l2-n128-uniform-w1,main,2,128,uniform,1,eas_k1_adaptive,eas,1,adaptive,accept_static_degree,29,3,0,-0.010994999999999977,0.1,401662.75629909214,388061.2644021547,1.0350498571865754
l2-n128-uniform-w1,main,2,128,uniform,1,eas_k1_adaptive,eas,1,adaptive,accept_static_degree,29,3,0,-0.010994999999999977,1,293777.51249720214,286434.5940244288,1.02563558531672
l2-n128-uniform-w1,main,2,128,uniform,1,eas_k1_adaptive,eas,1,adaptive,accept_static_degree,29,3,0,-0.010994999999999977,10,79701.63755237535,79151.14791150902,1.006954916705463
l2-n128-uniform-w1,main,2,128,uniform,1,eas_k1_adaptive,eas,1,adaptive,accept_static_degree,29,3,0,-0.010994999999999977,100,9617.662791918965,9609.597883325907,1.0008392555745804
l2-n128-uniform-w1,main,2,128,uniform,1,eas_k1_adaptive,eas,1,adaptive,accept_static_degree,29,3,0,-0.010994999999999977,1000,982.0664073928214,981.9822544739832,1.0000856969853118
l2-n128-uniform-w1,main,2,128,uniform,1,eas_k2_adaptive,eas,2,adaptive,accept_id,29,3,0,0.027039000000000035,0,410084.1648928899,449654.7294042075,0.9119978909957234
l2-n128-uniform-w1,main,2,128,uniform,1,eas_k2_adaptive,eas,2,adaptive,accept_id,29,3,0,0.027039000000000035,0.1,393683.5658982547,430012.1154207123,0.9155173814418817
l2-n128-uniform-w1,main,2,128,uniform,1,eas_k2_adaptive,eas,2,adaptive,accept_id,29,3,0,0.027039000000000035,1,289486.13912795746,308660.8772338106,0.9378776530485647
l2-n128-uniform-w1,main,2,128,uniform,1,eas_k2_adaptive,eas,2,adaptive,accept_id,29,3,0,0.027039000000000035,10,79382.3798837489,80758.10064638528,0.98296491928828
l2-n128-uniform-w1,main,2,128,uniform,1,eas_k2_adaptive,eas,2,adaptive,accept_id,29,3,0,0.027039000000000035,100,9612.997505045678,9632.869184489704,0.9979370965115957
l2-n128-uniform-w1,main,2,128,uniform,1,eas_k2_adaptive,eas,2,adaptive,accept_id,29,3,0,0.027039000000000035,1000,982.017743127758,982.22473356472,0.9997892636685997
l2-n128-uniform-w1,main,2,128,uniform,1,eas_k2_adaptive,eas,2,adaptive,accept_static_degree,29,3,0,-0.004636999999999947,0,410084.1648928899,403987.29043159314,1.0150917481953041
l2-n128-uniform-w1,main,2,128,uniform,1,eas_k2_adaptive,eas,2,adaptive,accept_static_degree,29,3,0,-0.004636999999999947,0.1,393683.5658982547,388061.2644021547,1.0144881801196046
l2-n128-uniform-w1,main,2,128,uniform,1,eas_k2_adaptive,eas,2,adaptive,accept_static_degree,29,3,0,-0.004636999999999947,1,289486.13912795746,286434.5940244288,1.0106535494217168
l2-n128-uniform-w1,main,2,128,uniform,1,eas_k2_adaptive,eas,2,adaptive,accept_static_degree,29,3,0,-0.004636999999999947,10,79382.3798837489,79151.14791150902,1.0029213975834994
l2-n128-uniform-w1,main,2,128,uniform,1,eas_k2_adaptive,eas,2,adaptive,accept_static_degree,29,3,0,-0.004636999999999947,100,9612.997505045678,9609.597883325907,1.0003537735669117
l2-n128-uniform-w1,main,2,128,uniform,1,eas_k2_adaptive,eas,2,adaptive,accept_static_degree,29,3,0,-0.004636999999999947,1000,982.017743127758,981.9822544739832,1.0000361398117055
l2-n128-uniform-w1,main,2,128,uniform,1,eas_k1_adaptive,eas,1,adaptive,accept_id,47,1,0,0.026092999999999977,0,390142.81785447034,425661.0830632246,0.9165574053583878
l2-n128-uniform-w1,main,2,128,uniform,1,eas_k1_adaptive,eas,1,adaptive,accept_id,47,1,0,0.026092999999999977,0.1,374801.07893556496,407463.9377715731,0.9198386512076582
l2-n128-uniform-w1,main,2,128,uniform,1,eas_k1_adaptive,eas,1,adaptive,accept_id,47,1,0,0.026092999999999977,1,276828.54329189984,294250.3008829921,0.9407927280318399
l2-n128-uniform-w1,main,2,128,uniform,1,eas_k1_adaptive,eas,1,adaptive,accept_id,47,1,0,0.026092999999999977,10,76599.196587443,77875.0080587867,0.9836171898642938
l2-n128-uniform-w1,main,2,128,uniform,1,eas_k1_adaptive,eas,1,adaptive,accept_id,47,1,0,0.026092999999999977,100,9303.952975076234,9322.503844195591,0.998010097991978
l2-n128-uniform-w1,main,2,128,uniform,1,eas_k1_adaptive,eas,1,adaptive,accept_id,47,1,0,0.026092999999999977,1000,950.8021754291427,950.9955649074624,0.999796645236365
l2-n128-uniform-w1,main,2,128,uniform,1,eas_k1_adaptive,eas,1,adaptive,accept_static_degree,47,1,0,-0.012936000000000003,0,390142.81785447034,374644.5483076507,1.0413679302603724
l2-n128-uniform-w1,main,2,128,uniform,1,eas_k1_adaptive,eas,1,adaptive,accept_static_degree,47,1,0,-0.012936000000000003,0.1,374801.07893556496,360475.3547136585,1.039741202927135
l2-n128-uniform-w1,main,2,128,uniform,1,eas_k1_adaptive,eas,1,adaptive,accept_static_degree,47,1,0,-0.012936000000000003,1,276828.54329189984,268934.5342803356,1.0293529019346233
l2-n128-uniform-w1,main,2,128,uniform,1,eas_k1_adaptive,eas,1,adaptive,accept_static_degree,47,1,0,-0.012936000000000003,10,76599.196587443,75982.06823189727,1.0081220262873374
l2-n128-uniform-w1,main,2,128,uniform,1,eas_k1_adaptive,eas,1,adaptive,accept_static_degree,47,1,0,-0.012936000000000003,100,9303.952975076234,9294.783447544889,1.0009865240629965
l2-n128-uniform-w1,main,2,128,uniform,1,eas_k1_adaptive,eas,1,adaptive,accept_static_degree,47,1,0,-0.012936000000000003,1000,950.8021754291427,950.7063288255359,1.0001008162044374
l2-n128-uniform-w1,main,2,128,uniform,1,eas_k2_adaptive,eas,2,adaptive,accept_id,47,1,0,0.039986999999999995,0,373545.62155541946,425661.0830632246,0.8775658297611757
l2-n128-uniform-w1,main,2,128,uniform,1,eas_k2_adaptive,eas,2,adaptive,accept_id,47,1,0,0.039986999999999995,0.1,359457.8668238067,407463.9377715731,0.8821832645845609
l2-n128-uniform-w1,main,2,128,uniform,1,eas_k2_adaptive,eas,2,adaptive,accept_id,47,1,0,0.039986999999999995,1,268367.79586449626,294250.3008829921,0.9120391553013638
l2-n128-uniform-w1,main,2,128,uniform,1,eas_k2_adaptive,eas,2,adaptive,accept_id,47,1,0,0.039986999999999995,10,75936.76086144653,77875.0080587867,0.9751107929789616
l2-n128-uniform-w1,main,2,128,uniform,1,eas_k2_adaptive,eas,2,adaptive,accept_id,47,1,0,0.039986999999999995,100,9294.105099568815,9322.503844195591,0.9969537427818324
l2-n128-uniform-w1,main,2,128,uniform,1,eas_k2_adaptive,eas,2,adaptive,accept_id,47,1,0,0.039986999999999995,1000,950.6992314921457,950.9955649074624,0.9996883966379533
l2-n128-uniform-w1,main,2,128,uniform,1,eas_k2_adaptive,eas,2,adaptive,accept_static_degree,47,1,0,0.0009580000000000144,0,373545.62155541946,374644.5483076507,0.9970667483159829
l2-n128-uniform-w1,main,2,128,uniform,1,eas_k2_adaptive,eas,2,adaptive,accept_static_degree,47,1,0,0.0009580000000000144,0.1,359457.8668238067,360475.3547136585,0.9971773718326458
l2-n128-uniform-w1,main,2,128,uniform,1,eas_k2_adaptive,eas,2,adaptive,accept_static_degree,47,1,0,0.0009580000000000144,1,268367.79586449626,268934.5342803356,0.9978926528816542
l2-n128-uniform-w1,main,2,128,uniform,1,eas_k2_adaptive,eas,2,adaptive,accept_static_degree,47,1,0,0.0009580000000000144,10,75936.76086144653,75982.06823189727,0.9994037096974978
l2-n128-uniform-w1,main,2,128,uniform,1,eas_k2_adaptive,eas,2,adaptive,accept_static_degree,47,1,0,0.0009580000000000144,100,9294.105099568815,9294.783447544889,0.9999270184206117
l2-n128-uniform-w1,main,2,128,uniform,1,eas_k2_adaptive,eas,2,adaptive,accept_static_degree,47,1,0,0.0009580000000000144,1000,950.6992314921457,950.7063288255359,0.9999925346732477
l2-n128-uniform-w1,main,2,128,uniform,1,eas_k1_adaptive,eas,1,adaptive,accept_id,47,2,0,0.028717000000000048,0,378409.56321610906,415411.06968350447,0.9109279719108441
l2-n128-uniform-w1,main,2,128,uniform,1,eas_k1_adaptive,eas,1,adaptive,accept_id,47,2,0,0.028717000000000048,0.1,363959.6422455713,398061.8953619264,0.9143292701117534
l2-n128-uniform-w1,main,2,128,uniform,1,eas_k1_adaptive,eas,1,adaptive,accept_id,47,2,0,0.028717000000000048,1,270869.1346841266,289315.4843070064,0.9362414021252125
l2-n128-uniform-w1,main,2,128,uniform,1,eas_k1_adaptive,eas,1,adaptive,accept_id,47,2,0,0.028717000000000048,10,76135.70127845572,77525.04471987723,0.982078779232677
l2-n128-uniform-w1,main,2,128,uniform,1,eas_k1_adaptive,eas,1,adaptive,accept_id,47,2,0,0.028717000000000048,100,9297.078385496801,9317.468688150051,0.997811604918063
l2-n128-uniform-w1,main,2,128,uniform,1,eas_k1_adaptive,eas,1,adaptive,accept_id,47,2,0,0.028717000000000048,1000,950.7303331182967,950.9431426807952,0.9997762121067527
l2-n128-uniform-w1,main,2,128,uniform,1,eas_k1_adaptive,eas,1,adaptive,accept_static_degree,47,2,0,0.0008490000000000442,0,378409.56321610906,379408.68223900883,0.9973666416461435
l2-n128-uniform-w1,main,2,128,uniform,1,eas_k1_adaptive,eas,1,adaptive,accept_static_degree,47,2,0,0.0008490000000000442,0.1,363959.6422455713,364883.82039341656,0.9974671988830615
l2-n128-uniform-w1,main,2,128,uniform,1,eas_k1_adaptive,eas,1,adaptive,accept_static_degree,47,2,0,0.0008490000000000442,1,270869.1346841266,271380.6825891497,0.9981150172512554
l2-n128-uniform-w1,main,2,128,uniform,1,eas_k1_adaptive,eas,1,adaptive,accept_static_degree,47,2,0,0.0008490000000000442,10,76135.70127845572,76176.0616101996,0.999470170406677
l2-n128-uniform-w1,main,2,128,uniform,1,eas_k1_adaptive,eas,1,adaptive,accept_static_degree,47,2,0,0.0008490000000000442,100,9297.078385496801,9297.679931636141,0.9999353014791041
l2-n128-uniform-w1,main,2,128,uniform,1,eas_k1_adaptive,eas,1,adaptive,accept_static_degree,47,2,0,0.0008490000000000442,1000,950.7303331182967,950.736623332481,0.999993383852026
l2-n128-uniform-w1,main,2,128,uniform,1,eas_k2_adaptive,eas,2,adaptive,accept_id,47,2,0,0.026897000000000004,0,380557.86039141315,415411.06968350447,0.9160994690905915
l2-n128-uniform-w1,main,2,128,uniform,1,eas_k2_adaptive,eas,2,adaptive,accept_id,47,2,0,0.026897000000000004,0.1,365946.57180051715,398061.8953619264,0.9193207791662417
l2-n128-uniform-w1,main,2,128,uniform,1,eas_k2_adaptive,eas,2,adaptive,accept_id,47,2,0,0.026897000000000004,1,271968.1128533914,289315.4843070064,0.940039948103134
l2-n128-uniform-w1,main,2,128,uniform,1,eas_k2_adaptive,eas,2,adaptive,accept_id,47,2,0,0.026897000000000004,10,76222.27414777875,77525.04471987723,0.9831954876413705
l2-n128-uniform-w1,main,2,128,uniform,1,eas_k2_adaptive,eas,2,adaptive,accept_id,47,2,0,0.026897000000000004,100,9298.368014467651,9317.468688150051,0.9979500147173349
l2-n128-uniform-w1,main,2,128,uniform,1,eas_k2_adaptive,eas,2,adaptive,accept_id,47,2,0,0.026897000000000004,1000,950.7438175428475,950.9431426807952,0.9997903921601603
l2-n128-uniform-w1,main,2,128,uniform,1,eas_k2_adaptive,eas,2,adaptive,accept_static_degree,47,2,0,-0.0009709999999999996,0,380557.86039141315,379408.68223900883,1.0030288662495088
l2-n128-uniform-w1,main,2,128,uniform,1,eas_k2_adaptive,eas,2,adaptive,accept_static_degree,47,2,0,-0.0009709999999999996,0.1,365946.57180051715,364883.82039341656,1.0029125747640844
l2-n128-uniform-w1,main,2,128,uniform,1,eas_k2_adaptive,eas,2,adaptive,accept_static_degree,47,2,0,-0.0009709999999999996,1,271968.1128533914,271380.6825891497,1.0021645986686938
l2-n128-uniform-w1,main,2,128,uniform,1,eas_k2_adaptive,eas,2,adaptive,accept_static_degree,47,2,0,-0.0009709999999999996,10,76222.27414777875,76176.0616101996,1.0006066543294878
l2-n128-uniform-w1,main,2,128,uniform,1,eas_k2_adaptive,eas,2,adaptive,accept_static_degree,47,2,0,-0.0009709999999999996,100,9298.368014467651,9297.679931636141,1.0000740058634594
l2-n128-uniform-w1,main,2,128,uniform,1,eas_k2_adaptive,eas,2,adaptive,accept_static_degree,47,2,0,-0.0009709999999999996,1000,950.7438175428475,950.736623332481,1.0000075669856299
l2-n128-uniform-w1,main,2,128,uniform,1,eas_k1_adaptive,eas,1,adaptive,accept_id,47,3,0,0.02899099999999999,0,382872.42188774934,421193.63514273975,0.9090175870250186
l2-n128-uniform-w1,main,2,128,uniform,1,eas_k1_adaptive,eas,1,adaptive,accept_id,47,3,0,0.02899099999999999,0.1,368086.31322335,403368.457247903,0.9125312269946054
l2-n128-uniform-w1,main,2,128,uniform,1,eas_k1_adaptive,eas,1,adaptive,accept_id,47,3,0,0.02899099999999999,1,273148.189609622,292108.5207097758,0.9350914822543235
l2-n128-uniform-w1,main,2,128,uniform,1,eas_k1_adaptive,eas,1,adaptive,accept_id,47,3,0,0.02899099999999999,10,76314.6766884935,77724.18489946505,0.9818652558042942
l2-n128-uniform-w1,main,2,128,uniform,1,eas_k1_adaptive,eas,1,adaptive,accept_id,47,3,0,0.02899099999999999,100,9299.741650127862,9320.338743891836,0.9977900917198452
l2-n128-uniform-w1,main,2,128,uniform,1,eas_k1_adaptive,eas,1,adaptive,accept_id,47,3,0,0.02899099999999999,1000,950.7581766528019,950.9730297579027,0.9997740702434479
l2-n128-uniform-w1,main,2,128,uniform,1,eas_k1_adaptive,eas,1,adaptive,accept_static_degree,47,3,0,0.009503999999999957,0,382872.42188774934,394643.2037264669,0.9701736106752364
l2-n128-uniform-w1,main,2,128,uniform,1,eas_k1_adaptive,eas,1,adaptive,accept_static_degree,47,3,0,0.009503999999999957,0.1,368086.31322335,378952.59986332856,0.9713254727797155
l2-n128-uniform-w1,main,2,128,uniform,1,eas_k1_adaptive,eas,1,adaptive,accept_static_degree,47,3,0,0.009503999999999957,1,273148.189609622,279086.79141693737,0.9787213082454931
l2-n128-uniform-w1,main,2,128,uniform,1,eas_k1_adaptive,eas,1,adaptive,accept_static_degree,47,3,0,0.009503999999999957,10,76314.6766884935,76771.08373082297,0.994054961579939
l2-n128-uniform-w1,main,2,128,uniform,1,eas_k1_adaptive,eas,1,adaptive,accept_static_degree,47,3,0,0.009503999999999957,100,9299.741650127862,9306.483873083971,0.9992755348799767
l2-n128-uniform-w1,main,2,128,uniform,1,eas_k1_adaptive,eas,1,adaptive,accept_static_degree,47,3,0,0.009503999999999957,1000,950.7581766528019,950.8286003631541,0.9999259343794189
l2-n128-uniform-w1,main,2,128,uniform,1,eas_k2_adaptive,eas,2,adaptive,accept_id,47,3,0,0.024025999999999992,0,388932.6349548424,421193.63514273975,0.9234057746932375
l2-n128-uniform-w1,main,2,128,uniform,1,eas_k2_adaptive,eas,2,adaptive,accept_id,47,3,0,0.024025999999999992,0.1,373684.06543759326,403368.457247903,0.9264087429819376
l2-n128-uniform-w1,main,2,128,uniform,1,eas_k2_adaptive,eas,2,adaptive,accept_id,47,3,0,0.024025999999999992,1,276218.70181738323,292108.5207097758,0.9456030284437341
l2-n128-uniform-w1,main,2,128,uniform,1,eas_k2_adaptive,eas,2,adaptive,accept_id,47,3,0,0.024025999999999992,10,76552.42994354572,77724.18489946505,0.9849241911325931
l2-n128-uniform-w1,main,2,128,uniform,1,eas_k2_adaptive,eas,2,adaptive,accept_id,47,3,0,0.024025999999999992,100,9303.262646584531,9320.338743891836,0.9981678673086324
l2-n128-uniform-w1,main,2,128,uniform,1,eas_k2_adaptive,eas,2,adaptive,accept_id,47,3,0,0.024025999999999992,1000,950.7949655157187,950.9730297579027,0.9998127557390041
l2-n128-uniform-w1,main,2,128,uniform,1,eas_k2_adaptive,eas,2,adaptive,accept_static_degree,47,3,0,0.00453899999999996,0,388932.6349548424,394643.2037264669,0.9855297931962295
l2-n128-uniform-w1,main,2,128,uniform,1,eas_k2_adaptive,eas,2,adaptive,accept_static_degree,47,3,0,0.00453899999999996,0.1,373684.06543759326,378952.59986332856,0.9860971149752359
l2-n128-uniform-w1,main,2,128,uniform,1,eas_k2_adaptive,eas,2,adaptive,accept_static_degree,47,3,0,0.00453899999999996,1,276218.70181738323,279086.79141693737,0.9897233058397615
l2-n128-uniform-w1,main,2,128,uniform,1,eas_k2_adaptive,eas,2,adaptive,accept_static_degree,47,3,0,0.00453899999999996,10,76552.42994354572,76771.08373082297,0.9971518731187397
l2-n128-uniform-w1,main,2,128,uniform,1,eas_k2_adaptive,eas,2,adaptive,accept_static_degree,47,3,0,0.00453899999999996,100,9303.262646584531,9306.483873083971,0.9996538728757962
l2-n128-uniform-w1,main,2,128,uniform,1,eas_k2_adaptive,eas,2,adaptive,accept_static_degree,47,3,0,0.00453899999999996,1000,950.7949655157187,950.8286003631541,0.999964625751242
l2-n128-uniform-w1,main,2,128,uniform,1,eas_k2_adaptive,eas,2,adaptive,accept_id,71,1,-2,0.008936,0,407586.365578674,426693.3970890028,0.9552207002951505
l2-n128-uniform-w1,main,2,128,uniform,1,eas_k2_adaptive,eas,2,adaptive,accept_id,71,1,-2,0.008936,0.1,391130.17695486237,408966.0947632866,0.956387783640725
l2-n128-uniform-w1,main,2,128,uniform,1,eas_k2_adaptive,eas,2,adaptive,accept_id,71,1,-2,0.008936,1,286884.2977118664,297665.4523806149,0.9637809675844982
l2-n128-uniform-w1,main,2,128,uniform,1,eas_k2_adaptive,eas,2,adaptive,accept_id,71,1,-2,0.008936,10,78271.4631082608,79985.06945370197,0.9785759222671793
l2-n128-uniform-w1,main,2,128,uniform,1,eas_k2_adaptive,eas,2,adaptive,accept_id,71,1,-2,0.008936,100,9462.593376337258,9621.77710557701,0.9834558909967385
l2-n128-uniform-w1,main,2,128,uniform,1,eas_k2_adaptive,eas,2,adaptive,accept_id,71,1,-2,0.008936,1000,966.4529376778927,982.109289215238,0.9840584426710233
l2-n128-uniform-w1,main,2,128,uniform,1,eas_k2_adaptive,eas,2,adaptive,accept_static_degree,71,1,-2,-0.007821000000000022,0,407586.365578674,403780.1513214186,1.009426452104689
l2-n128-uniform-w1,main,2,128,uniform,1,eas_k2_adaptive,eas,2,adaptive,accept_static_degree,71,1,-2,-0.007821000000000022,0.1,391130.17695486237,387870.1312293944,1.0084049929679682
l2-n128-uniform-w1,main,2,128,uniform,1,eas_k2_adaptive,eas,2,adaptive,accept_static_degree,71,1,-2,-0.007821000000000022,1,286884.2977118664,286330.4480617019,1.0019343023206708
l2-n128-uniform-w1,main,2,128,uniform,1,eas_k2_adaptive,eas,2,adaptive,accept_static_degree,71,1,-2,-0.007821000000000022,10,78271.4631082608,79143.19327709978,0.9889854056584899
l2-n128-uniform-w1,main,2,128,uniform,1,eas_k2_adaptive,eas,2,adaptive,accept_static_degree,71,1,-2,-0.007821000000000022,100,9462.593376337258,9609.480622062863,0.9847143408158439
l2-n128-uniform-w1,main,2,128,uniform,1,eas_k2_adaptive,eas,2,adaptive,accept_static_degree,71,1,-2,-0.007821000000000022,1000,966.4529376778927,981.9810299813538,0.984186973241473
l2-n128-uniform-w1,main,2,128,uniform,1,eas_k1_adaptive,eas,1,adaptive,accept_id,71,1,0,0.005047000000000024,0,419523.14202856086,426693.3970890028,0.9831957674776337
l2-n128-uniform-w1,main,2,128,uniform,1,eas_k1_adaptive,eas,1,adaptive,accept_id,71,1,0,0.005047000000000024,0.1,402374.6491197256,408966.0947632866,0.9838826598880376
l2-n128-uniform-w1,main,2,128,uniform,1,eas_k1_adaptive,eas,1,adaptive,accept_id,71,1,0,0.005047000000000024,1,294158.1590368421,297665.4523806149,0.9882173315185798
l2-n128-uniform-w1,main,2,128,uniform,1,eas_k1_adaptive,eas,1,adaptive,accept_id,71,1,0,0.005047000000000024,10,79729.62797269704,79985.06945370197,0.9968063854573159
l2-n128-uniform-w1,main,2,128,uniform,1,eas_k1_adaptive,eas,1,adaptive,accept_id,71,1,0,0.005047000000000024,100,9618.070247179061,9621.77710557701,0.9996147428528769
l2-n128-uniform-w1,main,2,128,uniform,1,eas_k1_adaptive,eas,1,adaptive,accept_id,71,1,0,0.005047000000000024,1000,982.0706556033238,982.109289215238,0.9999606626142951
l2-n128-uniform-w1,main,2,128,uniform,1,eas_k1_adaptive,eas,1,adaptive,accept_static_degree,71,1,0,-0.011709999999999998,0,419523.14202856086,403780.1513214186,1.038989015818686
l2-n128-uniform-w1,main,2,128,uniform,1,eas_k1_adaptive,eas,1,adaptive,accept_static_degree,71,1,0,-0.011709999999999998,0.1,402374.6491197256,387870.1312293944,1.037395294771365
l2-n128-uniform-w1,main,2,128,uniform,1,eas_k1_adaptive,eas,1,adaptive,accept_static_degree,71,1,0,-0.011709999999999998,1,294158.1590368421,286330.4480617019,1.027338032081916
l2-n128-uniform-w1,main,2,128,uniform,1,eas_k1_adaptive,eas,1,adaptive,accept_static_degree,71,1,0,-0.011709999999999998,10,79729.62797269704,79143.19327709978,1.0074097932028596
l2-n128-uniform-w1,main,2,128,uniform,1,eas_k1_adaptive,eas,1,adaptive,accept_static_degree,71,1,0,-0.011709999999999998,100,9618.070247179061,9609.480622062863,1.0008938698618608
l2-n128-uniform-w1,main,2,128,uniform,1,eas_k1_adaptive,eas,1,adaptive,accept_static_degree,71,1,0,-0.011709999999999998,1000,982.0706556033238,981.9810299813538,1.0000912702172786
l2-n128-uniform-w1,main,2,128,uniform,1,eas_k1_adaptive,eas,1,adaptive,accept_id,71,2,0,0.019515000000000005,0,402985.9338719272,429812.62216400425,0.9375851547657883
l2-n128-uniform-w1,main,2,128,uniform,1,eas_k1_adaptive,eas,1,adaptive,accept_id,71,2,0,0.019515000000000005,0.1,387137.2124891694,411830.65262084454,0.9400398198275702
l2-n128-uniform-w1,main,2,128,uniform,1,eas_k1_adaptive,eas,1,adaptive,accept_id,71,2,0,0.019515000000000005,1,285930.8410451453,299180.10404819174,0.9557147590238412
l2-n128-uniform-w1,main,2,128,uniform,1,eas_k1_adaptive,eas,1,adaptive,accept_id,71,2,0,0.019515000000000005,10,79112.63252935644,80094.02784602369,0.987746960128489
l2-n128-uniform-w1,main,2,128,uniform,1,eas_k1_adaptive,eas,1,adaptive,accept_id,71,2,0,0.019515000000000005,100,9609.029925722198,9623.351934152442,0.9985117442936471
l2-n128-uniform-w1,main,2,128,uniform,1,eas_k1_adaptive,eas,1,adaptive,accept_id,71,2,0,0.019515000000000005,1000,981.9763233662372,982.125694301483,0.9998479105718214
l2-n128-uniform-w1,main,2,128,uniform,1,eas_k1_adaptive,eas,1,adaptive,accept_static_degree,71,2,0,0.003035999999999983,0,402985.9338719272,406937.31227594224,0.990289957974324
l2-n128-uniform-w1,main,2,128,uniform,1,eas_k1_adaptive,eas,1,adaptive,accept_static_degree,71,2,0,0.003035999999999983,0.1,387137.2124891694,390782.49542536365,0.9906718366895467
l2-n128-uniform-w1,main,2,128,uniform,1,eas_k1_adaptive,eas,1,adaptive,accept_static_degree,71,2,0,0.003035999999999983,1,285930.8410451453,287914.4482782259,0.9931104283062455
l2-n128-uniform-w1,main,2,128,uniform,1,eas_k1_adaptive,eas,1,adaptive,accept_static_degree,71,2,0,0.003035999999999983,10,79112.63252935644,79263.72803734202,0.9980937622828642
l2-n128-uniform-w1,main,2,128,uniform,1,eas_k1_adaptive,eas,1,adaptive,accept_static_degree,71,2,0,0.003035999999999983,100,9609.029925722198,9611.255237562005,0.9997684681360754
l2-n128-uniform-w1,main,2,128,uniform,1,eas_k1_adaptive,eas,1,adaptive,accept_static_degree,71,2,0,0.003035999999999983,1000,981.9763233662372,981.9995584119446,0.9999763390466846
l2-n128-uniform-w1,main,2,128,uniform,1,eas_k2_adaptive,eas,2,adaptive,accept_id,71,2,-2,0.014770999999999979,0,402699.3849091653,429812.62216400425,0.9369184713135453
l2-n128-uniform-w1,main,2,128,uniform,1,eas_k2_adaptive,eas,2,adaptive,accept_id,71,2,-2,0.014770999999999979,0.1,386627.671316592,411830.65262084454,0.9388025608490685
l2-n128-uniform-w1,main,2,128,uniform,1,eas_k2_adaptive,eas,2,adaptive,accept_id,71,2,-2,0.014770999999999979,1,284454.5583842981,299180.10404819174,0.9507803310960756
l2-n128-uniform-w1,main,2,128,uniform,1,eas_k2_adaptive,eas,2,adaptive,accept_id,71,2,-2,0.014770999999999979,10,78089.47794664977,80094.02784602369,0.974972542232143
l2-n128-uniform-w1,main,2,128,uniform,1,eas_k2_adaptive,eas,2,adaptive,accept_id,71,2,-2,0.014770999999999979,100,9459.92812590737,9623.351934152442,0.9830179952512081
l2-n128-uniform-w1,main,2,128,uniform,1,eas_k2_adaptive,eas,2,adaptive,accept_id,71,2,-2,0.014770999999999979,1000,966.42512844998,982.125694301483,0.9840136899557752
l2-n128-uniform-w1,main,2,128,uniform,1,eas_k2_adaptive,eas,2,adaptive,accept_static_degree,71,2,-2,-0.0017080000000000428,0,402699.3849091653,406937.31227594224,0.9895857980113084
l2-n128-uniform-w1,main,2,128,uniform,1,eas_k2_adaptive,eas,2,adaptive,accept_static_degree,71,2,-2,-0.0017080000000000428,0.1,386627.671316592,390782.49542536365,0.9893679370048315
l2-n128-uniform-w1,main,2,128,uniform,1,eas_k2_adaptive,eas,2,adaptive,accept_static_degree,71,2,-2,-0.0017080000000000428,1,284454.5583842981,287914.4482782259,0.9879829236961936
l2-n128-uniform-w1,main,2,128,uniform,1,eas_k2_adaptive,eas,2,adaptive,accept_static_degree,71,2,-2,-0.0017080000000000428,10,78089.47794664977,79263.72803734202,0.9851855303835942
l2-n128-uniform-w1,main,2,128,uniform,1,eas_k2_adaptive,eas,2,adaptive,accept_static_degree,71,2,-2,-0.0017080000000000428,100,9459.92812590737,9611.255237562005,0.9842552187082464
l2-n128-uniform-w1,main,2,128,uniform,1,eas_k2_adaptive,eas,2,adaptive,accept_static_degree,71,2,-2,-0.0017080000000000428,1000,966.42512844998,981.9995584119446,0.9841400845565033
l2-n128-uniform-w1,main,2,128,uniform,1,eas_k1_adaptive,eas,1,adaptive,accept_id,71,3,0,0.009850000000000025,0,412156.65878335276,425878.54349538125,0.967779816753841
l2-n128-uniform-w1,main,2,128,uniform,1,eas_k1_adaptive,eas,1,adaptive,accept_id,71,3,0,0.009850000000000025,0.1,395593.2171461403,408217.482723653,0.9690746572310357
l2-n128-uniform-w1,main,2,128,uniform,1,eas_k1_adaptive,eas,1,adaptive,accept_id,71,3,0,0.009850000000000025,1,290517.3745529837,297268.6671746973,0.9772889195289929
l2-n128-uniform-w1,main,2,128,uniform,1,eas_k1_adaptive,eas,1,adaptive,accept_id,71,3,0,0.009850000000000025,10,79459.72432520721,79956.3920376125,0.9937882675825135
l2-n128-uniform-w1,main,2,128,uniform,1,eas_k1_adaptive,eas,1,adaptive,accept_id,71,3,0,0.009850000000000025,100,9614.1307578247,9621.361989312803,0.9992484191431383
l2-n128-uniform-w1,main,2,128,uniform,1,eas_k1_adaptive,eas,1,adaptive,accept_id,71,3,0,0.009850000000000025,1000,982.0295681464961,982.1049641204709,0.9999232302282045
l2-n128-uniform-w1,main,2,128,uniform,1,eas_k1_adaptive,eas,1,adaptive,accept_static_degree,71,3,0,-0.006315999999999988,0,412156.65878335276,403813.79697139654,1.0206601702926639
l2-n128-uniform-w1,main,2,128,uniform,1,eas_k1_adaptive,eas,1,adaptive,accept_static_degree,71,3,0,-0.006315999999999988,0.1,395593.2171461403,387901.1775571462,1.0198298949166271
l2-n128-uniform-w1,main,2,128,uniform,1,eas_k1_adaptive,eas,1,adaptive,accept_static_degree,71,3,0,-0.006315999999999988,1,290517.3745529837,286347.3666268962,1.0145627598228304
l2-n128-uniform-w1,main,2,128,uniform,1,eas_k1_adaptive,eas,1,adaptive,accept_static_degree,71,3,0,-0.006315999999999988,10,79459.72432520721,79144.48579639138,1.0039830763399842
l2-n128-uniform-w1,main,2,128,uniform,1,eas_k1_adaptive,eas,1,adaptive,accept_static_degree,71,3,0,-0.006315999999999988,100,9614.1307578247,9609.499676823374,1.0004819273798922
l2-n128-uniform-w1,main,2,128,uniform,1,eas_k1_adaptive,eas,1,adaptive,accept_static_degree,71,3,0,-0.006315999999999988,1000,982.0295681464961,981.9812289611982,1.0000492261805747
l2-n128-uniform-w1,main,2,128,uniform,1,eas_k2_adaptive,eas,2,adaptive,accept_id,71,3,-2,0.010970000000000035,0,404133.8986862389,425878.54349538125,0.9489416756461266
l2-n128-uniform-w1,main,2,128,uniform,1,eas_k2_adaptive,eas,2,adaptive,accept_id,71,3,-2,0.010970000000000035,0.1,387949.77927534736,408217.482723653,0.9503507215980113
l2-n128-uniform-w1,main,2,128,uniform,1,eas_k2_adaptive,eas,2,adaptive,accept_id,71,3,-2,0.010970000000000035,1,285169.5724066242,297268.6671746973,0.9592991253230105
l2-n128-uniform-w1,main,2,128,uniform,1,eas_k2_adaptive,eas,2,adaptive,accept_id,71,3,-2,0.010970000000000035,10,78143.26559446544,79956.3920376125,0.9773235585430851
l2-n128-uniform-w1,main,2,128,uniform,1,eas_k2_adaptive,eas,2,adaptive,accept_id,71,3,-2,0.010970000000000035,100,9460.717004852966,9621.361989312803,0.9833033010671173
l2-n128-uniform-w1,main,2,128,uniform,1,eas_k2_adaptive,eas,2,adaptive,accept_id,71,3,-2,0.010970000000000035,1000,966.4333610801028,982.1049641204709,0.984042843063722
l2-n128-uniform-w1,main,2,128,uniform,1,eas_k2_adaptive,eas,2,adaptive,accept_static_degree,71,3,-2,-0.005195999999999978,0,404133.8986862389,403813.79697139654,1.0007926963299498
l2-n128-uniform-w1,main,2,128,uniform,1,eas_k2_adaptive,eas,2,adaptive,accept_static_degree,71,3,-2,-0.005195999999999978,0.1,387949.77927534736,387901.1775571462,1.0001252940723389
l2-n128-uniform-w1,main,2,128,uniform,1,eas_k2_adaptive,eas,2,adaptive,accept_static_degree,71,3,-2,-0.005195999999999978,1,285169.5724066242,286347.3666268962,0.9958868341128954
l2-n128-uniform-w1,main,2,128,uniform,1,eas_k2_adaptive,eas,2,adaptive,accept_static_degree,71,3,-2,-0.005195999999999978,10,78143.26559446544,79144.48579639138,0.9873494635557846
l2-n128-uniform-w1,main,2,128,uniform,1,eas_k2_adaptive,eas,2,adaptive,accept_static_degree,71,3,-2,-0.005195999999999978,100,9460.717004852966,9609.499676823374,0.9845171260758508
l2-n128-uniform-w1,main,2,128,uniform,1,eas_k2_adaptive,eas,2,adaptive,accept_static_degree,71,3,-2,-0.005195999999999978,1000,966.4333610801028,981.9812289611982,0.9841668379979698
l2-n128-uniform-w1,main,2,128,uniform,1,eas_k2_adaptive,eas,2,adaptive,accept_id,101,1,0,-0.0031939999999999746,0,419525.93569266726,415111.37174541154,1.0106346495127172
l2-n128-uniform-w1,main,2,128,uniform,1,eas_k2_adaptive,eas,2,adaptive,accept_id,101,1,0,-0.0031939999999999746,0.1,402377.21906246105,398314.4344725337,1.010199943156234
l2-n128-uniform-w1,main,2,128,uniform,1,eas_k2_adaptive,eas,2,adaptive,accept_id,101,1,0,-0.0031939999999999746,1,294159.5325198032,291982.30494539236,1.0074567106894305
l2-n128-uniform-w1,main,2,128,uniform,1,eas_k2_adaptive,eas,2,adaptive,accept_id,101,1,0,-0.0031939999999999746,10,79729.72887462753,79568.91330966895,1.0020210853494091
l2-n128-uniform-w1,main,2,128,uniform,1,eas_k2_adaptive,eas,2,adaptive,accept_id,101,1,0,-0.0031939999999999746,100,9618.071715548735,9615.727300415849,1.000243810484599
l2-n128-uniform-w1,main,2,128,uniform,1,eas_k2_adaptive,eas,2,adaptive,accept_id,101,1,0,-0.0031939999999999746,1000,982.0706709122568,982.0462231542759,1.0000248947120862
l2-n128-uniform-w1,main,2,128,uniform,1,eas_k2_adaptive,eas,2,adaptive,accept_static_degree,101,1,0,-0.012067999999999968,0,419525.93569266726,403320.0280403448,1.0401812618407864
l2-n128-uniform-w1,main,2,128,uniform,1,eas_k2_adaptive,eas,2,adaptive,accept_static_degree,101,1,0,-0.012067999999999968,0.1,402377.21906246105,387445.53469021275,1.0385387958702044
l2-n128-uniform-w1,main,2,128,uniform,1,eas_k2_adaptive,eas,2,adaptive,accept_static_degree,101,1,0,-0.012067999999999968,1,294159.5325198032,286098.99479345244,1.0281739463368966
l2-n128-uniform-w1,main,2,128,uniform,1,eas_k2_adaptive,eas,2,adaptive,accept_static_degree,101,1,0,-0.012067999999999968,10,79729.72887462753,79125.49995070355,1.0076363362544365
l2-n128-uniform-w1,main,2,128,uniform,1,eas_k2_adaptive,eas,2,adaptive,accept_static_degree,101,1,0,-0.012067999999999968,100,9618.071715548735,9609.219726019792,1.0009211975354224
l2-n128-uniform-w1,main,2,128,uniform,1,eas_k2_adaptive,eas,2,adaptive,accept_static_degree,101,1,0,-0.012067999999999968,1000,982.0706709122568,981.9783054962097,1.0000940605464805
l2-n128-uniform-w1,main,2,128,uniform,1,eas_k1_adaptive,eas,1,adaptive,accept_id,101,1,0,-0.006423000000000012,0,424085.35559220496,415111.37174541154,1.0216182558648312
l2-n128-uniform-w1,main,2,128,uniform,1,eas_k1_adaptive,eas,1,adaptive,accept_id,101,1,0,-0.006423000000000012,0.1,406569.649253009,398314.4344725337,1.0207253718821594
l2-n128-uniform-w1,main,2,128,uniform,1,eas_k1_adaptive,eas,1,adaptive,accept_id,101,1,0,-0.006423000000000012,1,296393.87452659314,291982.30494539236,1.0151090306038437
l2-n128-uniform-w1,main,2,128,uniform,1,eas_k1_adaptive,eas,1,adaptive,accept_id,101,1,0,-0.006423000000000012,10,79892.96878467577,79568.91330966895,1.004072639194476
l2-n128-uniform-w1,main,2,128,uniform,1,eas_k1_adaptive,eas,1,adaptive,accept_id,101,1,0,-0.006423000000000012,100,9620.442983223016,9615.727300415849,1.0004904135339783
l2-n128-uniform-w1,main,2,128,uniform,1,eas_k1_adaptive,eas,1,adaptive,accept_id,101,1,0,-0.006423000000000012,1000,982.0953878072546,982.0462231542759,1.0000500634815546
l2-n128-uniform-w1,main,2,128,uniform,1,eas_k1_adaptive,eas,1,adaptive,accept_static_degree,101,1,0,-0.015297000000000005,0,424085.35559220496,403320.0280403448,1.051485981622968
l2-n128-uniform-w1,main,2,128,uniform,1,eas_k1_adaptive,eas,1,adaptive,accept_static_degree,101,1,0,-0.015297000000000005,0.1,406569.649253009,387445.53469021275,1.0493594914652642
l2-n128-uniform-w1,main,2,128,uniform,1,eas_k1_adaptive,eas,1,adaptive,accept_static_degree,101,1,0,-0.015297000000000005,1,296393.87452659314,286098.99479345244,1.035983627766931
l2-n128-uniform-w1,main,2,128,uniform,1,eas_k1_adaptive,eas,1,adaptive,accept_static_degree,101,1,0,-0.015297000000000005,10,79892.96878467577,79125.49995070355,1.0096993868531683
l2-n128-uniform-w1,main,2,128,uniform,1,eas_k1_adaptive,eas,1,adaptive,accept_static_degree,101,1,0,-0.015297000000000005,100,9620.442983223016,9609.219726019792,1.0011679675897964
l2-n128-uniform-w1,main,2,128,uniform,1,eas_k1_adaptive,eas,1,adaptive,accept_static_degree,101,1,0,-0.015297000000000005,1000,982.0953878072546,981.9783054962097,1.0001192310567246
l2-n128-uniform-w1,main,2,128,uniform,1,eas_k1_adaptive,eas,1,adaptive,accept_id,101,2,0,0.016637999999999986,0,419979.0010499475,444637.355889857,0.9445427728613569
l2-n128-uniform-w1,main,2,128,uniform,1,eas_k1_adaptive,eas,1,adaptive,accept_id,101,2,0,0.016637999999999986,0.1,402793.9836644663,425421.2852449718,0.9468120134904018
l2-n128-uniform-w1,main,2,128,uniform,1,eas_k1_adaptive,eas,1,adaptive,accept_id,101,2,0,0.016637999999999986,1,294382.20623109007,306288.39239918615,0.9611275305771995
l2-n128-uniform-w1,main,2,128,uniform,1,eas_k1_adaptive,eas,1,adaptive,accept_id,101,2,0,0.016637999999999986,10,79746.07836001557,80594.76377099061,0.9894697202241751
l2-n128-uniform-w1,main,2,128,uniform,1,eas_k1_adaptive,eas,1,adaptive,accept_id,101,2,0,0.016637999999999986,100,9618.309597355423,9630.541105709939,0.9987299251184064
l2-n128-uniform-w1,main,2,128,uniform,1,eas_k1_adaptive,eas,1,adaptive,accept_id,101,2,0,0.016637999999999986,1000,982.0731509657267,982.2005231433843,0.9998703195786843
l2-n128-uniform-w1,main,2,128,uniform,1,eas_k1_adaptive,eas,1,adaptive,accept_static_degree,101,2,0,-0.013160000000000005,0,419979.0010499475,402330.96511535085,1.0438644734429945
l2-n128-uniform-w1,main,2,128,uniform,1,eas_k1_adaptive,eas,1,adaptive,accept_static_degree,101,2,0,-0.013160000000000005,0.1,402793.9836644663,386532.7095636169,1.0420695938493998
l2-n128-uniform-w1,main,2,128,uniform,1,eas_k1_adaptive,eas,1,adaptive,accept_static_degree,101,2,0,-0.013160000000000005,1,294382.20623109007,285600.95200317336,1.030746585984136
l2-n128-uniform-w1,main,2,128,uniform,1,eas_k1_adaptive,eas,1,adaptive,accept_static_degree,101,2,0,-0.013160000000000005,10,79746.07836001557,79087.35700723398,1.008329034850935
l2-n128-uniform-w1,main,2,128,uniform,1,eas_k1_adaptive,eas,1,adaptive,accept_static_degree,101,2,0,-0.013160000000000005,100,9618.309597355423,9608.656942349964,1.0010045790023905
l2-n128-uniform-w1,main,2,128,uniform,1,eas_k1_adaptive,eas,1,adaptive,accept_static_degree,101,2,0,-0.013160000000000005,1000,982.0731509657267,981.972428006711,1.0001025720846564
l2-n128-uniform-w1,main,2,128,uniform,1,eas_k2_adaptive,eas,2,adaptive,accept_id,101,2,0,0.019713000000000036,0,415718.10353360383,444637.355889857,0.9349599128971591
l2-n128-uniform-w1,main,2,128,uniform,1,eas_k2_adaptive,eas,2,adaptive,accept_id,101,2,0,0.019713000000000036,0.1,398873.02542024123,425421.2852449718,0.9375953654753236
l2-n128-uniform-w1,main,2,128,uniform,1,eas_k2_adaptive,eas,2,adaptive,accept_id,101,2,0,0.019713000000000036,1,292282.35403280053,306288.39239918615,0.9542717298012015
l2-n128-uniform-w1,main,2,128,uniform,1,eas_k2_adaptive,eas,2,adaptive,accept_id,101,2,0,0.019713000000000036,10,79591.17927597293,80594.76377099061,0.9875477704994662
l2-n128-uniform-w1,main,2,128,uniform,1,eas_k2_adaptive,eas,2,adaptive,accept_id,101,2,0,0.019713000000000036,100,9616.05239680106,9630.541105709939,0.9984955457071578
l2-n128-uniform-w1,main,2,128,uniform,1,eas_k2_adaptive,eas,2,adaptive,accept_id,101,2,0,0.019713000000000036,1000,982.0496139259,982.2005231433843,0.999846355999688
l2-n128-uniform-w1,main,2,128,uniform,1,eas_k2_adaptive,eas,2,adaptive,accept_static_degree,101,2,0,-0.010084999999999955,0,415718.10353360383,402330.96511535085,1.0332739450328283
l2-n128-uniform-w1,main,2,128,uniform,1,eas_k2_adaptive,eas,2,adaptive,accept_static_degree,101,2,0,-0.010084999999999955,0.1,398873.02542024123,386532.7095636169,1.0319256703282786
l2-n128-uniform-w1,main,2,128,uniform,1,eas_k2_adaptive,eas,2,adaptive,accept_static_degree,101,2,0,-0.010084999999999955,1,292282.35403280053,285600.95200317336,1.0233941868287362
l2-n128-uniform-w1,main,2,128,uniform,1,eas_k2_adaptive,eas,2,adaptive,accept_static_degree,101,2,0,-0.010084999999999955,10,79591.17927597293,79087.35700723398,1.0063704527222077
l2-n128-uniform-w1,main,2,128,uniform,1,eas_k2_adaptive,eas,2,adaptive,accept_static_degree,101,2,0,-0.010084999999999955,100,9616.05239680106,9608.656942349964,1.000769665781125
l2-n128-uniform-w1,main,2,128,uniform,1,eas_k2_adaptive,eas,2,adaptive,accept_static_degree,101,2,0,-0.010084999999999955,1000,982.0496139259,981.972428006711,1.0000786029393367
l2-n128-uniform-w1,main,2,128,uniform,1,eas_k2_adaptive,eas,2,adaptive,accept_id,101,3,0,0.015702999999999967,0,411432.60178875225,433669.25491491816,0.9487243956675496
l2-n128-uniform-w1,main,2,128,uniform,1,eas_k2_adaptive,eas,2,adaptive,accept_id,101,3,0,0.015702999999999967,0.1,394926.13940892724,415370.00896671764,0.9507815462925526
l2-n128-uniform-w1,main,2,128,uniform,1,eas_k2_adaptive,eas,2,adaptive,accept_id,101,3,0,0.015702999999999967,1,290157.4449564418,301043.61787530105,0.9638385527130872
l2-n128-uniform-w1,main,2,128,uniform,1,eas_k2_adaptive,eas,2,adaptive,accept_id,101,3,0,0.015702999999999967,10,79432.77434094438,80226.97867745189,0.9901005328930488
l2-n128-uniform-w1,main,2,128,uniform,1,eas_k2_adaptive,eas,2,adaptive,accept_id,101,3,0,0.015702999999999967,100,9613.736106148464,9625.268438041994,0.998801869062898
l2-n128-uniform-w1,main,2,128,uniform,1,eas_k2_adaptive,eas,2,adaptive,accept_id,101,3,0,0.015702999999999967,1000,982.0254504053881,982.1456521378535,0.99987761312978
l2-n128-uniform-w1,main,2,128,uniform,1,eas_k2_adaptive,eas,2,adaptive,accept_static_degree,101,3,0,-0.0025660000000000127,0,411432.60178875225,408013.911331453,1.008378857588809
l2-n128-uniform-w1,main,2,128,uniform,1,eas_k2_adaptive,eas,2,adaptive,accept_static_degree,101,3,0,-0.0025660000000000127,0.1,394926.13940892724,391775.20809171273,1.0080427021724072
l2-n128-uniform-w1,main,2,128,uniform,1,eas_k2_adaptive,eas,2,adaptive,accept_static_degree,101,3,0,-0.0025660000000000127,1,290157.4449564418,288452.95355220657,1.0059090793949064
l2-n128-uniform-w1,main,2,128,uniform,1,eas_k2_adaptive,eas,2,adaptive,accept_static_degree,101,3,0,-0.0025660000000000127,10,79432.77434094438,79304.4870604659,1.0016176547536417
l2-n128-uniform-w1,main,2,128,uniform,1,eas_k2_adaptive,eas,2,adaptive,accept_static_degree,101,3,0,-0.0025660000000000127,100,9613.736106148464,9611.854254080823,1.0001957844987965
l2-n128-uniform-w1,main,2,128,uniform,1,eas_k2_adaptive,eas,2,adaptive,accept_static_degree,101,3,0,-0.0025660000000000127,1000,982.0254504053881,982.0058112454053,1.0000199990262357
l2-n128-uniform-w1,main,2,128,uniform,1,eas_k1_adaptive,eas,1,adaptive,accept_id,101,3,0,0.0038779999999999926,0,427957.1499412408,433669.25491491816,0.9868284299406975
l2-n128-uniform-w1,main,2,128,uniform,1,eas_k1_adaptive,eas,1,adaptive,accept_id,101,3,0,0.0038779999999999926,0.1,410126.8789344513,415370.00896671764,0.987377206059462
l2-n128-uniform-w1,main,2,128,uniform,1,eas_k1_adaptive,eas,1,adaptive,accept_id,101,3,0,0.0038779999999999926,1,298279.91913299967,301043.61787530105,0.9908196069333509
l2-n128-uniform-w1,main,2,128,uniform,1,eas_k1_adaptive,eas,1,adaptive,accept_id,101,3,0,0.0038779999999999926,10,80029.3695083021,80226.97867745189,0.9975368738495779
l2-n128-uniform-w1,main,2,128,uniform,1,eas_k1_adaptive,eas,1,adaptive,accept_id,101,3,0,0.0038779999999999926,100,9622.417850898648,9625.268438041994,0.9997038433616999
l2-n128-uniform-w1,main,2,128,uniform,1,eas_k1_adaptive,eas,1,adaptive,accept_id,101,3,0,0.0038779999999999926,1000,982.1159644805134,982.1456521378535,0.9999697726530933
l2-n128-uniform-w1,main,2,128,uniform,1,eas_k1_adaptive,eas,1,adaptive,accept_static_degree,101,3,0,-0.014390999999999987,0,427957.1499412408,408013.911331453,1.0488788201968602
l2-n128-uniform-w1,main,2,128,uniform,1,eas_k1_adaptive,eas,1,adaptive,accept_static_degree,101,3,0,-0.014390999999999987,0.1,410126.8789344513,391775.20809171273,1.0468423485297276
l2-n128-uniform-w1,main,2,128,uniform,1,eas_k1_adaptive,eas,1,adaptive,accept_static_degree,101,3,0,-0.014390999999999987,1,298279.91913299967,288452.95355220657,1.0340678279066904
l2-n128-uniform-w1,main,2,128,uniform,1,eas_k1_adaptive,eas,1,adaptive,accept_static_degree,101,3,0,-0.014390999999999987,10,80029.3695083021,79304.4870604659,1.0091404972745555
l2-n128-uniform-w1,main,2,128,uniform,1,eas_k1_adaptive,eas,1,adaptive,accept_static_degree,101,3,0,-0.014390999999999987,100,9622.417850898648,9611.854254080823,1.0010990175816845
l2-n128-uniform-w1,main,2,128,uniform,1,eas_k1_adaptive,eas,1,adaptive,accept_static_degree,101,3,0,-0.014390999999999987,1000,982.1159644805134,982.0058112454053,1.0001121716733716
l2-n128-zipf-w1,main,2,128,zipf,1,eas_k1_adaptive,eas,1,adaptive,accept_id,11,1,2,0.162188,0,134401.94670609123,209993.3947532196,0.6400294012296813
l2-n128-zipf-w1,main,2,128,zipf,1,eas_k1_adaptive,eas,1,adaptive,accept_id,11,1,2,0.162188,0.1,130464.33860302449,200208.94533567762,0.651640906375503
l2-n128-zipf-w1,main,2,128,zipf,1,eas_k1_adaptive,eas,1,adaptive,accept_id,11,1,2,0.162188,1,103241.97927553112,141057.10761118506,0.7319161793683666
l2-n128-zipf-w1,main,2,128,zipf,1,eas_k1_adaptive,eas,1,adaptive,accept_id,11,1,2,0.162188,10,33448.721642672586,35669.976191912254,0.9377276133494221
l2-n128-zipf-w1,main,2,128,zipf,1,eas_k1_adaptive,eas,1,adaptive,accept_id,11,1,2,0.162188,100,4310.311907024909,4210.715536078062,1.0236530751349717
l2-n128-zipf-w1,main,2,128,zipf,1,eas_k1_adaptive,eas,1,adaptive,accept_id,11,1,2,0.162188,1000,443.8419234096877,428.8100708430881,1.0350548030204731
l2-n128-zipf-w1,main,2,128,zipf,1,eas_k1_adaptive,eas,1,adaptive,accept_static_degree,11,1,0,0.14143100000000003,0,134401.94670609123,201648.5654650299,0.6665157592177334
l2-n128-zipf-w1,main,2,128,zipf,1,eas_k1_adaptive,eas,1,adaptive,accept_static_degree,11,1,0,0.14143100000000003,0.1,130464.33860302449,192912.9860899584,0.6762859320532568
l2-n128-zipf-w1,main,2,128,zipf,1,eas_k1_adaptive,eas,1,adaptive,accept_static_degree,11,1,0,0.14143100000000003,1,103241.97927553112,138797.5746950106,0.743831291738287
l2-n128-zipf-w1,main,2,128,zipf,1,eas_k1_adaptive,eas,1,adaptive,accept_static_degree,11,1,0,0.14143100000000003,10,33448.721642672586,36476.03140778283,0.9170055061290382
l2-n128-zipf-w1,main,2,128,zipf,1,eas_k1_adaptive,eas,1,adaptive,accept_static_degree,11,1,0,0.14143100000000003,100,4310.311907024909,4356.908796140237,0.9893050574855713
l2-n128-zipf-w1,main,2,128,zipf,1,eas_k1_adaptive,eas,1,adaptive,accept_static_degree,11,1,0,0.14143100000000003,1000,443.8419234096877,444.33125690321225,0.9988987191742148
l2-n128-zipf-w1,main,2,128,zipf,1,eas_k2_adaptive,eas,2,adaptive,accept_id,11,1,-1,0.14397899999999997,0,133040.3161432105,209993.3947532196,0.6335452422184853
l2-n128-zipf-w1,main,2,128,zipf,1,eas_k2_adaptive,eas,2,adaptive,accept_id,11,1,-1,0.14397899999999997,0.1,128973.08761571754,200208.94533567762,0.6441924330577565
l2-n128-zipf-w1,main,2,128,zipf,1,eas_k2_adaptive,eas,2,adaptive,accept_id,11,1,-1,0.14397899999999997,1,101144.05160594278,141057.10761118506,0.7170432835241448
l2-n128-zipf-w1,main,2,128,zipf,1,eas_k2_adaptive,eas,2,adaptive,accept_id,11,1,-1,0.14397899999999997,10,32030.521528069414,35669.976191912254,0.8979686825620017
l2-n128-zipf-w1,main,2,128,zipf,1,eas_k2_adaptive,eas,2,adaptive,accept_id,11,1,-1,0.14397899999999997,100,4089.083872562338,4210.715536078062,0.971113778056588
l2-n128-zipf-w1,main,2,128,zipf,1,eas_k2_adaptive,eas,2,adaptive,accept_id,11,1,-1,0.14397899999999997,1000,420.54144992038215,428.8100708430881,0.9807172884105801
l2-n128-zipf-w1,main,2,128,zipf,1,eas_k2_adaptive,eas,2,adaptive,accept_static_degree,11,1,-3,0.123222,0,133040.3161432105,201648.5654650299,0.6597632660386195
l2-n128-zipf-w1,main,2,128,zipf,1,eas_k2_adaptive,eas,2,adaptive,accept_static_degree,11,1,-3,0.123222,0.1,128973.08761571754,192912.9860899584,0.668555757856422
l2-n128-zipf-w1,main,2,128,zipf,1,eas_k2_adaptive,eas,2,adaptive,accept_static_degree,11,1,-3,0.123222,1,101144.05160594278,138797.5746950106,0.7287162749651318
l2-n128-zipf-w1,main,2,128,zipf,1,eas_k2_adaptive,eas,2,adaptive,accept_static_degree,11,1,-3,0.123222,10,32030.521528069414,36476.03140778283,0.8781251767766357
l2-n128-zipf-w1,main,2,128,zipf,1,eas_k2_adaptive,eas,2,adaptive,accept_static_degree,11,1,-3,0.123222,100,4089.083872562338,4356.908796140237,0.9385286825799144
l2-n128-zipf-w1,main,2,128,zipf,1,eas_k2_adaptive,eas,2,adaptive,accept_static_degree,11,1,-3,0.123222,1000,420.54144992038215,444.33125690321225,0.9464592989729458
l2-n128-zipf-w1,main,2,128,zipf,1,eas_k2_adaptive,eas,2,adaptive,accept_id,11,2,-1,0.15135000000000004,0,132042.57639518875,213501.85746615997,0.618461019319785
l2-n128-zipf-w1,main,2,128,zipf,1,eas_k2_adaptive,eas,2,adaptive,accept_id,11,2,-1,0.15135000000000004,0.1,128035.20493931368,203395.59704003937,0.6294885769533612
l2-n128-zipf-w1,main,2,128,zipf,1,eas_k2_adaptive,eas,2,adaptive,accept_id,11,2,-1,0.15135000000000004,1,100566.33746710644,142631.5257164641,0.7050779058973353
l2-n128-zipf-w1,main,2,128,zipf,1,eas_k2_adaptive,eas,2,adaptive,accept_id,11,2,-1,0.15135000000000004,10,31972.35693702452,35769.821846776395,0.8938360686832969
l2-n128-zipf-w1,main,2,128,zipf,1,eas_k2_adaptive,eas,2,adaptive,accept_id,11,2,-1,0.15135000000000004,100,4088.1344245220234,4212.103456306587,0.9705683791790655
l2-n128-zipf-w1,main,2,128,zipf,1,eas_k2_adaptive,eas,2,adaptive,accept_id,11,2,-1,0.15135000000000004,1000,420.5314054450048,428.8244606212798,0.9806609558506526
l2-n128-zipf-w1,main,2,128,zipf,1,eas_k2_adaptive,eas,2,adaptive,accept_static_degree,11,2,-3,0.12106800000000001,0,132042.57639518875,197991.60098787388,0.6669099887892506
l2-n128-zipf-w1,main,2,128,zipf,1,eas_k2_adaptive,eas,2,adaptive,accept_static_degree,11,2,-3,0.12106800000000001,0.1,128035.20493931368,189563.37236565113,0.6754216457615293
l2-n128-zipf-w1,main,2,128,zipf,1,eas_k2_adaptive,eas,2,adaptive,accept_static_degree,11,2,-3,0.12106800000000001,1,100566.33746710644,137055.1418520718,0.7337655202724976
l2-n128-zipf-w1,main,2,128,zipf,1,eas_k2_adaptive,eas,2,adaptive,accept_static_degree,11,2,-3,0.12106800000000001,10,31972.35693702452,36354.56801525106,0.8794591349183914
l2-n128-zipf-w1,main,2,128,zipf,1,eas_k2_adaptive,eas,2,adaptive,accept_static_degree,11,2,-3,0.12106800000000001,100,4088.1344245220234,4355.170745233132,0.9386852235349468
l2-n128-zipf-w1,main,2,128,zipf,1,eas_k2_adaptive,eas,2,adaptive,accept_static_degree,11,2,-3,0.12106800000000001,1000,420.5314054450048,444.31317371956794,0.9464752123474663
l2-n128-zipf-w1,main,2,128,zipf,1,eas_k1_adaptive,eas,1,adaptive,accept_id,11,2,2,0.16698200000000002,0,134246.839900045,213501.85746615997,0.6287853487238306
l2-n128-zipf-w1,main,2,128,zipf,1,eas_k1_adaptive,eas,1,adaptive,accept_id,11,2,2,0.16698200000000002,0.1,130318.18212994782,203395.59704003937,0.6407128965741283
l2-n128-zipf-w1,main,2,128,zipf,1,eas_k1_adaptive,eas,1,adaptive,accept_id,11,2,2,0.16698200000000002,1,103150.43133167207,142631.5257164641,0.7231951759159042
l2-n128-zipf-w1,main,2,128,zipf,1,eas_k1_adaptive,eas,1,adaptive,accept_id,11,2,2,0.16698200000000002,10,33439.10650707413,35769.821846776395,0.9348412930406499
l2-n128-zipf-w1,main,2,128,zipf,1,eas_k1_adaptive,eas,1,adaptive,accept_id,11,2,2,0.16698200000000002,100,4310.152200548206,4212.103456306587,1.0232778575499648
l2-n128-zipf-w1,main,2,128,zipf,1,eas_k1_adaptive,eas,1,adaptive,accept_id,11,2,2,0.16698200000000002,1000,443.84022994474634,428.8244606212798,1.0350161212858795
l2-n128-zipf-w1,main,2,128,zipf,1,eas_k1_adaptive,eas,1,adaptive,accept_static_degree,11,2,0,0.1367,0,134246.839900045,197991.60098787388,0.6780431050116466
l2-n128-zipf-w1,main,2,128,zipf,1,eas_k1_adaptive,eas,1,adaptive,accept_static_degree,11,2,0,0.1367,0.1,130318.18212994782,189563.37236565113,0.687464991277827
l2-n128-zipf-w1,main,2,128,zipf,1,eas_k1_adaptive,eas,1,adaptive,accept_static_degree,11,2,0,0.1367,1,103150.43133167207,137055.1418520718,0.75261993047299
l2-n128-zipf-w1,main,2,128,zipf,1,eas_k1_adaptive,eas,1,adaptive,accept_static_degree,11,2,0,0.1367,10,33439.10650707413,36354.56801525106,0.9198048094821573
l2-n128-zipf-w1,main,2,128,zipf,1,eas_k1_adaptive,eas,1,adaptive,accept_static_degree,11,2,0,0.1367,100,4310.152200548206,4355.170745233132,0.9896631963892115
l2-n128-zipf-w1,main,2,128,zipf,1,eas_k1_adaptive,eas,1,adaptive,accept_static_degree,11,2,0,0.1367,1000,443.84022994474634,444.31317371956794,0.9989355621152027
l2-n128-zipf-w1,main,2,128,zipf,1,eas_k1_adaptive,eas,1,adaptive,accept_id,11,3,2,0.15699800000000003,0,136666.39493231417,211476.64528830035,0.6462481696075735
l2-n128-zipf-w1,main,2,128,zipf,1,eas_k1_adaptive,eas,1,adaptive,accept_id,11,3,2,0.15699800000000003,0.1,132596.99353764128,201556.7510517598,0.6578643128832253
l2-n128-zipf-w1,main,2,128,zipf,1,eas_k1_adaptive,eas,1,adaptive,accept_id,11,3,2,0.15699800000000003,1,104572.95706637997,141724.81678846412,0.7378591797544086
l2-n128-zipf-w1,main,2,128,zipf,1,eas_k1_adaptive,eas,1,adaptive,accept_id,11,3,2,0.15699800000000003,10,33587.2212997194,35712.52327807199,0.9404886078252119
l2-n128-zipf-w1,main,2,128,zipf,1,eas_k1_adaptive,eas,1,adaptive,accept_id,11,3,2,0.15699800000000003,100,4312.603530857132,4211.307805559478,1.024053270379318
l2-n128-zipf-w1,main,2,128,zipf,1,eas_k1_adaptive,eas,1,adaptive,accept_id,11,3,2,0.15699800000000003,1000,443.86621050094936,428.8162124588169,1.0350966162306139
l2-n128-zipf-w1,main,2,128,zipf,1,eas_k1_adaptive,eas,1,adaptive,accept_static_degree,11,3,0,0.128066,0,136666.39493231417,197226.3743564192,0.6929417801157588
l2-n128-zipf-w1,main,2,128,zipf,1,eas_k1_adaptive,eas,1,adaptive,accept_static_degree,11,3,0,0.128066,0.1,132596.99353764128,188861.79292795423,0.7020847969404987
l2-n128-zipf-w1,main,2,128,zipf,1,eas_k1_adaptive,eas,1,adaptive,accept_static_degree,11,3,0,0.128066,1,104572.95706637997,136688.0251697809,0.7650484154445084
l2-n128-zipf-w1,main,2,128,zipf,1,eas_k1_adaptive,eas,1,adaptive,accept_static_degree,11,3,0,0.128066,10,33587.2212997194,36328.686660616135,0.9245371739829849
l2-n128-zipf-w1,main,2,128,zipf,1,eas_k1_adaptive,eas,1,adaptive,accept_static_degree,11,3,0,0.128066,100,4312.603530857132,4354.7990802664335,0.990310563442408
l2-n128-zipf-w1,main,2,128,zipf,1,eas_k1_adaptive,eas,1,adaptive,accept_static_degree,11,3,0,0.128066,1000,443.86621050094936,444.30930512768487,0.9990027338576486
l2-n128-zipf-w1,main,2,128,zipf,1,eas_k2_adaptive,eas,2,adaptive,accept_id,11,3,-1,0.14691800000000005,0,132680.08864995552,211476.64528830035,0.6273983042859241
l2-n128-zipf-w1,main,2,128,zipf,1,eas_k2_adaptive,eas,2,adaptive,accept_id,11,3,-1,0.14691800000000005,0.1,128634.52074112541,201556.7510517598,0.6382049723955514
l2-n128-zipf-w1,main,2,128,zipf,1,eas_k2_adaptive,eas,2,adaptive,accept_id,11,3,-1,0.14691800000000005,1,100935.71142853939,141724.81678846412,0.712195039060761
l2-n128-zipf-w1,main,2,128,zipf,1,eas_k2_adaptive,eas,2,adaptive,accept_id,11,3,-1,0.14691800000000005,10,32009.598137278495,35712.52327807199,0.8963129792884967
l2-n128-zipf-w1,main,2,128,zipf,1,eas_k2_adaptive,eas,2,adaptive,accept_id,11,3,-1,0.14691800000000005,100,4088.742676796855,4211.307805559478,0.9708961836983702
l2-n128-zipf-w1,main,2,128,zipf,1,eas_k2_adaptive,eas,2,adaptive,accept_id,11,3,-1,0.14691800000000005,1000,420.5378407970519,428.8162124588169,0.9806948258455596
l2-n128-zipf-w1,main,2,128,zipf,1,eas_k2_adaptive,eas,2,adaptive,accept_static_degree,11,3,-3,0.11798600000000004,0,132680.08864995552,197226.3743564192,0.6727299484306376
l2-n128-zipf-w1,main,2,128,zipf,1,eas_k2_adaptive,eas,2,adaptive,accept_static_degree,11,3,-3,0.11798600000000004,0.1,128634.52074112541,188861.79292795423,0.6811039901024135
l2-n128-zipf-w1,main,2,128,zipf,1,eas_k2_adaptive,eas,2,adaptive,accept_static_degree,11,3,-3,0.11798600000000004,1,100935.71142853939,136688.0251697809,0.7384385816033746
l2-n128-zipf-w1,main,2,128,zipf,1,eas_k2_adaptive,eas,2,adaptive,accept_static_degree,11,3,-3,0.11798600000000004,10,32009.598137278495,36328.686660616135,0.8811107991960536
l2-n128-zipf-w1,main,2,128,zipf,1,eas_k2_adaptive,eas,2,adaptive,accept_static_degree,11,3,-3,0.11798600000000004,100,4088.742676796855,4354.7990802664335,0.938905010640973
l2-n128-zipf-w1,main,2,128,zipf,1,eas_k2_adaptive,eas,2,adaptive,accept_static_degree,11,3,-3,0.11798600000000004,1000,420.5378407970519,444.30930512768487,0.946497937233609
l2-n128-zipf-w1,main,2,128,zipf,1,eas_k2_adaptive,eas,2,adaptive,accept_id,29,1,2,0.140988,0,152682.65894387927,226344.2016274148,0.6745596213470059
l2-n128-zipf-w1,main,2,128,zipf,1,eas_k2_adaptive,eas,2,adaptive,accept_id,29,1,2,0.140988,0.1,148016.9312270365,215918.21018198307,0.685523148336043
l2-n128-zipf-w1,main,2,128,zipf,1,eas_k2_adaptive,eas,2,adaptive,accept_id,29,1,2,0.140988,1,116089.43380187279,152639.5188802365,0.7605463817856927
l2-n128-zipf-w1,main,2,128,zipf,1,eas_k2_adaptive,eas,2,adaptive,accept_id,29,1,2,0.140988,10,36771.879713250506,38832.86528943753,0.9469267703831372
l2-n128-zipf-w1,main,2,128,zipf,1,eas_k2_adaptive,eas,2,adaptive,accept_id,29,1,2,0.140988,100,4694.81043983483,4592.393328079124,1.0223014677618094
l2-n128-zipf-w1,main,2,128,zipf,1,eas_k2_adaptive,eas,2,adaptive,accept_id,29,1,2,0.140988,1000,482.8432138539618,467.78124331779367,1.0321987483494193
l2-n128-zipf-w1,main,2,128,zipf,1,eas_k2_adaptive,eas,2,adaptive,accept_static_degree,29,1,0,0.10708100000000004,0,152682.65894387927,207364.79480919096,0.7362998096392009
l2-n128-zipf-w1,main,2,128,zipf,1,eas_k2_adaptive,eas,2,adaptive,accept_static_degree,29,1,0,0.10708100000000004,0.1,148016.9312270365,198851.79126976494,0.7443580481818983
l2-n128-zipf-w1,main,2,128,zipf,1,eas_k2_adaptive,eas,2,adaptive,accept_static_degree,29,1,0,0.10708100000000004,1,116089.43380187279,145202.46375793344,0.7995004409526074
l2-n128-zipf-w1,main,2,128,zipf,1,eas_k2_adaptive,eas,2,adaptive,accept_static_degree,29,1,0,0.10708100000000004,10,36771.879713250506,39265.60649529129,0.9364908120713777
l2-n128-zipf-w1,main,2,128,zipf,1,eas_k2_adaptive,eas,2,adaptive,accept_static_degree,29,1,0,0.10708100000000004,100,4694.81043983483,4733.189352766893,0.9918915323111619
l2-n128-zipf-w1,main,2,128,zipf,1,eas_k2_adaptive,eas,2,adaptive,accept_static_degree,29,1,0,0.10708100000000004,1000,482.8432138539618,483.2462048220333,0.9991660752551178
l2-n128-zipf-w1,main,2,128,zipf,1,eas_k1_adaptive,eas,1,adaptive,accept_id,29,1,2,0.156194,0,147171.57594646752,226344.2016274148,0.6502113811102909
l2-n128-zipf-w1,main,2,128,zipf,1,eas_k1_adaptive,eas,1,adaptive,accept_id,29,1,2,0.156194,0.1,142831.8017310293,215918.21018198307,0.6615088260070602
l2-n128-zipf-w1,main,2,128,zipf,1,eas_k1_adaptive,eas,1,adaptive,accept_id,29,1,2,0.156194,1,112875.65290372616,152639.5188802365,0.7394916711725898
l2-n128-zipf-w1,main,2,128,zipf,1,eas_k1_adaptive,eas,1,adaptive,accept_id,29,1,2,0.156194,10,36443.212951212525,38832.86528943753,0.9384631466049717
l2-n128-zipf-w1,main,2,128,zipf,1,eas_k1_adaptive,eas,1,adaptive,accept_id,29,1,2,0.156194,100,4689.410864018657,4592.393328079124,1.0211257026584246
l2-n128-zipf-w1,main,2,128,zipf,1,eas_k1_adaptive,eas,1,adaptive,accept_id,29,1,2,0.156194,1000,482.7860417553705,467.78124331779367,1.0320765286165676
l2-n128-zipf-w1,main,2,128,zipf,1,eas_k1_adaptive,eas,1,adaptive,accept_static_degree,29,1,0,0.12228700000000003,0,147171.57594646752,207364.79480919096,0.70972305632636
l2-n128-zipf-w1,main,2,128,zipf,1,eas_k1_adaptive,eas,1,adaptive,accept_static_degree,29,1,0,0.12228700000000003,0.1,142831.8017310293,198851.79126976494,0.7182827009954454
l2-n128-zipf-w1,main,2,128,zipf,1,eas_k1_adaptive,eas,1,adaptive,accept_static_degree,29,1,0,0.12228700000000003,1,112875.65290372616,145202.46375793344,0.7773673392477748
l2-n128-zipf-w1,main,2,128,zipf,1,eas_k1_adaptive,eas,1,adaptive,accept_static_degree,29,1,0,0.12228700000000003,10,36443.212951212525,39265.60649529129,0.9281204648037914
l2-n128-zipf-w1,main,2,128,zipf,1,eas_k1_adaptive,eas,1,adaptive,accept_static_degree,29,1,0,0.12228700000000003,100,4689.410864018657,4733.189352766893,0.9907507421559959
l2-n128-zipf-w1,main,2,128,zipf,1,eas_k1_adaptive,eas,1,adaptive,accept_static_degree,29,1,0,0.12228700000000003,1000,482.7860417553705,483.2462048220333,0.9990477668276107
l2-n128-zipf-w1,main,2,128,zipf,1,eas_k1_adaptive,eas,1,adaptive,accept_id,29,2,2,0.161518,0,144535.62103692652,224347.7090359779,0.6442482593559616
l2-n128-zipf-w1,main,2,128,zipf,1,eas_k1_adaptive,eas,1,adaptive,accept_id,29,2,2,0.161518,0.1,140347.70010865628,214100.67013509752,0.655522002897501
l2-n128-zipf-w1,main,2,128,zipf,1,eas_k1_adaptive,eas,1,adaptive,accept_id,29,2,2,0.161518,1,111318.58661304222,151728.95140121685,0.7336674087905775
l2-n128-zipf-w1,main,2,128,zipf,1,eas_k1_adaptive,eas,1,adaptive,accept_id,29,2,2,0.161518,10,36279.37459039416,38773.6664766757,0.9356704662484786
l2-n128-zipf-w1,main,2,128,zipf,1,eas_k1_adaptive,eas,1,adaptive,accept_id,29,2,2,0.161518,100,4686.687388880154,4591.564286261993,1.020716927105381
l2-n128-zipf-w1,main,2,128,zipf,1,eas_k1_adaptive,eas,1,adaptive,accept_id,29,2,2,0.161518,1000,482.75716006732443,467.77264023087014,1.0320337671503375
l2-n128-zipf-w1,main,2,128,zipf,1,eas_k1_adaptive,eas,1,adaptive,accept_static_degree,29,2,0,0.14091199999999998,0,144535.62103692652,215241.90412708992,0.671503170458784
l2-n128-zipf-w1,main,2,128,zipf,1,eas_k1_adaptive,eas,1,adaptive,accept_static_degree,29,2,0,0.14091199999999998,0.1,140347.70010865628,206084.13551029091,0.6810213690691778
l2-n128-zipf-w1,main,2,128,zipf,1,eas_k1_adaptive,eas,1,adaptive,accept_static_degree,29,2,0,0.14091199999999998,1,111318.58661304222,149021.26677691034,0.7469979890835967
l2-n128-zipf-w1,main,2,128,zipf,1,eas_k1_adaptive,eas,1,adaptive,accept_static_degree,29,2,0,0.14091199999999998,10,36279.37459039416,39539.6059304307,0.9175451736728772
l2-n128-zipf-w1,main,2,128,zipf,1,eas_k1_adaptive,eas,1,adaptive,accept_static_degree,29,2,0,0.14091199999999998,100,4686.687388880154,4737.1464407832245,0.9893482178493245
l2-n128-zipf-w1,main,2,128,zipf,1,eas_k1_adaptive,eas,1,adaptive,accept_static_degree,29,2,0,0.14091199999999998,1000,482.75716006732443,483.2874220675647,0.9989028019848484
l2-n128-zipf-w1,main,2,128,zipf,1,eas_k2_adaptive,eas,2,adaptive,accept_id,29,2,2,0.14276,0,151145.04561167426,224347.7090359779,0.6737088881412898
l2-n128-zipf-w1,main,2,128,zipf,1,eas_k2_adaptive,eas,2,adaptive,accept_id,29,2,2,0.14276,0.1,146571.41100987702,214100.67013509752,0.6845910894038326
l2-n128-zipf-w1,main,2,128,zipf,1,eas_k2_adaptive,eas,2,adaptive,accept_id,29,2,2,0.14276,1,115198.38276334906,151728.95140121685,0.7592379812784047
l2-n128-zipf-w1,main,2,128,zipf,1,eas_k2_adaptive,eas,2,adaptive,accept_id,29,2,2,0.14276,10,36682.00605608087,38773.6664766757,0.9460546135905649
l2-n128-zipf-w1,main,2,128,zipf,1,eas_k2_adaptive,eas,2,adaptive,accept_id,29,2,2,0.14276,100,4693.342312252303,4591.564286261993,1.0221663075250476
l2-n128-zipf-w1,main,2,128,zipf,1,eas_k2_adaptive,eas,2,adaptive,accept_id,29,2,2,0.14276,1000,482.82768062307076,467.77264023087014,1.0321845253385709
l2-n128-zipf-w1,main,2,128,zipf,1,eas_k2_adaptive,eas,2,adaptive,accept_static_degree,29,2,0,0.12215399999999998,0,151145.04561167426,215241.90412708992,0.7022101306185734
l2-n128-zipf-w1,main,2,128,zipf,1,eas_k2_adaptive,eas,2,adaptive,accept_static_degree,29,2,0,0.12215399999999998,0.1,146571.41100987702,206084.13551029091,0.7112212235403143
l2-n128-zipf-w1,main,2,128,zipf,1,eas_k2_adaptive,eas,2,adaptive,accept_static_degree,29,2,0,0.12215399999999998,1,115198.38276334906,149021.26677691034,0.7730331734181589
l2-n128-zipf-w1,main,2,128,zipf,1,eas_k2_adaptive,eas,2,adaptive,accept_static_degree,29,2,0,0.12215399999999998,10,36682.00605608087,39539.6059304307,0.9277281650358952
l2-n128-zipf-w1,main,2,128,zipf,1,eas_k2_adaptive,eas,2,adaptive,accept_static_degree,29,2,0,0.12215399999999998,100,4693.342312252303,4737.1464407832245,0.9907530558578891
l2-n128-zipf-w1,main,2,128,zipf,1,eas_k2_adaptive,eas,2,adaptive,accept_static_degree,29,2,0,0.12215399999999998,1000,482.82768062307076,483.2874220675647,0.9990487204435673
l2-n128-zipf-w1,main,2,128,zipf,1,eas_k1_adaptive,eas,1,adaptive,accept_id,29,3,2,0.15872000000000003,0,147612.7213595608,229622.88268566926,0.6428484810968419
l2-n128-zipf-w1,main,2,128,zipf,1,eas_k1_adaptive,eas,1,adaptive,accept_id,29,3,2,0.15872000000000003,0.1,143247.27714651424,218899.80955716572,0.654396536188421
l2-n128-zipf-w1,main,2,128,zipf,1,eas_k1_adaptive,eas,1,adaptive,accept_id,29,3,2,0.15872000000000003,1,113134.97001923295,154123.5762834641,0.734053625975789
l2-n128-zipf-w1,main,2,128,zipf,1,eas_k1_adaptive,eas,1,adaptive,accept_id,29,3,2,0.15872000000000003,10,36470.20208021327,38928.22802598849,0.9368574920971424
l2-n128-zipf-w1,main,2,128,zipf,1,eas_k1_adaptive,eas,1,adaptive,accept_id,29,3,2,0.15872000000000003,100,4689.857457077592,4593.724145946291,1.020927097073544
l2-n128-zipf-w1,main,2,128,zipf,1,eas_k1_adaptive,eas,1,adaptive,accept_id,29,3,2,0.15872000000000003,1000,482.79077487748054,467.795047575458,1.0320561908035242
l2-n128-zipf-w1,main,2,128,zipf,1,eas_k1_adaptive,eas,1,adaptive,accept_static_degree,29,3,0,0.12517899999999998,0,147612.7213595608,210284.25683169457,0.7019675347247024
l2-n128-zipf-w1,main,2,128,zipf,1,eas_k1_adaptive,eas,1,adaptive,accept_static_degree,29,3,0,0.12517899999999998,0.1,143247.27714651424,201534.91592418388,0.7107814370012338
l2-n128-zipf-w1,main,2,128,zipf,1,eas_k1_adaptive,eas,1,adaptive,accept_static_degree,29,3,0,0.12517899999999998,1,113134.97001923295,146627.91275166196,0.7715786707735879
l2-n128-zipf-w1,main,2,128,zipf,1,eas_k1_adaptive,eas,1,adaptive,accept_static_degree,29,3,0,0.12517899999999998,10,36470.20208021327,39369.10376235285,0.9263660737709837
l2-n128-zipf-w1,main,2,128,zipf,1,eas_k1_adaptive,eas,1,adaptive,accept_static_degree,29,3,0,0.12517899999999998,100,4689.857457077592,4734.6897506720015,0.9905311021512979
l2-n128-zipf-w1,main,2,128,zipf,1,eas_k1_adaptive,eas,1,adaptive,accept_static_degree,29,3,0,0.12517899999999998,1000,482.79077487748054,483.26184033014766,0.9990252376385743
l2-n128-zipf-w1,main,2,128,zipf,1,eas_k2_adaptive,eas,2,adaptive,accept_id,29,3,2,0.15429500000000002,0,149184.41840935723,229622.88268566926,0.6496931693588036
l2-n128-zipf-w1,main,2,128,zipf,1,eas_k2_adaptive,eas,2,adaptive,accept_id,29,3,2,0.15429500000000002,0.1,144726.921308238,218899.80955716572,0.6611559946124236
l2-n128-zipf-w1,main,2,128,zipf,1,eas_k2_adaptive,eas,2,adaptive,accept_id,29,3,2,0.15429500000000002,1,114055.92051406107,154123.5762834641,0.7400290290713823
l2-n128-zipf-w1,main,2,128,zipf,1,eas_k2_adaptive,eas,2,adaptive,accept_id,29,3,2,0.15429500000000002,10,36565.378602058394,38928.22802598849,0.9393024151432566
l2-n128-zipf-w1,main,2,128,zipf,1,eas_k2_adaptive,eas,2,adaptive,accept_id,29,3,2,0.15429500000000002,100,4691.427770210538,4593.724145946291,1.0212689358699227
l2-n128-zipf-w1,main,2,128,zipf,1,eas_k2_adaptive,eas,2,adaptive,accept_id,29,3,2,0.15429500000000002,1000,482.80741109064536,467.795047575458,1.0320917538417629
l2-n128-zipf-w1,main,2,128,zipf,1,eas_k2_adaptive,eas,2,adaptive,accept_static_degree,29,3,0,0.12075399999999997,0,149184.41840935723,210284.25683169457,0.7094416893451045
l2-n128-zipf-w1,main,2,128,zipf,1,eas_k2_adaptive,eas,2,adaptive,accept_static_degree,29,3,0,0.12075399999999997,0.1,144726.921308238,201534.91592418388,0.718123312005565
l2-n128-zipf-w1,main,2,128,zipf,1,eas_k2_adaptive,eas,2,adaptive,accept_static_degree,29,3,0,0.12075399999999997,1,114055.92051406107,146627.91275166196,0.7778595382942755
l2-n128-zipf-w1,main,2,128,zipf,1,eas_k2_adaptive,eas,2,adaptive,accept_static_degree,29,3,0,0.12075399999999997,10,36565.378602058394,39369.10376235285,0.9287836172949523
l2-n128-zipf-w1,main,2,128,zipf,1,eas_k2_adaptive,eas,2,adaptive,accept_static_degree,29,3,0,0.12075399999999997,100,4691.427770210538,4734.6897506720015,0.9908627634038063
l2-n128-zipf-w1,main,2,128,zipf,1,eas_k2_adaptive,eas,2,adaptive,accept_static_degree,29,3,0,0.12075399999999997,1000,482.80741109064536,483.26184033014766,0.9990596624819542
l2-n128-zipf-w1,main,2,128,zipf,1,eas_k2_adaptive,eas,2,adaptive,accept_id,47,1,-3,0.160787,0,153111.64622858178,255299.31069186114,0.5997338802586235
l2-n128-zipf-w1,main,2,128,zipf,1,eas_k2_adaptive,eas,2,adaptive,accept_id,47,1,-3,0.160787,0.1,148696.20464202517,243755.10031052283,0.6100229470177203
l2-n128-zipf-w1,main,2,128,zipf,1,eas_k2_adaptive,eas,2,adaptive,accept_id,47,1,-3,0.160787,1,118055.72945919742,173248.8682329369,0.68142280329629
l2-n128-zipf-w1,main,2,128,zipf,1,eas_k2_adaptive,eas,2,adaptive,accept_id,47,1,-3,0.160787,10,38572.625825658746,44508.347250254956,0.8666380175560842
l2-n128-zipf-w1,main,2,128,zipf,1,eas_k2_adaptive,eas,2,adaptive,accept_id,47,1,-3,0.160787,100,4988.263221278298,5279.156032801462,0.9448978568324685
l2-n128-zipf-w1,main,2,128,zipf,1,eas_k2_adaptive,eas,2,adaptive,accept_id,47,1,-3,0.160787,1000,513.8943883807295,537.9266720345512,0.9553242385938467
l2-n128-zipf-w1,main,2,128,zipf,1,eas_k2_adaptive,eas,2,adaptive,accept_static_degree,47,1,-4,0.13964,0,153111.64622858178,240204.79174244555,0.6374212817234407
l2-n128-zipf-w1,main,2,128,zipf,1,eas_k2_adaptive,eas,2,adaptive,accept_static_degree,47,1,-4,0.13964,0.1,148696.20464202517,230098.15329796396,0.6462294569112517
l2-n128-zipf-w1,main,2,128,zipf,1,eas_k2_adaptive,eas,2,adaptive,accept_static_degree,47,1,-4,0.13964,1,118055.72945919742,166897.93952572375,0.7073528276902523
l2-n128-zipf-w1,main,2,128,zipf,1,eas_k2_adaptive,eas,2,adaptive,accept_static_degree,47,1,-4,0.13964,10,38572.625825658746,44545.754216892004,0.8659102647100716
l2-n128-zipf-w1,main,2,128,zipf,1,eas_k2_adaptive,eas,2,adaptive,accept_static_degree,47,1,-4,0.13964,100,4988.263221278298,5347.014357039092,0.9329062703397243
l2-n128-zipf-w1,main,2,128,zipf,1,eas_k2_adaptive,eas,2,adaptive,accept_static_degree,47,1,-4,0.13964,1000,513.8943883807295,545.6327561988597,0.9418319969658073
l2-n128-zipf-w1,main,2,128,zipf,1,eas_k1_adaptive,eas,1,adaptive,accept_id,47,1,1,0.15068700000000002,0,166287.37308710132,255299.31069186114,0.6513428204583183
l2-n128-zipf-w1,main,2,128,zipf,1,eas_k1_adaptive,eas,1,adaptive,accept_id,47,1,1,0.15068700000000002,0.1,161380.30883580245,243755.10031052283,0.6620592087312961
l2-n128-zipf-w1,main,2,128,zipf,1,eas_k1_adaptive,eas,1,adaptive,accept_id,47,1,1,0.15068700000000002,1,127514.3089270946,173248.8682329369,0.7360181352275781
l2-n128-zipf-w1,main,2,128,zipf,1,eas_k1_adaptive,eas,1,adaptive,accept_id,47,1,1,0.15068700000000002,10,41153.27950484374,44508.347250254956,0.9246193590036755
l2-n128-zipf-w1,main,2,128,zipf,1,eas_k1_adaptive,eas,1,adaptive,accept_id,47,1,1,0.15068700000000002,100,5294.623884290381,5279.156032801462,1.0029299856630134
l2-n128-zipf-w1,main,2,128,zipf,1,eas_k1_adaptive,eas,1,adaptive,accept_id,47,1,1,0.15068700000000002,1000,545.0823688762702,537.9266720345512,1.0133023648272628
l2-n128-zipf-w1,main,2,128,zipf,1,eas_k1_adaptive,eas,1,adaptive,accept_static_degree,47,1,0,0.12954,0,166287.37308710132,240204.79174244555,0.6922733384328128
l2-n128-zipf-w1,main,2,128,zipf,1,eas_k1_adaptive,eas,1,adaptive,accept_static_degree,47,1,0,0.12954,0.1,161380.30883580245,230098.15329796396,0.7013542113344308
l2-n128-zipf-w1,main,2,128,zipf,1,eas_k1_adaptive,eas,1,adaptive,accept_static_degree,47,1,0,0.12954,1,127514.3089270946,166897.93952572375,0.7640256631654879
l2-n128-zipf-w1,main,2,128,zipf,1,eas_k1_adaptive,eas,1,adaptive,accept_static_degree,47,1,0,0.12954,10,41153.27950484374,44545.754216892004,0.923842916756322
l2-n128-zipf-w1,main,2,128,zipf,1,eas_k1_adaptive,eas,1,adaptive,accept_static_degree,47,1,0,0.12954,100,5294.623884290381,5347.014357039092,0.9902019203147003
l2-n128-zipf-w1,main,2,128,zipf,1,eas_k1_adaptive,eas,1,adaptive,accept_static_degree,47,1,0,0.12954,1000,545.0823688762702,545.6327561988597,0.9989912861419394
l2-n128-zipf-w1,main,2,128,zipf,1,eas_k1_adaptive,eas,1,adaptive,accept_id,47,2,1,0.13826700000000003,0,170867.15079026058,254229.79425809116,0.6720972704591744
l2-n128-zipf-w1,main,2,128,zipf,1,eas_k1_adaptive,eas,1,adaptive,accept_id,47,2,1,0.13826700000000003,0.1,165690.27753121487,242779.93582165177,0.6824710492259639
l2-n128-zipf-w1,main,2,128,zipf,1,eas_k1_adaptive,eas,1,adaptive,accept_id,47,2,1,0.13826700000000003,1,130190.17064211651,172755.678404038,0.7536086329829923
l2-n128-zipf-w1,main,2,128,zipf,1,eas_k1_adaptive,eas,1,adaptive,accept_id,47,2,1,0.13826700000000003,10,41428.085282672706,44475.72785495499,0.93147627438001
l2-n128-zipf-w1,main,2,128,zipf,1,eas_k1_adaptive,eas,1,adaptive,accept_id,47,2,1,0.13826700000000003,100,5299.1462696849085,5278.696832047473,1.0038739556917315
l2-n128-zipf-w1,main,2,128,zipf,1,eas_k1_adaptive,eas,1,adaptive,accept_id,47,2,1,0.13826700000000003,1000,545.1302637437561,537.9219038431386,1.0134003836785934
l2-n128-zipf-w1,main,2,128,zipf,1,eas_k1_adaptive,eas,1,adaptive,accept_static_degree,47,2,0,0.11423500000000003,0,170867.15079026058,236934.7414026537,0.7211570147067797
l2-n128-zipf-w1,main,2,128,zipf,1,eas_k1_adaptive,eas,1,adaptive,accept_static_degree,47,2,0,0.11423500000000003,0.1,165690.27753121487,227095.7695302362,0.729605302088881
l2-n128-zipf-w1,main,2,128,zipf,1,eas_k1_adaptive,eas,1,adaptive,accept_static_degree,47,2,0,0.11423500000000003,1,130190.17064211651,165312.67712072548,0.7875389408099689
l2-n128-zipf-w1,main,2,128,zipf,1,eas_k1_adaptive,eas,1,adaptive,accept_static_degree,47,2,0,0.11423500000000003,10,41428.085282672706,44432.03168638603,0.932392323967627
l2-n128-zipf-w1,main,2,128,zipf,1,eas_k1_adaptive,eas,1,adaptive,accept_static_degree,47,2,0,0.11423500000000003,100,5299.1462696849085,5345.372129535166,0.991352171798322
l2-n128-zipf-w1,main,2,128,zipf,1,eas_k1_adaptive,eas,1,adaptive,accept_static_degree,47,2,0,0.11423500000000003,1000,545.1302637437561,545.6156508758222,0.9991103863474463
l2-n128-zipf-w1,main,2,128,zipf,1,eas_k2_adaptive,eas,2,adaptive,accept_id,47,2,-3,0.132693,0,163325.50525734902,254229.79425809116,0.642432590302704
l2-n128-zipf-w1,main,2,128,zipf,1,eas_k2_adaptive,eas,2,adaptive,accept_id,47,2,-3,0.132693,0.1,158310.96591277068,242779.93582165177,0.652075985509228
l2-n128-zipf-w1,main,2,128,zipf,1,eas_k2_adaptive,eas,2,adaptive,accept_id,47,2,-3,0.132693,1,124036.60207366648,172755.678404038,0.7179885675512896
l2-n128-zipf-w1,main,2,128,zipf,1,eas_k2_adaptive,eas,2,adaptive,accept_id,47,2,-3,0.132693,10,39190.04857784657,44475.72785495499,0.8811558678849245
l2-n128-zipf-w1,main,2,128,zipf,1,eas_k2_adaptive,eas,2,adaptive,accept_id,47,2,-3,0.132693,100,4998.447073375158,5278.696832047473,0.9469092907607627
l2-n128-zipf-w1,main,2,128,zipf,1,eas_k2_adaptive,eas,2,adaptive,accept_id,47,2,-3,0.132693,1000,514.0022747404306,537.9219038431386,0.955533268060259
l2-n128-zipf-w1,main,2,128,zipf,1,eas_k2_adaptive,eas,2,adaptive,accept_static_degree,47,2,-4,0.10866100000000001,0,163325.50525734902,236934.7414026537,0.6893269610461599
l2-n128-zipf-w1,main,2,128,zipf,1,eas_k2_adaptive,eas,2,adaptive,accept_static_degree,47,2,-4,0.10866100000000001,0.1,158310.96591277068,227095.7695302362,0.6971110304707491
l2-n128-zipf-w1,main,2,128,zipf,1,eas_k2_adaptive,eas,2,adaptive,accept_static_degree,47,2,-4,0.10866100000000001,1,124036.60207366648,165312.67712072548,0.7503151254581906
l2-n128-zipf-w1,main,2,128,zipf,1,eas_k2_adaptive,eas,2,adaptive,accept_static_degree,47,2,-4,0.10866100000000001,10,39190.04857784657,44432.03168638603,0.8820224304497515
l2-n128-zipf-w1,main,2,128,zipf,1,eas_k2_adaptive,eas,2,adaptive,accept_static_degree,47,2,-4,0.10866100000000001,100,4998.447073375158,5345.372129535166,0.9350980534651425
l2-n128-zipf-w1,main,2,128,zipf,1,eas_k2_adaptive,eas,2,adaptive,accept_static_degree,47,2,-4,0.10866100000000001,1000,514.0022747404306,545.6156508758222,0.9420592571260633
l2-n128-zipf-w1,main,2,128,zipf,1,eas_k1_adaptive,eas,1,adaptive,accept_id,47,3,1,0.14629399999999998,0,169836.54445714175,259528.26037078688,0.6544048197853175
l2-n128-zipf-w1,main,2,128,zipf,1,eas_k1_adaptive,eas,1,adaptive,accept_id,47,3,1,0.14629399999999998,0.1,164720.9979268686,247607.35932134054,0.6652508163664737
l2-n128-zipf-w1,main,2,128,zipf,1,eas_k1_adaptive,eas,1,adaptive,accept_id,47,3,1,0.14629399999999998,1,129590.99231525416,175186.03995765068,0.7397335560903219
l2-n128-zipf-w1,main,2,128,zipf,1,eas_k1_adaptive,eas,1,adaptive,accept_id,47,3,1,0.14629399999999998,10,41367.222149665424,44635.14649061012,0.9267858493164761
l2-n128-zipf-w1,main,2,128,zipf,1,eas_k1_adaptive,eas,1,adaptive,accept_id,47,3,1,0.14629399999999998,100,5298.14918240854,5280.935432757734,1.0032596023696916
l2-n128-zipf-w1,main,2,128,zipf,1,eas_k1_adaptive,eas,1,adaptive,accept_id,47,3,1,0.14629399999999998,1000,545.1197102741694,537.9451417110057,1.0133369892334076
l2-n128-zipf-w1,main,2,128,zipf,1,eas_k1_adaptive,eas,1,adaptive,accept_static_degree,47,3,0,0.11271399999999998,0,169836.54445714175,233764.2387467565,0.7265291961151104
l2-n128-zipf-w1,main,2,128,zipf,1,eas_k1_adaptive,eas,1,adaptive,accept_static_degree,47,3,0,0.11271399999999998,0.1,164720.9979268686,224181.49734024666,0.7347662491381562
l2-n128-zipf-w1,main,2,128,zipf,1,eas_k1_adaptive,eas,1,adaptive,accept_static_degree,47,3,0,0.11271399999999998,1,129590.99231525416,163762.99283887827,0.7913325841739778
l2-n128-zipf-w1,main,2,128,zipf,1,eas_k1_adaptive,eas,1,adaptive,accept_static_degree,47,3,0,0.11271399999999998,10,41367.222149665424,44319.30922658373,0.9333904988946087
l2-n128-zipf-w1,main,2,128,zipf,1,eas_k1_adaptive,eas,1,adaptive,accept_static_degree,47,3,0,0.11271399999999998,100,5298.14918240854,5343.737029509718,0.9914689201864859
l2-n128-zipf-w1,main,2,128,zipf,1,eas_k1_adaptive,eas,1,adaptive,accept_static_degree,47,3,0,0.11271399999999998,1000,545.1197102741694,545.5986104133403,0.9991222482425164
l2-n128-zipf-w1,main,2,128,zipf,1,eas_k2_adaptive,eas,2,adaptive,accept_id,47,3,-3,0.13952199999999998,0,162806.58823993744,259528.26037078688,0.6273173796461949
l2-n128-zipf-w1,main,2,128,zipf,1,eas_k2_adaptive,eas,2,adaptive,accept_id,47,3,-3,0.13952199999999998,0.1,157823.3765115773,247607.35932134054,0.6373937226427785
l2-n128-zipf-w1,main,2,128,zipf,1,eas_k2_adaptive,eas,2,adaptive,accept_id,47,3,-3,0.13952199999999998,1,123737.0849417592,175186.03995765068,0.7063181802138532
l2-n128-zipf-w1,main,2,128,zipf,1,eas_k2_adaptive,eas,2,adaptive,accept_id,47,3,-3,0.13952199999999998,10,39160.09894451666,44635.14649061012,0.8773377489139587
l2-n128-zipf-w1,main,2,128,zipf,1,eas_k2_adaptive,eas,2,adaptive,accept_id,47,3,-3,0.13952199999999998,100,4997.959545152362,5280.935432757734,0.9464155751933516
l2-n128-zipf-w1,main,2,128,zipf,1,eas_k2_adaptive,eas,2,adaptive,accept_id,47,3,-3,0.13952199999999998,1000,513.997118921543,537.9451417110057,0.9554824071590408
l2-n128-zipf-w1,main,2,128,zipf,1,eas_k2_adaptive,eas,2,adaptive,accept_static_degree,47,3,-4,0.10594199999999998,0,162806.58823993744,233764.2387467565,0.6964563489812078
l2-n128-zipf-w1,main,2,128,zipf,1,eas_k2_adaptive,eas,2,adaptive,accept_static_degree,47,3,-4,0.10594199999999998,0.1,157823.3765115773,224181.49734024666,0.7039982263658641
l2-n128-zipf-w1,main,2,128,zipf,1,eas_k2_adaptive,eas,2,adaptive,accept_static_degree,47,3,-4,0.10594199999999998,1,123737.0849417592,163762.99283887827,0.7555863678157163
l2-n128-zipf-w1,main,2,128,zipf,1,eas_k2_adaptive,eas,2,adaptive,accept_static_degree,47,3,-4,0.10594199999999998,10,39160.09894451666,44319.30922658373,0.8835900113945716
l2-n128-zipf-w1,main,2,128,zipf,1,eas_k2_adaptive,eas,2,adaptive,accept_static_degree,47,3,-4,0.10594199999999998,100,4997.959545152362,5343.737029509718,0.9352929452838212
l2-n128-zipf-w1,main,2,128,zipf,1,eas_k2_adaptive,eas,2,adaptive,accept_static_degree,47,3,-4,0.10594199999999998,1000,513.997118921543,545.5986104133403,0.9420792302461029
l2-n128-zipf-w1,main,2,128,zipf,1,eas_k1_adaptive,eas,1,adaptive,accept_id,71,1,2,0.145984,0,171425.7726404467,259189.80316821422,0.6613908824537799
l2-n128-zipf-w1,main,2,128,zipf,1,eas_k1_adaptive,eas,1,adaptive,accept_id,71,1,2,0.145984,0.1,166215.5102816166,247132.53572518865,0.6725763962801249
l2-n128-zipf-w1,main,2,128,zipf,1,eas_k1_adaptive,eas,1,adaptive,accept_id,71,1,2,0.145984,1,130514.22605063951,174199.9610611852,0.7492207532974033
l2-n128-zipf-w1,main,2,128,zipf,1,eas_k1_adaptive,eas,1,adaptive,accept_id,71,1,2,0.145984,10,41460.84319509104,44088.394637813835,0.9404026509854093
l2-n128-zipf-w1,main,2,128,zipf,1,eas_k1_adaptive,eas,1,adaptive,accept_id,71,1,2,0.145984,100,5299.681867668457,5205.79901512407,1.0180342829739748
l2-n128-zipf-w1,main,2,128,zipf,1,eas_k1_adaptive,eas,1,adaptive,accept_id,71,1,2,0.145984,1000,545.1359312019764,530.1633473815185,1.0282414540620501
l2-n128-zipf-w1,main,2,128,zipf,1,eas_k1_adaptive,eas,1,adaptive,accept_static_degree,71,1,0,0.102941,0,171425.7726404467,229208.3471131209,0.7479037076945682
l2-n128-zipf-w1,main,2,128,zipf,1,eas_k1_adaptive,eas,1,adaptive,accept_static_degree,71,1,0,0.102941,0.1,166215.5102816166,219988.12064148538,0.7555658450871444
l2-n128-zipf-w1,main,2,128,zipf,1,eas_k1_adaptive,eas,1,adaptive,accept_static_degree,71,1,0,0.102941,1,130514.22605063951,161513.9859575126,0.808067643658873
l2-n128-zipf-w1,main,2,128,zipf,1,eas_k1_adaptive,eas,1,adaptive,accept_static_degree,71,1,0,0.102941,10,41460.84319509104,44152.9230181172,0.9390282762950591
l2-n128-zipf-w1,main,2,128,zipf,1,eas_k1_adaptive,eas,1,adaptive,accept_static_degree,71,1,0,0.102941,100,5299.681867668457,5341.310096701367,0.9922063635551476
l2-n128-zipf-w1,main,2,128,zipf,1,eas_k1_adaptive,eas,1,adaptive,accept_static_degree,71,1,0,0.102941,1000,545.1359312019764,545.5733004657116,0.9991983308872303
l2-n128-zipf-w1,main,2,128,zipf,1,eas_k2_adaptive,eas,2,adaptive,accept_id,71,1,0,0.15072100000000005,0,164618.21887928885,259189.80316821422,0.6351261387102162
l2-n128-zipf-w1,main,2,128,zipf,1,eas_k2_adaptive,eas,2,adaptive,accept_id,71,1,0,0.15072100000000005,0.1,159670.51519570206,247132.53572518865,0.6460926511645381
l2-n128-zipf-w1,main,2,128,zipf,1,eas_k2_adaptive,eas,2,adaptive,accept_id,71,1,0,0.15072100000000005,1,125675.27357474074,174199.9610611852,0.7214426042873748
l2-n128-zipf-w1,main,2,128,zipf,1,eas_k2_adaptive,eas,2,adaptive,accept_id,71,1,0,0.15072100000000005,10,40163.560192477955,44088.394637813835,0.9109780594739637
l2-n128-zipf-w1,main,2,128,zipf,1,eas_k2_adaptive,eas,2,adaptive,accept_id,71,1,0,0.15072100000000005,100,5146.41669007151,5205.79901512407,0.988593043089055
l2-n128-zipf-w1,main,2,128,zipf,1,eas_k2_adaptive,eas,2,adaptive,accept_id,71,1,0,0.15072100000000005,1000,529.5410840439561,530.1633473815185,0.9988262799745855
l2-n128-zipf-w1,main,2,128,zipf,1,eas_k2_adaptive,eas,2,adaptive,accept_static_degree,71,1,-2,0.10767800000000005,0,164618.21887928885,229208.3471131209,0.7182034203930847
l2-n128-zipf-w1,main,2,128,zipf,1,eas_k2_adaptive,eas,2,adaptive,accept_static_degree,71,1,-2,0.10767800000000005,0.1,159670.51519570206,219988.12064148538,0.7258142609251028
l2-n128-zipf-w1,main,2,128,zipf,1,eas_k2_adaptive,eas,2,adaptive,accept_static_degree,71,1,-2,0.10767800000000005,1,125675.27357474074,161513.9859575126,0.7781076841717008
l2-n128-zipf-w1,main,2,128,zipf,1,eas_k2_adaptive,eas,2,adaptive,accept_static_degree,71,1,-2,0.10767800000000005,10,40163.560192477955,44152.9230181172,0.9096466880799194
l2-n128-zipf-w1,main,2,128,zipf,1,eas_k2_adaptive,eas,2,adaptive,accept_static_degree,71,1,-2,0.10767800000000005,100,5146.41669007151,5341.310096701367,0.9635120591949496
l2-n128-zipf-w1,main,2,128,zipf,1,eas_k2_adaptive,eas,2,adaptive,accept_static_degree,71,1,-2,0.10767800000000005,1000,529.5410840439561,545.5733004657116,0.9706140010736044
l2-n128-zipf-w1,main,2,128,zipf,1,eas_k2_adaptive,eas,2,adaptive,accept_id,71,2,0,0.13188499999999997,0,166011.57198310588,244846.5208389594,0.678022997485413
l2-n128-zipf-w1,main,2,128,zipf,1,eas_k2_adaptive,eas,2,adaptive,accept_id,71,2,0,0.13188499999999997,0.1,160981.03738074386,234059.0310644523,0.6877796453682442
l2-n128-zipf-w1,main,2,128,zipf,1,eas_k2_adaptive,eas,2,adaptive,accept_id,71,2,0,0.13188499999999997,1,126485.74245270737,167601.207714585,0.7546827625974221
l2-n128-zipf-w1,main,2,128,zipf,1,eas_k2_adaptive,eas,2,adaptive,accept_id,71,2,0,0.13188499999999997,10,40245.97392297631,43653.404805084334,0.9219435254289452
l2-n128-zipf-w1,main,2,128,zipf,1,eas_k2_adaptive,eas,2,adaptive,accept_id,71,2,0,0.13188499999999997,100,5147.7674208398275,5199.681137200851,0.9900159807897433
l2-n128-zipf-w1,main,2,128,zipf,1,eas_k2_adaptive,eas,2,adaptive,accept_id,71,2,0,0.13188499999999997,1000,529.5553814079803,530.0998283217136,0.9989729351253386
l2-n128-zipf-w1,main,2,128,zipf,1,eas_k2_adaptive,eas,2,adaptive,accept_static_degree,71,2,-2,0.10897899999999999,0,166011.57198310588,232843.58565816568,0.7129746413836157
l2-n128-zipf-w1,main,2,128,zipf,1,eas_k2_adaptive,eas,2,adaptive,accept_static_degree,71,2,-2,0.10897899999999999,0.1,160981.03738074386,223334.6414362332,0.7208063932469131
l2-n128-zipf-w1,main,2,128,zipf,1,eas_k2_adaptive,eas,2,adaptive,accept_static_degree,71,2,-2,0.10897899999999999,1,126485.74245270737,163310.63315532476,0.774510146760663
l2-n128-zipf-w1,main,2,128,zipf,1,eas_k2_adaptive,eas,2,adaptive,accept_static_degree,71,2,-2,0.10897899999999999,10,40245.97392297631,44286.1110531174,0.908771914397828
l2-n128-zipf-w1,main,2,128,zipf,1,eas_k2_adaptive,eas,2,adaptive,accept_static_degree,71,2,-2,0.10897899999999999,100,5147.7674208398275,5343.254076845612,0.9634143064892041
l2-n128-zipf-w1,main,2,128,zipf,1,eas_k2_adaptive,eas,2,adaptive,accept_static_degree,71,2,-2,0.10897899999999999,1000,529.5553814079803,545.593575451706,0.9706041369155651
l2-n128-zipf-w1,main,2,128,zipf,1,eas_k1_adaptive,eas,1,adaptive,accept_id,71,2,2,0.13081399999999999,0,171342.27087254828,244846.5208389594,0.6997945908540951
l2-n128-zipf-w1,main,2,128,zipf,1,eas_k1_adaptive,eas,1,adaptive,accept_id,71,2,2,0.13081399999999999,0.1,166137.00606874752,234059.0310644523,0.7098081424723951
l2-n128-zipf-w1,main,2,128,zipf,1,eas_k1_adaptive,eas,1,adaptive,accept_id,71,2,2,0.13081399999999999,1,130465.81888735022,167601.207714585,0.778430064236326
l2-n128-zipf-w1,main,2,128,zipf,1,eas_k1_adaptive,eas,1,adaptive,accept_id,71,2,2,0.13081399999999999,10,41455.95689528048,43653.404805084334,0.9496614772750116
l2-n128-zipf-w1,main,2,128,zipf,1,eas_k1_adaptive,eas,1,adaptive,accept_id,71,2,2,0.13081399999999999,100,5299.602022600683,5199.681137200851,1.0192167332502282
l2-n128-zipf-w1,main,2,128,zipf,1,eas_k1_adaptive,eas,1,adaptive,accept_id,71,2,2,0.13081399999999999,1000,545.1350863823784,530.0998283217136,1.0283630691001469
l2-n128-zipf-w1,main,2,128,zipf,1,eas_k1_adaptive,eas,1,adaptive,accept_static_degree,71,2,0,0.107908,0,171342.27087254828,232843.58565816568,0.7358685462097865
l2-n128-zipf-w1,main,2,128,zipf,1,eas_k1_adaptive,eas,1,adaptive,accept_static_degree,71,2,0,0.107908,0.1,166137.00606874752,223334.6414362332,0.7438926849876227
l2-n128-zipf-w1,main,2,128,zipf,1,eas_k1_adaptive,eas,1,adaptive,accept_static_degree,71,2,0,0.107908,1,130465.81888735022,163310.63315532476,0.7988813487929115
l2-n128-zipf-w1,main,2,128,zipf,1,eas_k1_adaptive,eas,1,adaptive,accept_static_degree,71,2,0,0.107908,10,41455.95689528048,44286.1110531174,0.9360938657620581
l2-n128-zipf-w1,main,2,128,zipf,1,eas_k1_adaptive,eas,1,adaptive,accept_static_degree,71,2,0,0.107908,100,5299.602022600683,5343.254076845612,0.99183043635636
l2-n128-zipf-w1,main,2,128,zipf,1,eas_k1_adaptive,eas,1,adaptive,accept_static_degree,71,2,0,0.107908,1000,545.1350863823784,545.593575451706,0.9991596509014096
l2-n128-zipf-w1,main,2,128,zipf,1,eas_k1_adaptive,eas,1,adaptive,accept_id,71,3,2,0.138698,0,170557.4059680473,250256.69712683233,0.6815298368682908
l2-n128-zipf-w1,main,2,128,zipf,1,eas_k1_adaptive,eas,1,adaptive,accept_id,71,3,2,0.138698,0.1,165399.00146259976,238998.1758815694,0.6920513131638286
l2-n128-zipf-w1,main,2,128,zipf,1,eas_k1_adaptive,eas,1,adaptive,accept_id,71,3,2,0.138698,1,130010.2708113941,170118.65776379025,0.7642328743970773
l2-n128-zipf-w1,main,2,128,zipf,1,eas_k1_adaptive,eas,1,adaptive,accept_id,71,3,2,0.138698,10,41409.85164033296,43822.31084067303,0.9449490646645458
l2-n128-zipf-w1,main,2,128,zipf,1,eas_k1_adaptive,eas,1,adaptive,accept_id,71,3,2,0.138698,100,5298.847826098476,5202.069413813223,1.0186038294737616
l2-n128-zipf-w1,main,2,128,zipf,1,eas_k1_adaptive,eas,1,adaptive,accept_id,71,3,2,0.138698,1000,545.127105301323,530.1246406446827,1.0282998817757196
l2-n128-zipf-w1,main,2,128,zipf,1,eas_k1_adaptive,eas,1,adaptive,accept_static_degree,71,3,0,0.10308399999999995,0,170557.4059680473,227764.49151577268,0.7488322909027118
l2-n128-zipf-w1,main,2,128,zipf,1,eas_k1_adaptive,eas,1,adaptive,accept_static_degree,71,3,0,0.10308399999999995,0.1,165399.00146259976,218657.75376013244,0.7564287047604196
l2-n128-zipf-w1,main,2,128,zipf,1,eas_k1_adaptive,eas,1,adaptive,accept_static_degree,71,3,0,0.10308399999999995,1,130010.2708113941,160795.70905164987,0.808543160623975
l2-n128-zipf-w1,main,2,128,zipf,1,eas_k1_adaptive,eas,1,adaptive,accept_static_degree,71,3,0,0.10308399999999995,10,41409.85164033296,44099.07171454041,0.9390186693358274
l2-n128-zipf-w1,main,2,128,zipf,1,eas_k1_adaptive,eas,1,adaptive,accept_static_degree,71,3,0,0.10308399999999995,100,5298.847826098476,5340.521166201977,0.9921967652956353
l2-n128-zipf-w1,main,2,128,zipf,1,eas_k1_adaptive,eas,1,adaptive,accept_static_degree,71,3,0,0.10308399999999995,1000,545.127105301323,545.5650684350977,0.9991972302496731
l2-n128-zipf-w1,main,2,128,zipf,1,eas_k2_adaptive,eas,2,adaptive,accept_id,71,3,0,0.138654,0,165702.1017362169,250256.69712683233,0.6621285409686263
l2-n128-zipf-w1,main,2,128,zipf,1,eas_k2_adaptive,eas,2,adaptive,accept_id,71,3,0,0.138654,0.1,160690.02185856918,238998.1758815694,0.6723483192532641
l2-n128-zipf-w1,main,2,128,zipf,1,eas_k2_adaptive,eas,2,adaptive,accept_id,71,3,0,0.138654,1,126306.01346644995,170118.65776379025,0.7424583236591594
l2-n128-zipf-w1,main,2,128,zipf,1,eas_k2_adaptive,eas,2,adaptive,accept_id,71,3,0,0.138654,10,40227.7601124011,43822.31084067303,0.9179744139613992
l2-n128-zipf-w1,main,2,128,zipf,1,eas_k2_adaptive,eas,2,adaptive,accept_id,71,3,0,0.138654,100,5147.469318622673,5202.069413813223,0.9895041586631719
l2-n128-zipf-w1,main,2,128,zipf,1,eas_k2_adaptive,eas,2,adaptive,accept_id,71,3,0,0.138654,1000,529.5522266016278,530.1246406446827,0.9989202274348938
l2-n128-zipf-w1,main,2,128,zipf,1,eas_k2_adaptive,eas,2,adaptive,accept_static_degree,71,3,-2,0.10303999999999996,0,165702.1017362169,227764.49151577268,0.7275150776728603
l2-n128-zipf-w1,main,2,128,zipf,1,eas_k2_adaptive,eas,2,adaptive,accept_static_degree,71,3,-2,0.10303999999999996,0.1,160690.02185856918,218657.75376013244,0.7348928592527577
l2-n128-zipf-w1,main,2,128,zipf,1,eas_k2_adaptive,eas,2,adaptive,accept_static_degree,71,3,-2,0.10303999999999996,1,126306.01346644995,160795.70905164987,0.7855061196059571
l2-n128-zipf-w1,main,2,128,zipf,1,eas_k2_adaptive,eas,2,adaptive,accept_static_degree,71,3,-2,0.10303999999999996,10,40227.7601124011,44099.07171454041,0.912213308543117
l2-n128-zipf-w1,main,2,128,zipf,1,eas_k2_adaptive,eas,2,adaptive,accept_static_degree,71,3,-2,0.10303999999999996,100,5147.469318622673,5340.521166201977,0.9638514965915589
l2-n128-zipf-w1,main,2,128,zipf,1,eas_k2_adaptive,eas,2,adaptive,accept_static_degree,71,3,-2,0.10303999999999996,1000,529.5522266016278,545.5650684350977,0.9706490705510138
l2-n128-zipf-w1,main,2,128,zipf,1,eas_k2_adaptive,eas,2,adaptive,accept_id,101,1,1,0.135926,0,167246.28983782028,247543.04293209192,0.6756250866791708
l2-n128-zipf-w1,main,2,128,zipf,1,eas_k2_adaptive,eas,2,adaptive,accept_id,101,1,1,0.135926,0.1,162141.79777102717,236364.91921258732,0.6859808059130651
l2-n128-zipf-w1,main,2,128,zipf,1,eas_k2_adaptive,eas,2,adaptive,accept_id,101,1,1,0.135926,1,127201.23609671784,168063.01108714193,0.7568663400345901
l2-n128-zipf-w1,main,2,128,zipf,1,eas_k2_adaptive,eas,2,adaptive,accept_id,101,1,1,0.135926,10,40318.1337921695,43207.40845833387,0.9331301096442621
l2-n128-zipf-w1,main,2,128,zipf,1,eas_k2_adaptive,eas,2,adaptive,accept_id,101,1,1,0.135926,100,5148.946139448908,5125.984456791011,1.0044794678664068
l2-n128-zipf-w1,main,2,128,zipf,1,eas_k2_adaptive,eas,2,adaptive,accept_id,101,1,1,0.135926,1000,529.5678525399001,522.3330105263356,1.0138510143294872
l2-n128-zipf-w1,main,2,128,zipf,1,eas_k2_adaptive,eas,2,adaptive,accept_static_degree,101,1,-1,0.10874699999999998,0,167246.28983782028,231668.78749928653,0.7219198220145877
l2-n128-zipf-w1,main,2,128,zipf,1,eas_k2_adaptive,eas,2,adaptive,accept_static_degree,101,1,-1,0.10874699999999998,0.1,162141.79777102717,222122.78561288182,0.7299647234462915
l2-n128-zipf-w1,main,2,128,zipf,1,eas_k2_adaptive,eas,2,adaptive,accept_static_degree,101,1,-1,0.10874699999999998,1,127201.23609671784,162033.06883587458,0.7850325677998584
l2-n128-zipf-w1,main,2,128,zipf,1,eas_k2_adaptive,eas,2,adaptive,accept_static_degree,101,1,-1,0.10874699999999998,10,40318.1337921695,43730.69749194943,0.9219641145580135
l2-n128-zipf-w1,main,2,128,zipf,1,eas_k2_adaptive,eas,2,adaptive,accept_static_degree,101,1,-1,0.10874699999999998,100,5148.946139448908,5268.0445988074825,0.9773922833938167
l2-n128-zipf-w1,main,2,128,zipf,1,eas_k2_adaptive,eas,2,adaptive,accept_static_degree,101,1,-1,0.10874699999999998,1000,529.5678525399001,537.8110850331625,0.9846726244165195
l2-n128-zipf-w1,main,2,128,zipf,1,eas_k1_adaptive,eas,1,adaptive,accept_id,101,1,2,0.14579999999999999,0,165682.1783604668,247543.04293209192,0.669306543209611
l2-n128-zipf-w1,main,2,128,zipf,1,eas_k1_adaptive,eas,1,adaptive,accept_id,101,1,2,0.14579999999999999,0.1,160741.74160182642,236364.91921258732,0.6800575234993091
l2-n128-zipf-w1,main,2,128,zipf,1,eas_k1_adaptive,eas,1,adaptive,accept_id,101,1,2,0.14579999999999999,1,126731.07298975132,168063.01108714193,0.7540687993745412
l2-n128-zipf-w1,main,2,128,zipf,1,eas_k1_adaptive,eas,1,adaptive,accept_id,101,1,2,0.14579999999999999,10,40672.93069096825,43207.40845833387,0.9413415926157735
l2-n128-zipf-w1,main,2,128,zipf,1,eas_k1_adaptive,eas,1,adaptive,accept_id,101,1,2,0.14579999999999999,100,5220.762594522284,5125.984456791011,1.018489743488338
l2-n128-zipf-w1,main,2,128,zipf,1,eas_k1_adaptive,eas,1,adaptive,accept_id,101,1,2,0.14579999999999999,1000,537.3142975596742,522.3330105263356,1.0286814862002356
l2-n128-zipf-w1,main,2,128,zipf,1,eas_k1_adaptive,eas,1,adaptive,accept_static_degree,101,1,0,0.11862099999999998,0,165682.1783604668,231668.78749928653,0.7151683234884503
l2-n128-zipf-w1,main,2,128,zipf,1,eas_k1_adaptive,eas,1,adaptive,accept_static_degree,101,1,0,0.11862099999999998,0.1,160741.74160182642,222122.78561288182,0.7236616502818806
l2-n128-zipf-w1,main,2,128,zipf,1,eas_k1_adaptive,eas,1,adaptive,accept_static_degree,101,1,0,0.11862099999999998,1,126731.07298975132,162033.06883587458,0.7821309187084452
l2-n128-zipf-w1,main,2,128,zipf,1,eas_k1_adaptive,eas,1,adaptive,accept_static_degree,101,1,0,0.11862099999999998,10,40672.93069096825,43730.69749194943,0.9300773375145892
l2-n128-zipf-w1,main,2,128,zipf,1,eas_k1_adaptive,eas,1,adaptive,accept_static_degree,101,1,0,0.11862099999999998,100,5220.762594522284,5268.0445988074825,0.991024752467756
l2-n128-zipf-w1,main,2,128,zipf,1,eas_k1_adaptive,eas,1,adaptive,accept_static_degree,101,1,0,0.11862099999999998,1000,537.3142975596742,537.8110850331625,0.9990762788508577
l2-n128-zipf-w1,main,2,128,zipf,1,eas_k1_adaptive,eas,1,adaptive,accept_id,101,2,2,0.20887100000000003,0,143802.4279685302,247274.44510876387,0.5815498965341064
l2-n128-zipf-w1,main,2,128,zipf,1,eas_k1_adaptive,eas,1,adaptive,accept_id,101,2,2,0.20887100000000003,0.1,140065.97310327328,236120.0194534703,0.5931982109245701
l2-n128-zipf-w1,main,2,128,zipf,1,eas_k1_adaptive,eas,1,adaptive,accept_id,101,2,2,0.20887100000000003,1,113519.5163081479,167939.1609057686,0.6759561956597139
l2-n128-zipf-w1,main,2,128,zipf,1,eas_k1_adaptive,eas,1,adaptive,accept_id,101,2,2,0.20887100000000003,10,39208.44402142258,43199.21802967722,0.9076192998328573
l2-n128-zipf-w1,main,2,128,zipf,1,eas_k1_adaptive,eas,1,adaptive,accept_id,101,2,2,0.20887100000000003,100,5195.851601960116,5125.869159971032,1.0136527952245817
l2-n128-zipf-w1,main,2,128,zipf,1,eas_k1_adaptive,eas,1,adaptive,accept_id,101,2,2,0.20887100000000003,1000,537.0492993744348,522.3318133269672,1.0281765071013484
l2-n128-zipf-w1,main,2,128,zipf,1,eas_k1_adaptive,eas,1,adaptive,accept_static_degree,101,2,0,0.179666,0,143802.4279685302,229878.1645727764,0.625559318501537
l2-n128-zipf-w1,main,2,128,zipf,1,eas_k1_adaptive,eas,1,adaptive,accept_static_degree,101,2,0,0.179666,0.1,140065.97310327328,220476.16460942168,0.6352885054554681
l2-n128-zipf-w1,main,2,128,zipf,1,eas_k1_adaptive,eas,1,adaptive,accept_static_degree,101,2,0,0.179666,1,113519.5163081479,161155.0849100451,0.7044116316373956
l2-n128-zipf-w1,main,2,128,zipf,1,eas_k1_adaptive,eas,1,adaptive,accept_static_degree,101,2,0,0.179666,10,39208.44402142258,43666.49178975027,0.8979068941514071
l2-n128-zipf-w1,main,2,128,zipf,1,eas_k1_adaptive,eas,1,adaptive,accept_static_degree,101,2,0,0.179666,100,5195.851601960116,5267.111643454098,0.9864707554504671
l2-n128-zipf-w1,main,2,128,zipf,1,eas_k1_adaptive,eas,1,adaptive,accept_static_degree,101,2,0,0.179666,1000,537.0492993744348,537.8013600123442,0.9986016014576606
l2-n128-zipf-w1,main,2,128,zipf,1,eas_k2_adaptive,eas,2,adaptive,accept_id,101,2,1,0.145212,0,163396.33703858557,247274.44510876387,0.6607894194918345
l2-n128-zipf-w1,main,2,128,zipf,1,eas_k2_adaptive,eas,2,adaptive,accept_id,101,2,1,0.145212,0.1,158520.72192201714,236120.0194534703,0.6713565511680604
l2-n128-zipf-w1,main,2,128,zipf,1,eas_k2_adaptive,eas,2,adaptive,accept_id,101,2,1,0.145212,1,124961.86825343738,167939.1609057686,0.7440901072713709
l2-n128-zipf-w1,main,2,128,zipf,1,eas_k2_adaptive,eas,2,adaptive,accept_id,101,2,1,0.145212,10,40090.41567865409,43199.21802967722,0.9280356799771832
l2-n128-zipf-w1,main,2,128,zipf,1,eas_k2_adaptive,eas,2,adaptive,accept_id,101,2,1,0.145212,100,5145.213823736778,5125.869159971032,1.0037739285108587
l2-n128-zipf-w1,main,2,128,zipf,1,eas_k2_adaptive,eas,2,adaptive,accept_id,101,2,1,0.145212,1000,529.5283461429615,522.3318133269672,1.0137777034298492
l2-n128-zipf-w1,main,2,128,zipf,1,eas_k2_adaptive,eas,2,adaptive,accept_static_degree,101,2,-1,0.11600699999999997,0,163396.33703858557,229878.1645727764,0.7107953786835479
l2-n128-zipf-w1,main,2,128,zipf,1,eas_k2_adaptive,eas,2,adaptive,accept_static_degree,101,2,-1,0.11600699999999997,0.1,158520.72192201714,220476.16460942168,0.7189925595940951
l2-n128-zipf-w1,main,2,128,zipf,1,eas_k2_adaptive,eas,2,adaptive,accept_static_degree,101,2,-1,0.11600699999999997,1,124961.86825343738,161155.0849100451,0.7754137470945435
l2-n128-zipf-w1,main,2,128,zipf,1,eas_k2_adaptive,eas,2,adaptive,accept_static_degree,101,2,-1,0.11600699999999997,10,40090.41567865409,43666.49178975027,0.9181047992516866
l2-n128-zipf-w1,main,2,128,zipf,1,eas_k2_adaptive,eas,2,adaptive,accept_static_degree,101,2,-1,0.11600699999999997,100,5145.213823736778,5267.111643454098,0.976856799709417
l2-n128-zipf-w1,main,2,128,zipf,1,eas_k2_adaptive,eas,2,adaptive,accept_static_degree,101,2,-1,0.11600699999999997,1000,529.5283461429615,537.8013600123442,0.9846169710891159
l2-n128-zipf-w1,main,2,128,zipf,1,eas_k1_adaptive,eas,1,adaptive,accept_id,101,3,2,0.140368,0,167712.23497213304,247185.95393486836,0.6784861044989795
l2-n128-zipf-w1,main,2,128,zipf,1,eas_k1_adaptive,eas,1,adaptive,accept_id,101,3,2,0.140368,0.1,162651.83784790404,236039.33049381545,0.6890878630591851
l2-n128-zipf-w1,main,2,128,zipf,1,eas_k1_adaptive,eas,1,adaptive,accept_id,101,3,2,0.140368,1,127915.4052786424,167898.33880882393,0.7618622446544407
l2-n128-zipf-w1,main,2,128,zipf,1,eas_k1_adaptive,eas,1,adaptive,accept_id,101,3,2,0.140368,10,40794.14976419208,43196.51642660364,0.9443851759089535
l2-n128-zipf-w1,main,2,128,zipf,1,eas_k1_adaptive,eas,1,adaptive,accept_id,101,3,2,0.140368,100,5222.75464883825,5125.83112100167,1.0189088414246548
l2-n128-zipf-w1,main,2,128,zipf,1,eas_k1_adaptive,eas,1,adaptive,accept_id,101,3,2,0.140368,1000,537.3353907100739,522.3314183338218,1.0287250045653256
l2-n128-zipf-w1,main,2,128,zipf,1,eas_k1_adaptive,eas,1,adaptive,accept_static_degree,101,3,0,0.11289099999999996,0,167712.23497213304,231134.09797405938,0.725605769300883
l2-n128-zipf-w1,main,2,128,zipf,1,eas_k1_adaptive,eas,1,adaptive,accept_static_degree,101,3,0,0.11289099999999996,0.1,162651.83784790404,221631.20567375887,0.733885092369743
l2-n128-zipf-w1,main,2,128,zipf,1,eas_k1_adaptive,eas,1,adaptive,accept_static_degree,101,3,0,0.11289099999999996,1,127915.4052786424,161771.32568084626,0.7907174200389679
l2-n128-zipf-w1,main,2,128,zipf,1,eas_k1_adaptive,eas,1,adaptive,accept_static_degree,101,3,0,0.11289099999999996,10,40794.14976419208,43711.60980356383,0.9332566324488492
l2-n128-zipf-w1,main,2,128,zipf,1,eas_k1_adaptive,eas,1,adaptive,accept_static_degree,101,3,0,0.11289099999999996,100,5222.75464883825,5267.76749265261,0.9914550435498259
l2-n128-zipf-w1,main,2,128,zipf,1,eas_k1_adaptive,eas,1,adaptive,accept_static_degree,101,3,0,0.11289099999999996,1000,537.3353907100739,537.8081968329363,0.9991208647885124
l2-n128-zipf-w1,main,2,128,zipf,1,eas_k2_adaptive,eas,2,adaptive,accept_id,101,3,1,0.12673,0,170948.33589336846,247185.95393486836,0.6915778715258718
l2-n128-zipf-w1,main,2,128,zipf,1,eas_k2_adaptive,eas,2,adaptive,accept_id,101,3,1,0.12673,0.1,165618.9643456468,236039.33049381545,0.7016583380369579
l2-n128-zipf-w1,main,2,128,zipf,1,eas_k2_adaptive,eas,2,adaptive,accept_id,101,3,1,0.12673,1,129331.41364940915,167898.33880882393,0.7702959693762742
l2-n128-zipf-w1,main,2,128,zipf,1,eas_k2_adaptive,eas,2,adaptive,accept_id,101,3,1,0.12673,10,40529.72348596152,43196.51642660364,0.9382637036212553
l2-n128-zipf-w1,main,2,128,zipf,1,eas_k2_adaptive,eas,2,adaptive,accept_id,101,3,1,0.12673,100,5152.381298037904,5125.83112100167,1.0051796823596963
l2-n128-zipf-w1,main,2,128,zipf,1,eas_k2_adaptive,eas,2,adaptive,accept_id,101,3,1,0.12673,1000,529.6041681592612,522.3314183338218,1.013923630802525
l2-n128-zipf-w1,main,2,128,zipf,1,eas_k2_adaptive,eas,2,adaptive,accept_static_degree,101,3,-1,0.09925299999999998,0,170948.33589336846,231134.09797405938,0.7396067364866015
l2-n128-zipf-w1,main,2,128,zipf,1,eas_k2_adaptive,eas,2,adaptive,accept_static_degree,101,3,-1,0.09925299999999998,0.1,165618.9643456468,221631.20567375887,0.7472727671275583
l2-n128-zipf-w1,main,2,128,zipf,1,eas_k2_adaptive,eas,2,adaptive,accept_static_degree,101,3,-1,0.09925299999999998,1,129331.41364940915,161771.32568084626,0.7994705681312346
l2-n128-zipf-w1,main,2,128,zipf,1,eas_k2_adaptive,eas,2,adaptive,accept_static_degree,101,3,-1,0.09925299999999998,10,40529.72348596152,43711.60980356383,0.9272072949977951
l2-n128-zipf-w1,main,2,128,zipf,1,eas_k2_adaptive,eas,2,adaptive,accept_static_degree,101,3,-1,0.09925299999999998,100,5152.381298037904,5267.76749265261,0.9780958072322584
l2-n128-zipf-w1,main,2,128,zipf,1,eas_k2_adaptive,eas,2,adaptive,accept_static_degree,101,3,-1,0.09925299999999998,1000,529.6041681592612,537.8081968329363,0.9847454376448941
l2-n32-zipf-w1,smoke_parallel,2,32,zipf,1,eas_k1_adaptive,eas,1,adaptive,accept_id,11,1,1,0.028199000000000002,0,208668.43455201495,264928.12384813855,0.7876416875681623
l2-n32-zipf-w1,smoke_parallel,2,32,zipf,1,eas_k1_adaptive,eas,1,adaptive,accept_id,11,1,1,0.028199000000000002,0.1,203019.92132978048,255510.13153217206,0.7945670103661531
l2-n32-zipf-w1,smoke_parallel,2,32,zipf,1,eas_k1_adaptive,eas,1,adaptive,accept_id,11,1,1,0.028199000000000002,1,163248.64809713294,193576.6226770805,0.8433283205351717
l2-n32-zipf-w1,smoke_parallel,2,32,zipf,1,eas_k1_adaptive,eas,1,adaptive,accept_id,11,1,1,0.028199000000000002,10,55170.51136167718,56536.61606229843,0.9758368152222636
l2-n32-zipf-w1,smoke_parallel,2,32,zipf,1,eas_k1_adaptive,eas,1,adaptive,accept_id,11,1,1,0.028199000000000002,100,7239.7862453111065,6997.65365630446,1.0346019681594987
l2-n32-zipf-w1,smoke_parallel,2,32,zipf,1,eas_k1_adaptive,eas,1,adaptive,accept_id,11,1,1,0.028199000000000002,1000,747.3139900448435,716.8053072015622,1.0425620214258575
l2-n32-zipf-w1,smoke_parallel,2,32,zipf,1,eas_k1_adaptive,eas,1,adaptive,accept_static_degree,11,1,0,0.023913000000000004,0,208668.43455201495,263440.9782441659,0.792087988523236
l2-n32-zipf-w1,smoke_parallel,2,32,zipf,1,eas_k1_adaptive,eas,1,adaptive,accept_static_degree,11,1,0,0.023913000000000004,0.1,203019.92132978048,254501.4951962843,0.7977160258850399
l2-n32-zipf-w1,smoke_parallel,2,32,zipf,1,eas_k1_adaptive,eas,1,adaptive,accept_static_degree,11,1,0,0.023913000000000004,1,163248.64809713294,194960.2768435931,0.8373431282522192
l2-n32-zipf-w1,smoke_parallel,2,32,zipf,1,eas_k1_adaptive,eas,1,adaptive,accept_static_degree,11,1,0,0.023913000000000004,10,55170.51136167718,58379.6721981406,0.945029481742009
l2-n32-zipf-w1,smoke_parallel,2,32,zipf,1,eas_k1_adaptive,eas,1,adaptive,accept_static_degree,11,1,0,0.023913000000000004,100,7239.7862453111065,7292.390208507667,0.992786457979828
l2-n32-zipf-w1,smoke_parallel,2,32,zipf,1,eas_k1_adaptive,eas,1,adaptive,accept_static_degree,11,1,0,0.023913000000000004,1000,747.3139900448435,747.8708584080409,0.9992553950231692
l2-n32-zipf-w1,smoke_parallel,2,32,zipf,1,eas_k2_adaptive,eas,2,adaptive,accept_id,11,1,-1,0.026071999999999998,0,194883.4242789313,264928.12384813855,0.7356086679217262
l2-n32-zipf-w1,smoke_parallel,2,32,zipf,1,eas_k2_adaptive,eas,2,adaptive,accept_id,11,1,-1,0.026071999999999998,0.1,189511.40514092759,255510.13153217206,0.7416982019637277
l2-n32-zipf-w1,smoke_parallel,2,32,zipf,1,eas_k2_adaptive,eas,2,adaptive,accept_id,11,1,-1,0.026071999999999998,1,151841.42234001434,193576.6226770805,0.7843995842065715
l2-n32-zipf-w1,smoke_parallel,2,32,zipf,1,eas_k2_adaptive,eas,2,adaptive,accept_id,11,1,-1,0.026071999999999998,10,50821.459592319494,56536.61606229843,0.8989123002395238
l2-n32-zipf-w1,smoke_parallel,2,32,zipf,1,eas_k2_adaptive,eas,2,adaptive,accept_id,11,1,-1,0.026071999999999998,100,6640.731591288326,6997.65365630446,0.9489940367805187
l2-n32-zipf-w1,smoke_parallel,2,32,zipf,1,eas_k2_adaptive,eas,2,adaptive,accept_id,11,1,-1,0.026071999999999998,1000,685.0831977491405,716.8053072015622,0.9557451526464471
l2-n32-zipf-w1,smoke_parallel,2,32,zipf,1,eas_k2_adaptive,eas,2,adaptive,accept_static_degree,11,1,-2,0.021786,0,194883.4242789313,263440.9782441659,0.7397612382774666
l2-n32-zipf-w1,smoke_parallel,2,32,zipf,1,eas_k2_adaptive,eas,2,adaptive,accept_static_degree,11,1,-2,0.021786,0.1,189511.40514092759,254501.4951962843,0.7446376886499897
l2-n32-zipf-w1,smoke_parallel,2,32,zipf,1,eas_k2_adaptive,eas,2,adaptive,accept_static_degree,11,1,-2,0.021786,1,151841.42234001434,194960.2768435931,0.7788326155375186
l2-n32-zipf-w1,smoke_parallel,2,32,zipf,1,eas_k2_adaptive,eas,2,adaptive,accept_static_degree,11,1,-2,0.021786,10,50821.459592319494,58379.6721981406,0.8705334867217388
l2-n32-zipf-w1,smoke_parallel,2,32,zipf,1,eas_k2_adaptive,eas,2,adaptive,accept_static_degree,11,1,-2,0.021786,100,6640.731591288326,7292.390208507667,0.9106385425646747
l2-n32-zipf-w1,smoke_parallel,2,32,zipf,1,eas_k2_adaptive,eas,2,adaptive,accept_static_degree,11,1,-2,0.021786,1000,685.0831977491405,747.8708584080409,0.91604478239391
l2-n32-zipf-w1,smoke_parallel,2,32,zipf,1,eas_k2_adaptive,eas,2,adaptive,accept_id,11,2,-1,0.02260899999999999,0,198931.19693284263,261417.10804482733,0.7609723725454506
l2-n32-zipf-w1,smoke_parallel,2,32,zipf,1,eas_k2_adaptive,eas,2,adaptive,accept_id,11,2,-1,0.02260899999999999,0.1,193336.9071367683,252242.7672128271,0.7664715594149916
l2-n32-zipf-w1,smoke_parallel,2,32,zipf,1,eas_k2_adaptive,eas,2,adaptive,accept_id,11,2,-1,0.02260899999999999,1,154287.43749605515,191695.42097981364,0.8048571880718125
l2-n32-zipf-w1,smoke_parallel,2,32,zipf,1,eas_k2_adaptive,eas,2,adaptive,accept_id,11,2,-1,0.02260899999999999,10,51092.56812148884,56375.03615355579,0.9062977446670114
l2-n32-zipf-w1,smoke_parallel,2,32,zipf,1,eas_k2_adaptive,eas,2,adaptive,accept_id,11,2,-1,0.02260899999999999,100,6645.339155455929,6995.172114689191,0.9499893707406217
l2-n32-zipf-w1,smoke_parallel,2,32,zipf,1,eas_k2_adaptive,eas,2,adaptive,accept_id,11,2,-1,0.02260899999999999,1000,685.1322045115893,716.7792602227215,0.9558482541733997
l2-n32-zipf-w1,smoke_parallel,2,32,zipf,1,eas_k2_adaptive,eas,2,adaptive,accept_static_degree,11,2,-2,0.019002999999999992,0,198931.19693284263,262043.06240992268,0.7591546026952163
l2-n32-zipf-w1,smoke_parallel,2,32,zipf,1,eas_k2_adaptive,eas,2,adaptive,accept_static_degree,11,2,-2,0.019002999999999992,0.1,193336.9071367683,253196.607165464,0.7635841147366664
l2-n32-zipf-w1,smoke_parallel,2,32,zipf,1,eas_k2_adaptive,eas,2,adaptive,accept_static_degree,11,2,-2,0.019002999999999992,1,154287.43749605515,194193.6110301971,0.7945031593859361
l2-n32-zipf-w1,smoke_parallel,2,32,zipf,1,eas_k2_adaptive,eas,2,adaptive,accept_static_degree,11,2,-2,0.019002999999999992,10,51092.56812148884,58310.737922388405,0.8762119969994728
l2-n32-zipf-w1,smoke_parallel,2,32,zipf,1,eas_k2_adaptive,eas,2,adaptive,accept_static_degree,11,2,-2,0.019002999999999992,100,6645.339155455929,7291.313493669317,0.911404942501203
l2-n32-zipf-w1,smoke_parallel,2,32,zipf,1,eas_k2_adaptive,eas,2,adaptive,accept_static_degree,11,2,-2,0.019002999999999992,1000,685.1322045115893,747.859532535442,0.9161241846965694
l2-n32-zipf-w1,smoke_parallel,2,32,zipf,1,eas_k1_adaptive,eas,1,adaptive,accept_id,11,2,1,0.027066999999999994,0,208606.76755121732,261417.10804482733,0.7979843748996175
l2-n32-zipf-w1,smoke_parallel,2,32,zipf,1,eas_k1_adaptive,eas,1,adaptive,accept_id,11,2,1,0.027066999999999994,0.1,202961.5472435285,252242.7672128271,0.8046278174243224
l2-n32-zipf-w1,smoke_parallel,2,32,zipf,1,eas_k1_adaptive,eas,1,adaptive,accept_id,11,2,1,0.027066999999999994,1,163210.90248828623,191695.42097981364,0.851407413145633
l2-n32-zipf-w1,smoke_parallel,2,32,zipf,1,eas_k1_adaptive,eas,1,adaptive,accept_id,11,2,1,0.027066999999999994,10,55166.19966946252,56375.03615355579,0.9785572379802896
l2-n32-zipf-w1,smoke_parallel,2,32,zipf,1,eas_k1_adaptive,eas,1,adaptive,accept_id,11,2,1,0.027066999999999994,100,7239.711992190763,6995.172114689191,1.0349583789351031
l2-n32-zipf-w1,smoke_parallel,2,32,zipf,1,eas_k1_adaptive,eas,1,adaptive,accept_id,11,2,1,0.027066999999999994,1000,747.3131988682316,716.7792602227215,1.04259880320201
l2-n32-zipf-w1,smoke_parallel,2,32,zipf,1,eas_k1_adaptive,eas,1,adaptive,accept_static_degree,11,2,0,0.023460999999999996,0,208606.76755121732,262043.06240992268,0.7960781927700372
l2-n32-zipf-w1,smoke_parallel,2,32,zipf,1,eas_k1_adaptive,eas,1,adaptive,accept_static_degree,11,2,0,0.023460999999999996,0.1,202961.5472435285,253196.607165464,0.8015966308383158
l2-n32-zipf-w1,smoke_parallel,2,32,zipf,1,eas_k1_adaptive,eas,1,adaptive,accept_static_degree,11,2,0,0.023460999999999996,1,163210.90248828623,194193.6110301971,0.84045454236343
l2-n32-zipf-w1,smoke_parallel,2,32,zipf,1,eas_k1_adaptive,eas,1,adaptive,accept_static_degree,11,2,0,0.023460999999999996,10,55166.19966946252,58310.737922388405,0.9460727412314475
l2-n32-zipf-w1,smoke_parallel,2,32,zipf,1,eas_k1_adaptive,eas,1,adaptive,accept_static_degree,11,2,0,0.023460999999999996,100,7239.711992190763,7291.313493669317,0.9929228798729671
l2-n32-zipf-w1,smoke_parallel,2,32,zipf,1,eas_k1_adaptive,eas,1,adaptive,accept_static_degree,11,2,0,0.023460999999999996,1000,747.3131988682316,747.859532535442,0.9992694702100564
l2-n32-zipf-w1,smoke_parallel,2,32,zipf,1,eas_k1_adaptive,eas,1,adaptive,accept_id,11,3,1,0.02764699999999999,0,210674.1573033708,266595.57451346307,0.7902387640449439
l2-n32-zipf-w1,smoke_parallel,2,32,zipf,1,eas_k1_adaptive,eas,1,adaptive,accept_id,11,3,1,0.02764699999999999,0.1,204918.03278688528,257060.78928838868,0.7971578759800428
l2-n32-zipf-w1,smoke_parallel,2,32,zipf,1,eas_k1_adaptive,eas,1,adaptive,accept_id,11,3,1,0.02764699999999999,1,164473.68421052632,194465.3471206446,0.8457737414187643
l2-n32-zipf-w1,smoke_parallel,2,32,zipf,1,eas_k1_adaptive,eas,1,adaptive,accept_id,11,3,1,0.02764699999999999,10,55309.73451327434,56612.17949506859,0.9769935552135438
l2-n32-zipf-w1,smoke_parallel,2,32,zipf,1,eas_k1_adaptive,eas,1,adaptive,accept_id,11,3,1,0.02764699999999999,100,7242.178447276941,6998.8098980212535,1.0347728474986146
l2-n32-zipf-w1,smoke_parallel,2,32,zipf,1,eas_k1_adaptive,eas,1,adaptive,accept_id,11,3,1,0.02764699999999999,1000,747.3394714815257,716.8174377871809,1.0425799263318238
l2-n32-zipf-w1,smoke_parallel,2,32,zipf,1,eas_k1_adaptive,eas,1,adaptive,accept_static_degree,11,3,0,0.007834999999999995,0,210674.1573033708,226233.68053919027,0.9312236657303371
l2-n32-zipf-w1,smoke_parallel,2,32,zipf,1,eas_k1_adaptive,eas,1,adaptive,accept_static_degree,11,3,0,0.007834999999999995,0.1,204918.03278688528,219609.2784920163,0.9331028005464481
l2-n32-zipf-w1,smoke_parallel,2,32,zipf,1,eas_k1_adaptive,eas,1,adaptive,accept_static_degree,11,3,0,0.007834999999999995,1,164473.68421052632,173805.98906470652,0.9463061951754387
l2-n32-zipf-w1,smoke_parallel,2,32,zipf,1,eas_k1_adaptive,eas,1,adaptive,accept_static_degree,11,3,0,0.007834999999999995,10,55309.73451327434,56326.78925566495,0.9819436762536874
l2-n32-zipf-w1,smoke_parallel,2,32,zipf,1,eas_k1_adaptive,eas,1,adaptive,accept_static_degree,11,3,0,0.007834999999999995,100,7242.178447276941,7259.341486985361,0.9976357304943995
l2-n32-zipf-w1,smoke_parallel,2,32,zipf,1,eas_k1_adaptive,eas,1,adaptive,accept_static_degree,11,3,0,0.007834999999999995,1000,747.3394714815257,747.5218482726873,0.9997560248017058
l2-n32-zipf-w1,smoke_parallel,2,32,zipf,1,eas_k2_adaptive,eas,2,adaptive,accept_id,11,3,-1,0.026365,0,195315.96796818124,266595.57451346307,0.7326301958486479
l2-n32-zipf-w1,smoke_parallel,2,32,zipf,1,eas_k2_adaptive,eas,2,adaptive,accept_id,11,3,-1,0.026365,0.1,189920.4060843592,257060.78928838868,0.7388151518950378
l2-n32-zipf-w1,smoke_parallel,2,32,zipf,1,eas_k2_adaptive,eas,2,adaptive,accept_id,11,3,-1,0.026365,1,152103.8731177146,194465.3471206446,0.7821644080544112
l2-n32-zipf-w1,smoke_parallel,2,32,zipf,1,eas_k2_adaptive,eas,2,adaptive,accept_id,11,3,-1,0.026365,10,50850.82678821555,56612.17949506859,0.898231215292552
l2-n32-zipf-w1,smoke_parallel,2,32,zipf,1,eas_k2_adaptive,eas,2,adaptive,accept_id,11,3,-1,0.026365,100,6641.232757699452,6998.8098980212535,0.9489088651453588
l2-n32-zipf-w1,smoke_parallel,2,32,zipf,1,eas_k2_adaptive,eas,2,adaptive,accept_id,11,3,-1,0.026365,1000,685.0885311882506,716.8174377871809,0.955736419168488
l2-n32-zipf-w1,smoke_parallel,2,32,zipf,1,eas_k2_adaptive,eas,2,adaptive,accept_static_degree,11,3,-2,0.006553000000000003,0,195315.96796818124,226233.68053919027,0.8633372692460212
l2-n32-zipf-w1,smoke_parallel,2,32,zipf,1,eas_k2_adaptive,eas,2,adaptive,accept_static_degree,11,3,-2,0.006553000000000003,0.1,189920.4060843592,219609.2784920163,0.864810482455383
l2-n32-zipf-w1,smoke_parallel,2,32,zipf,1,eas_k2_adaptive,eas,2,adaptive,accept_static_degree,11,3,-2,0.006553000000000003,1,152103.8731177146,173805.98906470652,0.8751359716441508
l2-n32-zipf-w1,smoke_parallel,2,32,zipf,1,eas_k2_adaptive,eas,2,adaptive,accept_static_degree,11,3,-2,0.006553000000000003,10,50850.82678821555,56326.78925566495,0.9027822721690342
l2-n32-zipf-w1,smoke_parallel,2,32,zipf,1,eas_k2_adaptive,eas,2,adaptive,accept_static_degree,11,3,-2,0.006553000000000003,100,6641.232757699452,7259.341486985361,0.9148533334057831
l2-n32-zipf-w1,smoke_parallel,2,32,zipf,1,eas_k2_adaptive,eas,2,adaptive,accept_static_degree,11,3,-2,0.006553000000000003,1000,685.0885311882506,747.5218482726873,0.9164796089522969
l2-n32-zipf-w1,smoke_parallel,2,32,zipf,1,eas_k2_adaptive,eas,2,adaptive,accept_id,29,1,0,0.031410999999999994,0,205736.6228333362,281548.0450007625,0.7307336225075867
l2-n32-zipf-w1,smoke_parallel,2,32,zipf,1,eas_k2_adaptive,eas,2,adaptive,accept_id,29,1,0,0.031410999999999994,0.1,200243.62974952863,271361.2156982463,0.7379228060807317
l2-n32-zipf-w1,smoke_parallel,2,32,zipf,1,eas_k2_adaptive,eas,2,adaptive,accept_id,29,1,0,0.031410999999999994,1,161448.73330014665,204703.0526342724,0.7886972432628789
l2-n32-zipf-w1,smoke_parallel,2,32,zipf,1,eas_k2_adaptive,eas,2,adaptive,accept_id,29,1,0,0.031410999999999994,10,54963.42642000302,59223.72502424471,0.9280643255300536
l2-n32-zipf-w1,smoke_parallel,2,32,zipf,1,eas_k2_adaptive,eas,2,adaptive,accept_id,29,1,0,0.031410999999999994,100,7236.208540293922,7305.395673927316,0.9905293105642011
l2-n32-zipf-w1,smoke_parallel,2,32,zipf,1,eas_k2_adaptive,eas,2,adaptive,accept_id,29,1,0,0.031410999999999994,1000,747.2758525841454,748.0074250957052,0.9990219715914367
l2-n32-zipf-w1,smoke_parallel,2,32,zipf,1,eas_k2_adaptive,eas,2,adaptive,accept_static_degree,29,1,0,0.02366499999999999,0,205736.6228333362,258095.04349976877,0.7971351175270459
l2-n32-zipf-w1,smoke_parallel,2,32,zipf,1,eas_k2_adaptive,eas,2,adaptive,accept_static_degree,29,1,0,0.02366499999999999,0.1,200243.62974952863,249508.77959018183,0.802551437582392
l2-n32-zipf-w1,smoke_parallel,2,32,zipf,1,eas_k2_adaptive,eas,2,adaptive,accept_static_degree,29,1,0,0.02366499999999999,1,161448.73330014665,192016.89748697885,0.8408048219355012
l2-n32-zipf-w1,smoke_parallel,2,32,zipf,1,eas_k2_adaptive,eas,2,adaptive,accept_static_degree,29,1,0,0.02366499999999999,10,54963.42642000302,58112.92794723346,0.9458037714071096
l2-n32-zipf-w1,smoke_parallel,2,32,zipf,1,eas_k2_adaptive,eas,2,adaptive,accept_static_degree,29,1,0,0.02366499999999999,100,7236.208540293922,7288.2114091483445,0.992864796870581
l2-n32-zipf-w1,smoke_parallel,2,32,zipf,1,eas_k2_adaptive,eas,2,adaptive,accept_static_degree,29,1,0,0.02366499999999999,1000,747.2758525841454,747.8268851804361,0.9992631548728583
l2-n32-zipf-w1,smoke_parallel,2,32,zipf,1,eas_k1_adaptive,eas,1,adaptive,accept_id,29,1,0,0.036879999999999996,0,196523.17745224078,281548.0450007625,0.6980093839817234
l2-n32-zipf-w1,smoke_parallel,2,32,zipf,1,eas_k1_adaptive,eas,1,adaptive,accept_id,29,1,0,0.036879999999999996,0.1,191505.15069061547,271361.2156982463,0.7057204184387543
l2-n32-zipf-w1,smoke_parallel,2,32,zipf,1,eas_k1_adaptive,eas,1,adaptive,accept_id,29,1,0,0.036879999999999996,1,155719.7822518378,204703.0526342724,0.7607106012730092
l2-n32-zipf-w1,smoke_parallel,2,32,zipf,1,eas_k1_adaptive,eas,1,adaptive,accept_id,29,1,0,0.036879999999999996,10,54283.53648192924,59223.72502424471,0.9165842989394354
l2-n32-zipf-w1,smoke_parallel,2,32,zipf,1,eas_k1_adaptive,eas,1,adaptive,accept_id,29,1,0,0.036879999999999996,100,7224.29602997842,7305.395673927316,0.9888986651005999
l2-n32-zipf-w1,smoke_parallel,2,32,zipf,1,eas_k1_adaptive,eas,1,adaptive,accept_id,29,1,0,0.036879999999999996,1000,747.1486240184062,748.0074250957052,0.998851881614425
l2-n32-zipf-w1,smoke_parallel,2,32,zipf,1,eas_k1_adaptive,eas,1,adaptive,accept_static_degree,29,1,0,0.029133999999999993,0,196523.17745224078,258095.04349976877,0.7614372395044341
l2-n32-zipf-w1,smoke_parallel,2,32,zipf,1,eas_k1_adaptive,eas,1,adaptive,accept_static_degree,29,1,0,0.029133999999999993,0.1,191505.15069061547,249508.77959018183,0.7675287058241504
l2-n32-zipf-w1,smoke_parallel,2,32,zipf,1,eas_k1_adaptive,eas,1,adaptive,accept_static_degree,29,1,0,0.029133999999999993,1,155719.7822518378,192016.89748697885,0.8109691609947899
l2-n32-zipf-w1,smoke_parallel,2,32,zipf,1,eas_k1_adaptive,eas,1,adaptive,accept_static_degree,29,1,0,0.029133999999999993,10,54283.53648192924,58112.92794723346,0.9341043103389781
l2-n32-zipf-w1,smoke_parallel,2,32,zipf,1,eas_k1_adaptive,eas,1,adaptive,accept_static_degree,29,1,0,0.029133999999999993,100,7224.29602997842,7288.2114091483445,0.9912303066442754
l2-n32-zipf-w1,smoke_parallel,2,32,zipf,1,eas_k1_adaptive,eas,1,adaptive,accept_static_degree,29,1,0,0.029133999999999993,1000,747.1486240184062,747.8268851804361,0.9990930238328269
l2-n32-zipf-w1,smoke_parallel,2,32,zipf,1,eas_k1_adaptive,eas,1,adaptive,accept_id,29,2,0,0.029974,0,204755.4452151212,275106.3171288071,0.7442775118800816
l2-n32-zipf-w1,smoke_parallel,2,32,zipf,1,eas_k1_adaptive,eas,1,adaptive,accept_id,29,2,0,0.029974,0.1,199314.02755516433,265372.23985227617,0.7510733890858959
l2-n32-zipf-w1,smoke_parallel,2,32,zipf,1,eas_k1_adaptive,eas,1,adaptive,accept_id,29,2,0,0.029974,1,160843.89429875414,201276.42801432416,0.7991193796787144
l2-n32-zipf-w1,smoke_parallel,2,32,zipf,1,eas_k1_adaptive,eas,1,adaptive,accept_id,29,2,0,0.029974,10,54893.15276535693,58933.45185505317,0.9314430266254663
l2-n32-zipf-w1,smoke_parallel,2,32,zipf,1,eas_k1_adaptive,eas,1,adaptive,accept_id,29,2,0,0.029974,100,7234.98913093612,7300.959863277359,0.9909641014912216
l2-n32-zipf-w1,smoke_parallel,2,32,zipf,1,eas_k1_adaptive,eas,1,adaptive,accept_id,29,2,0,0.029974,1000,747.2628462500778,747.9608949838284,0.9990667309769373
l2-n32-zipf-w1,smoke_parallel,2,32,zipf,1,eas_k1_adaptive,eas,1,adaptive,accept_static_degree,29,2,0,0.027073,0,204755.4452151212,266252.4961171511,0.7690273263204593
l2-n32-zipf-w1,smoke_parallel,2,32,zipf,1,eas_k1_adaptive,eas,1,adaptive,accept_static_degree,29,2,0,0.027073,0.1,199314.02755516433,257124.49110777804,0.7751654721666266
l2-n32-zipf-w1,smoke_parallel,2,32,zipf,1,eas_k1_adaptive,eas,1,adaptive,accept_static_degree,29,2,0,0.027073,1,160843.89429875414,196495.82446373015,0.8185613854020762
l2-n32-zipf-w1,smoke_parallel,2,32,zipf,1,eas_k1_adaptive,eas,1,adaptive,accept_static_degree,29,2,0,0.027073,10,54893.15276535693,58516.60408640952,0.9380782364659788
l2-n32-zipf-w1,smoke_parallel,2,32,zipf,1,eas_k1_adaptive,eas,1,adaptive,accept_static_degree,29,2,0,0.027073,100,7234.98913093612,7294.522421538293,0.9918386308024236
l2-n32-zipf-w1,smoke_parallel,2,32,zipf,1,eas_k1_adaptive,eas,1,adaptive,accept_static_degree,29,2,0,0.027073,1000,747.2628462500778,747.8932781221896,0.999157056373478
l2-n32-zipf-w1,smoke_parallel,2,32,zipf,1,eas_k2_adaptive,eas,2,adaptive,accept_id,29,2,0,0.027255,0,209617.9712474016,275106.3171288071,0.7619525914021695
l2-n32-zipf-w1,smoke_parallel,2,32,zipf,1,eas_k2_adaptive,eas,2,adaptive,accept_id,29,2,0,0.027255,0.1,203918.63646405085,265372.23985227617,0.7684248984655122
l2-n32-zipf-w1,smoke_parallel,2,32,zipf,1,eas_k2_adaptive,eas,2,adaptive,accept_id,29,2,0,0.027255,1,163829.2353270441,201276.42801432416,0.8139514246317255
l2-n32-zipf-w1,smoke_parallel,2,32,zipf,1,eas_k2_adaptive,eas,2,adaptive,accept_id,29,2,0,0.027255,10,55236.66609895649,58933.45185505317,0.9372718610613726
l2-n32-zipf-w1,smoke_parallel,2,32,zipf,1,eas_k2_adaptive,eas,2,adaptive,accept_id,29,2,0,0.027255,100,7240.924255708413,7300.959863277359,0.9917770253921111
l2-n32-zipf-w1,smoke_parallel,2,32,zipf,1,eas_k2_adaptive,eas,2,adaptive,accept_id,29,2,0,0.027255,1000,747.3261138724465,747.9608949838284,0.9991513177819334
l2-n32-zipf-w1,smoke_parallel,2,32,zipf,1,eas_k2_adaptive,eas,2,adaptive,accept_static_degree,29,2,0,0.024354,0,209617.9712474016,266252.4961171511,0.7872901636766992
l2-n32-zipf-w1,smoke_parallel,2,32,zipf,1,eas_k2_adaptive,eas,2,adaptive,accept_static_degree,29,2,0,0.024354,0.1,203918.63646405085,257124.49110777804,0.7930735636481043
l2-n32-zipf-w1,smoke_parallel,2,32,zipf,1,eas_k2_adaptive,eas,2,adaptive,accept_static_degree,29,2,0,0.024354,1,163829.2353270441,196495.82446373015,0.8337542834518819
l2-n32-zipf-w1,smoke_parallel,2,32,zipf,1,eas_k2_adaptive,eas,2,adaptive,accept_static_degree,29,2,0,0.024354,10,55236.66609895649,58516.60408640952,0.9439485930760839
l2-n32-zipf-w1,smoke_parallel,2,32,zipf,1,eas_k2_adaptive,eas,2,adaptive,accept_static_degree,29,2,0,0.024354,100,7240.924255708413,7294.522421538293,0.9926522721115199
l2-n32-zipf-w1,smoke_parallel,2,32,zipf,1,eas_k2_adaptive,eas,2,adaptive,accept_static_degree,29,2,0,0.024354,1000,747.3261138724465,747.8932781221896,0.9992416508259478
l2-n32-zipf-w1,smoke_parallel,2,32,zipf,1,eas_k2_adaptive,eas,2,adaptive,accept_id,29,3,0,0.024381,0,214369.93104433885,274050.8135883528,0.7822269463003324
l2-n32-zipf-w1,smoke_parallel,2,32,zipf,1,eas_k2_adaptive,eas,2,adaptive,accept_id,29,3,0,0.024381,0.1,208412.93549619647,264389.97521343984,0.7882785091528014
l2-n32-zipf-w1,smoke_parallel,2,32,zipf,1,eas_k2_adaptive,eas,2,adaptive,accept_id,29,3,0,0.024381,1,166717.6081580483,200710.85093037842,0.8306357498124427
l2-n32-zipf-w1,smoke_parallel,2,32,zipf,1,eas_k2_adaptive,eas,2,adaptive,accept_id,29,3,0,0.024381,10,55561.214568150455,58884.86781573943,0.9435567511505801
l2-n32-zipf-w1,smoke_parallel,2,32,zipf,1,eas_k2_adaptive,eas,2,adaptive,accept_id,29,3,0,0.024381,100,7246.473081164121,7300.213683338022,0.9926384891586725
l2-n32-zipf-w1,smoke_parallel,2,32,zipf,1,eas_k2_adaptive,eas,2,adaptive,accept_id,29,3,0,0.024381,1000,747.3851795262799,747.9530628288363,0.9992407500807489
l2-n32-zipf-w1,smoke_parallel,2,32,zipf,1,eas_k2_adaptive,eas,2,adaptive,accept_static_degree,29,3,0,0.017919000000000004,0,214369.93104433885,255218.69051543542,0.8399460502340205
l2-n32-zipf-w1,smoke_parallel,2,32,zipf,1,eas_k2_adaptive,eas,2,adaptive,accept_static_degree,29,3,0,0.017919000000000004,0.1,208412.93549619647,246819.62627394925,0.8443936920351522
l2-n32-zipf-w1,smoke_parallel,2,32,zipf,1,eas_k2_adaptive,eas,2,adaptive,accept_static_degree,29,3,0,0.017919000000000004,1,166717.6081580483,190420.27341177588,0.8755244658089973
l2-n32-zipf-w1,smoke_parallel,2,32,zipf,1,eas_k2_adaptive,eas,2,adaptive,accept_static_degree,29,3,0,0.017919000000000004,10,55561.214568150455,57965.83397136005,0.9585166081730545
l2-n32-zipf-w1,smoke_parallel,2,32,zipf,1,eas_k2_adaptive,eas,2,adaptive,accept_static_degree,29,3,0,0.017919000000000004,100,7246.473081164121,7285.8926599792285,0.9945896020357758
l2-n32-zipf-w1,smoke_parallel,2,32,zipf,1,eas_k2_adaptive,eas,2,adaptive,accept_static_degree,29,3,0,0.017919000000000004,1000,747.3851795262799,747.8024656106678,0.9994419835403362
l2-n32-zipf-w1,smoke_parallel,2,32,zipf,1,eas_k1_adaptive,eas,1,adaptive,accept_id,29,3,0,0.029192999999999997,0,205535.76322280077,274050.8135883528,0.7499914360098658
l2-n32-zipf-w1,smoke_parallel,2,32,zipf,1,eas_k1_adaptive,eas,1,adaptive,accept_id,29,3,0,0.029192999999999997,0.1,200053.34755934917,264389.97521343984,0.7566601093624966
l2-n32-zipf-w1,smoke_parallel,2,32,zipf,1,eas_k1_adaptive,eas,1,adaptive,accept_id,29,3,0,0.029192999999999997,1,161325.0161325016,200710.85093037842,0.8037682835018283
l2-n32-zipf-w1,smoke_parallel,2,32,zipf,1,eas_k1_adaptive,eas,1,adaptive,accept_id,29,3,0,0.029192999999999997,10,54949.08051871932,58884.86781573943,0.9331613121840427
l2-n32-zipf-w1,smoke_parallel,2,32,zipf,1,eas_k1_adaptive,eas,1,adaptive,accept_id,29,3,0,0.029192999999999997,100,7235.959825951046,7300.213683338022,0.9911983593667089
l2-n32-zipf-w1,smoke_parallel,2,32,zipf,1,eas_k1_adaptive,eas,1,adaptive,accept_id,29,3,0,0.029192999999999997,1000,747.2732000928611,747.9530628288363,0.999091035561237
l2-n32-zipf-w1,smoke_parallel,2,32,zipf,1,eas_k1_adaptive,eas,1,adaptive,accept_static_degree,29,3,0,0.022731,0,205535.76322280077,255218.69051543542,0.8053319402576048
l2-n32-zipf-w1,smoke_parallel,2,32,zipf,1,eas_k1_adaptive,eas,1,adaptive,accept_static_degree,29,3,0,0.022731,0.1,200053.34755934917,246819.62627394925,0.8105244731928514
l2-n32-zipf-w1,smoke_parallel,2,32,zipf,1,eas_k1_adaptive,eas,1,adaptive,accept_static_degree,29,3,0,0.022731,1,161325.0161325016,190420.27341177588,0.8472050440955045
l2-n32-zipf-w1,smoke_parallel,2,32,zipf,1,eas_k1_adaptive,eas,1,adaptive,accept_static_degree,29,3,0,0.022731,10,54949.08051871932,57965.83397136005,0.9479563521137079
l2-n32-zipf-w1,smoke_parallel,2,32,zipf,1,eas_k1_adaptive,eas,1,adaptive,accept_static_degree,29,3,0,0.022731,100,7235.959825951046,7285.8926599792285,0.9931466415498461
l2-n32-zipf-w1,smoke_parallel,2,32,zipf,1,eas_k1_adaptive,eas,1,adaptive,accept_static_degree,29,3,0,0.022731,1000,747.2732000928611,747.8024656106678,0.999292238870362
l2-n32-zipf-w1,smoke_parallel,2,32,zipf,1,eas_k2_adaptive,eas,2,adaptive,accept_id,47,1,-1,0.032758999999999996,0,151242.7109415699,220277.08538635442,0.6866021069613217
l2-n32-zipf-w1,smoke_parallel,2,32,zipf,1,eas_k2_adaptive,eas,2,adaptive,accept_id,47,1,-1,0.032758999999999996,0.1,147282.63537728903,212397.29472919347,0.693429902509231
l2-n32-zipf-w1,smoke_parallel,2,32,zipf,1,eas_k2_adaptive,eas,2,adaptive,accept_id,47,1,-1,0.032758999999999996,1,119194.24689101674,160669.73912308147,0.7418587192682728
l2-n32-zipf-w1,smoke_parallel,2,32,zipf,1,eas_k2_adaptive,eas,2,adaptive,accept_id,47,1,-1,0.032758999999999996,10,41000.97035629843,46768.655155013475,0.8766762743209483
l2-n32-zipf-w1,smoke_parallel,2,32,zipf,1,eas_k2_adaptive,eas,2,adaptive,accept_id,47,1,-1,0.032758999999999996,100,5423.297400975109,5781.657235972254,0.9380178000232345
l2-n32-zipf-w1,smoke_parallel,2,32,zipf,1,eas_k2_adaptive,eas,2,adaptive,accept_id,47,1,-1,0.032758999999999996,1000,560.415708900653,592.1538677542767,0.946402175883796
l2-n32-zipf-w1,smoke_parallel,2,32,zipf,1,eas_k2_adaptive,eas,2,adaptive,accept_static_degree,47,1,-1,0.01793399999999999,0,151242.7109415699,187969.92481203008,0.8046112222091519
l2-n32-zipf-w1,smoke_parallel,2,32,zipf,1,eas_k2_adaptive,eas,2,adaptive,accept_static_degree,47,1,-1,0.01793399999999999,0.1,147282.63537728903,182201.7644802455,0.8083491166917737
l2-n32-zipf-w1,smoke_parallel,2,32,zipf,1,eas_k2_adaptive,eas,2,adaptive,accept_static_degree,47,1,-1,0.01793399999999999,1,119194.24689101674,142771.2654042681,0.8348615987503425
l2-n32-zipf-w1,smoke_parallel,2,32,zipf,1,eas_k2_adaptive,eas,2,adaptive,accept_static_degree,47,1,-1,0.01793399999999999,10,41000.97035629843,45122.06706564073,0.9086678209279023
l2-n32-zipf-w1,smoke_parallel,2,32,zipf,1,eas_k2_adaptive,eas,2,adaptive,accept_static_degree,47,1,-1,0.01793399999999999,100,5423.297400975109,5755.6920765325285,0.9422493991795218
l2-n32-zipf-w1,smoke_parallel,2,32,zipf,1,eas_k2_adaptive,eas,2,adaptive,accept_static_degree,47,1,-1,0.01793399999999999,1000,560.415708900653,591.8803977934698,0.9468394476145567
l2-n32-zipf-w1,smoke_parallel,2,32,zipf,1,eas_k1_adaptive,eas,1,adaptive,accept_id,47,1,0,0.03469,0,157096.20075240813,220277.08538635442,0.7131754103104717
l2-n32-zipf-w1,smoke_parallel,2,32,zipf,1,eas_k1_adaptive,eas,1,adaptive,accept_id,47,1,0,0.03469,0.1,153046.8403882557,212397.29472919347,0.7205686898384953
l2-n32-zipf-w1,smoke_parallel,2,32,zipf,1,eas_k1_adaptive,eas,1,adaptive,accept_id,47,1,0,0.03469,1,124227.66353918075,160669.73912308147,0.7731864395697801
l2-n32-zipf-w1,smoke_parallel,2,32,zipf,1,eas_k1_adaptive,eas,1,adaptive,accept_id,47,1,0,0.03469,10,43089.27417251584,46768.655155013475,0.9213280567871276
l2-n32-zipf-w1,smoke_parallel,2,32,zipf,1,eas_k1_adaptive,eas,1,adaptive,accept_id,47,1,0,0.03469,100,5721.2630742153215,5781.657235972254,0.9895541781029196
l2-n32-zipf-w1,smoke_parallel,2,32,zipf,1,eas_k1_adaptive,eas,1,adaptive,accept_id,47,1,0,0.03469,1000,591.5143530179452,592.1538677542767,0.9989200193207267
l2-n32-zipf-w1,smoke_parallel,2,32,zipf,1,eas_k1_adaptive,eas,1,adaptive,accept_static_degree,47,1,0,0.019864999999999994,0,157096.20075240813,187969.92481203008,0.8357517880028112
l2-n32-zipf-w1,smoke_parallel,2,32,zipf,1,eas_k1_adaptive,eas,1,adaptive,accept_static_degree,47,1,0,0.019864999999999994,0.1,153046.8403882557,182201.7644802455,0.8399855008256475
l2-n32-zipf-w1,smoke_parallel,2,32,zipf,1,eas_k1_adaptive,eas,1,adaptive,accept_static_degree,47,1,0,0.019864999999999994,1,124227.66353918075,142771.2654042681,0.870116708620746
l2-n32-zipf-w1,smoke_parallel,2,32,zipf,1,eas_k1_adaptive,eas,1,adaptive,accept_static_degree,47,1,0,0.019864999999999994,10,43089.27417251584,45122.06706564073,0.9549490299243669
l2-n32-zipf-w1,smoke_parallel,2,32,zipf,1,eas_k1_adaptive,eas,1,adaptive,accept_static_degree,47,1,0,0.019864999999999994,100,5721.2630742153215,5755.6920765325285,0.9940182688963534
l2-n32-zipf-w1,smoke_parallel,2,32,zipf,1,eas_k1_adaptive,eas,1,adaptive,accept_static_degree,47,1,0,0.019864999999999994,1000,591.5143530179452,591.8803977934698,0.9993815561777527
l2-n32-zipf-w1,smoke_parallel,2,32,zipf,1,eas_k2_adaptive,eas,2,adaptive,accept_id,47,2,-1,0.038535,0,148714.85578789955,230297.44733461004,0.6457512122217521
l2-n32-zipf-w1,smoke_parallel,2,32,zipf,1,eas_k2_adaptive,eas,2,adaptive,accept_id,47,2,-1,0.038535,0.1,144884.37422024034,221698.44344356025,0.653520033653844
l2-n32-zipf-w1,smoke_parallel,2,32,zipf,1,eas_k2_adaptive,eas,2,adaptive,accept_id,47,2,-1,0.038535,1,117618.6151061508,165935.9661839968,0.7088192982570778
l2-n32-zipf-w1,smoke_parallel,2,32,zipf,1,eas_k2_adaptive,eas,2,adaptive,accept_id,47,2,-1,0.038535,10,40812.90231885306,47204.73438641299,0.8645934110075261
l2-n32-zipf-w1,smoke_parallel,2,32,zipf,1,eas_k2_adaptive,eas,2,adaptive,accept_id,47,2,-1,0.038535,100,5419.9938151848355,5788.267608062387,0.9363758178069396
l2-n32-zipf-w1,smoke_parallel,2,32,zipf,1,eas_k2_adaptive,eas,2,adaptive,accept_id,47,2,-1,0.038535,1000,560.3804136211418,592.2231377091475,0.9462318810926899
l2-n32-zipf-w1,smoke_parallel,2,32,zipf,1,eas_k2_adaptive,eas,2,adaptive,accept_static_degree,47,2,-1,0.027010000000000006,0,148714.85578789955,202069.61830112626,0.7359585129036227
l2-n32-zipf-w1,smoke_parallel,2,32,zipf,1,eas_k2_adaptive,eas,2,adaptive,accept_static_degree,47,2,-1,0.027010000000000006,0.1,144884.37422024034,195418.96798214488,0.7414038448584899
l2-n32-zipf-w1,smoke_parallel,2,32,zipf,1,eas_k2_adaptive,eas,2,adaptive,accept_static_degree,47,2,-1,0.027010000000000006,1,117618.6151061508,150761.34479119553,0.7801642739990983
l2-n32-zipf-w1,smoke_parallel,2,32,zipf,1,eas_k2_adaptive,eas,2,adaptive,accept_static_degree,47,2,-1,0.027010000000000006,10,40812.90231885306,45890.72693326764,0.8893496583351461
l2-n32-zipf-w1,smoke_parallel,2,32,zipf,1,eas_k2_adaptive,eas,2,adaptive,accept_static_degree,47,2,-1,0.027010000000000006,100,5419.9938151848355,5768.015866293749,0.9396634719500978
l2-n32-zipf-w1,smoke_parallel,2,32,zipf,1,eas_k2_adaptive,eas,2,adaptive,accept_static_degree,47,2,-1,0.027010000000000006,1000,560.3804136211418,592.0104697363158,0.9465717960541099
l2-n32-zipf-w1,smoke_parallel,2,32,zipf,1,eas_k1_adaptive,eas,1,adaptive,accept_id,47,2,0,0.03631599999999999,0,159908.43138245048,230297.44733461004,0.6943560739955227
l2-n32-zipf-w1,smoke_parallel,2,32,zipf,1,eas_k1_adaptive,eas,1,adaptive,accept_id,47,2,0,0.03631599999999999,0.1,155714.73061351606,221698.44344356025,0.7023717812126081
l2-n32-zipf-w1,smoke_parallel,2,32,zipf,1,eas_k1_adaptive,eas,1,adaptive,accept_id,47,2,0,0.03631599999999999,1,125979.65760055165,165935.9661839968,0.7592064607672824
l2-n32-zipf-w1,smoke_parallel,2,32,zipf,1,eas_k1_adaptive,eas,1,adaptive,accept_id,47,2,0,0.03631599999999999,10,43298.13271105561,47204.73438641299,0.9172413164455423
l2-n32-zipf-w1,smoke_parallel,2,32,zipf,1,eas_k1_adaptive,eas,1,adaptive,accept_id,47,2,0,0.03631599999999999,100,5724.929779216576,5788.267608062387,0.9890575500072615
l2-n32-zipf-w1,smoke_parallel,2,32,zipf,1,eas_k1_adaptive,eas,1,adaptive,accept_id,47,2,0,0.03631599999999999,1000,591.5535247903581,592.2231377091475,0.9988693232733533
l2-n32-zipf-w1,smoke_parallel,2,32,zipf,1,eas_k1_adaptive,eas,1,adaptive,accept_static_degree,47,2,0,0.024790999999999994,0,159908.43138245048,202069.61830112626,0.7913531619788249
l2-n32-zipf-w1,smoke_parallel,2,32,zipf,1,eas_k1_adaptive,eas,1,adaptive,accept_static_degree,47,2,0,0.024790999999999994,0.1,155714.73061351606,195418.96798214488,0.7968250585979119
l2-n32-zipf-w1,smoke_parallel,2,32,zipf,1,eas_k1_adaptive,eas,1,adaptive,accept_static_degree,47,2,0,0.024790999999999994,1,125979.65760055165,150761.34479119553,0.8356230688644591
l2-n32-zipf-w1,smoke_parallel,2,32,zipf,1,eas_k1_adaptive,eas,1,adaptive,accept_static_degree,47,2,0,0.024790999999999994,10,43298.13271105561,45890.72693326764,0.9435050522084326
l2-n32-zipf-w1,smoke_parallel,2,32,zipf,1,eas_k1_adaptive,eas,1,adaptive,accept_static_degree,47,2,0,0.024790999999999994,100,5724.929779216576,5768.015866293749,0.9925301718864968
l2-n32-zipf-w1,smoke_parallel,2,32,zipf,1,eas_k1_adaptive,eas,1,adaptive,accept_static_degree,47,2,0,0.024790999999999994,1000,591.5535247903581,592.0104697363158,0.9992281471877326
l2-n32-zipf-w1,smoke_parallel,2,32,zipf,1,eas_k1_adaptive,eas,1,adaptive,accept_id,47,3,0,0.060537999999999995,0,129810.68136943437,221370.39928229386,0.5863958405924833
l2-n32-zipf-w1,smoke_parallel,2,32,zipf,1,eas_k1_adaptive,eas,1,adaptive,accept_id,47,3,0,0.060537999999999995,0.1,127033.36966041975,213413.6068022779,0.5952449403946057
l2-n32-zipf-w1,smoke_parallel,2,32,zipf,1,eas_k1_adaptive,eas,1,adaptive,accept_id,47,3,0,0.060537999999999995,1,106521.9463241519,161250.62590703476,0.6605986533383418
l2-n32-zipf-w1,smoke_parallel,2,32,zipf,1,eas_k1_adaptive,eas,1,adaptive,accept_id,47,3,0,0.060537999999999995,10,40740.44690126017,46817.74836199483,0.8701923592363954
l2-n32-zipf-w1,smoke_parallel,2,32,zipf,1,eas_k1_adaptive,eas,1,adaptive,accept_id,47,3,0,0.060537999999999995,100,5677.799237202614,5782.406814231659,0.9819093363041173
l2-n32-zipf-w1,smoke_parallel,2,32,zipf,1,eas_k1_adaptive,eas,1,adaptive,accept_id,47,3,0,0.060537999999999995,1000,591.0465714523822,592.1617297156324,0.9981168011924956
l2-n32-zipf-w1,smoke_parallel,2,32,zipf,1,eas_k1_adaptive,eas,1,adaptive,accept_static_degree,47,3,0,0.05438799999999999,0,129810.68136943437,206568.8907250568,0.6284135085094319
l2-n32-zipf-w1,smoke_parallel,2,32,zipf,1,eas_k1_adaptive,eas,1,adaptive,accept_static_degree,47,3,0,0.05438799999999999,0.1,127033.36966041975,199623.86660923102,0.6363636363636365
l2-n32-zipf-w1,smoke_parallel,2,32,zipf,1,eas_k1_adaptive,eas,1,adaptive,accept_static_degree,47,3,0,0.05438799999999999,1,106521.9463241519,153251.76037877382,0.6950781254380015
l2-n32-zipf-w1,smoke_parallel,2,32,zipf,1,eas_k1_adaptive,eas,1,adaptive,accept_static_degree,47,3,0,0.05438799999999999,10,40740.44690126017,46118.855572735505,0.8833793986281191
l2-n32-zipf-w1,smoke_parallel,2,32,zipf,1,eas_k1_adaptive,eas,1,adaptive,accept_static_degree,47,3,0,0.05438799999999999,100,5677.799237202614,5771.604253854596,0.9837471502677381
l2-n32-zipf-w1,smoke_parallel,2,32,zipf,1,eas_k1_adaptive,eas,1,adaptive,accept_static_degree,47,3,0,0.05438799999999999,1000,591.0465714523822,592.0482498134502,0.9983081136353605
l2-n32-zipf-w1,smoke_parallel,2,32,zipf,1,eas_k2_adaptive,eas,2,adaptive,accept_id,47,3,-1,0.038968,0,144234.23639991344,221370.39928229386,0.651551593472009
l2-n32-zipf-w1,smoke_parallel,2,32,zipf,1,eas_k2_adaptive,eas,2,adaptive,accept_id,47,3,-1,0.038968,0.1,140628.29597568692,213413.6068022779,0.6589471874957595
l2-n32-zipf-w1,smoke_parallel,2,32,zipf,1,eas_k2_adaptive,eas,2,adaptive,accept_id,47,3,-1,0.038968,1,114798.1147598487,161250.62590703476,0.7119235296862217
l2-n32-zipf-w1,smoke_parallel,2,32,zipf,1,eas_k2_adaptive,eas,2,adaptive,accept_id,47,3,-1,0.038968,10,40467.89883924577,46817.74836199483,0.8643708904227511
l2-n32-zipf-w1,smoke_parallel,2,32,zipf,1,eas_k2_adaptive,eas,2,adaptive,accept_id,47,3,-1,0.038968,100,5413.864365252976,5782.406814231659,0.9362648701797276
l2-n32-zipf-w1,smoke_parallel,2,32,zipf,1,eas_k2_adaptive,eas,2,adaptive,accept_id,47,3,-1,0.038968,1000,560.3148247131336,592.1617297156324,0.9462192448373988
l2-n32-zipf-w1,smoke_parallel,2,32,zipf,1,eas_k2_adaptive,eas,2,adaptive,accept_static_degree,47,3,-1,0.032818,0,144234.23639991344,206568.8907250568,0.698237938411981
l2-n32-zipf-w1,smoke_parallel,2,32,zipf,1,eas_k2_adaptive,eas,2,adaptive,accept_static_degree,47,3,-1,0.032818,0.1,140628.29597568692,199623.86660923102,0.7044663464563109
l2-n32-zipf-w1,smoke_parallel,2,32,zipf,1,eas_k2_adaptive,eas,2,adaptive,accept_static_degree,47,3,-1,0.032818,1,114798.1147598487,153251.76037877382,0.7490818668321728
l2-n32-zipf-w1,smoke_parallel,2,32,zipf,1,eas_k2_adaptive,eas,2,adaptive,accept_static_degree,47,3,-1,0.032818,10,40467.89883924577,46118.855572735505,0.8774697103101912
l2-n32-zipf-w1,smoke_parallel,2,32,zipf,1,eas_k2_adaptive,eas,2,adaptive,accept_static_degree,47,3,-1,0.032818,100,5413.864365252976,5771.604253854596,0.938017252592691
l2-n32-zipf-w1,smoke_parallel,2,32,zipf,1,eas_k2_adaptive,eas,2,adaptive,accept_static_degree,47,3,-1,0.032818,1000,560.3148247131336,592.0482498134502,0.9464006098990825
l2-n32-zipf-w1,smoke_parallel,2,32,zipf,1,eas_k1_adaptive,eas,1,adaptive,accept_id,71,1,0,0.03336600000000001,0,162572.5479995448,223074.863924333,0.7287802181723594
l2-n32-zipf-w1,smoke_parallel,2,32,zipf,1,eas_k1_adaptive,eas,1,adaptive,accept_id,71,1,0,0.03336600000000001,0.1,158450.98318835068,215387.26630481606,0.7356562247468745
l2-n32-zipf-w1,smoke_parallel,2,32,zipf,1,eas_k1_adaptive,eas,1,adaptive,accept_id,71,1,0,0.03336600000000001,1,129013.94640760667,164397.9746169527,0.7847660332081899
l2-n32-zipf-w1,smoke_parallel,2,32,zipf,1,eas_k1_adaptive,eas,1,adaptive,accept_id,71,1,0,0.03336600000000001,10,45144.484923999255,48821.45019235651,0.924685455801292
l2-n32-zipf-w1,smoke_parallel,2,32,zipf,1,eas_k1_adaptive,eas,1,adaptive,accept_id,71,1,0,0.03336600000000001,100,6018.617992899234,6079.663040755629,0.9899591396024463
l2-n32-zipf-w1,smoke_parallel,2,32,zipf,1,eas_k1_adaptive,eas,1,adaptive,accept_id,71,1,0,0.03336600000000001,1000,622.6064284985391,623.2537986695776,0.9989613056953357
l2-n32-zipf-w1,smoke_parallel,2,32,zipf,1,eas_k1_adaptive,eas,1,adaptive,accept_static_degree,71,1,0,0.028489,0,162572.5479995448,211566.33133403148,0.7684235340020485
l2-n32-zipf-w1,smoke_parallel,2,32,zipf,1,eas_k1_adaptive,eas,1,adaptive,accept_static_degree,71,1,0,0.028489,0.1,158450.98318835068,204639.16998352655,0.7742944969973539
l2-n32-zipf-w1,smoke_parallel,2,32,zipf,1,eas_k1_adaptive,eas,1,adaptive,accept_static_degree,71,1,0,0.028489,1,129013.94640760667,158061.53335493506,0.8162260840396848
l2-n32-zipf-w1,smoke_parallel,2,32,zipf,1,eas_k1_adaptive,eas,1,adaptive,accept_static_degree,71,1,0,0.028489,10,45144.484923999255,48247.063563093885,0.9356939384500093
l2-n32-zipf-w1,smoke_parallel,2,32,zipf,1,eas_k1_adaptive,eas,1,adaptive,accept_static_degree,71,1,0,0.028489,100,6018.617992899234,6070.66312585122,0.9914267796000148
l2-n32-zipf-w1,smoke_parallel,2,32,zipf,1,eas_k1_adaptive,eas,1,adaptive,accept_static_degree,71,1,0,0.028489,1000,622.6064284985391,623.1590906775307,0.9991131282729252
l2-n32-zipf-w1,smoke_parallel,2,32,zipf,1,eas_k2_adaptive,eas,2,adaptive,accept_id,71,1,-2,0.031168,0,148977.024432232,223074.863924333,0.6678342051248095
l2-n32-zipf-w1,smoke_parallel,2,32,zipf,1,eas_k2_adaptive,eas,2,adaptive,accept_id,71,1,-2,0.031168,0.1,145133.20002580146,215387.26630481606,0.673824421079791
l2-n32-zipf-w1,smoke_parallel,2,32,zipf,1,eas_k2_adaptive,eas,2,adaptive,accept_id,71,1,-2,0.031168,1,117782.54724388839,164397.9746169527,0.7164476783751244
l2-n32-zipf-w1,smoke_parallel,2,32,zipf,1,eas_k2_adaptive,eas,2,adaptive,accept_id,71,1,-2,0.031168,10,40832.62254323721,48821.45019235651,0.8363664410286191
l2-n32-zipf-w1,smoke_parallel,2,32,zipf,1,eas_k2_adaptive,eas,2,adaptive,accept_id,71,1,-2,0.031168,100,5420.341457421411,6079.663040755629,0.8915529398727545
l2-n32-zipf-w1,smoke_parallel,2,32,zipf,1,eas_k2_adaptive,eas,2,adaptive,accept_id,71,1,-2,0.031168,1000,560.3841296225776,623.2537986695776,0.8991266973723961
l2-n32-zipf-w1,smoke_parallel,2,32,zipf,1,eas_k2_adaptive,eas,2,adaptive,accept_static_degree,71,1,-2,0.026290999999999995,0,148977.024432232,211566.33133403148,0.7041622525326094
l2-n32-zipf-w1,smoke_parallel,2,32,zipf,1,eas_k2_adaptive,eas,2,adaptive,accept_static_degree,71,1,-2,0.026290999999999995,0.1,145133.20002580146,204639.16998352655,0.7092151519060828
l2-n32-zipf-w1,smoke_parallel,2,32,zipf,1,eas_k2_adaptive,eas,2,adaptive,accept_static_degree,71,1,-2,0.026290999999999995,1,117782.54724388839,158061.53335493506,0.7451689525205465
l2-n32-zipf-w1,smoke_parallel,2,32,zipf,1,eas_k2_adaptive,eas,2,adaptive,accept_static_degree,71,1,-2,0.026290999999999995,10,40832.62254323721,48247.063563093885,0.8463234760357876
l2-n32-zipf-w1,smoke_parallel,2,32,zipf,1,eas_k2_adaptive,eas,2,adaptive,accept_static_degree,71,1,-2,0.026290999999999995,100,5420.341457421411,6070.66312585122,0.8928746901371468
l2-n32-zipf-w1,smoke_parallel,2,32,zipf,1,eas_k2_adaptive,eas,2,adaptive,accept_static_degree,71,1,-2,0.026290999999999995,1000,560.3841296225776,623.1590906775307,0.8992633470424046
l2-n32-zipf-w1,smoke_parallel,2,32,zipf,1,eas_k1_adaptive,eas,1,adaptive,accept_id,71,2,0,0.034456,0,165602.66951503258,231709.43636679603,0.7146997209595018
l2-n32-zipf-w1,smoke_parallel,2,32,zipf,1,eas_k1_adaptive,eas,1,adaptive,accept_id,71,2,0,0.034456,0.1,161328.05252841391,223426.24141205385,0.7220640311040486
l2-n32-zipf-w1,smoke_parallel,2,32,zipf,1,eas_k1_adaptive,eas,1,adaptive,accept_id,71,2,0,0.034456,1,130914.89877005454,169040.27384524362,0.7744598123989502
l2-n32-zipf-w1,smoke_parallel,2,32,zipf,1,eas_k1_adaptive,eas,1,adaptive,accept_id,71,2,0,0.034456,10,45375.03601643484,49222.89356779838,0.9218278879508861
l2-n32-zipf-w1,smoke_parallel,2,32,zipf,1,eas_k1_adaptive,eas,1,adaptive,accept_id,71,2,0,0.034456,100,6022.697740976418,6085.843870718419,0.9896240963318458
l2-n32-zipf-w1,smoke_parallel,2,32,zipf,1,eas_k1_adaptive,eas,1,adaptive,accept_id,71,2,0,0.034456,1000,622.6500602989885,623.3186952132086,0.9989272984761168
l2-n32-zipf-w1,smoke_parallel,2,32,zipf,1,eas_k1_adaptive,eas,1,adaptive,accept_static_degree,71,2,0,0.030846,0,165602.66951503258,222407.56185710314,0.7445910028069652
l2-n32-zipf-w1,smoke_parallel,2,32,zipf,1,eas_k1_adaptive,eas,1,adaptive,accept_static_degree,71,2,0,0.030846,0.1,161328.05252841391,214765.10067114094,0.7511837445854272
l2-n32-zipf-w1,smoke_parallel,2,32,zipf,1,eas_k1_adaptive,eas,1,adaptive,accept_static_degree,71,2,0,0.030846,1,130914.89877005454,164035.26758253024,0.798089951626945
l2-n32-zipf-w1,smoke_parallel,2,32,zipf,1,eas_k1_adaptive,eas,1,adaptive,accept_static_degree,71,2,0,0.030846,10,45375.03601643484,48789.412697444655,0.9300180819518525
l2-n32-zipf-w1,smoke_parallel,2,32,zipf,1,eas_k1_adaptive,eas,1,adaptive,accept_static_degree,71,2,0,0.030846,100,6022.697740976418,6079.165938433247,0.9907111932740921
l2-n32-zipf-w1,smoke_parallel,2,32,zipf,1,eas_k1_adaptive,eas,1,adaptive,accept_static_degree,71,2,0,0.030846,1000,622.6500602989885,623.2485741241215,0.9990396868120008
l2-n32-zipf-w1,smoke_parallel,2,32,zipf,1,eas_k2_adaptive,eas,2,adaptive,accept_id,71,2,-2,0.035185999999999995,0,148146.92883186147,231709.43636679603,0.6393651081061061
l2-n32-zipf-w1,smoke_parallel,2,32,zipf,1,eas_k2_adaptive,eas,2,adaptive,accept_id,71,2,-2,0.035185999999999995,0.1,144345.27389515724,223426.24141205385,0.64605335963625
l2-n32-zipf-w1,smoke_parallel,2,32,zipf,1,eas_k2_adaptive,eas,2,adaptive,accept_id,71,2,-2,0.035185999999999995,1,117263.07971935037,169040.27384524362,0.693699063849747
l2-n32-zipf-w1,smoke_parallel,2,32,zipf,1,eas_k2_adaptive,eas,2,adaptive,accept_id,71,2,-2,0.035185999999999995,10,40770.009580952246,49222.89356779838,0.8282733221442306
l2-n32-zipf-w1,smoke_parallel,2,32,zipf,1,eas_k2_adaptive,eas,2,adaptive,accept_id,71,2,-2,0.035185999999999995,100,5419.236664387577,6085.843870718419,0.8904659369363429
l2-n32-zipf-w1,smoke_parallel,2,32,zipf,1,eas_k2_adaptive,eas,2,adaptive,accept_id,71,2,-2,0.035185999999999995,1000,560.3723188402683,623.3186952132086,0.8990141369794642
l2-n32-zipf-w1,smoke_parallel,2,32,zipf,1,eas_k2_adaptive,eas,2,adaptive,accept_static_degree,71,2,-2,0.03157599999999999,0,148146.92883186147,222407.56185710314,0.6661056287602571
l2-n32-zipf-w1,smoke_parallel,2,32,zipf,1,eas_k2_adaptive,eas,2,adaptive,accept_static_degree,71,2,-2,0.03157599999999999,0.1,144345.27389515724,214765.10067114094,0.6721076815743259
l2-n32-zipf-w1,smoke_parallel,2,32,zipf,1,eas_k2_adaptive,eas,2,adaptive,accept_static_degree,71,2,-2,0.03157599999999999,1,117263.07971935037,164035.26758253024,0.7148650497390897
l2-n32-zipf-w1,smoke_parallel,2,32,zipf,1,eas_k2_adaptive,eas,2,adaptive,accept_static_degree,71,2,-2,0.03157599999999999,10,40770.009580952246,48789.412697444655,0.8356323088735924
l2-n32-zipf-w1,smoke_parallel,2,32,zipf,1,eas_k2_adaptive,eas,2,adaptive,accept_static_degree,71,2,-2,0.03157599999999999,100,5419.236664387577,6079.165938433247,0.8914441091542649
l2-n32-zipf-w1,smoke_parallel,2,32,zipf,1,eas_k2_adaptive,eas,2,adaptive,accept_static_degree,71,2,-2,0.03157599999999999,1000,560.3723188402683,623.2485741241215,0.8991152841830149
l2-n32-zipf-w1,smoke_parallel,2,32,zipf,1,eas_k1_adaptive,eas,1,adaptive,accept_id,71,3,0,0.034833,0,163508.23263951342,228610.61896325086,0.7152258866233915
l2-n32-zipf-w1,smoke_parallel,2,32,zipf,1,eas_k1_adaptive,eas,1,adaptive,accept_id,71,3,0,0.034833,0.1,159339.69629853885,220543.64007277944,0.7224860179416497
l2-n32-zipf-w1,smoke_parallel,2,32,zipf,1,eas_k1_adaptive,eas,1,adaptive,accept_id,71,3,0,0.034833,1,129602.50910457625,167385.02740929826,0.7742777900180146
l2-n32-zipf-w1,smoke_parallel,2,32,zipf,1,eas_k1_adaptive,eas,1,adaptive,accept_id,71,3,0,0.034833,10,45216.337567089744,49081.561284464464,0.9212489656762781
l2-n32-zipf-w1,smoke_parallel,2,32,zipf,1,eas_k1_adaptive,eas,1,adaptive,accept_id,71,3,0,0.034833,100,6019.89333952981,6083.677948340448,0.989515452765208
l2-n32-zipf-w1,smoke_parallel,2,32,zipf,1,eas_k1_adaptive,eas,1,adaptive,accept_id,71,3,0,0.034833,1000,622.6200736821048,623.2959672595094,0.9989156137486717
l2-n32-zipf-w1,smoke_parallel,2,32,zipf,1,eas_k1_adaptive,eas,1,adaptive,accept_static_degree,71,3,0,0.029391,0,163508.23263951342,215222.70169057432,0.7597164767246032
l2-n32-zipf-w1,smoke_parallel,2,32,zipf,1,eas_k1_adaptive,eas,1,adaptive,accept_static_degree,71,3,0,0.029391,0.1,159339.69629853885,208058.0898186774,0.7658423493044821
l2-n32-zipf-w1,smoke_parallel,2,32,zipf,1,eas_k1_adaptive,eas,1,adaptive,accept_static_degree,71,3,0,0.029391,1,129602.50910457625,160093.4946008469,0.8095426327453699
l2-n32-zipf-w1,smoke_parallel,2,32,zipf,1,eas_k1_adaptive,eas,1,adaptive,accept_static_degree,71,3,0,0.029391,10,45216.337567089744,48434.71122014303,0.9335523311282833
l2-n32-zipf-w1,smoke_parallel,2,32,zipf,1,eas_k1_adaptive,eas,1,adaptive,accept_static_degree,71,3,0,0.029391,100,6019.89333952981,6073.623861081645,0.991153465742894
l2-n32-zipf-w1,smoke_parallel,2,32,zipf,1,eas_k1_adaptive,eas,1,adaptive,accept_static_degree,71,3,0,0.029391,1000,622.6200736821048,623.190274916339,0.9990850286707206
l2-n32-zipf-w1,smoke_parallel,2,32,zipf,1,eas_k2_adaptive,eas,2,adaptive,accept_id,71,3,-2,0.03782700000000001,0,143641.4708886619,228610.61896325086,0.6283237040347293
l2-n32-zipf-w1,smoke_parallel,2,32,zipf,1,eas_k2_adaptive,eas,2,adaptive,accept_id,71,3,-2,0.03782700000000001,0.1,140064.74103585657,220543.64007277944,0.6350885520418326
l2-n32-zipf-w1,smoke_parallel,2,32,zipf,1,eas_k2_adaptive,eas,2,adaptive,accept_id,71,3,-2,0.03782700000000001,1,114422.29454841334,167385.02740929826,0.6835873932058583
l2-n32-zipf-w1,smoke_parallel,2,32,zipf,1,eas_k2_adaptive,eas,2,adaptive,accept_id,71,3,-2,0.03782700000000001,10,40421.09801667145,49081.561284464464,0.8235495562661682
l2-n32-zipf-w1,smoke_parallel,2,32,zipf,1,eas_k2_adaptive,eas,2,adaptive,accept_id,71,3,-2,0.03782700000000001,100,5413.025905539089,6083.677948340448,0.8897620734535587
l2-n32-zipf-w1,smoke_parallel,2,32,zipf,1,eas_k2_adaptive,eas,2,adaptive,accept_id,71,3,-2,0.03782700000000001,1000,560.3058423214691,623.2959672595094,0.8989402655451252
l2-n32-zipf-w1,smoke_parallel,2,32,zipf,1,eas_k2_adaptive,eas,2,adaptive,accept_static_degree,71,3,-2,0.03238500000000001,0,143641.4708886619,215222.70169057432,0.6674085482635341
l2-n32-zipf-w1,smoke_parallel,2,32,zipf,1,eas_k2_adaptive,eas,2,adaptive,accept_static_degree,71,3,-2,0.03238500000000001,0.1,140064.74103585657,208058.0898186774,0.6732001680776891
l2-n32-zipf-w1,smoke_parallel,2,32,zipf,1,eas_k2_adaptive,eas,2,adaptive,accept_static_degree,71,3,-2,0.03238500000000001,1,114422.29454841334,160093.4946008469,0.7147216995524817
l2-n32-zipf-w1,smoke_parallel,2,32,zipf,1,eas_k2_adaptive,eas,2,adaptive,accept_static_degree,71,3,-2,0.03238500000000001,10,40421.09801667145,48434.71122014303,0.8345481370365045
l2-n32-zipf-w1,smoke_parallel,2,32,zipf,1,eas_k2_adaptive,eas,2,adaptive,accept_static_degree,71,3,-2,0.03238500000000001,100,5413.025905539089,6073.623861081645,0.8912349578024558
l2-n32-zipf-w1,smoke_parallel,2,32,zipf,1,eas_k2_adaptive,eas,2,adaptive,accept_static_degree,71,3,-2,0.03238500000000001,1000,560.3058423214691,623.190274916339,0.8990927247648209
l2-n32-zipf-w1,smoke_parallel,2,32,zipf,1,eas_k1_adaptive,eas,1,adaptive,accept_id,101,1,0,0.04150799999999999,0,152192.37115714262,227998.17601459188,0.6675157398952276
l2-n32-zipf-w1,smoke_parallel,2,32,zipf,1,eas_k1_adaptive,eas,1,adaptive,accept_id,101,1,0,0.04150799999999999,0.1,148388.80992174445,219566.87544780088,0.6758251198825386
l2-n32-zipf-w1,smoke_parallel,2,32,zipf,1,eas_k1_adaptive,eas,1,adaptive,accept_id,101,1,0,0.04150799999999999,1,121141.02090001405,164738.9321449009,0.7353515002359063
l2-n32-zipf-w1,smoke_parallel,2,32,zipf,1,eas_k1_adaptive,eas,1,adaptive,accept_id,101,1,0,0.04150799999999999,10,42711.79429999865,47107.36015312371,0.9066904653787188
l2-n32-zipf-w1,smoke_parallel,2,32,zipf,1,eas_k1_adaptive,eas,1,adaptive,accept_id,101,1,0,0.04150799999999999,100,5714.557263172204,5786.800855471907,0.9875157977431709
l2-n32-zipf-w1,smoke_parallel,2,32,zipf,1,eas_k1_adaptive,eas,1,adaptive,accept_id,101,1,0,0.04150799999999999,1000,591.4425976009469,592.207779902176,0.9987079158241463
l2-n32-zipf-w1,smoke_parallel,2,32,zipf,1,eas_k1_adaptive,eas,1,adaptive,accept_static_degree,101,1,0,0.03269899999999999,0,152192.37115714262,206201.23069576637,0.7380769292385575
l2-n32-zipf-w1,smoke_parallel,2,32,zipf,1,eas_k1_adaptive,eas,1,adaptive,accept_static_degree,101,1,0,0.03269899999999999,0.1,148388.80992174445,199280.49253746998,0.744622858124678
l2-n32-zipf-w1,smoke_parallel,2,32,zipf,1,eas_k1_adaptive,eas,1,adaptive,accept_static_degree,101,1,0,0.03269899999999999,1,121141.02090001405,153049.3060422255,0.7915163030310759
l2-n32-zipf-w1,smoke_parallel,2,32,zipf,1,eas_k1_adaptive,eas,1,adaptive,accept_static_degree,101,1,0,0.03269899999999999,10,42711.79429999865,46100.50395129845,0.9264930020097024
l2-n32-zipf-w1,smoke_parallel,2,32,zipf,1,eas_k1_adaptive,eas,1,adaptive,accept_static_degree,101,1,0,0.03269899999999999,100,5714.557263172204,5771.31673806393,0.9901652469500806
l2-n32-zipf-w1,smoke_parallel,2,32,zipf,1,eas_k1_adaptive,eas,1,adaptive,accept_static_degree,101,1,0,0.03269899999999999,1000,591.4425976009469,592.0452242781045,0.9989821272895286
l2-n32-zipf-w1,smoke_parallel,2,32,zipf,1,eas_k2_adaptive,eas,2,adaptive,accept_id,101,1,-1,0.04097999999999999,0,144794.6329456055,227998.17601459188,0.6350692600994257
l2-n32-zipf-w1,smoke_parallel,2,32,zipf,1,eas_k2_adaptive,eas,2,adaptive,accept_id,101,1,-1,0.04097999999999999,0.1,141160.9705600954,219566.87544780088,0.6429064961288049
l2-n32-zipf-w1,smoke_parallel,2,32,zipf,1,eas_k2_adaptive,eas,2,adaptive,accept_id,101,1,-1,0.04097999999999999,1,115152.83339943958,164738.9321449009,0.6990019414363665
l2-n32-zipf-w1,smoke_parallel,2,32,zipf,1,eas_k2_adaptive,eas,2,adaptive,accept_id,101,1,-1,0.04097999999999999,10,40511.89023978538,47107.36015312371,0.8599906704196632
l2-n32-zipf-w1,smoke_parallel,2,32,zipf,1,eas_k2_adaptive,eas,2,adaptive,accept_id,101,1,-1,0.04097999999999999,100,5414.650962574534,5786.800855471907,0.9356898738712471
l2-n32-zipf-w1,smoke_parallel,2,32,zipf,1,eas_k2_adaptive,eas,2,adaptive,accept_id,101,1,-1,0.04097999999999999,1000,560.3232492373222,592.207779902176,0.9461598922761187
l2-n32-zipf-w1,smoke_parallel,2,32,zipf,1,eas_k2_adaptive,eas,2,adaptive,accept_static_degree,101,1,-1,0.03217099999999999,0,144794.6329456055,206201.23069576637,0.7022006243951014
l2-n32-zipf-w1,smoke_parallel,2,32,zipf,1,eas_k2_adaptive,eas,2,adaptive,accept_static_degree,101,1,-1,0.03217099999999999,0.1,141160.9705600954,199280.49253746998,0.708353179795325
l2-n32-zipf-w1,smoke_parallel,2,32,zipf,1,eas_k2_adaptive,eas,2,adaptive,accept_static_degree,101,1,-1,0.03217099999999999,1,115152.83339943958,153049.3060422255,0.7523904314056119
l2-n32-zipf-w1,smoke_parallel,2,32,zipf,1,eas_k2_adaptive,eas,2,adaptive,accept_static_degree,101,1,-1,0.03217099999999999,10,40511.89023978538,46100.50395129845,0.8787732620576773
l2-n32-zipf-w1,smoke_parallel,2,32,zipf,1,eas_k2_adaptive,eas,2,adaptive,accept_static_degree,101,1,-1,0.03217099999999999,100,5414.650962574534,5771.31673806393,0.9382002770464745
l2-n32-zipf-w1,smoke_parallel,2,32,zipf,1,eas_k2_adaptive,eas,2,adaptive,accept_static_degree,101,1,-1,0.03217099999999999,1000,560.3232492373222,592.0452242781045,0.9464196758288834
l2-n32-zipf-w1,smoke_parallel,2,32,zipf,1,eas_k2_adaptive,eas,2,adaptive,accept_id,101,2,-1,0.035469,0,151350.80594304163,227653.96597172297,0.6648283296845398
l2-n32-zipf-w1,smoke_parallel,2,32,zipf,1,eas_k2_adaptive,eas,2,adaptive,accept_id,101,2,-1,0.035469,0.1,147385.14194007975,219247.63443341796,0.6722313895014373
l2-n32-zipf-w1,smoke_parallel,2,32,zipf,1,eas_k2_adaptive,eas,2,adaptive,accept_id,101,2,-1,0.035469,1,119261.37455359804,164559.1546856054,0.7247325424188648
l2-n32-zipf-w1,smoke_parallel,2,32,zipf,1,eas_k2_adaptive,eas,2,adaptive,accept_id,101,2,-1,0.035469,10,41008.910324904486,47092.6485896991,0.8708134189308403
l2-n32-zipf-w1,smoke_parallel,2,32,zipf,1,eas_k2_adaptive,eas,2,adaptive,accept_id,101,2,-1,0.035469,100,5423.436295262718,5786.578791884171,0.9372440072654381
l2-n32-zipf-w1,smoke_parallel,2,32,zipf,1,eas_k2_adaptive,eas,2,adaptive,accept_id,101,2,-1,0.035469,1000,560.4171919929211,592.2054541498952,0.9463222401377477
l2-n32-zipf-w1,smoke_parallel,2,32,zipf,1,eas_k2_adaptive,eas,2,adaptive,accept_static_degree,101,2,-1,0.027919000000000013,0,151350.80594304163,208768.26722338205,0.7249703604671695
l2-n32-zipf-w1,smoke_parallel,2,32,zipf,1,eas_k2_adaptive,eas,2,adaptive,accept_static_degree,101,2,-1,0.027919000000000013,0.1,147385.14194007975,201677.10434136505,0.7307975906407849
l2-n32-zipf-w1,smoke_parallel,2,32,zipf,1,eas_k2_adaptive,eas,2,adaptive,accept_static_degree,101,2,-1,0.027919000000000013,1,119261.37455359804,154458.9870742216,0.7721232465177945
l2-n32-zipf-w1,smoke_parallel,2,32,zipf,1,eas_k2_adaptive,eas,2,adaptive,accept_static_degree,101,2,-1,0.027919000000000013,10,41008.910324904486,46227.585703510864,0.8871090648757365
l2-n32-zipf-w1,smoke_parallel,2,32,zipf,1,eas_k2_adaptive,eas,2,adaptive,accept_static_degree,101,2,-1,0.027919000000000013,100,5423.436295262718,5773.303636269717,0.9393991095827662
l2-n32-zipf-w1,smoke_parallel,2,32,zipf,1,eas_k2_adaptive,eas,2,adaptive,accept_static_degree,101,2,-1,0.027919000000000013,1000,560.4171919929211,592.0661269308757,0.9465449322324604
l2-n32-zipf-w1,smoke_parallel,2,32,zipf,1,eas_k1_adaptive,eas,1,adaptive,accept_id,101,2,0,0.042252999999999985,0,151137.90936498216,227653.96597172297,0.6638931534527058
l2-n32-zipf-w1,smoke_parallel,2,32,zipf,1,eas_k1_adaptive,eas,1,adaptive,accept_id,101,2,0,0.042252999999999985,0.1,147386.22171542048,219247.63443341796,0.6722363144135968
l2-n32-zipf-w1,smoke_parallel,2,32,zipf,1,eas_k1_adaptive,eas,1,adaptive,accept_id,101,2,0,0.042252999999999985,1,120471.99660142158,164559.1546856054,0.7320893014526387
l2-n32-zipf-w1,smoke_parallel,2,32,zipf,1,eas_k1_adaptive,eas,1,adaptive,accept_id,101,2,0,0.042252999999999985,10,42628.32809453617,47092.6485896991,0.9052013291063981
l2-n32-zipf-w1,smoke_parallel,2,32,zipf,1,eas_k1_adaptive,eas,1,adaptive,accept_id,101,2,0,0.042252999999999985,100,5713.060627901445,5786.578791884171,0.9872950552257515
l2-n32-zipf-w1,smoke_parallel,2,32,zipf,1,eas_k1_adaptive,eas,1,adaptive,accept_id,101,2,0,0.042252999999999985,1000,591.4265622680499,592.2054541498952,0.9986847607086574
l2-n32-zipf-w1,smoke_parallel,2,32,zipf,1,eas_k1_adaptive,eas,1,adaptive,accept_static_degree,101,2,0,0.034703,0,151137.90936498216,208768.26722338205,0.7239505858582646
l2-n32-zipf-w1,smoke_parallel,2,32,zipf,1,eas_k1_adaptive,eas,1,adaptive,accept_static_degree,101,2,0,0.034703,0.1,147386.22171542048,201677.10434136505,0.7308029446215665
l2-n32-zipf-w1,smoke_parallel,2,32,zipf,1,eas_k1_adaptive,eas,1,adaptive,accept_static_degree,101,2,0,0.034703,1,120471.99660142158,154458.9870742216,0.7799610685232036
l2-n32-zipf-w1,smoke_parallel,2,32,zipf,1,eas_k1_adaptive,eas,1,adaptive,accept_static_degree,101,2,0,0.034703,10,42628.32809453617,46227.585703510864,0.9221404805334374
l2-n32-zipf-w1,smoke_parallel,2,32,zipf,1,eas_k1_adaptive,eas,1,adaptive,accept_static_degree,101,2,0,0.034703,100,5713.060627901445,5773.303636269717,0.9895652451068386
l2-n32-zipf-w1,smoke_parallel,2,32,zipf,1,eas_k1_adaptive,eas,1,adaptive,accept_static_degree,101,2,0,0.034703,1000,591.4265622680499,592.0661269308757,0.9989197749478742
l2-n32-zipf-w1,smoke_parallel,2,32,zipf,1,eas_k1_adaptive,eas,1,adaptive,accept_id,101,3,0,0.036071000000000006,0,153819.99821892634,217267.0097198399,0.7079767812760583
l2-n32-zipf-w1,smoke_parallel,2,32,zipf,1,eas_k1_adaptive,eas,1,adaptive,accept_id,101,3,0,0.036071000000000006,0.1,149935.68548227998,209597.35245449533,0.7153510467878252
l2-n32-zipf-w1,smoke_parallel,2,32,zipf,1,eas_k1_adaptive,eas,1,adaptive,accept_id,101,3,0,0.036071000000000006,1,122169.99633490009,159062.3691921306,0.7680634769580955
l2-n32-zipf-w1,smoke_parallel,2,32,zipf,1,eas_k1_adaptive,eas,1,adaptive,accept_id,101,3,0,0.036071000000000006,10,42839.00875043121,46631.48852619954,0.9186712692296418
l2-n32-zipf-w1,smoke_parallel,2,32,zipf,1,eas_k1_adaptive,eas,1,adaptive,accept_id,101,3,0,0.036071000000000006,100,5716.828628433519,5779.555582594412,0.9891467512917775
l2-n32-zipf-w1,smoke_parallel,2,32,zipf,1,eas_k1_adaptive,eas,1,adaptive,accept_id,101,3,0,0.036071000000000006,1000,591.466919208514,592.1318147749354,0.9988771156188018
l2-n32-zipf-w1,smoke_parallel,2,32,zipf,1,eas_k1_adaptive,eas,1,adaptive,accept_static_degree,101,3,0,0.034195,0,153819.99821892634,212704.0279425923,0.7231644821528324
l2-n32-zipf-w1,smoke_parallel,2,32,zipf,1,eas_k1_adaptive,eas,1,adaptive,accept_static_degree,101,3,0,0.034195,0.1,149935.68548227998,205347.68605581135,0.7301552228912335
l2-n32-zipf-w1,smoke_parallel,2,32,zipf,1,eas_k1_adaptive,eas,1,adaptive,accept_static_degree,101,3,0,0.034195,1,122169.99633490009,156602.8716021298,0.7801261565962152
l2-n32-zipf-w1,smoke_parallel,2,32,zipf,1,eas_k1_adaptive,eas,1,adaptive,accept_static_degree,101,3,0,0.034195,10,42839.00875043121,46417.76969945715,0.9229010576725794
l2-n32-zipf-w1,smoke_parallel,2,32,zipf,1,eas_k1_adaptive,eas,1,adaptive,accept_static_degree,101,3,0,0.034195,100,5716.828628433519,5776.259330938922,0.9897112128974059
l2-n32-zipf-w1,smoke_parallel,2,32,zipf,1,eas_k1_adaptive,eas,1,adaptive,accept_static_degree,101,3,0,0.034195,1000,591.466919208514,592.0971976787546,0.9989355151946142
l2-n32-zipf-w1,smoke_parallel,2,32,zipf,1,eas_k2_adaptive,eas,2,adaptive,accept_id,101,3,-1,0.03565599999999999,0,146215.45659837863,217267.0097198399,0.6729758778699059
l2-n32-zipf-w1,smoke_parallel,2,32,zipf,1,eas_k2_adaptive,eas,2,adaptive,accept_id,101,3,-1,0.03565599999999999,0.1,142511.04460595697,209597.35245449533,0.6799276943963157
l2-n32-zipf-w1,smoke_parallel,2,32,zipf,1,eas_k2_adaptive,eas,2,adaptive,accept_id,101,3,-1,0.03565599999999999,1,116049.66925844262,159062.3691921306,0.7295859469958406
l2-n32-zipf-w1,smoke_parallel,2,32,zipf,1,eas_k2_adaptive,eas,2,adaptive,accept_id,101,3,-1,0.03565599999999999,10,40622.334159320795,46631.48852619954,0.8711352659586977
l2-n32-zipf-w1,smoke_parallel,2,32,zipf,1,eas_k2_adaptive,eas,2,adaptive,accept_id,101,3,-1,0.03565599999999999,100,5416.619271248043,5779.555582594412,0.9372034222770727
l2-n32-zipf-w1,smoke_parallel,2,32,zipf,1,eas_k2_adaptive,eas,2,adaptive,accept_id,101,3,-1,0.03565599999999999,1000,560.3443203779858,592.1318147749354,0.9463168612059264
l2-n32-zipf-w1,smoke_parallel,2,32,zipf,1,eas_k2_adaptive,eas,2,adaptive,accept_static_degree,101,3,-1,0.03377999999999999,0,146215.45659837863,212704.0279425923,0.6874127303214089
l2-n32-zipf-w1,smoke_parallel,2,32,zipf,1,eas_k2_adaptive,eas,2,adaptive,accept_static_degree,101,3,-1,0.03377999999999999,0.1,142511.04460595697,205347.68605581135,0.6939987849058302
l2-n32-zipf-w1,smoke_parallel,2,32,zipf,1,eas_k2_adaptive,eas,2,adaptive,accept_static_degree,101,3,-1,0.03377999999999999,1,116049.66925844262,156602.8716021298,0.7410443248657794
l2-n32-zipf-w1,smoke_parallel,2,32,zipf,1,eas_k2_adaptive,eas,2,adaptive,accept_static_degree,101,3,-1,0.03377999999999999,10,40622.334159320795,46417.76969945715,0.875146186952534
l2-n32-zipf-w1,smoke_parallel,2,32,zipf,1,eas_k2_adaptive,eas,2,adaptive,accept_static_degree,101,3,-1,0.03377999999999999,100,5416.619271248043,5776.259330938922,0.9377382421588021
l2-n32-zipf-w1,smoke_parallel,2,32,zipf,1,eas_k2_adaptive,eas,2,adaptive,accept_static_degree,101,3,-1,0.03377999999999999,1000,560.3443203779858,592.0971976787546,0.9463721878346122
l1-n2-identical-w1,zero_commit,1,2,identical,1,eas_k1_adaptive,eas,1,adaptive,accept_id,11,1,0,0.017256,0,29263.724686878144,59115.63017261764,0.4950251668032307
l1-n2-identical-w1,zero_commit,1,2,identical,1,eas_k1_adaptive,eas,1,adaptive,accept_id,11,1,0,0.017256,0.1,29093.448155475387,58424.86562280907,0.49796345862911673
l1-n2-identical-w1,zero_commit,1,2,identical,1,eas_k1_adaptive,eas,1,adaptive,accept_id,11,1,0,0.017256,1,27645.692801061592,52865.299217593565,0.5229459250248811
l1-n2-identical-w1,zero_commit,1,2,identical,1,eas_k1_adaptive,eas,1,adaptive,accept_id,11,1,0,0.017256,10,18459.72088902016,27088.525300682628,0.6814590563390682
l1-n2-identical-w1,zero_commit,1,2,identical,1,eas_k1_adaptive,eas,1,adaptive,accept_id,11,1,0,0.017256,100,4270.365372461268,4610.079477770197,0.9263105751328083
l1-n2-identical-w1,zero_commit,1,2,identical,1,eas_k1_adaptive,eas,1,adaptive,accept_id,11,1,0,0.017256,1000,491.60051362421666,495.8064688861608,0.9915169415369006
l1-n2-identical-w1,zero_commit,1,2,identical,1,eas_k1_adaptive,eas,1,adaptive,accept_static_degree,11,1,0,0.013791000000000001,0,29263.724686878144,49065.30592218242,0.5964239728432634
l1-n2-identical-w1,zero_commit,1,2,identical,1,eas_k1_adaptive,eas,1,adaptive,accept_static_degree,11,1,0,0.013791000000000001,0.1,29093.448155475387,48588.503959963076,0.5987722564878389
l1-n2-identical-w1,zero_commit,1,2,identical,1,eas_k1_adaptive,eas,1,adaptive,accept_static_degree,11,1,0,0.013791000000000001,1,27645.692801061592,44680.7559983915,0.6187382505805594
l1-n2-identical-w1,zero_commit,1,2,identical,1,eas_k1_adaptive,eas,1,adaptive,accept_static_degree,11,1,0,0.013791000000000001,10,18459.72088902016,24764.121740422477,0.745421989219523
l1-n2-identical-w1,zero_commit,1,2,identical,1,eas_k1_adaptive,eas,1,adaptive,accept_static_degree,11,1,0,0.013791000000000001,100,4270.365372461268,4537.596253760533,0.9411073911483867
l1-n2-identical-w1,zero_commit,1,2,identical,1,eas_k1_adaptive,eas,1,adaptive,accept_static_degree,11,1,0,0.013791000000000001,1000,491.60051362421666,494.95614935994746,0.9932203373166084
l1-n2-identical-w1,zero_commit,1,2,identical,1,eas_k2_adaptive,eas,2,adaptive,accept_id,11,1,-1,0.013492999999999998,0,0.0,59115.63017261764,0.0
l1-n2-identical-w1,zero_commit,1,2,identical,1,eas_k2_adaptive,eas,2,adaptive,accept_id,11,1,-1,0.013492999999999998,0.1,0.0,58424.86562280907,0.0
l1-n2-identical-w1,zero_commit,1,2,identical,1,eas_k2_adaptive,eas,2,adaptive,accept_id,11,1,-1,0.013492999999999998,1,0.0,52865.299217593565,0.0
l1-n2-identical-w1,zero_commit,1,2,identical,1,eas_k2_adaptive,eas,2,adaptive,accept_id,11,1,-1,0.013492999999999998,10,0.0,27088.525300682628,0.0
l1-n2-identical-w1,zero_commit,1,2,identical,1,eas_k2_adaptive,eas,2,adaptive,accept_id,11,1,-1,0.013492999999999998,100,0.0,4610.079477770197,0.0
l1-n2-identical-w1,zero_commit,1,2,identical,1,eas_k2_adaptive,eas,2,adaptive,accept_id,11,1,-1,0.013492999999999998,1000,0.0,495.8064688861608,0.0
l1-n2-identical-w1,zero_commit,1,2,identical,1,eas_k2_adaptive,eas,2,adaptive,accept_static_degree,11,1,-1,0.010027999999999999,0,0.0,49065.30592218242,0.0
l1-n2-identical-w1,zero_commit,1,2,identical,1,eas_k2_adaptive,eas,2,adaptive,accept_static_degree,11,1,-1,0.010027999999999999,0.1,0.0,48588.503959963076,0.0
l1-n2-identical-w1,zero_commit,1,2,identical,1,eas_k2_adaptive,eas,2,adaptive,accept_static_degree,11,1,-1,0.010027999999999999,1,0.0,44680.7559983915,0.0
l1-n2-identical-w1,zero_commit,1,2,identical,1,eas_k2_adaptive,eas,2,adaptive,accept_static_degree,11,1,-1,0.010027999999999999,10,0.0,24764.121740422477,0.0
l1-n2-identical-w1,zero_commit,1,2,identical,1,eas_k2_adaptive,eas,2,adaptive,accept_static_degree,11,1,-1,0.010027999999999999,100,0.0,4537.596253760533,0.0
l1-n2-identical-w1,zero_commit,1,2,identical,1,eas_k2_adaptive,eas,2,adaptive,accept_static_degree,11,1,-1,0.010027999999999999,1000,0.0,494.95614935994746,0.0
l1-n2-identical-w1,zero_commit,1,2,identical,1,eas_k1_adaptive,eas,1,adaptive,accept_id,11,2,0,0.014728999999999996,0,30707.815138952865,56066.38259699484,0.5477045908183633
l1-n2-identical-w1,zero_commit,1,2,identical,1,eas_k1_adaptive,eas,1,adaptive,accept_id,11,2,0,0.014728999999999996,0.1,30520.372348542656,55444.666223109336,0.5504654356783154
l1-n2-identical-w1,zero_commit,1,2,identical,1,eas_k1_adaptive,eas,1,adaptive,accept_id,11,2,0,0.014728999999999996,1,28930.999566035007,50413.38979632991,0.5738753073918703
l1-n2-identical-w1,zero_commit,1,2,identical,1,eas_k1_adaptive,eas,1,adaptive,accept_id,11,2,0,0.014728999999999996,10,19024.065442785122,26429.8551643937,0.7197945400932179
l1-n2-identical-w1,zero_commit,1,2,identical,1,eas_k1_adaptive,eas,1,adaptive,accept_id,11,2,0,0.014728999999999996,100,4299.873153741964,4590.60944931049,0.9366671683185346
l1-n2-identical-w1,zero_commit,1,2,identical,1,eas_k1_adaptive,eas,1,adaptive,accept_id,11,2,0,0.014728999999999996,1000,491.98918607769,495.58041386911526,0.9927534912782616
l1-n2-identical-w1,zero_commit,1,2,identical,1,eas_k1_adaptive,eas,1,adaptive,accept_static_degree,11,2,0,0.013702999999999996,0,30707.815138952865,53016.64722722935,0.5792108091509289
l1-n2-identical-w1,zero_commit,1,2,identical,1,eas_k1_adaptive,eas,1,adaptive,accept_static_degree,11,2,0,0.013702999999999996,0.1,30520.372348542656,52460.39240373518,0.5817793377079201
l1-n2-identical-w1,zero_commit,1,2,identical,1,eas_k1_adaptive,eas,1,adaptive,accept_static_degree,11,2,0,0.013702999999999996,1,28930.999566035007,47934.04275716614,0.6035585129466223
l1-n2-identical-w1,zero_commit,1,2,identical,1,eas_k1_adaptive,eas,1,adaptive,accept_static_degree,11,2,0,0.013702999999999996,10,19024.065442785122,25732.077607946067,0.7393132312375154
l1-n2-identical-w1,zero_commit,1,2,identical,1,eas_k1_adaptive,eas,1,adaptive,accept_static_degree,11,2,0,0.013702999999999996,100,4299.873153741964,4569.089197759318,0.9410788381742738
l1-n2-identical-w1,zero_commit,1,2,identical,1,eas_k1_adaptive,eas,1,adaptive,accept_static_degree,11,2,0,0.013702999999999996,1000,491.98918607769,495.3285563847356,0.9932582721831774
l1-n2-identical-w1,zero_commit,1,2,identical,1,eas_k2_adaptive,eas,2,adaptive,accept_id,11,2,-1,0.012146999999999998,0,0.0,56066.38259699484,0.0
l1-n2-identical-w1,zero_commit,1,2,identical,1,eas_k2_adaptive,eas,2,adaptive,accept_id,11,2,-1,0.012146999999999998,0.1,0.0,55444.666223109336,0.0
l1-n2-identical-w1,zero_commit,1,2,identical,1,eas_k2_adaptive,eas,2,adaptive,accept_id,11,2,-1,0.012146999999999998,1,0.0,50413.38979632991,0.0
l1-n2-identical-w1,zero_commit,1,2,identical,1,eas_k2_adaptive,eas,2,adaptive,accept_id,11,2,-1,0.012146999999999998,10,0.0,26429.8551643937,0.0
l1-n2-identical-w1,zero_commit,1,2,identical,1,eas_k2_adaptive,eas,2,adaptive,accept_id,11,2,-1,0.012146999999999998,100,0.0,4590.60944931049,0.0
l1-n2-identical-w1,zero_commit,1,2,identical,1,eas_k2_adaptive,eas,2,adaptive,accept_id,11,2,-1,0.012146999999999998,1000,0.0,495.58041386911526,0.0
l1-n2-identical-w1,zero_commit,1,2,identical,1,eas_k2_adaptive,eas,2,adaptive,accept_static_degree,11,2,-1,0.011120999999999999,0,0.0,53016.64722722935,0.0
l1-n2-identical-w1,zero_commit,1,2,identical,1,eas_k2_adaptive,eas,2,adaptive,accept_static_degree,11,2,-1,0.011120999999999999,0.1,0.0,52460.39240373518,0.0
l1-n2-identical-w1,zero_commit,1,2,identical,1,eas_k2_adaptive,eas,2,adaptive,accept_static_degree,11,2,-1,0.011120999999999999,1,0.0,47934.04275716614,0.0
l1-n2-identical-w1,zero_commit,1,2,identical,1,eas_k2_adaptive,eas,2,adaptive,accept_static_degree,11,2,-1,0.011120999999999999,10,0.0,25732.077607946067,0.0
l1-n2-identical-w1,zero_commit,1,2,identical,1,eas_k2_adaptive,eas,2,adaptive,accept_static_degree,11,2,-1,0.011120999999999999,100,0.0,4569.089197759318,0.0
l1-n2-identical-w1,zero_commit,1,2,identical,1,eas_k2_adaptive,eas,2,adaptive,accept_static_degree,11,2,-1,0.011120999999999999,1000,0.0,495.3285563847356,0.0
l1-n2-identical-w1,zero_commit,1,2,identical,1,eas_k2_adaptive,eas,2,adaptive,accept_id,11,3,-1,0.015712,0,0.0,55890.90096132349,0.0
l1-n2-identical-w1,zero_commit,1,2,identical,1,eas_k2_adaptive,eas,2,adaptive,accept_id,11,3,-1,0.015712,0.1,0.0,55273.048861375195,0.0
l1-n2-identical-w1,zero_commit,1,2,identical,1,eas_k2_adaptive,eas,2,adaptive,accept_id,11,3,-1,0.015712,1,0.0,50271.46591594611,0.0
l1-n2-identical-w1,zero_commit,1,2,identical,1,eas_k2_adaptive,eas,2,adaptive,accept_id,11,3,-1,0.015712,10,0.0,26390.79489074211,0.0
l1-n2-identical-w1,zero_commit,1,2,identical,1,eas_k2_adaptive,eas,2,adaptive,accept_id,11,3,-1,0.015712,100,0.0,4589.42962568612,0.0
l1-n2-identical-w1,zero_commit,1,2,identical,1,eas_k2_adaptive,eas,2,adaptive,accept_id,11,3,-1,0.015712,1000,0.0,495.56666065379125,0.0
l1-n2-identical-w1,zero_commit,1,2,identical,1,eas_k2_adaptive,eas,2,adaptive,accept_static_degree,11,3,-1,0.016189000000000002,0,0.0,57421.76284811944,0.0
l1-n2-identical-w1,zero_commit,1,2,identical,1,eas_k2_adaptive,eas,2,adaptive,accept_static_degree,11,3,-1,0.016189000000000002,0.1,0.0,56769.79846721545,0.0
l1-n2-identical-w1,zero_commit,1,2,identical,1,eas_k2_adaptive,eas,2,adaptive,accept_static_degree,11,3,-1,0.016189000000000002,1,0.0,51506.56708730363,0.0
l1-n2-identical-w1,zero_commit,1,2,identical,1,eas_k2_adaptive,eas,2,adaptive,accept_static_degree,11,3,-1,0.016189000000000002,10,0.0,26727.24842977415,0.0
l1-n2-identical-w1,zero_commit,1,2,identical,1,eas_k2_adaptive,eas,2,adaptive,accept_static_degree,11,3,-1,0.016189000000000002,100,0.0,4599.4986546466425,0.0
l1-n2-identical-w1,zero_commit,1,2,identical,1,eas_k2_adaptive,eas,2,adaptive,accept_static_degree,11,3,-1,0.016189000000000002,1000,0.0,495.683833023944,0.0
l1-n2-identical-w1,zero_commit,1,2,identical,1,eas_k1_adaptive,eas,1,adaptive,accept_id,11,3,0,0.017027999999999998,0,28636.8843069874,55890.90096132349,0.5123711340206186
l1-n2-identical-w1,zero_commit,1,2,identical,1,eas_k1_adaptive,eas,1,adaptive,accept_id,11,3,0,0.017027999999999998,0.1,28473.804100227793,55273.048861375195,0.5151480637813213
l1-n2-identical-w1,zero_commit,1,2,identical,1,eas_k1_adaptive,eas,1,adaptive,accept_id,11,3,0,0.017027999999999998,1,27085.590465872156,50271.46591594611,0.5387865655471289
l1-n2-identical-w1,zero_commit,1,2,identical,1,eas_k1_adaptive,eas,1,adaptive,accept_id,11,3,0,0.017027999999999998,10,18208.302986161692,26390.79489074211,0.6899490167516389
l1-n2-identical-w1,zero_commit,1,2,identical,1,eas_k1_adaptive,eas,1,adaptive,accept_id,11,3,0,0.017027999999999998,100,4256.768261535842,4589.42962568612,0.9275157500425676
l1-n2-identical-w1,zero_commit,1,2,identical,1,eas_k1_adaptive,eas,1,adaptive,accept_id,11,3,0,0.017027999999999998,1000,491.41981011538536,495.56666065379125,0.9916321034733551
l1-n2-identical-w1,zero_commit,1,2,identical,1,eas_k1_adaptive,eas,1,adaptive,accept_static_degree,11,3,0,0.017505,0,28636.8843069874,57421.76284811944,0.4987113402061855
l1-n2-identical-w1,zero_commit,1,2,identical,1,eas_k1_adaptive,eas,1,adaptive,accept_static_degree,11,3,0,0.017505,0.1,28473.804100227793,56769.79846721545,0.5015660592255126
l1-n2-identical-w1,zero_commit,1,2,identical,1,eas_k1_adaptive,eas,1,adaptive,accept_static_degree,11,3,0,0.017505,1,27085.590465872156,51506.56708730363,0.525866738894908
l1-n2-identical-w1,zero_commit,1,2,identical,1,eas_k1_adaptive,eas,1,adaptive,accept_static_degree,11,3,0,0.017505,10,18208.302986161692,26727.24842977415,0.6812636562272398
l1-n2-identical-w1,zero_commit,1,2,identical,1,eas_k1_adaptive,eas,1,adaptive,accept_static_degree,11,3,0,0.017505,100,4256.768261535842,4599.4986546466425,0.9254852715818153
l1-n2-identical-w1,zero_commit,1,2,identical,1,eas_k1_adaptive,eas,1,adaptive,accept_static_degree,11,3,0,0.017505,1000,491.41981011538536,495.683833023944,0.9913976962239303
l1-n2-identical-w1,zero_commit,1,2,identical,1,eas_k1_adaptive,eas,1,adaptive,accept_id,29,1,0,0.016747,0,30853.722501619817,63840.65372829417,0.4832927092653729
l1-n2-identical-w1,zero_commit,1,2,identical,1,eas_k1_adaptive,eas,1,adaptive,accept_id,29,1,0,0.016747,0.1,30664.49970868725,63035.80433686334,0.48646162337861454
l1-n2-identical-w1,zero_commit,1,2,identical,1,eas_k1_adaptive,eas,1,adaptive,accept_id,29,1,0,0.016747,1,29060.474848159014,56612.31884057971,0.5133242277178808
l1-n2-identical-w1,zero_commit,1,2,identical,1,eas_k1_adaptive,eas,1,adaptive,accept_id,29,1,0,0.016747,10,19079.964129667438,28039.47958725886,0.6804678407204595
l1-n2-identical-w1,zero_commit,1,2,identical,1,eas_k1_adaptive,eas,1,adaptive,accept_id,29,1,0,0.016747,100,4302.722332419722,4636.842495734104,0.9279423090989671
l1-n2-identical-w1,zero_commit,1,2,identical,1,eas_k1_adaptive,eas,1,adaptive,accept_id,29,1,0,0.016747,1000,492.0264651195058,496.1144317703744,0.9917600327886437
l1-n2-identical-w1,zero_commit,1,2,identical,1,eas_k1_adaptive,eas,1,adaptive,accept_static_degree,29,1,0,0.013338000000000003,0,30853.722501619817,52430.13684265716,0.5884730492733948
l1-n2-identical-w1,zero_commit,1,2,identical,1,eas_k1_adaptive,eas,1,adaptive,accept_static_degree,29,1,0,0.013338000000000003,0.1,30664.49970868725,51886.058216157326,0.5909969028855293
l1-n2-identical-w1,zero_commit,1,2,identical,1,eas_k1_adaptive,eas,1,adaptive,accept_static_degree,29,1,0,0.013338000000000003,1,29060.474848159014,47454.08816969582,0.6123913864752549
l1-n2-identical-w1,zero_commit,1,2,identical,1,eas_k1_adaptive,eas,1,adaptive,accept_static_degree,29,1,0,0.013338000000000003,10,19079.964129667438,25593.120569191004,0.7455114384384958
l1-n2-identical-w1,zero_commit,1,2,identical,1,eas_k1_adaptive,eas,1,adaptive,accept_static_degree,29,1,0,0.013338000000000003,100,4302.722332419722,4564.688482834488,0.9426102895301859
l1-n2-identical-w1,zero_commit,1,2,identical,1,eas_k1_adaptive,eas,1,adaptive,accept_static_degree,29,1,0,0.013338000000000003,1000,492.0264651195058,495.27679286484437,0.993437351008236
l1-n2-identical-w1,zero_commit,1,2,identical,1,eas_k2_adaptive,eas,2,adaptive,accept_id,29,1,-1,0.017008,0,0.0,63840.65372829417,0.0
l1-n2-identical-w1,zero_commit,1,2,identical,1,eas_k2_adaptive,eas,2,adaptive,accept_id,29,1,-1,0.017008,0.1,0.0,63035.80433686334,0.0
l1-n2-identical-w1,zero_commit,1,2,identical,1,eas_k2_adaptive,eas,2,adaptive,accept_id,29,1,-1,0.017008,1,0.0,56612.31884057971,0.0
l1-n2-identical-w1,zero_commit,1,2,identical,1,eas_k2_adaptive,eas,2,adaptive,accept_id,29,1,-1,0.017008,10,0.0,28039.47958725886,0.0
l1-n2-identical-w1,zero_commit,1,2,identical,1,eas_k2_adaptive,eas,2,adaptive,accept_id,29,1,-1,0.017008,100,0.0,4636.842495734104,0.0
l1-n2-identical-w1,zero_commit,1,2,identical,1,eas_k2_adaptive,eas,2,adaptive,accept_id,29,1,-1,0.017008,1000,0.0,496.1144317703744,0.0
l1-n2-identical-w1,zero_commit,1,2,identical,1,eas_k2_adaptive,eas,2,adaptive,accept_static_degree,29,1,-1,0.013599,0,0.0,52430.13684265716,0.0
l1-n2-identical-w1,zero_commit,1,2,identical,1,eas_k2_adaptive,eas,2,adaptive,accept_static_degree,29,1,-1,0.013599,0.1,0.0,51886.058216157326,0.0
l1-n2-identical-w1,zero_commit,1,2,identical,1,eas_k2_adaptive,eas,2,adaptive,accept_static_degree,29,1,-1,0.013599,1,0.0,47454.08816969582,0.0
l1-n2-identical-w1,zero_commit,1,2,identical,1,eas_k2_adaptive,eas,2,adaptive,accept_static_degree,29,1,-1,0.013599,10,0.0,25593.120569191004,0.0
l1-n2-identical-w1,zero_commit,1,2,identical,1,eas_k2_adaptive,eas,2,adaptive,accept_static_degree,29,1,-1,0.013599,100,0.0,4564.688482834488,0.0
l1-n2-identical-w1,zero_commit,1,2,identical,1,eas_k2_adaptive,eas,2,adaptive,accept_static_degree,29,1,-1,0.013599,1000,0.0,495.27679286484437,0.0
l1-n2-identical-w1,zero_commit,1,2,identical,1,eas_k1_adaptive,eas,1,adaptive,accept_id,29,2,0,0.013687000000000001,0,32289.312237649337,57860.32517502749,0.5580561834032934
l1-n2-identical-w1,zero_commit,1,2,identical,1,eas_k1_adaptive,eas,1,adaptive,accept_id,29,2,0,0.013687000000000001,0.1,32082.130253448828,57198.42132357147,0.5608918832210459
l1-n2-identical-w1,zero_commit,1,2,identical,1,eas_k1_adaptive,eas,1,adaptive,accept_id,29,2,0,0.013687000000000001,1,30330.603579011222,51859.15054711403,0.5848650288140734
l1-n2-identical-w1,zero_commit,1,2,identical,1,eas_k1_adaptive,eas,1,adaptive,accept_id,29,2,0,0.013687000000000001,10,19619.383951343927,26821.875922001986,0.7314694918579556
l1-n2-identical-w1,zero_commit,1,2,identical,1,eas_k1_adaptive,eas,1,adaptive,accept_id,29,2,0,0.013687000000000001,100,4329.5666103823005,4602.292862304,0.9407412218036975
l1-n2-identical-w1,zero_commit,1,2,identical,1,eas_k1_adaptive,eas,1,adaptive,accept_id,29,2,0,0.013687000000000001,1000,492.3755643854907,495.7162678711911,0.9932608556502558
l1-n2-identical-w1,zero_commit,1,2,identical,1,eas_k1_adaptive,eas,1,adaptive,accept_static_degree,29,2,0,0.011688,0,32289.312237649337,51861.84005808526,0.6226025185663545
l1-n2-identical-w1,zero_commit,1,2,identical,1,eas_k1_adaptive,eas,1,adaptive,accept_static_degree,29,2,0,0.011688,0.1,32082.130253448828,51329.4322964788,0.6250240615976901
l1-n2-identical-w1,zero_commit,1,2,identical,1,eas_k1_adaptive,eas,1,adaptive,accept_static_degree,29,2,0,0.011688,1,30330.603579011222,46988.065031482,0.6454959053685169
l1-n2-identical-w1,zero_commit,1,2,identical,1,eas_k1_adaptive,eas,1,adaptive,accept_static_degree,29,2,0,0.011688,10,19619.383951343927,25456.952293671402,0.7706886403766922
l1-n2-identical-w1,zero_commit,1,2,identical,1,eas_k1_adaptive,eas,1,adaptive,accept_static_degree,29,2,0,0.011688,100,4329.5666103823005,4560.337829826433,0.9493960254578516
l1-n2-identical-w1,zero_commit,1,2,identical,1,eas_k1_adaptive,eas,1,adaptive,accept_static_degree,29,2,0,0.011688,1000,492.3755643854907,495.22553065891736,0.9942451144034624
l1-n2-identical-w1,zero_commit,1,2,identical,1,eas_k2_adaptive,eas,2,adaptive,accept_id,29,2,-1,0.014723,0,0.0,57860.32517502749,0.0
l1-n2-identical-w1,zero_commit,1,2,identical,1,eas_k2_adaptive,eas,2,adaptive,accept_id,29,2,-1,0.014723,0.1,0.0,57198.42132357147,0.0
l1-n2-identical-w1,zero_commit,1,2,identical,1,eas_k2_adaptive,eas,2,adaptive,accept_id,29,2,-1,0.014723,1,0.0,51859.15054711403,0.0
l1-n2-identical-w1,zero_commit,1,2,identical,1,eas_k2_adaptive,eas,2,adaptive,accept_id,29,2,-1,0.014723,10,0.0,26821.875922001986,0.0
l1-n2-identical-w1,zero_commit,1,2,identical,1,eas_k2_adaptive,eas,2,adaptive,accept_id,29,2,-1,0.014723,100,0.0,4602.292862304,0.0
l1-n2-identical-w1,zero_commit,1,2,identical,1,eas_k2_adaptive,eas,2,adaptive,accept_id,29,2,-1,0.014723,1000,0.0,495.7162678711911,0.0
l1-n2-identical-w1,zero_commit,1,2,identical,1,eas_k2_adaptive,eas,2,adaptive,accept_static_degree,29,2,-1,0.012724,0,0.0,51861.84005808526,0.0
l1-n2-identical-w1,zero_commit,1,2,identical,1,eas_k2_adaptive,eas,2,adaptive,accept_static_degree,29,2,-1,0.012724,0.1,0.0,51329.4322964788,0.0
l1-n2-identical-w1,zero_commit,1,2,identical,1,eas_k2_adaptive,eas,2,adaptive,accept_static_degree,29,2,-1,0.012724,1,0.0,46988.065031482,0.0
l1-n2-identical-w1,zero_commit,1,2,identical,1,eas_k2_adaptive,eas,2,adaptive,accept_static_degree,29,2,-1,0.012724,10,0.0,25456.952293671402,0.0
l1-n2-identical-w1,zero_commit,1,2,identical,1,eas_k2_adaptive,eas,2,adaptive,accept_static_degree,29,2,-1,0.012724,100,0.0,4560.337829826433,0.0
l1-n2-identical-w1,zero_commit,1,2,identical,1,eas_k2_adaptive,eas,2,adaptive,accept_static_degree,29,2,-1,0.012724,1000,0.0,495.22553065891736,0.0
l1-n2-identical-w1,zero_commit,1,2,identical,1,eas_k1_adaptive,eas,1,adaptive,accept_id,29,3,0,0.016278,0,29052.87623474724,55120.71436445817,0.5270772806507844
l1-n2-identical-w1,zero_commit,1,2,identical,1,eas_k1_adaptive,eas,1,adaptive,accept_id,29,3,0,0.016278,0.1,28885.03755054882,54519.681605059435,0.5298093587521664
l1-n2-identical-w1,zero_commit,1,2,identical,1,eas_k1_adaptive,eas,1,adaptive,accept_id,29,3,0,0.016278,1,27457.440966501923,49647.50273061265,0.5530477759472817
l1-n2-identical-w1,zero_commit,1,2,identical,1,eas_k1_adaptive,eas,1,adaptive,accept_id,29,3,0,0.016278,10,18375.597206909224,26217.817628860575,0.7008820286659315
l1-n2-identical-w1,zero_commit,1,2,identical,1,eas_k1_adaptive,eas,1,adaptive,accept_id,29,3,0,0.016278,100,4265.847623922873,4584.169944348177,0.9305605323777835
l1-n2-identical-w1,zero_commit,1,2,identical,1,eas_k1_adaptive,eas,1,adaptive,accept_id,29,3,0,0.016278,1000,491.54058650622784,495.5052716805854,0.9919987023328517
l1-n2-identical-w1,zero_commit,1,2,identical,1,eas_k1_adaptive,eas,1,adaptive,accept_static_degree,29,3,0,0.011823,0,29052.87623474724,44253.66199052972,0.6565078442765834
l1-n2-identical-w1,zero_commit,1,2,identical,1,eas_k1_adaptive,eas,1,adaptive,accept_static_degree,29,3,0,0.011823,0.1,28885.03755054882,43865.42088871343,0.6584922010398614
l1-n2-identical-w1,zero_commit,1,2,identical,1,eas_k1_adaptive,eas,1,adaptive,accept_static_degree,29,3,0,0.011823,1,27457.440966501923,40655.36447534252,0.6753706754530479
l1-n2-identical-w1,zero_commit,1,2,identical,1,eas_k1_adaptive,eas,1,adaptive,accept_static_degree,29,3,0,0.011823,10,18375.597206909224,23475.831631335543,0.7827453142227121
l1-n2-identical-w1,zero_commit,1,2,identical,1,eas_k1_adaptive,eas,1,adaptive,accept_static_degree,29,3,0,0.011823,100,4265.847623922873,4492.423527720499,0.9495648835423599
l1-n2-identical-w1,zero_commit,1,2,identical,1,eas_k1_adaptive,eas,1,adaptive,accept_static_degree,29,3,0,0.011823,1000,491.54058650622784,494.41386494689743,0.994188515645737
l1-n2-identical-w1,zero_commit,1,2,identical,1,eas_k2_adaptive,eas,2,adaptive,accept_id,29,3,-1,0.015534,0,0.0,55120.71436445817,0.0
l1-n2-identical-w1,zero_commit,1,2,identical,1,eas_k2_adaptive,eas,2,adaptive,accept_id,29,3,-1,0.015534,0.1,0.0,54519.681605059435,0.0
l1-n2-identical-w1,zero_commit,1,2,identical,1,eas_k2_adaptive,eas,2,adaptive,accept_id,29,3,-1,0.015534,1,0.0,49647.50273061265,0.0
l1-n2-identical-w1,zero_commit,1,2,identical,1,eas_k2_adaptive,eas,2,adaptive,accept_id,29,3,-1,0.015534,10,0.0,26217.817628860575,0.0
l1-n2-identical-w1,zero_commit,1,2,identical,1,eas_k2_adaptive,eas,2,adaptive,accept_id,29,3,-1,0.015534,100,0.0,4584.169944348177,0.0
l1-n2-identical-w1,zero_commit,1,2,identical,1,eas_k2_adaptive,eas,2,adaptive,accept_id,29,3,-1,0.015534,1000,0.0,495.5052716805854,0.0
l1-n2-identical-w1,zero_commit,1,2,identical,1,eas_k2_adaptive,eas,2,adaptive,accept_static_degree,29,3,-1,0.011078999999999999,0,0.0,44253.66199052972,0.0
l1-n2-identical-w1,zero_commit,1,2,identical,1,eas_k2_adaptive,eas,2,adaptive,accept_static_degree,29,3,-1,0.011078999999999999,0.1,0.0,43865.42088871343,0.0
l1-n2-identical-w1,zero_commit,1,2,identical,1,eas_k2_adaptive,eas,2,adaptive,accept_static_degree,29,3,-1,0.011078999999999999,1,0.0,40655.36447534252,0.0
l1-n2-identical-w1,zero_commit,1,2,identical,1,eas_k2_adaptive,eas,2,adaptive,accept_static_degree,29,3,-1,0.011078999999999999,10,0.0,23475.831631335543,0.0
l1-n2-identical-w1,zero_commit,1,2,identical,1,eas_k2_adaptive,eas,2,adaptive,accept_static_degree,29,3,-1,0.011078999999999999,100,0.0,4492.423527720499,0.0
l1-n2-identical-w1,zero_commit,1,2,identical,1,eas_k2_adaptive,eas,2,adaptive,accept_static_degree,29,3,-1,0.011078999999999999,1000,0.0,494.41386494689743,0.0
l1-n2-identical-w1,zero_commit,1,2,identical,1,eas_k2_adaptive,eas,2,adaptive,accept_id,47,1,-1,0.012422000000000002,0,0.0,52565.180824222036,0.0
l1-n2-identical-w1,zero_commit,1,2,identical,1,eas_k2_adaptive,eas,2,adaptive,accept_id,47,1,-1,0.012422000000000002,0.1,0.0,52018.310445276744,0.0
l1-n2-identical-w1,zero_commit,1,2,identical,1,eas_k2_adaptive,eas,2,adaptive,accept_id,47,1,-1,0.012422000000000002,1,0.0,47564.68797564688,0.0
l1-n2-identical-w1,zero_commit,1,2,identical,1,eas_k2_adaptive,eas,2,adaptive,accept_id,47,1,-1,0.012422000000000002,10,0.0,25625.256252562525,0.0
l1-n2-identical-w1,zero_commit,1,2,identical,1,eas_k2_adaptive,eas,2,adaptive,accept_id,47,1,-1,0.012422000000000002,100,0.0,4565.709693914822,0.0
l1-n2-identical-w1,zero_commit,1,2,identical,1,eas_k2_adaptive,eas,2,adaptive,accept_id,47,1,-1,0.012422000000000002,1000,0.0,495.2888128125273,0.0
l1-n2-identical-w1,zero_commit,1,2,identical,1,eas_k2_adaptive,eas,2,adaptive,accept_static_degree,47,1,-1,0.012372000000000001,0,0.0,52427.38806752647,0.0
l1-n2-identical-w1,zero_commit,1,2,identical,1,eas_k2_adaptive,eas,2,adaptive,accept_static_degree,47,1,-1,0.012372000000000001,0.1,0.0,51883.36619279859,0.0
l1-n2-identical-w1,zero_commit,1,2,identical,1,eas_k2_adaptive,eas,2,adaptive,accept_static_degree,47,1,-1,0.012372000000000001,1,0.0,47451.836386068135,0.0
l1-n2-identical-w1,zero_commit,1,2,identical,1,eas_k2_adaptive,eas,2,adaptive,accept_static_degree,47,1,-1,0.012372000000000001,10,0.0,25592.4655781338,0.0
l1-n2-identical-w1,zero_commit,1,2,identical,1,eas_k2_adaptive,eas,2,adaptive,accept_static_degree,47,1,-1,0.012372000000000001,100,0.0,4564.667646548654,0.0
l1-n2-identical-w1,zero_commit,1,2,identical,1,eas_k2_adaptive,eas,2,adaptive,accept_static_degree,47,1,-1,0.012372000000000001,1000,0.0,495.2765475658644,0.0
l1-n2-identical-w1,zero_commit,1,2,identical,1,eas_k1_adaptive,eas,1,adaptive,accept_id,47,1,0,0.015779,0,28733.155187771168,52565.180824222036,0.5466195442921586
l1-n2-identical-w1,zero_commit,1,2,identical,1,eas_k1_adaptive,eas,1,adaptive,accept_id,47,1,0,0.015779,0.1,28568.979801731282,52018.310445276744,0.5492100677084821
l1-n2-identical-w1,zero_commit,1,2,identical,1,eas_k1_adaptive,eas,1,adaptive,accept_id,47,1,0,0.015779,1,27171.697959405483,47564.68797564688,0.5712577778985409
l1-n2-identical-w1,zero_commit,1,2,identical,1,eas_k1_adaptive,eas,1,adaptive,accept_id,47,1,0,0.015779,10,18247.176249475393,25625.256252562525,0.7120778059595277
l1-n2-identical-w1,zero_commit,1,2,identical,1,eas_k1_adaptive,eas,1,adaptive,accept_id,47,1,0,0.015779,100,4258.889366830917,4565.709693914822,0.9327989846807748
l1-n2-identical-w1,zero_commit,1,2,identical,1,eas_k1_adaptive,eas,1,adaptive,accept_id,47,1,0,0.015779,1000,491.4480664712996,495.2888128125273,0.9922454409591491
l1-n2-identical-w1,zero_commit,1,2,identical,1,eas_k1_adaptive,eas,1,adaptive,accept_static_degree,47,1,0,0.015729,0,28733.155187771168,52427.38806752647,0.5480562020515473
l1-n2-identical-w1,zero_commit,1,2,identical,1,eas_k1_adaptive,eas,1,adaptive,accept_static_degree,47,1,0,0.015729,0.1,28568.979801731282,51883.36619279859,0.5506385166985688
l1-n2-identical-w1,zero_commit,1,2,identical,1,eas_k1_adaptive,eas,1,adaptive,accept_static_degree,47,1,0,0.015729,1,27171.697959405483,47451.836386068135,0.5726163627965112
l1-n2-identical-w1,zero_commit,1,2,identical,1,eas_k1_adaptive,eas,1,adaptive,accept_static_degree,47,1,0,0.015729,10,18247.176249475393,25592.4655781338,0.7129901647720014
l1-n2-identical-w1,zero_commit,1,2,identical,1,eas_k1_adaptive,eas,1,adaptive,accept_static_degree,47,1,0,0.015729,100,4258.889366830917,4564.667646548654,0.9330119291491165
l1-n2-identical-w1,zero_commit,1,2,identical,1,eas_k1_adaptive,eas,1,adaptive,accept_static_degree,47,1,0,0.015729,1000,491.4480664712996,495.2765475658644,0.9922700133624727
l1-n2-identical-w1,zero_commit,1,2,identical,1,eas_k2_adaptive,eas,2,adaptive,accept_id,47,2,-1,0.015660999999999998,0,0.0,56088.39531101015,0.0
l1-n2-identical-w1,zero_commit,1,2,identical,1,eas_k2_adaptive,eas,2,adaptive,accept_id,47,2,-1,0.015660999999999998,0.1,0.0,55466.19335515003,0.0
l1-n2-identical-w1,zero_commit,1,2,identical,1,eas_k2_adaptive,eas,2,adaptive,accept_id,47,2,-1,0.015660999999999998,1,0.0,50431.18664582178,0.0
l1-n2-identical-w1,zero_commit,1,2,identical,1,eas_k2_adaptive,eas,2,adaptive,accept_id,47,2,-1,0.015660999999999998,10,0.0,26434.745829918844,0.0
l1-n2-identical-w1,zero_commit,1,2,identical,1,eas_k2_adaptive,eas,2,adaptive,accept_id,47,2,-1,0.015660999999999998,100,0.0,4590.756969916769,0.0
l1-n2-identical-w1,zero_commit,1,2,identical,1,eas_k2_adaptive,eas,2,adaptive,accept_id,47,2,-1,0.015660999999999998,1000,0.0,495.58213307470555,0.0
l1-n2-identical-w1,zero_commit,1,2,identical,1,eas_k2_adaptive,eas,2,adaptive,accept_static_degree,47,2,-1,0.014502999999999999,0,0.0,52667.61468373097,0.0
l1-n2-identical-w1,zero_commit,1,2,identical,1,eas_k2_adaptive,eas,2,adaptive,accept_static_degree,47,2,-1,0.014502999999999999,0.1,0.0,52118.62198363475,0.0
l1-n2-identical-w1,zero_commit,1,2,identical,1,eas_k2_adaptive,eas,2,adaptive,accept_static_degree,47,2,-1,0.014502999999999999,1,0.0,47648.54433697051,0.0
l1-n2-identical-w1,zero_commit,1,2,identical,1,eas_k2_adaptive,eas,2,adaptive,accept_static_degree,47,2,-1,0.014502999999999999,10,0.0,25649.575499525483,0.0
l1-n2-identical-w1,zero_commit,1,2,identical,1,eas_k2_adaptive,eas,2,adaptive,accept_static_degree,47,2,-1,0.014502999999999999,100,0.0,4566.481115317347,0.0
l1-n2-identical-w1,zero_commit,1,2,identical,1,eas_k2_adaptive,eas,2,adaptive,accept_static_degree,47,2,-1,0.014502999999999999,1000,0.0,495.2978894861631,0.0
l1-n2-identical-w1,zero_commit,1,2,identical,1,eas_k1_adaptive,eas,1,adaptive,accept_id,47,2,0,0.014849999999999999,0,30600.69157562961,56088.39531101015,0.5455797301019003
l1-n2-identical-w1,zero_commit,1,2,identical,1,eas_k1_adaptive,eas,1,adaptive,accept_id,47,2,0,0.014849999999999999,0.1,30414.550320873506,55466.19335515003,0.5483439277350285
l1-n2-identical-w1,zero_commit,1,2,identical,1,eas_k1_adaptive,eas,1,adaptive,accept_id,47,2,0,0.014849999999999999,1,28835.894921998904,50431.18664582178,0.5717869604083162
l1-n2-identical-w1,zero_commit,1,2,identical,1,eas_k1_adaptive,eas,1,adaptive,accept_id,47,2,0,0.014849999999999999,10,18982.896410334288,26434.745829918844,0.7181039883065358
l1-n2-identical-w1,zero_commit,1,2,identical,1,eas_k1_adaptive,eas,1,adaptive,accept_id,47,2,0,0.014849999999999999,100,4297.766450775532,4590.756969916769,0.9361781682059834
l1-n2-identical-w1,zero_commit,1,2,identical,1,eas_k1_adaptive,eas,1,adaptive,accept_id,47,2,0,0.014849999999999999,1000,491.96159354231537,495.58213307470555,0.9926943703358967
l1-n2-identical-w1,zero_commit,1,2,identical,1,eas_k1_adaptive,eas,1,adaptive,accept_static_degree,47,2,0,0.013692,0,30600.69157562961,52667.61468373097,0.5810153309464795
l1-n2-identical-w1,zero_commit,1,2,identical,1,eas_k1_adaptive,eas,1,adaptive,accept_static_degree,47,2,0,0.013692,0.1,30414.550320873506,52118.62198363475,0.5835639770066
l1-n2-identical-w1,zero_commit,1,2,identical,1,eas_k1_adaptive,eas,1,adaptive,accept_static_degree,47,2,0,0.013692,1,28835.894921998904,47648.54433697051,0.605178926727991
l1-n2-identical-w1,zero_commit,1,2,identical,1,eas_k1_adaptive,eas,1,adaptive,accept_static_degree,47,2,0,0.013692,10,18982.896410334288,25649.575499525483,0.7400861823497029
l1-n2-identical-w1,zero_commit,1,2,identical,1,eas_k1_adaptive,eas,1,adaptive,accept_static_degree,47,2,0,0.013692,100,4297.766450775532,4566.481115317347,0.9411549817559816
l1-n2-identical-w1,zero_commit,1,2,identical,1,eas_k1_adaptive,eas,1,adaptive,accept_static_degree,47,2,0,0.013692,1000,491.96159354231537,495.2978894861631,0.9932640618612186
l1-n2-identical-w1,zero_commit,1,2,identical,1,eas_k2_adaptive,eas,2,adaptive,accept_id,47,3,-1,0.012244999999999999,0,0.0,54800.52608505041,0.0
l1-n2-identical-w1,zero_commit,1,2,identical,1,eas_k2_adaptive,eas,2,adaptive,accept_id,47,3,-1,0.012244999999999999,0.1,0.0,54206.41803989593,0.0
l1-n2-identical-w1,zero_commit,1,2,identical,1,eas_k2_adaptive,eas,2,adaptive,accept_id,47,3,-1,0.012244999999999999,1,0.0,49387.593836428285,0.0
l1-n2-identical-w1,zero_commit,1,2,identical,1,eas_k2_adaptive,eas,2,adaptive,accept_id,47,3,-1,0.012244999999999999,10,0.0,26145.157916753815,0.0
l1-n2-identical-w1,zero_commit,1,2,identical,1,eas_k2_adaptive,eas,2,adaptive,accept_id,47,3,-1,0.012244999999999999,100,0.0,4581.943477145266,0.0
l1-n2-identical-w1,zero_commit,1,2,identical,1,eas_k2_adaptive,eas,2,adaptive,accept_id,47,3,-1,0.012244999999999999,1000,0.0,495.47924734720414,0.0
l1-n2-identical-w1,zero_commit,1,2,identical,1,eas_k2_adaptive,eas,2,adaptive,accept_static_degree,47,3,-1,0.010009999999999998,0,0.0,48820.97349021139,0.0
l1-n2-identical-w1,zero_commit,1,2,identical,1,eas_k2_adaptive,eas,2,adaptive,accept_static_degree,47,3,-1,0.010009999999999998,0.1,0.0,48348.88555818788,0.0
l1-n2-identical-w1,zero_commit,1,2,identical,1,eas_k2_adaptive,eas,2,adaptive,accept_static_degree,47,3,-1,0.010009999999999998,1,0.0,44478.05008228439,0.0
l1-n2-identical-w1,zero_commit,1,2,identical,1,eas_k2_adaptive,eas,2,adaptive,accept_static_degree,47,3,-1,0.010009999999999998,10,0.0,24701.72665069288,0.0
l1-n2-identical-w1,zero_commit,1,2,identical,1,eas_k2_adaptive,eas,2,adaptive,accept_static_degree,47,3,-1,0.010009999999999998,100,0.0,4535.497067801145,0.0
l1-n2-identical-w1,zero_commit,1,2,identical,1,eas_k2_adaptive,eas,2,adaptive,accept_static_degree,47,3,-1,0.010009999999999998,1000,0.0,494.9311624992638,0.0
l1-n2-identical-w1,zero_commit,1,2,identical,1,eas_k1_adaptive,eas,1,adaptive,accept_id,47,3,0,0.010754,0,34480.380663402524,54800.52608505041,0.6291979863457693
l1-n2-identical-w1,zero_commit,1,2,identical,1,eas_k1_adaptive,eas,1,adaptive,accept_id,47,3,0,0.010754,0.1,34244.22984727073,54206.41803989593,0.6317375522224504
l1-n2-identical-w1,zero_commit,1,2,identical,1,eas_k1_adaptive,eas,1,adaptive,accept_id,47,3,0,0.010754,1,32255.983484936452,49387.593836428285,0.6531191536029933
l1-n2-identical-w1,zero_commit,1,2,identical,1,eas_k1_adaptive,eas,1,adaptive,accept_id,47,3,0,0.010754,10,20407.330313048446,26145.157916753815,0.780539569813477
l1-n2-identical-w1,zero_commit,1,2,identical,1,eas_k1_adaptive,eas,1,adaptive,accept_id,47,3,0,0.010754,100,4366.774089309263,4581.943477145266,0.953039711443568
l1-n2-identical-w1,zero_commit,1,2,identical,1,eas_k1_adaptive,eas,1,adaptive,accept_id,47,3,0,0.010754,1000,492.8531366652176,495.47924734720414,0.994699857368302
l1-n2-identical-w1,zero_commit,1,2,identical,1,eas_k1_adaptive,eas,1,adaptive,accept_static_degree,47,3,0,0.008518999999999999,0,34480.380663402524,48820.97349021139,0.7062616371284739
l1-n2-identical-w1,zero_commit,1,2,identical,1,eas_k1_adaptive,eas,1,adaptive,accept_static_degree,47,3,0,0.008518999999999999,0.1,34244.22984727073,48348.88555818788,0.7082734059311007
l1-n2-identical-w1,zero_commit,1,2,identical,1,eas_k1_adaptive,eas,1,adaptive,accept_static_degree,47,3,0,0.008518999999999999,1,32255.983484936452,44478.05008228439,0.7252112766918263
l1-n2-identical-w1,zero_commit,1,2,identical,1,eas_k1_adaptive,eas,1,adaptive,accept_static_degree,47,3,0,0.008518999999999999,10,20407.330313048446,24701.72665069288,0.8261499530631403
l1-n2-identical-w1,zero_commit,1,2,identical,1,eas_k1_adaptive,eas,1,adaptive,accept_static_degree,47,3,0,0.008518999999999999,100,4366.774089309263,4535.497067801145,0.9627994515331744
l1-n2-identical-w1,zero_commit,1,2,identical,1,eas_k1_adaptive,eas,1,adaptive,accept_static_degree,47,3,0,0.008518999999999999,1000,492.8531366652176,494.9311624992638,0.9958013841287489
l1-n2-identical-w1,zero_commit,1,2,identical,1,eas_k2_adaptive,eas,2,adaptive,accept_id,71,1,-1,0.017418000000000003,0,0.0,62747.06657463764,0.0
l1-n2-identical-w1,zero_commit,1,2,identical,1,eas_k2_adaptive,eas,2,adaptive,accept_id,71,1,-1,0.017418000000000003,0.1,0.0,61969.38712276136,0.0
l1-n2-identical-w1,zero_commit,1,2,identical,1,eas_k2_adaptive,eas,2,adaptive,accept_id,71,1,-1,0.017418000000000003,1,0.0,55750.68294586608,0.0
l1-n2-identical-w1,zero_commit,1,2,identical,1,eas_k2_adaptive,eas,2,adaptive,accept_id,71,1,-1,0.017418000000000003,10,0.0,27826.474107465845,0.0
l1-n2-identical-w1,zero_commit,1,2,identical,1,eas_k2_adaptive,eas,2,adaptive,accept_id,71,1,-1,0.017418000000000003,100,0.0,4630.980332226529,0.0
l1-n2-identical-w1,zero_commit,1,2,identical,1,eas_k2_adaptive,eas,2,adaptive,accept_id,71,1,-1,0.017418000000000003,1000,0.0,496.04724750823067,0.0
l1-n2-identical-w1,zero_commit,1,2,identical,1,eas_k2_adaptive,eas,2,adaptive,accept_static_degree,71,1,-1,0.015665000000000002,0,0.0,56529.112492933855,0.0
l1-n2-identical-w1,zero_commit,1,2,identical,1,eas_k2_adaptive,eas,2,adaptive,accept_static_degree,71,1,-1,0.015665000000000002,0.1,0.0,55897.149245388486,0.0
l1-n2-identical-w1,zero_commit,1,2,identical,1,eas_k2_adaptive,eas,2,adaptive,accept_static_degree,71,1,-1,0.015665000000000002,1,0.0,50787.20162519046,0.0
l1-n2-identical-w1,zero_commit,1,2,identical,1,eas_k2_adaptive,eas,2,adaptive,accept_static_degree,71,1,-1,0.015665000000000002,10,0.0,26532.236667551075,0.0
l1-n2-identical-w1,zero_commit,1,2,identical,1,eas_k2_adaptive,eas,2,adaptive,accept_static_degree,71,1,-1,0.015665000000000002,100,0.0,4593.688272313841,0.0
l1-n2-identical-w1,zero_commit,1,2,identical,1,eas_k2_adaptive,eas,2,adaptive,accept_static_degree,71,1,-1,0.015665000000000002,1000,0.0,495.6162740559749,0.0
l1-n2-identical-w1,zero_commit,1,2,identical,1,eas_k1_adaptive,eas,1,adaptive,accept_id,71,1,0,0.016942,0,30414.550320873506,62747.06657463764,0.48471668846376104
l1-n2-identical-w1,zero_commit,1,2,identical,1,eas_k1_adaptive,eas,1,adaptive,accept_id,71,1,0,0.016942,0.1,30230.65993530639,61969.38712276136,0.48783215937603913
l1-n2-identical-w1,zero_commit,1,2,identical,1,eas_k1_adaptive,eas,1,adaptive,accept_id,71,1,0,0.016942,1,28670.546747326473,55750.68294586608,0.514263597006795
l1-n2-identical-w1,zero_commit,1,2,identical,1,eas_k1_adaptive,eas,1,adaptive,accept_id,71,1,0,0.016942,10,18911.098923958474,27826.474107465845,0.6796081620302956
l1-n2-identical-w1,zero_commit,1,2,identical,1,eas_k1_adaptive,eas,1,adaptive,accept_id,71,1,0,0.016942,100,4294.075464082206,4630.980332226529,0.9272497734875194
l1-n2-identical-w1,zero_commit,1,2,identical,1,eas_k1_adaptive,eas,1,adaptive,accept_id,71,1,0,0.016942,1000,491.91319306264666,496.04724750823067,0.9916660066831327
l1-n2-identical-w1,zero_commit,1,2,identical,1,eas_k1_adaptive,eas,1,adaptive,accept_static_degree,71,1,0,0.015188999999999998,0,30414.550320873506,56529.112492933855,0.5380333951762524
l1-n2-identical-w1,zero_commit,1,2,identical,1,eas_k1_adaptive,eas,1,adaptive,accept_static_degree,71,1,0,0.015188999999999998,0.1,30230.65993530639,55897.149245388486,0.5408265062426313
l1-n2-identical-w1,zero_commit,1,2,identical,1,eas_k1_adaptive,eas,1,adaptive,accept_static_degree,71,1,0,0.015188999999999998,1,28670.546747326473,50787.20162519046,0.5645230654548582
l1-n2-identical-w1,zero_commit,1,2,identical,1,eas_k1_adaptive,eas,1,adaptive,accept_static_degree,71,1,0,0.015188999999999998,10,18911.098923958474,26532.236667551075,0.7127593184439949
l1-n2-identical-w1,zero_commit,1,2,identical,1,eas_k1_adaptive,eas,1,adaptive,accept_static_degree,71,1,0,0.015188999999999998,100,4294.075464082206,4593.688272313841,0.9347772877760555
l1-n2-identical-w1,zero_commit,1,2,identical,1,eas_k1_adaptive,eas,1,adaptive,accept_static_degree,71,1,0,0.015188999999999998,1000,491.91319306264666,495.6162740559749,0.9925283305105715
l1-n2-identical-w1,zero_commit,1,2,identical,1,eas_k1_adaptive,eas,1,adaptive,accept_id,71,2,0,0.012974,0,31400.131880553898,52985.74683410162,0.5926146889816938
l1-n2-identical-w1,zero_commit,1,2,identical,1,eas_k1_adaptive,eas,1,adaptive,accept_id,71,2,0,0.012974,0.1,31204.16887696196,52430.13684265716,0.5951571129902955
l1-n2-identical-w1,zero_commit,1,2,identical,1,eas_k1_adaptive,eas,1,adaptive,accept_id,71,2,0,0.012974,1,29544.715927556354,47908.78167968188,0.6166868555558839
l1-n2-identical-w1,zero_commit,1,2,identical,1,eas_k1_adaptive,eas,1,adaptive,accept_id,71,2,0,0.012974,10,19287.519046425055,25724.79613099066,0.7497637278916812
l1-n2-identical-w1,zero_commit,1,2,identical,1,eas_k1_adaptive,eas,1,adaptive,accept_id,71,2,0,0.012974,100,4313.189301565256,4568.85956696349,0.9440406820014924
l1-n2-identical-w1,zero_commit,1,2,identical,1,eas_k1_adaptive,eas,1,adaptive,accept_id,71,2,0,0.012974,1000,492.1630418038366,495.325857545274,0.9936146766956371
l1-n2-identical-w1,zero_commit,1,2,identical,1,eas_k1_adaptive,eas,1,adaptive,accept_static_degree,71,2,0,0.013151,0,31400.131880553898,53487.376979032946,0.5870568656388357
l1-n2-identical-w1,zero_commit,1,2,identical,1,eas_k1_adaptive,eas,1,adaptive,accept_static_degree,71,2,0,0.013151,0.1,31204.16887696196,52921.25317527519,0.5896339750990732
l1-n2-identical-w1,zero_commit,1,2,identical,1,eas_k1_adaptive,eas,1,adaptive,accept_static_degree,71,2,0,0.013151,1,29544.715927556354,48318.51565519907,0.6114574408367063
l1-n2-identical-w1,zero_commit,1,2,identical,1,eas_k1_adaptive,eas,1,adaptive,accept_static_degree,71,2,0,0.013151,10,19287.519046425055,25842.464337399215,0.746349837020464
l1-n2-identical-w1,zero_commit,1,2,identical,1,eas_k1_adaptive,eas,1,adaptive,accept_static_degree,71,2,0,0.013151,100,4313.189301565256,4572.557339869042,0.9432772474951151
l1-n2-identical-w1,zero_commit,1,2,identical,1,eas_k1_adaptive,eas,1,adaptive,accept_static_degree,71,2,0,0.013151,1000,492.1630418038366,495.3692878967413,0.9935275638372377
l1-n2-identical-w1,zero_commit,1,2,identical,1,eas_k2_adaptive,eas,2,adaptive,accept_id,71,2,-1,0.014528,0,0.0,52985.74683410162,0.0
l1-n2-identical-w1,zero_commit,1,2,identical,1,eas_k2_adaptive,eas,2,adaptive,accept_id,71,2,-1,0.014528,0.1,0.0,52430.13684265716,0.0
l1-n2-identical-w1,zero_commit,1,2,identical,1,eas_k2_adaptive,eas,2,adaptive,accept_id,71,2,-1,0.014528,1,0.0,47908.78167968188,0.0
l1-n2-identical-w1,zero_commit,1,2,identical,1,eas_k2_adaptive,eas,2,adaptive,accept_id,71,2,-1,0.014528,10,0.0,25724.79613099066,0.0
l1-n2-identical-w1,zero_commit,1,2,identical,1,eas_k2_adaptive,eas,2,adaptive,accept_id,71,2,-1,0.014528,100,0.0,4568.85956696349,0.0
l1-n2-identical-w1,zero_commit,1,2,identical,1,eas_k2_adaptive,eas,2,adaptive,accept_id,71,2,-1,0.014528,1000,0.0,495.325857545274,0.0
l1-n2-identical-w1,zero_commit,1,2,identical,1,eas_k2_adaptive,eas,2,adaptive,accept_static_degree,71,2,-1,0.014705,0,0.0,53487.376979032946,0.0
l1-n2-identical-w1,zero_commit,1,2,identical,1,eas_k2_adaptive,eas,2,adaptive,accept_static_degree,71,2,-1,0.014705,0.1,0.0,52921.25317527519,0.0
l1-n2-identical-w1,zero_commit,1,2,identical,1,eas_k2_adaptive,eas,2,adaptive,accept_static_degree,71,2,-1,0.014705,1,0.0,48318.51565519907,0.0
l1-n2-identical-w1,zero_commit,1,2,identical,1,eas_k2_adaptive,eas,2,adaptive,accept_static_degree,71,2,-1,0.014705,10,0.0,25842.464337399215,0.0
l1-n2-identical-w1,zero_commit,1,2,identical,1,eas_k2_adaptive,eas,2,adaptive,accept_static_degree,71,2,-1,0.014705,100,0.0,4572.557339869042,0.0
l1-n2-identical-w1,zero_commit,1,2,identical,1,eas_k2_adaptive,eas,2,adaptive,accept_static_degree,71,2,-1,0.014705,1000,0.0,495.3692878967413,0.0
l1-n2-identical-w1,zero_commit,1,2,identical,1,eas_k1_adaptive,eas,1,adaptive,accept_id,71,3,0,0.014274000000000002,0,32362.459546925566,60146.75808973897,0.5380582524271844
l1-n2-identical-w1,zero_commit,1,2,identical,1,eas_k1_adaptive,eas,1,adaptive,accept_id,71,3,0,0.014274000000000002,0.1,32154.340836012863,59431.83168905267,0.5410289389067523
l1-n2-identical-w1,zero_commit,1,2,identical,1,eas_k1_adaptive,eas,1,adaptive,accept_id,71,3,0,0.014274000000000002,1,30395.136778115502,53688.39256952648,0.5661398176291792
l1-n2-identical-w1,zero_commit,1,2,identical,1,eas_k1_adaptive,eas,1,adaptive,accept_id,71,3,0,0.014274000000000002,10,19646.365422396855,27303.00879156883,0.7195677799607072
l1-n2-identical-w1,zero_commit,1,2,identical,1,eas_k1_adaptive,eas,1,adaptive,accept_id,71,3,0,0.014274000000000002,100,4330.8791684712,4616.251050197114,0.9381810307492421
l1-n2-identical-w1,zero_commit,1,2,identical,1,eas_k1_adaptive,eas,1,adaptive,accept_id,71,3,0,0.014274000000000002,1000,492.39253532916445,495.87776811367104,0.9929715889507116
l1-n2-identical-w1,zero_commit,1,2,identical,1,eas_k1_adaptive,eas,1,adaptive,accept_static_degree,71,3,0,0.012310000000000001,0,32362.459546925566,53792.36148466918,0.6016181229773463
l1-n2-identical-w1,zero_commit,1,2,identical,1,eas_k1_adaptive,eas,1,adaptive,accept_static_degree,71,3,0,0.012310000000000001,0.1,32154.340836012863,53219.797764768504,0.6041800643086815
l1-n2-identical-w1,zero_commit,1,2,identical,1,eas_k1_adaptive,eas,1,adaptive,accept_static_degree,71,3,0,0.012310000000000001,1,30395.136778115502,48567.26566294318,0.6258358662613981
l1-n2-identical-w1,zero_commit,1,2,identical,1,eas_k1_adaptive,eas,1,adaptive,accept_static_degree,71,3,0,0.012310000000000001,10,19646.365422396855,25913.449080072558,0.7581532416502946
l1-n2-identical-w1,zero_commit,1,2,identical,1,eas_k1_adaptive,eas,1,adaptive,accept_static_degree,71,3,0,0.012310000000000001,100,4330.8791684712,4574.774692346402,0.9466868774361196
l1-n2-identical-w1,zero_commit,1,2,identical,1,eas_k1_adaptive,eas,1,adaptive,accept_static_degree,71,3,0,0.012310000000000001,1000,492.39253532916445,495.39530068017774,0.9939386478900981
l1-n2-identical-w1,zero_commit,1,2,identical,1,eas_k2_adaptive,eas,2,adaptive,accept_id,71,3,-1,0.013856,0,0.0,60146.75808973897,0.0
l1-n2-identical-w1,zero_commit,1,2,identical,1,eas_k2_adaptive,eas,2,adaptive,accept_id,71,3,-1,0.013856,0.1,0.0,59431.83168905267,0.0
l1-n2-identical-w1,zero_commit,1,2,identical,1,eas_k2_adaptive,eas,2,adaptive,accept_id,71,3,-1,0.013856,1,0.0,53688.39256952648,0.0
l1-n2-identical-w1,zero_commit,1,2,identical,1,eas_k2_adaptive,eas,2,adaptive,accept_id,71,3,-1,0.013856,10,0.0,27303.00879156883,0.0
l1-n2-identical-w1,zero_commit,1,2,identical,1,eas_k2_adaptive,eas,2,adaptive,accept_id,71,3,-1,0.013856,100,0.0,4616.251050197114,0.0
l1-n2-identical-w1,zero_commit,1,2,identical,1,eas_k2_adaptive,eas,2,adaptive,accept_id,71,3,-1,0.013856,1000,0.0,495.87776811367104,0.0
l1-n2-identical-w1,zero_commit,1,2,identical,1,eas_k2_adaptive,eas,2,adaptive,accept_static_degree,71,3,-1,0.011892,0,0.0,53792.36148466918,0.0
l1-n2-identical-w1,zero_commit,1,2,identical,1,eas_k2_adaptive,eas,2,adaptive,accept_static_degree,71,3,-1,0.011892,0.1,0.0,53219.797764768504,0.0
l1-n2-identical-w1,zero_commit,1,2,identical,1,eas_k2_adaptive,eas,2,adaptive,accept_static_degree,71,3,-1,0.011892,1,0.0,48567.26566294318,0.0
l1-n2-identical-w1,zero_commit,1,2,identical,1,eas_k2_adaptive,eas,2,adaptive,accept_static_degree,71,3,-1,0.011892,10,0.0,25913.449080072558,0.0
l1-n2-identical-w1,zero_commit,1,2,identical,1,eas_k2_adaptive,eas,2,adaptive,accept_static_degree,71,3,-1,0.011892,100,0.0,4574.774692346402,0.0
l1-n2-identical-w1,zero_commit,1,2,identical,1,eas_k2_adaptive,eas,2,adaptive,accept_static_degree,71,3,-1,0.011892,1000,0.0,495.39530068017774,0.0
l1-n2-identical-w1,zero_commit,1,2,identical,1,eas_k1_adaptive,eas,1,adaptive,accept_id,101,1,0,0.015985,0,29087.524360801654,54365.5539849951,0.5350359230925856
l1-n2-identical-w1,zero_commit,1,2,identical,1,eas_k1_adaptive,eas,1,adaptive,accept_id,101,1,0,0.015985,0.1,28919.286272014808,53780.78950198989,0.5377252089418433
l1-n2-identical-w1,zero_commit,1,2,identical,1,eas_k1_adaptive,eas,1,adaptive,accept_id,101,1,0,0.015985,1,27488.38615684873,49034.02961655388,0.560598147282773
l1-n2-identical-w1,zero_commit,1,2,identical,1,eas_k1_adaptive,eas,1,adaptive,accept_id,101,1,0,0.015985,10,18389.451810441533,26045.736312965568,0.7060446128100922
l1-n2-identical-w1,zero_commit,1,2,identical,1,eas_k1_adaptive,eas,1,adaptive,accept_id,101,1,0,0.015985,100,4266.593850131624,4578.880372171397,0.9317984973056459
l1-n2-identical-w1,zero_commit,1,2,identical,1,eas_k1_adaptive,eas,1,adaptive,accept_id,101,1,0,0.015985,1000,491.55049280394655,495.4434069859503,0.9921425653725288
l1-n2-identical-w1,zero_commit,1,2,identical,1,eas_k1_adaptive,eas,1,adaptive,accept_static_degree,101,1,0,0.015847,0,29087.524360801654,53960.71659831642,0.5390500014543763
l1-n2-identical-w1,zero_commit,1,2,identical,1,eas_k1_adaptive,eas,1,adaptive,accept_static_degree,101,1,0,0.015847,0.1,28919.286272014808,53384.5825325646,0.5417160704473813
l1-n2-identical-w1,zero_commit,1,2,identical,1,eas_k1_adaptive,eas,1,adaptive,accept_static_degree,101,1,0,0.015847,1,27488.38615684873,48704.4613286577,0.5643915445724181
l1-n2-identical-w1,zero_commit,1,2,identical,1,eas_k1_adaptive,eas,1,adaptive,accept_static_degree,101,1,0,0.015847,10,18389.451810441533,25952.455102252676,0.7085823571599331
l1-n2-identical-w1,zero_commit,1,2,identical,1,eas_k1_adaptive,eas,1,adaptive,accept_static_degree,101,1,0,0.015847,100,4266.593850131624,4575.988871195065,0.9323872872569641
l1-n2-identical-w1,zero_commit,1,2,identical,1,eas_k1_adaptive,eas,1,adaptive,accept_static_degree,101,1,0,0.015847,1000,491.55049280394655,495.4095352464068,0.9922103993405359
l1-n2-identical-w1,zero_commit,1,2,identical,1,eas_k2_adaptive,eas,2,adaptive,accept_id,101,1,-1,0.015310999999999998,0,0.0,54365.5539849951,0.0
l1-n2-identical-w1,zero_commit,1,2,identical,1,eas_k2_adaptive,eas,2,adaptive,accept_id,101,1,-1,0.015310999999999998,0.1,0.0,53780.78950198989,0.0
l1-n2-identical-w1,zero_commit,1,2,identical,1,eas_k2_adaptive,eas,2,adaptive,accept_id,101,1,-1,0.015310999999999998,1,0.0,49034.02961655388,0.0
l1-n2-identical-w1,zero_commit,1,2,identical,1,eas_k2_adaptive,eas,2,adaptive,accept_id,101,1,-1,0.015310999999999998,10,0.0,26045.736312965568,0.0
l1-n2-identical-w1,zero_commit,1,2,identical,1,eas_k2_adaptive,eas,2,adaptive,accept_id,101,1,-1,0.015310999999999998,100,0.0,4578.880372171397,0.0
l1-n2-identical-w1,zero_commit,1,2,identical,1,eas_k2_adaptive,eas,2,adaptive,accept_id,101,1,-1,0.015310999999999998,1000,0.0,495.4434069859503,0.0
l1-n2-identical-w1,zero_commit,1,2,identical,1,eas_k2_adaptive,eas,2,adaptive,accept_static_degree,101,1,-1,0.015172999999999999,0,0.0,53960.71659831642,0.0
l1-n2-identical-w1,zero_commit,1,2,identical,1,eas_k2_adaptive,eas,2,adaptive,accept_static_degree,101,1,-1,0.015172999999999999,0.1,0.0,53384.5825325646,0.0
l1-n2-identical-w1,zero_commit,1,2,identical,1,eas_k2_adaptive,eas,2,adaptive,accept_static_degree,101,1,-1,0.015172999999999999,1,0.0,48704.4613286577,0.0
l1-n2-identical-w1,zero_commit,1,2,identical,1,eas_k2_adaptive,eas,2,adaptive,accept_static_degree,101,1,-1,0.015172999999999999,10,0.0,25952.455102252676,0.0
l1-n2-identical-w1,zero_commit,1,2,identical,1,eas_k2_adaptive,eas,2,adaptive,accept_static_degree,101,1,-1,0.015172999999999999,100,0.0,4575.988871195065,0.0
l1-n2-identical-w1,zero_commit,1,2,identical,1,eas_k2_adaptive,eas,2,adaptive,accept_static_degree,101,1,-1,0.015172999999999999,1000,0.0,495.4095352464068,0.0
l1-n2-identical-w1,zero_commit,1,2,identical,1,eas_k2_adaptive,eas,2,adaptive,accept_id,101,2,-1,0.013495999999999998,0,0.0,54209.35653493793,0.0
l1-n2-identical-w1,zero_commit,1,2,identical,1,eas_k2_adaptive,eas,2,adaptive,accept_id,101,2,-1,0.013495999999999998,0.1,0.0,53627.92942564488,0.0
l1-n2-identical-w1,zero_commit,1,2,identical,1,eas_k2_adaptive,eas,2,adaptive,accept_id,101,2,-1,0.013495999999999998,1,0.0,48906.93011199687,0.0
l1-n2-identical-w1,zero_commit,1,2,identical,1,eas_k2_adaptive,eas,2,adaptive,accept_id,101,2,-1,0.013495999999999998,10,0.0,26009.831716388795,0.0
l1-n2-identical-w1,zero_commit,1,2,identical,1,eas_k2_adaptive,eas,2,adaptive,accept_id,101,2,-1,0.013495999999999998,100,0.0,4577.769436064583,0.0
l1-n2-identical-w1,zero_commit,1,2,identical,1,eas_k2_adaptive,eas,2,adaptive,accept_id,101,2,-1,0.013495999999999998,1000,0.0,495.43039772656897,0.0
l1-n2-identical-w1,zero_commit,1,2,identical,1,eas_k2_adaptive,eas,2,adaptive,accept_static_degree,101,2,-1,0.012901,0,0.0,52515.4920701607,0.0
l1-n2-identical-w1,zero_commit,1,2,identical,1,eas_k2_adaptive,eas,2,adaptive,accept_static_degree,101,2,-1,0.012901,0.1,0.0,51969.64972456086,0.0
l1-n2-identical-w1,zero_commit,1,2,identical,1,eas_k2_adaptive,eas,2,adaptive,accept_static_degree,101,2,-1,0.012901,1,0.0,47523.999619808004,0.0
l1-n2-identical-w1,zero_commit,1,2,identical,1,eas_k2_adaptive,eas,2,adaptive,accept_static_degree,101,2,-1,0.012901,10,0.0,25613.441934327133,0.0
l1-n2-identical-w1,zero_commit,1,2,identical,1,eas_k2_adaptive,eas,2,adaptive,accept_static_degree,101,2,-1,0.012901,100,0.0,4565.334502058966,0.0
l1-n2-identical-w1,zero_commit,1,2,identical,1,eas_k2_adaptive,eas,2,adaptive,accept_static_degree,101,2,-1,0.012901,1000,0.0,495.2843972537471,0.0
l1-n2-identical-w1,zero_commit,1,2,identical,1,eas_k1_adaptive,eas,1,adaptive,accept_id,101,2,0,0.014627999999999999,0,30234.315948601663,54209.35653493793,0.5577324263038549
l1-n2-identical-w1,zero_commit,1,2,identical,1,eas_k1_adaptive,eas,1,adaptive,accept_id,101,2,0,0.014627999999999999,0.1,30052.59203606311,53627.92942564488,0.5603906836964688
l1-n2-identical-w1,zero_commit,1,2,identical,1,eas_k1_adaptive,eas,1,adaptive,accept_id,101,2,0,0.014627999999999999,1,28510.334996436206,48906.93011199687,0.582950819672131
l1-n2-identical-w1,zero_commit,1,2,identical,1,eas_k1_adaptive,eas,1,adaptive,accept_id,101,2,0,0.014627999999999999,10,18841.262364578426,26009.831716388795,0.7243900141309467
l1-n2-identical-w1,zero_commit,1,2,identical,1,eas_k1_adaptive,eas,1,adaptive,accept_id,101,2,0,0.014627999999999999,100,4290.46444277593,4577.769436064583,0.9372390861310738
l1-n2-identical-w1,zero_commit,1,2,identical,1,eas_k1_adaptive,eas,1,adaptive,accept_id,101,2,0,0.014627999999999999,1000,491.865769831413,495.43039772656897,0.9928049875189061
l1-n2-identical-w1,zero_commit,1,2,identical,1,eas_k1_adaptive,eas,1,adaptive,accept_static_degree,101,2,0,0.014033,0,30234.315948601663,52515.4920701607,0.5757218442932729
l1-n2-identical-w1,zero_commit,1,2,identical,1,eas_k1_adaptive,eas,1,adaptive,accept_static_degree,101,2,0,0.014033,0.1,30052.59203606311,51969.64972456086,0.5782719759579263
l1-n2-identical-w1,zero_commit,1,2,identical,1,eas_k1_adaptive,eas,1,adaptive,accept_static_degree,101,2,0,0.014033,1,28510.334996436206,47523.999619808004,0.5999144689950107
l1-n2-identical-w1,zero_commit,1,2,identical,1,eas_k1_adaptive,eas,1,adaptive,accept_static_degree,101,2,0,0.014033,10,18841.262364578426,25613.441934327133,0.735600565237871
l1-n2-identical-w1,zero_commit,1,2,identical,1,eas_k1_adaptive,eas,1,adaptive,accept_static_degree,101,2,0,0.014033,100,4290.46444277593,4565.334502058966,0.9397919124745253
l1-n2-identical-w1,zero_commit,1,2,identical,1,eas_k1_adaptive,eas,1,adaptive,accept_static_degree,101,2,0,0.014033,1000,491.865769831413,495.2843972537471,0.9930976476519557
l1-n2-identical-w1,zero_commit,1,2,identical,1,eas_k1_adaptive,eas,1,adaptive,accept_id,101,3,0,0.013104999999999999,0,33190.61369444721,58740.6015037594,0.5650370075342693
l1-n2-identical-w1,zero_commit,1,2,identical,1,eas_k1_adaptive,eas,1,adaptive,accept_id,101,3,0,0.013104999999999999,0.1,32971.743216063835,58058.52299117511,0.5679053051534835
l1-n2-identical-w1,zero_commit,1,2,identical,1,eas_k1_adaptive,eas,1,adaptive,accept_id,101,3,0,0.013104999999999999,1,31124.529241495224,52565.180824222036,0.5921130442902052
l1-n2-identical-w1,zero_commit,1,2,identical,1,eas_k1_adaptive,eas,1,adaptive,accept_id,101,3,0,0.013104999999999999,10,19948.532785413634,27009.507346585997,0.7385744778471545
l1-n2-identical-w1,zero_commit,1,2,identical,1,eas_k1_adaptive,eas,1,adaptive,accept_id,101,3,0,0.013104999999999999,100,4345.388890578763,4607.785314066647,0.9430536785889655
l1-n2-identical-w1,zero_commit,1,2,identical,1,eas_k1_adaptive,eas,1,adaptive,accept_id,101,3,0,0.013104999999999999,1000,492.57953558616225,495.77992130981085,0.9935447451861434
l1-n2-identical-w1,zero_commit,1,2,identical,1,eas_k1_adaptive,eas,1,adaptive,accept_static_degree,101,3,0,0.011099999999999999,0,33190.61369444721,52551.36896316149,0.631584187991636
l1-n2-identical-w1,zero_commit,1,2,identical,1,eas_k1_adaptive,eas,1,adaptive,accept_static_degree,101,3,0,0.011099999999999999,0.1,32971.743216063835,52004.7844401685,0.6340136503016914
l1-n2-identical-w1,zero_commit,1,2,identical,1,eas_k1_adaptive,eas,1,adaptive,accept_static_degree,101,3,0,0.011099999999999999,1,31124.529241495224,47553.37866755433,0.654517725419403
l1-n2-identical-w1,zero_commit,1,2,identical,1,eas_k1_adaptive,eas,1,adaptive,accept_static_degree,101,3,0,0.011099999999999999,10,19948.532785413634,25621.973404391607,0.7785712860819087
l1-n2-identical-w1,zero_commit,1,2,identical,1,eas_k1_adaptive,eas,1,adaptive,accept_static_degree,101,3,0,0.011099999999999999,100,4345.388890578763,4565.605467769108,0.9517661833145759
l1-n2-identical-w1,zero_commit,1,2,identical,1,eas_k1_adaptive,eas,1,adaptive,accept_static_degree,101,3,0,0.011099999999999999,1000,492.57953558616225,495.2875862605242,0.9945323671549936
l1-n2-identical-w1,zero_commit,1,2,identical,1,eas_k2_adaptive,eas,2,adaptive,accept_id,101,3,-1,0.018711999999999996,0,0.0,58740.6015037594,0.0
l1-n2-identical-w1,zero_commit,1,2,identical,1,eas_k2_adaptive,eas,2,adaptive,accept_id,101,3,-1,0.018711999999999996,0.1,0.0,58058.52299117511,0.0
l1-n2-identical-w1,zero_commit,1,2,identical,1,eas_k2_adaptive,eas,2,adaptive,accept_id,101,3,-1,0.018711999999999996,1,0.0,52565.180824222036,0.0
l1-n2-identical-w1,zero_commit,1,2,identical,1,eas_k2_adaptive,eas,2,adaptive,accept_id,101,3,-1,0.018711999999999996,10,0.0,27009.507346585997,0.0
l1-n2-identical-w1,zero_commit,1,2,identical,1,eas_k2_adaptive,eas,2,adaptive,accept_id,101,3,-1,0.018711999999999996,100,0.0,4607.785314066647,0.0
l1-n2-identical-w1,zero_commit,1,2,identical,1,eas_k2_adaptive,eas,2,adaptive,accept_id,101,3,-1,0.018711999999999996,1000,0.0,495.77992130981085,0.0
l1-n2-identical-w1,zero_commit,1,2,identical,1,eas_k2_adaptive,eas,2,adaptive,accept_static_degree,101,3,-1,0.016706999999999996,0,0.0,52551.36896316149,0.0
l1-n2-identical-w1,zero_commit,1,2,identical,1,eas_k2_adaptive,eas,2,adaptive,accept_static_degree,101,3,-1,0.016706999999999996,0.1,0.0,52004.7844401685,0.0
l1-n2-identical-w1,zero_commit,1,2,identical,1,eas_k2_adaptive,eas,2,adaptive,accept_static_degree,101,3,-1,0.016706999999999996,1,0.0,47553.37866755433,0.0
l1-n2-identical-w1,zero_commit,1,2,identical,1,eas_k2_adaptive,eas,2,adaptive,accept_static_degree,101,3,-1,0.016706999999999996,10,0.0,25621.973404391607,0.0
l1-n2-identical-w1,zero_commit,1,2,identical,1,eas_k2_adaptive,eas,2,adaptive,accept_static_degree,101,3,-1,0.016706999999999996,100,0.0,4565.605467769108,0.0
l1-n2-identical-w1,zero_commit,1,2,identical,1,eas_k2_adaptive,eas,2,adaptive,accept_static_degree,101,3,-1,0.016706999999999996,1000,0.0,495.2875862605242,0.0
